datetime,open,high,low,close,volume,oi
1788407100000,57788,57894,57782,57880,23250,2019990
1788407130000,57880,57910.6,57880,57890,13950,2013060
1788407160000,57880,57954.4,57880,57954.4,17160,2013060
1788407190000,57950.4,57969.8,57950,57960,8130,2020800
1788407220000,57950,57974,57950,57965,11400,2020800
1788407250000,57950,57965.8,57950,57950,4770,2023290
1788407280000,57950,57959.4,57911.2,57938.6,5610,2023290
1788407310000,57924.6,57930,57890,57890,4230,2023440
1788407340000,57887,57890,57866,57876.8,3270,2023440
1788407370000,57893.6,57900,57870,57882.4,2730,2019960
1788407400000,57897.4,57900,57870,57880,4950,2019960
1788407430000,57876.6,57876.6,57850,57854.2,2550,2017230
1788407460000,57865,57889,57859.2,57888.4,4200,2017230
1788407490000,57889.4,57895.6,57880.2,57895.6,1110,2013120
1788407520000,57883.4,57899,57881.2,57899,1080,2013120
1788407550000,57900,57907.6,57899.6,57903.6,2310,2007030
1788407580000,57906.4,57915,57906.4,57915,1050,2007030
1788407610000,57915,57925,57913,57917.6,2340,2001990
1788407640000,57917.8,57923.8,57899.2,57911,6630,2001990
1788407670000,57911.2,57925.8,57902.2,57904,1230,2006130
1788407700000,57909,57910.4,57898.6,57910.4,900,2006130
1788407730000,57910.4,57911,57906,57906,1260,2005800
1788407760000,57910,57913,57907,57909,660,2005800
1788407790000,57909,57909,57880.6,57880.6,600,2005620
1788407820000,57887,57887,57875,57887,480,2005620
1788407850000,57887,57892.8,57880,57880.8,690,2005410
1788407880000,57887,57908,57883,57900.2,1140,2005410
1788407910000,57907,57907,57890.2,57895.2,450,2005320
1788407940000,57895.2,57905,57880.4,57905,540,2005320
1788407970000,57907,57909,57883.8,57900,960,2005290
1788408000000,57900,57915,57900,57913,2430,2005290
1788408030000,57910.4,57915.8,57900,57915,2220,2007690
1788408060000,57918,57920,57913.4,57920,1320,2007690
1788408090000,57920,57920,57900.6,57901.4,480,2007690
1788408120000,57920,57920,57902,57902,270,2007690
1788408150000,57902.6,57923,57902.6,57920,780,2007300
1788408180000,57925.2,57930,57925.2,57928,1740,2007300
1788408210000,57928,57928,57926.6,57927.4,690,2008230
1788408240000,57927.4,57935,57926.6,57935,2040,2008230
1788408270000,57937,57955,57937,57952.6,3780,2008830
1788408300000,57951.2,57952.6,57947.2,57947.2,1050,2008830
1788408330000,57947.2,57947.2,57932.4,57934,360,2009130
1788408360000,57933,57933,57928,57928,1350,2009130
1788408390000,57928,57940,57927.6,57940,540,2009490
1788408420000,57940,57945,57940,57942.6,1500,2009490
1788408450000,57947.2,57952,57947.2,57951.4,1080,2008890
1788408480000,57951.8,57955,57951.8,57955,690,2008890
1788408510000,57954.6,57964.6,57954.6,57964.6,1470,2007750
1788408540000,57964.6,57964.6,57961.8,57961.8,690,2007750
1788408570000,57962.2,57968,57962,57968,2580,2007360
1788408600000,57970,58000,57968.2,57992,12210,2007360
1788408630000,57994.6,58000,57986,57986.2,1770,2005830
1788408660000,57998.8,58000,57986.2,58000,1290,2005830
1788408690000,57998.4,58000,57992,57998.8,1230,2005710
1788408720000,57998.8,58000,57990,57993.2,1800,2005710
1788408750000,57994.8,58000,57994.8,57997.6,3810,2005260
1788408780000,58000,58000,57999,57999,1140,2005260
1788408810000,58000,58020,57996.2,58015.4,5850,2004270
1788408840000,58020,58028,58020,58025.6,2610,2004270
1788408870000,58027.8,58030,58005.4,58021.8,3480,2001270
1788408900000,58012.2,58042,58007.4,58030,7620,2001270
1788408930000,58031.2,58042,58030,58032.6,2610,2004960
1788408960000,58039.8,58040.6,58030,58031,1950,2004960
1788408990000,58031,58039,58025,58032,810,2005770
1788409020000,58031.2,58040,58025,58040,1680,2005770
1788409050000,58040,58050,58036.6,58050,2730,2004720
1788409080000,58050,58050,58043,58050,4890,2004720
1788409110000,58050,58050,58030,58040.2,1710,2002500
1788409140000,58040.6,58042.4,58025,58025.2,1230,2002500
1788409170000,58029.6,58030,58025,58025.2,1320,2003700
1788409200000,58025,58025.2,58010.2,58010.2,2250,2003700
1788409230000,58010,58010,58000,58000.2,1200,2004960
1788409260000,58010,58016,58000.2,58012.4,480,2004960
1788409290000,58016,58030.2,58016,58029.8,1230,2004360
1788409320000,58029.8,58038,58029.8,58033.8,960,2004360
1788409350000,58033.8,58038,58033.8,58038,270,2004090
1788409380000,58035.2,58037,58029,58029,900,2004090
1788409410000,58025,58025,58015,58015.4,300,2004990
1788409440000,58015.4,58015.4,58009,58009,390,2004990
1788409470000,58009,58009.2,57993,57993,1320,2005080
1788409500000,57993,58000,57992.8,57993,1170,2005080
1788409530000,57993,57994,57988.4,57988.4,1200,2004630
1788409560000,57990,58000.8,57990,57997.2,1740,2004630
1788409590000,57997.2,58000,57981.6,57982,570,2004000
1788409620000,57982.6,58000.2,57982.6,57987.6,360,2004000
1788409650000,57987.8,58005,57987.8,58005,330,2004030
1788409680000,57988.4,58010,57982.8,57982.8,480,2004030
1788409710000,58005,58005,57982.6,57982.6,390,2004150
1788409740000,57982.6,58000,57982.6,58000,180,2004150
1788409770000,58000,58000,57986,57993.8,240,2004210
1788409800000,57993.8,58009,57993.8,58009,2220,2004210
1788409830000,58009,58011,57999.2,58011,840,2002980
1788409860000,58011,58015,58007.2,58012.8,1560,2002980
1788409890000,58015,58025,58012.8,58025,1080,2002740
1788409920000,58016,58029.8,58016,58020.4,330,2002740
1788409950000,58029,58029,58024.8,58024.8,510,2003100
1788409980000,58024.8,58029,58024.8,58027.2,450,2003100
1788410010000,58027.2,58027.2,58010,58027.2,390,2003400
1788410040000,58027.2,58027.2,58016.2,58016.2,150,2003400
1788410070000,58016.2,58025,58015.4,58025,420,2003250
1788410100000,58017.8,58028,58015,58015,1350,2003250
1788410130000,58015,58018,58012,58018,990,2002980
1788410160000,58018,58018,58018,58018,180,2002980
1788410190000,58018,58018,57987.8,57996.8,780,2002680
1788410220000,57996.8,58000,57985.2,57985.6,240,2002680
1788410250000,57985.6,57985.6,57985.6,57985.6,0,2002680
1788410280000,57985.6,58010,57985.6,58000,720,2002590
1788410310000,58005,58010,58000,58009.8,540,2002590
1788410340000,58010,58018,58010,58012.6,450,2002440
1788410370000,58017.2,58017.2,58012.2,58012.2,210,2002860
1788410400000,58012.2,58012.2,58002,58009.2,30,2002860
1788410430000,58009.2,58013.4,58000,58000,660,2002860
1788410460000,58000,58019.4,57993.4,58003.6,990,2003040
1788410490000,58016.4,58016.4,57999.6,58000,150,2003430
1788410520000,58000,58008.4,57990,58000,240,2003430
1788410550000,58000,58000,57980,57999.6,330,2003550
1788410580000,57999.6,57999.6,57976,57976,240,2003550
1788410610000,57995.6,57998.8,57976,57976,270,2003730
1788410640000,57976,57998.8,57976,57993,180,2003730
1788410670000,57993,57993,57990,57990,90,2003730
1788410700000,57990,57990,57976,57976,300,2003910
1788410730000,57990,57990,57976,57990,150,2003910
1788410760000,57976.2,57985,57976.2,57985,150,2004120
1788410790000,57985,57989.8,57985,57985.2,450,2004120
1788410820000,57985,57985,57976.4,57985,150,2004120
1788410850000,57976.6,57999.8,57976.6,57999.8,840,2003910
1788410880000,57985,57999.8,57985,57986.2,270,2003910
1788410910000,57986.2,57991.2,57986.2,57990,180,2003910
1788410940000,57990,57999.8,57990,57999.8,240,2003940
1788410970000,57999.8,58005,57999.4,58005,870,2003940
1788411000000,58007.6,58013.6,58005.8,58007.4,480,2003640
1788411030000,58011.6,58014.6,58011.6,58011.6,240,2003640
1788411060000,58013.2,58016,58006.8,58007.4,630,2003820
1788411090000,58007.2,58015,58007.2,58015,450,2004090
1788411120000,58015,58015,58011.2,58011.2,300,2004090
1788411150000,58015,58020.2,58013,58018,810,2004090
1788411180000,58018,58020,58015,58020,120,2004210
1788411210000,58020,58030.6,58020,58030.6,840,2003970
1788411240000,58032.2,58039,58032.2,58038.2,1110,2003970
1788411270000,58038.2,58040,58034.8,58040,360,2003970
1788411300000,58036.4,58040,58034.6,58038.4,390,2003490
1788411330000,58038.4,58038.6,58025,58025,270,2003490
1788411360000,58025,58025,58002,58006.2,240,2003730
1788411390000,58006.2,58012.4,58001.8,58001.8,360,2003640
1788411420000,58000,58009,57988,58004.4,330,2003640
1788411450000,58004.4,58004.4,58000,58000,30,2003640
1788411480000,58000,58000,57975,57975,720,2003880
1788411510000,57975,58000,57975,58000,30,2003880
1788411540000,58000,58000,57977,57977,30,2004240
1788411570000,57975,57978,57975,57978,210,2004240
1788411600000,57974.2,57991,57974,57975,570,2004150
1788411630000,57975,57975,57968,57971,360,2004150
1788411660000,57971,57991.6,57960.4,57985.6,450,2004120
1788411690000,57984.4,57986.8,57970,57970,900,2004120
1788411720000,57968.8,57969.4,57960,57960,720,2004360
1788411750000,57960,57975,57960,57975,360,2004360
1788411780000,57975,57975,57960.2,57974.4,90,2004210
1788411810000,57974.4,57974.4,57960.2,57960.8,240,2004210
1788411840000,57961,57962.2,57956,57956,690,2004300
1788411870000,57954.6,57954.6,57941,57947.2,600,2004300
1788411900000,57941,57942.2,57930.2,57930.2,420,2004090
1788411930000,57930.2,57942.2,57930.2,57937.6,60,2004090
1788411960000,57937.6,57938,57930.4,57930.6,210,2004000
1788411990000,57932.2,57932.2,57915,57915.2,1650,2004000
1788412020000,57922.8,57923.2,57906.2,57910,870,2004270
1788412050000,57910,57910,57900,57910,2250,2004270
1788412080000,57906,57910,57900,57910,1140,2003070
1788412110000,57910,57920,57898.4,57920,5190,2003070
1788412140000,57920,57930,57908.6,57920,180,2000610
1788412170000,57920,57937.6,57920,57934.4,240,2000610
1788412200000,57934.4,57941.4,57913.4,57941.4,90,2000670
1788412230000,57941.4,57941.4,57916.6,57920,420,2000670
1788412260000,57919.4,57919.4,57914.4,57914.4,360,2000670
1788412290000,57914.4,57919.4,57905,57919.4,750,2000670
1788412320000,57906,57931.8,57905.8,57920,720,1999890
1788412350000,57920,57929.6,57906.2,57906.6,390,1999890
1788412380000,57906.6,57906.6,57900,57900.2,1200,2000370
1788412410000,57895.4,57906.6,57895.4,57906.6,120,2000370
1788412440000,57906.6,57906.6,57906.6,57906.6,0,2000370
1788412470000,57924.6,57924.6,57901.8,57906.6,180,2000820
1788412500000,57920,57937,57906,57929.8,420,2000820
1788412530000,57929.8,57929.8,57920,57923.2,180,2000820
1788412560000,57923.2,57925,57907,57907,480,2001180
1788412590000,57907,57914.6,57907,57914.6,60,2001180
1788412620000,57914.6,57916.6,57901,57916.6,120,2001300
1788412650000,57905,57922.4,57905,57922.4,120,2001300
1788412680000,57920,57931.8,57920,57931.8,300,2001360
1788412710000,57929.8,57945.4,57925,57925,1410,2001360
1788412740000,57925,57937.8,57925,57937.8,300,2002740
1788412770000,57912.6,57915,57905.8,57915,210,2002740
1788412800000,57915,57915,57900,57908,240,2003160
1788412830000,57908,57914.2,57900,57914.2,210,2003160
1788412860000,57909.8,57909.8,57909.8,57909.8,90,2003160
1788412890000,57909.8,57909.8,57909.8,57909.8,0,2003160
1788412920000,57920,57920,57901,57901,150,2003160
1788412950000,57901,57901,57901,57901,0,2003160
1788412980000,57901,57902,57900,57900,270,2003220
1788413010000,57910,57910,57880,57899,1470,2003220
1788413040000,57886.2,57886.2,57886.2,57886.2,90,2003220
1788413070000,57886.2,57900.4,57883.8,57883.8,60,2003640
1788413100000,57883.8,57902,57883.8,57890.2,150,2003700
1788413130000,57890.2,57900,57890.2,57900,210,2003700
1788413160000,57900,57900,57898,57898,600,2003490
1788413190000,57895,57910,57895,57901.4,930,2003490
1788413220000,57901.4,57901.4,57900.8,57900.8,480,2003490
1788413250000,57900.8,57910,57900.8,57910,60,2004030
1788413280000,57901,57901,57901,57901,30,2004030
1788413310000,57920,57920,57907,57907,90,2004000
1788413340000,57915,57915,57915,57915,30,2004000
1788413370000,57915,57920,57915,57920,90,2004030
1788413400000,57917,57920,57917,57920,120,2004030
1788413430000,57920,57934,57920,57934,30,2004030
1788413460000,57934,57935,57928,57935,150,2004090
1788413490000,57932.8,57933.4,57932.8,57933,420,2004090
1788413520000,57933,57933,57926.2,57926.2,60,2004330
1788413550000,57926.2,57926.2,57924,57924,30,2004330
1788413580000,57926,57926,57926,57926,90,2004330
1788413610000,57918.4,57918.4,57915,57915.6,180,2004390
1788413640000,57915,57915,57905.2,57905.2,270,2004510
1788413670000,57905.2,57919,57905.2,57919,120,2004510
1788413700000,57919,57920,57900,57900,300,2003610
1788413730000,57900,57900,57897.2,57900,90,2003610
1788413760000,57900,57900,57900,57900,0,2003610
1788413790000,57896,57896,57890,57890,120,2003670
1788413820000,57890,57890,57890,57890,30,2003670
1788413850000,57890,57890,57880,57880,270,2003670
1788413880000,57888,57888,57888,57888,60,2003670
1788413910000,57888,57888,57880,57880,150,2003670
1788413940000,57880,57880,57877,57880,600,2003610
1788413970000,57880,57883.8,57846.6,57847.2,7830,2003610
1788414000000,57847.2,57859.4,57840,57859.4,690,2003760
1788414030000,57865.8,57865.8,57838,57840,1410,2003760
1788414060000,57858,57861.6,57847,57849.4,330,2004480
1788414090000,57840,57853.8,57840,57853.2,210,2004480
1788414120000,57860,57866.2,57839,57853.2,270,2004600
1788414150000,57853.2,57872.2,57853.2,57872.2,180,2004600
1788414180000,57872.2,57882.2,57872.2,57878.4,90,2004660
1788414210000,57861,57865,57855,57855,240,2004660
1788414240000,57855,57855,57855,57855,90,2004660
1788414270000,57855,57865,57855,57865,90,2004870
1788414300000,57855,57855,57850,57850,240,2004870
1788414330000,57850,57850,57840,57840,240,2004870
1788414360000,57840,57840,57840,57840,0,2004870
1788414390000,57840,57850,57840,57840,270,2005020
1788414420000,57840,57876.4,57840,57845.4,420,2005080
1788414450000,57845.4,57874.4,57845.4,57849.8,420,2005080
1788414480000,57849.8,57870,57849.8,57870,30,2005440
1788414510000,57884.8,57884.8,57884.8,57884.8,120,2005440
1788414540000,57884.8,57884.8,57884.8,57884.8,60,2005440
1788414570000,57884.8,57887,57878,57887,210,2005590
1788414600000,57888,57898,57880.2,57888,1350,2006250
1788414630000,57904.4,57910,57904.4,57910,150,2006250
1788414660000,57910,57910,57888,57888,60,2006250
1788414690000,57888,57890,57888,57890,30,2006610
1788414720000,57890,57891,57890,57891,30,2006610
1788414750000,57891,57891,57891,57891,0,2006610
1788414780000,57891,57905,57891,57905,150,2006640
1788414810000,57910,57923.6,57905,57905,750,2006640
1788414840000,57913.2,57915,57905,57905,240,2006640
1788414870000,57905,57905.2,57905,57905.2,90,2007240
1788414900000,57905.2,57909.2,57890,57890,120,2007300
1788414930000,57890,57904,57888,57888,60,2007300
1788414960000,57888,57896.6,57888,57896.6,60,2007420
1788414990000,57896.6,57896.6,57890,57890,30,2007420
1788415020000,57890,57910,57881,57881,90,2007420
1788415050000,57881,57895.6,57881,57895.6,30,2007420
1788415080000,57895.6,57909.8,57895.6,57908.8,120,2007420
1788415110000,57908.8,57908.8,57908.8,57908.8,0,2007420
1788415140000,57908.8,57914.4,57905,57910.6,270,2007360
1788415170000,57910.6,57915,57901.2,57901.2,60,2007360
1788415200000,57901.2,57903.2,57901.2,57903.2,30,2007420
1788415230000,57903.2,57920,57901.8,57901.8,330,2007420
1788415260000,57901.8,57925,57901.8,57921.8,240,2007300
1788415290000,57921.8,57926.8,57901.2,57901.2,420,2007300
1788415320000,57901.2,57925,57901.2,57913.6,210,2007300
1788415350000,57913.6,57915.2,57913.6,57915.2,30,2007750
1788415380000,57915.2,57916,57915,57916,120,2007840
1788415410000,57916,57925,57916,57920.2,600,2007840
1788415440000,57920.2,57926,57902,57902,60,2007840
1788415470000,57902,57926,57902,57926,180,2008170
1788415500000,57926,57934,57925,57929.8,390,2008050
1788415530000,57929.8,57950,57929.8,57950,420,2008050
1788415560000,57950,57950,57950,57950,30,2008200
1788415590000,57948,57950,57943.4,57943.4,420,2008200
1788415620000,57943.4,57943.8,57943.4,57943.4,90,2008320
1788415650000,57943.4,57943.4,57932.2,57932.2,90,2008320
1788415680000,57932.2,57932.2,57930,57930,180,2008380
1788415710000,57930,57932.2,57930,57930,60,2008380
1788415740000,57930,57930,57921,57921,60,2008380
1788415770000,57921,57930,57921,57930,30,2008470
1788415800000,57930,57932.2,57930,57932.2,90,2008470
1788415830000,57932.2,57932.2,57920,57920,120,2008500
1788415860000,57920,57936.4,57903,57903.4,930,2008530
1788415890000,57903.4,57903.4,57903.4,57903.4,0,2008530
1788415920000,57903.4,57919.8,57903.4,57906.8,120,2008530
1788415950000,57906.8,57906.8,57901,57902.2,360,2008740
1788415980000,57902.2,57902.2,57902.2,57902.2,0,2008740
1788416010000,57902.2,57917,57900,57908.4,270,2008770
1788416040000,57908.4,57916.6,57908.4,57916.6,60,2008770
1788416070000,57916.6,57916.6,57916.6,57916.6,30,2009010
1788416100000,57916.6,57917,57910,57917,180,2009010
1788416130000,57917,57933.8,57917,57933.8,60,2009130
1788416160000,57933.8,57933.8,57920.2,57920.2,90,2009130
1788416190000,57920,57920,57900.2,57900.2,270,2009130
1788416220000,57900.2,57906.2,57900.2,57906.2,60,2009130
1788416250000,57906.2,57906.2,57901.6,57901.6,30,2009310
1788416280000,57901.6,57906.2,57901.6,57901.6,60,2009340
1788416310000,57901.6,57933.8,57901.6,57933.8,300,2009340
1788416340000,57933.8,57933.8,57933.8,57933.8,0,2009340
1788416370000,57933.8,57940,57933.6,57940,60,2009340
1788416400000,57927.2,57932,57927.2,57931.8,90,2009340
1788416430000,57931.8,57936.2,57911.2,57911.4,120,2009340
1788416460000,57911.4,57921.8,57911.4,57913.2,90,2009430
1788416490000,57913.2,57913.2,57913.2,57913.2,0,2009430
1788416520000,57913.2,57920,57902.4,57920,180,2009430
1788416550000,57920,57924.2,57920,57924.2,30,2009550
1788416580000,57924.2,57933.4,57924.2,57933.4,30,2009550
1788416610000,57933.4,57933.4,57918.6,57918.6,90,2009460
1788416640000,57918.6,57918.6,57918.6,57918.6,0,2009460
1788416670000,57918.6,57928.8,57918.6,57920,210,2009550
1788416700000,57920,57920,57920,57920,0,2009550
1788416730000,57920,57920,57901,57901,150,2009610
1788416760000,57901,57901,57901,57901,0,2009610
1788416790000,57901,57905,57900,57900,960,2009550
1788416820000,57900,57901.6,57900,57901.6,180,2009550
1788416850000,57901.6,57929.2,57901.6,57929.2,90,2009100
1788416880000,57929.2,57929.2,57929.2,57929.2,0,2009100
1788416910000,57929.2,57929.6,57929.2,57929.4,60,2008950
1788416940000,57929.4,57933.8,57929.2,57929.2,90,2008920
1788416970000,57929.2,57936.6,57929.2,57929.2,960,2008920
1788417000000,57919.8,57919.8,57906.8,57906.8,990,2008920
1788417030000,57906.8,57906.8,57906.8,57906.8,30,2008080
1788417060000,57906.8,57906.8,57900,57900,90,2008080
1788417090000,57900,57900,57900,57900,120,2008050
1788417120000,57900,57900,57890,57890,300,2008050
1788417150000,57890,57890,57890,57890,60,2008110
1788417180000,57890,57890,57890,57890,30,2008110
1788417210000,57890,57890,57880,57880,210,2008170
1788417240000,57880,57890,57880,57890,90,2008170
1788417270000,57890,57909.4,57867.2,57873.2,2370,2008080
1788417300000,57900.6,57902,57873.2,57873.4,360,2008080
1788417330000,57873.4,57873.4,57873.4,57873.4,30,2009340
1788417360000,57873.4,57905.6,57873.4,57905.6,90,2009340
1788417390000,57876,57904.8,57875,57904.8,210,2009340
1788417420000,57904.8,57904.8,57904.8,57904.8,0,2009340
1788417450000,57904.8,57904.8,57875.8,57875.8,60,2009250
1788417480000,57875.8,57875.8,57875.8,57875.8,0,2009250
1788417510000,57875.8,57875.8,57875.8,57875.8,0,2009250
1788417540000,57880,57899.4,57875.8,57875.8,90,2009310
1788417570000,57875.8,57895,57875.8,57895,30,2009310
1788417600000,57895,57895,57882.8,57882.8,390,2009310
1788417630000,57882.8,57886,57882.8,57886,120,2009700
1788417660000,57886,57886,57884.6,57885,90,2009700
1788417690000,57885,57898,57885,57898,60,2009850
1788417720000,57898,57898,57898,57898,0,2009850
1788417750000,57898,57898,57896.6,57896.6,720,2009880
1788417780000,57896.6,57900,57885,57885,720,2009880
1788417810000,57885,57903,57885,57903,60,2010720
1788417840000,57904.6,57905,57889.8,57890.6,300,2010720
1788417870000,57899.6,57920,57894,57894,90,2010990
1788417900000,57894,57900.2,57894,57900.2,30,2010990
1788417930000,57900.2,57900.2,57899.8,57899.8,390,2011020
1788417960000,57900.4,57900.4,57900.4,57900.4,30,2011020
1788417990000,57900.4,57900.4,57873.6,57873.6,690,2011380
1788418020000,57873.6,57890,57873.6,57890,150,2011380
1788418050000,57873.8,57874.2,57873.4,57874.2,630,2011950
1788418080000,57874.2,57890,57874.2,57874.2,90,2011950
1788418110000,57870,57889.8,57861,57861,420,2012130
1788418140000,57861,57861.2,57861,57861.2,30,2012130
1788418170000,57875,57890,57866.2,57866.2,390,2012190
1788418200000,57863.6,57891,57862,57891,240,2012190
1788418230000,57891,57891,57865,57865,30,2012220
1788418260000,57865,57884.4,57865,57884.4,30,2012220
1788418290000,57884.4,57884.4,57865.2,57865.2,90,2012280
1788418320000,57888.6,57888.6,57865.2,57865.2,360,2012280
1788418350000,57865.2,57865.2,57865.2,57865.2,30,2012310
1788418380000,57865.2,57872.2,57859.2,57859.2,1020,2012310
1788418410000,57859.2,57859.6,57859.2,57859.6,30,2012460
1788418440000,57860.6,57860.6,57850,57850,480,2012460
1788418470000,57850,57868,57850,57868,60,2012400
1788418500000,57868,57868,57839.6,57839.6,570,2012400
1788418530000,57840,57862,57839.2,57860,1470,2012580
1788418560000,57842.8,57864,57842.4,57864,900,2012580
1788418590000,57864,57880.2,57864,57864,90,2012820
1788418620000,57864,57864,57864,57864,0,2012820
1788418650000,57864,57864,57850,57850,120,2012790
1788418680000,57850,57850.2,57846.4,57846.4,120,2012790
1788418710000,57846.4,57871.4,57846.4,57853,120,2012760
1788418740000,57853,57853,57853,57853,0,2012760
1788418770000,57853,57878,57853,57870,390,2012790
1788418800000,57870,57880.8,57858,57880.8,150,2012790
1788418830000,57880.8,57880.8,57880.8,57880.8,0,2012790
1788418860000,57880.8,57880.8,57880.8,57880.8,30,2013240
1788418890000,57880.8,57880.8,57880.8,57880.8,30,2013060
1788418920000,57880.8,57880.8,57860,57860,150,2013060
1788418950000,57860,57874.2,57860,57874.2,30,2013090
1788418980000,57874.2,57880.8,57852,57852,150,2013090
1788419010000,57852,57880.6,57852,57852,210,2013210
1788419040000,57852,57855,57852,57855,30,2013210
1788419070000,57855,57874,57855,57874,60,2013330
1788419100000,57874,57874,57843,57843,2220,2013330
1788419130000,57843,57874,57843,57874,30,2012160
1788419160000,57874,57874,57830,57830,1170,2012160
1788419190000,57830,57862.6,57830,57831.2,330,2012100
1788419220000,57831.2,57833.2,57831.2,57833.2,30,2012100
1788419250000,57833.2,57833.2,57833.2,57833.2,0,2012100
1788419280000,57838,57850,57838,57846.2,1950,2012160
1788419310000,57846.2,57870,57846.2,57870,30,2012160
1788419340000,57870,57870,57870,57870,0,2012160
1788419370000,57870,57870,57850.2,57850.2,90,2010810
1788419400000,57851.8,57880,57850,57879,450,2010810
1788419430000,57879,57894.6,57857,57857,360,2010990
1788419460000,57857,57857,57857,57857,0,2010990
1788419490000,57857,57861,57857,57861,30,2010990
1788419520000,57861,57865,57857,57857,210,2011050
1788419550000,57857,57857,57850,57850,360,2010870
1788419580000,57850,57855,57850,57855,90,2010870
1788419610000,57855,57855,57850,57850,60,2011020
1788419640000,57850,57850,57850,57850,0,2011020
1788419670000,57850,57876.2,57850,57860,60,2011050
1788419700000,57860,57861.6,57840.2,57840.2,270,2011050
1788419730000,57840.2,57840.2,57840.2,57840.2,0,2011050
1788419760000,57840.2,57840.2,57840.2,57840.2,0,2011050
1788419790000,57840.2,57870,57840.2,57870,90,2011170
1788419820000,57870,57872,57858.4,57858.4,390,2011170
1788419850000,57858.4,57858.4,57840,57840,660,2012220
1788419880000,57840,57840.8,57840,57840.2,210,2012220
1788419910000,57840.2,57840.2,57840.2,57840.2,0,2012220
1788419940000,57840.2,57840.2,57840.2,57840.2,0,2012220
1788419970000,57840.2,57875,57840.2,57875,30,2012430
1788420000000,57875,57875,57875,57875,0,2012430
1788420030000,57875,57875,57875,57875,0,2012430
1788420060000,57875,57875,57852,57852,180,2012430
1788420090000,57852,57852,57852,57852,0,2012430
1788420120000,57852,57875,57852,57875,30,2012400
1788420150000,57875,57875,57875,57875,0,2012400
1788420180000,57875,57875,57852,57852,90,2012370
1788420210000,57852,57852.2,57852,57852.2,30,2012400
1788420240000,57852.2,57875,57852.2,57853,150,2012400
1788420270000,57853,57867,57853,57855,420,2012700
1788420300000,57855,57867.6,57850,57853,2340,2012700
1788420330000,57852.2,57853,57841.8,57845,780,2012820
1788420360000,57852,57852,57825.2,57825.2,2160,2012820
1788420390000,57825.2,57836.4,57812.4,57835.2,2010,2014680
1788420420000,57835.2,57835.2,57812.4,57812.4,360,2014680
1788420450000,57815,57835.2,57815,57817.2,180,2014680
1788420480000,57835.2,57835.2,57835.2,57835.2,150,2014740
1788420510000,57835.2,57846,57835.2,57846,120,2014770
1788420540000,57846,57846,57846,57846,0,2014770
1788420570000,57846,57846,57817.4,57817.4,390,2014830
1788420600000,57817.4,57841.8,57817.4,57841.8,240,2014830
1788420630000,57841.8,57844.2,57818,57818,150,2015190
1788420660000,57818,57820,57817,57820,300,2015190
1788420690000,57817,57820,57815,57820,360,2015190
1788420720000,57820,57831.2,57811,57812,240,2015190
1788420750000,57812,57820.4,57810,57820.4,180,2015220
1788420780000,57820.4,57820.4,57820.4,57820.4,0,2015220
1788420810000,57820.4,57820.4,57811,57811,390,2015220
1788420840000,57811,57825,57810,57810,210,2015640
1788420870000,57810,57839.8,57810,57839.8,180,2015850
1788420900000,57839.8,57839.8,57815.2,57825,60,2015850
1788420930000,57825,57830,57825,57830,60,2015850
1788420960000,57830,57830,57811,57811,210,2015970
1788420990000,57811,57811,57811,57811,0,2015970
1788421020000,57811,57811,57811,57811,0,2015970
1788421050000,57811,57829.4,57811,57813,150,2015940
1788421080000,57813,57820.6,57812,57812,180,2015940
1788421110000,57812,57812,57811,57811,1020,2015940
1788421140000,57810,57829.4,57810,57813,330,2016900
1788421170000,57813,57831,57813,57831,60,2016900
1788421200000,57831,57841.8,57831,57841.8,60,2016900
1788421230000,57841.8,57843.8,57811.2,57811.2,180,2016870
1788421260000,57811.2,57835,57811.2,57816,60,2016870
1788421290000,57816,57849,57816,57849,90,2016870
1788421320000,57849,57849,57849,57849,0,2016870
1788421350000,57835,57848.6,57835,57848.6,90,2016960
1788421380000,57848.6,57848.6,57844.6,57844.6,30,2017050
1788421410000,57825,57845,57825,57845,150,2017140
1788421440000,57845,57845.6,57845,57845.6,60,2017140
1788421470000,57845.6,57850,57845.6,57850,30,2017140
1788421500000,57850,57850,57850,57850,0,2017140
1788421530000,57850,57850,57850,57850,0,2017140
1788421560000,57850,57850,57850,57850,0,2017140
1788421590000,57850,57850,57850,57850,120,2017230
1788421620000,57850,57850,57850,57850,240,2017260
1788421650000,57850,57860,57850,57860,150,2017350
1788421680000,57860,57863.2,57860,57860,390,2017350
1788421710000,57860,57860,57852,57852,30,2017350
1788421740000,57852,57852,57852,57852,0,2017350
1788421770000,57852,57858.4,57850,57858.4,120,2017470
1788421800000,57857.4,57857.4,57857.4,57857.4,180,2017470
1788421830000,57857.4,57857.4,57841,57841,90,2017470
1788421860000,57841,57845.2,57840,57845.2,240,2017710
1788421890000,57845.2,57845.2,57835,57835,30,2015760
1788421920000,57835,57835,57830,57830,180,2015760
1788421950000,57830,57830,57830,57830,0,2015760
1788421980000,57830,57839,57830,57839,30,2015820
1788422010000,57839,57839,57830,57830,60,2015820
1788422040000,57830,57830,57825,57825,30,2015220
1788422070000,57820,57822.6,57809.4,57822.6,660,2015220
1788422100000,57809.4,57809.4,57788,57788,3960,2015400
1788422130000,57782.2,57782.2,57760,57782,2550,2017200
1788422160000,57760,57790,57760,57790,1230,2017200
1788422190000,57790,57795,57784,57795,300,2017920
1788422220000,57800,57818.6,57800,57818.6,1200,2017920
1788422250000,57818.6,57820,57800,57820,120,2019090
1788422280000,57820,57820,57820,57820,30,2019090
1788422310000,57820,57832.8,57820,57832.8,60,2019090
1788422340000,57832.8,57832.8,57832.8,57832.8,0,2019090
1788422370000,57832.8,57832.8,57820.2,57831,120,2019000
1788422400000,57831,57831,57831,57831,0,2019000
1788422430000,57831,57831,57831,57831,0,2019000
1788422460000,57823.8,57867.8,57823.8,57867.8,600,2019120
1788422490000,57867.8,57867.8,57863.4,57863.4,180,2019120
1788422520000,57863.4,57864.8,57844.8,57844.8,120,2018940
1788422550000,57844.8,57855.2,57844.8,57855,150,2019060
1788422580000,57855,57877.6,57855,57877.6,330,2019060
1788422610000,57880,57900,57880,57900,360,2018520
1788422640000,57900,57900,57900,57900,0,2018520
1788422670000,57895.4,57898,57895,57895,330,2018520
1788422700000,57892,57892,57890,57892,810,2018520
1788422730000,57892,57892,57887.6,57887.6,180,2018520
1788422760000,57887.6,57897.4,57887.6,57897.4,210,2017740
1788422790000,57895,57895,57890,57890,510,2017740
1788422820000,57870,57880,57870,57880,120,2018220
1788422850000,57880,57880,57849.2,57849.2,120,2018220
1788422880000,57880,57880,57851.4,57852,180,2018280
1788422910000,57844.2,57873.8,57844.2,57868.8,240,2018280
1788422940000,57868.8,57875.4,57868.8,57875.4,30,2017980
1788422970000,57875.4,57875.4,57850,57859.4,300,2017980
1788423000000,57859.4,57859.4,57845,57845,60,2018100
1788423030000,57845,57845,57845,57845,0,2018100
1788423060000,57845,57855,57845,57855,60,2018100
1788423090000,57855,57855,57855,57855,0,2018100
1788423120000,57855,57855,57845.4,57845.4,30,2018040
1788423150000,57845.4,57845.4,57845.4,57845.4,0,2018040
1788423180000,57845.4,57845.4,57845.4,57845.4,0,2018040
1788423210000,57845.4,57845.4,57845.4,57845.4,0,2018040
1788423240000,57845.4,57845.4,57845.4,57845.4,0,2018040
1788423270000,57845.4,57865,57845.4,57846.6,240,2018040
1788423300000,57879,57879,57878,57878,90,2018160
1788423330000,57878,57878,57851.4,57851.4,60,2018160
1788423360000,57851.4,57863.2,57851.4,57863.2,60,2018160
1788423390000,57863.2,57863.2,57863.2,57863.2,0,2018160
1788423420000,57863.2,57863.2,57863.2,57863.2,30,2018190
1788423450000,57863.2,57863.2,57850,57850,330,2018190
1788423480000,57850,57850,57850,57850,0,2018190
1788423510000,57860,57860,57860,57860,90,2018280
1788423540000,57860,57860,57860,57860,60,2018280
1788423570000,57860,57870,57860,57870,150,2018280
1788423600000,57860.8,57870,57860.8,57870,60,2018280
1788423630000,57870,57870,57870,57870,0,2018280
1788423660000,57878,57878,57878,57878,60,2018280
1788423690000,57878,57878,57878,57878,0,2018280
1788423720000,57878,57878,57866.2,57866.2,30,2018310
1788423750000,57866.2,57874,57866.2,57870,150,2018310
1788423780000,57870,57870,57848.8,57848.8,60,2018460
1788423810000,57848.8,57848.8,57848.8,57848.8,0,2018460
1788423840000,57848.8,57848.8,57848.8,57848.8,0,2018460
1788423870000,57860,57869,57860,57869,90,2018490
1788423900000,57869,57869,57869,57869,0,2018490
1788423930000,57850,57850,57850,57850,60,2018490
1788423960000,57850,57855,57850,57855,90,2018520
1788423990000,57855,57855,57855,57855,60,2018520
1788424020000,57855,57878,57855,57878,90,2018520
1788424050000,57878,57878,57862.6,57862.6,30,2018520
1788424080000,57862.6,57880,57862.6,57880,60,2018520
1788424110000,57880,57889,57879.2,57889,330,2018520
1788424140000,57889,57890,57889,57890,1020,2018490
1788424170000,57887.2,57887.2,57879.2,57885.8,120,2018490
1788424200000,57885.8,57886.4,57879,57879,180,2019240
1788424230000,57879,57886.4,57879,57886.4,30,2019240
1788424260000,57886.4,57886.4,57875,57875,180,2019330
1788424290000,57875,57875,57875,57875,0,2019330
1788424320000,57875,57875,57855,57855.2,660,2019480
1788424350000,57855.2,57855.2,57855.2,57855.2,30,2019480
1788424380000,57855.2,57855.2,57855.2,57855.2,30,2020140
1788424410000,57855.2,57875.6,57855.2,57875.6,60,2020140
1788424440000,57875.6,57877,57875.2,57875.2,60,2020170
1788424470000,57875.2,57875.2,57860,57861.8,180,2020170
1788424500000,57861.8,57861.8,57861.8,57861.8,0,2020170
1788424530000,57861.8,57861.8,57861.8,57861.8,0,2020170
1788424560000,57855,57855,57850,57850,900,2021010
1788424590000,57850,57850,57850,57850,600,2021010
1788424620000,57850,57850,57840,57840,810,2021640
1788424650000,57840,57840,57840,57840,30,2021640
1788424680000,57824.8,57824.8,57824.8,57824.8,30,2021640
1788424710000,57824.8,57830,57824.8,57828.2,570,2021820
1788424740000,57828.2,57828.2,57826.2,57826.2,120,2021910
1788424770000,57826.2,57828,57826.2,57828,90,2021910
1788424800000,57828,57828,57828,57828,0,2021910
1788424830000,57828,57828,57825,57825,660,2021910
1788424860000,57825,57825.2,57825,57825,450,2022540
1788424890000,57820,57827.8,57820,57827.8,750,2022540
1788424920000,57827.8,57827.8,57819,57824.2,420,2023200
1788424950000,57824.2,57824.2,57810,57810,270,2023200
1788424980000,57810,57820,57806,57808.4,1320,2023680
1788425010000,57807.2,57822.8,57806,57822.8,1680,2023680
1788425040000,57808,57826.4,57806,57822,210,2023950
1788425070000,57822,57822,57820,57820,30,2023950
1788425100000,57809.4,57809.4,57805.8,57805.8,420,2024070
1788425130000,57802.4,57809,57794.4,57809,1200,2024070
1788425160000,57809.4,57809.4,57804.6,57807.6,150,2025090
1788425190000,57804.6,57806.2,57804.6,57806.2,90,2025090
1788425220000,57806.2,57806.2,57806.2,57806.2,60,2025120
1788425250000,57806.2,57815.6,57806.2,57815.6,90,2025120
1788425280000,57815.6,57815.6,57815.6,57815.6,0,2025120
1788425310000,57815.6,57815.6,57815.6,57815.6,0,2025120
1788425340000,57815.6,57824.2,57815.6,57824.2,150,2025180
1788425370000,57824.2,57824.2,57824.2,57824.2,60,2025330
1788425400000,57824.2,57824.2,57816,57816,120,2025300
1788425430000,57816,57816,57816,57816,30,2025300
1788425460000,57815.2,57821.6,57815,57820,240,2025420
1788425490000,57820,57821.2,57817,57821.2,90,2025420
1788425520000,57815,57815,57781,57787.2,2010,2025360
1788425550000,57787.2,57799.8,57787.2,57795.6,270,2025360
1788425580000,57795.8,57818.2,57795.8,57815,150,2024310
1788425610000,57815,57815,57815,57815,0,2024310
1788425640000,57815,57815,57815,57815,0,2024310
1788425670000,57815,57815,57814.8,57814.8,30,2024310
1788425700000,57814.8,57814.8,57810,57810,120,2024400
1788425730000,57810,57810,57800,57800,60,2024400
1788425760000,57800,57800,57800,57800,0,2024400
1788425790000,57800,57807.8,57800,57807.8,60,2024340
1788425820000,57807.8,57807.8,57800,57800,180,2024310
1788425850000,57800,57808,57800,57808,60,2024310
1788425880000,57808,57810,57808,57810,60,2024220
1788425910000,57823,57828,57817.6,57828,120,2024220
1788425940000,57850,57856,57850,57850.4,210,2024190
1788425970000,57850.4,57856.4,57850,57850,210,2024190
1788426000000,57840,57840,57840,57840,90,2024340
1788426030000,57840,57840,57824,57824,30,2024340
1788426060000,57824,57824,57824,57824,0,2024340
1788426090000,57824,57855.8,57824,57834.6,240,2020890
1788426120000,57832.8,57832.8,57822.2,57822.2,360,2021040
1788426150000,57822.2,57836.2,57822,57822,60,2021040
1788426180000,57825,57825,57825,57825,30,2021040
1788426210000,57825,57825,57825,57825,0,2021040
1788426240000,57825,57827.2,57825,57827.2,60,2020980
1788426270000,57827.2,57835.4,57827.2,57835.4,60,2020980
1788426300000,57835.4,57847.6,57835.4,57847.6,300,2020980
1788426330000,57847.6,57847.6,57840,57840,330,2021310
1788426360000,57840,57840,57840,57840,330,2021310
1788426390000,57840,57840,57840,57840,0,2021310
1788426420000,57840,57840,57840,57840,0,2021310
1788426450000,57840,57845.2,57840,57845.2,60,2021670
1788426480000,57845.8,57845.8,57845.8,57845.8,60,2021730
1788426510000,57845.8,57845.8,57845.8,57845.8,0,2021730
1788426540000,57845.8,57845.8,57840,57840,30,2021730
1788426570000,57840,57840,57840,57840,0,2021730
1788426600000,57840,57840,57822.2,57822.2,150,2021730
1788426630000,57822.2,57822.2,57822,57822,150,2021730
1788426660000,57822,57822,57810,57810,240,2021460
1788426690000,57810,57830,57810,57828,60,2021460
1788426720000,57828,57836.6,57820,57820,180,2021490
1788426750000,57820,57820,57820,57820,0,2021490
1788426780000,57820,57820,57820,57820,0,2021490
1788426810000,57812.2,57812.2,57812.2,57812.2,60,2021430
1788426840000,57812.2,57817.6,57812.2,57817.6,30,2021430
1788426870000,57817.6,57820,57817.6,57820,60,2021400
1788426900000,57830,57830,57818.2,57818.2,450,2021280
1788426930000,57818.2,57839,57818.2,57839,540,2021280
1788426960000,57839,57839,57812.2,57812.4,570,2021880
1788426990000,57812.4,57812.4,57812.2,57812.2,30,2021880
1788427020000,57812.2,57812.2,57812.2,57812.2,0,2021880
1788427050000,57812.2,57830,57812.2,57830,90,2021910
1788427080000,57830,57830,57807.8,57830,60,2021910
1788427110000,57823.2,57839.6,57823.2,57825.2,660,2021880
1788427140000,57825.2,57825.2,57820.2,57820.2,30,2021880
1788427170000,57820.2,57820.2,57820.2,57820.2,0,2021880
1788427200000,57820.2,57820.2,57820.2,57820.2,0,2021880
1788427230000,57820.2,57838.4,57820.2,57830.2,90,2021940
1788427260000,57830.2,57830.2,57830,57830,270,2021910
1788427290000,57830,57830,57828,57828,270,2021910
1788427320000,57825,57825,57825,57825,150,2021850
1788427350000,57825,57835.4,57825,57835.4,90,2021850
1788427380000,57835.4,57835.4,57820,57820,210,2021820
1788427410000,57820,57820,57820,57820,0,2021820
1788427440000,57820,57820,57819.8,57819.8,30,2021790
1788427470000,57819.8,57819.8,57812.2,57812.2,30,2021790
1788427500000,57812.2,57817,57812,57817,150,2021790
1788427530000,57817,57817,57802,57802,30,2021730
1788427560000,57802,57814.2,57802,57814.2,360,2021730
1788427590000,57814.2,57814.2,57800,57800,150,2021370
1788427620000,57800,57800,57790.8,57790.8,1140,2021400
1788427650000,57800,57800,57791,57791,450,2021400
1788427680000,57790,57790,57777,57780.4,510,2021610
1788427710000,57780.4,57780.4,57780.4,57780.4,60,2021610
1788427740000,57782.8,57782.8,57777,57777,180,2021580
1788427770000,57778.4,57782.8,57775,57775,390,2021580
1788427800000,57775,57775,57750,57755,3300,2022390
1788427830000,57754.6,57759.2,57750,57750,1320,2022390
1788427860000,57751,57760,57746.2,57760,540,2024010
1788427890000,57760,57760,57758,57758,180,2024010
1788427920000,57758,57758,57746.6,57746.6,300,2024130
1788427950000,57759,57759,57746.6,57759,120,2024130
1788427980000,57759,57770,57759,57769,1020,2023950
1788428010000,57769,57769,57760,57760,210,2023950
1788428040000,57760,57760,57750,57750,360,2023770
1788428070000,57750,57760,57750,57760,90,2023770
1788428100000,57757.6,57760,57733.6,57733.6,1290,2024070
1788428130000,57746,57747.6,57733.2,57733.6,360,2024070
1788428160000,57740,57747.6,57733.6,57742.8,600,2023530
1788428190000,57742.8,57742.8,57733,57734,1080,2023530
1788428220000,57734,57734.8,57729,57729,630,2022990
1788428250000,57729,57734.8,57729,57730,300,2022990
1788428280000,57729,57729,57707,57707,1860,2022390
1788428310000,57705,57720,57702.8,57720,810,2022390
1788428340000,57712,57734,57712,57720.8,450,2022270
1788428370000,57733.2,57750,57732.8,57750,510,2022270
1788428400000,57749.8,57749.8,57722.8,57736.6,600,2021880
1788428430000,57736.6,57736.6,57725,57731.6,120,2021880
1788428460000,57732.4,57740,57731,57731,390,2021940
1788428490000,57731,57731.8,57721.4,57731.8,690,2021940
1788428520000,57731.8,57745,57730.8,57733.4,270,2022090
1788428550000,57738.6,57738.6,57726.8,57736,450,2022090
1788428580000,57725.2,57760,57725.2,57744,1170,2022030
1788428610000,57744.2,57760.2,57744.2,57754.6,420,2022030
1788428640000,57767.4,57767.4,57754.6,57766.4,180,2022030
1788428670000,57766,57766.2,57760,57762.8,390,2021220
1788428700000,57750.2,57750.2,57744.2,57749.8,720,2021010
1788428730000,57749.8,57749.8,57735.2,57735.2,1620,2021010
1788428760000,57739.8,57740,57727.4,57738.6,2490,2019090
1788428790000,57738.6,57739.4,57738.6,57739.4,450,2019090
1788428820000,57739.4,57751.4,57739.4,57751.4,90,2019090
1788428850000,57743.4,57752.2,57742,57742.6,390,2018580
1788428880000,57742.6,57742.6,57742.6,57742.6,0,2018580
1788428910000,57742.6,57754.6,57742.6,57745.8,360,2018790
1788428940000,57745.4,57764.8,57745.4,57764.8,360,2018580
1788428970000,57764.8,57764.8,57756.4,57759.8,270,2018580
1788429000000,57759.8,57763.2,57756.6,57763.2,300,2018580
1788429030000,57764.6,57764.6,57755.2,57760,480,2018340
1788429060000,57755.6,57755.6,57745.2,57745.6,990,2018250
1788429090000,57745.4,57757.6,57739.4,57757.6,870,2018250
1788429120000,57757.8,57759.4,57745.2,57750,2070,2018250
1788429150000,57750,57750,57739,57740,870,2019660
1788429180000,57740,57752.8,57740,57752.8,60,2019660
1788429210000,57752.8,57759.2,57738,57738,210,2020200
1788429240000,57738,57759.4,57738,57747.2,420,2020200
1788429270000,57747.2,57759.6,57745,57747.2,360,2020050
1788429300000,57745.2,57754.6,57738,57754.6,330,2020050
1788429330000,57754.6,57754.6,57738,57738,120,2019990
1788429360000,57738,57745.2,57729,57729,870,2019990
1788429390000,57726,57726.4,57720,57720,1080,2020110
1788429420000,57723.2,57723.2,57720,57720,1200,2020110
1788429450000,57720,57730,57720,57730,180,2020080
1788429480000,57730,57730,57711.6,57711.6,510,2020080
1788429510000,57715,57716.4,57705,57705,570,2017200
1788429540000,57705,57709.8,57698,57698,2850,2017200
1788429570000,57700,57700,57672.2,57680.6,2430,2016210
1788429600000,57680.6,57704,57675,57700,1380,2016210
1788429630000,57700,57720,57700,57720,4140,2016420
1788429660000,57720,57720.6,57720,57720.6,570,2016420
1788429690000,57725,57729.8,57720,57728.8,1740,2019390
1788429720000,57728.8,57730,57720,57730,1770,2019390
1788429750000,57739.8,57739.8,57700,57702.6,3390,2021400
1788429780000,57700.6,57700.6,57680,57690,1620,2021400
1788429810000,57699.8,57699.8,57675,57685,1860,2022420
1788429840000,57687.8,57700,57675,57682,390,2022420
1788429870000,57682,57685,57675,57675,1500,2023260
1788429900000,57675,57675.4,57670,57670,2070,2023260
1788429930000,57674,57675.4,57670,57674.8,2160,2021820
1788429960000,57675,57700.8,57670.2,57699.8,1560,2021820
1788429990000,57699.8,57699.8,57685.2,57685.2,480,2020710
1788430020000,57686.2,57695.6,57680.2,57680.2,450,2020710
1788430050000,57684.2,57684.2,57670.2,57674.4,930,2020590
1788430080000,57674.4,57694,57667,57667,2040,2020590
1788430110000,57667,57694,57665,57665.2,810,2019270
1788430140000,57666,57690,57666,57670,570,2019270
1788430170000,57670,57685,57666,57670,1020,2018970
1788493500000,57795,57844,57795,57800,5610,2005470
1788493530000,57800,57803.8,57775,57803,3210,2005470
1788493560000,57802.2,57813,57800,57813,1020,2009340
1788493590000,57811,57815,57795,57800.6,1770,2009340
1788493620000,57795,57802.8,57726,57726,10590,2010240
1788493650000,57744,57745,57712.4,57715.2,2610,2010240
1788493680000,57729.6,57733,57705,57705,1680,2018520
1788493710000,57744,57790.4,57744,57779.8,1200,2018520
1788493740000,57781,57781,57772.6,57775,330,2019930
1788493770000,57775,57775,57727.6,57737,2130,2019930
1788493800000,57734.2,57739.8,57727,57739.8,1710,2020110
1788493830000,57732,57732,57731.2,57731.2,270,2020110
1788493860000,57731.2,57740,57725,57740,990,2020560
1788493890000,57740,57745,57739.2,57745,510,2020560
1788493920000,57745,57750,57735,57735,360,2021250
1788493950000,57735,57741.4,57735,57741.4,330,2021250
1788493980000,57741.4,57752,57741.4,57752,60,2021640
1788494010000,57755.2,57767,57746,57767,300,2021640
1788494040000,57767,57767,57760,57767,120,2021640
1788494070000,57767,57776.6,57761.6,57769,390,2021850
1788494100000,57779.8,57780,57776.8,57780,570,2022090
1788494130000,57760,57781.6,57760,57776.4,450,2022090
1788494160000,57777.2,57777.2,57750,57750,1110,2023020
1788494190000,57746,57746,57706,57709,2670,2023020
1788494220000,57709,57734.6,57709,57734.6,1200,2025030
1788494250000,57734.6,57734.6,57701,57701,390,2025030
1788494280000,57700,57710.2,57685,57685,1950,2026800
1788494310000,57685,57710,57685,57689.8,660,2026800
1788494340000,57700,57714.6,57685,57714.6,390,2027070
1788494370000,57714.6,57724.8,57710,57718.8,240,2027070
1788494400000,57700,57725,57688.6,57718.4,660,2026920
1788494430000,57713.6,57720,57713.6,57716.2,240,2026920
1788494460000,57710,57727,57700,57710,1200,2027160
1788494490000,57710,57722,57687.6,57690,660,2027160
1788494520000,57722,57738.6,57696.2,57722,960,2027820
1788494550000,57730,57732,57699.6,57717,570,2027820
1788494580000,57728.4,57734.8,57700.2,57734.8,420,2027790
1788494610000,57702,57737,57702,57737,210,2027790
1788494640000,57737,57740,57735.4,57740,60,2027850
1788494670000,57747,57748,57747,57747,180,2027850
1788494700000,57746.4,57746.4,57725,57725,240,2027850
1788494730000,57725,57725,57725,57725,0,2027850
1788494760000,57725,57740,57725,57725,390,2028060
1788494790000,57725,57737.2,57725,57737.2,60,2028060
1788494820000,57737.2,57737.2,57736.8,57736.8,120,2028420
1788494850000,57736.8,57736.8,57736.2,57736.2,90,2028420
1788494880000,57710,57735,57708.8,57735,150,2028510
1788494910000,57735,57735,57735,57735,30,2028510
1788494940000,57735,57735,57730,57730,30,2028510
1788494970000,57735,57735,57730,57730,60,2028540
1788495000000,57735,57736.2,57730,57735,360,2028630
1788495030000,57740,57740,57736.2,57736.2,210,2028630
1788495060000,57740,57745,57715,57715,600,2028720
1788495090000,57715,57715,57710,57715,180,2028720
1788495120000,57715,57735.8,57715,57715,120,2028660
1788495150000,57715,57730,57715,57730,60,2028660
1788495180000,57730,57730,57730,57730,0,2028660
1788495210000,57730,57730,57710,57710,60,2028720
1788495240000,57710,57746.2,57710,57746.2,60,2028780
1788495270000,57746.2,57746.2,57742,57742,90,2028780
1788495300000,57742,57750,57712.2,57750,90,2028780
1788495330000,57750,57750,57750,57750,210,2028840
1788495360000,57750,57763.8,57750,57755,360,2028750
1788495390000,57755,57759.4,57755,57757.8,300,2028750
1788495420000,57757.8,57757.8,57740,57740,420,2029050
1788495450000,57740,57744.6,57740,57740,60,2029050
1788495480000,57740,57740,57737.8,57738,90,2029200
1788495510000,57738,57738,57725,57725,300,2029200
1788495540000,57725,57725,57725,57725,0,2029200
1788495570000,57725,57725,57716,57716,90,2029530
1788495600000,57715,57715,57712,57712,120,2029620
1788495630000,57712,57712,57712,57712,0,2029620
1788495660000,57720,57725,57710,57725,420,2029890
1788495690000,57725,57725,57711.6,57711.6,150,2029890
1788495720000,57756.8,57756.8,57756.8,57756.8,120,2029890
1788495750000,57756.8,57756.8,57742.8,57742.8,60,2029950
1788495780000,57756.8,57757,57745,57745,180,2030010
1788495810000,57745,57757,57745,57750,90,2030010
1788495840000,57750,57759.8,57750,57758.2,120,2030100
1788495870000,57758.2,57758.2,57742.8,57750,240,2030100
1788495900000,57755.4,57756.2,57740,57750,180,2030100
1788495930000,57750,57750,57750,57750,30,2030370
1788495960000,57750,57754,57750,57750,600,2030340
1788495990000,57750,57750,57740,57740,120,2030340
1788496020000,57740,57740,57740,57740,0,2030340
1788496050000,57755,57760,57755,57760,120,2030880
1788496080000,57760,57765,57760,57765,120,2030880
1788496110000,57763,57775,57760,57767,300,2030790
1788496140000,57774.6,57774.6,57772.8,57774.4,120,2030790
1788496170000,57774.4,57774.4,57747,57768.6,90,2030970
1788496200000,57768.6,57772,57768.6,57771.8,150,2030970
1788496230000,57771.6,57772.2,57771.6,57772.2,150,2030970
1788496260000,57772.2,57789,57772.2,57785,690,2030580
1788496290000,57785,57785,57785,57785,60,2030580
1788496320000,57785,57785,57785,57785,60,2030580
1788496350000,57782,57785,57782,57785,120,2030580
1788496380000,57785,57790,57785,57785,90,2030700
1788496410000,57785,57795,57785,57795,540,2030700
1788496440000,57795,57798,57794.8,57794.8,480,2030460
1788496470000,57794.8,57794.8,57785,57788,120,2030460
1788496500000,57788,57789,57785,57785,330,2030460
1788496530000,57789,57789,57780,57780,1410,2030730
1788496560000,57780,57786.6,57780,57786.6,180,2030730
1788496590000,57788.8,57788.8,57755.2,57760,1320,2032080
1788496620000,57760,57760,57750.2,57750.2,210,2032080
1788496650000,57750.2,57780,57750.2,57780,30,2031180
1788496680000,57780,57784.8,57780,57784.8,210,2031240
1788496710000,57785,57785,57785,57785,30,2031240
1788496740000,57780,57785,57755.8,57785,420,2031240
1788496770000,57785,57785,57784,57784,30,2031420
1788496800000,57784,57784,57751,57768.4,60,2031420
1788496830000,57770,57770.4,57751,57751,240,2031420
1788496860000,57751,57773.4,57751,57773.4,60,2031420
1788496890000,57773.4,57773.4,57773.4,57773.4,0,2031420
1788496920000,57773.4,57773.4,57764.6,57764.6,60,2031630
1788496950000,57764.6,57764.6,57764.6,57764.6,0,2031630
1788496980000,57750,57762.6,57750,57762.6,420,2031690
1788497010000,57741,57750,57741,57750,90,2031960
1788497040000,57750,57750,57740,57740,120,2031960
1788497070000,57740,57750,57740,57750,30,2032080
1788497100000,57750,57750,57736,57736,570,2032080
1788497130000,57736,57743.6,57736,57740,90,2032560
1788497160000,57740,57740,57731,57733,60,2032560
1788497190000,57733,57767.4,57732.6,57766.4,330,2032650
1788497220000,57765,57773.4,57738.2,57773.4,330,2032650
1788497250000,57747.8,57781,57747.8,57776,240,2032830
1788497280000,57776,57779,57776,57779,30,2032830
1788497310000,57780,57780,57780,57780,30,2032830
1788497340000,57780,57780,57777,57777,30,2032860
1788497370000,57777,57777,57772.4,57772.4,30,2032890
1788497400000,57772.4,57775.4,57772.4,57775.4,30,2032890
1788497430000,57774.8,57779.6,57774.8,57779.6,150,2032920
1788497460000,57779.6,57780,57776,57780,240,2032920
1788497490000,57780,57780.2,57780,57780.2,30,2032980
1788497520000,57780.2,57785,57780.2,57785,270,2032980
1788497550000,57785,57790,57785,57790,180,2032740
1788497580000,57790,57790,57780.2,57780.2,60,2032740
1788497610000,57780.2,57789,57780.2,57780.2,60,2032740
1788497640000,57780.2,57789,57780.2,57789,90,2032740
1788497670000,57789,57789,57770,57770,90,2032830
1788497700000,57788,57800,57788,57800,1380,2032830
1788497730000,57800,57800,57790,57800,150,2032740
1788497760000,57800,57802,57800,57802,420,2032740
1788497790000,57802,57807.4,57800,57807,150,2032530
1788497820000,57807,57807,57800,57807,210,2032530
1788497850000,57807,57807,57800,57805,120,2032620
1788497880000,57805,57805,57805,57805,90,2032620
1788497910000,57805,57805,57790,57790,180,2032620
1788497940000,57790,57807,57790,57807,30,2032620
1788497970000,57807,57816,57807,57816,1080,2032650
1788498000000,57816,57877.6,57815,57850,11550,2032650
1788498030000,57850,57860,57840,57840,3750,2033280
1788498060000,57842,57842,57827,57834,1710,2033280
1788498090000,57834,57843.2,57834,57834,240,2037810
1788498120000,57835,57835,57834,57834,150,2037810
1788498150000,57834,57835,57834,57835,90,2038080
1788498180000,57835,57835,57826,57826,1200,2038080
1788498210000,57832.4,57832.4,57808,57820,1140,2039310
1788498240000,57820,57820,57820,57820,300,2039310
1788498270000,57820,57820,57815,57815,30,2040120
1788498300000,57815,57825,57815,57825,390,2040120
1788498330000,57825,57825,57811,57815,330,2040390
1788498360000,57815,57815,57806,57806,180,2040390
1788498390000,57806,57806,57806,57806,0,2040390
1788498420000,57806,57816,57806,57816,60,2040840
1788498450000,57816,57835,57816,57835,270,2040840
1788498480000,57835,57845,57825,57825,750,2040840
1788498510000,57825,57845,57825,57825,570,2040900
1788498540000,57825,57829,57820,57820,210,2040900
1788498570000,57820,57835,57820,57835,510,2041560
1788498600000,57835,57850,57825,57850,660,2041560
1788498630000,57850,57850,57850,57850,120,2042550
1788498660000,57850,57850,57830,57833.2,150,2042550
1788498690000,57833.2,57840,57833.2,57840,30,2042700
1788498720000,57840,57840,57835,57840,180,2042700
1788498750000,57840,57840,57840,57840,0,2042700
1788498780000,57840,57840,57835,57835,60,2042670
1788498810000,57839.6,57839.6,57825,57836,420,2042700
1788498840000,57836,57836,57836,57836,0,2042700
1788498870000,57836,57836,57836,57836,0,2042700
1788498900000,57821,57824,57815,57815,450,2043030
1788498930000,57828.6,57828.6,57818,57818,60,2043240
1788498960000,57818,57818,57818,57818,90,2043240
1788498990000,57818,57825,57818,57825,90,2043240
1788499020000,57825,57829,57825,57829,90,2043240
1788499050000,57825,57836,57825,57836,120,2043120
1788499080000,57825,57840,57825,57840,510,2043120
1788499110000,57840,57840,57840,57840,30,2042850
1788499140000,57840,57840,57840,57840,0,2042850
1788499170000,57840,57840,57828.8,57828.8,90,2042850
1788499200000,57848,57848,57848,57848,30,2042850
1788499230000,57847.8,57847.8,57820,57820,90,2042790
1788499260000,57820,57823,57820,57823,30,2042790
1788499290000,57823,57823,57823,57823,0,2042790
1788499320000,57823,57850,57823,57850,390,2042790
1788499350000,57850,57850,57850,57850,270,2042850
1788499380000,57850,57850,57850,57850,90,2042850
1788499410000,57850,57850,57850,57850,30,2042850
1788499440000,57840,57840,57840,57840,120,2042940
1788499470000,57840,57854.2,57840,57854.2,270,2043030
1788499500000,57850,57855,57850,57855,180,2043030
1788499530000,57855,57857.6,57851,57851,660,2043480
1788499560000,57855.2,57856,57852,57852,660,2043480
1788499590000,57852,57852,57851,57851,240,2044170
1788499620000,57851,57851,57851,57851,30,2044170
1788499650000,57851,57852,57845,57845,630,2044710
1788499680000,57846.6,57846.6,57844.6,57844.6,300,2044710
1788499710000,57844.6,57844.6,57825.8,57825.8,60,2044950
1788499740000,57825.8,57825.8,57825.8,57825.8,0,2044950
1788499770000,57825.8,57825.8,57825.8,57825.8,0,2044950
1788499800000,57843,57844.4,57843,57844.4,150,2044980
1788499830000,57844.4,57844.4,57842,57842,30,2045070
1788499860000,57842,57842,57830,57830,90,2045070
1788499890000,57830,57840.2,57830,57840.2,60,2045070
1788499920000,57840.2,57845,57840.2,57845,60,2045070
1788499950000,57845,57845,57830,57830,30,2045070
1788499980000,57848,57848,57826,57826,120,2045070
1788500010000,57826,57843.6,57826,57843.6,30,2045040
1788500040000,57843.6,57843.6,57843.6,57843.6,0,2045040
1788500070000,57843.6,57843.6,57843.6,57843.6,0,2045040
1788500100000,57830,57830,57830,57830,60,2045040
1788500130000,57830,57830,57830,57830,0,2045040
1788500160000,57830,57835,57830,57835,150,2044980
1788500190000,57835,57835,57830,57830,30,2044980
1788500220000,57830,57850,57830,57850,240,2044890
1788500250000,57853,57855,57841.8,57852,270,2044800
1788500280000,57855,57862,57855,57862,390,2044800
1788500310000,57865,57867,57865,57867,210,2044590
1788500340000,57867,57867,57860,57860,60,2044590
1788500370000,57860,57868,57860,57868,450,2044200
1788500400000,57869,57897,57869,57897,2730,2044200
1788500430000,57897,57897.8,57880,57880,660,2043630
1788500460000,57897.8,57900,57880,57898,2370,2043630
1788500490000,57880,57880,57880,57880,150,2043000
1788500520000,57880,57880,57880,57880,150,2043000
1788500550000,57880.2,57891,57880,57880,540,2043060
1788500580000,57875,57876.2,57874.4,57874.4,210,2043060
1788500610000,57874.4,57874.4,57843.6,57874.4,180,2043510
1788500640000,57845.2,57872,57845.2,57872,90,2043510
1788500670000,57872,57872,57842.8,57842.8,240,2043420
1788500700000,57843.4,57872.2,57843.4,57850,300,2043420
1788500730000,57850,57872,57850,57851.4,180,2043330
1788500760000,57851.4,57884,57851.4,57884,120,2043330
1788500790000,57888,57888,57871,57871,600,2043330
1788500820000,57878.6,57895,57870.6,57895,510,2043420
1788500850000,57870.6,57895.2,57860,57885.6,450,2044020
1788500880000,57870,57892,57860.2,57891.2,300,2044020
1788500910000,57891.2,57891.2,57885,57885,60,2044350
1788500940000,57891.2,57891.2,57870.2,57890,90,2044350
1788500970000,57890,57890,57872,57872,120,2044440
1788501000000,57872,57892,57872,57875.2,2580,2044440
1788501030000,57875.2,57890,57874.6,57875.2,510,2042400
1788501060000,57895,57895,57883,57895,660,2042400
1788501090000,57895,57899,57894,57899,300,2042040
1788501120000,57899,57925,57895.2,57925,3600,2042040
1788501150000,57900,57924.2,57895,57910.2,360,2041590
1788501180000,57910.2,57924,57910.2,57922.2,120,2041590
1788501210000,57921.8,57921.8,57910,57920,990,2042400
1788501240000,57920,57920,57901.2,57919.2,240,2042400
1788501270000,57910.2,57910.2,57905,57905,840,2042400
1788501300000,57910,57919.6,57905.2,57915.2,570,2043090
1788501330000,57915.2,57920,57915,57920,390,2042790
1788501360000,57920,57928,57920,57927.2,870,2042790
1788501390000,57927.2,57927.2,57918,57922.6,540,2043090
1788501420000,57922.6,57927.2,57922.6,57927.2,390,2043090
1788501450000,57915.2,57915.2,57892.8,57904,420,2043780
1788501480000,57904,57904,57904,57904,150,2043780
1788501510000,57904,57915,57904,57915,120,2043810
1788501540000,57918.4,57918.4,57910,57917.6,510,2043810
1788501570000,57915,57917.6,57914.8,57915,180,2043810
1788501600000,57914,57914,57900,57914,1560,2044290
1788501630000,57914,57914,57914,57914,60,2045010
1788501660000,57904,57910,57904,57904,150,2045010
1788501690000,57904,57911,57904,57911,60,2045040
1788501720000,57911,57911,57910,57910,60,2045040
1788501750000,57910,57920,57910,57920,330,2045040
1788501780000,57920,57925,57920,57925,360,2044800
1788501810000,57925,57925,57925,57925,30,2044800
1788501840000,57925,57925,57923.8,57923.8,60,2044290
1788501870000,57923.8,57923.8,57910,57910,120,2044290
1788501900000,57909,57909,57909,57909,150,2044290
1788501930000,57905,57916.8,57901,57901,240,2044470
1788501960000,57901,57901,57901,57901,180,2044470
1788501990000,57901,57902,57901,57902,150,2044470
1788502020000,57902.2,57910,57902,57910,2190,2044710
1788502050000,57911,57911,57905,57905,930,2044710
1788502080000,57905,57905,57905,57905,0,2044710
1788502110000,57905,57933.4,57905,57933.4,2280,2048250
1788502140000,57933.4,57948,57930,57948,2340,2048250
1788502170000,57950,57950,57948,57948,3690,2048250
1788502200000,57949,57953.4,57944,57949,1290,2046570
1788502230000,57949,57949,57944,57944,180,2046330
1788502260000,57944,57944,57932,57932,240,2046330
1788502290000,57932,57940,57932,57940,120,2046360
1788502320000,57940,57940,57925,57925,30,2046360
1788502350000,57925,57925,57910,57910,210,2046360
1788502380000,57910,57910,57897.2,57897.4,480,2046210
1788502410000,57897.4,57897.4,57894,57894.2,180,2046210
1788502440000,57894.2,57894.2,57894.2,57894.2,0,2046210
1788502470000,57894.2,57894.2,57890,57890,270,2043960
1788502500000,57885,57892.8,57872.2,57872.2,270,2043960
1788502530000,57872.4,57890,57872.4,57890,120,2043900
1788502560000,57890,57900,57890,57900,90,2043900
1788502590000,57900,57910,57900,57910,210,2043900
1788502620000,57910,57910,57883.4,57887.6,270,2043840
1788502650000,57887.6,57900,57887.6,57900,90,2043840
1788502680000,57900,57918,57900,57905.8,90,2043900
1788502710000,57918,57918,57900,57900,90,2043900
1788502740000,57918,57933.8,57918,57933.8,420,2043840
1788502770000,57933,57933,57891.8,57930.2,960,2043840
1788502800000,57930.6,57939.8,57930,57930,450,2044080
1788502830000,57940,57942.2,57936.6,57940,480,2044080
1788502860000,57940,57944.2,57910,57910,360,2044710
1788502890000,57944.8,57944.8,57909,57941.2,720,2044710
1788502920000,57942.2,57944.8,57940,57940,120,2045580
1788502950000,57908.6,57938.6,57908.6,57935,150,2045580
1788502980000,57938,57938,57895.2,57930.4,120,2045250
1788503010000,57930.4,57931.4,57896,57906,600,2045250
1788503040000,57935,57938.8,57905,57905,540,2045310
1788503070000,57938,57938,57930,57933.6,150,2045310
1788503100000,57933.6,57935,57901.4,57934,180,2045400
1788503130000,57934,57935.8,57902.2,57934.2,270,2045400
1788503160000,57934.2,57934.2,57901.2,57907,150,2045730
1788503190000,57907,57935,57907,57935,390,2045730
1788503220000,57934.8,57934.8,57907.8,57907.8,90,2046030
1788503250000,57907.8,57935,57907.8,57934.8,60,2046030
1788503280000,57907,57934.8,57897,57898,210,2046120
1788503310000,57898,57932.8,57890.2,57890.2,120,2046120
1788503340000,57890.2,57925,57890.2,57925,60,2046030
1788503370000,57892.4,57925,57892.4,57925,90,2046030
1788503400000,57899,57931.6,57895.2,57928.6,510,2046150
1788503430000,57895.2,57927,57895.2,57924.2,150,2046150
1788503460000,57900,57927,57899.8,57924.6,960,2046150
1788503490000,57924.6,57924.6,57899.8,57899.8,480,2046150
1788503520000,57899.8,57921.4,57899.8,57900,540,2046330
1788503550000,57900,57900,57900,57900,0,2046330
1788503580000,57900,57900,57890,57890,240,2046120
1788503610000,57890,57890,57880.2,57890,150,2046120
1788503640000,57890,57890,57882.6,57882.6,60,2046120
1788503670000,57880,57882.6,57873.2,57882.6,330,2046120
1788503700000,57882.6,57882.6,57882.6,57882.6,0,2046120
1788503730000,57882.6,57882.6,57882.6,57882.6,0,2046120
1788503760000,57870.2,57870.4,57870.2,57870.2,90,2046090
1788503790000,57870.2,57885,57870.2,57870.2,180,2046090
1788503820000,57870.2,57871,57870.2,57870.2,60,2046180
1788503850000,57870.2,57870.4,57870.2,57870.2,60,2046180
1788503880000,57870.2,57870.2,57870.2,57870.2,0,2046180
1788503910000,57871.8,57889,57871.8,57889,240,2046090
1788503940000,57889,57889,57883,57883,30,2046030
1788503970000,57883,57890,57877,57877,90,2046030
1788504000000,57877,57899.8,57877,57899.8,150,2046030
1788504030000,57899.8,57899.8,57899.8,57899.8,0,2046030
1788504060000,57880,57899.8,57880,57899.8,60,2046000
1788504090000,57899.8,57899.8,57890,57890,30,2046000
1788504120000,57880,57899.8,57880,57899.8,60,2046030
1788504150000,57899.8,57899.8,57899.8,57899.8,0,2046030
1788504180000,57899.8,57899.8,57890,57890,30,2046030
1788504210000,57890,57890,57880.4,57880.4,30,2046030
1788504240000,57880.4,57880.4,57880,57880,30,2046090
1788504270000,57880,57880,57880,57880,30,2046090
1788504300000,57880,57894,57880,57894,60,2046030
1788504330000,57880.6,57885.4,57871.8,57871.8,270,2046030
1788504360000,57871.8,57871.8,57870,57870,420,2046060
1788504390000,57875.6,57875.6,57862,57862,270,2046060
1788504420000,57862,57862,57862,57862,60,2046210
1788504450000,57860,57878,57860,57878,210,2046210
1788504480000,57859,57859,57859,57859,60,2046210
1788504510000,57870,57875,57870,57875,120,2046090
1788504540000,57875,57875,57870,57870,60,2046030
1788504570000,57870,57870,57870,57870,60,2046030
1788504600000,57870,57876,57870,57876,180,2046060
1788504630000,57876,57876,57865,57865,30,2046060
1788504660000,57865,57865,57864.2,57864.2,60,2046060
1788504690000,57864.2,57864.2,57862,57862,60,2046150
1788504720000,57875,57876,57850,57850,1050,2046300
1788504750000,57850,57850,57850,57850,60,2046300
1788504780000,57850,57850,57850,57850,0,2046300
1788504810000,57850,57850,57850,57850,30,2046060
1788504840000,57850,57860,57850,57856.8,570,2046060
1788504870000,57856.8,57860,57856.8,57860,30,2046060
1788504900000,57860,57860,57856.8,57856.8,90,2046060
1788504930000,57856.8,57860,57852.8,57857.4,300,2046060
1788504960000,57854.4,57860,57854.4,57860,90,2046030
1788504990000,57860,57878.8,57860,57875,270,2046030
1788505020000,57875,57875,57875,57875,0,2046030
1788505050000,57875,57875,57875,57875,0,2046030
1788505080000,57875,57875,57870,57870,120,2046210
1788505110000,57862,57879,57859.6,57875,150,2046210
1788505140000,57875,57875,57875,57875,0,2046210
1788505170000,57875,57875,57875,57875,0,2046210
1788505200000,57870.2,57870.2,57870,57870,150,2046090
1788505230000,57860,57860,57860,57860,240,2046090
1788505260000,57860,57860,57852.6,57852.6,30,2046150
1788505290000,57852.6,57852.6,57852.6,57852.6,0,2046150
1788505320000,57852.6,57852.6,57852.6,57852.6,30,2046150
1788505350000,57868,57870,57853,57870,270,2046150
1788505380000,57870,57870,57870,57870,0,2046150
1788505410000,57859,57866,57855,57863,390,2046270
1788505440000,57863,57870,57863,57870,30,2046420
1788505470000,57870,57870,57870,57870,0,2046420
1788505500000,57870,57870,57870,57870,0,2046420
1788505530000,57870,57870,57870,57870,120,2046450
1788505560000,57870,57875,57866,57866,360,2046360
1788505590000,57866,57874.8,57855,57874.8,120,2046360
1788505620000,57874.8,57874.8,57853,57853,60,2046630
1788505650000,57853,57853,57850,57850,270,2046630
1788505680000,57850,57850,57850,57850,60,2046690
1788505710000,57850,57850,57850,57850,0,2046690
1788505740000,57850,57850,57850,57850,30,2046690
1788505770000,57850,57850,57850,57850,30,2046480
1788505800000,57850,57850,57850,57850,0,2046480
1788505830000,57860,57860,57860,57860,30,2046480
1788505860000,57860,57860,57860,57860,0,2046480
1788505890000,57860,57860,57860,57860,30,2046510
1788505920000,57860,57860,57860,57860,0,2046510
1788505950000,57860,57867.6,57860,57867.6,120,2046510
1788505980000,57867.6,57867.6,57867.6,57867.6,0,2046510
1788506010000,57867.4,57867.4,57867.4,57867.4,60,2046450
1788506040000,57867.4,57867.4,57867.4,57867.4,0,2046450
1788506070000,57867.4,57867.4,57867.4,57867.4,0,2046450
1788506100000,57867.4,57867.4,57861.2,57861.2,30,2046510
1788506130000,57861.2,57861.2,57848,57848,120,2046510
1788506160000,57865,57865,57845,57850,300,2046390
1788506190000,57844,57844,57844,57844,60,2046390
1788506220000,57844,57844,57844,57844,150,2046600
1788506250000,57844,57844,57844,57844,0,2046600
1788506280000,57844,57846,57844,57846,60,2046600
1788506310000,57846,57846,57840,57846,240,2046660
1788506340000,57846,57865,57845,57865,60,2046420
1788506370000,57865,57865,57865,57865,30,2046420
1788506400000,57865,57865,57865,57865,30,2046420
1788506430000,57865,57865,57865,57865,0,2046420
1788506460000,57865,57865,57851,57851,30,2046480
1788506490000,57851,57851,57851,57851,120,2046480
1788506520000,57851,57851,57851,57851,30,2046480
1788506550000,57851,57865,57851,57865,60,2046390
1788506580000,57865,57865,57865,57865,0,2046390
1788506610000,57865,57865,57856,57856,30,2046390
1788506640000,57856,57860,57856,57858,660,2046420
1788506670000,57858,57858,57854,57854,90,2046420
1788506700000,57854,57856,57841.2,57841.2,930,2046930
1788506730000,57841.2,57841.2,57841.2,57841.2,0,2046930
1788506760000,57841.2,57841.2,57841,57841,30,2046930
1788506790000,57840,57840,57840,57840,60,2046930
1788506820000,57840,57840,57820,57820,1320,2046180
1788506850000,57819.2,57830,57818,57830,120,2046180
1788506880000,57830,57830,57820.2,57830,1860,2046030
1788506910000,57830,57848,57825.8,57826.6,360,2046030
1788506940000,57826.6,57845,57826.6,57845,60,2046030
1788506970000,57845,57850,57830.2,57850,240,2045910
1788507000000,57832.6,57850,57832.6,57838.6,330,2045700
1788507030000,57838.6,57860,57838.6,57860,660,2045700
1788507060000,57860,57860,57860,57860,0,2045700
1788507090000,57860,57860,57860,57860,0,2045700
1788507120000,57860,57860,57850,57850,120,2045010
1788507150000,57850,57850,57850,57850,30,2045070
1788507180000,57850,57850,57850,57850,0,2045070
1788507210000,57867.8,57867.8,57850,57850,60,2045070
1788507240000,57850,57850,57850,57850,0,2045070
1788507270000,57850,57850,57850,57850,90,2045100
1788507300000,57850,57850,57834.6,57834.6,120,2045100
1788507330000,57834.6,57835.2,57834.6,57835.2,30,2045070
1788507360000,57835.2,57840,57835.2,57838,60,2045010
1788507390000,57838,57840,57838,57840,30,2045010
1788507420000,57840,57840,57840,57840,0,2045010
1788507450000,57840,57842.2,57840,57842.2,120,2045040
1788507480000,57842.2,57867,57842.2,57867,210,2045040
1788507510000,57867,57867,57867,57867,0,2045040
1788507540000,57867,57875,57866.6,57875,300,2045160
1788507570000,57874.8,57880,57859.4,57866,180,2045160
1788507600000,57866,57867.4,57866,57867.4,30,2045160
1788507630000,57885,57887,57872.2,57872.2,120,2045190
1788507660000,57887,57887,57875.6,57887,150,2045190
1788507690000,57888,57888,57870.6,57870.6,60,2045070
1788507720000,57871.2,57871.2,57871.2,57871.2,30,2045070
1788507750000,57871.2,57872,57871.2,57872,30,2045040
1788507780000,57872,57872,57872,57872,0,2045040
1788507810000,57872,57872,57872,57872,0,2045040
1788507840000,57872,57887,57871.2,57874.4,180,2045010
1788507870000,57874,57887,57874,57875,120,2044980
1788507900000,57875,57875,57875,57875,30,2044980
1788507930000,57875,57890,57875,57889.8,420,2044980
1788507960000,57877.6,57891.2,57877.6,57891.2,120,2044860
1788507990000,57891.2,57897,57891.2,57897,270,2044860
1788508020000,57897,57910,57897,57905,930,2044860
1788508050000,57905,57913,57905,57913,330,2044560
1788508080000,57913,57913,57906,57910,90,2044560
1788508110000,57910,57911,57908.6,57908.6,300,2044410
1788508140000,57909,57915,57907.4,57907.4,270,2044200
1788508170000,57907.4,57915,57907.4,57915,30,2044200
1788508200000,57915,57925,57915,57925,780,2044200
1788508230000,57935,57940,57930,57940,1590,2043690
1788508260000,57940,57940,57915,57915,60,2044410
1788508290000,57915,57924,57915,57915,120,2044410
1788508320000,57915,57940,57913.4,57913.4,390,2044350
1788508350000,57913.4,57918.4,57913.4,57918.4,30,2044350
1788508380000,57918.4,57941.8,57918.4,57925,630,2044350
1788508410000,57925,57934.8,57925,57934.8,120,2043780
1788508440000,57934.8,57934.8,57934.8,57934.8,0,2043780
1788508470000,57934.8,57934.8,57912.2,57912.2,30,2043240
1788508500000,57912.2,57912.2,57905,57905,270,2043240
1788508530000,57905,57905,57888.6,57888.6,60,2043360
1788508560000,57886.6,57892.8,57886.4,57892.8,210,2043360
1788508590000,57892.8,57909.4,57892.8,57909.4,120,2043120
1788508620000,57899.8,57900,57887.8,57900,390,2043270
1788508650000,57899.8,57917.8,57885,57885,570,2043270
1788508680000,57907.8,57912.8,57900,57909.8,420,2043510
1788508710000,57900,57910.2,57900,57910.2,120,2043510
1788508740000,57910.2,57910.2,57890,57890,30,2043510
1788508770000,57890,57890,57890,57890,60,2043600
1788508800000,57890,57890,57875,57875,30,2043600
1788508830000,57875,57890,57875,57890,30,2043600
1788508860000,57890,57890,57886.4,57886.4,210,2043600
1788508890000,57886.4,57900,57886.4,57900,30,2043390
1788508920000,57900,57900,57899,57899,90,2043390
1788508950000,57899,57899,57887.8,57887.8,150,2043510
1788508980000,57887.8,57890,57875.2,57875.2,240,2043360
1788509010000,57875.2,57885,57870.8,57870.8,600,2043360
1788509040000,57870.8,57885,57870.8,57885,60,2043360
1788509070000,57885,57885,57885,57885,0,2043360
1788509100000,57885,57885,57885,57885,120,2043330
1788509130000,57875.8,57885,57875.8,57885,60,2043300
1788509160000,57885,57900,57880.8,57894,450,2043300
1788509190000,57894,57907.6,57894,57907.6,30,2043390
1788509220000,57907.6,57907.6,57889.2,57889.2,30,2043390
1788509250000,57889.2,57895,57889.2,57895,30,2043360
1788509280000,57892,57892,57892,57892,30,2043360
1788509310000,57907.6,57907.6,57882.8,57882.8,90,2043360
1788509340000,57889.2,57890.8,57889.2,57890.8,60,2043360
1788509370000,57890.8,57907,57890.8,57907,240,2043390
1788509400000,57910,57915,57910,57915,300,2043390
1788509430000,57915,57924,57915,57924,60,2043300
1788509460000,57924,57924,57924,57924,0,2043300
1788509490000,57924,57924,57882.4,57892.4,120,2043300
1788509520000,57892.4,57892.4,57884,57884,30,2043300
1788509550000,57884,57900,57884,57900,30,2043180
1788509580000,57900,57900,57884.4,57884.4,30,2043180
1788509610000,57884.4,57884.4,57883.2,57883.2,60,2043180
1788509640000,57875,57880,57861.6,57870,270,2043180
1788509670000,57870,57870,57870,57870,90,2043090
1788509700000,57870,57870,57870,57870,30,2043090
1788509730000,57870,57870,57870,57870,90,2042970
1788509760000,57870,57870,57870,57870,0,2042970
1788509790000,57870,57870,57870,57870,0,2042970
1788509820000,57870,57870,57870,57870,0,2042970
1788509850000,57870,57873.2,57870,57873.2,30,2042880
1788509880000,57873.2,57875.2,57873.2,57875.2,60,2042880
1788509910000,57875.2,57890,57875.2,57875.2,90,2042880
1788509940000,57875,57875,57870,57870,210,2042880
1788509970000,57870,57870,57870,57870,720,2042880
1788510000000,57870,57870,57870,57870,0,2042880
1788510030000,57865.4,57865.6,57865.2,57865.2,210,2043540
1788510060000,57870,57870,57865,57865,90,2043540
1788510090000,57865,57865,57851,57851,270,2043390
1788510120000,57865,57865,57850,57850,360,2043390
1788510150000,57860,57860,57850,57850,180,2043390
1788510180000,57850,57852,57842,57842,120,2043390
1788510210000,57842,57852,57840.2,57852,180,2043420
1788510240000,57852,57852,57852,57852,0,2043420
1788510270000,57841,57841,57841,57841,60,2043450
1788510300000,57840.2,57840.2,57840.2,57840.2,60,2043450
1788510330000,57840.2,57841,57840.2,57840.2,60,2043420
1788510360000,57841,57850,57841,57850,270,2043420
1788510390000,57850,57852,57850,57852,60,2043240
1788510420000,57855.2,57855.2,57855.2,57855.2,30,2043240
1788510450000,57855.2,57859,57855.2,57859,60,2043240
1788510480000,57859,57859,57855,57855,150,2043210
1788510510000,57855,57855,57855,57855,0,2043210
1788510540000,57855,57855,57847,57847,30,2043030
1788510570000,57847,57847,57844,57844.4,210,2043030
1788510600000,57844.4,57850,57844.4,57850,60,2043030
1788510630000,57850,57850,57844.4,57844.4,30,2042880
1788510660000,57844,57844,57840.2,57840.2,90,2042880
1788510690000,57840.2,57840.2,57840.2,57840.2,60,2042820
1788510720000,57841,57841,57840,57840,300,2042820
1788510750000,57840,57840,57840,57840,0,2042820
1788510780000,57831.6,57838,57831.4,57831.4,270,2042940
1788510810000,57831.4,57840,57830,57840,120,2042730
1788510840000,57840,57840,57840,57840,0,2042730
1788510870000,57833.2,57833.2,57832,57832,180,2042670
1788510900000,57835.2,57841,57835.2,57841,360,2042670
1788510930000,57845.2,57847.4,57845.2,57847.4,60,2042370
1788510960000,57847.4,57847.4,57847.4,57847.4,30,2042370
1788510990000,57847.4,57847.4,57847.4,57847.4,0,2042370
1788511020000,57847.4,57847.4,57847.2,57847.2,30,2042370
1788511050000,57847.2,57847.2,57840,57846.2,1080,2042340
1788511080000,57846.2,57846.2,57835,57835,2220,2042340
1788511110000,57835.2,57840,57834.6,57839,3210,2042490
1788511140000,57836.4,57839,57833,57833,1170,2042490
1788511170000,57833,57835,57833,57835,840,2042250
1788511200000,57832.4,57840.6,57832.4,57835,1500,2042250
1788511230000,57832,57840,57832,57837.6,3120,2042160
1788511260000,57837.6,57837.6,57837.6,57837.6,0,2042160
1788511290000,57837.6,57837.6,57837.6,57837.6,0,2042160
1788511320000,57837.6,57855,57837.6,57837.6,120,2042100
1788511350000,57837.6,57855,57835.2,57835.2,240,2042160
1788511380000,57835.2,57855,57835.2,57855,180,2042160
1788511410000,57855,57860,57855,57860,150,2042160
1788511440000,57860,57870,57860,57870,120,2041590
1788511470000,57870,57870,57836.6,57836.6,3480,2039910
1788511500000,57836.6,57836.6,57836.6,57836.6,0,2039910
1788511530000,57836.6,57850,57825,57825,3060,2038440
1788511560000,57826.8,57826.8,57816,57825,3180,2038440
1788511590000,57815,57815,57801.4,57815,3720,2039640
1788511620000,57815,57815,57804.6,57815,210,2039640
1788511650000,57815,57815,57815,57815,0,2039640
1788511680000,57810,57810.4,57810,57810.4,90,2039700
1788511710000,57810.4,57823,57810.4,57811.6,150,2039700
1788511740000,57813.2,57823,57813.2,57815,180,2039700
1788511770000,57815,57822,57815,57815,90,2039640
1788511800000,57822,57822,57815,57815,90,2039640
1788511830000,57815.2,57823,57815.2,57823,540,2039580
1788511860000,57823,57823,57823,57823,0,2039580
1788511890000,57823,57823.2,57823,57823.2,30,2039400
1788511920000,57835,57845,57835,57845,240,2039400
1788511950000,57845,57845,57845,57845,0,2039400
1788511980000,57845,57845,57825.4,57825.4,30,2039370
1788512010000,57825.4,57829,57825.4,57829,90,2039310
1788512040000,57829,57845,57828.2,57845,240,2039310
1788512070000,57845,57845,57835,57835,570,2039040
1788512100000,57836,57852.2,57836,57852,930,2039040
1788512130000,57852,57862,57852,57862,270,2039730
1788512160000,57859,57859,57859,57859,270,2039730
1788512190000,57866.4,57866.4,57866.4,57866.4,270,2039730
1788512220000,57866.4,57866.4,57855,57855,30,2039790
1788512250000,57865,57865,57855,57855,300,2039880
1788512280000,57855,57855,57853.2,57853.2,60,2039880
1788512310000,57853.2,57865,57853.2,57865,600,2039970
1788512340000,57865,57865,57865,57865,0,2039970
1788512370000,57865,57865,57865,57865,0,2039970
1788512400000,57865,57870,57858,57870,450,2039790
1788512430000,57870,57870,57870,57870,30,2039790
1788512460000,57870,57870,57870,57870,30,2039790
1788512490000,57870,57870,57870,57870,0,2039790
1788512520000,57870,57885,57863.2,57880.4,630,2039790
1788512550000,57880.4,57896.4,57865,57896.4,450,2039760
1788512580000,57896.4,57899.2,57896.4,57899.2,90,2039760
1788512610000,57899.2,57899.2,57899,57899,180,2039760
1788512640000,57880.2,57880.2,57871.2,57871.2,120,2039760
1788512670000,57871.2,57871.2,57864.8,57864.8,60,2039760
1788512700000,57863.8,57881,57856.2,57881,330,2039760
1788512730000,57881,57881,57856,57856,30,2039730
1788512760000,57856,57890.6,57856,57889.6,570,2039730
1788512790000,57889.6,57889.6,57860.2,57861.2,90,2039730
1788512820000,57858.6,57858.6,57838.2,57840.6,390,2039730
1788512850000,57840.2,57846,57840.2,57846,90,2039730
1788512880000,57846,57846,57844.6,57844.8,90,2039610
1788512910000,57845.6,57845.6,57835.8,57835.8,120,2039520
1788512940000,57835.8,57836,57835.8,57835.8,90,2039520
1788512970000,57835.6,57835.6,57835.4,57835.4,120,2039520
1788513000000,57835.4,57835.6,57835.2,57835.6,180,2039520
1788513030000,57835.6,57835.6,57832.2,57832.2,180,2039550
1788513060000,57832.2,57833.8,57832.2,57833.8,900,2039550
1788513090000,57833.8,57843.6,57833.8,57843.6,120,2039310
1788513120000,57843.6,57843.6,57833.8,57833.8,30,2039310
1788513150000,57833.8,57836,57832,57836,150,2039310
1788513180000,57836,57836,57831,57831,120,2039400
1788513210000,57831,57831,57822.6,57822.6,150,2039190
1788513240000,57822.6,57824.8,57822.6,57822.6,90,2039190
1788513270000,57822.6,57822.6,57817.6,57820,270,2039220
1788513300000,57816,57820,57816,57816,240,2039220
1788513330000,57816,57818,57815,57818,360,2039010
1788513360000,57818,57818,57815,57815,90,2039010
1788513390000,57818,57818,57815,57818,210,2039010
1788513420000,57818,57818,57815,57815,120,2039010
1788513450000,57815,57818,57813.6,57813.6,660,2039010
1788513480000,57813.6,57818,57813.6,57813.8,150,2038350
1788513510000,57813.8,57818,57813.6,57813.6,120,2038200
1788513540000,57813.6,57828.4,57813.6,57828.4,660,2038200
1788513570000,57828.4,57828.4,57818.4,57818.4,1050,2038200
1788513600000,57818.4,57825.2,57818.4,57825.2,120,2038050
1788513630000,57823.6,57823.6,57813.8,57813.8,420,2038140
1788513660000,57813.8,57820,57813.8,57820,30,2038140
1788513690000,57820,57820,57813.8,57814.2,90,2038050
1788513720000,57814.4,57825.6,57814.2,57825.6,90,2038050
1788513750000,57814,57825,57813.6,57813.6,240,2038050
1788513780000,57813.6,57813.8,57813.6,57813.8,360,2038050
1788513810000,57812,57812,57808,57808,360,2038050
1788513840000,57806,57820,57805,57820,330,2038140
1788513870000,57820,57820,57810,57820,150,2038020
1788513900000,57820,57820,57805,57805,720,2038020
1788513930000,57805,57805,57801,57805,630,2038050
1788513960000,57805,57805,57801,57805,360,2038050
1788513990000,57805,57820,57805,57820,30,2038050
1788514020000,57805,57819.6,57801,57801,510,2037990
1788514050000,57801,57801.8,57800,57800,180,2037990
1788514080000,57800,57801.8,57800,57801.8,180,2038320
1788514110000,57801.8,57820,57801.8,57820,90,2038320
1788514140000,57820,57820,57820,57820,0,2038320
1788514170000,57820,57820,57793,57800,4590,2038080
1788514200000,57795,57809.4,57789,57790,1230,2035320
1788514230000,57790,57790,57784,57790,2430,2033430
1788514260000,57790,57790,57790,57790,330,2033430
1788514290000,57790,57790,57775,57784.6,930,2032650
1788514320000,57784.6,57784.6,57770,57770.4,5070,2032650
1788514350000,57780,57780,57769.2,57780,480,2032650
1788514380000,57780,57780,57780,57780,30,2030160
1788514410000,57780,57780,57780,57780,120,2030160
1788514440000,57780,57780,57780,57780,90,2030130
1788514470000,57780,57784.4,57777,57777,1680,2029980
1788514500000,57780,57784.4,57776,57780,1470,2029980
1788514530000,57780,57784,57777,57784,270,2029980
1788514560000,57784,57798.8,57777,57798.8,1260,2029800
1788514590000,57798.8,57798.8,57798.8,57798.8,0,2029800
1788514620000,57797,57797,57784,57784,120,2028960
1788514650000,57784,57784,57777,57777,60,2028960
1788514680000,57777,57784,57777,57777,60,2028960
1788514710000,57784,57784,57777,57781,90,2028930
1788514740000,57777,57777,57772,57772,210,2028930
1788514770000,57771.4,57781,57770,57770.2,150,2028930
1788514800000,57770.2,57780,57770.2,57779,420,2028450
1788514830000,57779,57798,57779,57798,90,2028450
1788514860000,57798,57798,57779,57779,150,2028030
1788514890000,57779,57779,57779,57779,0,2028030
1788514920000,57779,57796,57779,57796,270,2027880
1788514950000,57796,57796,57779.6,57779.6,270,2027880
1788514980000,57779.6,57780,57779.6,57780,90,2027550
1788515010000,57780,57795,57780,57795,90,2027550
1788515040000,57780,57794,57780,57794,210,2027430
1788515070000,57791,57791,57781.2,57788,120,2027370
1788515100000,57781,57781,57770.8,57781,690,2027370
1788515130000,57781,57800.4,57770.8,57800.4,1110,2027370
1788515160000,57772.8,57780,57772.8,57779.6,330,2024760
1788515190000,57777.4,57777.4,57771,57771,300,2024760
1788515220000,57771,57771,57771,57771,180,2023920
1788515250000,57784,57795,57771,57795,420,2023920
1788515280000,57795,57795,57772,57772,210,2023590
1788515310000,57772,57786,57772,57786,60,2023590
1788515340000,57786,57795,57775,57795,150,2023410
1788515370000,57795,57795,57777,57777,30,2023410
1788515400000,57775,57790,57765,57765,1020,2023410
1788515430000,57789.6,57789.6,57763.8,57778.4,120,2023410
1788515460000,57778.4,57790.4,57778.4,57778.4,90,2023830
1788515490000,57778.4,57780,57770,57770,660,2023830
1788515520000,57770,57770,57763,57763,2520,2026800
1788515550000,57763,57780,57763,57780,120,2026800
1788515580000,57780,57780,57765,57767.6,150,2024370
1788515610000,57780,57780,57763,57763,210,2024370
1788515640000,57763,57766.6,57760,57763,930,2024280
1788515670000,57763,57763,57763,57763,240,2024280
1788515700000,57763,57770,57763,57763,210,2023740
1788515730000,57763,57788.4,57763,57788.2,1290,2023740
1788515760000,57790.2,57797.8,57770,57797.8,2250,2023950
1788515790000,57797.8,57797.8,57775,57775,90,2023950
1788515820000,57775,57775,57775,57775,0,2023950
1788515850000,57775,57783.6,57775,57783.6,90,2024700
1788515880000,57783.2,57790,57771,57771,420,2024700
1788515910000,57771,57775,57771,57772,90,2024700
1788515940000,57782,57782,57771.4,57772,240,2024610
1788515970000,57772,57789.8,57772,57776,180,2024610
1788516000000,57789,57793.2,57765.4,57770,990,2022360
1788516030000,57770,57779.8,57770,57770,330,2022360
1788516060000,57770,57770,57760,57760,840,2021760
1788516090000,57760,57765,57753,57765,1140,2021760
1788516120000,57788.4,57788.4,57765,57766.6,180,2022090
1788516150000,57765,57765,57756.8,57760.8,1920,2022090
1788516180000,57774.4,57774.4,57765.8,57774,180,2021310
1788516210000,57773.8,57775,57773.8,57775,210,2021310
1788516240000,57775,57780,57775,57779.6,330,2021220
1788516270000,57779.6,57780,57769,57769,1050,2021220
1788516300000,57769,57779,57767.4,57769.8,300,2020260
1788516330000,57775,57775,57773,57774.8,690,2020260
1788516360000,57774.8,57774.8,57770,57774.6,60,2019450
1788516390000,57774.6,57775,57774.6,57775,90,2019450
1788516420000,57777.6,57778,57775,57775,660,2019360
1788516450000,57775,57775,57770.6,57770.6,570,2019360
1788516480000,57771,57780,57770.6,57772,480,2018880
1788516510000,57772,57775,57772,57775,480,2018880
1788516540000,57771,57771,57760,57760,540,2018700
1788516570000,57760,57775,57760,57775,570,2018700
1788752700000,57700,57722.8,57650,57650,4140,2015940
1788752730000,57655,57655,57590,57600,4350,2015940
1788752760000,57588.2,57588.2,57405,57470,11700,2017800
1788752790000,57469.4,57547.2,57462.2,57500,8010,2017800
1788752820000,57501.6,57521,57462.8,57468,7470,2014320
1788752850000,57479.6,57507.6,57465,57485,3660,2014320
1788752880000,57500.6,57500.6,57475,57495,2070,2015430
1788752910000,57485.2,57522,57485.2,57515,4710,2015430
1788752940000,57514.8,57546.6,57505,57505,6450,2017740
1788752970000,57505,57518.2,57497,57500.2,4260,2017740
1788753000000,57500.2,57527,57490,57507.2,9570,2023620
1788753030000,57507.2,57525,57505,57506,810,2023620
1788753060000,57506,57533.8,57506,57525,990,2024370
1788753090000,57525,57532.4,57502,57510.6,7380,2024370
1788753120000,57502.8,57512,57483,57495,3750,2032590
1788753150000,57483,57495,57475,57477.4,2010,2032590
1788753180000,57488,57515.8,57485,57498.4,840,2036910
1788753210000,57496.8,57496.8,57475,57490.2,660,2036910
1788753240000,57490.2,57494,57474,57492,1680,2038200
1788753270000,57475,57493.4,57475,57490,1680,2038200
1788753300000,57470,57470,57444.6,57444.6,5430,2039670
1788753330000,57444,57450,57429.6,57449.8,1470,2039670
1788753360000,57450,57450,57439.4,57450,2040,2039490
1788753390000,57435.2,57440.2,57425,57430,3960,2039490
1788753420000,57429.8,57439.8,57415,57415,2340,2040840
1788753450000,57423.6,57423.6,57407,57407,2460,2040840
1788753480000,57406,57407,57400.2,57401,2400,2041410
1788753510000,57400.2,57401,57385,57400,3960,2041410
1788753540000,57400,57402.6,57379.4,57379.4,1710,2041770
1788753570000,57380,57380,57360,57363.8,4590,2041770
1788753600000,57370.8,57399.6,57363.8,57386.4,4350,2042070
1788753630000,57390.4,57421.8,57390.4,57420.6,870,2042070
1788753660000,57400,57422,57396.8,57409.6,1380,2041320
1788753690000,57401.2,57410,57385,57385,1740,2041320
1788753720000,57385.2,57415.6,57385.2,57390,1380,2039370
1788753750000,57390,57419,57385.2,57385.2,1530,2039370
1788753780000,57385.2,57418.4,57385,57390,1200,2039100
1788753810000,57388,57412.6,57385,57410.2,360,2039100
1788753840000,57410.2,57415.6,57410.2,57415.6,150,2039040
1788753870000,57415.6,57422,57415.6,57419,390,2039040
1788753900000,57419,57425,57419,57425,930,2039100
1788753930000,57425,57460,57423,57435,720,2039100
1788753960000,57435,57460,57435,57459.8,390,2038500
1788753990000,57459.8,57460,57450,57460,270,2038500
1788754020000,57451,57460,57447,57460,480,2038860
1788754050000,57462,57462,57460,57460,240,2038860
1788754080000,57465,57470,57455,57462.2,450,2039040
1788754110000,57462,57465,57452,57452,330,2039040
1788754140000,57451,57451,57422.8,57430.2,420,2039250
1788754170000,57430.2,57464,57430.2,57436,450,2039250
1788754200000,57442.6,57464,57442.6,57442.6,240,2038950
1788754230000,57464,57485.8,57455,57455,750,2038950
1788754260000,57455,57479.2,57450,57475,450,2039010
1788754290000,57445.2,57467.6,57445,57445,270,2039010
1788754320000,57442.8,57458.2,57440,57449.6,300,2038650
1788754350000,57435,57475,57435,57438.8,480,2038650
1788754380000,57438.8,57473.2,57436.6,57440,510,2038800
1788754410000,57435,57464.8,57435,57440,240,2038800
1788754440000,57440,57450,57431,57431,180,2038740
1788754470000,57450,57450,57430.2,57450,510,2038740
1788754500000,57450,57460,57440,57459.8,750,2039190
1788754530000,57450,57470,57437.2,57437.2,390,2039190
1788754560000,57435,57469.6,57435,57440,180,2039040
1788754590000,57436.4,57455,57431.4,57431.4,420,2039040
1788754620000,57432.6,57468.8,57430,57440,660,2038890
1788754650000,57430.2,57430.6,57423.6,57430,330,2038890
1788754680000,57423.6,57440.2,57422.6,57422.6,360,2039130
1788754710000,57422,57435.4,57420.6,57420.6,240,2039130
1788754740000,57421,57421,57420,57420,690,2038650
1788754770000,57420,57449.8,57419,57449.8,300,2038650
1788754800000,57421.2,57450,57421.2,57421.6,360,2038560
1788754830000,57421.6,57449.8,57421.6,57426,450,2038560
1788754860000,57426,57460.4,57426,57433.6,210,2038230
1788754890000,57425,57449.6,57421,57425.6,300,2038230
1788754920000,57422.8,57428.4,57419,57419,210,2038050
1788754950000,57419,57443.6,57419,57430.4,270,2038050
1788754980000,57425.8,57455.8,57419.2,57419.2,510,2037450
1788755010000,57419.2,57450,57418.2,57423.2,300,2037450
1788755040000,57422.4,57448.2,57417,57425,330,2037330
1788755070000,57417.8,57426.4,57411,57411,240,2037330
1788755100000,57411,57425,57410,57425,570,2037030
1788755130000,57413.4,57438.4,57411,57411,660,2037030
1788755160000,57410,57437.2,57410,57437.2,120,2037030
1788755190000,57437.2,57437.2,57436.4,57436.4,90,2037030
1788755220000,57436.4,57468.6,57436.4,57450,420,2036700
1788755250000,57450,57450,57450,57450,30,2036700
1788755280000,57450,57450,57447,57447,30,2036700
1788755310000,57447,57447,57420,57447,90,2036700
1788755340000,57447,57447,57421,57421,90,2036790
1788755370000,57421,57430,57421,57430,90,2036790
1788755400000,57430,57430,57422.8,57422.8,150,2036790
1788755430000,57422.8,57423.6,57419.8,57419.8,120,2036910
1788755460000,57416.2,57419.8,57415,57415,180,2037000
1788755490000,57415,57436.2,57415,57435.8,180,2037000
1788755520000,57436,57439.4,57430.2,57439.2,1290,2035890
1788755550000,57439,57439.2,57439,57439.2,120,2035890
1788755580000,57439.2,57450,57439.2,57450,570,2035890
1788755610000,57450,57450,57440,57445,120,2035890
1788755640000,57445,57450,57439.4,57439.4,210,2035890
1788755670000,57439.4,57440,57439.4,57439.8,180,2036250
1788755700000,57439.8,57439.8,57419,57439.6,300,2036250
1788755730000,57439.6,57440,57439.6,57440,120,2036430
1788755760000,57440,57440,57429.4,57429.4,90,2036430
1788755790000,57429.4,57429.4,57425,57429.4,90,2036520
1788755820000,57429.4,57429.4,57420.4,57428.6,330,2036520
1788755850000,57428.6,57428.6,57428.6,57428.6,60,2036490
1788755880000,57428.6,57428.6,57410,57410,360,2032350
1788755910000,57410,57429.2,57410,57429.2,510,2032350
1788755940000,57428.8,57428.8,57414.8,57415,330,2032350
1788755970000,57415,57428.8,57415,57428.8,30,2032470
1788756000000,57415,57415,57414.8,57415,1020,2032470
1788756030000,57415,57429.4,57415,57429.4,300,2033100
1788756060000,57429.4,57439.2,57418,57418,390,2032920
1788756090000,57419,57439,57419,57439,120,2032920
1788756120000,57419,57450,57419,57450,390,2032920
1788756150000,57450,57450,57421.6,57421.6,120,2033190
1788756180000,57421.6,57430,57419,57430,120,2033190
1788756210000,57422.6,57439.6,57405,57405,1920,2033280
1788756240000,57405,57405,57400,57400,3900,2034780
1788756270000,57397.8,57400,57395,57400,480,2034780
1788756300000,57400,57400,57385,57390,1530,2037030
1788756330000,57391.4,57431.8,57390.4,57427.8,510,2037030
1788756360000,57395,57415,57381,57382.6,780,2037030
1788756390000,57380,57408.8,57378,57378,1170,2036640
1788756420000,57350,57401.4,57328.6,57369,43380,2036640
1788756450000,57325,57368.8,57324.2,57358,12330,2005770
1788756480000,57358,57369,57358,57369,1320,1995420
1788756510000,57383,57410,57373.4,57410,300,1995420
1788756540000,57410,57410,57388,57408.4,510,1995540
1788756570000,57407,57412.8,57381,57381,900,1995540
1788756600000,57381,57415.2,57378,57381,1140,1996170
1788756630000,57380,57391,57378,57378,660,1996170
1788756660000,57371,57398.8,57366,57394,1590,1996170
1788756690000,57369.2,57399.8,57369.2,57399.8,450,1996560
1788756720000,57370.2,57394.8,57370.2,57377.8,1110,1996560
1788756750000,57382,57400,57381.2,57385,660,1996560
1788756780000,57385,57418.4,57383.4,57385,690,1996560
1788756810000,57385,57389,57385,57385,60,1996800
1788756840000,57389,57404.4,57383.2,57383.2,90,1996800
1788756870000,57390,57390,57383.2,57383.2,90,1996920
1788756900000,57383.2,57383.2,57375,57378,210,1996920
1788756930000,57378,57378,57375,57375,90,1997100
1788756960000,57375,57385,57375,57385,90,1997100
1788756990000,57375,57388.8,57365,57385,540,1997250
1788757020000,57385,57385,57370,57385,210,1997250
1788757050000,57385,57385,57365,57365,90,1997160
1788757080000,57388.4,57388.4,57360,57360,330,1997160
1788757110000,57360,57385,57360,57385,420,1996920
1788757140000,57356.6,57385,57356.6,57368.4,300,1996920
1788757170000,57365,57384.8,57365,57384.8,210,1997190
1788757200000,57384.8,57384.8,57365,57365,60,1997190
1788757230000,57383.4,57383.4,57365.2,57372.4,150,1997430
1788757260000,57383,57384.6,57370,57384.6,390,1997430
1788757290000,57383,57389.6,57383,57385,210,1997400
1788757320000,57389.8,57400,57383,57390,270,1997400
1788757350000,57383,57398.8,57380,57380,150,1997460
1788757380000,57380,57398.6,57380,57398,300,1997460
1788757410000,57398,57398,57383.2,57384.4,120,1997640
1788757440000,57397.8,57397.8,57387.6,57397.6,270,1997640
1788757470000,57397.6,57398.4,57388,57388,60,1997340
1788757500000,57388,57418,57388,57400,540,1997340
1788757530000,57400,57414.8,57400,57400,540,1997670
1788757560000,57400,57415,57392.8,57415,1140,1997670
1788757590000,57404.6,57414.8,57397.2,57401.2,2100,1998480
1788757620000,57401.2,57418,57401.2,57407.6,930,1998480
1788757650000,57410,57418.8,57409.8,57418.8,1530,1998570
1788757680000,57418.8,57425,57418.8,57424.8,330,1998570
1788757710000,57410.8,57420,57410.8,57419.6,180,1998840
1788757740000,57419.6,57419.6,57410,57410,150,1998840
1788757770000,57401,57406.6,57401,57404.4,120,1999080
1788757800000,57404,57417.8,57401,57405.6,810,1999080
1788757830000,57404.6,57405,57401.6,57401.6,420,1999140
1788757860000,57401.8,57414.8,57401.8,57404,330,1999140
1788757890000,57414.8,57415,57402,57415,210,1999230
1788757920000,57415,57415,57415,57415,0,1999230
1788757950000,57405,57415,57394.6,57394.6,690,1999410
1788757980000,57394.6,57410,57394.6,57410,90,1999410
1788758010000,57415,57415,57401.2,57401.2,210,1999200
1788758040000,57415,57417,57401,57401,510,1999200
1788758070000,57401,57406.6,57385.2,57406.6,120,1999710
1788758100000,57406.6,57412,57406.6,57412,90,1999710
1788758130000,57412,57412,57398,57400.6,90,1999800
1788758160000,57400.6,57400.6,57390,57400,210,1999800
1788758190000,57400,57404.4,57390,57398.4,120,1999920
1788758220000,57398.4,57400,57382.8,57400,180,1999920
1788758250000,57400,57404,57381,57404,330,1999950
1788758280000,57404,57404,57381,57381,120,1999950
1788758310000,57381,57382,57381,57382,30,2000190
1788758340000,57380,57380,57380,57380,60,2000190
1788758370000,57380,57380,57380,57380,0,2000190
1788758400000,57380,57410.2,57380,57400,330,1997520
1788758430000,57400,57415,57400,57415,90,1997580
1788758460000,57415,57415,57403,57403,60,1997580
1788758490000,57403,57403,57403,57403,90,1997580
1788758520000,57405,57405,57387,57387,60,1997580
1788758550000,57387,57405,57387,57405,30,1997670
1788758580000,57405,57405,57405,57405,30,1997670
1788758610000,57405,57410,57397.8,57397.8,150,1997670
1788758640000,57397.8,57397.8,57395,57395,90,1997670
1788758670000,57395,57409,57395,57409,60,1997670
1788758700000,57409,57409,57393.8,57409,60,1997670
1788758730000,57400,57407,57400,57407,60,1997670
1788758760000,57407,57407,57407,57407,0,1997670
1788758790000,57407,57407,57386,57386,1260,1997820
1788758820000,57386,57400,57385,57385,90,1997820
1788758850000,57385,57385,57380.2,57380.2,180,1997820
1788758880000,57380.2,57400,57380.2,57400,30,1999140
1788758910000,57400,57405,57400,57405,30,1999140
1788758940000,57400,57400,57395,57395,90,1999200
1788758970000,57395,57395,57395,57395,30,1999290
1788759000000,57390,57400,57388.4,57389.6,450,1999290
1788759030000,57390.2,57390.2,57386.6,57389.6,1800,1999410
1788759060000,57410,57410,57410,57410,60,1999410
1788759090000,57410,57410,57397.6,57410,90,1999410
1788759120000,57410,57410,57410,57410,30,1999410
1788759150000,57410,57410,57400,57400,90,1999410
1788759180000,57400,57410,57400,57400,210,1999410
1788759210000,57400,57400,57395.4,57400,480,1999500
1788759240000,57400,57400,57390,57390,90,1999500
1788759270000,57390,57390,57380,57380,330,1999620
1788759300000,57380,57400,57380,57400,60,1999620
1788759330000,57400,57400,57380,57400,150,1999890
1788759360000,57400,57400,57400,57400,0,1999890
1788759390000,57400,57400,57380,57380,90,1999890
1788759420000,57380,57380,57380,57380,270,1999890
1788759450000,57380,57399,57377,57377,330,1999950
1788759480000,57373,57394.8,57373,57373,390,1999950
1788759510000,57373,57373,57371.8,57372,180,2000220
1788759540000,57372,57372.8,57372,57372,1020,2000220
1788759570000,57372,57392,57372,57392,60,2000220
1788759600000,57392,57392,57371.6,57388.8,1380,2000370
1788759630000,57388.8,57388.8,57371,57371,4380,2000490
1788759660000,57371,57371,57371,57371,0,2000490
1788759690000,57378,57388.8,57378,57388.8,90,2000520
1788759720000,57375,57375.4,57375,57375.4,360,2000520
1788759750000,57375.4,57379.8,57375.4,57379.8,540,2000610
1788759780000,57373,57379.6,57373,57375,90,2000610
1788759810000,57375,57375,57366,57372.8,660,2001240
1788759840000,57372.8,57372.8,57372.6,57372.6,30,2001240
1788759870000,57372.4,57372.4,57369.8,57370,330,2001810
1788759900000,57370,57375,57366,57374.8,270,2001810
1788759930000,57365,57375,57361.4,57375,930,2002080
1788759960000,57361.2,57370,57351.2,57351.2,3240,2002080
1788759990000,57351.2,57370,57351.2,57364.8,570,2002740
1788760020000,57364.8,57388.8,57364.8,57369.8,270,2002740
1788760050000,57369.8,57388,57359.2,57387.8,2490,2002590
1788760080000,57378.8,57389.8,57378.6,57389.8,1200,2002590
1788760110000,57390,57392,57390,57392,300,2002560
1788760140000,57392,57392,57390,57392,120,2002560
1788760170000,57395,57398.8,57380,57398.8,120,2002440
1788760200000,57398.8,57398.8,57398.8,57398.8,0,2002440
1788760230000,57398,57398,57398,57398,60,2002410
1788760260000,57398,57400,57391,57391,810,2002410
1788760290000,57391,57400,57391,57400,150,2000820
1788760320000,57400,57414,57400,57414,270,2000820
1788760350000,57414,57414,57414,57414,30,2000820
1788760380000,57414,57414.2,57414,57414.2,30,2000790
1788760410000,57414.2,57430,57414.2,57430,210,2000730
1788760440000,57430,57430,57410,57429,420,2000730
1788760470000,57429,57429,57429,57429,60,2000610
1788760500000,57429,57430,57426.6,57426.8,1650,2000610
1788760530000,57426.8,57442.8,57415,57415,330,2001120
1788760560000,57415,57435,57410,57410,480,2001120
1788760590000,57415,57415,57410.2,57410.2,450,2001120
1788760620000,57401,57425.2,57401,57405,300,2001420
1788760650000,57405,57410,57405,57405,90,2001540
1788760680000,57405,57410,57405,57410,60,2001540
1788760710000,57409,57409,57409,57409,60,2001540
1788760740000,57409,57415,57409,57412,90,2001660
1788760770000,57412,57412,57412,57412,0,2001660
1788760800000,57412,57419,57412,57419,30,2001690
1788760830000,57419,57430.4,57412,57430.4,120,2001720
1788760860000,57412,57412,57393,57399.8,330,2001720
1788760890000,57399.8,57400.6,57397.6,57400.6,180,2001960
1788760920000,57400.6,57425.6,57400.6,57408.6,90,2001960
1788760950000,57408.6,57429.4,57408.6,57429.4,30,2001960
1788760980000,57429.4,57429.4,57404.8,57404.8,300,2002050
1788761010000,57424.6,57424.6,57401.4,57401.4,60,2002050
1788761040000,57401.4,57401.4,57401.4,57401.4,0,2002050
1788761070000,57401.4,57401.4,57401.4,57401.4,0,2002050
1788761100000,57420,57424.8,57420,57420,120,2002170
1788761130000,57420,57420,57401.4,57401.4,240,2002320
1788761160000,57401.4,57424.8,57401.4,57424.8,90,2002320
1788761190000,57424.8,57424.8,57405,57405,150,2000880
1788761220000,57405,57405,57405,57405,0,2000880
1788761250000,57400,57416.6,57400,57416.6,90,2001060
1788761280000,57416.6,57419.2,57414.6,57419.2,60,2001060
1788761310000,57419.2,57419.2,57419.2,57419.2,0,2001060
1788761340000,57419.2,57419.2,57400,57400,30,2000970
1788761370000,57400,57418.8,57400,57418.8,60,2000970
1788761400000,57418.8,57418.8,57418.8,57418.8,0,2000970
1788761430000,57418.8,57418.8,57401,57401,90,2000970
1788761460000,57400,57400,57398.8,57398.8,150,2000970
1788761490000,57398.8,57410,57398.8,57410,90,2001150
1788761520000,57391,57418.8,57391,57418.8,120,2001150
1788761550000,57418.8,57418.8,57401.2,57401.2,30,2001060
1788761580000,57401.2,57420,57401.2,57420,90,2001060
1788761610000,57420,57425,57420,57425,60,2001120
1788761640000,57425,57428.8,57425,57428.8,30,2001120
1788761670000,57428.8,57434.6,57426,57426,90,2001150
1788761700000,57426,57435,57426,57435,60,2001150
1788761730000,57435,57435,57425,57425,30,2001150
1788761760000,57425,57425,57425,57425,0,2001150
1788761790000,57424.8,57424.8,57424.8,57424.8,150,2001270
1788761820000,57424.8,57424.8,57424.8,57424.8,0,2001270
1788761850000,57425,57438.8,57425,57438.8,150,2001420
1788761880000,57430,57435.2,57430,57435.2,60,2001510
1788761910000,57434,57435.2,57425,57425,300,2001510
1788761940000,57425,57425,57425,57425,0,2001510
1788761970000,57425,57425,57421,57421,30,2001810
1788762000000,57421,57421,57421,57421,0,2001810
1788762030000,57421,57421,57421,57421,0,2001810
1788762060000,57421,57421,57421,57421,0,2001810
1788762090000,57421,57421,57421,57421,0,2001810
1788762120000,57421,57421,57421,57421,0,2001810
1788762150000,57421,57421,57421,57421,0,2001810
1788762180000,57421,57430.4,57421,57430.4,30,2001810
1788762210000,57430.4,57446,57430.4,57435.2,870,2001810
1788762240000,57440,57451,57440,57451,330,2001750
1788762270000,57451,57451,57450,57450,840,2002500
1788762300000,57450,57460,57450,57459,660,2002500
1788762330000,57459,57459,57459,57459,90,2002500
1788762360000,57459,57459,57455,57459,180,2002530
1788762390000,57458.6,57458.6,57450,57452.8,210,2002530
1788762420000,57450,57450,57450,57450,30,2002680
1788762450000,57450,57450,57450,57450,30,2002680
1788762480000,57440,57440,57436,57436.6,210,2002740
1788762510000,57436.6,57440,57436.6,57440,30,2002740
1788762540000,57440,57440,57440,57440,0,2002740
1788762570000,57440,57440,57440,57440,0,2002740
1788762600000,57440,57444.8,57430,57430,510,2002890
1788762630000,57431,57435,57426,57430,300,2002890
1788762660000,57430,57430,57428.6,57428.6,60,2003580
1788762690000,57428.6,57428.6,57420,57420.8,480,2003970
1788762720000,57420.8,57420.8,57420.8,57420.8,0,2003970
1788762750000,57420.8,57421,57420.8,57421,60,2003970
1788762780000,57421,57421,57421,57421,0,2003970
1788762810000,57421,57425,57421,57425,240,2004090
1788762840000,57425,57425,57420,57420,30,2004330
1788762870000,57420,57428.8,57420,57420,60,2004390
1788762900000,57420,57420,57410,57410,120,2004390
1788762930000,57410,57414,57401,57401,90,2004390
1788762960000,57401,57410,57401,57401,120,2004480
1788762990000,57401,57401,57401,57401,120,2004480
1788763020000,57401,57401,57401,57401,0,2004480
1788763050000,57401,57401,57401,57401,0,2004480
1788763080000,57401,57410.2,57401,57410.2,30,2004360
1788763110000,57414,57419,57414,57419,90,2004360
1788763140000,57424,57439,57424,57430.6,390,2004360
1788763170000,57430.6,57430.6,57430.6,57430.6,0,2004360
1788763200000,57430.6,57449.8,57430.6,57430.6,90,2004690
1788763230000,57430.6,57441,57430.6,57441,180,2004690
1788763260000,57440,57440,57440,57440,30,2004750
1788763290000,57440,57440.8,57440,57440.8,60,2004750
1788763320000,57440.8,57441,57440.8,57441,60,2004810
1788763350000,57441,57441,57441,57441,0,2004810
1788763380000,57441,57441,57441,57441,0,2004810
1788763410000,57448.8,57448.8,57441,57448.2,390,2004840
1788763440000,57448.2,57449.6,57448.2,57449.6,90,2005110
1788763470000,57449.6,57449.6,57449.6,57449.6,0,2005110
1788763500000,57449.6,57483.2,57447,57466.2,1320,2005140
1788763530000,57470,57470,57466.2,57468.4,150,2005140
1788763560000,57452.4,57452.4,57452.4,57452.4,30,2005560
1788763590000,57452.4,57452.6,57450,57450,90,2005560
1788763620000,57450,57464.4,57450,57464.4,60,2005620
1788763650000,57464.4,57464.4,57457.6,57457.6,60,2005620
1788763680000,57450,57450,57445,57445,120,2005710
1788763710000,57445,57445,57445,57445,30,2005710
1788763740000,57448,57448,57435,57441.8,90,2005800
1788763770000,57441.8,57441.8,57424,57424,150,2005800
1788763800000,57424,57429.4,57420,57428.6,150,2005950
1788763830000,57428.6,57428.6,57423.2,57427.6,120,2005950
1788763860000,57437.4,57437.4,57437.4,57437.4,30,2005950
1788763890000,57437.4,57437.4,57405,57405,90,2006130
1788763920000,57405,57405,57405,57405,90,2006220
1788763950000,57401,57401,57401,57401,60,2006220
1788763980000,57401,57401,57401,57401,30,2006250
1788764010000,57401,57401,57401,57401,30,2006250
1788764040000,57401,57401,57401,57401,0,2006250
1788764070000,57401,57401,57401,57401,30,2006220
1788764100000,57401,57401,57401,57401,180,2006220
1788764130000,57401,57415.8,57401,57415.8,120,2006220
1788764160000,57415.8,57415.8,57405,57411,120,2006340
1788764190000,57411,57411,57401,57401,30,2006340
1788764220000,57401,57401,57400.2,57400.2,30,2006460
1788764250000,57400.2,57400.2,57400.2,57400.2,60,2006460
1788764280000,57400.2,57400.2,57400.2,57400.2,60,2006520
1788764310000,57400.2,57400.2,57395,57395,480,2006520
1788764340000,57395,57409,57395,57409,30,2006880
1788764370000,57409,57409,57390,57390,90,2006880
1788764400000,57390,57390,57380.4,57381,360,2007150
1788764430000,57381,57381,57381,57381,60,2007150
1788764460000,57381,57381,57380,57380,60,2007150
1788764490000,57380,57385,57380,57385,150,2007150
1788764520000,57385,57390,57385,57390,60,2007120
1788764550000,57390,57404.8,57390,57404.8,90,2007120
1788764580000,57405,57409,57405,57409,60,2007090
1788764610000,57409,57418,57409,57418,180,2007090
1788764640000,57418,57418,57418,57418,0,2007090
1788764670000,57418,57419,57418,57419,30,2007180
1788764700000,57419,57419,57385,57398,330,2007150
1788764730000,57398,57398,57398,57398,0,2007150
1788764760000,57398,57398,57398,57398,30,2007150
1788764790000,57398,57399,57387.6,57387.6,210,2007210
1788764820000,57387.6,57387.6,57387.6,57387.6,0,2007210
1788764850000,57400.6,57418.8,57400.6,57418.8,90,2007180
1788764880000,57418.8,57425,57412.4,57412.4,90,2007270
1788764910000,57412.6,57425,57410.6,57412.4,180,2007270
1788764940000,57414.8,57418,57410.8,57411.2,390,2007090
1788764970000,57411.2,57424.6,57411.2,57411.8,60,2007090
1788765000000,57411.8,57420,57411.8,57420,30,2007000
1788765030000,57421.6,57421.6,57418.4,57418.4,120,2007000
1788765060000,57418.4,57419.6,57400,57400,90,2007150
1788765090000,57400,57407.2,57400,57407.2,30,2007150
1788765120000,57424,57424,57424,57424,30,2007150
1788765150000,57424,57425,57422.6,57425,60,2007150
1788765180000,57425,57426.4,57425,57426.4,60,2007240
1788765210000,57426.4,57426.4,57426.4,57426.4,0,2007240
1788765240000,57426.4,57426.4,57426,57426,60,2007210
1788765270000,57426.2,57426.4,57426.2,57426.4,180,2007210
1788765300000,57428.6,57428.6,57420,57420,180,2007420
1788765330000,57420,57420,57420,57420,0,2007420
1788765360000,57420,57420,57411,57411,30,2007480
1788765390000,57411,57411,57411,57411,0,2007480
1788765420000,57412.6,57412.6,57394,57394,570,2007540
1788765450000,57394,57407.4,57394,57407.4,90,2007540
1788765480000,57407.4,57419.8,57407.4,57419.8,30,2007930
1788765510000,57419.8,57419.8,57419.8,57419.8,0,2007930
1788765540000,57419.8,57419.8,57401.4,57402,60,2007990
1788765570000,57401.4,57412,57401.4,57412,60,2007990
1788765600000,57412,57412,57412,57412,30,2008020
1788765630000,57401.4,57401.4,57391,57391,90,2008020
1788765660000,57391,57397.6,57386,57386,180,2008110
1788765690000,57386,57386,57382,57382,60,2008110
1788765720000,57382,57383,57380.2,57383,60,2008140
1788765750000,57383,57383,57383,57383,30,2008140
1788765780000,57383,57383,57380,57380,240,2008140
1788765810000,57380,57380,57370,57373,480,2008170
1788765840000,57366,57369,57365,57369,300,2008530
1788765870000,57369,57382,57369,57382,60,2008530
1788765900000,57369.4,57372,57369,57370,240,2008500
1788765930000,57368.6,57372,57365.6,57367,390,2008500
1788765960000,57367,57385,57366.2,57374.6,810,2008680
1788765990000,57375.2,57387,57375.2,57387,180,2008680
1788766020000,57387,57387.8,57378,57387.8,300,2008680
1788766050000,57387.8,57391,57387,57391,300,2008680
1788766080000,57392.6,57399,57392.6,57398.8,540,2008680
1788766110000,57398.8,57398.8,57395.6,57395.6,90,2008680
1788766140000,57398.8,57398.8,57393.8,57397,90,2008830
1788766170000,57397,57409,57396,57409,180,2008830
1788766200000,57409,57409,57402.4,57408.8,120,2008830
1788766230000,57409,57418.8,57409,57414.8,120,2008830
1788766260000,57414.8,57414.8,57395.8,57395.8,90,2008920
1788766290000,57395.2,57405.6,57394.4,57405.6,420,2008920
1788766320000,57405.2,57415,57405.2,57415,210,2008980
1788766350000,57411.8,57419,57402.6,57403.6,240,2008980
1788766380000,57403.6,57405.4,57401.4,57401.4,210,2009010
1788766410000,57401.4,57419.6,57400.2,57400.2,240,2009010
1788766440000,57400.2,57400.2,57392.6,57393.8,180,2009010
1788766470000,57399,57400,57397.2,57398.4,390,2009010
1788766500000,57397.8,57404,57397.8,57404,270,2009040
1788766530000,57404,57407,57404,57406.8,180,2009040
1788766560000,57406.8,57419.8,57406.8,57419.8,120,2009070
1788766590000,57406.8,57406.8,57406.6,57406.6,60,2009070
1788766620000,57406.6,57419.8,57406.6,57406.6,90,2009070
1788766650000,57406.6,57410,57406.6,57406.8,60,2009130
1788766680000,57406.8,57415,57406.8,57415,120,2009130
1788766710000,57415,57424,57407,57407,210,2009190
1788766740000,57407,57408.4,57407,57408,90,2009220
1788766770000,57405,57405,57405,57405,90,2009220
1788766800000,57405,57405,57400,57400,30,2009220
1788766830000,57400,57400,57396.4,57396.8,60,2009340
1788766860000,57396.8,57400,57390.2,57390.2,120,2009370
1788766890000,57390.2,57390.2,57390,57390,60,2009370
1788766920000,57405,57405,57390,57390,60,2009370
1788766950000,57391,57393.4,57390,57393.4,150,2009520
1788766980000,57391.8,57400,57391.8,57393,90,2009670
1788767010000,57404.8,57404.8,57391.8,57391.8,120,2009670
1788767040000,57391.8,57404.8,57391,57404.6,240,2009760
1788767070000,57391.8,57391.8,57390,57390,210,2009760
1788767100000,57390,57390,57384.6,57385,150,2010090
1788767130000,57388.2,57388.8,57385.6,57388.8,210,2010090
1788767160000,57388.8,57388.8,57386,57386,90,2010090
1788767190000,57386,57390,57386,57390,30,2010030
1788767220000,57390,57408.6,57390,57408.6,150,2010030
1788767250000,57408.6,57408.6,57408.6,57408.6,0,2010030
1788767280000,57408.6,57408.6,57408.6,57408.6,30,2010090
1788767310000,57408.6,57408.6,57408.6,57408.6,60,2010120
1788767340000,57408.6,57411.8,57408.6,57411.8,30,2010120
1788767370000,57411.8,57411.8,57411.8,57411.8,0,2010120
1788767400000,57409,57426.4,57409,57426.4,180,2010150
1788767430000,57420,57426.4,57420,57426.4,90,2010150
1788767460000,57425.8,57425.8,57406,57406,150,2010270
1788767490000,57406,57424,57406,57424,30,2010270
1788767520000,57424,57424,57424,57424,0,2010270
1788767550000,57424,57424,57424,57424,60,2010270
1788767580000,57424,57424,57422.8,57422.8,60,2010270
1788767610000,57422.8,57422.8,57422.8,57422.8,0,2010270
1788767640000,57415,57415,57410,57410,120,2010300
1788767670000,57410,57422,57410,57411,270,2010300
1788767700000,57422,57422,57422,57422,30,2010300
1788767730000,57422,57426.4,57421.6,57426.4,360,2010210
1788767760000,57426.4,57429,57414,57429,180,2010210
1788767790000,57429,57439,57429,57439,570,2010360
1788767820000,57450,57450,57430,57438,300,2010060
1788767850000,57438,57438,57429,57429,120,2010060
1788767880000,57429,57437.4,57429,57437.4,60,2010060
1788767910000,57437.4,57448.4,57437.4,57448,690,2010180
1788767940000,57448,57448,57420,57420,690,2010180
1788767970000,57420,57420,57420,57420,0,2010180
1788768000000,57420,57420,57420,57420,0,2010180
1788768030000,57420,57439,57420,57439,30,2011140
1788768060000,57439,57439,57439,57439,0,2011140
1788768090000,57439,57439,57439,57439,0,2011140
1788768120000,57429.6,57436.8,57429.6,57436.8,180,2011110
1788768150000,57436.8,57439,57417.2,57417.2,3870,2010480
1788768180000,57417.2,57424.4,57417.2,57424.4,30,2011740
1788768210000,57425.6,57433.8,57425.6,57433.8,300,2011740
1788768240000,57433.8,57433.8,57425,57425,60,2011740
1788768270000,57425,57425,57425,57425,0,2011740
1788768300000,57425,57425,57425,57425,120,2011950
1788768330000,57425,57425,57421,57421,360,2012040
1788768360000,57421,57421,57420,57420,30,2012040
1788768390000,57420,57420,57420,57420,0,2012040
1788768420000,57420,57439.8,57420,57420,210,2012430
1788768450000,57420,57435.6,57420,57435.6,90,2012430
1788768480000,57436.2,57449.4,57436.2,57449.4,210,2012430
1788768510000,57430,57448,57430,57435.6,90,2012490
1788768540000,57435.6,57472.2,57430.4,57432.8,2280,2013270
1788768570000,57432.8,57459.2,57430,57455.4,660,2013270
1788768600000,57454.4,57457,57430.2,57457,210,2013270
1788768630000,57457,57460,57430,57430,1320,2013750
1788768660000,57430,57452,57424.2,57452,960,2013750
1788768690000,57425.2,57425.2,57425.2,57425.2,60,2015670
1788768720000,57425.2,57425.2,57425.2,57425.2,0,2015670
1788768750000,57425.2,57430.4,57425.2,57430.4,60,2015670
1788768780000,57452,57452,57452,57452,30,2015670
1788768810000,57452,57452,57452,57452,0,2015670
1788768840000,57452,57452,57430,57430,690,2015460
1788768870000,57445,57445,57445,57445,60,2015460
1788768900000,57445,57445,57440,57440,390,2015460
1788768930000,57440,57445,57440,57445,150,2015520
1788768960000,57445,57450,57445,57450,150,2015520
1788768990000,57450,57450,57449,57449,180,2015520
1788769020000,57449,57458,57448.4,57458,270,2015520
1788769050000,57458,57465,57458,57460.4,2070,2015520
1788769080000,57460.4,57460.4,57450.4,57459,180,2015520
1788769110000,57459,57459,57455,57455,30,2013870
1788769140000,57455,57459,57451.6,57451.6,60,2013870
1788769170000,57455,57455,57451.6,57451.6,90,2013780
1788769200000,57451.6,57460,57451.6,57460,30,2013780
1788769230000,57460,57460,57460,57460,60,2013750
1788769260000,57460,57460,57452,57452,90,2013750
1788769290000,57452,57452,57450,57450,90,2013780
1788769320000,57450,57452,57450,57452,240,2013780
1788769350000,57452,57459,57452,57453.2,90,2013900
1788769380000,57453.2,57490,57453.2,57490,1530,2013900
1788769410000,57465.4,57494,57465.4,57494,450,2013330
1788769440000,57490,57495,57476.8,57476.8,180,2013330
1788769470000,57476.8,57483.4,57476.8,57483.4,30,2013450
1788769500000,57483.4,57486.6,57483.4,57485,180,2013450
1788769530000,57485,57488,57485,57486,180,2013450
1788769560000,57486,57496,57486,57492.6,300,2013450
1788769590000,57492.6,57495,57492.6,57495,120,2013330
1788769620000,57497,57497,57494.4,57497,120,2013330
1788769650000,57497,57497,57491,57491,150,2013390
1788769680000,57491,57495,57490,57490,240,2013390
1788769710000,57495,57497,57495,57497,180,2013570
1788769740000,57485,57496,57485,57485,120,2013570
1788769770000,57485,57485,57485,57485,720,2013720
1788769800000,57494,57494,57485,57485,150,2013720
1788769830000,57490,57495,57484,57484,240,2014440
1788769860000,57490.2,57493,57485.2,57493,780,2014440
1788769890000,57493,57495,57488,57488,240,2013900
1788769920000,57488,57509,57488,57500.6,2610,2013900
1788769950000,57500.6,57512,57500.6,57510,630,2012910
1788769980000,57510,57510,57510,57510,60,2012910
1788770010000,57510,57510,57510,57510,510,2012700
1788770040000,57499.6,57510,57490.4,57504.2,300,2012700
1788770070000,57504.2,57504.8,57504.2,57504.8,90,2012970
1788770100000,57493.4,57505,57493.4,57493.8,480,2012970
1788770130000,57493.8,57493.8,57493.4,57493.4,30,2012940
1788770160000,57493.6,57494,57477.6,57481,1170,2012940
1788770190000,57481,57481,57481,57481,150,2012130
1788770220000,57481,57490,57481,57490,90,2012130
1788770250000,57490,57490,57482,57482,30,2012190
1788770280000,57482,57482,57466.4,57466.4,300,2012190
1788770310000,57466.4,57469.8,57458,57469.8,150,2012310
1788770340000,57460,57468,57460,57468,210,2012310
1788770370000,57468,57468,57468,57468,0,2012310
1788770400000,57468,57468,57468,57468,30,2012370
1788770430000,57468,57468,57464.4,57464.4,30,2012340
1788770460000,57464.4,57464.4,57464.4,57464.4,0,2012340
1788770490000,57464.4,57490.8,57464.4,57490.8,240,2012310
1788770520000,57490.8,57490.8,57490.8,57490.8,0,2012310
1788770550000,57490.8,57490.8,57490.8,57490.8,0,2012310
1788770580000,57490.8,57490.8,57484.8,57484.8,180,2012430
1788770610000,57483.2,57483.2,57483.2,57483.2,90,2012430
1788770640000,57483.2,57483.2,57471.4,57474,60,2012700
1788770670000,57474,57479,57468.4,57479,60,2010780
1788770700000,57472,57487,57472,57487,150,2010780
1788770730000,57487,57487,57485,57485,30,2010720
1788770760000,57485,57485,57476.6,57476.6,30,2010720
1788770790000,57484.6,57484.6,57484.6,57484.6,30,2010720
1788770820000,57480,57480,57480,57480,60,2010660
1788770850000,57480,57480,57476.4,57476.4,30,2010690
1788770880000,57476.4,57478,57476.4,57476.4,330,2010690
1788770910000,57476.4,57476.4,57471,57471,30,2010630
1788770940000,57471,57471,57464.4,57464.4,30,2010630
1788770970000,57478.4,57478.4,57478.4,57478.4,60,2010630
1788771000000,57478.4,57478.4,57470.4,57475,90,2010630
1788771030000,57475,57475,57475,57475,0,2010630
1788771060000,57475,57479,57475,57479,90,2010570
1788771090000,57479,57480,57479,57480,60,2010570
1788771120000,57480,57485,57479,57485,120,2010630
1788771150000,57485,57485,57480,57480,30,2010540
1788771180000,57480,57489.8,57480,57489.8,810,2010540
1788771210000,57489.8,57497.8,57489.8,57497.8,180,2010090
1788771240000,57497.8,57497.8,57497.8,57497.8,60,2010090
1788771270000,57497.8,57497.8,57497.8,57497.8,0,2010090
1788771300000,57490,57497.8,57490,57497.8,90,2010240
1788771330000,57497.8,57497.8,57484.8,57484.8,150,2010240
1788771360000,57489.6,57498.8,57489.6,57490,180,2010030
1788771390000,57492.6,57499,57492.6,57499,60,2009880
1788771420000,57499,57499,57499,57499,30,2009880
1788771450000,57499,57499,57499,57499,210,2009820
1788771480000,57499,57499,57499,57499,270,2009820
1788771510000,57499,57505,57494.4,57505,420,2009850
1788771540000,57505,57510,57505,57510,1080,2009850
1788771570000,57512.6,57525.4,57512.6,57524.4,2610,2008560
1788771600000,57524.4,57540,57524.4,57536.6,900,2008560
1788771630000,57532,57545,57525,57525,1170,2007540
1788771660000,57525,57526.4,57510.6,57510.6,300,2007540
1788771690000,57510.6,57510.6,57510.6,57510.6,90,2007540
1788771720000,57510.6,57525,57496.4,57525,480,2007720
1788771750000,57525,57525,57516.8,57521.4,60,2007570
1788771780000,57521.4,57521.4,57500,57500,150,2007570
1788771810000,57500,57500,57500,57500,300,2007570
1788771840000,57500,57500,57490,57490,420,2007570
1788771870000,57490,57491,57490,57491,60,2007570
1788771900000,57491,57491,57483,57483,60,2007480
1788771930000,57483,57496.6,57483,57483,60,2007480
1788771960000,57480,57480,57480,57480,30,2007480
1788771990000,57477,57480.8,57470,57470,330,2007600
1788772020000,57470,57490,57470,57490,390,2007600
1788772050000,57490,57490,57483.4,57483.4,30,2007600
1788772080000,57470,57470,57470,57470,120,2007930
1788772110000,57470,57471,57470,57471,150,2008020
1788772140000,57465,57465,57452.4,57452.4,570,2008020
1788772170000,57452.4,57452.4,57450,57450,390,2008200
1788772200000,57450,57450,57425,57426.8,1140,2008200
1788772230000,57426.8,57430.8,57426.8,57428.4,60,2008500
1788772260000,57428.4,57428.4,57427,57427,30,2008500
1788772290000,57427,57440,57426.8,57434.2,390,2008470
1788772320000,57434.2,57434.2,57434.2,57434.2,0,2008470
1788772350000,57434.2,57441.6,57434.2,57441.6,60,2008470
1788772380000,57441.6,57441.6,57441.6,57441.6,30,2008410
1788772410000,57441.6,57441.6,57436.8,57436.8,30,2008410
1788772440000,57436.8,57441.6,57436.8,57440,150,2008470
1788772470000,57436.8,57436.8,57432,57432,90,2008530
1788772500000,57431,57431,57415,57415,690,2008530
1788772530000,57412,57430.4,57412,57417.8,600,2008530
1788772560000,57417.8,57417.8,57417.8,57417.8,0,2008530
1788772590000,57417.8,57417.8,57417.8,57417.8,0,2008530
1788772620000,57417.8,57423,57417.8,57423,120,2008230
1788772650000,57423,57423,57417.8,57423,120,2008200
1788772680000,57423,57423,57423,57423,0,2008200
1788772710000,57423,57423,57417.8,57423,120,2008260
1788772740000,57423,57423.4,57423,57423.4,90,2008260
1788772770000,57423.4,57431.2,57423.4,57431.2,90,2008380
1788772800000,57431.2,57431.2,57431.2,57431.2,0,2008380
1788772830000,57436.8,57447.8,57433.8,57447.8,270,2008380
1788772860000,57448.2,57448.2,57437.2,57437.2,90,2008410
1788772890000,57437.2,57440,57437.2,57438.8,120,2008470
1788772920000,57435.2,57435.2,57435,57435,60,2008470
1788772950000,57435,57435,57435,57435,30,2008470
1788772980000,57425,57425,57416.8,57416.8,270,2008320
1788773010000,57416.8,57416.8,57414.8,57415.2,360,2008560
1788773040000,57415.2,57415.2,57414,57414,90,2008560
1788773070000,57414,57420,57414,57415.2,210,2008470
1788773100000,57420,57420.6,57414.2,57414.2,240,2008470
1788773130000,57414.2,57420,57414.2,57420,30,2008470
1788773160000,57420,57420,57406,57409.8,240,2008530
1788773190000,57409.6,57422.2,57399,57422.2,2100,2009130
1788773220000,57422.2,57422.2,57422.2,57422.2,60,2009130
1788773250000,57422.2,57422.2,57404.8,57404.8,30,2009130
1788773280000,57404.8,57404.8,57404.8,57404.8,300,2009160
1788773310000,57404.8,57404.8,57404.8,57404.8,0,2009160
1788773340000,57404.8,57410.2,57398,57405.8,1380,2009070
1788773370000,57408.4,57414.8,57408.4,57414.8,90,2009070
1788773400000,57414.8,57416,57411.2,57416,120,2009400
1788773430000,57416,57416,57415.6,57415.6,90,2009340
1788773460000,57421,57421,57414.6,57414.6,90,2009340
1788773490000,57414.6,57414.6,57414.6,57414.6,0,2009340
1788773520000,57414.6,57421,57414.6,57421,240,2009310
1788773550000,57422.6,57433,57422.4,57430.8,12990,1998720
1788773580000,57430,57438,57430,57438,450,1998720
1788773610000,57438,57445,57438,57445,570,1998060
1788773640000,57445,57459.2,57445,57459.2,960,1998060
1788773670000,57459.2,57459.2,57426.4,57426.4,90,1997700
1788773700000,57426.4,57442.8,57423,57424.4,240,1997700
1788773730000,57424.4,57424.4,57424.4,57424.4,0,1997700
1788773760000,57424.4,57424.4,57420,57420.6,180,1997640
1788773790000,57420.6,57420.6,57420.6,57420.6,0,1997640
1788773820000,57424.2,57424.2,57420,57424,780,1997520
1788773850000,57423,57430,57423,57430,90,1997520
1788773880000,57429.8,57434.8,57429.8,57434.8,510,1996950
1788773910000,57434.8,57434.8,57429,57429,30,1996620
1788773940000,57429,57429,57411.2,57414.6,5040,1996620
1788773970000,57415,57415,57407.6,57415,6000,1989120
1788774000000,57415.6,57429,57414,57429,510,1989120
1788774030000,57418.2,57418.6,57418.2,57418.6,360,1989120
1788774060000,57418.6,57418.6,57401,57407.2,540,1987920
1788774090000,57402,57410,57398.8,57405,2580,1986270
1788774120000,57398.6,57405,57398.6,57401.4,1530,1986270
1788774150000,57398.4,57404.6,57390,57395.2,810,1985010
1788774180000,57395.2,57397.8,57390,57397.8,750,1985010
1788774210000,57388,57397.8,57388,57390.6,1080,1984050
1788774240000,57397.8,57412.4,57397.6,57408,2040,1984050
1788774270000,57400,57400,57390.8,57390.8,150,1984050
1788774300000,57395.4,57410,57391.2,57391.6,1020,1982670
1788774330000,57391.6,57406.4,57391.6,57395,300,1982670
1788774360000,57395,57395,57375,57375,1530,1981950
1788774390000,57379.2,57379.2,57375,57379.2,180,1981950
1788774420000,57379.2,57379.2,57373.2,57374.4,870,1981980
1788774450000,57379.2,57379.2,57373.6,57376.2,210,1981500
1788774480000,57379.6,57380.2,57378.8,57379.6,300,1981500
1788774510000,57379.6,57382.4,57379.6,57380.4,60,1981500
1788774540000,57380.4,57380.4,57380,57380,60,1981200
1788774570000,57380,57380,57359,57359,900,1981200
1788774600000,57360,57360,57352,57352,450,1981320
1788774630000,57352,57364.8,57352,57353,270,1981320
1788774660000,57353,57374.8,57352,57374.8,120,1981080
1788774690000,57374.8,57374.8,57352,57367.8,930,1980540
1788774720000,57367.8,57367.8,57354,57364,690,1980540
1788774750000,57364,57369,57357.4,57369,600,1979520
1788774780000,57369,57369,57368.6,57368.6,30,1979520
1788774810000,57379,57379,57370,57370,240,1979520
1788774840000,57370,57374.4,57365.6,57374.4,240,1979520
1788774870000,57379,57379.2,57374,57375.8,150,1979520
1788774900000,57384,57400,57374.2,57399.2,660,1979310
1788774930000,57399.2,57399.2,57399.2,57399.2,60,1979310
1788774960000,57399.2,57399.2,57387.4,57389.6,450,1979040
1788774990000,57389.6,57389.6,57388.4,57388.4,30,1979040
1788775020000,57389,57410,57380,57403.8,1920,1978950
1788775050000,57396,57396,57381,57381,90,1978950
1788775080000,57381,57388.8,57381,57388.8,90,1979070
1788775110000,57388,57392,57381.2,57388.2,240,1979070
1788775140000,57381,57381,57380,57380,540,1978980
1788775170000,57378,57384.8,57374.4,57384,510,1978980
1788775200000,57384.6,57399.6,57384.6,57388,1050,1978260
1788775230000,57381.8,57381.8,57380,57380,540,1978260
1788775260000,57380,57380.6,57380,57380.6,120,1977150
1788775290000,57380.6,57380.6,57380,57380.6,450,1977150
1788775320000,57381,57381,57380,57380,1440,1976850
1788775350000,57380,57386.4,57379.8,57386.4,450,1976850
1788775380000,57386.4,57386.4,57367.8,57367.8,1050,1976460
1788775410000,57367.8,57367.8,57367.8,57367.8,0,1976460
1788775440000,57367.8,57375,57367.8,57375,120,1976940
1788775470000,57375,57375,57363.4,57363.4,360,1976940
1788775500000,57363.4,57370,57360,57365,360,1976970
1788775530000,57365,57370.2,57365,57366,150,1976970
1788775560000,57366.2,57369.8,57366.2,57369.8,120,1976850
1788775590000,57380,57380,57360,57360,1020,1976850
1788775620000,57366,57370,57359.2,57360.8,990,1977090
1788775650000,57360.8,57360.8,57352,57355.2,660,1977090
1788775680000,57359.8,57369.8,57355,57355,450,1976700
1788775710000,57355,57369.8,57355,57369.8,120,1976700
1788775740000,57364.8,57365,57364,57365,450,1976730
1788775770000,57364,57379.6,57364,57379.6,300,1976730
1788839100000,57255,57280,57200,57249,5460,1971630
1788839130000,57215.2,57243.2,57210,57230.6,3030,1971630
1788839160000,57225.4,57235.6,57193.4,57211.8,5220,1974150
1788839190000,57211.8,57249.4,57211.8,57249.4,1710,1974150
1788839220000,57250,57281.4,57230,57262.2,2280,1976700
1788839250000,57270,57279.4,57235,57240,1200,1976700
1788839280000,57240,57270.4,57240,57263.8,2070,1977060
1788839310000,57263.8,57267,57250,57264.8,1200,1977060
1788839340000,57263.8,57263.8,57250,57262.4,600,1977060
1788839370000,57265.6,57270,57251,57251,570,1977060
1788839400000,57250,57266.4,57250,57260,540,1977690
1788839430000,57250.2,57266.4,57250,57250,870,1977690
1788839460000,57252,57260,57250,57259.4,360,1978230
1788839490000,57259.4,57264.6,57259.4,57262.6,450,1978230
1788839520000,57268.6,57273.8,57259.4,57259.4,390,1978410
1788839550000,57259.4,57261.8,57250,57250,210,1978410
1788839580000,57250,57262.8,57250,57262.8,240,1978680
1788839610000,57254,57258.2,57250,57258.2,1050,1978680
1788839640000,57258.8,57263.6,57256.8,57261,210,1978920
1788839670000,57260,57262,57259.2,57261.8,210,1978920
1788839700000,57261.8,57261.8,57252,57252,240,1978110
1788839730000,57256,57288.8,57250.2,57288.8,2040,1978110
1788839760000,57289,57300,57283,57283,600,1978140
1788839790000,57270,57307.6,57270,57307.6,1410,1978140
1788839820000,57293.2,57300,57293.2,57295.8,120,1978080
1788839850000,57291,57291,57286.8,57286.8,870,1978080
1788839880000,57286.4,57292.4,57280,57280,750,1978710
1788839910000,57280,57280,57267,57270,390,1978710
1788839940000,57267,57267,57260,57260,330,1979220
1788839970000,57261.8,57263,57252,57252,330,1979220
1788840000000,57274,57274,57249,57249,1170,1979190
1788840030000,57249,57249,57226.6,57239.2,960,1979190
1788840060000,57229.2,57229.2,57220,57227.6,1530,1979970
1788840090000,57227.6,57227.6,57221,57222,270,1979970
1788840120000,57222,57239,57221,57237.8,540,1979910
1788840150000,57237.8,57263,57237.8,57240.2,750,1979910
1788840180000,57249.6,57262.6,57249.6,57250,1590,1981050
1788840210000,57259.8,57259.8,57250,57259.8,360,1981050
1788840240000,57257,57260,57250,57250,750,1982040
1788840270000,57250,57258,57250,57258,240,1982040
1788840300000,57258,57289,57257.8,57289,960,1981950
1788840330000,57289,57299,57282.8,57296.6,570,1981950
1788840360000,57295,57295,57279.8,57279.8,600,1982370
1788840390000,57279.8,57280,57270,57270,630,1982370
1788840420000,57283.4,57283.4,57255.2,57255.2,690,1983420
1788840450000,57255.2,57278,57255,57278,330,1983420
1788840480000,57283.4,57299.8,57267.8,57288.8,690,1983390
1788840510000,57288,57288,57278,57278,150,1983390
1788840540000,57278,57278,57278,57278,0,1983390
1788840570000,57277.4,57284.8,57277.4,57284.8,660,1983450
1788840600000,57284.8,57284.8,57271,57280.2,240,1983990
1788840630000,57271,57271,57268,57268,90,1983990
1788840660000,57268.8,57268.8,57250,57250,360,1984080
1788840690000,57250,57256.8,57249,57249,570,1984080
1788840720000,57249,57249,57239.6,57239.6,180,1984080
1788840750000,57239.6,57239.6,57225,57225,720,1984080
1788840780000,57225,57229.4,57220,57220,1350,1984380
1788840810000,57220,57220.8,57219,57219,780,1984380
1788840840000,57218,57218.8,57205,57205.8,3390,1985460
1788840870000,57201,57214.6,57200.2,57214.4,2790,1985460
1788840900000,57214.2,57214.2,57212.8,57212.8,150,1984950
1788840930000,57212.8,57212.8,57205,57205,240,1984950
1788840960000,57205,57210,57205,57205,420,1985370
1788840990000,57205,57205,57200,57202.2,1350,1985370
1788841020000,57207,57207.2,57202,57202,600,1983960
1788841050000,57200.2,57202,57200,57200,6120,1983960
1788841080000,57200,57200.2,57200,57200.2,1830,1985580
1788841110000,57200.2,57201,57190,57190,2910,1985580
1788841140000,57190,57200.2,57189,57200.2,1560,1986420
1788841170000,57209.8,57233.6,57204.2,57225,2010,1986420
1788841200000,57234.8,57238.8,57224.6,57238.8,780,1986600
1788841230000,57239,57243.6,57239,57243.6,210,1986600
1788841260000,57243.6,57249,57235,57247,930,1986720
1788841290000,57247,57247,57220.8,57225,1710,1986720
1788841320000,57225,57234.2,57225,57234.2,210,1987920
1788841350000,57246.4,57246.4,57230,57239.4,1260,1987920
1788841380000,57245.6,57245.6,57230,57239.4,1380,1990230
1788841410000,57239.4,57239.8,57225,57225,480,1990230
1788841440000,57225,57234.6,57225,57225,240,1990080
1788841470000,57225,57225,57207,57207,210,1990080
1788841500000,57207,57207,57204,57204,240,1990080
1788841530000,57205,57205,57202,57202,390,1990170
1788841560000,57202.4,57202.4,57200,57200.2,960,1990440
1788841590000,57200.2,57200.2,57192,57192,450,1990440
1788841620000,57194.4,57194.4,57192,57194.2,240,1990440
1788841650000,57194.2,57195,57191.2,57193.8,450,1990950
1788841680000,57194,57199.2,57194,57199,450,1990050
1788841710000,57194.2,57194.2,57182,57182,1920,1990050
1788841740000,57186.2,57186.2,57180,57180.4,1080,1990050
1788841770000,57181,57189.2,57179.2,57180,3150,1990050
1788841800000,57185,57197.4,57172,57174.8,10290,1987920
1788841830000,57185.4,57200,57181,57200,750,1987920
1788841860000,57213.4,57227,57200,57200,600,1989510
1788841890000,57208,57208,57193.2,57193.2,240,1989510
1788841920000,57200,57200,57193,57193,1260,1989840
1788841950000,57200,57200,57189.6,57189.6,300,1989840
1788841980000,57189.6,57194,57189.6,57190.8,450,1989840
1788842010000,57190.8,57194,57190.8,57194,30,1990020
1788842040000,57194,57194,57190.8,57194,180,1990020
1788842070000,57193.8,57193.8,57190.8,57190.8,90,1989990
1788842100000,57190.8,57190.8,57178,57178,1020,1989990
1788842130000,57175.8,57193.4,57175,57179.2,1260,1989240
1788842160000,57185.2,57185.2,57175,57176.2,240,1989390
1788842190000,57176.6,57193.6,57176.6,57193.6,450,1989390
1788842220000,57193.6,57200,57187,57199.8,2250,1989390
1788842250000,57200,57200,57199,57199.4,900,1989840
1788842280000,57199.4,57200,57197,57199.8,2340,1990200
1788842310000,57199.2,57208.8,57198.4,57207,1740,1990200
1788842340000,57208,57215.4,57208,57209,210,1990200
1788842370000,57209,57225.6,57209,57225.6,480,1990200
1788842400000,57225.6,57240,57221.6,57221.6,1020,1990740
1788842430000,57221.6,57239.6,57212.6,57215.8,360,1990740
1788842460000,57221,57239.8,57211,57239.8,1710,1990560
1788842490000,57210,57240,57209.4,57211.6,4560,1990560
1788842520000,57210.6,57225,57210.6,57215.8,2520,1987500
1788842550000,57216.6,57239,57212,57226.6,3900,1987500
1788842580000,57233.8,57275,57233.8,57242.8,3300,1987500
1788842610000,57280,57280,57250.4,57250.6,960,1983960
1788842640000,57250,57275,57250,57275,240,1983960
1788842670000,57279.8,57299,57255.6,57290,2100,1983420
1788842700000,57299.8,57343,57299.8,57330,3300,1982130
1788842730000,57336.2,57336.2,57308,57320,600,1982130
1788842760000,57319.8,57325,57296,57310,720,1982370
1788842790000,57291.4,57325,57291.4,57300,450,1982370
1788842820000,57300,57310,57299.4,57310,2580,1979910
1788842850000,57300.2,57310,57288,57288,2460,1979910
1788842880000,57300.2,57300.2,57285,57299.2,180,1979910
1788842910000,57286,57286,57285,57285,60,1978560
1788842940000,57289.6,57300,57280,57299,990,1978560
1788842970000,57300,57300,57299,57300,150,1978080
1788843000000,57304.8,57304.8,57290,57290,90,1977390
1788843030000,57290,57290,57290,57290,30,1977390
1788843060000,57289,57290,57271,57271,210,1977390
1788843090000,57290,57290,57270,57270,240,1977480
1788843120000,57270,57280,57270,57280,30,1977480
1788843150000,57280,57280,57271.2,57271.2,120,1977510
1788843180000,57271.2,57271.2,57270,57270,90,1977510
1788843210000,57270,57270.2,57270,57270.2,30,1977360
1788843240000,57270.2,57270.2,57270.2,57270.2,0,1977360
1788843270000,57268,57268,57265.4,57265.4,90,1977360
1788843300000,57265.4,57265.4,57240,57240,810,1977360
1788843330000,57240,57240,57229.8,57229.8,120,1978080
1788843360000,57229.8,57233.6,57229.8,57229.8,210,1978080
1788843390000,57229.8,57234.6,57229.8,57230,90,1978050
1788843420000,57230,57249,57229.8,57240,420,1978050
1788843450000,57240,57268.8,57240,57259,210,1978260
1788843480000,57259,57259,57259,57259,0,1978260
1788843510000,57259,57259,57241,57241,60,1978410
1788843540000,57240.8,57240.8,57233,57233,120,1978410
1788843570000,57233,57233,57217.4,57225,3750,1978500
1788843600000,57225,57233.8,57225,57233.6,780,1978500
1788843630000,57233.6,57233.6,57230,57230,60,1975680
1788843660000,57230,57257.8,57230,57240.2,360,1975680
1788843690000,57240.2,57240.2,57225,57236.6,60,1975770
1788843720000,57236.6,57236.6,57236.6,57236.6,0,1975770
1788843750000,57236.6,57236.6,57228.4,57228.8,120,1975800
1788843780000,57228.8,57249.2,57228.8,57248.8,120,1975800
1788843810000,57248.8,57248.8,57248.8,57248.8,30,1975890
1788843840000,57248.8,57248.8,57234,57241.4,60,1975890
1788843870000,57241.4,57241.4,57241.4,57241.4,0,1975890
1788843900000,57241.4,57241.4,57232.6,57240.8,120,1975920
1788843930000,57240.8,57240.8,57227.4,57240.8,180,1974330
1788843960000,57225,57225,57220,57220,450,1974330
1788843990000,57220,57220,57220,57220,30,1974540
1788844020000,57220,57220.2,57213,57213,810,1974540
1788844050000,57210.8,57210.8,57205,57205,600,1975320
1788844080000,57205,57205.2,57203.4,57203.8,540,1975320
1788844110000,57204,57215.2,57204,57215,300,1976040
1788844140000,57207,57214,57205,57211,180,1976040
1788844170000,57211,57211,57211,57211,0,1976040
1788844200000,57212.8,57212.8,57212.8,57212.8,240,1976010
1788844230000,57212.8,57228.8,57212.8,57228.8,450,1976220
1788844260000,57228.8,57228.8,57212.8,57218.4,1320,1976220
1788844290000,57218.4,57247.2,57218.4,57247.2,720,1977390
1788844320000,57232,57251.2,57230,57230,690,1977390
1788844350000,57230,57230,57221.6,57221.6,60,1978350
1788844380000,57221.6,57240.8,57221.6,57240.8,30,1978350
1788844410000,57240.8,57247,57240.2,57247,150,1978380
1788844440000,57240,57240,57240,57240,60,1978380
1788844470000,57220,57234.8,57220,57234.8,540,1978530
1788844500000,57229.6,57235,57229.6,57235,330,1978530
1788844530000,57235,57235,57221.2,57221.2,60,1978620
1788844560000,57221.2,57235,57221.2,57233.2,120,1978620
1788844590000,57235,57242.6,57235,57242.6,180,1978590
1788844620000,57242.6,57251.6,57242.6,57251.6,120,1978590
1788844650000,57251.6,57254,57251.6,57253,150,1978800
1788844680000,57253,57253,57253,57253,30,1978800
1788844710000,57253,57259,57253,57259,120,1978890
1788844740000,57259,57260,57259,57260,30,1978890
1788844770000,57260,57268,57260,57268,30,1978710
1788844800000,57268,57274.8,57265,57270.8,210,1978710
1788844830000,57270.8,57270.8,57260,57260,60,1978770
1788844860000,57260.4,57266.4,57260.4,57266.4,240,1978770
1788844890000,57266.4,57270,57260.4,57270,90,1979010
1788844920000,57270,57271.2,57265.6,57265.8,210,1979010
1788844950000,57265.8,57265.8,57250,57250,120,1979310
1788844980000,57250,57257.6,57250,57257.6,30,1979310
1788845010000,57257.6,57270,57253.8,57253.8,90,1979400
1788845040000,57253.8,57253.8,57253.8,57253.8,0,1979400
1788845070000,57257.6,57257.6,57253.8,57253.8,120,1979490
1788845100000,57253.8,57257.6,57239.4,57245,300,1979490
1788845130000,57234.8,57234.8,57230,57230,150,1979490
1788845160000,57233.6,57233.6,57233.6,57233.6,90,1979730
1788845190000,57233.6,57233.6,57233.6,57233.6,0,1979730
1788845220000,57233.6,57233.6,57228.8,57228.8,120,1979730
1788845250000,57228.8,57228.8,57228.8,57228.8,0,1979730
1788845280000,57228.8,57233.4,57228.8,57232,60,1979760
1788845310000,57232,57235,57232,57235,60,1979760
1788845340000,57235,57235,57235,57235,150,1979790
1788845370000,57235,57235,57235,57235,390,1979820
1788845400000,57235,57235,57232.2,57232.2,30,1979820
1788845430000,57225.8,57235,57225.2,57235,360,1980180
1788845460000,57235,57235,57220,57232,180,1980180
1788845490000,57232,57234,57232,57234,30,1980180
1788845520000,57234,57236.8,57234,57236.8,30,1980210
1788845550000,57236.8,57236.8,57235,57235,30,1980210
1788845580000,57235,57239,57230,57239,1890,1980210
1788845610000,57239,57239,57230,57230,150,1982040
1788845640000,57230,57230,57230,57230,0,1982040
1788845670000,57230,57230,57220,57220,180,1982100
1788845700000,57220,57220,57208,57208,390,1982100
1788845730000,57206,57229.2,57206,57214.6,390,1982250
1788845760000,57214.6,57230,57214.6,57230,210,1982250
1788845790000,57230,57230,57230,57230,0,1982250
1788845820000,57228.4,57238.4,57215.6,57238.4,300,1982310
1788845850000,57232.4,57260,57232.4,57260,540,1982250
1788845880000,57260,57260,57247.2,57247.2,540,1982250
1788845910000,57244,57244,57244,57244,210,1982250
1788845940000,57244,57244,57227,57227,30,1983360
1788845970000,57227,57227,57227,57227,0,1983360
1788846000000,57233.4,57240,57233.4,57240,180,1983210
1788846030000,57235,57235,57224.8,57224.8,870,1983210
1788846060000,57224.8,57224.8,57224.8,57224.8,0,1983210
1788846090000,57224,57224,57215.8,57215.8,90,1984170
1788846120000,57215.8,57224.6,57215.8,57224.6,240,1984170
1788846150000,57224.8,57226.4,57211,57211,210,1984230
1788846180000,57211,57213.4,57206,57213.4,180,1984230
1788846210000,57213.4,57234.2,57213.4,57234.2,120,1984230
1788846240000,57234.2,57234.2,57210,57210,120,1984500
1788846270000,57210,57212,57210,57212,120,1984590
1788846300000,57211,57212,57211,57212,330,1984590
1788846330000,57212,57220.6,57210,57212.4,270,1984890
1788846360000,57212.4,57212.4,57210,57210,150,1984890
1788846390000,57210,57226.2,57210,57226.2,510,1984950
1788846420000,57223.6,57223.6,57222.4,57222.4,60,1984950
1788846450000,57222.4,57223,57222.4,57223,30,1984860
1788846480000,57223,57223,57212,57212,1500,1984860
1788846510000,57222.4,57222.4,57220,57220,360,1986120
1788846540000,57220,57230,57220,57230,1200,1986120
1788846570000,57230,57230,57220.6,57220.6,360,1986120
1788846600000,57220.6,57222.6,57216.6,57216.6,1290,1986360
1788846630000,57214.6,57217.4,57214.6,57217.4,900,1987710
1788846660000,57217.4,57220,57217.4,57220,240,1987710
1788846690000,57220,57220,57210,57210,660,1988430
1788846720000,57210,57210,57205,57207.6,360,1988430
1788846750000,57207.6,57210,57207,57210,300,1988850
1788846780000,57209.8,57215,57207.2,57212.8,900,1988850
1788846810000,57211,57211,57208.4,57208.4,690,1989690
1788846840000,57208.4,57210,57207.2,57210,90,1989690
1788846870000,57210,57210,57209.4,57210,510,1989960
1788846900000,57210,57212.8,57210,57212.8,270,1989960
1788846930000,57218.2,57225,57218.2,57224.2,1260,1990290
1788846960000,57225,57248.8,57225,57235,1380,1990290
1788846990000,57228.6,57230,57227.8,57230,270,1990260
1788847020000,57226.8,57240,57226.8,57235.4,1680,1990260
1788847050000,57235.4,57236,57235.4,57235.4,330,1991370
1788847080000,57230,57230,57230,57230,300,1991370
1788847110000,57230,57230,57219.8,57224.6,690,1991940
1788847140000,57224.6,57224.6,57212.2,57212.2,450,1991940
1788847170000,57212.2,57214.8,57211.2,57214.8,900,1992690
1788847200000,57236.8,57236.8,57209.8,57209.8,1890,1992690
1788847230000,57209.8,57210,57209.8,57210,30,1992690
1788847260000,57205,57210,57201,57203,1350,1992930
1788847290000,57210,57210,57209.6,57209.6,90,1992930
1788847320000,57210,57229,57205.6,57229,360,1992900
1788847350000,57229,57229,57220,57220,60,1993050
1788847380000,57215,57215,57200,57200,930,1993050
1788847410000,57205,57207.4,57200,57207.4,420,1994010
1788847440000,57207.4,57207.4,57202.2,57205,150,1994010
1788847470000,57205,57205,57199,57199,90,1994160
1788847500000,57199,57205,57199,57203.2,720,1994160
1788847530000,57203.2,57203.2,57201.2,57201.2,30,1994340
1788847560000,57201.2,57201.2,57200,57200,2250,1994340
1788847590000,57200,57200.2,57199.8,57200,2430,1994940
1788847620000,57200,57200,57199.2,57199.2,300,1994940
1788847650000,57200,57200,57192,57195.2,630,1995990
1788847680000,57195.2,57195.2,57194.6,57194.6,120,1995990
1788847710000,57200,57200,57198.4,57198.4,150,1996140
1788847740000,57198.4,57198.4,57194.6,57195.4,150,1996140
1788847770000,57195.4,57195.4,57192,57192,30,1996140
1788847800000,57192,57198.2,57192,57198.2,780,1996350
1788847830000,57198.2,57198.2,57192,57192,30,1996890
1788847860000,57190,57193.4,57190,57193.4,300,1996890
1788847890000,57193.4,57198.4,57190.2,57190.2,390,1997460
1788847920000,57190.4,57190.4,57178,57179,960,1997460
1788847950000,57176,57184,57176,57180.2,570,1998390
1788847980000,57180.2,57190.6,57180.2,57183.6,810,1998390
1788848010000,57183.6,57189,57180,57180,180,1997940
1788848040000,57180,57186,57180,57181,270,1997940
1788848070000,57186,57186,57179,57180.8,180,1998450
1788848100000,57180.8,57190,57180.8,57188,420,1998450
1788848130000,57188,57199,57188,57197.8,330,1998690
1788848160000,57195.8,57198,57182.8,57182.8,330,1998690
1788848190000,57182.8,57195.6,57182.8,57195.6,330,1998510
1788848220000,57197,57197.6,57189.4,57196.8,240,1998510
1788848250000,57199.6,57200,57195,57195,180,1998780
1788848280000,57195,57199.6,57190,57199.6,150,1998780
1788848310000,57188,57188.8,57187.4,57187.4,300,1999050
1788848340000,57188.8,57188.8,57180,57185.2,240,1999050
1788848370000,57188.8,57190,57175,57175,1410,1999830
1788848400000,57175,57178.2,57158,57161.2,3630,1999830
1788848430000,57162,57166.8,57162,57166.8,990,2000730
1788848460000,57166.8,57169.8,57164.2,57168,510,2000730
1788848490000,57180.2,57180.2,57167,57177,870,2001240
1788848520000,57178.6,57178.6,57168.2,57168.8,1020,2001240
1788848550000,57168,57198,57167.8,57198,1710,2002950
1788848580000,57198,57198,57181.6,57181.6,240,2002950
1788848610000,57181.6,57195.8,57181.6,57190.2,420,2003400
1788848640000,57190.2,57199,57190.2,57196.4,180,2003400
1788848670000,57199,57199,57193.6,57194.4,270,2003400
1788848700000,57195.8,57226.2,57195.8,57199,930,2003430
1788848730000,57200.4,57200.4,57191,57191,1050,2004210
1788848760000,57196.2,57196.2,57186.8,57190.4,270,2004210
1788848790000,57189.2,57193.4,57180,57180,300,2004600
1788848820000,57193.4,57200,57179.8,57182.6,420,2004600
1788848850000,57182.6,57200,57180.2,57180.6,270,2004060
1788848880000,57180.6,57199,57180,57180.6,210,2004060
1788848910000,57199,57199,57177,57177,240,2004360
1788848940000,57177,57181.4,57175.4,57175.4,510,2004360
1788848970000,57175.4,57175.4,57167.8,57167.8,240,2005050
1788849000000,57168,57175.4,57168,57170.8,420,2005050
1788849030000,57170.8,57191.2,57170.8,57171,360,2005050
1788849060000,57176.8,57180.8,57163.6,57165.4,1440,2005290
1788849090000,57174.4,57174.4,57170.8,57173.8,270,2005290
1788849120000,57175.6,57180,57174.4,57180,420,2004660
1788849150000,57178,57180.4,57176.2,57180.4,150,2004750
1788849180000,57180.4,57180.4,57177,57177,270,2004750
1788849210000,57180.4,57180.4,57173.8,57173.8,390,2004750
1788849240000,57173.8,57177,57160,57169,1050,2005170
1788849270000,57169.6,57176,57161.4,57161.4,270,2005170
1788849300000,57165,57165,57130.2,57130.2,6690,2005800
1788849330000,57141.4,57141.4,57130,57130,660,2005800
1788849360000,57130.2,57130.2,57122,57122.2,1980,2009280
1788849390000,57124.4,57124.8,57112.8,57112.8,1200,2009280
1788849420000,57112.8,57124.8,57112.8,57117,1740,2010090
1788849450000,57117,57124.8,57117,57124.8,960,2010090
1788849480000,57123.8,57125,57123,57124.6,2280,2009430
1788849510000,57124.6,57125.4,57112.8,57112.8,600,2009430
1788849540000,57103,57105,57095,57095,4230,2011950
1788849570000,57100,57116.6,57100,57110,900,2011950
1788849600000,57110,57120,57103.8,57120,450,2014080
1788849630000,57124.4,57134.2,57124.4,57126.4,780,2014080
1788849660000,57126.4,57139.6,57126.4,57133,270,2014410
1788849690000,57133,57139.6,57133,57139.2,330,2014410
1788849720000,57139.2,57139.2,57132.4,57132.4,210,2014980
1788849750000,57132.4,57144,57131.8,57142.4,750,2014980
1788849780000,57158,57158.8,57139.4,57139.4,750,2014110
1788849810000,57139.4,57141.6,57139.4,57141.6,60,2014110
1788849840000,57141.6,57147.2,57141.6,57147.2,150,2014170
1788849870000,57147.2,57154.4,57144.2,57154.4,210,2014170
1788849900000,57154.4,57154.4,57140.2,57140.8,210,2014230
1788849930000,57140.8,57152.6,57140.8,57152.6,180,2014230
1788849960000,57152.6,57154,57152.6,57152.6,60,2014200
1788849990000,57154.2,57159,57153.6,57159,600,2014200
1788850020000,57159,57159,57140.8,57140.8,60,2013630
1788850050000,57140.8,57141.8,57140.8,57141.8,90,2013630
1788850080000,57141.8,57141.8,57141.8,57141.8,0,2013630
1788850110000,57141.8,57165,57141.8,57152.2,60,2013630
1788850140000,57152.2,57152.2,57150.4,57150.4,150,2013660
1788850170000,57150.4,57150.4,57150,57150,30,2013660
1788850200000,57150,57150,57147.4,57147.4,60,2013810
1788850230000,57147.4,57147.4,57147.2,57147.2,120,2013810
1788850260000,57147.2,57147.2,57145,57145,30,2013810
1788850290000,57145,57150,57145,57150,150,2013810
1788850320000,57145,57145,57145,57145,30,2013810
1788850350000,57145,57145,57144.4,57144.4,90,2013900
1788850380000,57144.4,57145,57141.8,57145,240,2013930
1788850410000,57145,57148.6,57145,57148.6,270,2013930
1788850440000,57148.6,57148.6,57148.6,57148.6,150,2013900
1788850470000,57148.6,57157.4,57148.6,57157.4,30,2013900
1788850500000,57157.4,57166.4,57157.4,57163.2,120,2013960
1788850530000,57163.2,57167,57162.8,57167,90,2013960
1788850560000,57167,57175.4,57167,57170,960,2014050
1788850590000,57170,57173,57149,57149,1770,2014050
1788850620000,57149,57159.6,57149,57159.6,150,2016360
1788850650000,57159.6,57160.6,57149,57160.6,810,2016360
1788850680000,57160.6,57160.6,57158.6,57158.6,30,2017110
1788850710000,57158.6,57158.6,57157,57157,30,2017110
1788850740000,57157,57157.8,57149.2,57150,150,2017230
1788850770000,57150,57158.6,57144,57158.6,510,2017230
1788850800000,57158.6,57158.6,57156.4,57156.4,570,2017350
1788850830000,57156.4,57156.4,57150.6,57156.4,510,2017350
1788850860000,57164,57189.4,57164,57189.2,450,2017050
1788850890000,57189.2,57189.2,57167,57167,30,2017050
1788850920000,57167,57174.4,57150.2,57174.4,120,2017020
1788850950000,57174.4,57180,57161,57180,930,2017020
1788850980000,57180,57180,57149,57171.2,780,2018250
1788851010000,57170,57170,57160,57160,240,2018250
1788851040000,57160,57160,57157.8,57157.8,60,2018760
1788851070000,57157.8,57157.8,57157.8,57157.8,0,2018760
1788851100000,57157.8,57183,57157.8,57183,90,2018700
1788851130000,57199,57199,57182.4,57182.4,480,2018700
1788851160000,57182.4,57199,57182.4,57192,240,2018430
1788851190000,57192,57199,57190,57199,90,2018430
1788851220000,57198.2,57199,57195,57195,360,2018340
1788851250000,57195,57200,57195,57197.2,930,2018340
1788851280000,57197.2,57197.2,57197.2,57197.2,0,2018340
1788851310000,57197.2,57197.2,57182.4,57182.4,30,2018670
1788851340000,57182.4,57187.4,57180,57180,120,2018700
1788851370000,57180,57187,57180,57187,60,2018700
1788851400000,57187,57187,57156,57156,270,2018850
1788851430000,57140.2,57157.4,57140.2,57157.4,180,2018850
1788851460000,57157.4,57157.4,57157.4,57157.4,0,2018850
1788851490000,57157.4,57172.8,57157.4,57166.4,210,2018880
1788851520000,57166.4,57166.4,57150,57150,210,2019120
1788851550000,57150,57150,57149,57149.2,60,2019120
1788851580000,57149,57149,57140,57148,330,2019210
1788851610000,57140,57140,57132,57132,240,2019210
1788851640000,57130,57142.4,57130,57142.4,210,2019210
1788851670000,57145.6,57145.6,57125.4,57125.4,270,2019720
1788851700000,57125.4,57127,57125.4,57125.4,210,2019750
1788851730000,57125,57146,57125,57146,210,2019750
1788851760000,57146,57146,57132.4,57146,120,2019870
1788851790000,57146,57146,57145,57145,30,2019870
1788851820000,57145,57147.4,57145,57147.4,30,2019870
1788851850000,57147.4,57147.4,57147.4,57147.4,30,2019870
1788851880000,57147.4,57147.4,57142.8,57142.8,30,2019930
1788851910000,57142.8,57142.8,57142.8,57142.8,0,2019930
1788851940000,57142.8,57142.8,57142.8,57142.8,0,2019930
1788851970000,57142.8,57149,57135,57135,270,2019960
1788852000000,57135,57147,57135,57147,90,2019960
1788852030000,57130.4,57138,57121.4,57138,4170,2020320
1788852060000,57138,57138,57138,57138,0,2020320
1788852090000,57137.6,57138.6,57137.6,57138.6,120,2022660
1788852120000,57125.2,57125.2,57125.2,57125.2,60,2022660
1788852150000,57125.2,57125.2,57124.8,57124.8,60,2022660
1788852180000,57124.6,57125,57124.6,57125,90,2022660
1788852210000,57125,57125,57125,57125,30,2022690
1788852240000,57125,57125,57125,57125,270,2022690
1788852270000,57125,57125,57125,57125,0,2022690
1788852300000,57139,57144.2,57139,57144.2,90,2022450
1788852330000,57144.2,57144.2,57144.2,57144.2,0,2022450
1788852360000,57144.2,57144.2,57143.6,57144,120,2022450
1788852390000,57144,57149,57144,57149,30,2022450
1788852420000,57149,57154,57149,57154,30,2022450
1788852450000,57154,57158.4,57154,57158.4,30,2022450
1788852480000,57158.4,57158.8,57158.4,57158.8,30,2022450
1788852510000,57158.8,57158.8,57152,57152,30,2022480
1788852540000,57152,57152,57152,57152,30,2022480
1788852570000,57148,57148,57130.6,57130.6,180,2022480
1788852600000,57130.6,57141.6,57130.6,57141.6,120,2014710
1788852630000,57141.6,57141.6,57130.6,57130.6,120,2014710
1788852660000,57121.8,57124.6,57121.8,57124.4,210,2014560
1788852690000,57124.4,57132.8,57120,57132.8,480,2014560
1788852720000,57132.8,57132.8,57120,57120,120,2014560
1788852750000,57120,57120,57120,57120,0,2014560
1788852780000,57120,57140,57120,57140,60,2014860
1788852810000,57140,57140,57120,57120,150,2014860
1788852840000,57120.2,57120.2,57106.8,57111,810,2015130
1788852870000,57122.8,57122.8,57120,57120,90,2015130
1788852900000,57108,57120,57108,57120,60,2015130
1788852930000,57120,57120,57107,57107,180,2015430
1788852960000,57107,57107.4,57107,57107.4,120,2015550
1788852990000,57107.4,57108.2,57107.4,57108.2,150,2015550
1788853020000,57111.6,57128.2,57111,57126.8,300,2015670
1788853050000,57126.8,57126.8,57124.2,57124.2,30,2015670
1788853080000,57124.2,57124.2,57124,57124,30,2015730
1788853110000,57124,57124,57111,57111,120,2015730
1788853140000,57111,57115.6,57106,57114.8,240,2016030
1788853170000,57114.8,57114.8,57114.8,57114.8,0,2016030
1788853200000,57103,57103,57102,57102.2,510,2016360
1788853230000,57102.2,57102.8,57102,57102.8,60,2016360
1788853260000,57102.8,57116.8,57102.8,57114.8,420,2016600
1788853290000,57110,57114.6,57109.6,57111.8,1290,2016600
1788853320000,57104,57111.8,57101,57107.8,1470,2018910
1788853350000,57107.8,57107.8,57107.8,57107.8,0,2018910
1788853380000,57116.8,57116.8,57108.6,57108.6,90,2018970
1788853410000,57108.6,57115.8,57108.6,57115.8,60,2018970
1788853440000,57115.8,57119,57109,57109,210,2018970
1788853470000,57109,57141,57109,57114.2,960,2019060
1788853500000,57130.4,57131,57130.4,57131,210,2019060
1788853530000,57131,57131,57120,57120,240,2019540
1788853560000,57120,57120,57119.8,57120,150,2019540
1788853590000,57127.8,57127.8,57118.8,57119,750,2019540
1788853620000,57119,57128,57119,57128,180,2020320
1788853650000,57119.4,57124,57116.4,57124,300,2020320
1788853680000,57124,57124,57112,57112,60,2020620
1788853710000,57112,57112,57107.8,57107.8,240,2020620
1788853740000,57107.8,57107.8,57100,57100,390,2020830
1788853770000,57100,57100,57100,57100,0,2020830
1788853800000,57100,57100,57100,57100,300,2020830
1788853830000,57100,57109.2,57100,57109.2,150,2020770
1788853860000,57109,57109.2,57109,57109.2,90,2020770
1788853890000,57109.2,57109.2,57107.8,57107.8,90,2020950
1788853920000,57129.2,57129.2,57079.4,57089.8,2340,2022120
1788853950000,57090.8,57101,57082.8,57084.6,330,2022120
1788853980000,57084.6,57084.6,57084.6,57084.6,0,2022120
1788854010000,57086.8,57097.8,57085.6,57097.8,120,2022300
1788854040000,57097.8,57097.8,57090,57092,270,2022330
1788854070000,57092,57092.6,57091,57091.8,300,2022330
1788854100000,57091,57091.6,57089.8,57089.8,750,2022420
1788854130000,57085,57085,57079,57083.4,360,2022420
1788854160000,57085.6,57087.8,57085.6,57085.6,150,2022420
1788854190000,57085.6,57089.8,57085.6,57089.6,240,2022480
1788854220000,57089.6,57089.6,57071.8,57074.6,450,2022870
1788854250000,57074.6,57120.8,57074.6,57102.2,840,2022870
1788854280000,57104.2,57105.4,57104.2,57104.8,150,2022870
1788854310000,57104.8,57104.8,57095,57095,180,2022840
1788854340000,57104.6,57104.6,57101,57101,60,2022840
1788854370000,57101,57101,57087.8,57090,180,2023020
1788854400000,57081,57081,57074.6,57080,300,2023020
1788854430000,57080,57080.8,57076,57080.8,270,2022960
1788854460000,57080.8,57080.8,57080.4,57080.6,120,2022960
1788854490000,57080.6,57098.6,57080.6,57098.6,450,2021460
1788854520000,57098.6,57098.6,57080.8,57080.8,90,2021460
1788854550000,57080.8,57080.8,57071.8,57076,120,2021580
1788854580000,57076,57084.8,57074,57074.6,240,2021580
1788854610000,57074.6,57074.6,57074.6,57074.6,0,2021580
1788854640000,57077,57087.2,57057.8,57068.8,2070,2021130
1788854670000,57075,57075,57066.2,57070,210,2021130
1788854700000,57075,57104.6,57075,57104.6,420,2020980
1788854730000,57092,57100,57092,57098.6,180,2020980
1788854760000,57098.6,57104,57098,57098,300,2020980
1788854790000,57098,57104.2,57098,57104.2,120,2021160
1788854820000,57104.2,57104.8,57100,57104.6,300,2021160
1788854850000,57104.6,57104.6,57104.6,57104.6,60,2021370
1788854880000,57104.6,57104.6,57093,57100.6,90,2021370
1788854910000,57100.6,57100.6,57080.8,57083.4,840,2021460
1788854940000,57083.4,57083.4,57074,57074,210,2021400
1788854970000,57080.6,57081.2,57080.6,57081.2,60,2021400
1788855000000,57081.2,57081.6,57078.2,57080.8,450,2021400
1788855030000,57081.2,57081.6,57078.2,57078.4,330,2021520
1788855060000,57078.2,57078.2,57074.6,57077,210,2021520
1788855090000,57077.6,57082.6,57077.6,57082.4,150,2021730
1788855120000,57082.4,57083,57080,57080,60,2021850
1788855150000,57078.2,57078.2,57073.4,57073.4,90,2021850
1788855180000,57070,57076.8,57069.8,57076.8,210,2021850
1788855210000,57076.8,57076.8,57076.6,57076.6,60,2021850
1788855240000,57076.6,57076.6,57068,57069,180,2021850
1788855270000,57069,57075,57069,57069,360,2021820
1788855300000,57069,57070,57069,57070,60,2021820
1788855330000,57070.4,57093,57070.4,57093,1230,2021640
1788855360000,57093,57093,57080,57080,90,2021640
1788855390000,57080,57085.4,57080,57085.4,60,2021280
1788855420000,57081.4,57091.2,57081.4,57091.2,90,2021280
1788855450000,57087,57098,57087,57098,360,2021370
1788855480000,57098,57098,57096.4,57096.4,30,2021370
1788855510000,57090,57098,57090,57097.4,90,2021370
1788855540000,57090.6,57096.2,57090.6,57096,90,2021370
1788855570000,57096,57098.8,57094.8,57098.8,180,2021490
1788855600000,57098.8,57098.8,57096,57098,60,2021490
1788855630000,57098,57098.8,57098,57098.8,60,2021400
1788855660000,57095.2,57095.2,57081.4,57081.4,390,2021400
1788855690000,57083.2,57086.4,57070.4,57076.4,330,2021640
1788855720000,57076.4,57084,57075.2,57084,330,2021640
1788855750000,57087,57087.2,57086.2,57086.2,240,2021790
1788855780000,57079.2,57079.2,57079.2,57079.2,60,2021790
1788855810000,57084.6,57095,57084.6,57091.4,1650,2022030
1788855840000,57094.8,57099.8,57091.4,57094.6,840,2022030
1788855870000,57094.6,57102.2,57094.4,57094.4,240,2021250
1788855900000,57092.4,57098.8,57092.4,57098.8,120,2021250
1788855930000,57093,57100.6,57093,57100.6,120,2021490
1788855960000,57100.6,57107,57100.6,57107,90,2021490
1788855990000,57107,57107,57101,57107,210,2021580
1788856020000,57107,57110,57107,57109,150,2021580
1788856050000,57109,57110.8,57109,57110.8,30,2021760
1788856080000,57114,57116,57114,57116,210,2021760
1788856110000,57116,57116,57112,57112,30,2021940
1788856140000,57108.8,57112,57107,57107.2,300,2021940
1788856170000,57107.2,57107.2,57107.2,57107.2,30,2022060
1788856200000,57107.2,57115.8,57107.2,57115.8,120,2022060
1788856230000,57115.8,57118.4,57110.6,57118.4,330,2022390
1788856260000,57115.8,57116.6,57110,57110,330,2022390
1788856290000,57110.6,57125,57110.6,57120,630,2022870
1788856320000,57120,57123,57120,57123,30,2022870
1788856350000,57123,57123,57118,57118,60,2022990
1788856380000,57115,57126.6,57113.6,57126.6,300,2022990
1788856410000,57126.6,57140,57126.6,57140,90,2023200
1788856440000,57140,57150,57140,57140,630,2023200
1788856470000,57143.6,57150,57142.6,57149,600,2023140
1788856500000,57149,57149,57146.8,57146.8,630,2023140
1788856530000,57143.4,57148.4,57142.6,57145,300,2022870
1788856560000,57149,57151.8,57131,57131,360,2022870
1788856590000,57130.8,57132.6,57130.8,57132.6,150,2022960
1788856620000,57132.6,57136,57130,57135.6,180,2022960
1788856650000,57135.6,57136.4,57135.6,57136.4,60,2023050
1788856680000,57136.4,57136.4,57135.8,57136.4,120,2023050
1788856710000,57136.4,57136.4,57135.8,57135.8,90,2023140
1788856740000,57135.8,57136.2,57122,57125.4,630,2023140
1788856770000,57125.4,57129.2,57125,57129.2,540,2023230
1788856800000,57129,57129.2,57129,57129.2,630,2023230
1788856830000,57125,57133.4,57125,57133.4,120,2023290
1788856860000,57134.6,57138,57134.6,57138,270,2023290
1788856890000,57138,57140.6,57136.8,57139.4,270,2023560
1788856920000,57139.4,57157.8,57139.4,57155.2,990,2023560
1788856950000,57157.6,57158,57152.6,57153.8,330,2023890
1788856980000,57157.2,57159.4,57151.8,57151.8,540,2023890
1788857010000,57155.8,57162,57155.8,57162,420,2024160
1788857040000,57162,57162,57158,57161.4,330,2024160
1788857070000,57161.4,57161.4,57155,57155,90,2024280
1788857100000,57155,57155,57145.6,57145.6,90,2024280
1788857130000,57145.6,57167.6,57145.4,57167.2,1230,2024310
1788857160000,57166.4,57166.4,57158,57158,780,2024310
1788857190000,57157.8,57160.8,57157.8,57160.8,270,2025420
1788857220000,57159.4,57166,57159.4,57165.8,330,2025420
1788857250000,57166.4,57167.2,57165.8,57165.8,240,2025750
1788857280000,57165.8,57170,57165,57165,390,2025750
1788857310000,57165,57165,57155,57156.8,210,2026020
1788857340000,57156.6,57157,57154.4,57154.4,210,2026020
1788857370000,57154.4,57154.4,57131.4,57134,750,2026230
1788857400000,57134,57139.2,57134,57139.2,30,2026230
1788857430000,57139.2,57139.2,57139.2,57139.2,0,2026230
1788857460000,57139.2,57156,57139.2,57145.6,90,2026380
1788857490000,57155,57155,57150,57150,90,2026380
1788857520000,57139,57139,57130,57130,2580,2026500
1788857550000,57139.2,57140,57137,57137,750,2027220
1788857580000,57135,57135,57135,57135,60,2027220
1788857610000,57135,57135,57135,57135,0,2027220
1788857640000,57135,57135,57130,57132.6,210,2027220
1788857670000,57132.6,57132.6,57130,57130,30,2027220
1788857700000,57130,57130,57130,57130,0,2027220
1788857730000,57130,57130,57100,57120,10980,2027370
1788857760000,57105,57123.2,57105,57117,660,2027370
1788857790000,57117,57128.6,57117,57128.6,30,2037120
1788857820000,57128.6,57139,57128.6,57139,30,2037120
1788857850000,57139,57139,57139,57139,0,2037120
1788857880000,57139,57145,57134,57134,630,2037120
1788857910000,57134,57134,57134,57134,0,2037120
1788857940000,57140,57140,57140,57140,150,2034780
1788857970000,57140,57145,57140,57145,30,2034630
1788858000000,57145,57145,57141.4,57141.4,90,2034630
1788858030000,57141.4,57141.4,57141.4,57141.4,0,2034630
1788858060000,57141.4,57145,57141.4,57145,120,2034660
1788858090000,57142.2,57142.2,57138.8,57138.8,240,2034660
1788858120000,57138.8,57155,57138.8,57155,240,2034750
1788858150000,57155,57155,57155,57155,0,2034750
1788858180000,57155,57155,57151.8,57155,390,2034630
1788858210000,57155,57158,57155,57158,60,2034630
1788858240000,57158,57168,57158,57166,570,2034330
1788858270000,57166,57166,57163.8,57163.8,60,2034330
1788858300000,57160.4,57160.4,57148.4,57148.4,330,2034660
1788858330000,57148.4,57148.4,57148.4,57148.4,180,2034750
1788858360000,57148.4,57148.4,57148.4,57148.4,0,2034750
1788858390000,57148.4,57148.4,57148.4,57148.4,0,2034750
1788858420000,57148.4,57148.4,57148.4,57148.4,0,2034750
1788858450000,57148.4,57148.4,57148.4,57148.4,0,2034750
1788858480000,57148.4,57156.4,57148.4,57151,150,2034750
1788858510000,57151,57154.4,57131,57131,270,2035020
1788858540000,57131,57131,57130.8,57130.8,150,2035020
1788858570000,57130.8,57130.8,57118.8,57128.4,360,2035020
1788858600000,57128.4,57128.4,57125,57125,30,2035230
1788858630000,57125,57131.6,57125,57131.6,120,2035170
1788858660000,57125.6,57127.2,57125.6,57127.2,510,2035170
1788858690000,57127.2,57136.2,57127.2,57136.2,150,2035170
1788858720000,57136.6,57141,57136.6,57141,390,2035170
1788858750000,57141,57141,57135,57135,90,2035260
1788858780000,57135,57135,57128.8,57128.8,30,2035260
1788858810000,57128.8,57130.4,57127,57127,180,2035020
1788858840000,57130.4,57130.8,57127,57127,540,2035020
1788858870000,57135,57135,57135,57135,30,2035020
1788858900000,57135,57135,57117.4,57123,150,2035020
1788858930000,57123,57123,57123,57123,300,2035020
1788858960000,57123,57123,57121,57123,150,2034690
1788858990000,57126,57126,57122.4,57122.4,510,2034840
1788859020000,57122.4,57122.4,57121,57121.6,90,2034840
1788859050000,57115.8,57121.6,57115.8,57121.6,570,2034870
1788859080000,57121.6,57129.6,57121.6,57129.6,270,2034870
1788859110000,57127,57127,57126.6,57126.6,150,2034750
1788859140000,57125,57125,57111.2,57111.2,90,2034750
1788859170000,57111.2,57111.2,57105,57105,150,2034810
1788859200000,57104,57104,57095,57095,270,2034810
1788859230000,57099.6,57100,57094,57096.2,570,2035020
1788859260000,57097.2,57102.6,57090,57099,1080,2035020
1788859290000,57099,57102.4,57099,57102.4,120,2035140
1788859320000,57095.6,57102.4,57092.4,57092.4,150,2035140
1788859350000,57091,57099.2,57081,57084,1200,2035080
1788859380000,57082.2,57096.8,57080,57080,270,2035080
1788859410000,57080,57096.4,57080,57083.6,330,2035200
1788859440000,57090.4,57098,57081.4,57098,750,2035200
1788859470000,57098,57107.8,57095.2,57100,420,2035260
1788859500000,57108,57108,57096,57096,300,2035260
1788859530000,57107.2,57107.2,57094,57094,240,2035350
1788859560000,57094,57110,57094,57097.2,270,2035350
1788859590000,57097.2,57097.2,57093.2,57093.2,90,2035470
1788859620000,57093.2,57093.2,57090,57090,60,2035470
1788859650000,57095,57099,57091,57091,240,2035620
1788859680000,57091,57099,57090,57095,300,2035620
1788859710000,57103.6,57103.6,57090,57090,180,2035860
1788859740000,57090,57102,57090,57101,210,2035860
1788859770000,57109.8,57114.2,57105,57110,600,2035680
1788859800000,57101,57101.6,57094.8,57101.6,270,2035680
1788859830000,57101.6,57111.2,57101.6,57111.2,210,2035170
1788859860000,57111.2,57124,57111.2,57123,270,2035170
1788859890000,57129.8,57140,57129.8,57140,480,2034840
1788859920000,57144,57147,57136.8,57143.6,540,2034840
1788859950000,57143.6,57143.6,57135.2,57135.2,480,2035050
1788859980000,57135.2,57135.6,57135.2,57135.2,1140,2035050
1788860010000,57135.2,57135.2,57112.8,57126.2,1290,2035080
1788860040000,57126.2,57126.2,57115.6,57118.4,330,2035080
1788860070000,57118.4,57120,57118.4,57119.8,360,2035080
1788860100000,57113.4,57113.4,57112.2,57112.2,120,2035020
1788860130000,57112,57120,57111,57120,180,2034930
1788860160000,57120,57121.4,57119.8,57121.4,360,2034930
1788860190000,57121.4,57121.8,57121.4,57121.8,120,2034660
1788860220000,57121.8,57128.6,57121.8,57128.6,300,2034660
1788860250000,57128.6,57128.6,57119.6,57119.6,330,2034630
1788860280000,57119.6,57119.6,57113.6,57113.6,30,2034630
1788860310000,57113.6,57114,57111.2,57114,1140,2034630
1788860340000,57120,57127.4,57119.8,57125,1080,2035020
1788860370000,57125,57125,57125,57125,270,2035020
1788860400000,57125,57144.2,57122.6,57137.6,900,2033820
1788860430000,57137.6,57183.6,57135.6,57169.4,4380,2034780
1788860460000,57169.4,57174.8,57155.6,57174.8,870,2034780
1788860490000,57172.8,57174.4,57166.6,57170,360,2034780
1788860520000,57164,57169.6,57160,57160.2,270,2035170
1788860550000,57160.2,57160.2,57155.8,57156.2,90,2035230
1788860580000,57150,57150,57140,57140,330,2035230
1788860610000,57140,57145,57140,57144,420,2035230
1788860640000,57144,57144,57126.6,57135,360,2035530
1788860670000,57135,57140,57131.2,57139.8,390,2035530
1788860700000,57140,57150,57125.4,57141.8,480,2035410
1788860730000,57141.8,57141.8,57126.2,57126.2,30,2035410
1788860760000,57126.2,57126.2,57109.6,57111,180,2035470
1788860790000,57111,57126,57111,57126,120,2035470
1788860820000,57126,57126.6,57126,57126,60,2035470
1788860850000,57126,57126,57126,57126,0,2035470
1788860880000,57126,57130,57124.8,57124.8,270,2035440
1788860910000,57124.8,57150,57124.8,57150,270,2035440
1788860940000,57149.6,57149.6,57144.6,57144.6,240,2035230
1788860970000,57150,57150,57147.6,57147.6,450,2035230
1788861000000,57150,57156.6,57150,57156.6,180,2035440
1788861030000,57156.6,57156.6,57121.8,57128.2,210,2035440
1788861060000,57128.2,57156.6,57128.2,57156.6,150,2035290
1788861090000,57156.6,57156.6,57156.6,57156.6,150,2035290
1788861120000,57149.4,57149.4,57127,57132.4,600,2035350
1788861150000,57132.4,57149.8,57121.4,57124.2,1530,2035350
1788861180000,57124.2,57142.4,57124.2,57130,60,2035950
1788861210000,57130,57139.6,57114.6,57139.6,1290,2035950
1788861240000,57139,57139,57128,57128,60,2036820
1788861270000,57128,57128,57116,57116,570,2036820
1788861300000,57128,57128,57120.6,57121.6,240,2036670
1788861330000,57121,57138,57121,57138,660,2036670
1788861360000,57138,57140,57129.6,57135,240,2036070
1788861390000,57135,57135,57120,57120.2,240,2036070
1788861420000,57120.2,57123,57118,57123,360,2036100
1788861450000,57111.6,57123,57111.6,57123,120,2036100
1788861480000,57109.6,57135,57109.6,57135,810,2036010
1788861510000,57135,57140,57119.8,57119.8,390,2036010
1788861540000,57119.8,57140,57119.6,57131.2,420,2035590
1788861570000,57120,57130.4,57119.6,57126,300,2035590
1788861600000,57119.8,57137.8,57119.8,57134,1080,2035680
1788861630000,57134,57134,57117,57117,30,2035680
1788861660000,57117,57138.4,57117,57135,930,2035740
1788861690000,57135,57135,57127.8,57127.8,60,2035740
1788861720000,57112,57127.8,57112,57125,90,2036040
1788861750000,57125,57128,57125,57128,150,2036040
1788861780000,57128,57131.6,57115,57130,1140,2036010
1788861810000,57130,57130,57112,57112,180,2036010
1788861840000,57112,57115,57110,57115,390,2036100
1788861870000,57115,57119.6,57111,57111,390,2036100
1788861900000,57120,57120,57111,57111,390,2036190
1788861930000,57106,57106,57102,57102,510,2036190
1788861960000,57102,57112,57102,57110,900,2036190
1788861990000,57110,57110,57105,57105,120,2036190
1788862020000,57105,57110,57100,57100,750,2036940
1788862050000,57101,57102,57099,57099,780,2036940
1788862080000,57103.2,57103.2,57073.2,57073.2,1230,2037960
1788862110000,57090,57090,57073,57077,330,2037960
1788862140000,57077,57100,57076.8,57100,780,2037930
1788862170000,57089.8,57100,57075,57099,630,2037930
1788925500000,56674,56938.4,56674,56900,5460,2031840
1788925530000,56900,56901.8,56850.2,56884.6,5340,2031360
1788925560000,56883.8,56883.8,56786.8,56786.8,4080,2031360
1788925590000,56795.8,56818.8,56779,56803.6,4680,2035650
1788925620000,56803.8,56808.6,56780,56794.2,6990,2035650
1788925650000,56785.6,56800,56785.6,56800,6420,2043540
1788925680000,56800,56814.8,56791,56804.4,6780,2043540
1788925710000,56815,56850,56811.4,56837.6,29850,2043540
1788925740000,56849.6,56864.8,56840,56851.4,6120,2075610
1788925770000,56851.4,56870,56840,56840,3840,2075610
1788925800000,56836,56868.2,56825.6,56850,5670,2076750
1788925830000,56872,56872,56844,56845.6,5730,2076750
1788925860000,56845,56864.8,56845,56850.2,600,2076000
1788925890000,56864.6,56864.6,56833,56860.8,1710,2076000
1788925920000,56860.8,56860.8,56820,56831.2,1410,2076930
1788925950000,56830,56831.2,56801.6,56803.4,690,2076930
1788925980000,56806.8,56820,56800,56804.4,2610,2077440
1788926010000,56801,56819.8,56801,56807.8,1860,2077440
1788926040000,56807.8,56829.8,56807.8,56829.8,1950,2080230
1788926070000,56825,56835,56810.2,56835,1860,2080230
1788926100000,56839,56849.6,56830.6,56841,1320,2082030
1788926130000,56839.8,56849.8,56839.4,56849.6,870,2082030
1788926160000,56849.4,56864,56849.2,56863.2,2070,2082000
1788926190000,56863.2,56863.2,56835,56835,1320,2082000
1788926220000,56832.8,56832.8,56804,56817,1230,2082630
1788926250000,56817,56858.8,56815.2,56845.2,1050,2082630
1788926280000,56845,56848,56820.2,56827,570,2083410
1788926310000,56827,56845,56826.2,56845,930,2083410
1788926340000,56848.6,56850,56842,56849.4,720,2083680
1788926370000,56850,56864,56850,56864,1080,2083680
1788926400000,56859,56862.8,56850,56850,990,2083860
1788926430000,56849.8,56862.4,56849.8,56859.2,720,2083860
1788926460000,56857.2,56862.4,56851.2,56858.8,390,2084730
1788926490000,56875,56875,56840.8,56840.8,780,2084730
1788926520000,56842.2,56842.2,56832,56836.8,390,2084670
1788926550000,56830,56833.2,56813,56826.2,1350,2084670
1788926580000,56826.2,56831.2,56825,56827.4,450,2085720
1788926610000,56832.6,56847.8,56825,56828.6,300,2085720
1788926640000,56825,56844.2,56822.2,56843,510,2085990
1788926670000,56840,56849.6,56827.2,56834.2,1080,2085990
1788926700000,56834.2,56844.2,56823.8,56825,390,2087190
1788926730000,56821,56830,56821,56830,120,2087190
1788926760000,56830,56834.8,56821.2,56829.6,690,2087520
1788926790000,56823.6,56828.8,56820.2,56825.8,210,2087520
1788926820000,56823.4,56848,56822.4,56837.2,480,2088000
1788926850000,56844.6,56867,56844.6,56867,2790,2088000
1788926880000,56865.6,56874.2,56862.6,56862.6,1980,2087640
1788926910000,56862.6,56870.6,56862.6,56862.6,390,2087640
1788926940000,56862.6,56863.8,56862.6,56863.8,60,2087640
1788926970000,56863.8,56873,56863.8,56870,300,2086980
1788927000000,56870,56885,56866,56882.6,2250,2087100
1788927030000,56887.8,56904,56880,56890,2640,2087100
1788927060000,56886.6,56896.2,56880,56882.6,5040,2088450
1788927090000,56880.2,56886.2,56880.2,56880.2,3270,2088450
1788927120000,56877,56882.8,56877,56880.2,1590,2086830
1788927150000,56880.2,56899.6,56880.2,56885,1860,2086830
1788927180000,56894.8,56900,56890,56890.6,930,2086950
1788927210000,56893.6,56894.6,56885,56887,1410,2086950
1788927240000,56875,56886.6,56865.6,56865.6,870,2086920
1788927270000,56865.6,56865.6,56850,56855.8,1650,2086920
1788927300000,56855.8,56855.8,56847.2,56847.2,720,2087580
1788927330000,56845.2,56867.2,56840,56841.6,510,2087580
1788927360000,56841.6,56849.4,56840,56840,150,2086920
1788927390000,56840,56840,56830,56830,600,2086920
1788927420000,56836.2,56850.6,56836,56844,480,2087490
1788927450000,56844,56854,56844,56845.6,330,2087490
1788927480000,56840,56846.6,56831,56842.8,540,2087820
1788927510000,56842.8,56842.8,56821,56821,810,2087820
1788927540000,56820.6,56832.6,56820,56825,270,2088690
1788927570000,56821.6,56832,56818,56831.6,390,2088690
1788927600000,56831.6,56831.6,56810,56817.2,450,2088990
1788927630000,56810,56817.2,56802.2,56814.4,510,2088990
1788927660000,56814.4,56819.8,56800,56805,1410,2089530
1788927690000,56805,56822,56800,56803.4,2610,2089530
1788927720000,56803.4,56831,56802.4,56811.6,930,2091240
1788927750000,56809.8,56836.6,56809.2,56809.8,1560,2091240
1788927780000,56806.2,56830,56804,56804,1770,2092830
1788927810000,56800,56811,56799.4,56806,810,2092830
1788927840000,56805.6,56807.8,56800,56800,240,2093550
1788927870000,56800,56817.6,56799.2,56803,510,2093550
1788927900000,56803,56806.8,56800.2,56806.8,150,2093790
1788927930000,56806.8,56814,56806,56814,180,2093790
1788927960000,56814,56814,56801,56807.2,60,2094060
1788927990000,56808.6,56808.6,56808.6,56808.6,60,2094060
1788928020000,56808.6,56824.6,56807.2,56824.6,900,2094150
1788928050000,56825.6,56830,56816.6,56823,600,2094150
1788928080000,56823,56823,56823,56823,0,2094150
1788928110000,56823,56823.8,56804,56808.6,840,2095020
1788928140000,56808.6,56823.6,56808.6,56823.6,60,2095500
1788928170000,56828,56844.8,56823,56844.8,1200,2095500
1788928200000,56844.8,56844.8,56810,56820.4,240,2095650
1788928230000,56817.2,56827,56800.2,56811.2,540,2095650
1788928260000,56811.2,56811.2,56790,56790,1800,2096160
1788928290000,56790,56797.2,56784.4,56793.2,3360,2096160
1788928320000,56795.8,56809.8,56790,56808.4,1800,2097150
1788928350000,56808.4,56809,56808.4,56809,60,2097150
1788928380000,56808.4,56808.4,56800,56805.4,360,2097510
1788928410000,56803.6,56803.6,56794,56798.6,420,2097510
1788928440000,56801.4,56809,56796.4,56805.2,390,2098080
1788928470000,56800,56808.8,56794.8,56798.6,510,2098080
1788928500000,56799.4,56805.8,56799,56804,450,2098380
1788928530000,56799.2,56809.6,56792.8,56795.2,270,2098380
1788928560000,56795.4,56803.6,56795.4,56803.6,600,2098620
1788928590000,56803.6,56807.8,56803.6,56806.4,180,2098620
1788928620000,56805.6,56805.6,56800,56800,180,2098530
1788928650000,56800,56802,56795,56802,780,2098530
1788928680000,56802,56809,56802,56809,210,2098590
1788928710000,56809,56809,56801.2,56801.4,240,2098590
1788928740000,56805,56806.6,56802.8,56806.6,300,2098740
1788928770000,56809.8,56810,56809.6,56809.6,210,2098740
1788928800000,56809.6,56809.6,56805,56805,30,2098770
1788928830000,56801,56804,56800.8,56804,150,2098770
1788928860000,56803.2,56808.8,56801,56804.6,150,2098800
1788928890000,56808.8,56825,56808.8,56825,510,2098800
1788928920000,56829.8,56833.8,56823.2,56828.4,480,2098530
1788928950000,56828.4,56829.4,56828.4,56829.4,30,2098530
1788928980000,56834.8,56844.4,56834,56844.4,120,2098470
1788929010000,56844.4,56847.8,56844.4,56847.8,330,2098470
1788929040000,56847.8,56848,56837.8,56841,750,2098590
1788929070000,56839.8,56852.8,56835,56852.8,1740,2098590
1788929100000,56838,56841.6,56832.8,56837,2460,2099970
1788929130000,56833,56840.8,56824.2,56827,2760,2099970
1788929160000,56828.6,56851.4,56818.8,56836.2,1710,2096670
1788929190000,56835.6,56835.8,56830.4,56834.2,1890,2096670
1788929220000,56834.4,56848.2,56834.4,56848.2,1140,2096670
1788929250000,56852.8,56852.8,56837.4,56837.4,1140,2094420
1788929280000,56850,56870,56843.2,56865.8,1440,2093430
1788929310000,56865.8,56875,56865.8,56874,240,2093430
1788929340000,56875,56887.8,56872,56885.6,420,2093280
1788929370000,56885.6,56904,56874,56900.4,1770,2093280
1788929400000,56900.4,56903,56868.2,56897.8,1290,2093010
1788929430000,56897.8,56918,56897.8,56918,930,2093010
1788929460000,56918,56918,56900,56900,60,2093010
1788929490000,56900,56913.6,56892.6,56899.8,330,2093070
1788929520000,56900,56914,56894.8,56910,1440,2093160
1788929550000,56910,56915,56900,56905,8340,2093160
1788929580000,56905,56905,56905,56905,60,2093160
1788929610000,56915,56919,56905,56919,330,2096550
1788929640000,56921,56970,56921,56965,2910,2095230
1788929670000,56965,56966,56936.8,56950.4,450,2095230
1788929700000,56940,56947.4,56908,56908,480,2095200
1788929730000,56916,56916,56900,56910,330,2095200
1788929760000,56911.6,56914.4,56906,56914.4,600,2095530
1788929790000,56914.4,56920,56907.6,56919.2,300,2095530
1788929820000,56919.2,56934.6,56919.2,56934.6,210,2095710
1788929850000,56934.6,56940.8,56928.2,56940.8,180,2095710
1788929880000,56940.8,56940.8,56939.8,56939.8,30,2095800
1788929910000,56939.8,56939.8,56939.8,56939.8,330,2095800
1788929940000,56940,56947.6,56939.8,56947.6,990,2096370
1788929970000,56949,56950,56949,56950,240,2096370
1788930000000,56950,56968,56936.4,56954.6,600,2096160
1788930030000,56954.6,56956,56954.6,56956,240,2096160
1788930060000,56956,56956,56954,56954,120,2096130
1788930090000,56954,56955,56950,56950,270,2096130
1788930120000,56940,56949.8,56940,56949.8,450,2096280
1788930150000,56949.8,56949.8,56949.8,56949.8,0,2096280
1788930180000,56940,56940,56909,56909,2190,2096280
1788930210000,56930,56930,56930,56930,120,2097810
1788930240000,56930,56943,56925,56935.6,120,2097870
1788930270000,56935.6,56935.6,56909,56909,30,2097870
1788930300000,56910,56916.6,56890,56895,420,2097870
1788930330000,56887,56900,56885,56885,210,2098140
1788930360000,56885,56885,56885,56885,60,2098140
1788930390000,56887.4,56909.6,56887.4,56909.6,150,2098320
1788930420000,56909.6,56930.4,56905.6,56905.6,390,2098320
1788930450000,56905.6,56909.6,56905.6,56909.6,180,2098590
1788930480000,56900,56900,56890.8,56890.8,360,2098590
1788930510000,56890.8,56890.8,56890,56890,60,2099010
1788930540000,56890,56890,56866.4,56886.2,390,2099220
1788930570000,56886.2,56889.8,56886.2,56888.2,150,2099220
1788930600000,56888.2,56893,56879.4,56892.8,120,2099430
1788930630000,56876,56876,56871.2,56871.2,90,2099430
1788930660000,56882.8,56887,56882.8,56887,120,2099550
1788930690000,56886.4,56890.2,56886.4,56889.8,210,2099550
1788930720000,56899.8,56902,56888.2,56888.2,210,2099550
1788930750000,56900.8,56900.8,56885.8,56897.6,180,2099550
1788930780000,56897.6,56909.2,56897.6,56902,120,2099550
1788930810000,56900,56900,56900,56900,30,2099520
1788930840000,56900,56900,56878,56880,90,2099520
1788930870000,56880,56901.6,56880,56901.6,90,2099580
1788930900000,56901.6,56902.4,56895.2,56899.4,150,2099580
1788930930000,56899.4,56909.8,56899.4,56909.8,390,2099610
1788930960000,56909.8,56922.8,56909.8,56911.2,1260,2099610
1788930990000,56921.6,56925,56905,56905,480,2099880
1788931020000,56905,56918.6,56892.4,56905,360,2099880
1788931050000,56905,56911,56905,56905.2,240,2100210
1788931080000,56890.2,56903.2,56890.2,56903.2,150,2100210
1788931110000,56881.4,56904.4,56880,56880,150,2100480
1788931140000,56880,56880,56880,56880,0,2100480
1788931170000,56880,56903.8,56880,56881,60,2100480
1788931200000,56881,56888.8,56881,56888.8,30,2100480
1788931230000,56888.8,56897.6,56880.4,56894.6,300,2100540
1788931260000,56894.6,56896,56881.6,56881.6,60,2100540
1788931290000,56881.6,56883,56880,56881.6,210,2100870
1788931320000,56881.6,56881.6,56881.6,56881.6,0,2100870
1788931350000,56881.6,56892.2,56881.6,56882,120,2101080
1788931380000,56881.6,56881.8,56876.2,56877.2,210,2101080
1788931410000,56877.2,56893,56877.2,56892.8,150,2101230
1788931440000,56892.8,56892.8,56876.6,56876.6,30,2101230
1788931470000,56884,56890.4,56884,56890.4,60,2101380
1788931500000,56890.4,56916,56890.4,56915.4,270,2101380
1788931530000,56915.4,56921.4,56893,56915.8,510,2101590
1788931560000,56915.8,56915.8,56915.8,56915.8,0,2101590
1788931590000,56915.8,56915.8,56911.2,56911.2,30,2101830
1788931620000,56913.8,56913.8,56899.6,56899.6,60,2101830
1788931650000,56899.6,56899.6,56899.6,56899.6,0,2101830
1788931680000,56899.6,56910,56899.6,56910,60,2101890
1788931710000,56910,56920,56910,56920,90,2101890
1788931740000,56920,56930,56920,56930,90,2101890
1788931770000,56930,56939.8,56921.4,56939.4,120,2101920
1788931800000,56939.4,56939.4,56921.2,56939.4,270,2101920
1788931830000,56939.4,56939.4,56939.4,56939.4,60,2101980
1788931860000,56948.6,56966.8,56944.8,56966.8,960,2101980
1788931890000,56970,56970,56930,56941.6,1110,2101980
1788931920000,56941.6,56962.2,56941.6,56941.6,150,2101980
1788931950000,56951,56951.6,56951,56951,300,2101860
1788931980000,56949.8,56950,56945,56945,150,2101860
1788932010000,56945,56950,56944,56950,90,2101830
1788932040000,56950,56950,56938.4,56938.4,60,2101830
1788932070000,56938.4,56958.4,56938.4,56958.4,1560,2101860
1788932100000,56958.4,56958.4,56952.4,56954,60,2101860
1788932130000,56954,56954,56950.8,56950.8,30,2103090
1788932160000,56950.8,56950.8,56940,56940,90,2103090
1788932190000,56938.6,56938.6,56935,56935,750,2103150
1788932220000,56935,56949.8,56935,56935,120,2103150
1788932250000,56935,56935,56935,56935,0,2103150
1788932280000,56935,56935,56935,56935,0,2103150
1788932310000,56935,56944.8,56935,56944.8,90,2103630
1788932340000,56944.8,56948.6,56944.8,56948.6,60,2103630
1788932370000,56948.6,56948.6,56948.6,56948.6,0,2103630
1788932400000,56948.6,56948.6,56948.6,56948.6,60,2103600
1788932430000,56948.6,56948.6,56932.6,56936,90,2103660
1788932460000,56936,56936,56936,56936,0,2103660
1788932490000,56936,56948.6,56936,56948.6,90,2103240
1788932520000,56949,56957,56949,56953.4,330,2103240
1788932550000,56950.4,56950.4,56950.4,56950.4,30,2102580
1788932580000,56950.4,56950.4,56950.4,56950.4,0,2102580
1788932610000,56950.4,56950.4,56950.4,56950.4,0,2102580
1788932640000,56950.4,56955,56950.4,56955,150,2102610
1788932670000,56960,56960,56955,56955,270,2102670
1788932700000,56954.8,56954.8,56954.8,56954.8,60,2102670
1788932730000,56954.8,56954.8,56954.8,56954.8,0,2102670
1788932760000,56954.8,56954.8,56954.8,56954.8,0,2102670
1788932790000,56949.6,56949.6,56940.2,56946,390,2102700
1788932820000,56946,56946,56926.8,56926.8,600,2102700
1788932850000,56926.8,56926.8,56926.8,56926.8,0,2102700
1788932880000,56926.8,56926.8,56926.8,56926.8,0,2102700
1788932910000,56920,56926.8,56919.6,56926.8,120,2102820
1788932940000,56926.8,56932.4,56919,56932.4,60,2102820
1788932970000,56930,56943.4,56930,56937,660,2102850
1788933000000,56937,56937.8,56937,56937.8,30,2102850
1788933030000,56937.8,56937.8,56937.8,56937.8,0,2102850
1788933060000,56937.8,56937.8,56937.8,56937.8,0,2102850
1788933090000,56937.8,56937.8,56937.8,56937.8,0,2102850
1788933120000,56928,56928,56925.2,56925.2,210,2102880
1788933150000,56925.2,56930.4,56925.2,56930.4,30,2103000
1788933180000,56933.8,56933.8,56933.8,56933.8,90,2103000
1788933210000,56933.8,56933.8,56911.6,56911.6,60,2103120
1788933240000,56911.6,56912,56911.6,56912,60,2103120
1788933270000,56912,56912,56912,56912,0,2103120
1788933300000,56920,56929.4,56920,56929.4,120,2103150
1788933330000,56925,56925,56925,56925,30,2103150
1788933360000,56925,56929,56925,56929,30,2103120
1788933390000,56929,56938.4,56925,56925,180,2103150
1788933420000,56925,56936.2,56925,56935,510,2103150
1788933450000,56935,56935,56935,56935,0,2103150
1788933480000,56935,56935,56935,56935,0,2103150
1788933510000,56935,56935,56935,56935,30,2103120
1788933540000,56935,56935,56935,56935,0,2103120
1788933570000,56935,56935,56930,56930,30,2103150
1788933600000,56930,56930,56930,56930,0,2103150
1788933630000,56930,56940,56930,56940,120,2103150
1788933660000,56940,56955,56940,56955,150,2103150
1788933690000,56955,56955,56955,56955,0,2103150
1788933720000,56955,56955,56948.2,56948.2,30,2103060
1788933750000,56948.2,56948.2,56940,56940,30,2103060
1788933780000,56940,56952,56940,56952,150,2103060
1788933810000,56952,56960,56945,56945,360,2103090
1788933840000,56945,56945,56945,56945,0,2103090
1788933870000,56945,56945,56945,56945,0,2103090
1788933900000,56945,56945,56945,56945,0,2103090
1788933930000,56945,56960,56945,56946.8,360,2102970
1788933960000,56956.2,56959.8,56956.2,56956.2,90,2102970
1788933990000,56956.2,56956.2,56950,56950,240,2103270
1788934020000,56950,56950,56940.6,56940.6,30,2103270
1788934050000,56940,56947.2,56939.8,56947.2,150,2103570
1788934080000,56947.2,56947.2,56943,56943,60,2103570
1788934110000,56943,56943.8,56933.4,56933.4,90,2103600
1788934140000,56933.4,56933.4,56925,56925,30,2103600
1788934170000,56925,56925,56925,56925,0,2103600
1788934200000,56925,56925,56925,56925,0,2103600
1788934230000,56925,56925,56925,56925,0,2103600
1788934260000,56925,56932.4,56925,56932.4,30,2103600
1788934290000,56932.4,56945,56926.8,56926.8,300,2103660
1788934320000,56926.8,56939,56926.8,56939,30,2103660
1788934350000,56939,56939,56939,56939,0,2103660
1788934380000,56939,56939,56937,56939,150,2103750
1788934410000,56939,56939,56939,56939,0,2103750
1788934440000,56939,56939,56939,56939,0,2103750
1788934470000,56939,56954.2,56939,56954.2,30,2103810
1788934500000,56954.2,56954.2,56954.2,56954.2,0,2103810
1788934530000,56954.2,56959,56954.2,56959,30,2103780
1788934560000,56960,56969.8,56960,56969.8,360,2103780
1788934590000,56969.8,56969.8,56960,56960,60,2103780
1788934620000,56960,56960,56947.8,56954.6,570,2103840
1788934650000,56960,56960,56960,56960,480,2103840
1788934680000,56960,56960,56953.2,56953.2,690,2103930
1788934710000,56950,56950,56950,56950,150,2103930
1788934740000,56950,56958,56950,56955,300,2104020
1788934770000,56955,56958,56955,56956.2,1530,2102970
1788934800000,56956.2,56956.2,56950,56950,450,2102970
1788934830000,56950,56951,56950,56950,990,2102520
1788934860000,56950,56950,56935,56935,390,2102520
1788934890000,56935,56935,56935,56935,0,2102520
1788934920000,56930,56935,56928,56935,1830,2102130
1788934950000,56933.6,56935,56920,56920,1200,2102040
1788934980000,56910,56920,56910,56920,180,2102040
1788935010000,56920,56939.8,56920,56939.8,330,2102580
1788935040000,56940,56940.6,56937,56937,240,2102580
1788935070000,56937,56940.6,56922,56940.6,240,2103030
1788935100000,56940.6,56940.6,56921.2,56927,210,2103030
1788935130000,56927.2,56936.6,56908,56936.6,300,2103510
1788935160000,56909.2,56939.8,56909.2,56922.2,240,2103510
1788935190000,56940,56941,56921.6,56937.2,270,2103780
1788935220000,56935,56935,56933.8,56933.8,180,2103780
1788935250000,56945.2,56945.2,56918.8,56918.8,270,2104230
1788935280000,56918.8,56931.6,56916.2,56925.6,270,2104230
1788935310000,56925.6,56926.4,56910,56926.4,300,2104620
1788935340000,56911,56911,56901,56902,330,2104620
1788935370000,56902,56905.6,56890,56891.8,990,2105550
1788935400000,56900,56900,56900,56900,360,2105550
1788935430000,56897.4,56910,56887.4,56892.2,630,2105880
1788935460000,56892.2,56892.2,56875,56875,480,2105880
1788935490000,56872,56881.8,56869,56869,450,2105880
1788935520000,56886.2,56886.2,56863,56882.2,720,2106690
1788935550000,56863.4,56863.4,56848,56850,900,2107050
1788935580000,56848,56855.6,56843,56855.6,510,2107050
1788935610000,56842,56863.2,56842,56863.2,750,2108250
1788935640000,56863.2,56873.6,56863.2,56873.6,210,2108250
1788935670000,56872,56872,56850,56866.2,270,2108490
1788935700000,56862,56866.8,56850,56850,540,2108490
1788935730000,56850,56859.2,56830,56830,630,2108760
1788935760000,56826,56828,56820,56825,810,2108760
1788935790000,56820,56828,56820,56825.2,300,2109660
1788935820000,56825,56828,56804.2,56810,1590,2109660
1788935850000,56828,56832.8,56815,56815,270,2110530
1788935880000,56810,56831.2,56810,56815,390,2110530
1788935910000,56815,56830,56815,56830,240,2110860
1788935940000,56830,56837,56821.4,56821.4,450,2110860
1788935970000,56822.8,56836.8,56822.8,56836.8,180,2111040
1788936000000,56836.8,56836.8,56826,56826,210,2111040
1788936030000,56825,56837,56825,56837,630,2111820
1788936060000,56837,56837,56820,56820,1140,2111820
1788936090000,56820,56837,56820,56837,390,2112900
1788936120000,56837,56847,56837,56846.8,210,2112900
1788936150000,56846.8,56847.2,56844.2,56844.2,420,2113050
1788936180000,56848,56858.6,56840.2,56845,300,2113050
1788936210000,56845,56856.6,56845,56856.2,270,2113440
1788936240000,56861.6,56862.6,56845,56845,330,2113440
1788936270000,56845,56857.8,56845,56845,840,2113740
1788936300000,56845,56864.2,56845,56864.2,300,2113740
1788936330000,56860.8,56862,56845,56850.6,480,2114730
1788936360000,56850.2,56850.2,56830,56830,900,2114730
1788936390000,56838.2,56839.2,56810,56810,450,2115090
1788936420000,56810,56830,56802,56830,570,2115090
1788936450000,56827.4,56830,56810,56830,330,2115690
1788936480000,56838.4,56838.4,56833.6,56833.6,180,2115690
1788936510000,56830.2,56830.2,56810,56810,300,2116290
1788936540000,56830,56833.8,56830,56832.8,270,2116290
1788936570000,56830.6,56830.6,56810,56810,330,2116770
1788936600000,56810,56826.4,56810,56824.6,240,2116770
1788936630000,56824.6,56829.2,56824.6,56826.4,210,2117130
1788936660000,56829.8,56831,56820,56820,420,2117130
1788936690000,56820,56821.8,56805.4,56805.4,270,2117460
1788936720000,56820.6,56820.8,56803,56805,480,2117460
1788936750000,56811,56818.2,56803,56803,420,2118000
1788936780000,56802,56811,56801,56811,240,2118000
1788936810000,56816,56820,56805,56820,240,2118270
1788936840000,56815.8,56830.6,56815.8,56830.6,300,2118270
1788936870000,56830.6,56830.6,56810.4,56829.8,360,2118600
1788936900000,56828,56836,56828,56836,360,2118600
1788936930000,56834,56844,56826,56826,270,2119170
1788936960000,56841.2,56859.2,56840.8,56858,660,2119170
1788936990000,56859,56863,56850,56863,420,2119620
1788937020000,56859.2,56864.2,56859.2,56860.6,420,2119620
1788937050000,56861.6,56870.4,56832.6,56832.6,420,2120160
1788937080000,56865.6,56865.8,56856.6,56865,390,2120160
1788937110000,56870,56877.8,56870,56877.8,510,2120160
1788937140000,56874.4,56884.6,56870.8,56884.6,780,2120970
1788937170000,56879.8,56889.2,56874,56889.2,570,2121690
1788937200000,56890,56895,56868.8,56895,600,2121690
1788937230000,56896.2,56896.2,56896.2,56896.2,30,2121690
1788937260000,56898,56898,56880,56880,90,2121840
1788937290000,56880,56900,56880,56900,90,2121840
1788937320000,56900,56910.4,56900,56910.4,210,2121810
1788937350000,56908.6,56910.8,56888.4,56888.4,330,2121930
1788937380000,56914.2,56959,56914.2,56959,1650,2121930
1788937410000,56960,57032.2,56959,57000,10020,2116500
1788937440000,57017.8,57033.8,57000,57026.8,1320,2116500
1788937470000,57034,57049,57000.2,57032,2130,2116350
1788937500000,57004,57100,57001,57100,3450,2116350
1788937530000,57100,57100,57044.8,57044.8,1920,2115330
1788937560000,57039.8,57061.6,57039.6,57039.6,330,2115330
1788937590000,57050,57061,57044,57044,960,2115330
1788937620000,57044,57068.6,57040,57062.2,1920,2114760
1788937650000,57060,57080,57058.8,57065,1170,2115180
1788937680000,57069.8,57089.4,57063,57086.8,2100,2115180
1788937710000,57086.8,57089,57064,57080.8,2610,2115270
1788937740000,57078,57080.8,57064,57065,780,2115270
1788937770000,57065,57070.8,57040.2,57050,990,2114760
1788937800000,57070,57070,57045,57045,150,2114760
1788937830000,57045,57063,57045,57063,90,2114760
1788937860000,57050,57059.8,57045,57045,330,2114760
1788937890000,57050,57066.6,57050,57065,420,2114760
1788937920000,57069,57101,57069,57101,3150,2114760
1788937950000,57101,57129.8,57090.2,57111,3330,2114760
1788937980000,57112.4,57124.6,57100.2,57105,1320,2115990
1788938010000,57116.8,57116.8,57060.6,57066.8,1140,2115990
1788938040000,57066.8,57105,57066.8,57091,270,2116620
1788938070000,57090.2,57100,57067,57100,570,2116620
1788938100000,57100,57103.4,57098.4,57098.4,90,2116830
1788938130000,57098.4,57098.4,57061,57077.6,270,2116830
1788938160000,57065,57065,57065,57065,60,2117010
1788938190000,57065,57080,57065,57073.4,1080,2116350
1788938220000,57090,57100,57090,57100,1140,2116350
1788938250000,57100,57105.6,57074.4,57104.4,360,2116350
1788938280000,57104.4,57104.4,57068.8,57085,150,2115840
1788938310000,57085,57085,57085,57085,30,2115840
1788938340000,57085,57099.4,57065,57068,210,2115810
1788938370000,57066.6,57066.6,57060,57060,660,2115810
1788938400000,57060,57069.8,57060,57067.8,120,2116320
1788938430000,57067.8,57067.8,57067.8,57067.8,30,2116320
1788938460000,57065,57065,57060,57065,210,2116320
1788938490000,57060,57060,57055,57055,60,2116320
1788938520000,57067.4,57098.2,57067.4,57095,180,2116260
1788938550000,57095,57098,57082.8,57082.8,690,2116260
1788938580000,57082.8,57098.8,57082.8,57098.8,30,2116230
1788938610000,57098.8,57098.8,57060.2,57060.2,360,2116230
1788938640000,57060.2,57074.4,57055.8,57055.8,120,2116470
1788938670000,57049.2,57057.6,57047.4,57057.6,390,2116470
1788938700000,57055.4,57067.2,57050.2,57053,390,2116500
1788938730000,57051.6,57054.4,57041,57054.4,1020,2116500
1788938760000,57057.6,57072.8,57057.6,57072.8,270,2116590
1788938790000,57074.6,57075,57061.6,57075,630,2116590
1788938820000,57075,57075,57075,57075,0,2116590
1788938850000,57075,57094.8,57075,57085,150,2116200
1788938880000,57075.2,57075.2,57075.2,57075.2,60,2116290
1788938910000,57075.2,57083.8,57075,57075,150,2116290
1788938940000,57075,57075.4,57075,57075,180,2116260
1788938970000,57075,57075,57070,57075,150,2116260
1788939000000,57070.2,57075,57067.2,57075,120,2116230
1788939030000,57075,57075,57050.2,57050.2,150,2116230
1788939060000,57050.2,57074.6,57050.2,57074.6,90,2116140
1788939090000,57073.6,57074,57065.8,57073.8,570,2116140
1788939120000,57073.8,57073.8,57066.4,57066.4,180,2116500
1788939150000,57066.4,57066.4,57054.2,57054.2,30,2116500
1788939180000,57050.6,57050.6,57050,57050,180,2116560
1788939210000,57050,57050,57050,57050,0,2116560
1788939240000,57050,57050,57030,57040,270,2116560
1788939270000,57040,57041.6,57040,57041.6,90,2116560
1788939300000,57050,57057.2,57050,57057,90,2116500
1788939330000,57057,57057,57042.8,57042.8,180,2116500
1788939360000,57042.8,57042.8,57039.2,57039.2,390,2116380
1788939390000,57039.2,57039.2,57028,57028,210,2116380
1788939420000,57051.6,57051.6,57050,57050,60,2116410
1788939450000,57035.2,57053,57035.2,57053,270,2116410
1788939480000,57053,57055,57053,57055,60,2116380
1788939510000,57060,57066.4,57060,57066.4,300,2116380
1788939540000,57055.2,57060.4,57036,57036,1050,2116710
1788939570000,57036,57050,57036,57048.8,60,2116710
1788939600000,57036,57037.6,57000,57000.4,1590,2117400
1788939630000,57020,57020,57000,57004.4,570,2117400
1788939660000,57004.4,57025.8,57004.4,57020,90,2116920
1788939690000,57020,57020,57020,57020,0,2116920
1788939720000,57020,57020,56992.6,56992.6,210,2116890
1788939750000,57003.2,57006.6,57003.2,57003.8,150,2116890
1788939780000,57003.8,57003.8,56995.2,56995.2,30,2116830
1788939810000,57000.6,57018.4,57000.6,57001.2,90,2116830
1788939840000,57001.2,57001.2,56999,56999,60,2116800
1788939870000,57015.6,57015.6,56997,56997,150,2116800
1788939900000,56997,56997,56997,56997,0,2116800
1788939930000,56997,57018.4,56994,57018.4,150,2116800
1788939960000,57018.4,57018.4,57013.6,57013.6,30,2116800
1788939990000,57013.6,57013.6,57013.6,57013.6,90,2116800
1788940020000,57006.6,57006.6,56995,56995,450,2116920
1788940050000,56995,56995,56985.8,56995,120,2116920
1788940080000,56995,56996.4,56993,56993,60,2116920
1788940110000,56993,57000.8,56993,57000.8,60,2116920
1788940140000,57000.8,57005,57000.8,57005,90,2116920
1788940170000,57005,57014.8,57002,57010,120,2116920
1788940200000,57010,57010,56997,56998.6,90,2117010
1788940230000,56998.6,56998.6,56998.6,56998.6,0,2117010
1788940260000,57000,57010,57000,57010,180,2117040
1788940290000,57015,57030,57015,57021.2,120,2117040
1788940320000,57021.2,57021.2,57010.6,57010.6,300,2116950
1788940350000,57003.2,57003.2,57003.2,57003.2,360,2116950
1788940380000,57000,57000,57000,57000,240,2116950
1788940410000,57029.8,57030,57029.8,57030,240,2116830
1788940440000,57030,57030,57001,57001,270,2116830
1788940470000,57001,57001,57001,57001,0,2116830
1788940500000,57001,57020,57001,57020,60,2116680
1788940530000,57020,57028.8,57020,57028.8,30,2116680
1788940560000,57028.8,57030,57008.8,57030,60,2116740
1788940590000,57030,57030,57030,57030,60,2116740
1788940620000,57006,57006,57006,57006,30,2116740
1788940650000,57006,57029.8,57006,57006,90,2116830
1788940680000,57006,57006,57006,57006,0,2116830
1788940710000,57006,57006,57006,57006,30,2116860
1788940740000,57006,57006,57006,57006,0,2116860
1788940770000,57006,57025,57006,57025,30,2116860
1788940800000,57025,57030,57010,57030,180,2116860
1788940830000,57030,57030,57030,57030,0,2116860
1788940860000,57030,57030,57030,57030,0,2116860
1788940890000,57030,57030,57030,57030,30,2116920
1788940920000,57030,57030,57030,57030,30,2116950
1788940950000,57030,57030,57010.2,57010.2,150,2116950
1788940980000,57010.2,57011,57010.2,57011,60,2117130
1788941010000,57005,57005,57000,57000,90,2117130
1788941040000,57020,57020,57020,57020,30,2117130
1788941070000,57020,57020,57010,57010,30,2117160
1788941100000,57010,57010,57010,57010,0,2117160
1788941130000,57010,57015,57000.6,57000.6,120,2117160
1788941160000,57000,57006.2,57000,57006.2,60,2117250
1788941190000,57006.2,57006.2,57006.2,57006.2,0,2117250
1788941220000,57006.2,57006.2,57006.2,57006.2,0,2117250
1788941250000,57006.2,57014,57006.2,57014,30,2117280
1788941280000,57014,57015,57011.4,57015,90,2117280
1788941310000,57015,57015,57015,57015,30,2117280
1788941340000,57015,57020,57015,57020,150,2117340
1788941370000,57020,57030,57020,57030,300,2117340
1788941400000,57030,57030,57030,57030,0,2117340
1788941430000,57030,57050,57030,57050,150,2117580
1788941460000,57050,57050,57040,57040,30,2117580
1788941490000,57040,57050,57040,57050,60,2117520
1788941520000,57050,57050,57050,57050,60,2117520
1788941550000,57050,57050,57049.8,57049.8,120,2117520
1788941580000,57049.8,57051,57045.8,57051,210,2117640
1788941610000,57051,57060,57051,57060,60,2117640
1788941640000,57070,57070,57070,57070,960,2117640
1788941670000,57058.4,57060,57057.2,57060,720,2118450
1788941700000,57049.8,57053.4,57032.2,57032.2,120,2118900
1788941730000,57032.2,57052.8,57032.2,57052.8,30,2118900
1788941760000,57052.8,57052.8,57052.8,57052.8,0,2118900
1788941790000,57052.8,57052.8,57052.8,57052.8,0,2118900
1788941820000,57052.8,57052.8,57015.2,57015.2,90,2118870
1788941850000,57015.2,57015.2,57015.2,57015.2,0,2118870
1788941880000,57015.2,57015.2,57015,57015,30,2118900
1788941910000,57015,57015,57015,57015,0,2118900
1788941940000,57029,57030,57029,57030,60,2118930
1788941970000,57030,57043,57030,57031,60,2118930
1788942000000,57031,57031,57031,57031,0,2118930
1788942030000,57031,57031,57031,57031,0,2118930
1788942060000,57031,57053,57031,57046.8,330,2119080
1788942090000,57046.4,57056.6,57046.4,57056.6,210,2119080
1788942120000,57051.4,57053.2,57030.2,57035,240,2119500
1788942150000,57035,57054.4,57035,57054.4,300,2119500
1788942180000,57057,57065,57057,57065,240,2119950
1788942210000,57064.8,57065,57052.8,57053.4,210,2119950
1788942240000,57049.4,57053.4,57035.8,57035.8,300,2120280
1788942270000,57034.2,57034.2,57025,57025,360,2120280
1788942300000,57025,57030,57025,57030,180,2120280
1788942330000,57030,57030,57011,57011,480,2120760
1788942360000,57011,57017.2,57006,57017.2,120,2121060
1788942390000,57017.2,57029.6,57003.6,57003.6,330,2121060
1788942420000,57003.6,57023,57003,57022.6,240,2121420
1788942450000,57022.6,57031,57011,57031,300,2121420
1788942480000,57031,57031,57011,57030,120,2121630
1788942510000,57034,57044.6,57034,57044.6,270,2121630
1788942540000,57045,57056.6,57043,57050.4,180,2122020
1788942570000,57050.4,57066.8,57031.6,57066.8,270,2122020
1788942600000,57070,57080,57062,57080,420,2122290
1788942630000,57085,57085,57066,57066,360,2122290
1788942660000,57069.4,57088,57067.8,57088,300,2122710
1788942690000,57088,57110,57088,57110,1200,2122710
1788942720000,57110,57120,57096,57120,360,2122050
1788942750000,57120,57125,57119,57125,3000,2122050
1788942780000,57125,57125,57088.2,57089.6,300,2119920
1788942810000,57089.6,57089.8,57079.8,57082.4,540,2119920
1788942840000,57082.4,57101.4,57082.4,57082.4,90,2119920
1788942870000,57082.4,57082.4,57082.4,57082.4,0,2119920
1788942900000,57100,57105,57100,57105,180,2120070
1788942930000,57106,57110.8,57093.4,57093.4,480,2120070
1788942960000,57105.4,57123.6,57105.4,57123,330,2120370
1788942990000,57115,57122.2,57110,57110,750,2120370
1788943020000,57110,57114.2,57100,57110.8,780,2121210
1788943050000,57110.8,57110.8,57094,57094,390,2121210
1788943080000,57099.8,57099.8,57083.4,57083.4,300,2119290
1788943110000,57083.4,57095,57075,57095,420,2119290
1788943140000,57095,57095,57075,57075,210,2119710
1788943170000,57075,57097,57075,57075,600,2119710
1788943200000,57070.4,57070.4,57050,57069.8,390,2119710
1788943230000,57069.8,57069.8,57037.4,57037.4,300,2120610
1788943260000,57037.4,57077.6,57037.4,57066.2,690,2121360
1788943290000,57066.2,57066.2,57051.6,57051.6,30,2121360
1788943320000,57051.6,57059.8,57051.6,57058.2,180,2121360
1788943350000,57058.2,57058.2,57058.2,57058.2,0,2121360
1788943380000,57059.6,57059.6,57037.4,57037.4,390,2119320
1788943410000,57054.2,57054.2,57035,57035,210,2119320
1788943440000,57030,57030,57023,57023,270,2119320
1788943470000,57028,57030,57024,57030,360,2119710
1788943500000,57030,57030,57020,57020,120,2119710
1788943530000,57020,57026,57020,57020,120,2119950
1788943560000,57020,57030,57020,57030,150,2119950
1788943590000,57030,57030,57027.2,57027.2,90,2120070
1788943620000,57027.2,57048,57025,57045,120,2120100
1788943650000,57045,57045,57025,57039.8,120,2120100
1788943680000,57039.8,57039.8,57025,57025,1230,2120100
1788943710000,57025,57025,57025,57025,0,2120100
1788943740000,57025,57048,57025,57048,60,2119590
1788943770000,57048,57048,57048,57048,0,2119590
1788943800000,57048,57048,57048,57048,0,2119590
1788943830000,57048,57049.6,57048,57049.6,90,2119620
1788943860000,57049.6,57067.4,57049.6,57067.4,120,2119620
1788943890000,57052,57052,57052,57052,30,2119620
1788943920000,57052,57079.2,57052,57056,180,2119620
1788943950000,57056,57056,57056,57056,0,2119620
1788943980000,57060,57065,57060,57065,390,2119710
1788944010000,57065,57065,57049.6,57049.6,150,2120100
1788944040000,57046.6,57046.6,57046.6,57046.6,30,2120100
1788944070000,57030,57030,57027.4,57029,270,2120130
1788944100000,57029,57029,57029,57029,30,2120130
1788944130000,57029,57029,57029,57029,0,2120130
1788944160000,57029,57029,57029,57029,0,2120130
1788944190000,57029,57032.2,57029,57032.2,30,2120130
1788944220000,57032.2,57032.2,57030,57030,90,2120130
1788944250000,57030,57046,57025.6,57025.6,180,2120070
1788944280000,57025.6,57030,57025.6,57026,150,2120190
1788944310000,57026,57029.6,57026,57029.6,60,2120190
1788944340000,57029.6,57040,57029.6,57040,30,2120190
1788944370000,57040,57040,57040,57040,0,2120190
1788944400000,57040,57040,57017,57017,450,2120040
1788944430000,57009.8,57015.6,57003.4,57015.6,210,2120280
1788944460000,57015.6,57023.8,57015.2,57023.8,150,2120280
1788944490000,57023.8,57023.8,57015.6,57015.6,60,2120400
1788944520000,57023.8,57023.8,57007,57007,60,2120430
1788944550000,57007,57023.6,57007,57023.6,30,2120430
1788944580000,57023.6,57023.6,57000,57000,300,2120430
1788944610000,57000,57000,56989.8,56992.8,840,2120400
1788944640000,56993,56993,56983.2,56989.4,570,2120400
1788944670000,56980,56980,56970,56970,180,2120010
1788944700000,56973.2,56975.2,56965.8,56966.2,1200,2120010
1788944730000,56985.6,56985.6,56951,56956.2,750,2120610
1788944760000,56969.4,56969.4,56951,56951.4,330,2120610
1788944790000,56948,56948,56932,56932,960,2121060
1788944820000,56934.6,56945,56908,56908,1020,2121060
1788944850000,56928.6,56928.6,56908,56927.4,270,2121120
1788944880000,56923.8,56939.4,56923.8,56934.6,1080,2121120
1788944910000,56927.4,56935,56915,56915,180,2121750
1788944940000,56915,56915,56910.6,56914.4,540,2121750
1788944970000,56914.4,56914.4,56914,56914.4,180,2121810
1788945000000,56914.4,56925.2,56889,56889,7500,2121810
1788945030000,56890,56890,56870,56870,1920,2126310
1788945060000,56863.6,56908.8,56863.6,56908.8,2520,2126310
1788945090000,56908.8,56908.8,56906,56906,30,2128860
1788945120000,56896.4,56896.4,56865,56878,420,2128860
1788945150000,56878,56899.8,56878,56899.8,210,2129040
1788945180000,56891,56891,56883.8,56884,270,2129040
1788945210000,56884,56884,56884,56884,0,2129040
1788945240000,56878,56878,56864.6,56870,420,2127930
1788945270000,56867.6,56870,56867.6,56870,90,2127810
1788945300000,56866,56879.2,56850,56850,1350,2127810
1788945330000,56850,56860.8,56836,56836.2,1920,2128260
1788945360000,56844.4,56849.6,56840.8,56849.4,540,2128260
1788945390000,56836,56849.6,56830,56830,270,2128500
1788945420000,56834,56849.4,56830,56849.4,450,2128500
1788945450000,56849.4,56861,56848,56861,1590,2128560
1788945480000,56861,56878.8,56860.4,56861,4500,2128560
1788945510000,56861,56874.8,56850.2,56853,780,2131710
1788945540000,56869.8,56869.8,56853,56853.4,510,2131710
1788945570000,56853.4,56865,56853.4,56865,330,2132340
1788945600000,56865,56907.8,56865,56907.8,2430,2132340
1788945630000,56907.8,56919.4,56890.6,56890.6,270,2133600
1788945660000,56890.6,56904,56890.6,56903.8,360,2133600
1788945690000,56903.8,56903.8,56870.2,56870.2,270,2133840
1788945720000,56870.2,56870.2,56868.4,56868.4,60,2133840
1788945750000,56868.4,56868.4,56860,56860,60,2134050
1788945780000,56860,56870,56858.6,56858.6,150,2134050
1788945810000,56870,56877.8,56870,56877.8,60,2134050
1788945840000,56877.8,56877.8,56877.2,56877.2,90,2133780
1788945870000,56870,56870,56861.4,56861.4,90,2133870
1788945900000,56861.4,56862,56860,56860,90,2133870
1788945930000,56865,56873.8,56860,56873.8,120,2133960
1788945960000,56873.8,56885.8,56840.2,56840.2,840,2133960
1788945990000,56840.2,56859.2,56840.2,56858.8,60,2134500
1788946020000,56858.8,56858.8,56858.8,56858.8,0,2134500
1788946050000,56857.4,56869.2,56849,56869.2,930,2134590
1788946080000,56869.2,56869.2,56850,56857.8,90,2134590
1788946110000,56857.8,56863,56840,56840,360,2133240
1788946140000,56842.8,56842.8,56842.8,56842.8,90,2133240
1788946170000,56842.8,56855.8,56842.8,56855.6,450,2133450
1788946200000,56860,56863,56847.6,56863,600,2133450
1788946230000,56860.4,56860.4,56846.8,56855.2,210,2133720
1788946260000,56860.6,56865,56843.6,56843.6,480,2133720
1788946290000,56843.6,56857,56835,56835,120,2133780
1788946320000,56835,56843.6,56820,56820,540,2133780
1788946350000,56820,56829.8,56812,56826.6,330,2134140
1788946380000,56822.4,56822.4,56800,56805.4,1500,2134140
1788946410000,56800,56803.2,56800,56800,1320,2134860
1788946440000,56793.2,56793.2,56754.6,56767.2,1950,2134860
1788946470000,56756.2,56767.2,56735,56745,3480,2135460
1788946500000,56735,56735,56680,56699.6,5850,2135460
1788946530000,56700,56736.8,56692.2,56718.8,900,2138250
1788946560000,56705,56716.2,56700,56700,1950,2138250
1788946590000,56700.2,56700.2,56681,56681,690,2138850
1788946620000,56682,56700.2,56680,56699.6,1470,2138850
1788946650000,56700,56734.8,56697,56721.4,1800,2138310
1788946680000,56721.4,56735,56720.2,56730,1710,2138310
1788946710000,56730,56740,56730,56740,180,2137380
1788946740000,56750,56750,56745,56745,600,2137380
1788946770000,56745,56745,56730.4,56736,390,2137200
1788946800000,56735,56740,56734,56734,2100,2137200
1788946830000,56735,56749.8,56729,56749.8,1650,2135850
1788946860000,56749.8,56750,56747.2,56747.2,60,2135850
1788946890000,56747.2,56748.6,56729,56729,510,2135040
1788946920000,56729,56744.6,56729,56744.6,60,2135040
1788946950000,56747,56747.6,56725,56730,390,2135100
1788946980000,56730,56748,56730,56735,510,2135100
1788947010000,56735,56735,56714.4,56729,2040,2134290
1788947040000,56729,56735,56729,56729.2,1050,2134290
1788947070000,56729.2,56740,56729,56735,1380,2133120
1788947100000,56740,56740,56721.4,56735,1740,2133120
1788947130000,56726.2,56740,56726.2,56731.2,5160,2130690
1788947160000,56731.4,56731.4,56717.8,56719.4,3210,2130690
1788947190000,56717.8,56740,56714.6,56714.6,2490,2133840
1788947220000,56715.6,56740,56711,56740,1320,2133840
1788947250000,56713,56739.8,56710,56710,1290,2135040
1788947280000,56710,56739.8,56709.6,56711,1140,2135040
1788947310000,56730,56730,56710,56710,180,2134890
1788947340000,56711.8,56730,56711.8,56720.6,210,2134890
1788947370000,56720.8,56734.8,56720.8,56734.8,210,2135010
1788947400000,56723.8,56735,56720,56735,300,2135010
1788947430000,56735,56735,56720,56735,660,2134830
1788947460000,56720.4,56738.4,56720.4,56738.4,210,2134830
1788947490000,56738.4,56738.4,56721,56729,900,2134680
1788947520000,56728.4,56738,56728.4,56738,240,2134680
1788947550000,56739,56739.8,56737,56737,120,2133930
1788947580000,56739.8,56739.8,56725,56725,150,2133930
1788947610000,56729.2,56733.8,56728,56728,180,2133930
1788947640000,56730,56735,56730,56733.8,510,2133930
1788947670000,56735,56739.8,56734,56739.8,840,2133120
1788947700000,56739.8,56739.8,56734,56734,300,2133120
1788947730000,56734.2,56735,56726.2,56726.2,600,2132940
1788947760000,56726.2,56728,56725,56728,210,2132940
1788947790000,56728,56728,56705.2,56705.2,1470,2132910
1788947820000,56727.8,56727.8,56707.4,56707.4,870,2132910
1788947850000,56707.4,56727.8,56707.4,56725,690,2133480
1788947880000,56728.8,56728.8,56720,56720,870,2133480
1788947910000,56715,56717,56702.2,56703.6,2130,2134770
1788947940000,56703.6,56705.8,56685,56699.8,3990,2134770
1788947970000,56699.8,56700,56684.4,56700,870,2134920
1788948000000,56699.8,56705.6,56675,56680,4680,2134920
1788948030000,56680,56690.6,56665,56665,2670,2135250
1788948060000,56673.4,56675,56650.4,56650.4,2310,2135250
1788948090000,56665.2,56666.2,56645.4,56664.2,2730,2136420
1788948120000,56645,56690,56637,56678.2,3210,2136420
1788948150000,56690.4,56709,56675,56675,2820,2137110
1788948180000,56675,56710,56663.6,56700,3090,2137110
1788948210000,56700,56700,56661.2,56661.4,1680,2137650
1788948240000,56661.4,56682.4,56655.6,56675,600,2137650
1788948270000,56650,56669.4,56641,56641,1680,2134320
1788948300000,56640,56655.2,56625,56625.8,1530,2134320
1788948330000,56635,56655.8,56625,56630,4680,2135070
1788948360000,56639.8,56660,56639.8,56649.6,2100,2135070
1788948390000,56635,56661.8,56635,56655,480,2136390
1788948420000,56660,56667,56650,56660,930,2136390
1788948450000,56660,56660,56649.8,56650,2310,2137530
1788948480000,56650,56678,56632.2,56650.2,2760,2137530
1788948510000,56650.2,56681.4,56646.2,56681,210,2136360
1788948540000,56670,56680.6,56645.6,56680,1470,2136360
1788948570000,56660,56681,56645.8,56681,690,2136390
1789011900000,56693,56776.8,56655,56743.6,3390,2109000
1789011930000,56719.2,56769.8,56719.2,56725,1980,2109000
1789011960000,56749.4,56754.2,56675,56683,2640,2109750
1789011990000,56683,56700,56668,56675,1590,2109750
1789012020000,56677.8,56700,56675,56680,3180,2109750
1789012050000,56700,56732.4,56692.4,56732.4,4770,2109750
1789012080000,56732.4,56795,56725,56795,3960,2110050
1789012110000,56791,56800,56765.8,56789.2,930,2110050
1789012140000,56799,56800,56777.6,56797.8,930,2110290
1789012170000,56797.8,56798,56773,56790,630,2110290
1789012200000,56795,56795,56773,56773,750,2111040
1789012230000,56780,56781.8,56750,56750,2730,2111040
1789012260000,56769.8,56785,56752,56785,5610,2113740
1789012290000,56785,56800,56779.8,56780,4230,2113740
1789012320000,56780,56780,56750.2,56750.2,1800,2118630
1789012350000,56751,56762.6,56728.4,56728.4,540,2118630
1789012380000,56728.4,56740,56705,56705,330,2120310
1789012410000,56705,56733,56700,56733,540,2120310
1789012440000,56740,56755,56733,56733.4,870,2120700
1789012470000,56759,56770,56744.8,56770,270,2120700
1789012500000,56775,56775,56750,56755,390,2119590
1789012530000,56775,56775,56742.4,56742.4,360,2119590
1789012560000,56742.4,56770,56742,56770,420,2119200
1789012590000,56755,56775,56755,56774.6,480,2119200
1789012620000,56775,56825,56774.6,56800,12120,2120670
1789012650000,56819,56824.8,56770,56770,870,2120670
1789012680000,56800,56814.6,56792.6,56810,330,2129430
1789012710000,56824,56824,56803.8,56820,630,2129430
1789012740000,56820,56840,56816.4,56830,1770,2129550
1789012770000,56830,56842.2,56830,56837.4,720,2129550
1789012800000,56845,56846,56815,56815,870,2129910
1789012830000,56815,56839.8,56800,56800.2,330,2129910
1789012860000,56790.8,56790.8,56775,56782,270,2130330
1789012890000,56782,56814.2,56782,56814.2,660,2130330
1789012920000,56823.6,56825,56796.4,56800.4,240,2130120
1789012950000,56830,56831.8,56792.8,56794.4,420,2130120
1789012980000,56786.2,56799.2,56786.2,56796.8,810,2130240
1789013010000,56809.6,56835,56800.6,56835,1350,2130240
1789013040000,56835,56835,56790,56790,300,2129130
1789013070000,56782,56820,56782,56794,240,2129130
1789013100000,56794,56811,56775.2,56776.2,390,2129370
1789013130000,56776.2,56779.8,56776.2,56779.8,150,2129370
1789013160000,56779.8,56806,56775,56775,630,2129490
1789013190000,56779,56809,56779,56791.8,210,2129490
1789013220000,56789.8,56793.4,56789.8,56793.4,90,2129730
1789013250000,56793.4,56810,56793.4,56810,150,2129730
1789013280000,56810,56810,56793.4,56808.2,630,2129760
1789013310000,56808.2,56808.2,56800,56800,240,2129760
1789013340000,56800,56810,56800,56810,720,2129220
1789013370000,56810,56818,56810,56815,360,2129220
1789013400000,56815,56823,56800,56823,1200,2128830
1789013430000,56821.4,56822,56800,56800,810,2128830
1789013460000,56800,56807.8,56800,56807.8,120,2128920
1789013490000,56810,56819.8,56786.8,56816,540,2128920
1789013520000,56816,56816,56790.4,56798.2,90,2129220
1789013550000,56798.2,56801.2,56798.2,56801.2,30,2129220
1789013580000,56801.2,56815,56801.2,56815,90,2129190
1789013610000,56815,56815,56798.2,56798.2,60,2129190
1789013640000,56790,56800,56789,56790,180,2129250
1789013670000,56790,56790,56775,56775,180,2129250
1789013700000,56775,56800,56775,56798.4,660,2129520
1789013730000,56776,56777,56770,56770,330,2129520
1789013760000,56770,56770,56750,56755,630,2129790
1789013790000,56750,56755,56750,56750,420,2129790
1789013820000,56749,56750,56740,56750,300,2130150
1789013850000,56750,56761.8,56750,56761.8,960,2130150
1789013880000,56761.8,56764,56750,56764,120,2130240
1789013910000,56764,56799.2,56764,56799.2,420,2130240
1789013940000,56755.2,56792.4,56755.2,56765.2,120,2130510
1789013970000,56765.2,56765.2,56765.2,56765.2,30,2130510
1789014000000,56765.2,56799.2,56765.2,56782.6,60,2130570
1789014030000,56782.6,56790,56774,56790,60,2130570
1789014060000,56784.6,56798,56782.8,56798,330,2130570
1789014090000,56798,56800,56798,56800,690,2130570
1789014120000,56800,56809.6,56800,56809.6,90,2129940
1789014150000,56802,56810,56798,56798,330,2129940
1789014180000,56798,56810,56795,56795,270,2130000
1789014210000,56795,56798,56765.4,56792.2,150,2130000
1789014240000,56792.2,56792.2,56762.2,56772.2,90,2130240
1789014270000,56792.2,56792.2,56792.2,56792.2,120,2130240
1789014300000,56772.4,56775.4,56772.4,56775.4,60,2130210
1789014330000,56775.4,56776.2,56760,56760.2,240,2130210
1789014360000,56760.2,56769.4,56760.2,56769.4,210,2130180
1789014390000,56769.4,56769.4,56769.4,56769.4,30,2130180
1789014420000,56769.4,56775.6,56769.4,56775.6,60,2130180
1789014450000,56775,56775,56775,56775,60,2130180
1789014480000,56775,56775,56775,56775,0,2130180
1789014510000,56775,56775,56769.4,56769.4,180,2130180
1789014540000,56769.4,56769.4,56760,56760,1080,2130930
1789014570000,56760,56767,56760,56760,120,2130930
1789014600000,56760,56765.4,56750,56750,180,2131320
1789014630000,56750,56750,56742,56742,300,2131320
1789014660000,56740,56740,56738.2,56738.2,390,2131380
1789014690000,56738.2,56746.2,56725,56725,780,2131380
1789014720000,56725,56736.2,56721.8,56721.8,780,2131200
1789014750000,56721,56721,56715.2,56715.2,450,2131200
1789014780000,56715,56717.4,56711,56711,390,2131350
1789014810000,56710,56731.2,56710,56712,210,2131350
1789014840000,56712,56725,56710,56710,720,2131350
1789014870000,56710,56712,56706.2,56712,510,2131350
1789014900000,56725.8,56726,56706.6,56726,150,2130660
1789014930000,56726,56749.8,56718.6,56749.8,210,2130660
1789014960000,56749.8,56749.8,56708.2,56724.8,90,2130810
1789014990000,56724.8,56734.6,56708,56725,570,2130810
1789015020000,56725,56725,56706,56706,210,2131440
1789015050000,56724.4,56724.4,56705.2,56710.2,270,2131440
1789015080000,56710.2,56710.2,56700,56706.8,930,2131560
1789015110000,56710,56710,56690,56690,450,2131560
1789015140000,56690,56690,56682,56686.4,180,2132040
1789015170000,56700.8,56710,56695.4,56696,270,2132040
1789015200000,56696,56710,56695,56695.8,120,2132100
1789015230000,56695.8,56701.6,56695,56701.6,240,2132100
1789015260000,56701.6,56701.6,56675.6,56691.6,1440,2132280
1789015290000,56691.6,56699.8,56691.6,56699.8,30,2132280
1789015320000,56699.8,56715,56696.8,56715,150,2132160
1789015350000,56715,56715,56690,56696.8,120,2132160
1789015380000,56698.4,56709.6,56698.4,56698.4,300,2132370
1789015410000,56698.4,56698.4,56683,56683,180,2132370
1789015440000,56686.8,56698.4,56682.8,56698.4,390,2132460
1789015470000,56698.4,56720,56698.4,56701,240,2132460
1789015500000,56720,56750,56720,56750,390,2132430
1789015530000,56750,56780,56750,56780,630,2132430
1789015560000,56789.2,56801.8,56751.8,56751.8,1200,2133390
1789015590000,56783.2,56790.4,56760.2,56783.2,510,2133390
1789015620000,56783.2,56796,56783.2,56796,90,2133180
1789015650000,56796,56809,56796,56802,510,2133180
1789015680000,56800,56802,56798,56798,540,2133000
1789015710000,56798,56808,56798,56808,60,2133000
1789015740000,56808,56808,56770.2,56770.2,270,2133000
1789015770000,56770.2,56772.2,56770.2,56772.2,30,2133000
1789015800000,56772.2,56800,56772.2,56779.4,90,2132880
1789015830000,56779.4,56779.4,56779.4,56779.4,0,2132880
1789015860000,56779.4,56779.8,56779.4,56779.4,90,2132910
1789015890000,56779.4,56779.4,56770,56770,90,2132910
1789015920000,56770,56770,56765,56765,90,2132910
1789015950000,56774,56774,56760,56760,180,2133090
1789015980000,56760,56760,56760,56760,0,2133090
1789016010000,56775,56800,56775,56800,1350,2133090
1789016040000,56800,56800.4,56798.8,56800.2,390,2133030
1789016070000,56774,56774,56774,56774,60,2133030
1789016100000,56774,56795,56774,56786.4,90,2133030
1789016130000,56786.4,56799.4,56786.4,56799.4,300,2133150
1789016160000,56799.4,56799.4,56796.6,56796.6,30,2132940
1789016190000,56796.6,56796.6,56777.4,56777.4,150,2132940
1789016220000,56777.4,56790,56777.4,56786.8,60,2132940
1789016250000,56790,56790,56790,56790,60,2133030
1789016280000,56790,56795,56790,56795,30,2133030
1789016310000,56795,56795,56780,56780,120,2132970
1789016340000,56780,56795,56780,56795,30,2133000
1789016370000,56795,56795,56787.6,56787.6,180,2133000
1789016400000,56782,56797,56782,56792,180,2132820
1789016430000,56792,56792,56792,56792,30,2132820
1789016460000,56792,56792,56771.8,56771.8,180,2132820
1789016490000,56791.6,56791.6,56769.8,56769.8,270,2132910
1789016520000,56769.8,56769.8,56761.2,56761.2,60,2133090
1789016550000,56761.2,56761.2,56761.2,56761.2,0,2133090
1789016580000,56761.2,56788.8,56761.2,56788.8,210,2133090
1789016610000,56788.8,56788.8,56779,56779,60,2133000
1789016640000,56779,56788.8,56779,56785,150,2132910
1789016670000,56788.8,56788.8,56788.8,56788.8,90,2132910
1789016700000,56790,56790,56790,56790,90,2132910
1789016730000,56790,56790,56790,56790,0,2132910
1789016760000,56790,56798.6,56790,56792.6,870,2132730
1789016790000,56792.6,56798.6,56776.2,56798.6,390,2132730
1789016820000,56798.6,56798.6,56776.6,56776.6,270,2132760
1789016850000,56776.6,56790,56776.6,56779,90,2132760
1789016880000,56779,56779,56779,56779,0,2132760
1789016910000,56779,56798.6,56779,56798.6,30,2132730
1789016940000,56798.6,56798.6,56780.4,56780.4,30,2132730
1789016970000,56780.4,56781,56780.4,56781,30,2132640
1789017000000,56781,56815,56781,56801.8,1350,2132640
1789017030000,56815,56820,56803.8,56803.8,270,2131710
1789017060000,56803.8,56803.8,56803.8,56803.8,0,2131710
1789017090000,56803.8,56822.4,56803.8,56817.6,720,2131680
1789017120000,56815.4,56815.4,56800,56800,930,2131680
1789017150000,56810,56810,56792.4,56792.4,330,2131800
1789017180000,56792.4,56819.8,56792.4,56819.8,210,2131890
1789017210000,56820,56822,56807.4,56818.8,960,2131890
1789017240000,56818.8,56825,56818.8,56825,120,2131320
1789017270000,56826,56839,56823.6,56839,780,2131320
1789017300000,56839,56850,56839,56850,2220,2130180
1789017330000,56850,56850,56801,56801,840,2130180
1789017360000,56801,56833,56801,56830,330,2130180
1789017390000,56830,56833,56800,56800,570,2130210
1789017420000,56800,56800,56800,56800,30,2130540
1789017450000,56800,56814,56800,56814,90,2130540
1789017480000,56814,56814,56800,56807,90,2130690
1789017510000,56807,56807,56800,56800,330,2130690
1789017540000,56800,56800,56800,56800,150,2130690
1789017570000,56800,56800,56799.8,56799.8,150,2130780
1789017600000,56799.8,56799.8,56762,56762,210,2130720
1789017630000,56762,56770,56761.2,56770,180,2130720
1789017660000,56770,56770,56770,56770,90,2130720
1789017690000,56770,56770,56770,56770,30,2130840
1789017720000,56770,56770,56770,56770,30,2130840
1789017750000,56770,56772,56770,56772,60,2130810
1789017780000,56772,56788.4,56772,56785,120,2130810
1789017810000,56785,56785,56774.4,56774.4,360,2130720
1789017840000,56774.4,56774.4,56762.2,56762.2,60,2130720
1789017870000,56762.2,56762.2,56762.2,56762.2,0,2130720
1789017900000,56762.2,56762.4,56762.2,56762.4,300,2130600
1789017930000,56762.2,56767.8,56756,56756,900,2130420
1789017960000,56756,56756,56736,56736,480,2130600
1789017990000,56736,56740,56736,56740,60,2130600
1789018020000,56740,56750,56740,56750,360,2130600
1789018050000,56750,56766.4,56750,56766.4,150,2130570
1789018080000,56766.4,56766.4,56760,56760,60,2130570
1789018110000,56760,56760,56760,56760,120,2130630
1789018140000,56760,56760,56760,56760,30,2130630
1789018170000,56769.2,56769.2,56761.4,56761.4,60,2130660
1789018200000,56769.2,56775,56769.2,56775,210,2130660
1789018230000,56775,56786.2,56775,56786.2,1200,2130780
1789018260000,56786.2,56786.2,56761.4,56777.4,360,2130780
1789018290000,56777.4,56777.4,56761.4,56761.4,150,2131380
1789018320000,56761.4,56761.4,56761.4,56761.4,0,2131380
1789018350000,56761.4,56761.4,56761.4,56761.4,30,2131440
1789018380000,56761.4,56789.6,56761.4,56789.6,210,2131440
1789018410000,56789.6,56789.6,56771.6,56771.6,30,2131560
1789018440000,56771.6,56785,56771.6,56785,30,2131560
1789018470000,56785,56785,56785,56785,30,2131500
1789018500000,56789.6,56790,56789.6,56790,60,2131500
1789018530000,56790,56790.2,56785,56785,690,2131500
1789018560000,56770,56780,56770,56776.2,120,2131500
1789018590000,56790.4,56790.4,56790.4,56790.4,30,2132250
1789018620000,56790.4,56794.4,56790.4,56794.4,60,2132250
1789018650000,56794.4,56794.4,56785.2,56785.2,120,2132280
1789018680000,56785.2,56794,56785.2,56794,150,2132280
1789018710000,56794,56809.4,56794,56800,270,2132370
1789018740000,56800,56800.4,56800,56800.4,30,2132370
1789018770000,56800.4,56800.4,56800.4,56800.4,0,2132370
1789018800000,56800.4,56811,56800.4,56811,390,2132340
1789018830000,56811,56811,56806.2,56806.2,60,2132070
1789018860000,56806.2,56806.8,56806.2,56806.8,60,2132070
1789018890000,56807.6,56807.6,56807.6,56807.6,30,2132100
1789018920000,56807.6,56814.2,56807.6,56808,90,2132100
1789018950000,56808,56808,56794.2,56794.2,300,2132130
1789018980000,56815,56840,56815,56840,420,2132130
1789019010000,56825,56825,56814.8,56814.8,120,2131980
1789019040000,56833.4,56833.4,56833.4,56833.4,60,2131980
1789019070000,56833.4,56840,56833.4,56840,240,2131980
1789019100000,56840,56856,56840,56849.8,1050,2131980
1789019130000,56857,56879.8,56857,56862,1710,2131440
1789019160000,56865,56877,56860,56877,420,2131440
1789019190000,56874,56874.2,56865,56865,780,2131710
1789019220000,56865,56865,56862,56862,180,2131710
1789019250000,56862,56862,56862,56862,60,2132010
1789019280000,56862,56865,56862,56862,150,2132010
1789019310000,56862,56869,56862,56862.2,120,2131920
1789019340000,56862.2,56868,56850,56855,3810,2131920
1789019370000,56855,56855,56822,56838.6,240,2132790
1789019400000,56832.6,56832.6,56800,56823.8,360,2132790
1789019430000,56822.8,56822.8,56808,56808,240,2133090
1789019460000,56810.8,56818.4,56809.2,56818.4,270,2133090
1789019490000,56818.4,56818.4,56809.2,56809.2,60,2133090
1789019520000,56809.2,56809.8,56809.2,56809.8,60,2133090
1789019550000,56809.8,56812,56809.8,56812,30,2133120
1789019580000,56812,56823,56812,56817.8,240,2133120
1789019610000,56817.8,56817.8,56817.8,56817.8,30,2133150
1789019640000,56817.8,56826.4,56817.8,56817.8,780,2133150
1789019670000,56817.8,56819,56817.8,56819,90,2133480
1789019700000,56819,56819,56818,56818,60,2133480
1789019730000,56818,56818,56817.8,56817.8,300,2133660
1789019760000,56817.8,56817.8,56817.8,56817.8,120,2133660
1789019790000,56817.8,56820,56817.8,56820,480,2133930
1789019820000,56820,56820,56800,56800,1920,2133930
1789019850000,56800,56809.6,56800,56800,60,2135580
1789019880000,56800,56806.2,56800,56806.2,60,2135580
1789019910000,56806.2,56806.2,56790.6,56790.6,90,2135610
1789019940000,56790.6,56790.6,56790.6,56790.6,0,2135610
1789019970000,56790.6,56790.6,56790.6,56790.6,0,2135610
1789020000000,56790.6,56818.4,56790.6,56818.4,240,2135580
1789020030000,56818.4,56818.4,56807.2,56807.2,30,2135580
1789020060000,56809,56827.6,56809,56827.6,630,2135580
1789020090000,56827.6,56827.6,56825,56825,60,2135610
1789020120000,56826.8,56826.8,56812.8,56812.8,450,2135610
1789020150000,56812.8,56812.8,56795,56795,30,2135970
1789020180000,56795,56805.8,56790.8,56790.8,630,2135970
1789020210000,56790,56790,56789,56789,1170,2135070
1789020240000,56789,56798.4,56789,56798.4,30,2135070
1789020270000,56798.4,56798.4,56785,56785,120,2134920
1789020300000,56785,56790.4,56780,56780,90,2134920
1789020330000,56780,56783.8,56780,56783.8,120,2134950
1789020360000,56783.8,56793.4,56783.8,56793.4,420,2134950
1789020390000,56793.4,56793.4,56787.2,56787.2,60,2135040
1789020420000,56787.2,56787.2,56786.6,56786.6,240,2135040
1789020450000,56786.6,56786.6,56775.4,56783.8,150,2135220
1789020480000,56783.8,56783.8,56778.6,56778.6,600,2135220
1789020510000,56778.6,56796.2,56778.6,56796.2,150,2135340
1789020540000,56796.2,56796.2,56776.6,56776.6,30,2135340
1789020570000,56776.6,56797,56776.6,56797,90,2135310
1789020600000,56779.4,56793.4,56779.4,56793.4,60,2135310
1789020630000,56775.4,56775.4,56775.4,56775.4,120,2135460
1789020660000,56775.4,56775.4,56775.4,56775.4,0,2135460
1789020690000,56775.4,56775.4,56775.4,56775.4,0,2135460
1789020720000,56780.2,56780.2,56770,56770,330,2135460
1789020750000,56770,56770,56761,56769.6,120,2135700
1789020780000,56761,56761.6,56761,56761.6,120,2135700
1789020810000,56761.6,56762,56761.6,56762,30,2135880
1789020840000,56762,56775,56762,56775,210,2135880
1789020870000,56775,56777,56775,56777,30,2135760
1789020900000,56777,56782.8,56777,56782.8,30,2135760
1789020930000,56795.4,56795.4,56795.4,56795.4,60,2135760
1789020960000,56795.4,56809.2,56795.4,56809.2,30,2135790
1789020990000,56809.2,56809.2,56800,56800,60,2135790
1789021020000,56800,56800,56797.2,56797.2,30,2135790
1789021050000,56797.2,56797.2,56797.2,56797.2,0,2135790
1789021080000,56797.2,56806.6,56797.2,56806.6,60,2135820
1789021110000,56806.6,56813.4,56806.6,56813.2,60,2135790
1789021140000,56813.2,56816.2,56813.2,56814.4,90,2135790
1789021170000,56822.8,56834.4,56821,56834.4,150,2135850
1789021200000,56834.4,56834.4,56828.6,56828.6,30,2135850
1789021230000,56828.6,56828.6,56825,56825,30,2135820
1789021260000,56825,56825,56809.4,56809.4,450,2135820
1789021290000,56811.2,56819.6,56811.2,56819.6,150,2135970
1789021320000,56819.6,56819.6,56808,56811,60,2135970
1789021350000,56811,56811,56800,56800,30,2135940
1789021380000,56800,56800,56800,56800,0,2135940
1789021410000,56800,56815.4,56800,56815.4,90,2135940
1789021440000,56815.4,56815.4,56800,56800,150,2135940
1789021470000,56797.2,56797.2,56797.2,56797.2,30,2135940
1789021500000,56797.2,56797.2,56789,56794.2,90,2136150
1789021530000,56794.2,56794.2,56785,56785,30,2136150
1789021560000,56785,56798,56783.6,56798,90,2136150
1789021590000,56798,56798,56785,56785,30,2136150
1789021620000,56785,56798,56785,56798,90,2136150
1789021650000,56798,56800,56791.2,56791.2,90,2136150
1789021680000,56791.2,56791.2,56791.2,56791.2,120,2136150
1789021710000,56791.2,56791.2,56791.2,56791.2,0,2136150
1789021740000,56791.2,56819.6,56791.2,56816.4,450,2136180
1789021770000,56816.4,56816.4,56790.4,56790.4,240,2136180
1789021800000,56790.4,56816.8,56790.4,56816.8,60,2136000
1789021830000,56817.8,56825,56815.4,56825,330,2136000
1789021860000,56829.8,56834.4,56804,56834,840,2136000
1789021890000,56834,56834,56815,56830,60,2135910
1789021920000,56830,56840,56827.2,56827.2,900,2135910
1789021950000,56827.2,56840,56827.2,56840,30,2135910
1789021980000,56840,56844.8,56840,56844.8,90,2135490
1789022010000,56844.8,56844.8,56836.4,56836.4,30,2135520
1789022040000,56836.4,56847.8,56836.4,56844.8,150,2135520
1789022070000,56844.8,56849.8,56844.8,56849.8,510,2135280
1789022100000,56849.8,56849.8,56848,56848,120,2135280
1789022130000,56848,56848,56848,56848,0,2135280
1789022160000,56848,56854.4,56848,56850,270,2135310
1789022190000,56850,56850,56835,56847.8,120,2135190
1789022220000,56835,56842.4,56802,56802,240,2135190
1789022250000,56802,56802,56802,56802,0,2135190
1789022280000,56802,56802,56802,56802,30,2135370
1789022310000,56802,56802,56802,56802,0,2135370
1789022340000,56802,56802,56802,56802,30,2135370
1789022370000,56802,56802,56788.8,56788.8,30,2135370
1789022400000,56788.8,56795,56788.8,56795,300,2135250
1789022430000,56795,56795,56795,56795,300,2135250
1789022460000,56795,56798.4,56795,56798.4,270,2134710
1789022490000,56822.6,56832.4,56822.6,56832.4,450,2134710
1789022520000,56832.4,56846.2,56832.4,56846.2,270,2134740
1789022550000,56846.2,56846.2,56830,56845,60,2134710
1789022580000,56845,56845,56805.4,56805.4,120,2134710
1789022610000,56805.4,56819.6,56805.4,56811,90,2134650
1789022640000,56811,56843.6,56811,56843.6,120,2134650
1789022670000,56843.6,56843.6,56842.8,56842.8,420,2134650
1789022700000,56843,56845,56827.6,56827.6,150,2135010
1789022730000,56845,56850,56835.2,56835.2,150,2135010
1789022760000,56835.2,56835.2,56833.4,56833.4,30,2135010
1789022790000,56833.4,56850,56833.4,56850,300,2135010
1789022820000,56850,56850,56841.8,56841.8,30,2135010
1789022850000,56849,56849,56840,56840,90,2135070
1789022880000,56840,56840,56840,56840,0,2135070
1789022910000,56842,56842,56830,56830,90,2135070
1789022940000,56830,56830,56830,56830,60,2135100
1789022970000,56830,56830,56830,56830,0,2135100
1789023000000,56830,56830,56825,56825,330,2135160
1789023030000,56825,56825,56825,56825,0,2135160
1789023060000,56825,56840,56825,56840,180,2135460
1789023090000,56850,56850,56838.2,56838.2,60,2135460
1789023120000,56838.2,56842.6,56838.2,56842.6,30,2135430
1789023150000,56842.6,56842.6,56842.6,56842.6,0,2135430
1789023180000,56842.6,56842.6,56815.8,56819,60,2135430
1789023210000,56819,56819,56816,56816,60,2135430
1789023240000,56816,56819.8,56816,56819.8,30,2135430
1789023270000,56820,56835.8,56815.8,56815.8,150,2135430
1789023300000,56815.8,56815.8,56811,56811,150,2135460
1789023330000,56811,56811,56811,56811,30,2135610
1789023360000,56815.6,56815.8,56811,56815.2,120,2135610
1789023390000,56823.8,56823.8,56823.8,56823.8,90,2135610
1789023420000,56823.8,56823.8,56816.2,56816.2,180,2135610
1789023450000,56810.6,56810.6,56805,56805,120,2135610
1789023480000,56805,56805,56789,56789,60,2135760
1789023510000,56815.8,56815.8,56814.6,56814.6,90,2135760
1789023540000,56814.6,56814.6,56790,56812,90,2135820
1789023570000,56812,56812,56812,56812,0,2135820
1789023600000,56800,56802.2,56788,56802.2,450,2135850
1789023630000,56788.2,56788.2,56788,56788,240,2135850
1789023660000,56787.4,56787.4,56781,56785.6,150,2135700
1789023690000,56785.6,56786.4,56785.6,56785.6,60,2135700
1789023720000,56785.6,56785.6,56780,56780,30,2135760
1789023750000,56780,56798,56780,56798,30,2135760
1789023780000,56789,56789,56780,56780,60,2135790
1789023810000,56780,56780,56780,56780,30,2135790
1789023840000,56780,56780,56780,56780,0,2135790
1789023870000,56780,56781.2,56780,56780,240,2135820
1789023900000,56780,56780,56770.2,56776,150,2135910
1789023930000,56776,56776,56765,56771.4,90,2135850
1789023960000,56771.4,56771.4,56771.4,56771.4,0,2135850
1789023990000,56771.4,56771.6,56771.4,56771.6,90,2135850
1789024020000,56771.6,56771.6,56771.6,56771.6,0,2135850
1789024050000,56761.6,56761.6,56757,56760.6,600,2135940
1789024080000,56755,56755.2,56755,56755.2,60,2135970
1789024110000,56755.2,56756,56755,56755,90,2135970
1789024140000,56755,56755,56750,56750,540,2135970
1789024170000,56750,56785.6,56750,56762.8,690,2135970
1789024200000,56791,56796.2,56775.4,56776.8,150,2136450
1789024230000,56776.8,56779.8,56774,56779.8,150,2136450
1789024260000,56779.8,56779.8,56779.8,56779.8,30,2136450
1789024290000,56779.8,56794.8,56775,56775,210,2136450
1789024320000,56775,56785,56775,56785,60,2136600
1789024350000,56785,56785,56777.6,56777.6,90,2136600
1789024380000,56779.4,56799,56779.4,56799,240,2136600
1789024410000,56799,56800,56799,56800,30,2136600
1789024440000,56800,56800,56776.6,56776.6,30,2136540
1789024470000,56776.6,56776.6,56776.6,56776.6,0,2136540
1789024500000,56776.6,56800,56776.6,56800,330,2136510
1789024530000,56800,56800,56799,56799,30,2136510
1789024560000,56799,56799,56774.4,56774.4,300,2136570
1789024590000,56774.4,56774.4,56768.6,56768.8,120,2136570
1789024620000,56768.8,56770.2,56768.8,56770.2,30,2136660
1789024650000,56770.2,56770.2,56767.4,56767.4,30,2136660
1789024680000,56767.4,56767.4,56767.4,56767.4,0,2136660
1789024710000,56767.4,56767.4,56765.6,56765.6,90,2136600
1789024740000,56765.6,56765.6,56765.6,56765.6,0,2136600
1789024770000,56765.6,56765.6,56765.6,56765.6,0,2136600
1789024800000,56765.6,56780,56765.6,56780,60,2136570
1789024830000,56780,56780,56780,56780,0,2136570
1789024860000,56780,56780,56780,56780,0,2136570
1789024890000,56780,56785.6,56780,56785.6,30,2136570
1789024920000,56785.6,56785.8,56785.6,56785.8,60,2136570
1789024950000,56785.8,56785.8,56766.2,56766.2,270,2136570
1789024980000,56765.8,56765.8,56765.8,56765.8,60,2136810
1789025010000,56765.8,56766.8,56765.8,56766.8,60,2136810
1789025040000,56766.8,56791,56766.8,56791,60,2136870
1789025070000,56766.6,56766.6,56760,56760,90,2136870
1789025100000,56760,56760,56760,56760,0,2136870
1789025130000,56760,56760,56752.2,56752.2,90,2136900
1789025160000,56752,56752,56749.4,56750,210,2136900
1789025190000,56750,56750,56750,56750,60,2136900
1789025220000,56750,56750,56750,56750,60,2136930
1789025250000,56750,56750,56750,56750,180,2136930
1789025280000,56750,56750,56750,56750,30,2136900
1789025310000,56750,56769.2,56750,56769.2,270,2136900
1789025340000,56769.2,56769.2,56730,56730,1110,2137020
1789025370000,56735,56735,56712,56712,1740,2137020
1789025400000,56709,56713.4,56682,56700,1380,2137770
1789025430000,56687.6,56700,56686,56686,1830,2137770
1789025460000,56685,56685,56660,56669.6,1230,2138280
1789025490000,56669.6,56689.2,56660.4,56665.2,390,2138280
1789025520000,56665.2,56680,56665.2,56671,180,2138430
1789025550000,56671,56671,56671,56671,0,2138430
1789025580000,56671,56699,56671,56699,60,2138280
1789025610000,56688,56700,56688,56690,360,2138280
1789025640000,56691,56718.2,56691,56700,420,2138340
1789025670000,56700,56700,56680,56680,300,2138340
1789025700000,56682,56712.8,56682,56712.8,270,2138580
1789025730000,56680,56700,56671.6,56671.6,780,2138580
1789025760000,56671.6,56689.8,56671.6,56689.8,30,2138310
1789025790000,56689.8,56689.8,56670,56675,120,2138310
1789025820000,56675,56680,56672,56680,750,2138340
1789025850000,56680,56690.4,56680,56690.4,90,2138340
1789025880000,56690.4,56712.4,56690.4,56695.2,150,2138910
1789025910000,56695.2,56712.8,56695.2,56712.8,120,2138910
1789025940000,56712.8,56712.8,56709,56709,150,2138970
1789025970000,56713,56724.8,56710,56723.4,600,2138970
1789026000000,56724.8,56725,56724.8,56725,150,2138850
1789026030000,56725,56729,56725,56729,60,2138850
1789026060000,56729,56734.8,56729,56729.4,180,2138910
1789026090000,56729.4,56729.4,56715,56715,90,2138910
1789026120000,56715,56715,56715,56715,0,2138910
1789026150000,56715,56715,56715,56715,30,2138970
1789026180000,56715,56734.4,56715,56734.4,60,2138970
1789026210000,56734.4,56734.4,56734.4,56734.4,0,2138970
1789026240000,56734.4,56742.6,56723.2,56723.8,690,2139000
1789026270000,56723.8,56750,56723.8,56750,300,2139000
1789026300000,56757,56764.8,56751,56751,540,2139090
1789026330000,56751,56751,56731.6,56740,90,2139090
1789026360000,56740,56740,56740,56740,0,2139090
1789026390000,56740,56740,56725,56725,30,2139240
1789026420000,56725,56725,56725,56725,30,2139210
1789026450000,56725,56740,56725,56740,150,2139210
1789026480000,56740.8,56742,56726,56742,90,2139240
1789026510000,56742,56745,56740,56740,60,2139240
1789026540000,56750,56750,56740,56740,120,2139240
1789026570000,56740,56746,56740,56740,210,2139240
1789026600000,56740,56750,56730,56730,240,2139180
1789026630000,56730,56730,56730,56730,30,2139180
1789026660000,56730,56730,56730,56730,30,2139300
1789026690000,56730,56731,56730,56731,30,2139300
1789026720000,56731,56731,56731,56731,0,2139300
1789026750000,56731,56740,56731,56740,30,2139300
1789026780000,56740,56749.8,56740,56740,120,2139330
1789026810000,56740,56740,56740,56740,150,2139330
1789026840000,56748.2,56748.2,56740,56746.2,150,2139510
1789026870000,56746.2,56746.4,56740,56740,210,2139510
1789026900000,56740,56740,56740,56740,0,2139510
1789026930000,56740,56740.2,56740,56740.2,60,2139480
1789026960000,56740.2,56746.8,56720,56746.8,120,2139510
1789026990000,56746.8,56746.8,56746.8,56746.8,0,2139510
1789027020000,56746.8,56746.8,56746.8,56746.8,0,2139510
1789027050000,56746.8,56746.8,56724,56724,60,2139570
1789027080000,56724,56739,56724,56739,120,2139600
1789027110000,56739,56739,56723.2,56723.2,30,2139600
1789027140000,56723.2,56723.2,56720,56720,120,2139660
1789027170000,56720,56720,56720,56720,0,2139660
1789027200000,56720,56733.8,56718,56718.2,90,2139750
1789027230000,56718.2,56718.4,56718,56718,150,2139750
1789027260000,56718,56732.4,56718,56732.4,60,2139900
1789027290000,56732.4,56732.4,56712,56712,30,2139900
1789027320000,56712,56724.8,56712,56724.8,90,2139960
1789027350000,56712,56720,56712,56720,120,2139960
1789027380000,56712,56712,56703.8,56703.8,390,2139990
1789027410000,56703.2,56724,56702.2,56702.2,150,2139990
1789027440000,56702.2,56725.4,56702.2,56710,120,2140140
1789027470000,56710,56710,56710,56710,0,2140140
1789027500000,56710,56710,56702.2,56702.2,90,2140230
1789027530000,56702.2,56702.2,56702.2,56702.2,30,2140230
1789027560000,56702.2,56702.2,56700.2,56701,60,2140230
1789027590000,56701,56701,56700.2,56700.2,30,2140230
1789027620000,56700.2,56711.8,56700.2,56700.2,120,2140350
1789027650000,56700.2,56708.8,56700,56700.2,870,2140350
1789027680000,56719,56719,56700,56700,180,2141160
1789027710000,56700,56700,56700,56700,0,2141160
1789027740000,56700,56700,56700,56700,0,2141160
1789027770000,56700,56711.2,56700,56711.2,60,2141160
1789027800000,56711.2,56739.2,56711.2,56739.2,210,2141100
1789027830000,56739.2,56739.2,56721.8,56721.8,30,2141100
1789027860000,56721.8,56744.2,56721.8,56744.2,90,2141250
1789027890000,56744.2,56744.2,56721.8,56721.8,60,2141250
1789027920000,56721.8,56721.8,56721.8,56721.8,0,2141250
1789027950000,56721.8,56727,56721.8,56727,60,2141280
1789027980000,56727,56727,56727,56727,30,2141280
1789028010000,56727,56744.6,56727,56744.6,30,2141310
1789028040000,56744.6,56744.6,56727,56727,90,2141310
1789028070000,56727,56727,56727,56727,0,2141310
1789028100000,56727,56727,56727,56727,0,2141310
1789028130000,56727,56727,56711,56711,270,2141340
1789028160000,56711,56711.2,56711,56711.2,150,2141340
1789028190000,56711.2,56711.2,56711.2,56711.2,0,2141340
1789028220000,56711.2,56711.2,56711,56711,30,2141520
1789028250000,56711,56711,56711,56711,0,2141520
1789028280000,56714.2,56714.2,56705.8,56705.8,180,2141550
1789028310000,56705.8,56705.8,56705.2,56705.2,30,2141550
1789028340000,56705.8,56719.4,56705.8,56717,150,2141550
1789028370000,56715,56718,56710,56710,90,2141730
1789028400000,56710,56710,56710,56710,90,2141760
1789028430000,56710,56710,56710,56710,60,2141760
1789028460000,56710,56719.6,56710,56719.6,60,2141760
1789028490000,56719.6,56720,56710,56720,60,2141760
1789028520000,56720,56720,56720,56720,0,2141760
1789028550000,56732.8,56732.8,56712.2,56712.2,60,2141730
1789028580000,56734,56734,56711,56711,360,2141790
1789028610000,56712,56712.2,56711,56711,510,2141790
1789028640000,56711,56712,56711,56712,30,2141400
1789028670000,56712,56712,56710,56710,180,2141400
1789028700000,56710,56710,56710,56710,60,2141400
1789028730000,56710,56727.4,56710,56727.4,30,2141460
1789028760000,56727.4,56727.4,56710,56710,30,2141460
1789028790000,56725,56725,56710,56710,420,2141490
1789028820000,56710,56715.8,56706,56715.8,270,2142060
1789028850000,56715.8,56719,56700.2,56700.2,120,2142060
1789028880000,56700.2,56700.4,56700.2,56700.4,30,2142060
1789028910000,56700.4,56700.4,56700.4,56700.4,0,2142060
1789028940000,56700,56700,56700,56700,270,2142000
1789028970000,56700,56700,56700,56700,0,2142000
1789029000000,56715,56715,56708.6,56708.6,180,2142000
1789029030000,56708.6,56720,56708.6,56710.6,150,2141940
1789029060000,56710.6,56715,56700,56715,660,2141970
1789029090000,56715,56728,56695,56719.6,840,2141970
1789029120000,56719.6,56719.6,56690.6,56691.2,150,2141970
1789029150000,56691.2,56699.8,56691.2,56699.8,60,2142750
1789029180000,56692.2,56692.2,56690,56692.2,600,2142750
1789029210000,56692.2,56692.2,56690,56690,90,2143380
1789029240000,56690,56690,56690,56690,180,2143380
1789029270000,56690,56690,56683.4,56684.4,210,2143350
1789029300000,56687,56687,56670.2,56682.8,1230,2144550
1789029330000,56670,56682.4,56670,56682.4,90,2144550
1789029360000,56682.4,56685,56682.4,56685,30,2144610
1789029390000,56685,56685,56684.8,56684.8,60,2144610
1789029420000,56684.8,56699,56684.8,56685,120,2144610
1789029450000,56681.8,56682,56675,56675,810,2144760
1789029480000,56675,56676,56673,56673,90,2144760
1789029510000,56673,56679.8,56673,56679.8,90,2145450
1789029540000,56665,56675,56665,56675,870,2145450
1789029570000,56675,56675,56662.4,56662.4,120,2146200
1789029600000,56660,56661.2,56659.2,56661.2,570,2146200
1789029630000,56661.2,56664,56661.2,56664,270,2146200
1789029660000,56661,56661,56652,56654,1050,2146110
1789029690000,56654,56654,56641,56649.6,1170,2146110
1789029720000,56651,56651,56649.6,56649.6,210,2146110
1789029750000,56649.6,56649.6,56647.4,56649,120,2145990
1789029780000,56649,56649,56643.2,56649,120,2145990
1789029810000,56649,56663,56643,56663,60,2146110
1789029840000,56663,56674.6,56648.6,56660,2100,2146110
1789029870000,56660,56660,56650,56650,60,2147610
1789029900000,56650,56659.2,56650,56659.2,30,2147610
1789029930000,56648,56648,56643.2,56644.4,210,2147640
1789029960000,56648,56648,56640,56648,300,2147640
1789029990000,56648,56648,56645,56648,150,2147970
1789030020000,56640,56648,56635,56635,330,2148060
1789030050000,56643.4,56643.4,56631.2,56631.2,210,2148060
1789030080000,56631,56639.6,56627.6,56630,510,2148060
1789030110000,56628,56630,56601,56602.8,2070,2148690
1789030140000,56602.8,56611,56582.8,56585,2400,2149230
1789030170000,56585,56606.4,56585,56601,1410,2149230
1789030200000,56601,56621.4,56601,56621.4,330,2149230
1789030230000,56621.4,56621.4,56610.2,56610.8,60,2148870
1789030260000,56625,56649.8,56625,56647.2,480,2148870
1789030290000,56640,56650,56626,56641,390,2148870
1789030320000,56641,56650,56641,56650,90,2148870
1789030350000,56650,56650,56640,56647.8,720,2149260
1789030380000,56647.8,56648,56633,56638.6,90,2149260
1789030410000,56638.6,56638.6,56638.6,56638.6,0,2149260
1789030440000,56638.6,56639,56638.6,56639,60,2149830
1789030470000,56639,56644,56639,56639,60,2149800
1789030500000,56639,56650,56639,56650,180,2149740
1789030530000,56650,56650,56648.8,56650,1260,2149740
1789030560000,56648.8,56648.8,56630,56630,630,2149740
1789030590000,56630,56640,56630,56630.6,240,2150130
1789030620000,56630.6,56630.6,56621.6,56621.6,180,2150130
1789030650000,56615.8,56639.8,56613.4,56636.4,720,2150490
1789030680000,56636.4,56636.4,56636.4,56636.4,30,2150490
1789030710000,56615.2,56615.2,56610.8,56610.8,60,2151090
1789030740000,56610.8,56624,56610.8,56624,150,2151090
1789030770000,56624,56624,56614.8,56624,480,2150940
1789030800000,56640,56640,56613.2,56613.2,240,2150940
1789030830000,56618.2,56625,56614.6,56625,420,2150970
1789030860000,56611.8,56611.8,56611,56611,150,2150970
1789030890000,56611,56625,56610,56620.2,1020,2150880
1789030920000,56620.2,56620.2,56605,56619.2,60,2150880
1789030950000,56619.2,56621.6,56600,56621.6,300,2151570
1789030980000,56621.6,56621.6,56619.4,56621,120,2151570
1789031010000,56621,56621.6,56605,56605,90,2151540
1789031040000,56605,56621.6,56605,56620,540,2151540
1789031070000,56617.2,56620,56600,56600,210,2151930
1789031100000,56600,56609,56590,56590,1050,2151930
1789031130000,56590,56603.4,56580,56603.2,990,2152950
1789031160000,56603.2,56603.4,56582.8,56602,270,2152950
1789031190000,56602,56602,56580,56592.4,390,2153640
1789031220000,56580,56586,56575,56575,300,2153640
1789031250000,56575,56587.2,56569,56577,1590,2153910
1789031280000,56577,56588.8,56567,56588.8,510,2153910
1789031310000,56576.8,56588.8,56576.8,56580,420,2153910
1789031340000,56580,56598.6,56580,56598.6,270,2153910
1789031370000,56577.6,56594.2,56557.4,56583.6,1260,2154030
1789031400000,56583.6,56583.6,56570,56580,180,2154030
1789031430000,56580,56590.8,56557,56582.6,1050,2154120
1789031460000,56582.6,56584.6,56560,56584.6,480,2154120
1789031490000,56585,56605.6,56585,56605.6,360,2154840
1789031520000,56598.2,56604.4,56590,56604.4,240,2154840
1789031550000,56604.4,56619.8,56590.2,56613.6,450,2154750
1789031580000,56613.6,56614.6,56590.6,56590.6,510,2154750
1789031610000,56603.2,56614,56579.8,56614,720,2154750
1789031640000,56614,56632,56597.4,56613.6,720,2154750
1789031670000,56632,56642.8,56615.8,56615.8,210,2154690
1789031700000,56648,56648,56633.2,56644.8,150,2154690
1789031730000,56643.4,56648,56623.2,56626.4,690,2154960
1789031760000,56626.4,56650,56626.4,56650,540,2154960
1789031790000,56650,56650,56630.2,56650,90,2155170
1789031820000,56650,56660,56636,56636,450,2155170
1789031850000,56665,56680,56665,56680,1440,2155350
1789031880000,56680,56684,56660,56674,330,2155350
1789031910000,56685,56685,56660.4,56660.6,90,2155860
1789031940000,56660.6,56690,56660.6,56670.4,870,2155860
1789031970000,56675,56724.4,56675,56688.4,4170,2154180
1789032000000,56690,56725,56690,56700,1800,2154180
1789032030000,56700,56711.4,56675,56675,990,2157480
1789032060000,56675,56707.4,56670,56670,630,2157480
1789032090000,56675,56688.2,56673.4,56673.4,360,2158050
1789032120000,56673.4,56684.6,56673.4,56673.4,330,2158050
1789032150000,56673.4,56673.4,56652.4,56660,60,2158470
1789032180000,56660,56660,56630,56630,90,2158470
1789032210000,56630,56650,56630,56650,60,2158500
1789032240000,56650,56650,56644,56644,30,2158500
1789032270000,56644,56667,56644,56644,510,2158350
1789032300000,56644,56644,56630,56630,120,2158350
1789032330000,56630,56630,56623.2,56623.2,90,2158500
1789032360000,56623.2,56623.2,56623,56623,60,2158500
1789032390000,56623,56631,56613.6,56631,120,2158590
1789032420000,56631,56631,56631,56631,30,2158590
1789032450000,56630,56649.8,56614.8,56620.8,120,2158650
1789032480000,56608.6,56628.6,56603.8,56603.8,690,2158650
1789032510000,56603.8,56603.8,56603.8,56603.8,30,2158650
1789032540000,56605,56605,56600,56600,330,2159100
1789032570000,56600,56629.4,56600,56629.4,240,2158590
1789032600000,56611,56623.4,56583.8,56583.8,870,2158590
1789032630000,56600,56604.6,56562.4,56562.4,1140,2159310
1789032660000,56555,56596.6,56550,56574.8,1260,2159310
1789032690000,56574.8,56599,56574.8,56599,180,2160390
1789032720000,56576,56597.8,56565.2,56593.6,900,2160390
1789032750000,56593.6,56595.8,56569.6,56570,210,2160930
1789032780000,56585,56597.8,56585,56597.8,510,2160930
1789032810000,56597.8,56597.8,56575.4,56590,540,2160960
1789032840000,56590,56597.8,56564.8,56571,630,2160960
1789032870000,56570,56585,56563.6,56585,450,2161650
1789032900000,56566,56584,56560,56572.8,510,2161650
1789032930000,56572.8,56575.6,56562.8,56562.8,60,2162100
1789032960000,56560.6,56562.8,56560,56560,270,2162100
1789032990000,56570.2,56570.2,56551.6,56570,720,2162160
1789033020000,56580,56580,56560,56560,660,2162160
1789033050000,56560,56578.8,56560,56560,120,2162130
1789033080000,56561.2,56572.6,56553.4,56553.4,690,2162130
1789033110000,56554.4,56559.6,56554.4,56558.4,510,2162190
1789033140000,56570,56570,56556,56558.6,930,2162190
1789033170000,56559.6,56569.8,56559.6,56566,1050,2162220
1789033200000,56566.2,56569.8,56558.6,56560.6,660,2162220
1789033230000,56561.2,56569.8,56560.8,56569.8,630,2162400
1789033260000,56569.8,56598,56562.4,56598,1050,2162400
1789033290000,56598,56598,56573.6,56577.6,390,2162850
1789033320000,56577.6,56600,56572.6,56583,960,2162850
1789033350000,56583.4,56594.8,56576.2,56584.4,990,2163840
1789033380000,56584.2,56600,56584.2,56600,1110,2163840
1789033410000,56600.2,56602.8,56581.4,56602.8,1230,2165460
1789033440000,56582.8,56602,56575.6,56586.4,480,2165460
1789033470000,56575,56586.2,56572.2,56573.8,390,2166270
1789033500000,56575.2,56597.6,56567,56592,810,2166270
1789033530000,56582.8,56599.6,56575,56580,300,2166270
1789033560000,56582.2,56582.2,56580,56580,90,2166270
1789033590000,56580,56590,56575,56575,180,2166330
1789033620000,56570,56579.8,56569.6,56575,450,2166330
1789033650000,56575.2,56594,56572.2,56577,600,2166150
1789033680000,56576.4,56593,56572,56575.4,750,2166150
1789033710000,56574.8,56594,56572.8,56574.8,930,2166420
1789033740000,56576,56593,56575,56575,270,2166420
1789033770000,56575,56579,56575,56576,120,2166510
1789033800000,56575,56585,56567.8,56577,690,2166510
1789033830000,56585.2,56600,56581.2,56600,840,2166870
1789033860000,56600,56620,56600,56620,330,2166870
1789033890000,56620,56620,56620,56620,90,2166870
1789033920000,56600,56600,56586,56600,870,2166120
1789033950000,56600,56600,56600,56600,60,2165910
1789033980000,56600,56634,56600,56614,450,2165910
1789034010000,56613.8,56634.4,56609,56616,540,2166240
1789034040000,56623.8,56623.8,56612,56623.4,120,2166240
1789034070000,56623.4,56623.4,56607.6,56607.6,810,2166060
1789034100000,56607.2,56615,56607,56615,210,2166060
1789034130000,56615,56615,56611,56611,30,2166090
1789034160000,56611,56620.4,56590,56590,270,2166090
1789034190000,56590,56621.8,56588.6,56610,690,2165880
1789034220000,56591,56605,56590,56593.2,270,2165880
1789034250000,56593.2,56605,56591.6,56605,60,2165880
1789034280000,56605,56605,56590.6,56590.6,480,2166030
1789034310000,56605,56605,56592.2,56600,390,2166330
1789034340000,56605,56623.8,56605,56623.8,540,2166330
1789034370000,56625,56635,56622,56635,510,2166090
1789034400000,56622,56665.6,56622,56665.6,960,2166090
1789034430000,56666,56668.2,56666,56666,180,2166660
1789034460000,56666,56666,56650,56650,60,2166660
1789034490000,56639.4,56655,56639.4,56640,240,2166750
1789034520000,56630,56630,56620,56620,210,2166750
1789034550000,56620,56620,56618,56620,150,2166780
1789034580000,56620,56625,56620,56620,660,2166780
1789034610000,56630.2,56630.2,56625,56625,180,2167050
1789034640000,56620,56620,56602,56602,150,2167050
1789034670000,56602,56624,56600,56624,450,2167050
1789034700000,56624,56624,56624,56624,0,2167050
1789034730000,56620,56620,56605,56605,120,2166750
1789034760000,56605,56610,56572.6,56582.2,930,2166750
1789034790000,56582.2,56590,56579.2,56590,210,2166750
1789034820000,56590,56590,56590,56590,60,2167110
1789034850000,56590,56590,56588,56588,150,2167050
1789034880000,56598,56600,56572.8,56600,1020,2167050
1789034910000,56606.8,56614.6,56606.8,56614.6,240,2166420
1789034940000,56614.6,56620,56590,56620,600,2166420
1789034970000,56620,56620,56600,56619,390,2166750
1789098300000,56275,56299.8,56088,56144.8,14010,2161050
1789098330000,56120,56150,56080.2,56100,7320,2161050
1789098360000,56100,56100,55972.8,55990,8310,2165010
1789098390000,55983,56074.4,55983,56037.6,4890,2165010
1789098420000,56032.4,56055.4,55980,55980,15810,2173740
1789098450000,55970.2,56003,55969.8,55983.2,4350,2173740
1789098480000,55983.2,56010,55980.2,56010,6930,2184870
1789098510000,55999.6,56023,55998.2,56009,2280,2184870
1789098540000,56010,56060,56010,56060,2400,2188110
1789098570000,56039.4,56062,56023.4,56035,3330,2188110
1789098600000,56035,56047,56002.4,56030,3000,2192100
1789098630000,56030,56064.6,56013,56032,11160,2192100
1789098660000,56028.8,56070,56013.2,56013.2,2640,2193570
1789098690000,56026.6,56069.4,56026.6,56048.4,1890,2193570
1789098720000,56034.8,56065,56029.2,56065,1530,2196240
1789098750000,56039.2,56067,56039.2,56051.2,1350,2196240
1789098780000,56045.4,56066.6,56044,56064.8,1320,2197020
1789098810000,56064.8,56079,56046,56079,1320,2197020
1789098840000,56070,56082.8,56052,56057.4,870,2198760
1789098870000,56057.6,56095,56057.4,56081.2,1110,2198760
1789098900000,56081.2,56120,56080,56113.6,4440,2196750
1789098930000,56113.6,56179.8,56113.6,56150,3120,2196750
1789098960000,56156.8,56190,56152.6,56190,3780,2197590
1789098990000,56189.8,56217,56168.4,56200,12810,2197590
1789099020000,56200,56215.4,56163.8,56207,2100,2205210
1789099050000,56215,56220,56190.6,56210.4,1020,2205210
1789099080000,56191,56208.6,56179.4,56185,1170,2206440
1789099110000,56185,56200,56166.8,56183.8,870,2206440
1789099140000,56183.8,56199.8,56182,56195,840,2206980
1789099170000,56195,56200,56187.4,56200,960,2206980
1789099200000,56200,56200,56167.4,56167.4,1320,2207250
1789099230000,56167.4,56179,56153,56179,630,2207250
1789099260000,56156.8,56175,56154.2,56160.4,360,2207490
1789099290000,56160.4,56174.8,56156,56171.8,600,2207490
1789099320000,56163.8,56175,56155.8,56167.6,660,2206740
1789099350000,56170,56173.2,56154.2,56154.2,870,2206740
1789099380000,56154.2,56174.6,56150,56168.8,810,2207340
1789099410000,56168.8,56168.8,56129.6,56129.6,1020,2207340
1789099440000,56140.4,56165,56139.2,56165,1080,2208420
1789099470000,56165,56167.6,56148.2,56148.2,510,2208420
1789099500000,56144.8,56160,56144.8,56159,540,2208420
1789099530000,56148.2,56158.2,56138,56138,300,2208420
1789099560000,56135,56160,56134.6,56150.8,930,2208600
1789099590000,56155.8,56165,56143.8,56147.4,510,2208600
1789099620000,56146,56154.8,56144.6,56144.6,360,2209050
1789099650000,56139.8,56148.8,56134.6,56134.6,1110,2209050
1789099680000,56144.8,56152.8,56140.8,56144.4,1950,2210280
1789099710000,56140,56150.4,56139.2,56150,900,2210280
1789099740000,56148.6,56150,56145.8,56147.4,1680,2211210
1789099770000,56157,56157,56140.2,56140.2,540,2211210
1789099800000,56139.2,56148.8,56129.4,56135,540,2211150
1789099830000,56135,56139,56135,56135,540,2211150
1789099860000,56135,56135,56116.6,56122.8,630,2211390
1789099890000,56117.4,56124.2,56116.8,56123.4,540,2211390
1789099920000,56122,56144.8,56122,56132,1020,2212440
1789099950000,56132,56140,56121,56123.4,2250,2212440
1789099980000,56122.6,56136,56122.6,56127.6,720,2214690
1789100010000,56137.2,56150,56137.2,56150,660,2214690
1789100040000,56149.8,56159.8,56149.8,56155,480,2215440
1789100070000,56159.8,56163.8,56151.8,56151.8,690,2215440
1789100100000,56149.4,56159.6,56135.6,56159.6,480,2215860
1789100130000,56145.6,56154.8,56141.2,56141.2,510,2215860
1789100160000,56136.6,56146.8,56126.2,56126.2,2250,2216580
1789100190000,56130.4,56133.4,56127.8,56130,2940,2216580
1789100220000,56131.4,56131.4,56120.6,56122,2070,2221680
1789100250000,56122,56122,56118.6,56120,1770,2221680
1789100280000,56136.6,56136.6,56098.4,56100,3030,2225400
1789100310000,56115.2,56115.2,56094.4,56096.6,720,2225400
1789100340000,56098.4,56115.2,56098.2,56105,2790,2228400
1789100370000,56104.8,56120.6,56100.2,56120.6,1080,2228400
1789100400000,56110,56121.8,56110,56121.8,510,2230650
1789100430000,56122.8,56131.2,56121.8,56121.8,360,2230650
1789100460000,56125,56125,56111,56114.6,1770,2232630
1789100490000,56118.6,56118.6,56110,56110,900,2232630
1789100520000,56109,56110,56102.2,56110,1080,2233680
1789100550000,56105,56105,56097.8,56105,1200,2233680
1789100580000,56105,56105,56101.6,56103,570,2235390
1789100610000,56102.8,56102.8,56098.8,56098.8,2490,2235390
1789100640000,56101,56116.6,56101,56116.6,1920,2237340
1789100670000,56116.6,56132.8,56116.6,56120,90,2237340
1789100700000,56120,56140.4,56120,56140.4,150,2237430
1789100730000,56148.6,56170,56142.8,56170,660,2237430
1789100760000,56170,56190,56170,56190,2190,2237760
1789100790000,56200,56200,56172,56196.4,3720,2237760
1789100820000,56187.4,56195,56175,56192,300,2237160
1789100850000,56192,56201.8,56185,56200.2,480,2237160
1789100880000,56182,56199.6,56175,56175,720,2237490
1789100910000,56175,56187,56172,56187,360,2237490
1789100940000,56187,56196.8,56175,56196.8,450,2237700
1789100970000,56196.8,56196.8,56171,56171,150,2237700
1789101000000,56171,56192.6,56171,56191.6,420,2237940
1789101030000,56191.6,56191.6,56154.8,56171,870,2237940
1789101060000,56171,56171,56156,56156,300,2238270
1789101090000,56152.6,56170,56152.6,56170,240,2238270
1789101120000,56170,56170,56168,56170,180,2237280
1789101150000,56170,56171,56160,56170,120,2237280
1789101180000,56170,56201.8,56170,56200,1440,2236710
1789101210000,56200,56230,56199.8,56230,2130,2236710
1789101240000,56210,56235,56210,56230,810,2237400
1789101270000,56222.2,56235,56218,56229.8,660,2237400
1789101300000,56229.8,56229.8,56217,56227.8,210,2237670
1789101330000,56227.8,56237.8,56212,56230,420,2237670
1789101360000,56211.8,56238,56211.8,56222.4,270,2237580
1789101390000,56220,56223.4,56219,56219,150,2237580
1789101420000,56219,56256,56219,56230,10080,2230560
1789101450000,56225,56230,56210,56229.8,630,2230560
1789101480000,56229.8,56229.8,56201.6,56218.8,150,2231070
1789101510000,56220,56230,56213.2,56230,480,2231070
1789101540000,56230,56253,56230,56250,450,2230980
1789101570000,56250,56250,56240.2,56245,270,2230980
1789101600000,56250,56259.8,56240,56250,1470,2231040
1789101630000,56250,56260,56240,56260,840,2231040
1789101660000,56250,56259.8,56240,56240,450,2231490
1789101690000,56240,56250,56240,56250,90,2231490
1789101720000,56250,56250,56226.8,56230,180,2231460
1789101750000,56231,56248.4,56231,56248,150,2231460
1789101780000,56248,56250,56236,56250,480,2231520
1789101810000,56250,56284.6,56250,56276,870,2231520
1789101840000,56284.8,56288,56274,56284.6,900,2231040
1789101870000,56298,56300.4,56288,56294.8,2100,2231040
1789101900000,56290,56300,56272,56293,1290,2232840
1789101930000,56270,56290,56270,56290,270,2232840
1789101960000,56290,56290,56279.8,56280,90,2232900
1789101990000,56280,56280,56265,56266.6,180,2232900
1789102020000,56266.6,56266.6,56265,56266.6,60,2232510
1789102050000,56266.6,56285,56266.6,56285,210,2232510
1789102080000,56285,56285,56280,56285,120,2232630
1789102110000,56285,56290,56281,56286,450,2232630
1789102140000,56285,56298,56281,56298,480,2232960
1789102170000,56301,56301,56281,56300,300,2232960
1789102200000,56300,56300,56281,56292,630,2232960
1789102230000,56292,56292,56280,56292,120,2233290
1789102260000,56292,56317.8,56292,56310.2,510,2233020
1789102290000,56320,56320,56300,56315,360,2233020
1789102320000,56315,56340.6,56315,56340.6,960,2232330
1789102350000,56344,56357,56330,56357,900,2232330
1789102380000,56350,56350,56340,56340.2,510,2232330
1789102410000,56350,56353,56340,56341,540,2232510
1789102440000,56324,56336.8,56305.8,56336.8,720,2232630
1789102470000,56336.8,56336.8,56301,56301,90,2232630
1789102500000,56301,56301,56301,56301,240,2232600
1789102530000,56301,56301,56300,56300,180,2232600
1789102560000,56300,56300,56290,56290,90,2232630
1789102590000,56290,56300,56290,56300,180,2232630
1789102620000,56295,56295.6,56285,56285,420,2232450
1789102650000,56285,56289.8,56250,56250,1350,2232450
1789102680000,56250,56260.4,56230,56250,930,2232330
1789102710000,56251,56255,56246,56250,420,2232330
1789102740000,56250,56260,56250,56260,180,2232330
1789102770000,56260,56260,56250,56250,210,2232060
1789102800000,56250,56257.6,56230,56250,330,2232090
1789102830000,56250,56256.4,56249.6,56249.6,210,2232090
1789102860000,56246.8,56250.8,56240,56250,360,2232060
1789102890000,56250,56254,56238.4,56238.4,390,2232060
1789102920000,56238.4,56269.8,56238.4,56267,300,2232060
1789102950000,56235,56265.8,56235,56265.8,150,2232210
1789102980000,56235.8,56264,56231,56253,240,2232330
1789103010000,56253,56253,56230,56232.8,240,2232330
1789103040000,56232.8,56240.4,56232.8,56236.8,150,2232330
1789103070000,56246.8,56286.4,56246.8,56280.2,1230,2232480
1789103100000,56280.2,56280.2,56251.8,56280,1050,2232480
1789103130000,56280,56280,56254.2,56270,270,2232120
1789103160000,56280.2,56297,56271,56276,420,2232120
1789103190000,56276,56297,56271,56297,210,2231850
1789103220000,56297,56307.8,56297,56306,240,2231850
1789103250000,56306,56306,56304.8,56304.8,30,2232060
1789103280000,56300,56300,56291,56291,150,2232060
1789103310000,56291,56291.2,56265,56265,210,2232210
1789103340000,56265,56300,56265,56299,240,2232210
1789103370000,56299,56299,56274,56274,90,2232480
1789103400000,56274,56297,56274,56297,30,2232480
1789103430000,56297,56300,56296.8,56299.4,1080,2232360
1789103460000,56305,56320.6,56305,56310,1080,2232360
1789103490000,56306.8,56306.8,56306.8,56306.8,30,2233260
1789103520000,56306.8,56306.8,56306.8,56306.8,30,2233260
1789103550000,56306.8,56306.8,56285,56285,30,2233230
1789103580000,56298.2,56298.2,56298,56298,90,2233230
1789103610000,56298,56298,56298,56298,0,2233230
1789103640000,56298,56300,56290,56300,150,2233260
1789103670000,56300,56310,56300,56310,60,2226690
1789103700000,56310,56346,56310,56346,300,2226690
1789103730000,56323,56337.8,56300,56322.4,240,2226660
1789103760000,56321.4,56321.4,56300,56315,270,2226660
1789103790000,56300,56300,56290.2,56290.2,180,2226540
1789103820000,56290.2,56295.2,56290.2,56295.2,60,2226540
1789103850000,56295.2,56312.4,56295.2,56312.4,1020,2226390
1789103880000,56300.2,56300.2,56272.2,56290,270,2226390
1789103910000,56290,56290,56275.2,56275.2,120,2226420
1789103940000,56275.2,56300,56275,56275,390,2226420
1789103970000,56275,56282,56275,56282,120,2226540
1789104000000,56282,56283,56245.8,56245.8,390,2226540
1789104030000,56269.6,56269.6,56237.8,56237.8,450,2226690
1789104060000,56265,56279.8,56265,56279.8,60,2226690
1789104090000,56265.2,56280,56265,56280,150,2226540
1789104120000,56265,56282.8,56265,56282.8,120,2226540
1789104150000,56282.8,56282.8,56250,56251.8,300,2226660
1789104180000,56251.8,56251.8,56251.8,56251.8,150,2226660
1789104210000,56237.2,56239,56237.2,56239,180,2226450
1789104240000,56245.2,56270,56244,56244,120,2226450
1789104270000,56244,56244,56244,56244,0,2226450
1789104300000,56250,56260.8,56246,56246,120,2226540
1789104330000,56245.2,56245.2,56241,56241,90,2226570
1789104360000,56241,56245,56230,56235,300,2226570
1789104390000,56235,56245,56225.8,56225.8,270,2226720
1789104420000,56225.8,56245,56225.8,56245,60,2226720
1789104450000,56245,56257.8,56224.2,56224.2,180,2226690
1789104480000,56224.2,56232.6,56222,56232.6,90,2226690
1789104510000,56232.6,56249,56221,56226,120,2226750
1789104540000,56226,56240,56226,56240,120,2226750
1789104570000,56250,56258.2,56225.2,56225.2,1230,2226780
1789104600000,56225.2,56238,56225.2,56233.2,90,2226780
1789104630000,56248.6,56251,56240.2,56251,420,2226930
1789104660000,56251,56251,56244.6,56244.6,180,2226930
1789104690000,56244.6,56265.2,56244.6,56255.6,180,2226960
1789104720000,56255.6,56265.6,56250,56250,330,2226960
1789104750000,56250,56275.6,56245,56245,90,2227080
1789104780000,56245,56260,56245,56260,60,2227080
1789104810000,56265.6,56270,56251,56251,180,2227110
1789104840000,56251,56251,56240.2,56240.2,120,2227110
1789104870000,56240.2,56240.2,56240.2,56240.2,0,2227110
1789104900000,56240.2,56240.2,56233,56233,90,2227170
1789104930000,56233,56263.6,56233,56263.6,150,2227290
1789104960000,56263.6,56263.6,56263.6,56263.6,0,2227290
1789104990000,56263.6,56263.6,56243.4,56243.4,30,2227320
1789105020000,56243.4,56283,56243.4,56283,480,2227320
1789105050000,56283,56284.8,56283,56284.8,120,2226990
1789105080000,56284.8,56285,56280,56285,90,2226990
1789105110000,56285,56285,56260.8,56260.8,60,2226990
1789105140000,56260.8,56290,56260.8,56290,210,2226990
1789105170000,56300,56310,56295,56310,660,2226570
1789105200000,56300,56320,56291,56300,330,2226570
1789105230000,56300,56320,56300,56307,240,2226600
1789105260000,56307,56330,56307,56330,660,2226600
1789105290000,56330,56337.4,56306,56337.4,330,2226360
1789105320000,56337.4,56340,56325,56340,300,2226360
1789105350000,56347,56390,56347,56380,2250,2226150
1789105380000,56380,56419.8,56380,56399,1920,2226150
1789105410000,56416.8,56480,56400,56471.2,4170,2224620
1789105440000,56448.4,56528.8,56448.4,56500,4320,2224620
1789105470000,56511.2,56517.8,56484,56487.6,1080,2223000
1789105500000,56487.4,56512,56445,56454.4,1680,2223000
1789105530000,56448,56484.8,56413,56444.8,1170,2223570
1789105560000,56445,56480,56440,56448.2,1410,2223570
1789105590000,56443.6,56487.8,56441,56480,1500,2222760
1789105620000,56480,56520,56480,56520,2100,2222760
1789105650000,56520.4,56525,56500,56500,1200,2222970
1789105680000,56515.4,56519.2,56467.8,56470,1260,2222970
1789105710000,56468.2,56496.8,56468.2,56489.8,180,2222880
1789105740000,56480,56489.4,56471.4,56471.4,960,2222880
1789105770000,56471.4,56490,56448.2,56490,720,2222520
1789105800000,56490,56498.6,56466.4,56488.2,690,2222520
1789105830000,56482.6,56482.6,56450,56452,660,2221860
1789105860000,56468.6,56486,56444.2,56473.6,1020,2221860
1789105890000,56489.8,56496,56455.8,56455.8,420,2220540
1789105920000,56488.6,56500,56485.2,56500,540,2220540
1789105950000,56500,56509.8,56481.4,56507.8,990,2220120
1789105980000,56510,56512.6,56504,56504,420,2220120
1789106010000,56500,56525,56500,56525,1950,2219970
1789106040000,56525,56555,56520.2,56534,10020,2219970
1789106070000,56555,56558,56525.2,56544.2,660,2221650
1789106100000,56525.2,56534.2,56500,56500,510,2221650
1789106130000,56525.4,56532,56482,56509,450,2221440
1789106160000,56509,56509.8,56482,56495,630,2221440
1789106190000,56495,56499.8,56485.4,56499.8,420,2221200
1789106220000,56500,56500,56481.8,56486.8,390,2221200
1789106250000,56498.2,56498.2,56495,56495,150,2221290
1789106280000,56495,56495,56478.2,56485,600,2221290
1789106310000,56485,56485,56466,56466,210,2221350
1789106340000,56465,56483,56460.2,56479,300,2221350
1789106370000,56475,56475,56453,56471.2,180,2221380
1789106400000,56466.2,56468.6,56453,56467,720,2221380
1789106430000,56467,56474.8,56454.4,56454.4,180,2221320
1789106460000,56454.4,56466.8,56450,56450,210,2221320
1789106490000,56444.2,56465.8,56444,56444,270,2220900
1789106520000,56444,56464.8,56440,56464.8,930,2220900
1789106550000,56465,56465.8,56465,56465.8,120,2220300
1789106580000,56465,56470,56455.4,56470,300,2220300
1789106610000,56470,56475,56470,56470,390,2219880
1789106640000,56475,56490.4,56461.8,56483.2,780,2219880
1789106670000,56483.2,56488.6,56459.2,56459.2,1380,2219790
1789106700000,56455.8,56478.6,56450,56450,150,2219790
1789106730000,56448.6,56450,56440.2,56440.2,240,2219730
1789106760000,56440.2,56467.4,56440.2,56462.6,300,2219730
1789106790000,56462.6,56480,56462.6,56480,150,2219610
1789106820000,56480,56495,56466.2,56495,150,2219610
1789106850000,56456.8,56494.8,56456.8,56470.2,270,2219850
1789106880000,56470.2,56495,56470.2,56495,150,2219850
1789106910000,56496,56496,56486.6,56486.6,90,2219880
1789106940000,56486.6,56486.6,56447.2,56447.2,60,2219880
1789106970000,56446.8,56446.8,56442,56442,60,2219880
1789107000000,56442,56456.2,56442,56456.2,60,2218710
1789107030000,56469.8,56469.8,56469.8,56469.8,30,2218710
1789107060000,56456.4,56480,56456.4,56480,120,2218740
1789107090000,56486.8,56493,56486.8,56493,120,2218710
1789107120000,56488.4,56488.4,56464.4,56464.4,90,2218710
1789107150000,56464.4,56464.4,56460.8,56460.8,60,2218710
1789107180000,56460.8,56460.8,56460.8,56460.8,150,2218860
1789107210000,56469,56480,56462,56470,240,2218950
1789107240000,56470,56500,56464,56489,660,2218950
1789107270000,56489,56500,56489,56500,90,2218950
1789107300000,56500,56523,56500,56510,600,2218710
1789107330000,56513.6,56513.6,56474.6,56499.6,630,2218830
1789107360000,56505,56532.6,56490.8,56490.8,1650,2218830
1789107390000,56490.8,56523.4,56490.8,56522.8,1380,2218830
1789107420000,56522.8,56522.8,56490,56490.2,120,2219820
1789107450000,56490.2,56510,56490.2,56510,150,2220000
1789107480000,56510,56510,56481.2,56481.2,120,2220000
1789107510000,56481.2,56481.4,56465,56465,150,2219970
1789107540000,56465,56481.2,56465,56476.6,150,2219970
1789107570000,56476.6,56476.6,56474,56476.4,60,2219940
1789107600000,56476.4,56481.4,56463,56481.4,210,2219940
1789107630000,56486.6,56486.6,56478.6,56485.8,90,2219850
1789107660000,56473,56486,56461.8,56486,240,2219850
1789107690000,56486,56486,56470,56470.6,240,2219730
1789107720000,56470.6,56500,56470.6,56480,240,2219730
1789107750000,56488.4,56488.4,56470.6,56470.6,150,2219730
1789107780000,56466,56466,56461.8,56465,150,2219640
1789107810000,56465,56474.8,56444,56470,750,2219760
1789107840000,56470,56470,56457.2,56457.4,60,2219760
1789107870000,56457.4,56470,56452.8,56458.8,210,2219190
1789107900000,56475,56475,56458,56469.2,210,2219190
1789107930000,56469.2,56474.8,56443,56443,930,2219250
1789107960000,56438.8,56478.6,56438.8,56472.6,1590,2219250
1789107990000,56472.6,56478.6,56469,56478.6,300,2219250
1789108020000,56499.2,56499.2,56471.2,56471.4,180,2220930
1789108050000,56471.4,56471.4,56433.8,56435,240,2221020
1789108080000,56435,56454,56435,56435,60,2221020
1789108110000,56435,56435,56432,56434.4,120,2220990
1789108140000,56445,56468,56440.6,56468,180,2220990
1789108170000,56468,56471.4,56468,56469.6,60,2220990
1789108200000,56469,56481.6,56466.4,56481.6,510,2220990
1789108230000,56471.8,56472,56471.6,56471.6,210,2220990
1789108260000,56478.4,56482,56448.4,56479.8,330,2221080
1789108290000,56473.6,56477.4,56471.8,56471.8,90,2220900
1789108320000,56471.2,56474.8,56451,56474.8,270,2220900
1789108350000,56450.2,56474.6,56441.8,56441.8,240,2220900
1789108380000,56444.4,56444.4,56444.4,56444.4,60,2221080
1789108410000,56434.8,56451.8,56434.8,56449.8,120,2221140
1789108440000,56449.8,56449.8,56433.2,56449.8,180,2221140
1789108470000,56444.8,56448.8,56444.8,56448.8,150,2221140
1789108500000,56448.8,56452.8,56433.2,56433.2,120,2221260
1789108530000,56457.8,56457.8,56433.4,56457.4,120,2221170
1789108560000,56434,56457.4,56434,56457.4,120,2221170
1789108590000,56457.4,56457.4,56430,56430,90,2221170
1789108620000,56428,56456.4,56428,56444.8,150,2221230
1789108650000,56444.8,56444.8,56428,56444.8,540,2221260
1789108680000,56425,56448.8,56425,56448.8,300,2221260
1789108710000,56448.8,56448.8,56420,56420,150,2221320
1789108740000,56420,56433,56405.2,56405.2,300,2221320
1789108770000,56405.2,56405.2,56402.8,56402.8,300,2221320
1789108800000,56402.8,56422.8,56401,56422.8,270,2221080
1789108830000,56422.8,56422.8,56389.6,56389.6,900,2221080
1789108860000,56389.6,56393.4,56378,56390.6,450,2221470
1789108890000,56395.2,56395.2,56384,56389.2,270,2221470
1789108920000,56400,56400,56389.2,56389.2,240,2221680
1789108950000,56389.2,56389.2,56379,56379,120,2221830
1789108980000,56379,56379,56356,56356,510,2221830
1789109010000,56366.6,56378,56353.8,56353.8,90,2221830
1789109040000,56374.8,56392,56374.8,56390.6,300,2222070
1789109070000,56378,56398.4,56378,56380.2,210,2222070
1789109100000,56397.6,56397.6,56367,56367,120,2222130
1789109130000,56367,56387.6,56367,56373,150,2222130
1789109160000,56379.8,56380,56361.6,56380,270,2222130
1789109190000,56394.6,56394.6,56394.6,56394.6,30,2222130
1789109220000,56394.6,56394.6,56383.2,56390,120,2222220
1789109250000,56390,56400,56382.8,56400,180,2222220
1789109280000,56383.6,56414.8,56383.6,56414.8,330,2222280
1789109310000,56414.8,56414.8,56414.8,56414.8,90,2222280
1789109340000,56414.8,56424.8,56414.8,56424.8,570,2222340
1789109370000,56424.8,56424.8,56420.2,56420.2,30,2222340
1789109400000,56425,56425,56420.2,56424,360,2222730
1789109430000,56420.2,56428,56420.2,56428,270,2222730
1789109460000,56428.2,56433,56421,56421,1110,2223030
1789109490000,56417,56425.6,56417,56421,150,2223030
1789109520000,56430.8,56430.8,56421.4,56421.4,60,2223600
1789109550000,56421.4,56421.4,56421.2,56421.2,60,2223600
1789109580000,56421.2,56421.4,56421.2,56421.4,60,2223660
1789109610000,56421.4,56430.8,56421.4,56430.8,60,2223660
1789109640000,56430.8,56430.8,56430.8,56430.8,30,2223660
1789109670000,56449.4,56450,56440.2,56450,150,2223660
1789109700000,56450,56450,56445,56445,30,2223690
1789109730000,56440.4,56440.4,56440.4,56440.4,30,2223690
1789109760000,56450.8,56450.8,56450.8,56450.8,30,2222490
1789109790000,56450.8,56450.8,56423,56423,60,2222490
1789109820000,56438.6,56449.2,56438.6,56438.8,120,2222520
1789109850000,56449,56449,56439,56439,90,2222520
1789109880000,56439,56439.8,56430.2,56430.2,150,2222610
1789109910000,56430.2,56439.4,56430.2,56439.2,90,2222610
1789109940000,56439.2,56439.6,56430.2,56430.4,60,2222670
1789109970000,56430.4,56431.2,56410.8,56410.8,420,2222670
1789110000000,56410.8,56431.2,56410.8,56431.2,60,2222790
1789110030000,56439.6,56444,56439.6,56444,210,2222790
1789110060000,56444,56444,56444,56444,0,2222790
1789110090000,56444,56458.8,56444,56458.8,180,2222640
1789110120000,56458.8,56460,56458.8,56460,120,2222790
1789110150000,56460,56460,56459.8,56459.8,210,2222790
1789110180000,56459.8,56459.8,56447.6,56459.8,30,2222730
1789110210000,56459.8,56465,56438,56465,150,2222730
1789110240000,56465,56467.2,56465,56467.2,60,2222760
1789110270000,56469,56495.8,56467.2,56495.8,300,2222760
1789110300000,56475,56494.8,56475,56480,180,2222640
1789110330000,56480,56495.6,56480,56495.6,150,2222640
1789110360000,56495.6,56499,56494,56499,150,2222550
1789110390000,56499,56499,56455.4,56455.4,1110,2222550
1789110420000,56455.8,56496.6,56455.8,56496.6,60,2222580
1789110450000,56496.6,56512,56496.6,56512,510,2222580
1789110480000,56513,56523.4,56512,56523.4,360,2222460
1789110510000,56515,56523.2,56505,56505,660,2222460
1789110540000,56505,56505,56496.6,56496.6,240,2222340
1789110570000,56496.6,56496.6,56480,56480,540,2222340
1789110600000,56480,56490,56480,56488,180,2222340
1789110630000,56496.2,56498.4,56496.2,56498.4,90,2222340
1789110660000,56502,56504.8,56482,56482,420,2222220
1789110690000,56502,56506,56501,56506,1650,2222220
1789110720000,56484.8,56524.6,56484.8,56522.8,270,2222520
1789110750000,56512,56533.8,56512,56533.8,510,2222520
1789110780000,56529,56540,56529,56530.2,1320,2222130
1789110810000,56541,56543,56533.8,56533.8,480,2222130
1789110840000,56532.8,56535.8,56500.2,56500.6,570,2221020
1789110870000,56529.6,56529.6,56504.4,56522.6,180,2221020
1789110900000,56526.8,56526.8,56520,56522,120,2220810
1789110930000,56522,56522,56504,56520.6,210,2220810
1789110960000,56517.4,56521.8,56505.2,56505.2,240,2220510
1789110990000,56505.2,56518.2,56505.2,56518.2,120,2220510
1789111020000,56518,56520,56513.2,56513.8,240,2220330
1789111050000,56514.4,56514.6,56508,56508,330,2220330
1789111080000,56500.2,56504.6,56500,56500.2,390,2220060
1789111110000,56500.2,56505,56500.2,56505,60,2220060
1789111140000,56510,56518,56510,56518,180,2219970
1789111170000,56518,56520.6,56518,56520.6,300,2219970
1789111200000,56520.8,56528,56520.6,56528,300,2219970
1789111230000,56525,56528,56498,56498,180,2219970
1789111260000,56498,56530,56498,56530,60,2219700
1789111290000,56506.2,56535.6,56506.2,56528.4,180,2219700
1789111320000,56528.8,56543,56520.2,56543,720,2219610
1789111350000,56543,56600,56543,56590.4,3720,2219610
1789111380000,56597.4,56600.8,56583,56600.2,1260,2217510
1789111410000,56600.4,56605.2,56597.2,56597.6,2520,2217510
1789111440000,56597.6,56597.6,56574.2,56574.2,540,2215500
1789111470000,56574.2,56574.6,56574.2,56574.4,120,2215500
1789111500000,56574.6,56574.6,56559,56559,210,2215710
1789111530000,56559,56559,56550,56550,1530,2215710
1789111560000,56550,56579,56550,56579,60,2214570
1789111590000,56579,56579,56533,56540.6,660,2214570
1789111620000,56540.6,56567.6,56540.2,56567.6,120,2214120
1789111650000,56545,56545,56545,56545,480,2214120
1789111680000,56545,56579.8,56545,56579.8,570,2213820
1789111710000,56579.8,56580,56561,56580,90,2213820
1789111740000,56580,56580,56546.2,56546.2,210,2213400
1789111770000,56546.2,56565,56546.2,56546.8,150,2213400
1789111800000,56546.8,56569.6,56546.8,56569.6,150,2213400
1789111830000,56546.2,56546.2,56520,56520,360,2213400
1789111860000,56520.6,56520.6,56508.6,56508.6,1020,2213580
1789111890000,56508.6,56520,56508.6,56512.6,660,2213580
1789111920000,56512.6,56512.6,56512.6,56512.6,0,2213580
1789111950000,56512.6,56519,56512.6,56519,90,2213190
1789111980000,56519,56519,56502,56502,60,2213220
1789112010000,56489.8,56489.8,56489.8,56489.8,60,2213220
1789112040000,56499,56500,56499,56499,90,2213250
1789112070000,56488,56490,56488,56490,180,2213250
1789112100000,56488,56500,56485,56485,150,2213400
1789112130000,56480,56480,56480,56480,180,2213400
1789112160000,56478,56496.4,56471.2,56485.2,660,2213250
1789112190000,56490.4,56492.2,56472,56473.2,600,2213250
1789112220000,56488.4,56499.4,56488,56499.4,360,2212890
1789112250000,56499.8,56499.8,56480,56497.8,390,2212890
1789112280000,56499.8,56499.8,56470.6,56499.8,360,2212680
1789112310000,56499.8,56500,56498.6,56498.6,510,2212680
1789112340000,56499.8,56499.8,56480,56494.2,480,2212500
1789112370000,56494.2,56498,56479.8,56479.8,150,2212500
1789112400000,56492.4,56497.4,56466.8,56480,240,2212470
1789112430000,56480,56499.8,56480,56480.2,150,2212470
1789112460000,56480.2,56483.6,56460.2,56460.2,270,2212530
1789112490000,56455,56481.4,56455,56480,120,2212530
1789112520000,56480,56498.6,56465,56487.8,300,2212500
1789112550000,56487.8,56489.8,56487.8,56489.8,90,2212500
1789112580000,56489.8,56490,56489.8,56490,150,2212440
1789112610000,56490,56490,56490,56490,90,2212440
1789112640000,56490,56500,56490,56500,210,2212320
1789112670000,56499.8,56522.8,56499.8,56514,480,2212320
1789112700000,56513.8,56522.2,56501,56501,510,2212020
1789112730000,56501,56514.2,56485,56511.4,240,2212020
1789112760000,56511.4,56524.6,56511.4,56524.6,330,2211990
1789112790000,56509.8,56509.8,56509.8,56509.8,60,2211990
1789112820000,56509.8,56509.8,56509.6,56509.6,30,2211990
1789112850000,56509.6,56509.8,56501,56509.8,120,2211990
1789112880000,56509.8,56509.8,56508.8,56508.8,60,2212050
1789112910000,56508.8,56508.8,56501,56508.6,420,2212050
1789112940000,56508.6,56508.6,56490,56490,30,2212050
1789112970000,56498.4,56499,56498.2,56499,1020,2212440
1789113000000,56480,56480,56480,56480,60,2212440
1789113030000,56480,56480,56471,56480,90,2212710
1789113060000,56480,56489.4,56478.4,56487.4,150,2212710
1789113090000,56487.4,56487.4,56485.4,56485.4,30,2212710
1789113120000,56485.4,56500.2,56485.4,56490,450,2212710
1789113150000,56490,56501.8,56490,56501.8,180,2212740
1789113180000,56501.8,56511,56501.8,56511,210,2212740
1789113210000,56511,56524.8,56502.2,56524.8,630,2212740
1789113240000,56500,56519.8,56500,56501.8,600,2212650
1789113270000,56501.8,56503.6,56499.6,56503.6,150,2212650
1789113300000,56503.6,56503.6,56503.6,56503.6,0,2212650
1789113330000,56503.6,56503.6,56503.6,56503.6,30,2212680
1789113360000,56503.6,56524.8,56501.6,56524.8,600,2212500
1789113390000,56524.8,56524.8,56524.8,56524.8,0,2212500
1789113420000,56524.8,56524.8,56520,56520,90,2212470
1789113450000,56520,56550,56520,56550,600,2212470
1789113480000,56549.8,56560,56548.4,56549.8,750,2212470
1789113510000,56549.8,56570,56547.4,56547.4,570,2211960
1789113540000,56547.4,56605,56547.4,56600,2220,2211090
1789113570000,56600,56619,56600,56612,1170,2211090
1789113600000,56616.4,56619.6,56610.4,56611.4,300,2210190
1789113630000,56611.4,56611.4,56611.4,56611.4,90,2210190
1789113660000,56610.2,56610.2,56597.8,56607.4,540,2209770
1789113690000,56600,56615,56600,56615,870,2209770
1789113720000,56615,56647.8,56612.8,56620.2,4950,2209920
1789113750000,56644.8,56650,56625.2,56650,660,2209920
1789113780000,56648.8,56649,56624.8,56636.2,270,2209470
1789113810000,56636.2,56636.2,56600,56610.2,900,2209470
1789113840000,56610.2,56620.6,56610,56620.6,1200,2209290
1789113870000,56605.2,56620.6,56605.2,56605.2,210,2209290
1789113900000,56621,56621,56597.8,56597.8,2490,2210010
1789113930000,56597.8,56600,56597.8,56600,150,2210010
1789113960000,56600,56600,56586.2,56590,660,2210220
1789113990000,56590,56597.8,56590,56597.8,30,2210220
1789114020000,56572.2,56572.2,56556,56556,300,2210190
1789114050000,56570,56586,56560.4,56560.4,120,2210190
1789114080000,56560.4,56582.2,56560.4,56582,390,2210040
1789114110000,56587,56603,56587,56597.4,330,2210040
1789114140000,56595.8,56598,56576,56598,360,2209590
1789114170000,56598,56599,56580,56589.4,90,2209590
1789114200000,56570,56570,56570,56570,90,2209590
1789114230000,56570,56580,56563.6,56563.6,60,2209590
1789114260000,56585,56585,56488,56500,1080,2209590
1789114290000,56500,56529.6,56500,56529.6,330,2209590
1789114320000,56529.6,56548,56516.8,56547,690,2209050
1789114350000,56547,56578.8,56547,56578.8,120,2209050
1789114380000,56585,56585,56564.6,56564.6,420,2209050
1789114410000,56564.6,56586,56564.6,56586,390,2208630
1789114440000,56586,56599,56569,56599,660,2208270
1789114470000,56599,56608,56590.4,56608,420,2208270
1789114500000,56608,56611.4,56589.8,56590,390,2207460
1789114530000,56590,56590,56589.4,56589.4,90,2207460
1789114560000,56578,56578,56544,56577.2,330,2207460
1789114590000,56570,56579,56570,56579,420,2207670
1789114620000,56579,56600,56579,56581.6,1200,2207370
1789114650000,56578.6,56578.6,56578.6,56578.6,810,2207370
1789114680000,56578.6,56610,56578.6,56610,810,2207370
1789114710000,56605,56619,56581.2,56601,210,2207490
1789114740000,56601,56601,56583.2,56583.2,30,2207490
1789114770000,56595,56601,56595,56601,480,2207520
1789114800000,56613,56625,56613,56620,960,2206860
1789114830000,56636.2,56636.8,56604.2,56604.2,420,2206860
1789114860000,56640,56650,56631.2,56631.2,570,2206230
1789114890000,56631.2,56660,56631.2,56660,660,2206230
1789114920000,56650,56668,56630,56668,660,2205630
1789114950000,56668,56668,56631,56648.6,480,2205630
1789114980000,56648.6,56654,56640,56640,180,2205630
1789115010000,56650,56651.8,56646.8,56650,210,2205030
1789115040000,56646.8,56745,56640,56745,6420,2204640
1789115070000,56741.2,56741.2,56646.6,56646.6,1590,2204640
1789115100000,56646.6,56701.4,56640,56701.4,660,2203680
1789115130000,56701.4,56719.8,56672.8,56715,600,2203680
1789115160000,56705,56709.4,56675,56675,540,2203410
1789115190000,56675,56723.4,56675,56723.4,810,2203410
1789115220000,56736,56740,56719.8,56719.8,480,2203410
1789115250000,56719.8,56744.8,56708,56744,510,2202750
1789115280000,56744,56744,56710.2,56712,270,2202750
1789115310000,56710.2,56710.2,56675,56703,1170,2202330
1789115340000,56703,56727,56703,56715,330,2202330
1789115370000,56715,56735.2,56715,56718,210,2202030
1789115400000,56734.8,56734.8,56700.2,56704.4,1080,2202030
1789115430000,56704.4,56740,56704.4,56740,420,2201250
1789115460000,56741,56741,56704.6,56738,1260,2201250
1789115490000,56711.2,56734,56711.2,56734,210,2200170
1789115520000,56734.8,56824.6,56734.8,56824.6,5460,2197500
1789115550000,56824.6,56856,56818,56843.4,3780,2197500
1789115580000,56828.6,56862,56817.2,56858,2310,2197500
1789115610000,56869,56869,56832.8,56832.8,5130,2195190
1789115640000,56832.8,56860,56827,56827,720,2195190
1789115670000,56832.4,56865,56824,56837.2,1260,2192520
1789115700000,56837.2,56857.8,56827,56828,570,2192520
1789115730000,56835.6,56835.6,56810,56830.2,660,2192370
1789115760000,56825,56825,56772.2,56773.6,2040,2192370
1789115790000,56773.6,56815,56773.6,56800.2,600,2192610
1789115820000,56800.2,56800.2,56775,56775,450,2192610
1789115850000,56775,56783.2,56773.6,56776.2,570,2192550
1789115880000,56783.2,56783.2,56771,56771,330,2192550
1789115910000,56771,56776.2,56745,56745,2100,2192520
1789115940000,56750.4,56776,56747.2,56776,2700,2192520
1789115970000,56780,56790,56762.8,56771.4,720,2192460
1789116000000,56771.6,56794.8,56770,56794.8,330,2192460
1789116030000,56774,56794.8,56765.2,56770,150,2192010
1789116060000,56765,56780,56761,56764,540,2192010
1789116090000,56799.8,56800,56770.2,56800,1140,2192070
1789116120000,56800,56800,56800,56800,210,2192070
1789116150000,56800,56800.8,56785,56800.8,120,2191350
1789116180000,56800.8,56800.8,56774.4,56777.2,480,2191350
1789116210000,56780.6,56799.4,56779.8,56799.4,300,2191200
1789116240000,56782.4,56784,56780,56784,330,2191200
1789116270000,56798,56810,56797.2,56810,540,2191170
1789116300000,56812,56825,56800,56812,270,2191170
1789116330000,56812,56812,56795,56810,90,2191200
1789116360000,56810,56810.6,56763.2,56795.2,450,2191200
1789116390000,56795.2,56810,56779.6,56779.6,450,2191200
1789116420000,56779.6,56795,56775,56775,420,2191200
1789116450000,56785,56785,56768.6,56768.6,360,2191470
1789116480000,56779.8,56785.8,56760,56785.8,300,2191470
1789116510000,56758.4,56786.8,56753.6,56786.8,180,2191500
1789116540000,56760,56782.8,56758.4,56782.8,570,2191500
1789116570000,56782.8,56782.8,56758.4,56770,600,2191560
1789116600000,56770,56783.6,56750,56770,1080,2191560
1789116630000,56768.4,56770,56740,56770,180,2191560
1789116660000,56760,56783.6,56760,56783.6,360,2191560
1789116690000,56780,56786.8,56762.6,56762.6,390,2189340
1789116720000,56762.6,56780,56762.6,56780,1830,2189340
1789116750000,56770.4,56796.8,56763.4,56796.8,780,2188770
1789116780000,56799,56809.8,56772.4,56798.6,510,2188770
1789116810000,56765,56800,56764.6,56797.8,360,2189010
1789116840000,56797.8,56797.8,56777.4,56777.6,120,2189010
1789116870000,56795.8,56795.8,56787.6,56787.6,240,2188740
1789116900000,56795.8,56795.8,56795.8,56795.8,150,2188740
1789116930000,56800,56809,56800,56809,150,2188350
1789116960000,56809,56810,56800,56801.4,360,2188350
1789116990000,56801.4,56815,56801.4,56815,120,2188110
1789117020000,56810,56820,56802,56820,300,2188110
1789117050000,56820,56825,56805.2,56822.8,270,2187930
1789117080000,56825.8,56830,56800,56800,3390,2187930
1789117110000,56800,56840.6,56800,56808.4,1560,2189070
1789117140000,56832,56832,56827.8,56827.8,240,2189070
1789117170000,56825,56831.2,56825,56830.8,780,2189040
1789117200000,56841.4,56843.6,56838.4,56839,390,2189040
1789117230000,56837.8,56850,56816,56831,1380,2189100
1789117260000,56831,56850,56830,56833.2,810,2189100
1789117290000,56833.2,56860,56833.2,56852.2,1830,2188200
1789117320000,56851.4,56864,56851.4,56858.2,1590,2188200
1789117350000,56857,56857,56833,56844,1560,2187360
1789117380000,56826.6,56830,56810,56810,1380,2187360
1789117410000,56829,56843.6,56815,56843.6,270,2187780
1789117440000,56825,56844,56825,56830.2,960,2187780
1789117470000,56830.2,56842,56830,56840,360,2187960
1789117500000,56845,56855,56845,56855,420,2187960
1789117530000,56855,56897,56855,56881.4,4260,2187690
1789117560000,56899,56899,56897,56897,750,2187690
1789117590000,56897.2,56900,56885,56900,2250,2186550
1789117620000,56900,56908,56900,56900,1410,2186550
1789117650000,56909.2,56909.2,56885,56885,4260,2187990
1789117680000,56884,56890,56879,56886,3510,2187990
1789117710000,56881.6,56885.2,56873,56873,3900,2189010
1789117740000,56873,56874.8,56860,56863.6,2700,2189010
1789117770000,56860,56885,56860,56885,240,2190300
1789117800000,56885,56885,56860,56860,690,2190300
1789117830000,56860,56875.8,56860,56875,720,2190300
1789117860000,56850.2,56890,56850.2,56890,210,2190300
1789117890000,56890,56906.4,56880,56905,780,2190390
1789117920000,56905,56905.8,56876.2,56876.2,360,2190390
1789117950000,56876.2,56900,56875,56875,510,2189970
1789117980000,56875.4,56900,56875,56875,210,2189970
1789118010000,56875.6,56900,56875.6,56900,270,2189970
1789118040000,56890,56900,56881,56896,420,2189970
1789118070000,56881.2,56904.8,56880.2,56900.2,330,2190180
1789118100000,56895,56895,56880.2,56889.2,630,2190180
1789118130000,56889.2,56895.8,56880.6,56895.8,540,2189970
1789118160000,56895.8,56895.8,56895,56895.8,390,2189970
1789118190000,56895.8,56900,56880.2,56880.4,270,2190030
1789118220000,56881.2,56899.8,56880,56881.2,1590,2190030
1789118250000,56881.2,56900,56875.2,56875.2,120,2189970
1789118280000,56875.2,56878.8,56875.2,56878.8,60,2189970
1789118310000,56879,56915,56879,56896.6,1410,2189340
1789118340000,56915,56918,56900,56910,270,2189340
1789118370000,56900,56914.8,56879.2,56914.8,330,2189010
1789118400000,56914.8,56914.8,56900,56910,180,2189010
1789118430000,56910,56920,56905.4,56906.2,750,2188800
1789118460000,56921,56925,56910,56910,600,2188800
1789118490000,56910,56925,56910,56925,660,2188320
1789118520000,56925,56925,56910.2,56910.2,960,2188320
1789118550000,56913.2,56913.2,56900,56900.2,960,2187510
1789118580000,56910,56910,56887,56900,900,2187510
1789118610000,56900,56910,56890.4,56910,90,2187180
1789118640000,56910,56910,56890.6,56890.6,150,2187180
1789118670000,56900.2,56900.8,56899.2,56899.2,420,2187090
1789118700000,56880,56880,56880,56880,360,2187090
1789118730000,56880.2,56898,56880.2,56881.4,120,2187030
1789118760000,56890,56898,56881.6,56881.6,150,2187030
1789118790000,56876.2,56890,56876,56890,1020,2186970
1789118820000,56876,56890,56875,56875,990,2186970
1789118850000,56875,56875,56875,56875,120,2186880
1789118880000,56875,56887.4,56875,56875,270,2186880
1789118910000,56875,56875,56870,56870,840,2186790
1789118940000,56868,56870,56864,56864,900,2186790
1789118970000,56864,56864,56862,56862,450,2187660
1789119000000,56860,56860,56850,56860,900,2187660
1789119030000,56850.2,56860,56850.2,56860,540,2187930
1789119060000,56860.4,56869.8,56860.4,56860.8,420,2187930
1789119090000,56860.8,56861,56831,56831,1440,2188620
1789119120000,56839.8,56839.8,56810,56825.6,1050,2188620
1789119150000,56831,56831,56808,56817,1410,2188500
1789119180000,56830,56830,56813,56813,150,2188500
1789119210000,56813,56813.2,56813,56813.2,90,2188440
1789119240000,56813,56813,56791,56805.4,960,2188440
1789119270000,56791,56795.6,56790,56790,390,2188140
1789119300000,56790,56791,56781,56781.8,660,2188140
1789119330000,56775,56782.4,56775,56782.2,900,2188350
1789119360000,56782.2,56790,56779,56782.2,750,2188350
1789119390000,56782.2,56790,56779.8,56785.6,540,2188020
1789119420000,56782,56800,56780,56790,930,2188020
1789119450000,56792.2,56820,56792.2,56817.4,630,2187930
1789119480000,56817.4,56820,56812,56820,300,2187930
1789119510000,56820,56820,56800,56802.6,840,2187960
1789119540000,56802,56820,56800,56820,2340,2187960
1789119570000,56815,56830,56815,56830,450,2188440
1789119600000,56830,56830,56827.8,56827.8,360,2188440
1789119630000,56827.8,56830.2,56827.8,56830.2,240,2188440
1789119660000,56828.6,56832,56825,56825.2,690,2188230
1789119690000,56825.2,56835,56825,56835,150,2188230
1789119720000,56835,56847.6,56830,56835,600,2188140
1789119750000,56837.4,56844,56825,56826.4,1470,2188080
1789119780000,56835.8,56850.6,56833.6,56850.6,990,2188080
1789119810000,56850.6,56854.8,56835.2,56854.8,1680,2184600
1789119840000,56854.8,56860,56854.8,56860,2070,2184600
1789119870000,56860,56866.8,56855,56866,1050,2185200
1789119900000,56868.4,56885,56836,56881.4,1800,2185200
1789119930000,56876,56876,56837,56865,480,2184240
1789119960000,56849.4,56862,56849.4,56862,120,2184240
1789119990000,56862,56875,56857.2,56875,270,2182770
1789120020000,56888.2,56890,56848.4,56883.4,960,2182770
1789120050000,56860,56886.4,56860,56865.2,360,2182140
1789120080000,56885,56887,56860.2,56875,360,2182140
1789120110000,56875,56883.6,56875,56883.6,60,2182140
1789120140000,56875,56880,56865.4,56875.6,240,2181300
1789120170000,56865.4,56877.8,56865.2,56877.8,330,2181300
1789120200000,56880,56885.2,56861.6,56878,930,2181300
1789120230000,56878,56888,56865.2,56885.2,150,2181300
1789120260000,56885.2,56890,56867.2,56890,1050,2180970
1789120290000,56890,56895,56885,56885,300,2180340
1789120320000,56885,56895,56870.2,56870.2,270,2180340
1789120350000,56870.2,56880,56870.2,56880,180,2180100
1789120380000,56880,56895,56875,56886.8,210,2180100
1789120410000,56886.8,56886.8,56875,56875,180,2179950
1789120440000,56875,56880,56875,56880,210,2179950
1789120470000,56875,56880,56874,56874,270,2179800
1789120500000,56874,56874,56860,56860,420,2179800
1789120530000,56860,56863.8,56860,56862,240,2179530
1789120560000,56862,56862,56851,56851,240,2179530
1789120590000,56851,56851,56840,56841,1170,2178750
1789120620000,56841,56863.8,56841,56863.8,180,2178750
1789120650000,56865,56875,56857,56875,270,2178750
1789120680000,56849.6,56876.8,56841.2,56841.4,870,2178840
1789120710000,56843.6,56871,56843.6,56871,420,2178840
1789120740000,56871,56880,56851,56880,240,2179200
1789120770000,56880,56888,56880,56880,450,2178870
1789120800000,56852,56877.8,56841.4,56845,1110,2178870
1789120830000,56845,56846.2,56844,56845.2,690,2178870
1789120860000,56860,56876.4,56847,56876.4,270,2177700
1789120890000,56863.6,56886,56863.6,56885,270,2177340
1789120920000,56885,56885,56870,56870,330,2177340
1789120950000,56870,56887,56870,56886,450,2177370
1789120980000,56888,56890,56880.2,56880.2,960,2177370
1789121010000,56880.2,56895,56878,56895,420,2176710
1789121040000,56880.2,56900,56880.2,56882,390,2176710
1789121070000,56882,56900,56882,56900,180,2176350
1789121100000,56900,56904.4,56882.4,56882.4,510,2176350
1789121130000,56900,56908.8,56885,56900,300,2176350
1789121160000,56900,56909,56886,56900,420,2176080
1789121190000,56900,56910,56895.4,56900,210,2176080
1789121220000,56900,56910,56900,56900.2,240,2175720
1789121250000,56900.2,56910,56900.2,56905,330,2175450
1789121280000,56905.6,56910,56905.6,56910,510,2175450
1789121310000,56912.8,56915,56901,56913.2,690,2175450
1789121340000,56913.2,56920,56905,56915,960,2174580
1789121370000,56920,56921,56905,56921,1440,2173680
1789443900000,56890.4,57089.8,56890.4,56926.8,7530,2161080
1789443930000,56968.8,56970.4,56855,56859.2,5610,2161080
1789443960000,56872,56910,56872,56900,3750,2161050
1789443990000,56900,56933.8,56888.8,56911.6,1650,2161050
1789444020000,56909.8,56910.8,56885.2,56903.6,1380,2161320
1789444050000,56902,56911,56878.2,56878.2,1830,2161320
1789444080000,56887,56887,56816.8,56860,3270,2162400
1789444110000,56860,56893.6,56860,56871.8,1470,2162400
1789444140000,56887.6,56892.8,56865,56881.6,1920,2163780
1789444170000,56887,56887,56830,56849.8,990,2163780
1789444200000,56830.2,56843.4,56789.2,56816,3180,2165400
1789444230000,56802.2,56840,56801,56805.6,1530,2165400
1789444260000,56805.6,56821.2,56805.6,56821.2,720,2167350
1789444290000,56821.2,56859.4,56821.2,56841,1440,2167350
1789444320000,56839.8,56841,56828.2,56834.8,1110,2168190
1789444350000,56825,56834.4,56802,56805,900,2168190
1789444380000,56801,56816.8,56790.4,56810,1440,2169420
1789444410000,56800,56807.8,56788,56799.2,420,2169420
1789444440000,56790,56800,56777,56799.4,1500,2170350
1789444470000,56788.8,56799.6,56749,56750,2400,2170350
1789444500000,56730,56741.4,56713,56715.2,1740,2173110
1789444530000,56730,56765.4,56720.4,56727.8,1290,2173110
1789444560000,56736.4,56761.4,56728,56761.2,900,2174460
1789444590000,56761.2,56761.2,56739.6,56756.4,720,2174460
1789444620000,56756.4,56756.4,56740.4,56745,210,2175900
1789444650000,56740,56754,56695,56700,2130,2175900
1789444680000,56696,56710,56696,56700,240,2172870
1789444710000,56700,56708.2,56690,56690,900,2172870
1789444740000,56689,56708.2,56682.8,56685.6,2130,2173020
1789444770000,56685,56706,56681,56706,2040,2173020
1789444800000,56700,56726.2,56665,56699,2040,2173080
1789444830000,56681.4,56715.4,56679.2,56703.2,1380,2173080
1789444860000,56704.8,56750.8,56704.8,56712,1890,2170380
1789444890000,56712,56719.4,56680,56704.4,1320,2170380
1789444920000,56680,56698.6,56674.6,56680.2,450,2169690
1789444950000,56680.2,56705,56679.6,56692.8,2280,2169690
1789444980000,56695,56704,56672.2,56700,1620,2170020
1789445010000,56670,56700,56670,56699.8,1080,2170020
1789445040000,56700,56715.4,56671,56671,510,2170770
1789445070000,56698.4,56700,56669.4,56676,1890,2170770
1789445100000,56670.4,56700,56665,56700,2100,2170380
1789445130000,56700,56700,56650,56650,1470,2170380
1789445160000,56650,56660,56637.4,56637.4,1860,2170800
1789445190000,56636.4,56638.2,56625,56625,2220,2170800
1789445220000,56628,56651,56628,56651,1320,2170920
1789445250000,56655.2,56669.6,56651,56651,450,2170920
1789445280000,56651,56675,56651,56673.8,330,2170770
1789445310000,56651,56665.2,56631.6,56636,1830,2170770
1789445340000,56637.8,56670,56635,56637.4,960,2171100
1789445370000,56633,56685,56631.4,56675,870,2171100
1789445400000,56685,56695.8,56683.6,56685,390,2171130
1789445430000,56688.4,56715,56685.6,56715,1020,2171130
1789445460000,56715,56717,56682,56682,810,2171190
1789445490000,56668.2,56704.2,56668.2,56698.2,270,2171190
1789445520000,56698.2,56698.2,56686.8,56689.6,300,2171670
1789445550000,56697.8,56697.8,56696.6,56696.6,120,2171670
1789445580000,56700,56715.4,56696.6,56714,210,2171940
1789445610000,56722.6,56722.6,56697.4,56697.4,810,2171940
1789445640000,56695,56700,56695,56700,420,2172090
1789445670000,56719,56722,56680,56681,720,2172090
1789445700000,56681,56681,56630.2,56630.2,810,2172750
1789445730000,56630.2,56643.2,56630.2,56637,1290,2172750
1789445760000,56638.2,56643.8,56635,56635,900,2173050
1789445790000,56631.6,56655.4,56611.4,56625.2,1500,2173050
1789445820000,56625.2,56654.6,56617,56654.6,750,2172810
1789445850000,56655,56657.4,56622.8,56649.8,360,2172810
1789445880000,56650,56650,56610,56610,270,2173110
1789445910000,56610,56630,56610,56620,420,2173110
1789445940000,56620,56620,56614,56615,210,2173440
1789445970000,56615,56615,56570,56574.4,4770,2173440
1789446000000,56570,56580,56560,56580,2370,2175000
1789446030000,56580,56594.6,56573.8,56580,1230,2175000
1789446060000,56588,56588,56555.2,56555.2,68490,2176560
1789446090000,56553,56573.6,56550,56550,1020,2176560
1789446120000,56560.6,56560.6,56531,56531,1050,2241330
1789446150000,56531,56553.8,56510,56510,4710,2241330
1789446180000,56529.2,56570.8,56520.2,56560.2,4710,2236350
1789446210000,56560.2,56577.2,56555,56566.4,300,2236350
1789446240000,56555.2,56571.8,56531.2,56555,2700,2236440
1789446270000,56570,56570,56520.2,56547.2,1890,2236440
1789446300000,56520,56549.8,56511.2,56511.2,330,2235900
1789446330000,56536,56540,56511.2,56540,4860,2235900
1789446360000,56540,56543,56518,56540,4860,2232990
1789446390000,56512.6,56550,56512.6,56542,930,2232990
1789446420000,56530,56540,56515,56528,420,2232810
1789446450000,56528,56538.2,56513,56528,450,2232810
1789446480000,56514,56528,56505,56510.6,990,2101110
1789446510000,56510.6,56527,56510.6,56511,270,2101110
1789446540000,56552.6,56561.4,56530,56530,1110,2100510
1789446570000,56530,56560,56530,56530.6,210,2100510
1789446600000,56530.2,56557.8,56530,56541,1440,2100750
1789446630000,56541,56550,56541,56550,1560,2100750
1789446660000,56545,56555.6,56545,56555.6,210,2100750
1789446690000,56545,56545,56541,56541,1680,2100210
1789446720000,56541,56543,56541,56541,780,2100480
1789446750000,56541,56547.2,56541,56541,300,2100480
1789446780000,56546.8,56560,56541,56556.2,1200,2100480
1789446810000,56556.2,56556.2,56541,56541,210,2100870
1789446840000,56541,56545,56541,56545,1020,2100870
1789446870000,56545,56545,56541,56545,270,2100870
1789446900000,56545,56548.4,56541,56548.2,480,2101440
1789446930000,56548,56548,56541,56541,480,2101440
1789446960000,56541,56547.2,56541,56541,480,2101770
1789446990000,56541,56542,56541,56541,1710,2101770
1789447020000,56541,56544.2,56530,56535.6,7170,2098470
1789447050000,56530,56542.8,56512.6,56542.8,4500,2098470
1789447080000,56542.8,56542.8,56512.6,56536.6,90,2098470
1789447110000,56536.6,56536.6,56500,56500,1950,2095020
1789447140000,56500,56521.2,56489.8,56500,1140,2094780
1789447170000,56500,56514.8,56500,56500,420,2094780
1789447200000,56500,56503,56488,56503,630,2095410
1789447230000,56503,56504.4,56503,56504.4,2250,2095410
1789447260000,56504.4,56542.8,56503,56540,300,2095410
1789447290000,56540,56550,56516.2,56542,420,2095500
1789447320000,56529.2,56560,56529.2,56548.2,420,2095500
1789447350000,56521,56533.6,56521,56533.6,150,2095470
1789447380000,56534.2,56580,56534.2,56560,390,2095740
1789447410000,56560,56576.2,56551,56574.2,450,2095740
1789447440000,56574.2,56574.2,56539,56539,660,2096280
1789447470000,56539,56555.6,56528.2,56535,120,2096280
1789447500000,56530,56540,56528,56529.8,600,2096280
1789447530000,56525,56525,56510,56510,480,2096370
1789447560000,56510.6,56529.6,56510,56529.6,390,2097000
1789447590000,56529.6,56529.6,56510,56510,390,2097000
1789447620000,56505,56505,56502,56503,2220,2097000
1789447650000,56503.4,56506.4,56503,56506.4,570,2097420
1789447680000,56506.4,56510,56503,56503,420,2097420
1789447710000,56507.6,56507.6,56507.6,56507.6,180,2096970
1789447740000,56507.6,56507.6,56503,56503,510,2096970
1789447770000,56503,56503,56500,56500,420,2096880
1789447800000,56518.2,56518.2,56503,56517.4,210,2096880
1789447830000,56517.4,56517.4,56503,56503,2490,2097060
1789447860000,56503,56506.2,56476,56484.2,12870,2094720
1789447890000,56484.2,56484.2,56475,56475.2,210,2094720
1789447920000,56475.2,56486,56475.2,56486,210,2094720
1789447950000,56486,56505,56486,56505,120,2094840
1789447980000,56504.8,56504.8,56480.6,56504.8,180,2094840
1789448010000,56504.6,56504.6,56501,56501,240,2094900
1789448040000,56501,56503.2,56499,56499,90,2094900
1789448070000,56499,56500,56485,56494.6,270,2094780
1789448100000,56490,56490,56480,56481,240,2094780
1789448130000,56481,56483.8,56481,56481,150,2095080
1789448160000,56475,56494.2,56460,56488.8,1410,2095080
1789448190000,56460,56500,56460,56499.6,810,2095920
1789448220000,56486.6,56500,56486.2,56488.4,540,2095920
1789448250000,56499.8,56505,56485,56505,780,2096670
1789448280000,56496.8,56505,56482,56482,300,2096670
1789448310000,56482,56505,56480,56492.6,540,2097300
1789448340000,56480,56492.8,56465,56490,480,2097300
1789448370000,56490,56490,56490,56490,0,2097300
1789448400000,56460.2,56474.8,56447,56450,2610,2097330
1789448430000,56450,56474.6,56450,56474.6,2160,2097180
1789448460000,56474.6,56474.6,56474.6,56474.6,0,2097180
1789448490000,56474.6,56490.4,56474.6,56474.6,180,2097720
1789448520000,56490.4,56490.4,56474.6,56475,210,2097720
1789448550000,56474.6,56474.8,56458,56458,510,2096760
1789448580000,56460,56486.8,56458,56486.4,360,2096760
1789448610000,56486.4,56486.4,56450,56450,1410,2097330
1789448640000,56450,56450,56442,56448.6,300,2097330
1789448670000,56451,56479.8,56450,56479.8,180,2096640
1789448700000,56451,56451,56450.2,56450.4,150,2096640
1789448730000,56460,56487.4,56452,56470,180,2096940
1789448760000,56460,56484.4,56450,56454.8,420,2096940
1789448790000,56450,56464,56450,56464,150,2096970
1789448820000,56457.6,56485,56451.4,56456.6,240,2096970
1789448850000,56456.6,56485.8,56456.6,56456.6,150,2097180
1789448880000,56456.6,56487.8,56456,56459,390,2097180
1789448910000,56457.8,56489.8,56456.6,56456.6,180,2097600
1789448940000,56456.6,56456.6,56454,56456.6,120,2097600
1789448970000,56456.6,56472.6,56456.6,56472.6,390,2097780
1789449000000,56472.6,56472.6,56470.6,56471,630,2097780
1789449030000,56464,56482.8,56452.8,56482.8,1080,2098770
1789449060000,56482.8,56482.8,56453.4,56453.4,240,2098770
1789449090000,56453.4,56483,56450,56450,660,2099640
1789449120000,56450,56479.2,56448.6,56448.6,270,2099640
1789449150000,56452,56482.8,56450,56481.6,180,2100300
1789449180000,56482.8,56482.8,56482.8,56482.8,1110,2100300
1789449210000,56460,56460,56433,56433,540,2100360
1789449240000,56436,56436,56429,56429,1500,2100360
1789449270000,56427.6,56428,56415.6,56415.6,570,2099850
1789449300000,56412,56412,56403,56407,870,2099850
1789449330000,56407,56420,56407,56410.2,300,2099370
1789449360000,56410.2,56411.2,56410,56411.2,330,2099370
1789449390000,56410,56410,56361.4,56370,4500,2099610
1789449420000,56361,56399.8,56361,56399.8,720,2099610
1789449450000,56399.8,56400,56378.8,56400,600,2102220
1789449480000,56400,56400,56375,56388.8,570,2102220
1789449510000,56388.8,56410,56385,56399.6,900,2102280
1789449540000,56399.4,56416.8,56395,56395,900,2102280
1789449570000,56395,56395.8,56380,56389.8,570,2102790
1789449600000,56380,56388.6,56361.4,56388.6,450,2102790
1789449630000,56388,56388.4,56370.2,56370.2,300,2103030
1789449660000,56370.2,56389.8,56361,56389.2,840,2103030
1789449690000,56389.2,56389.2,56370,56377.8,630,2103750
1789449720000,56377.4,56377.4,56370,56370.8,480,2103750
1789449750000,56369,56374.8,56365,56370.8,360,2103810
1789449780000,56373.8,56390,56370.8,56390,570,2103810
1789449810000,56397,56399.8,56369.8,56370,1230,2104200
1789449840000,56404.8,56404.8,56366.4,56400,900,2104200
1789449870000,56400,56400,56379.8,56380,180,2104890
1789449900000,56379.8,56400,56377,56400,420,2104890
1789449930000,56362.4,56392.6,56360,56360,330,2105250
1789449960000,56361,56361,56360.8,56360.8,150,2105250
1789449990000,56360.8,56380,56360,56360,720,2105550
1789450020000,56360,56360,56351,56356.4,510,2105550
1789450050000,56356.4,56389.2,56350,56350,1260,2105940
1789450080000,56350,56375,56350,56359.8,150,2105940
1789450110000,56359.8,56374.8,56351,56352,240,2106810
1789450140000,56351.6,56351.6,56350,56350.8,750,2106810
1789450170000,56350.6,56379.8,56350.6,56376.4,210,2107380
1789450200000,56355,56362,56355,56361,90,2107380
1789450230000,56374.2,56374.2,56351,56351,240,2107290
1789450260000,56351,56359.8,56341,56346.6,690,2107290
1789450290000,56346.6,56380,56345.8,56380,1110,2107800
1789450320000,56380,56380,56370,56378,450,2107800
1789450350000,56378,56408.8,56377.6,56408.8,5280,2107320
1789450380000,56408.8,56408.8,56386.6,56398.8,450,2107320
1789450410000,56398.8,56398.8,56397.8,56397.8,240,2107320
1789450440000,56397.8,56397.8,56385,56385,120,2107320
1789450470000,56385,56398,56385,56398,240,2107350
1789450500000,56396.8,56397.8,56396.8,56397.8,420,2107350
1789450530000,56397.8,56397.8,56385,56385,450,2108160
1789450560000,56380,56394,56377.6,56377.6,750,2108160
1789450590000,56374,56374,56371,56371,90,2108940
1789450620000,56371,56378.6,56350,56350,1710,2108940
1789450650000,56350,56356,56350,56350,810,2108910
1789450680000,56350,56365,56327.8,56365,1380,2108910
1789450710000,56346,56346,56334.2,56334.2,660,2108910
1789450740000,56334.2,56364.6,56334.2,56364.6,330,2107410
1789450770000,56336.6,56340,56336.6,56340,1110,2107410
1789450800000,56340,56340,56286.6,56310,12810,2106480
1789450830000,56310,56349.4,56310,56320,2130,2112060
1789450860000,56362.6,56374,56330.8,56370,1890,2112060
1789450890000,56351.6,56378,56351.6,56361.4,3120,2111190
1789450920000,56361.4,56361.4,56351.4,56351.4,1530,2111190
1789450950000,56351.4,56378,56344.8,56378,2940,2110410
1789450980000,56378,56378,56349,56349,180,2110410
1789451010000,56346.2,56351,56345,56346.2,1290,2110980
1789451040000,56346.2,56379,56346.2,56379,3030,2110980
1789451070000,56354.4,56379.8,56346,56376,150,2114700
1789451100000,56376,56376,56375,56375,90,2114700
1789451130000,56375,56380,56375,56380,60,2114700
1789451160000,56380,56380,56380,56380,60,2114790
1789451190000,56390,56394.2,56389,56394.2,240,2114730
1789451220000,56380,56380,56380,56380,270,2114730
1789451250000,56380,56380,56380,56380,30,2114730
1789451280000,56380,56380,56380,56380,60,2114790
1789451310000,56372,56380,56370,56380,210,2114910
1789451340000,56370,56380,56370,56380,90,2114910
1789451370000,56365,56370,56350,56350,990,2115150
1789451400000,56350,56350,56335.2,56341.6,150,2115150
1789451430000,56340.2,56346.4,56337.6,56346.4,1140,2116110
1789451460000,56346.4,56350,56338,56338,990,2116110
1789451490000,56339.8,56345,56334.8,56345,1050,2118150
1789451520000,56345,56380,56345,56351.4,300,2118150
1789451550000,56351.4,56385.6,56351.4,56360,210,2119170
1789451580000,56360,56382.6,56359.2,56370,3270,2119170
1789451610000,56390,56391.6,56365.8,56365.8,120,2119170
1789451640000,56370,56398,56369.8,56398,1890,2122440
1789451670000,56398,56398,56389.8,56389.8,600,2122440
1789451700000,56389.8,56393.6,56376.6,56389.6,180,2124600
1789451730000,56389.6,56389.6,56360,56360,90,2125080
1789451760000,56360,56360,56350,56350,150,2125080
1789451790000,56350,56350.2,56350,56350,60,2125110
1789451820000,56350,56367.2,56350,56350,210,2125110
1789451850000,56350,56350,56348,56348,330,2125200
1789451880000,56348,56360.4,56348,56350,120,2125200
1789451910000,56350,56350,56333,56333,180,2125230
1789451940000,56332,56343.4,56325,56331,240,2125230
1789451970000,56331,56331,56322,56322,210,2124270
1789452000000,56320,56329.8,56315.2,56316,990,2124270
1789452030000,56316,56329.8,56316,56320,150,2125110
1789452060000,56316,56320.2,56316,56318,300,2125110
1789452090000,56322.2,56332.8,56322.2,56330,210,2125230
1789452120000,56377,56389.6,56354.8,56389.2,510,2125230
1789452150000,56389.2,56395,56357.2,56364.4,270,2125590
1789452180000,56368,56396,56363.2,56370,270,2125590
1789452210000,56370,56395,56370,56395,120,2125740
1789452240000,56370,56394.8,56363.4,56365,240,2125740
1789452270000,56361.4,56390,56355.4,56387.8,210,2125830
1789452300000,56387.8,56388,56357.8,56357.8,60,2125830
1789452330000,56358.2,56388,56358.2,56365,150,2125920
1789452360000,56385,56385,56360.4,56364.6,990,2125920
1789452390000,56364.6,56388,56364.6,56376.4,210,2126010
1789452420000,56376.4,56398,56376.4,56377.4,300,2126010
1789452450000,56377.4,56414.2,56376.4,56414.2,1530,2126070
1789452480000,56400,56412.2,56400,56412.2,270,2126070
1789452510000,56414,56421,56414,56414,150,2126070
1789452540000,56414,56420,56400,56420,90,2126730
1789452570000,56420,56420,56414,56414,90,2126790
1789452600000,56414,56414,56390,56390,120,2126790
1789452630000,56390,56398.2,56365.2,56365.2,240,2127030
1789452660000,56365.2,56399.8,56365.2,56399.8,90,2127030
1789452690000,56398,56398,56398,56398,90,2127030
1789452720000,56398,56398,56392.8,56392.8,30,2127180
1789452750000,56375,56392.8,56364.2,56390.2,540,2127480
1789452780000,56360.4,56380,56350,56355,420,2127480
1789452810000,56359.6,56380,56353.4,56359.2,450,2128080
1789452840000,56359.2,56397.2,56359.2,56397.2,330,2128080
1789452870000,56397.2,56397.4,56366.4,56372,270,2127060
1789452900000,56397.2,56397.2,56393.8,56393.8,150,2127060
1789452930000,56369,56397.4,56362.2,56397.2,180,2127060
1789452960000,56397.2,56397.2,56365.2,56396,120,2127300
1789452990000,56396,56396,56360.6,56362.6,240,2127300
1789453020000,56362.6,56396.8,56360,56368.6,360,2125110
1789453050000,56396.4,56396.4,56365,56396,150,2125170
1789453080000,56366.8,56397,56366.8,56396.8,570,2125170
1789453110000,56370,56397,56370,56370,150,2125170
1789453140000,56370,56397,56370,56397,180,2125590
1789453170000,56397,56397,56360.8,56360.8,210,2125800
1789453200000,56360.4,56393.6,56360,56370.6,330,2125800
1789453230000,56360,56394,56358.4,56361,360,2125800
1789453260000,56361,56368.8,56361,56368.8,60,2125980
1789453290000,56371.2,56371.2,56365,56365,90,2125980
1789453320000,56361.4,56395,56360.8,56360.8,120,2126010
1789453350000,56360.8,56389.8,56350,56350,480,2126310
1789453380000,56347.4,56368,56346,56368,150,2126310
1789453410000,56368,56368,56345,56345,150,2126310
1789453440000,56341.6,56365,56340,56365,210,2126850
1789453470000,56365,56365,56342.2,56345.2,120,2126850
1789453500000,56365,56365,56350.4,56351.6,270,2127000
1789453530000,56352.4,56368,56351.8,56368,300,2127000
1789453560000,56368,56368,56354,56358,120,2127390
1789453590000,56367.8,56367.8,56367.8,56367.8,60,2127390
1789453620000,56358,56385,56355.6,56385,450,2127510
1789453650000,56385,56394,56385,56394,60,2127870
1789453680000,56394,56394,56365.8,56377.2,60,2127870
1789453710000,56394,56410,56373.8,56373.8,1110,2128380
1789453740000,56368.4,56399.8,56366,56367,1170,2128380
1789453770000,56367.2,56399.8,56359.4,56367.8,360,2128380
1789453800000,56367.8,56400,56367.8,56399.6,90,2130330
1789453830000,56399.6,56400,56370,56370,150,2130390
1789453860000,56370,56400,56368.2,56390,150,2130390
1789453890000,56398.2,56401,56362.4,56362.4,210,2130390
1789453920000,56362.4,56398,56362.4,56365.6,270,2130480
1789453950000,56367,56402,56367,56402,180,2130750
1789453980000,56402,56402,56401.8,56401.8,120,2130750
1789454010000,56401.8,56402,56401.8,56402,690,2130750
1789454040000,56402,56405.4,56369.4,56405.4,240,2131290
1789454070000,56405.4,56405.4,56371.2,56403.2,120,2131350
1789454100000,56371.2,56410,56371.2,56405,240,2131350
1789454130000,56383.6,56405,56383.2,56405,360,2131350
1789454160000,56405,56405,56383.2,56383.2,90,2131590
1789454190000,56380,56404.8,56371,56371,210,2131590
1789454220000,56402,56402,56393.2,56393.2,150,2131710
1789454250000,56393.2,56393.2,56393.2,56393.2,0,2131710
1789454280000,56402,56402,56397,56397,150,2129580
1789454310000,56397,56419,56386.2,56419,270,2129580
1789454340000,56419,56419,56401.2,56418,240,2129730
1789454370000,56418,56418,56385,56385,120,2129730
1789454400000,56399,56415,56381.6,56410,360,2130030
1789454430000,56410,56417.8,56410,56417.8,120,2130030
1789454460000,56417.8,56417.8,56417.8,56417.8,630,2130210
1789454490000,56388.4,56421,56388,56388,390,2130210
1789454520000,56385,56398.8,56381.4,56390,360,2131020
1789454550000,56382.2,56387,56371,56387,270,2131020
1789454580000,56371,56402.4,56359.2,56359.2,570,2131050
1789454610000,56359,56390.6,56359,56359.6,330,2131050
1789454640000,56362.8,56388,56361.4,56388,360,2131590
1789454670000,56361.4,56388,56361.4,56380,510,2131590
1789454700000,56387.6,56387.6,56350.4,56350.4,330,2132010
1789454730000,56362.2,56388,56352.2,56354.8,330,2132010
1789454760000,56361.6,56368.8,56360,56366.6,210,2132310
1789454790000,56364.6,56395,56362,56365.8,300,2132310
1789454820000,56355.4,56392.8,56353.4,56392.8,570,2132700
1789454850000,56392.8,56392.8,56362.2,56363.6,360,2132700
1789454880000,56353.2,56385.8,56350,56350,480,2133030
1789454910000,56350,56382,56350,56351.2,1230,2133030
1789454940000,56351.2,56366,56351.2,56353,150,2133210
1789454970000,56352,56385.2,56350,56350,210,2133210
1789455000000,56350,56372.8,56350,56350.2,240,2133480
1789455030000,56350.2,56385,56350.2,56353.2,270,2133480
1789455060000,56353.4,56384.8,56353.4,56357.4,90,2133840
1789455090000,56384.8,56394.2,56364.4,56364.4,180,2133840
1789455120000,56365.4,56388.4,56353.4,56387.6,240,2134080
1789455150000,56357,56357,56351.6,56356.6,150,2134080
1789455180000,56350,56357,56345.6,56345.6,300,2133900
1789455210000,56345.6,56394.8,56345.6,56359.8,270,2133900
1789455240000,56359.8,56394.8,56359.8,56361,120,2134200
1789455270000,56360,56390.8,56355.2,56355.2,240,2134200
1789455300000,56355.2,56390,56355.2,56357,210,2134470
1789455330000,56357,56387.8,56352,56387.8,180,2134470
1789455360000,56354.2,56387.4,56350.8,56350.8,360,2134830
1789455390000,56351,56383.2,56347,56348.4,570,2134830
1789455420000,56348,56386.8,56347.4,56386.8,660,2135580
1789455450000,56386.8,56386.8,56355.2,56357,120,2135580
1789455480000,56357,56386,56357,56386,90,2135250
1789455510000,56386,56386,56385.8,56386,150,2135250
1789455540000,56386,56386,56375,56375,30,2135370
1789455570000,56376.6,56395,56376.6,56385,510,2135370
1789455600000,56376.6,56396.2,56356,56356,390,2135550
1789455630000,56359.2,56397.4,56359.2,56397.4,180,2135550
1789455660000,56399.8,56411.4,56355,56380.8,420,2136000
1789455690000,56351,56381,56347.8,56355.6,720,2136000
1789455720000,56352,56405.8,56352,56405.8,180,2136780
1789455750000,56405.8,56405.8,56405.8,56405.8,0,2136780
1789455780000,56405.8,56405.8,56404,56405.8,150,2136300
1789455810000,56405.8,56405.8,56405.8,56405.8,120,2136300
1789455840000,56405.8,56405.8,56405.8,56405.8,0,2136300
1789455870000,56405.8,56405.8,56384.6,56384.6,120,2136420
1789455900000,56384.6,56418.4,56380,56418.4,210,2136450
1789455930000,56418.4,56454.6,56406.4,56449.2,1740,2136450
1789455960000,56449.6,56450.6,56420.2,56449.2,330,2136840
1789455990000,56449.2,56450,56411,56411,300,2136840
1789456020000,56411,56436.6,56411,56436.6,90,2136930
1789456050000,56436.6,56436.6,56410,56410,150,2136930
1789456080000,56387.4,56421.4,56380,56417.4,780,2136780
1789456110000,56386,56421.4,56382.4,56382.8,630,2136780
1789456140000,56382.2,56418.2,56380,56380,600,2137680
1789456170000,56380.6,56419,56380,56380,750,2137680
1789456200000,56381,56415.6,56380.2,56385.4,750,2138580
1789456230000,56393.4,56413.2,56393.2,56413,660,2138580
1789456260000,56405.8,56423,56403,56411.2,330,2139570
1789456290000,56413,56422,56402,56403.2,300,2139570
1789456320000,56403.2,56421.8,56403.2,56413,180,2140050
1789456350000,56412.4,56444.4,56403.8,56406.4,690,2140050
1789456380000,56405.8,56439.8,56404.6,56405.6,420,2139780
1789456410000,56405.6,56438.8,56403,56438.8,210,2139780
1789456440000,56405.8,56405.8,56402,56402.2,180,2140140
1789456470000,56400.8,56435,56400,56400,300,2140140
1789456500000,56392.8,56401,56380,56380,420,2140470
1789456530000,56393.8,56399.2,56387,56390.4,690,2140470
1789456560000,56394.8,56415,56394.8,56398.8,300,2141160
1789456590000,56395.6,56398.6,56395.6,56398,210,2141160
1789456620000,56400,56400,56391.6,56391.6,180,2141460
1789456650000,56390.2,56398,56390.2,56395.6,270,2141460
1789456680000,56395.6,56418,56395.6,56400.6,300,2140860
1789456710000,56400.6,56420,56400.6,56420,240,2140860
1789456740000,56400.6,56406.6,56399.4,56400.8,960,2141760
1789456770000,56406.2,56420,56402.8,56406.8,540,2141760
1789456800000,56420,56449.8,56420,56449.8,690,2142690
1789456830000,56449.8,56463.8,56440,56440,660,2142690
1789456860000,56440,56462.8,56430.8,56430.8,240,2143140
1789456890000,56459,56459,56425.8,56458.8,330,2143140
1789456920000,56422.4,56450,56422.4,56430,330,2143560
1789456950000,56430,56458.8,56410.2,56410.2,540,2143560
1789456980000,56410.2,56433.6,56410,56433.6,270,2143470
1789457010000,56433.6,56433.6,56433,56433,30,2143470
1789457040000,56415,56444.2,56414.2,56415,420,2143530
1789457070000,56415,56447.8,56415,56447.8,90,2143530
1789457100000,56447.8,56449.8,56420,56420,210,2143590
1789457130000,56443.4,56445.8,56420,56420,180,2143590
1789457160000,56420,56437.6,56410,56410,120,2143650
1789457190000,56410,56438.2,56410,56438.2,90,2143650
1789457220000,56438.2,56438.2,56410,56410,90,2143650
1789457250000,56410,56440.2,56406.2,56410.6,300,2143740
1789457280000,56410.6,56431.4,56396.4,56396.4,180,2143380
1789457310000,56396.4,56396.4,56356,56356,330,2143380
1789457340000,56365,56396.8,56359.4,56362.4,690,2143650
1789457370000,56362.4,56389,56362.4,56389,180,2143650
1789457400000,56389,56389,56377.6,56389,480,2143830
1789457430000,56382,56382,56382,56382,120,2143830
1789457460000,56395.8,56396,56374.6,56374.6,330,2144160
1789457490000,56374.6,56400,56374.6,56400,90,2144160
1789457520000,56400,56400,56400,56400,0,2144160
1789457550000,56400,56400,56400,56400,90,2144340
1789457580000,56400,56400,56369.6,56379.4,780,2144040
1789457610000,56379.4,56379.4,56379.4,56379.4,90,2144040
1789457640000,56394,56394,56378.8,56378.8,120,2144400
1789457670000,56378.8,56410,56378.8,56391.2,270,2144400
1789457700000,56391.2,56396.2,56391.2,56396.2,30,2144550
1789457730000,56420,56420,56391.6,56417,240,2144550
1789457760000,56417,56417,56416.8,56416.8,90,2144550
1789457790000,56416.8,56417,56395.4,56395.4,90,2144760
1789457820000,56395.4,56421.8,56395.4,56421.8,270,2144820
1789457850000,56421.8,56421.8,56420,56420,90,2144820
1789457880000,56420,56420,56417.6,56417.6,120,2144010
1789457910000,56417.6,56417.6,56416,56416,90,2144010
1789457940000,56416,56424,56415.8,56424,150,2144010
1789457970000,56424,56428,56411,56423.2,180,2144190
1789458000000,56411.2,56411.2,56400.4,56400.4,90,2144280
1789458030000,56423.2,56423.2,56401.4,56401.4,90,2144280
1789458060000,56402,56402,56360,56360,480,2144280
1789458090000,56362.6,56394,56360,56394,510,2144580
1789458120000,56367,56393,56361,56361,300,2145000
1789458150000,56388.2,56393.8,56360.8,56392,360,2145000
1789458180000,56392,56394,56386,56394,120,2144820
1789458210000,56394,56394,56394,56394,0,2144820
1789458240000,56394,56418.8,56394,56418.8,90,2144820
1789458270000,56418.8,56418.8,56400,56418.8,150,2145000
1789458300000,56418.8,56418.8,56400,56400,30,2145120
1789458330000,56396.2,56413.4,56381,56381,180,2145120
1789458360000,56381.4,56413.4,56381,56409.8,450,2145120
1789458390000,56409.8,56409.8,56375.6,56394.8,60,2145630
1789458420000,56390,56390,56370.6,56377.8,330,2145900
1789458450000,56395,56407.8,56392.2,56407.8,300,2145900
1789458480000,56392.4,56408,56390.2,56390.2,630,2145900
1789458510000,56390.2,56408,56390.2,56408,30,2145900
1789458540000,56408,56408,56401,56408,240,2145930
1789458570000,56408,56424,56408,56424,180,2145930
1789458600000,56424,56425,56406.6,56406.6,120,2146080
1789458630000,56406.6,56430,56406.6,56430,150,2146080
1789458660000,56430,56430,56399,56399,330,2146080
1789458690000,56399,56427.2,56399,56399,60,2145060
1789458720000,56424.4,56424.4,56385,56385,600,2145390
1789458750000,56385,56412,56379.2,56380,810,2145390
1789458780000,56380.2,56404.6,56375.2,56375.2,510,2145660
1789458810000,56380,56380,56364.6,56369.2,360,2145660
1789458840000,56369.2,56406.6,56369.2,56406.2,660,2145660
1789458870000,56406.2,56406.2,56362.8,56363.2,840,2146260
1789458900000,56363.2,56367.4,56363.2,56366.8,270,2146260
1789458930000,56366,56389.4,56366,56389.4,120,2147220
1789458960000,56364.6,56388,56364.6,56388,240,2147220
1789458990000,56388,56388,56376.4,56386.2,1200,2147640
1789459020000,56417.8,56417.8,56395.8,56395.8,510,2148510
1789459050000,56415,56417.8,56387,56387.4,870,2148510
1789459080000,56417.8,56417.8,56387.4,56417,600,2148840
1789459110000,56417,56417,56385,56385,120,2148840
1789459140000,56400,56400,56385.2,56400,330,2149350
1789459170000,56385,56410.2,56372.6,56372.6,360,2149350
1789459200000,56372.6,56390,56363.6,56363.6,420,2149590
1789459230000,56363.6,56390.4,56350.2,56363.6,360,2149590
1789459260000,56350.2,56355,56324.2,56339.8,1050,2149590
1789459290000,56331.4,56331.4,56301,56306.8,1200,2150760
1789459320000,56309.2,56340,56309.2,56326.4,930,2150760
1789459350000,56326.4,56348.8,56319.6,56319.6,660,2151300
1789459380000,56319.6,56348,56319.6,56348,120,2151180
1789459410000,56349,56349,56323.6,56348,180,2151180
1789459440000,56327.8,56367.8,56327.8,56336,390,2151180
1789459470000,56338.8,56378.4,56338.8,56342.6,540,2151570
1789459500000,56341.8,56342.8,56339.2,56339.2,360,2152020
1789459530000,56336,56371.8,56336,56352.4,540,2152020
1789459560000,56355.8,56394.4,56355.8,56359.8,300,2152020
1789459590000,56359.8,56382.4,56346.6,56346.6,150,2152500
1789459620000,56346.6,56378.2,56346.6,56347,210,2152680
1789459650000,56347,56365,56335.6,56336.2,240,2152680
1789459680000,56336.2,56336.2,56336.2,56336.2,0,2152680
1789459710000,56358,56358,56329.8,56329.8,240,2152590
1789459740000,56329.8,56366.8,56329.8,56330,270,2152860
1789459770000,56330,56350,56325.2,56350,210,2152860
1789459800000,56350,56350,56319.6,56320.6,330,2152860
1789459830000,56321,56338,56308,56308,360,2153310
1789459860000,56306.8,56306.8,56251,56262.6,4950,2156220
1789459890000,56274,56299.8,56261.8,56286.8,960,2156220
1789459920000,56286.8,56300,56286,56286,240,2156220
1789459950000,56280.4,56293,56275.6,56293,1200,2156970
1789459980000,56293,56295,56292.2,56292.2,450,2156970
1789460010000,56300,56332.4,56300,56305.4,510,2157150
1789460040000,56305.4,56331,56303,56305.8,300,2157150
1789460070000,56305.8,56350,56305.8,56316,1410,2157660
1789460100000,56318,56350,56318,56318.2,720,2157660
1789460130000,56318.2,56370,56318.2,56370,360,2159160
1789460160000,56340,56346.4,56318.2,56346.4,390,2159160
1789460190000,56346.4,56346.4,56325.2,56325.2,780,2159280
1789460220000,56321.4,56347.8,56309.8,56310.8,810,2159280
1789460250000,56310.8,56349.4,56310.8,56349.4,120,2160660
1789460280000,56348.2,56348.2,56345,56345,60,2160660
1789460310000,56345,56345,56311,56335,390,2159730
1789460340000,56335,56355.8,56335,56350,150,2159730
1789460370000,56350,56350,56335,56335,30,2159850
1789460400000,56350,56362.8,56350,56362.8,120,2159850
1789460430000,56362.8,56365,56339.8,56339.8,270,2159910
1789460460000,56340.8,56369,56322.8,56356,750,2159910
1789460490000,56323,56326.6,56322.2,56323.4,510,2160540
1789460520000,56332.6,56351.8,56327.8,56327.8,660,2160540
1789460550000,56329.4,56369,56327.6,56330.6,1560,2161590
1789460580000,56330.6,56331.6,56324,56327.6,600,2161590
1789460610000,56325,56361.2,56325,56330,300,2162100
1789460640000,56350.8,56351,56350,56351,150,2162100
1789460670000,56332.2,56351,56327.2,56351,210,2162430
1789460700000,56327.8,56351,56327.2,56327.2,300,2162430
1789460730000,56327.2,56350.8,56315.8,56315.8,390,2162790
1789460760000,56316.2,56316.2,56310.8,56311,210,2162790
1789460790000,56349.2,56349.2,56313.2,56331,300,2163240
1789460820000,56324.2,56369.8,56324.2,56337,150,2163240
1789460850000,56337,56353.6,56329.2,56353.6,240,2163510
1789460880000,56353.6,56353.6,56353.2,56353.2,90,2163510
1789460910000,56353.2,56364.8,56353.2,56364.4,150,2163330
1789460940000,56364.4,56364.4,56329.8,56330.2,390,2163330
1789460970000,56330.2,56359,56330.2,56359,60,2163480
1789461000000,56329.4,56364.8,56326,56326,300,2163480
1789461030000,56326,56364,56326,56328.4,390,2163810
1789461060000,56328.4,56328.4,56328.4,56328.4,0,2163810
1789461090000,56348.6,56348.6,56310,56310,420,2163840
1789461120000,56311,56343.2,56310,56312.6,300,2163840
1789461150000,56312.6,56312.6,56300,56312.6,420,2163900
1789461180000,56312.6,56312.6,56300,56300,180,2163900
1789461210000,56300.8,56333.8,56300,56333.8,180,2164260
1789461240000,56311.2,56334,56306,56334,300,2164260
1789461270000,56334,56334,56300,56300,120,2164680
1789461300000,56300,56319.8,56293,56319.8,270,2164680
1789461330000,56291,56327.8,56288.6,56292.4,510,2164980
1789461360000,56292.4,56292.4,56292.4,56292.4,0,2164980
1789461390000,56292.4,56329.8,56292.4,56329.6,120,2165280
1789461420000,56329.6,56329.6,56328.8,56328.8,90,2165280
1789461450000,56328.8,56328.8,56290,56290,270,2165400
1789461480000,56290,56305,56261,56261,1230,2165400
1789461510000,56264.2,56311.4,56264.2,56274.6,600,2165520
1789461540000,56277.6,56309.8,56277.6,56309.8,210,2165520
1789461570000,56309.8,56309.8,56265.2,56265.2,1380,2165820
1789461600000,56272.8,56289.4,56260.6,56275,420,2165820
1789461630000,56271,56298.8,56225,56225,3660,2167260
1789461660000,56223,56235,56200,56207,6840,2167260
1789461690000,56211.6,56211.6,56198.6,56200.6,6600,2172060
1789461720000,56200.6,56205.2,56180,56199.6,2190,2172060
1789461750000,56189.8,56200,56189.8,56190.8,1620,2176650
1789461780000,56190.8,56200,56175,56200,2760,2176650
1789461810000,56202.6,56231,56202.6,56219.6,780,2178090
1789461840000,56219.6,56219.8,56203,56219.8,360,2178090
1789461870000,56219.8,56219.8,56208.4,56210.8,270,2178900
1789461900000,56212.4,56212.4,56181,56181,1350,2178900
1789461930000,56182.6,56199.8,56165,56174.6,1710,2180460
1789461960000,56177.8,56210,56172.6,56210,990,2180460
1789461990000,56194.4,56210,56194.4,56195.6,390,2182230
1789462020000,56195.6,56196,56185,56185,690,2182230
1789462050000,56179.6,56199.8,56176.8,56193.8,870,2182350
1789462080000,56193.8,56200,56188.4,56188.4,510,2182350
1789462110000,56188.4,56188.4,56172.2,56177.4,480,2183190
1789462140000,56177.4,56188.2,56175.8,56176.8,1380,2183190
1789462170000,56188,56200,56174,56175,600,2184090
1789462200000,56175,56208.8,56175,56208.6,600,2184090
1789462230000,56199.6,56219,56199.6,56219,1110,2185020
1789462260000,56199,56216.2,56195.4,56195.4,390,2185020
1789462290000,56195.4,56220,56195.4,56203.6,1350,2186160
1789462320000,56203.6,56220,56203.6,56219.6,480,2186160
1789462350000,56219.6,56238.8,56219.4,56238.4,900,2186550
1789462380000,56238.4,56238.4,56210,56234.4,480,2186550
1789462410000,56234.4,56234.6,56212,56212,240,2187420
1789462440000,56234.8,56234.8,56203.6,56203.6,450,2187420
1789462470000,56219.6,56220,56200,56220,450,2188020
1789462500000,56201,56219.2,56200,56200.2,300,2188020
1789462530000,56200.2,56207.4,56184.6,56207.4,1200,2188620
1789462560000,56207.4,56207.4,56184.8,56200,300,2188620
1789462590000,56212,56212,56186,56204.8,360,2189070
1789462620000,56204.8,56205,56190,56205,300,2189070
1789462650000,56205,56205,56190,56190,210,2188800
1789462680000,56190,56205,56190,56190,300,2188800
1789462710000,56185,56205,56180,56180,390,2189130
1789462740000,56180,56225.8,56180,56197.2,570,2189130
1789462770000,56195.8,56205,56188,56193.6,840,2189790
1789462800000,56200,56228,56195.4,56196.6,390,2189790
1789462830000,56192,56213.2,56192,56200,90,2190210
1789462860000,56221.4,56221.4,56194.8,56194.8,210,2190210
1789462890000,56193,56225.6,56189.6,56214.8,300,2190510
1789462920000,56207.8,56229,56200,56200,690,2190510
1789462950000,56200,56203.4,56188,56202.4,570,2190300
1789462980000,56224.6,56234.8,56196.6,56196.6,660,2190300
1789463010000,56206.8,56234,56206.8,56234,210,2190690
1789463040000,56233,56233,56210,56223,390,2190690
1789463070000,56223,56229.8,56215.4,56215.4,150,2191080
1789463100000,56213,56222,56210.6,56214.2,420,2191080
1789463130000,56217.2,56222.2,56217.2,56222.2,180,2191590
1789463160000,56230,56230,56215,56222.4,360,2191590
1789463190000,56222.4,56233,56210.2,56232.8,450,2192010
1789463220000,56232.8,56232.8,56202.4,56232.6,480,2192010
1789463250000,56232.6,56234,56208,56208,1140,2191980
1789463280000,56208,56221,56208,56208,600,2191980
1789463310000,56207,56234,56206,56234,360,2192700
1789463340000,56234,56245,56223,56245,780,2192700
1789463370000,56245,56248,56209.8,56209.8,300,2192880
1789463400000,56233.8,56233.8,56206,56233.8,210,2192880
1789463430000,56233.8,56233.8,56218.8,56230,270,2193000
1789463460000,56233.8,56233.8,56233.8,56233.8,120,2193000
1789463490000,56232.4,56233.8,56219,56233.8,270,2193180
1789463520000,56239.8,56239.8,56220,56223,300,2193180
1789463550000,56245,56245,56226,56226,210,2193120
1789463580000,56226,56240,56220.6,56234,630,2193120
1789463610000,56234,56234,56218,56230.6,120,2193330
1789463640000,56230.6,56230.6,56220,56220,90,2193330
1789463670000,56216,56240,56216,56240,390,2190570
1789463700000,56246.8,56246.8,56209.6,56209.6,600,2190570
1789463730000,56209.6,56219.8,56209.6,56219.8,60,2190570
1789463760000,56213,56240,56200,56200.4,1410,2190720
1789463790000,56200,56211.8,56180,56180,1980,2193030
1789463820000,56170,56180,56145.4,56145.4,2730,2193030
1789463850000,56145,56156,56101.4,56101.4,1830,2192190
1789463880000,56122,56122,56080,56080,2580,2192190
1789463910000,56080,56080.2,56050,56069.8,1950,2192850
1789463940000,56080,56113.2,56068,56092.2,2070,2192850
1789463970000,56092,56092,56065,56068.8,540,2194260
1789464000000,56068.8,56117.8,56061,56089.6,750,2194260
1789464030000,56089.6,56128,56089.6,56128,450,2194770
1789464060000,56123,56148,56122.8,56147,1290,2194770
1789464090000,56125,56148,56123,56146,510,2195130
1789464120000,56111,56130.4,56106.6,56112.8,510,2195130
1789464150000,56112.8,56115,56106,56106,390,2194650
1789464180000,56112,56112,56090,56090,420,2194650
1789464210000,56082.4,56112,56082.4,56112,300,2194620
1789464240000,56112,56112,56090,56090.2,240,2194620
1789464270000,56105.8,56107.6,56094.8,56098.6,690,2194830
1789464300000,56098,56115,56083,56083,390,2194830
1789464330000,56083,56105,56080,56080,210,2194830
1789464360000,56080,56085,56072.2,56072.8,1170,2194890
1789464390000,56072.8,56085,56067,56085,630,2195730
1789464420000,56085,56085,56084,56084,120,2195730
1789464450000,56084,56104.4,56084,56084,210,2195040
1789464480000,56084,56100,56084,56100,780,2195040
1789464510000,56100,56100,56095.2,56097.4,90,2195220
1789464540000,56085.2,56095.8,56080,56084.2,390,2195220
1789464570000,56084.2,56100,56084.2,56099.8,150,2195520
1789464600000,56099,56100,56085.2,56100,360,2195520
1789464630000,56099,56100,56084,56099,420,2195520
1789464660000,56099,56115,56093,56115,1050,2195670
1789464690000,56125,56149.8,56125,56133.6,630,2196450
1789464720000,56132.2,56148.8,56128.4,56148.8,540,2196450
1789464750000,56148.8,56148.8,56110,56115.6,450,2196390
1789464780000,56115.6,56147,56115,56132.2,390,2196390
1789464810000,56121,56144,56121,56139.6,270,2196840
1789464840000,56139.6,56164.8,56127.2,56153.2,1110,2196840
1789464870000,56153.2,56184.4,56153.2,56184.4,690,2197650
1789464900000,56184.4,56184.4,56136.6,56136.6,750,2197650
1789464930000,56136.6,56143.6,56120.4,56123.6,300,2198550
1789464960000,56123.6,56133.2,56115.6,56118.2,330,2198550
1789464990000,56120.4,56155.2,56117.6,56124.2,660,2199120
1789465020000,56124.2,56147.8,56124.2,56141.6,270,2199120
1789465050000,56141.6,56148,56126,56140,270,2199120
1789465080000,56140,56150,56122.6,56122.6,360,2199300
1789465110000,56122.6,56134,56109,56133.8,300,2199840
1789465140000,56105,56128,56093.2,56115,1650,2199840
1789465170000,56115,56137.6,56100,56125.2,1710,2202300
1789465200000,56116,56143.2,56102.2,56102.2,930,2202300
1789465230000,56130.8,56137.8,56103.6,56129.6,300,2203320
1789465260000,56129.6,56144,56111.2,56144,1530,2203320
1789465290000,56144,56155,56128.6,56155,420,2203560
1789465320000,56159.4,56159.4,56125.4,56135.2,780,2203560
1789465350000,56137.8,56157,56122.8,56136.8,1380,2203680
1789465380000,56127.6,56159,56122,56135.6,660,2203680
1789465410000,56130,56154.6,56126,56128.2,390,2204430
1789465440000,56153.2,56158.8,56125,56125,1350,2204430
1789465470000,56128.6,56158.4,56123.4,56126.8,660,2205060
1789465500000,56139.8,56149.8,56125,56128,630,2205060
1789465530000,56114.6,56129.8,56111.4,56117,480,2205180
1789465560000,56111,56148.8,56111,56117.2,1080,2205180
1789465590000,56118.8,56133.8,56115.2,56116.8,570,2203500
1789465620000,56117.8,56125,56116,56122.4,330,2203500
1789465650000,56122.4,56127.6,56121.6,56121.6,210,2203260
1789465680000,56121.6,56122.4,56121,56121,90,2203260
1789465710000,56121,56133.4,56121,56123,330,2203260
1789465740000,56150,56172.6,56150,56162.8,930,2203320
1789465770000,56163.6,56175,56160.4,56171.4,360,2203320
1789465800000,56171.8,56171.8,56130.4,56130.4,420,2203530
1789465830000,56125,56132,56123,56132,210,2203200
1789465860000,56132,56140.8,56120.6,56120.6,630,2203200
1789465890000,56120.6,56157,56120.6,56123.2,360,2203200
1789465920000,56123.2,56138,56111,56111,510,2203350
1789465950000,56111,56111,56100,56100,750,2203350
1789465980000,56105.2,56119.8,56093.2,56115,930,2203320
1789466010000,56100,56119.6,56100,56104.2,240,2203320
1789466040000,56105.6,56120,56105.6,56110,570,2203170
1789466070000,56110,56110,56100,56100,2010,2204490
1789466100000,56100,56124.8,56100,56124,300,2204490
1789466130000,56124,56124,56104.8,56104.8,480,2204700
1789466160000,56104.8,56120.4,56100.8,56119.8,780,2204700
1789466190000,56108.6,56122,56108.6,56122,420,2204700
1789466220000,56110.6,56125,56110.6,56125,600,2204970
1789466250000,56125,56125,56107.6,56109,480,2205270
1789466280000,56109.8,56128,56108.4,56115.2,900,2205270
1789466310000,56115.4,56128,56110.8,56127.6,900,2206230
1789466340000,56111,56111,56080,56080,4080,2206230
1789466370000,56086.6,56086.6,56081,56081,450,2209080
1789466400000,56104.2,56107.8,56080,56080,1050,2209080
1789466430000,56099.2,56099.2,56065,56065,1470,2209080
1789466460000,56068.4,56068.6,56045,56045,2400,2208870
1789466490000,56040,56040,56030,56030,510,2208870
1789466520000,56030,56035,56028,56030,660,2208450
1789466550000,56028,56028,56020,56027.8,1110,2208450
1789466580000,56027.8,56028,56027.8,56028,240,2209920
1789466610000,56028,56035,56027.8,56027.8,1200,2209920
1789466640000,56027.8,56030,56027.8,56027.8,810,2210580
1789466670000,56027.8,56042.2,56027.8,56037.8,1050,2210580
1789466700000,56005.2,56019.8,56000,56019.8,1290,2211120
1789466730000,56000,56019,56000,56019,660,2211120
1789466760000,56019.8,56027.6,56016,56016,510,2211360
1789466790000,56019,56020,55990,55999.8,1740,2211360
1789466820000,55999.8,56000,55995,55998.6,1140,2211600
1789466850000,55998.8,56033,55998.4,56033,2970,2211600
1789466880000,56001,56043,56000.4,56017.2,1350,2209980
1789466910000,56030,56030,56013.4,56030,780,2209980
1789466940000,56025,56029.8,56011.4,56020,930,2210430
1789466970000,56015,56022,56015,56015,900,2210430
1789530300000,56180,56260.4,56116.2,56260.4,2850,2196450
1789530330000,56265,56344.2,56251.6,56340,5670,2196210
1789530360000,56340,56370.4,56292.6,56300,10770,2196210
1789530390000,56314,56385.2,56304.6,56381,10230,2197050
1789530420000,56367.4,56395,56350,56374,7920,2197050
1789530450000,56374,56378.2,56346.8,56370,3810,2198430
1789530480000,56378,56380,56320,56320,2100,2198430
1789530510000,56338.6,56342.2,56320,56340,1620,2198430
1789530540000,56347.6,56350,56323,56335.4,750,2197650
1789530570000,56340.4,56360,56340.4,56360,2190,2197650
1789530600000,56360,56365,56352.4,56353,1710,2197170
1789530630000,56353,56369.2,56341.8,56365,3630,2198340
1789530660000,56365,56375,56357.4,56375,10710,2198340
1789530690000,56375,56375,56369.2,56372.2,900,2198340
1789530720000,56372.4,56380,56340,56356.6,5970,2204130
1789530750000,56340.2,56347.4,56320,56340.2,1050,2204130
1789530780000,56345,56350,56345,56345,720,2206050
1789530810000,56345,56345,56325,56325,840,2206050
1789530840000,56325,56325,56300,56300,3420,2206620
1789530870000,56300,56300,56275,56275,3930,2206620
1789530900000,56275,56280,56248,56260.2,1380,2210970
1789530930000,56240.4,56258.8,56230.4,56258.8,1140,2210970
1789530960000,56230,56260,56215,56260,1530,2211180
1789530990000,56258,56284,56258,56270,1500,2211180
1789531020000,56270,56275,56239.8,56239.8,4980,2211870
1789531050000,56239.8,56239.8,56210,56238.8,420,2211870
1789531080000,56235,56240,56215,56230,330,2215890
1789531110000,56220,56233.4,56171,56171,1770,2215890
1789531140000,56175.6,56177.4,56151,56153.2,990,2216130
1789531170000,56153.2,56197.8,56152.8,56197.8,840,2216130
1789531200000,56197,56200,56153,56161,720,2217270
1789531230000,56170,56191,56148,56150,2010,2217270
1789531260000,56175,56199.8,56158,56179.2,870,2218110
1789531290000,56179.2,56199.8,56171.6,56180,630,2218110
1789531320000,56177.2,56198.8,56173.6,56179,1530,2218590
1789531350000,56185,56185,56166.6,56170,960,2218590
1789531380000,56170,56199,56164,56184.6,5730,2219490
1789531410000,56184.8,56212,56173.6,56210.4,1020,2219490
1789531440000,56210.4,56250,56210.4,56236.4,510,2217030
1789531470000,56236.4,56270,56236.4,56250,1020,2217030
1789531500000,56250,56250,56200,56213.4,1770,2217510
1789531530000,56213.4,56226,56202,56202.2,600,2217510
1789531560000,56202.4,56223.2,56202,56205.2,1320,2218740
1789531590000,56210.6,56237.2,56208,56208.2,360,2218740
1789531620000,56219.6,56219.6,56185,56207.2,2820,2219130
1789531650000,56207.2,56214.6,56172.8,56172.8,600,2219130
1789531680000,56172.8,56183,56140,56140,1410,2221080
1789531710000,56149,56149,56120.6,56141.8,1140,2221080
1789531740000,56142,56177.8,56141.8,56150,870,2221440
1789531770000,56145.6,56175,56140,56159.4,1320,2221440
1789531800000,56145,56149.8,56126.6,56136,1050,2221590
1789531830000,56135.6,56149.8,56125,56149.8,1050,2221590
1789531860000,56136.6,56149.4,56105.4,56113.6,1230,2222550
1789531890000,56115.6,56127.4,56112.6,56120,1140,2222550
1789531920000,56129.8,56129.8,56082.8,56087,2910,2223150
1789531950000,56087,56136.8,56087,56136.8,1650,2223150
1789531980000,56123.4,56131.8,56100,56106.4,1320,2224980
1789532010000,56112.6,56134.2,56112.6,56114,780,2224980
1789532040000,56124.8,56141,56119.6,56133,1320,2226450
1789532070000,56133,56133,56100,56104,1380,2226450
1789532100000,56098.2,56111.6,56097.6,56100.4,1560,2227920
1789532130000,56104,56124.8,56100.4,56124.8,1500,2227920
1789532160000,56119,56149.8,56110.2,56139.4,1380,2229480
1789532190000,56149,56170.8,56138.6,56138.8,1410,2229480
1789532220000,56158.2,56158.2,56101.4,56101.4,990,2230260
1789532250000,56104.4,56104.4,56090.4,56100,1380,2230260
1789532280000,56096.4,56127.2,56094.8,56127.2,1140,2231580
1789532310000,56131.8,56150,56130.6,56130.6,210,2231580
1789532340000,56130.6,56170,56130.6,56170,2250,2231940
1789532370000,56170,56187.8,56150.2,56183.8,1710,2231940
1789532400000,56170,56205,56170,56205,840,2234310
1789532430000,56215,56234.8,56181,56190,900,2234310
1789532460000,56190,56210,56165,56170.2,540,2234610
1789532490000,56182.6,56193.2,56170,56192.8,720,2234610
1789532520000,56192.8,56223,56192.8,56216.8,330,2235060
1789532550000,56216.8,56250,56215,56215,2070,2235060
1789532580000,56238,56238,56202.2,56215.2,870,2235090
1789532610000,56229,56241.4,56220.2,56241.4,300,2235090
1789532640000,56241.4,56259.8,56230.6,56259.8,750,2235000
1789532670000,56259.8,56284,56259.8,56284,570,2235000
1789532700000,56269.6,56299.6,56269.6,56276.6,1470,2234160
1789532730000,56276.6,56280,56243,56280,780,2234160
1789532760000,56280.2,56330.6,56280.2,56300.8,2580,2233110
1789532790000,56302.2,56302.2,56270,56276.6,240,2233110
1789532820000,56286,56314,56280,56280,420,2233290
1789532850000,56300,56324,56300,56319.4,420,2233290
1789532880000,56308.2,56308.2,56273,56273,420,2233380
1789532910000,56277.4,56277.6,56245.2,56246.2,540,2233380
1789532940000,56246.2,56286.8,56246.2,56286,360,2233320
1789532970000,56283,56295,56280,56294.8,360,2233320
1789533000000,56300,56300,56270.4,56271.6,630,2233380
1789533030000,56271.6,56271.6,56252.4,56257.8,210,2233380
1789533060000,56269.8,56288,56261.4,56288,270,2233950
1789533090000,56286,56286,56253,56253,570,2233950
1789533120000,56252.6,56252.8,56251.4,56251.4,270,2234160
1789533150000,56251,56266.8,56220.2,56221.2,600,2234160
1789533180000,56221.2,56272.8,56221.2,56240,240,2234280
1789533210000,56263.8,56263.8,56228,56238,630,2234280
1789533240000,56260.8,56267,56230,56230,210,2234250
1789533270000,56230,56239.8,56223.6,56223.6,120,2234250
1789533300000,56220.2,56220.2,56201.8,56219.8,390,2234370
1789533330000,56210,56223.6,56192,56215,1290,2234370
1789533360000,56195,56223.6,56193.4,56220,390,2235210
1789533390000,56220,56245.2,56212,56245.2,1050,2235210
1789533420000,56224.4,56248.8,56212.4,56248.8,510,2235150
1789533450000,56248.8,56248.8,56206.4,56240.4,360,2235150
1789533480000,56241.2,56249.8,56233.8,56234.2,210,2235690
1789533510000,56234.2,56264.2,56218,56221.2,1110,2235690
1789533540000,56220.4,56245,56219.4,56230,420,2236650
1789533570000,56230,56241.6,56230,56236.6,120,2236650
1789533600000,56236.6,56238.6,56236.6,56238.6,60,2236650
1789533630000,56235.8,56245,56235.4,56240,120,2237070
1789533660000,56244,56244.8,56211.8,56234.6,450,2237220
1789533690000,56234.6,56263.6,56234.6,56263.6,120,2237220
1789533720000,56263.6,56269,56256.8,56269,240,2237400
1789533750000,56253,56268.4,56253,56268.4,60,2237400
1789533780000,56248.6,56249.8,56235,56249.8,180,2237610
1789533810000,56233,56233,56200,56200,330,2237610
1789533840000,56193.6,56225.8,56193.6,56202,180,2237910
1789533870000,56202,56226.2,56195.4,56226.2,180,2237910
1789533900000,56225,56227.2,56195,56201.4,390,2238270
1789533930000,56220.6,56250,56216.8,56250,1350,2238270
1789533960000,56250,56250,56250,56250,0,2238270
1789533990000,56249,56265,56249,56265,480,2238690
1789534020000,56258,56277,56258,56266.6,810,2239170
1789534050000,56266.6,56300,56266.6,56300,1080,2239170
1789534080000,56300,56300,56290.2,56290.2,270,2238720
1789534110000,56290.2,56290.2,56269.2,56270.8,510,2238720
1789534140000,56270.8,56300,56270.6,56300,240,2239020
1789534170000,56300,56300,56269.4,56269.4,330,2239020
1789534200000,56269.6,56275.6,56256,56272.8,330,2239470
1789534230000,56256,56260.6,56256,56260.6,120,2239470
1789534260000,56266,56275,56263,56275,180,2239470
1789534290000,56275,56275,56256.2,56267,240,2239590
1789534320000,56267,56277,56267,56277,360,2239590
1789534350000,56290,56298.8,56285,56285,150,2239740
1789534380000,56285,56298,56285,56298,90,2239740
1789534410000,56298,56308,56298,56308,750,2239740
1789534440000,56308,56319.8,56277.8,56277.8,810,2239200
1789534470000,56300.2,56306,56280,56298,360,2239200
1789534500000,56319,56323,56319,56323,540,2239200
1789534530000,56323,56323,56319.4,56320,60,2239200
1789534560000,56320,56331.6,56308.2,56315,510,2239020
1789534590000,56315,56322.4,56294,56322.4,480,2239020
1789534620000,56288.2,56320,56288.2,56318.4,390,2239050
1789534650000,56318.4,56318.4,56292.4,56317.8,330,2239050
1789534680000,56317.8,56350,56310,56350,10590,2238750
1789534710000,56350,56351.2,56349.6,56350,8130,2238750
1789534740000,56352,56354,56349.8,56350,4890,2246940
1789534770000,56354,56354,56349.8,56350,3360,2246940
1789534800000,56350,56355,56350,56350,480,2250030
1789534830000,56355,56375,56350,56374,2880,2250030
1789534860000,56375,56375,56374,56374,3660,2254020
1789534890000,56374,56374,56350,56350,420,2254020
1789534920000,56353.2,56375,56353.2,56370.2,330,2254140
1789534950000,56363.8,56375,56363.2,56375,360,2254140
1789534980000,56375,56375,56362.2,56370,120,2254050
1789535010000,56375,56375,56364,56375,480,2254050
1789535040000,56375,56375,56375,56375,1320,2254770
1789535070000,56380,56382,56375,56375,630,2254770
1789535100000,56375,56439,56375,56439,4710,2254680
1789535130000,56439,56439,56400,56400.8,750,2254680
1789535160000,56425,56435,56401,56420,510,2252160
1789535190000,56435,56440,56425,56440,720,2252160
1789535220000,56440,56440,56400.8,56400.8,1860,2252010
1789535250000,56400.6,56400.6,56389.8,56389.8,210,2252010
1789535280000,56390,56411,56376.8,56411,1350,2252130
1789535310000,56408.4,56420,56388.6,56388.6,240,2252130
1789535340000,56386.8,56386.8,56380.4,56381.6,300,2252130
1789535370000,56381.6,56387.8,56381.6,56385,630,2252070
1789535400000,56392,56425,56392,56425,360,2252700
1789535430000,56425,56428,56414.8,56428,630,2252700
1789535460000,56428,56430,56425,56425,240,2252580
1789535490000,56431,56431,56430,56430,240,2252580
1789535520000,56425,56425,56407,56420,600,2253120
1789535550000,56425,56430,56404.4,56425,330,2253120
1789535580000,56425.8,56431,56417.2,56431,450,2252700
1789535610000,56432,56435,56432,56435,360,2252700
1789535640000,56435,56435,56419,56419,630,2252610
1789535670000,56419,56419.2,56418.8,56419.2,180,2252610
1789535700000,56419.2,56470,56419.2,56470,3450,2252490
1789535730000,56470,56470,56436.8,56460,960,2252490
1789535760000,56462.6,56467,56431,56467,810,2252730
1789535790000,56460,56468.4,56442,56460,210,2252730
1789535820000,56460,56460,56442,56450,570,2252790
1789535850000,56430.4,56462,56430.4,56430.4,240,2252790
1789535880000,56460,56460,56458,56458,90,2252790
1789535910000,56458,56460,56437.8,56457.8,210,2252910
1789535940000,56457.8,56460,56441.4,56460,180,2252910
1789535970000,56460,56460,56452.8,56452.8,90,2252790
1789536000000,56459,56480,56452.8,56459,990,2252790
1789536030000,56450,56450,56435.6,56435.6,60,2252160
1789536060000,56435.6,56460,56435.6,56460,300,2252160
1789536090000,56460,56460,56450.2,56460,270,2252130
1789536120000,56460,56470,56455,56470,180,2252130
1789536150000,56470,56475,56465.2,56465.2,510,2252280
1789536180000,56476.4,56478,56465.2,56473,180,2252280
1789536210000,56475,56475,56460,56474,330,2252010
1789536240000,56475,56476.8,56474,56476.8,450,2252010
1789536270000,56471,56476.8,56460,56460,210,2252310
1789536300000,56460,56476.8,56460,56460,1290,2252610
1789536330000,56460,56460,56435,56440,600,2252610
1789536360000,56440,56450,56422.2,56450,1050,2252610
1789536390000,56453.4,56453.4,56447.4,56447.4,150,2252160
1789536420000,56459,56460,56446.8,56446.8,1560,2252580
1789536450000,56446.8,56448.2,56446.8,56448.2,90,2252580
1789536480000,56448.2,56464.6,56446.4,56446.4,90,2252580
1789536510000,56446.4,56465,56446.4,56446.4,210,2252160
1789536540000,56446.4,56470,56446.4,56470,60,2252160
1789536570000,56470,56475,56450,56475,120,2252220
1789536600000,56476,56477,56451.4,56455,390,2252220
1789536630000,56451.4,56478,56451.4,56478,90,2252160
1789536660000,56478,56480,56466.4,56471,390,2252160
1789536690000,56484,56490,56472.4,56490,750,2251950
1789536720000,56490,56495,56468.4,56495,1200,2251140
1789536750000,56495,56496,56487.6,56495,1140,2251140
1789536780000,56497.8,56510,56495,56510,3930,2248770
1789536810000,56510,56524,56510,56524,2100,2248770
1789536840000,56524,56524,56505.2,56515,120,2247600
1789536870000,56515,56515,56489,56489,120,2247600
1789536900000,56489,56498,56489,56498,90,2247600
1789536930000,56488,56498,56485,56485,960,2247690
1789536960000,56460.8,56480,56456.8,56480,270,2247690
1789536990000,56480,56480,56480,56480,0,2247690
1789537020000,56470,56470,56422.8,56422.8,600,2247420
1789537050000,56428.2,56428.2,56422.8,56425,360,2247450
1789537080000,56425,56431.8,56425,56431.8,210,2247450
1789537110000,56448,56477.8,56448,56477.8,150,2247150
1789537140000,56470.8,56470.8,56439.6,56469.8,120,2247150
1789537170000,56469.8,56469.8,56442.2,56442.4,60,2247240
1789537200000,56442.4,56450,56442.4,56450,30,2247240
1789537230000,56450,56450,56436.4,56436.4,210,2247240
1789537260000,56436.4,56450,56436.4,56444.6,150,2247240
1789537290000,56445.6,56464.2,56445.6,56464.2,180,2247210
1789537320000,56464.2,56464.2,56440.8,56440.8,240,2247210
1789537350000,56434,56434,56434,56434,210,2247450
1789537380000,56440,56459.8,56440,56440.2,90,2247450
1789537410000,56440.2,56440.2,56440.2,56440.2,60,2247390
1789537440000,56440,56440,56410.8,56411.4,480,2247390
1789537470000,56411.4,56415,56391.8,56391.8,450,2247240
1789537500000,56425.4,56429.2,56398.8,56407,360,2247240
1789537530000,56407,56429,56404.4,56405,90,2247300
1789537560000,56405.2,56437,56405.2,56437,150,2247300
1789537590000,56437,56453.8,56437,56453.8,1080,2247330
1789537620000,56453.8,56453.8,56453.8,56453.8,0,2247330
1789537650000,56453.8,56453.8,56404.8,56404.8,270,2247720
1789537680000,56404.8,56427.6,56401.2,56427.6,120,2247720
1789537710000,56427.6,56427.6,56400.2,56400.2,120,2247600
1789537740000,56400.2,56420.6,56390,56390,330,2247600
1789537770000,56392,56392,56391.4,56391.4,90,2247690
1789537800000,56413,56413,56390,56391.4,90,2247690
1789537830000,56403.8,56403.8,56390,56400,120,2247780
1789537860000,56400,56400,56390,56390,270,2247780
1789537890000,56368,56370,56368,56369,330,2247600
1789537920000,56370,56380,56368,56380,3360,2247600
1789537950000,56381,56395,56381,56395,240,2246280
1789537980000,56408,56410,56400,56410,210,2246280
1789538010000,56410,56410,56410,56410,0,2246280
1789538040000,56410,56410,56410,56410,0,2246280
1789538070000,56418.4,56418.4,56408,56408,570,2246100
1789538100000,56408,56408,56373,56373,180,2246100
1789538130000,56373,56380,56368,56368,330,2246310
1789538160000,56395.6,56395.6,56395.6,56395.6,30,2246310
1789538190000,56395.6,56395.6,56370.2,56370.2,90,2246070
1789538220000,56370.2,56371.2,56360,56360,360,2246070
1789538250000,56364.8,56364.8,56350,56350,1320,2245710
1789538280000,56350,56350,56350,56350,60,2245710
1789538310000,56350,56350,56303,56306.8,1890,2245560
1789538340000,56306.8,56346.4,56306.8,56340,150,2245560
1789538370000,56340,56340,56308.8,56315,180,2244750
1789538400000,56315,56349,56310.2,56349,390,2244750
1789538430000,56349,56350,56340,56340,450,2244810
1789538460000,56350,56361,56326,56326,180,2244810
1789538490000,56348,56348,56348,56348,30,2244810
1789538520000,56348,56356.2,56348,56356.2,90,2244750
1789538550000,56356.2,56361,56356.2,56361,60,2244750
1789538580000,56361,56375,56361,56375,90,2244750
1789538610000,56375,56399.8,56375,56390.2,210,2244360
1789538640000,56390.2,56390.2,56390.2,56390.2,0,2244360
1789538670000,56390.2,56390.2,56375,56375,30,2244360
1789538700000,56385.8,56385.8,56349.2,56349.2,240,2244360
1789538730000,56349.2,56376.4,56349.2,56376.2,60,2244360
1789538760000,56376.2,56376.2,56345,56345,120,2244360
1789538790000,56345,56371,56335.4,56371,300,2244390
1789538820000,56371,56371,56328.4,56328.4,60,2244390
1789538850000,56324.2,56370,56324.2,56370,150,2244660
1789538880000,56370,56390,56370,56380,180,2244660
1789538910000,56380,56380,56361.4,56361.4,30,2244510
1789538940000,56361.4,56364.6,56361.4,56364.6,30,2244510
1789538970000,56364.6,56389.4,56349.8,56351.6,90,2244570
1789539000000,56351.6,56377.6,56351.6,56377.6,30,2244570
1789539030000,56345.2,56380,56345.2,56380,90,2244600
1789539060000,56380,56380,56354.6,56354.6,60,2244600
1789539090000,56364.6,56364.6,56364.6,56364.6,60,2244600
1789539120000,56364.6,56364.6,56354.6,56354.6,60,2244690
1789539150000,56350,56350,56350,56350,30,2244690
1789539180000,56364.6,56385.4,56364.6,56385.4,90,2244720
1789539210000,56385.4,56385.4,56342.2,56342.2,150,2244720
1789539240000,56345.2,56380.8,56345.2,56380.8,60,2244720
1789539270000,56380.8,56380.8,56345,56345,60,2244720
1789539300000,56345,56372.6,56345,56372.6,60,2244720
1789539330000,56372.6,56372.6,56355,56355,150,2244690
1789539360000,56355,56355,56355,56355,30,2244690
1789539390000,56369.4,56378,56355,56355,240,2244720
1789539420000,56355,56372,56355,56355,90,2244720
1789539450000,56355,56370,56355,56370,30,2244720
1789539480000,56370,56374.4,56370,56374.4,60,2244720
1789539510000,56374.4,56374.4,56374.4,56374.4,0,2244720
1789539540000,56374.4,56375,56374.4,56375,90,2244750
1789539570000,56375,56380,56375,56380,60,2244660
1789539600000,56380,56389,56380,56389,180,2244660
1789539630000,56389,56395,56383.4,56395,510,2244300
1789539660000,56399.8,56399.8,56399.8,56399.8,120,2244300
1789539690000,56399.8,56399.8,56385.2,56385.2,30,2244180
1789539720000,56385.2,56399.8,56369.4,56399.8,120,2244180
1789539750000,56399.8,56399.8,56355.2,56355.2,90,2244180
1789539780000,56355.2,56355.2,56355,56355,180,2244120
1789539810000,56372,56372,56355,56370.8,90,2244150
1789539840000,56370.8,56380,56355,56380,150,2244150
1789539870000,56380,56389.6,56375,56375,120,2244120
1789539900000,56375,56375,56375,56375,0,2244120
1789539930000,56375,56375,56375,56375,30,2244120
1789539960000,56375,56375,56340,56340,3270,2244120
1789539990000,56330,56342.6,56330,56332.8,300,2244540
1789540020000,56332.8,56332.8,56331.8,56332.4,90,2244540
1789540050000,56332.4,56336.6,56325.2,56336.6,210,2244540
1789540080000,56336.6,56336.6,56336.6,56336.6,0,2244540
1789540110000,56336.6,56336.6,56336,56336,90,2244540
1789540140000,56336,56343.8,56336,56343.8,30,2244510
1789540170000,56325,56325,56325,56325,60,2244510
1789540200000,56325,56345.4,56324,56324,240,2244480
1789540230000,56324,56324,56320,56320,120,2244480
1789540260000,56348,56348,56320,56345,90,2244390
1789540290000,56345,56345,56345,56345,0,2244390
1789540320000,56339.6,56339.6,56302,56302,570,2244420
1789540350000,56302,56302,56301,56302,120,2244180
1789540380000,56302,56302,56302,56302,0,2244180
1789540410000,56302,56326.6,56302,56316,150,2244180
1789540440000,56316,56320,56316,56316,330,2244180
1789540470000,56316,56330,56316,56330,210,2244180
1789540500000,56330,56330,56330,56330,0,2244180
1789540530000,56330,56330,56330,56330,0,2244180
1789540560000,56344,56350,56344,56345,270,2244240
1789540590000,56345,56350,56330,56331,150,2244150
1789540620000,56334,56339,56331,56339,210,2244150
1789540650000,56339,56359,56339,56352.6,210,2244210
1789540680000,56356,56375.4,56355,56375.4,240,2244210
1789540710000,56361,56362,56358,56362,240,2244180
1789540740000,56362.2,56362.2,56361,56362,450,2244180
1789540770000,56362,56363.4,56352.2,56363.4,120,2243820
1789540800000,56368,56380,56352.2,56380,150,2243820
1789540830000,56380,56380,56380,56380,30,2243820
1789540860000,56380,56389.2,56380,56389.2,90,2243760
1789540890000,56389.2,56395,56389.2,56395,540,2243880
1789540920000,56390,56395,56390,56394.8,240,2243880
1789540950000,56394.8,56394.8,56394.8,56394.8,30,2243670
1789540980000,56390,56415,56390,56415,1080,2243670
1789541010000,56415,56428,56415,56428,570,2244240
1789541040000,56428,56428.8,56428,56428.8,120,2244240
1789541070000,56415,56422.6,56415,56415,1080,2244240
1789541100000,56415,56415,56405,56405,60,2244300
1789541130000,56400,56400,56390,56390,510,2244420
1789541160000,56390,56390,56371.2,56371.2,240,2244420
1789541190000,56371.2,56375,56371.2,56375,30,2244420
1789541220000,56375,56420.4,56375,56386.8,210,2244270
1789541250000,56425,56425,56420,56424,120,2244270
1789541280000,56393.2,56424.2,56390.6,56390.6,720,2244270
1789541310000,56390.6,56390.6,56390.6,56390.6,0,2244270
1789541340000,56390.6,56419,56390.6,56416,60,2244450
1789541370000,56416,56419,56416,56419,90,2244510
1789541400000,56419,56419,56419,56419,0,2244510
1789541430000,56419,56419,56400,56404.8,240,2244510
1789541460000,56404.8,56404.8,56400,56400,90,2244510
1789541490000,56384,56384,56384,56384,30,2244510
1789541520000,56386.6,56413.6,56384.8,56384.8,300,2244570
1789541550000,56384.8,56399,56384.8,56399,60,2244570
1789541580000,56399,56400,56399,56400,30,2244630
1789541610000,56400,56416.6,56400,56415.6,60,2244630
1789541640000,56415.4,56415.4,56413.6,56413.6,90,2244630
1789541670000,56413.6,56414,56384,56414,300,2244630
1789541700000,56414,56414,56414,56414,0,2244630
1789541730000,56414,56414,56388.4,56388.4,30,2244180
1789541760000,56388.4,56414,56388.4,56414,30,2244150
1789541790000,56414,56414,56389,56389,90,2244180
1789541820000,56389,56414,56389,56414,120,2244180
1789541850000,56411.6,56411.6,56390.2,56390.2,60,2243910
1789541880000,56390.2,56390.2,56390,56390,30,2243910
1789541910000,56390,56419,56390,56419,120,2243910
1789541940000,56419,56419,56400.4,56400.4,120,2243850
1789541970000,56400.4,56419,56400.4,56419,60,2243820
1789542000000,56419,56419,56419,56419,0,2243820
1789542030000,56389.2,56421,56389.2,56400,180,2243820
1789542060000,56400,56430,56400,56420,900,2243850
1789542090000,56420,56440,56420,56440,210,2243850
1789542120000,56437.8,56449.8,56430,56449,180,2243640
1789542150000,56449.8,56449.8,56449.8,56449.8,90,2243640
1789542180000,56449.8,56462,56441,56462,690,2243550
1789542210000,56462,56470,56450,56470,300,2243040
1789542240000,56465.4,56465.6,56441.8,56460,330,2243040
1789542270000,56460,56460,56459,56459,120,2243040
1789542300000,56459,56459,56440.2,56440.2,30,2243010
1789542330000,56441.2,56459,56441.2,56459,90,2243010
1789542360000,56459,56459,56442,56442,90,2243010
1789542390000,56442,56442,56442,56442,0,2243010
1789542420000,56442,56442,56413.4,56413.8,120,2243010
1789542450000,56437.2,56437.2,56437.2,56437.2,30,2243010
1789542480000,56437.2,56437.2,56436,56436,30,2243010
1789542510000,56436,56436,56430,56430,30,2243010
1789542540000,56430,56430,56430,56430,0,2243010
1789542570000,56430,56430,56430,56430,30,2243040
1789542600000,56430,56436,56430,56436,120,2243040
1789542630000,56438,56453.6,56438,56440,420,2243040
1789542660000,56440,56440,56436.6,56436.6,30,2242680
1789542690000,56436.6,56436.6,56436.6,56436.6,120,2242680
1789542720000,56436.6,56436.6,56436.6,56436.6,30,2242680
1789542750000,56437,56448,56437,56441,150,2242620
1789542780000,56438,56469.8,56438,56469.8,510,2242620
1789542810000,56469.8,56480,56469.8,56480,390,2242620
1789542840000,56475.2,56479.2,56463.6,56463.6,210,2242050
1789542870000,56464.2,56474.6,56464.2,56474.6,60,2242050
1789542900000,56474.6,56474.6,56464.4,56464.4,90,2242050
1789542930000,56464.4,56464.4,56432.2,56432.2,960,2242050
1789542960000,56466,56466,56463.8,56465,90,2242050
1789542990000,56465,56465,56443,56460,90,2241960
1789543020000,56474.8,56480,56474.8,56480,180,2241960
1789543050000,56480,56484.8,56462.6,56484,150,2241960
1789543080000,56484,56488,56462.8,56464.8,120,2241960
1789543110000,56464.8,56488,56464.8,56465,90,2241960
1789543140000,56465,56466,56465,56466,30,2241990
1789543170000,56466,56485,56466,56485,60,2241990
1789543200000,56485,56485,56467.6,56467.6,60,2241930
1789543230000,56467.6,56474,56465,56465,660,2241930
1789543260000,56465,56474.4,56465,56474.4,90,2241810
1789543290000,56439.4,56466.8,56431,56466.8,660,2241810
1789543320000,56463.8,56465,56440.6,56440.6,810,2241420
1789543350000,56440.6,56440.6,56440.6,56440.6,0,2241420
1789543380000,56440.6,56440.6,56440.6,56440.6,0,2241420
1789543410000,56440.6,56466.8,56440.6,56466.8,30,2241600
1789543440000,56466.8,56466.8,56464.8,56465.8,90,2241570
1789543470000,56465.8,56465.8,56465,56465,30,2241570
1789543500000,56461.8,56462.2,56459.2,56460.6,240,2241510
1789543530000,56460.8,56460.8,56458,56458.4,300,2241510
1789543560000,56462.2,56475,56452.6,56475,360,2241270
1789543590000,56480,56480,56456.4,56456.4,150,2241270
1789543620000,56476.8,56480,56476.8,56479.4,150,2240970
1789543650000,56479.4,56479.4,56475,56479.4,120,2240970
1789543680000,56479.4,56479.4,56456,56456,60,2240820
1789543710000,56472,56472,56460,56460,150,2240820
1789543740000,56460,56460,56460,56460,0,2240820
1789543770000,56460,56460,56456,56456,180,2240700
1789543800000,56456,56460,56431,56460,210,2240670
1789543830000,56432.6,56460,56432.6,56460,1440,2240670
1789543860000,56460,56479.4,56448.8,56459.8,390,2239830
1789543890000,56479.8,56483,56441.4,56441.4,720,2239830
1789543920000,56441.4,56448,56441.4,56448,30,2239620
1789543950000,56448,56480,56448,56480,30,2239620
1789543980000,56480,56480,56454.8,56454.8,30,2239590
1789544010000,56478,56478,56478,56478,30,2239590
1789544040000,56478,56478,56478,56478,0,2239590
1789544070000,56478,56480,56478,56480,120,2239590
1789544100000,56483,56483,56467,56483,330,2239560
1789544130000,56483,56483,56483,56483,30,2239560
1789544160000,56483,56490,56476.6,56477.4,750,2239560
1789544190000,56477.4,56490,56477.4,56490,270,2239560
1789544220000,56490,56497.8,56483.2,56490,750,2238960
1789544250000,56490,56515,56490,56515,1980,2238960
1789544280000,56510,56520,56504,56520,750,2238060
1789544310000,56528,56580,56524,56580,4560,2238060
1789544340000,56585,56600,56562,56581.2,4530,2235870
1789544370000,56581.2,56598.6,56560.2,56560.2,600,2235870
1789544400000,56590,56590,56556.8,56556.8,330,2235420
1789544430000,56590,56590,56546.8,56546.8,270,2235420
1789544460000,56567.2,56567.4,56538.6,56567.4,210,2235390
1789544490000,56570,56570,56553.6,56553.6,330,2235390
1789544520000,56553.6,56553.6,56547,56547.2,60,2235570
1789544550000,56547.2,56570,56547.2,56564.8,960,2235570
1789544580000,56548.2,56548.2,56540,56540,120,2235780
1789544610000,56540,56540,56525,56525,60,2235780
1789544640000,56525,56525,56525,56525,120,2235600
1789544670000,56525,56540,56523.4,56523.8,90,2235600
1789544700000,56525,56532.6,56500,56500,480,2235570
1789544730000,56532.4,56532.4,56501,56501,90,2235570
1789544760000,56530,56530.2,56518.6,56530.2,240,2235600
1789544790000,56523,56548,56523,56536.4,390,2235600
1789544820000,56541.8,56545,56530,56540,150,2235360
1789544850000,56542,56550,56524.8,56524.8,1380,2235360
1789544880000,56524.8,56556,56524.8,56556,300,2235120
1789544910000,56555.2,56555.2,56529,56529,90,2235120
1789544940000,56545.2,56545.2,56544,56544,270,2234730
1789544970000,56544,56555,56544,56555,150,2234730
1789545000000,56531.6,56555,56528.4,56555,240,2234550
1789545030000,56529.6,56529.6,56525.6,56525.6,150,2234550
1789545060000,56525.6,56543.8,56525.6,56526,330,2234460
1789545090000,56555,56555,56529.2,56555,120,2234460
1789545120000,56555,56565,56537.4,56537.4,210,2234490
1789545150000,56537.4,56554.8,56537.4,56554.8,30,2234490
1789545180000,56537.4,56537.4,56537.4,56537.4,120,2234400
1789545210000,56537.4,56537.4,56525.6,56525.6,60,2234400
1789545240000,56525.6,56531.2,56485,56531.2,630,2234550
1789545270000,56531.2,56531.2,56501.2,56501.2,90,2234550
1789545300000,56491.2,56495.4,56491.2,56495.4,120,2234670
1789545330000,56476.6,56485,56476.6,56478.6,510,2234670
1789545360000,56500,56521.8,56485.8,56485.8,120,2234430
1789545390000,56510,56510,56475,56475,270,2234430
1789545420000,56493.2,56493.2,56470,56470.2,300,2234370
1789545450000,56470.2,56470.4,56456,56456,690,2234370
1789545480000,56450,56450,56411.2,56411.2,690,2233920
1789545510000,56411.2,56411.2,56410,56411,3210,2233920
1789545540000,56411,56411,56411,56411,840,2229630
1789545570000,56411.2,56425,56410,56410,1050,2229630
1789545600000,56415,56415,56405,56406,330,2230350
1789545630000,56406,56419,56406,56419,120,2230350
1789545660000,56419,56438.8,56419,56438.8,30,2230350
1789545690000,56465.6,56465.6,56440,56456.2,360,2230440
1789545720000,56440,56440,56425,56425,120,2230530
1789545750000,56425,56426,56420,56426,90,2230530
1789545780000,56426,56426,56416,56420,150,2230500
1789545810000,56420,56420,56420,56420,60,2230500
1789545840000,56424.8,56442.4,56420.2,56420.2,240,2230500
1789545870000,56442.4,56454.4,56420,56423,450,2230500
1789545900000,56423,56454.8,56420.8,56445,300,2230020
1789545930000,56428.2,56462.8,56428.2,56462.8,180,2230020
1789545960000,56462.8,56462.8,56428.2,56428.2,30,2230050
1789545990000,56435,56442.2,56417.4,56442.2,150,2230050
1789546020000,56442.2,56442.2,56434.4,56434.4,60,2230050
1789546050000,56417.4,56417.4,56415,56415,240,2230050
1789546080000,56421,56438.2,56393,56400,900,2230020
1789546110000,56432.4,56439,56432.4,56432.4,120,2230020
1789546140000,56449.8,56449.8,56409.2,56409.2,60,2230290
1789546170000,56438.8,56438.8,56418,56418,120,2230290
1789546200000,56418,56423.6,56410,56410,300,2230170
1789546230000,56410,56410,56380,56385,1710,2230170
1789546260000,56385,56401,56385,56401,120,2230890
1789546290000,56401,56411,56400.4,56406,90,2230890
1789546320000,56406,56410,56403.6,56410,210,2230890
1789546350000,56410,56434.4,56410,56411,360,2230890
1789546380000,56412,56428,56412,56428,60,2230920
1789546410000,56412,56428,56403,56411,270,2230920
1789546440000,56411,56424.2,56411,56411,120,2230920
1789546470000,56400.4,56411,56391,56408,450,2230920
1789546500000,56386,56410,56386,56410,210,2230890
1789546530000,56410,56425,56410,56425,60,2230890
1789546560000,56431.6,56431.6,56405.4,56405.4,150,2230920
1789546590000,56411.2,56420.4,56381.8,56420.4,1320,2230920
1789546620000,56390,56424.6,56390,56400,510,2230920
1789546650000,56400,56400,56400,56400,30,2231430
1789546680000,56427,56434.4,56425,56432.8,330,2231370
1789546710000,56436.8,56436.8,56401.2,56427.2,300,2231370
1789546740000,56427.2,56427.2,56415.8,56415.8,30,2231370
1789546770000,56434,56434,56434,56434,30,2231070
1789546800000,56428.2,56428.2,56400.4,56401.2,180,2231100
1789546830000,56402,56402,56402,56402,60,2231100
1789546860000,56402,56405,56400.6,56400.6,540,2231160
1789546890000,56400.6,56410,56381.2,56381.2,270,2231160
1789546920000,56415.8,56419.6,56415.8,56419.6,150,2231520
1789546950000,56418.8,56425,56385,56391,270,2231520
1789546980000,56414.8,56420,56391.2,56420,150,2231430
1789547010000,56420,56420,56420,56420,60,2231430
1789547040000,56420,56420,56420,56420,30,2231430
1789547070000,56420,56420,56414,56414,30,2231340
1789547100000,56414,56414,56390,56413.2,60,2231370
1789547130000,56413,56413,56413,56413,150,2231370
1789547160000,56413,56413,56400,56409,210,2231640
1789547190000,56409,56409,56409,56409,0,2231640
1789547220000,56409,56419,56409,56419,30,2231640
1789547250000,56419,56419,56419,56419,0,2231640
1789547280000,56419,56419,56408,56408,30,2231640
1789547310000,56408,56420,56407.2,56407.2,240,2231610
1789547340000,56407.2,56407.2,56401,56401,30,2231610
1789547370000,56401,56403,56401,56403,30,2231730
1789547400000,56408,56434.4,56408,56434.4,1170,2231730
1789547430000,56445,56445,56445,56445,120,2231730
1789547460000,56449.8,56450,56449.8,56450,150,2231730
1789547490000,56450,56450,56444.4,56444.4,120,2231790
1789547520000,56444.4,56455,56444.4,56455,30,2231790
1789547550000,56455,56460,56450,56460,150,2231790
1789547580000,56460,56470,56447.2,56447.2,210,2231880
1789547610000,56447.2,56447.2,56447.2,56447.2,0,2231880
1789547640000,56468.8,56468.8,56468.8,56468.8,30,2231880
1789547670000,56453.4,56453.4,56453.4,56453.4,30,2231820
1789547700000,56453.8,56460,56453.4,56460,180,2231820
1789547730000,56465,56468.8,56465,56468.8,60,2231610
1789547760000,56452.6,56452.6,56440.2,56440.2,3600,2231610
1789547790000,56448,56448,56420.4,56420.4,90,2234730
1789547820000,56420.4,56420.4,56413.8,56413.8,60,2234730
1789547850000,56413.8,56439.4,56413.8,56439.4,120,2234610
1789547880000,56439.4,56439.4,56420.2,56420.2,30,2234610
1789547910000,56433.4,56433.4,56420.2,56429.8,90,2234640
1789547940000,56429.8,56429.8,56420.2,56420.2,30,2234640
1789547970000,56420.2,56420.2,56420.2,56420.2,0,2234640
1789548000000,56420.2,56433.4,56420.2,56420.2,60,2234670
1789548030000,56420.2,56423.6,56417,56417,180,2234640
1789548060000,56417,56417,56405.6,56417,1080,2234640
1789548090000,56412,56442.8,56412,56442.8,330,2234070
1789548120000,56444,56444,56439,56439.2,300,2234070
1789548150000,56434,56444,56434,56444,120,2233860
1789548180000,56444,56474.4,56444,56474.4,180,2233860
1789548210000,56474.4,56474.4,56447.2,56447.2,30,2233710
1789548240000,56436.6,56436.6,56436.6,56436.6,30,2233710
1789548270000,56436.6,56480,56436.6,56480,420,2233710
1789548300000,56480,56480,56454,56480,300,2233380
1789548330000,56480,56480,56458.2,56480,300,2233380
1789548360000,56480,56488,56480,56485,60,2233380
1789548390000,56485,56485,56485,56485,0,2233380
1789548420000,56485,56490,56481.2,56481.2,90,2233230
1789548450000,56481.4,56482,56481.4,56482,150,2233260
1789548480000,56482,56482.2,56482,56482.2,30,2233260
1789548510000,56498,56498,56498,56498,30,2233230
1789548540000,56498,56498,56480,56480,210,2233290
1789548570000,56480,56480,56433.2,56467.2,360,2233290
1789548600000,56467.2,56467.6,56465,56465,270,2233440
1789548630000,56436.6,56468.6,56436.6,56468.6,120,2233440
1789548660000,56468.6,56470,56460,56470,210,2233350
1789548690000,56470,56481.2,56442.2,56481.2,180,2233350
1789548720000,56481,56498,56470,56498,270,2233350
1789548750000,56499,56499,56473.6,56473.6,120,2233350
1789548780000,56473.6,56475.6,56473.6,56475.6,60,2233350
1789548810000,56475.6,56475.6,56475.4,56475.4,60,2233080
1789548840000,56475.4,56475.4,56475.4,56475.4,0,2233080
1789548870000,56474.4,56484.6,56460,56460,240,2233080
1789548900000,56482.8,56491.6,56482.8,56490,570,2232750
1789548930000,56491,56491,56487.4,56489.8,570,2232750
1789548960000,56492.8,56497.2,56475.4,56491,480,2232000
1789548990000,56488.8,56490.4,56475.6,56475.6,600,2232000
1789549020000,56482,56483.6,56475.6,56475.6,1680,2231130
1789549050000,56476.2,56484.6,56463.4,56481.2,300,2231130
1789549080000,56480,56480,56459,56465,1410,2230440
1789549110000,56469.2,56477.4,56465,56473,420,2230440
1789549140000,56477,56488.2,56475.8,56488.2,360,2230170
1789549170000,56488.2,56488.2,56476,56476.2,540,2230170
1789549200000,56469,56480,56469,56470,450,2229990
1789549230000,56470,56474.8,56440.2,56472,810,2229990
1789549260000,56468.8,56468.8,56465.2,56467.2,480,2229990
1789549290000,56470.2,56473.2,56467.8,56467.8,390,2229900
1789549320000,56468.2,56475.4,56445.2,56475.4,1560,2229900
1789549350000,56477.6,56480,56450,56480,330,2228820
1789549380000,56479.8,56480,56450.6,56479.6,240,2228820
1789549410000,56479.6,56480,56473.2,56479.8,270,2228430
1789549440000,56480,56483.6,56479.8,56479.8,660,2228430
1789549470000,56479.8,56488,56470,56488,210,2227830
1789549500000,56488,56488,56488,56488,180,2227830
1789549530000,56470,56492.4,56470,56492.4,210,2227470
1789549560000,56495,56497.8,56495,56497.8,120,2227470
1789549590000,56497.4,56497.4,56465,56465,180,2227290
1789549620000,56465,56466,56465,56466,60,2227290
1789549650000,56466,56483.8,56466,56470,90,2227170
1789549680000,56470,56470,56470,56470,90,2227170
1789549710000,56470,56470,56465,56465,540,2227200
1789549740000,56465,56470,56451.6,56469,570,2227200
1789549770000,56465,56469,56465,56469,60,2227470
1789549800000,56469,56469,56465,56465,60,2227470
1789549830000,56465,56465,56465,56465,60,2227410
1789549860000,56465,56484,56465,56465.8,120,2227410
1789549890000,56465.8,56484,56465.8,56472.4,1200,2227260
1789549920000,56472.4,56482,56472.4,56472.4,90,2227260
1789549950000,56472.4,56472.4,56471.2,56472.2,90,2226300
1789549980000,56465.2,56465.4,56460,56465.4,360,2226300
1789550010000,56465,56465,56450,56450,150,2225970
1789550040000,56450,56475,56450,56475,90,2225970
1789550070000,56475,56475,56451,56451.2,210,2225820
1789550100000,56451.2,56467.2,56451.2,56467.2,30,2225820
1789550130000,56471.4,56475,56452,56470.6,150,2225550
1789550160000,56470.6,56472,56470,56470,90,2225550
1789550190000,56470,56474,56470,56470,120,2225400
1789550220000,56470,56474,56470,56474,120,2225400
1789550250000,56470,56470,56470,56470,90,2225280
1789550280000,56455.2,56470,56455.2,56470,630,2225280
1789550310000,56470,56470,56465,56469,330,2225460
1789550340000,56470,56470,56450,56469,1470,2225460
1789550370000,56450,56478,56440,56450,6120,2225670
1789550400000,56460,56468,56450,56468,1890,2225670
1789550430000,56450.6,56460,56450,56455,3180,2225850
1789550460000,56455,56460,56455,56460,4140,2225850
1789550490000,56460,56460,56455,56455,1020,2226570
1789550520000,56455,56455,56450,56450,600,2226570
1789550550000,56443.8,56455,56443.8,56455,870,2226570
1789550580000,56446.8,56469.8,56446.8,56469.8,810,2226570
1789550610000,56450,56470,56450,56470,210,2226810
1789550640000,56474.8,56478.2,56452,56478.2,180,2226810
1789550670000,56478.2,56478.2,56477,56478,120,2226690
1789550700000,56478.2,56478.2,56455,56478.2,180,2226690
1789550730000,56478.2,56478.2,56455,56477.6,1350,2226390
1789550760000,56477.6,56478.2,56457,56475,360,2226390
1789550790000,56475,56478.2,56475,56478.2,150,2225910
1789550820000,56478.2,56524.8,56478.2,56520,12510,2225910
1789550850000,56520,56525,56514,56520.4,3450,2219520
1789550880000,56520,56520,56490.2,56490.2,2610,2219520
1789550910000,56490.2,56490.2,56456.8,56456.8,1530,2218110
1789550940000,56456.8,56479,56456.8,56456.8,150,2218110
1789550970000,56456.8,56466.4,56450,56455,2430,2217150
1789551000000,56450,56450,56417.6,56430.2,870,2217150
1789551030000,56418,56423.2,56400,56420,990,2214780
1789551060000,56441.4,56441.4,56418.2,56441,150,2214780
1789551090000,56441,56441,56436.4,56436.4,30,2214570
1789551120000,56436.4,56436.4,56418.2,56418.2,150,2214570
1789551150000,56418.2,56418.2,56418.2,56418.2,0,2214570
1789551180000,56430,56430,56395.4,56399,2910,2214480
1789551210000,56402,56419.8,56402,56419.8,300,2214420
1789551240000,56419.8,56419.8,56402,56412.2,240,2214420
1789551270000,56405,56411.2,56400,56407,480,2214180
1789551300000,56407,56407,56386.2,56400,390,2214180
1789551330000,56386,56400,56382,56400,450,2214000
1789551360000,56410,56410,56390,56390,330,2214000
1789551390000,56390,56400,56380,56380,450,2213850
1789551420000,56380,56422,56380,56422,570,2213850
1789551450000,56396,56397.8,56392.4,56392.4,210,2213220
1789551480000,56398,56420,56398,56420,90,2213220
1789551510000,56422,56422,56396.2,56396.2,180,2213100
1789551540000,56396.2,56396.2,56392,56392,960,2213100
1789551570000,56392,56419,56392,56419,390,2212350
1789551600000,56415,56422,56400.4,56400.4,690,2212350
1789551630000,56415.4,56415.4,56415.4,56415.4,60,2211870
1789551660000,56422,56428,56420,56420,480,2211870
1789551690000,56415.4,56415.4,56413.4,56413.4,90,2211870
1789551720000,56417,56417,56417,56417,180,2211630
1789551750000,56414.4,56415.4,56405,56405,480,2211510
1789551780000,56385.2,56417,56385.2,56401.8,540,2211510
1789551810000,56401.4,56417,56401.4,56417,150,2210400
1789551840000,56417,56417,56388.6,56417,300,2210400
1789551870000,56417,56430,56417,56417,270,2210040
1789551900000,56401.8,56440,56398,56440,1500,2210040
1789551930000,56413.2,56450,56410.6,56445.8,240,2208690
1789551960000,56446,56447.6,56409.4,56447.6,210,2208690
1789551990000,56447.6,56447.6,56442,56442,180,2208540
1789552020000,56445,56446.8,56435,56435,540,2208540
1789552050000,56435,56446.8,56412.2,56446.6,210,2208030
1789552080000,56412.2,56427.4,56412,56412.2,540,2208030
1789552110000,56400.2,56413.6,56398,56398,1890,2207760
1789552140000,56398,56406.4,56398,56406.4,660,2207760
1789552170000,56407,56411,56390,56396,1260,2207760
1789552200000,56390,56400,56390,56390,390,2207760
1789552230000,56400,56400.4,56390,56400.4,360,2207820
1789552260000,56397.6,56404,56397.6,56404,1290,2207820
1789552290000,56406,56406,56395,56395,180,2207730
1789552320000,56395,56409.8,56391.2,56403.6,270,2207730
1789552350000,56403.6,56417.8,56403.6,56415,510,2207580
1789552380000,56415,56420.8,56415,56415.4,330,2207580
1789552410000,56415.4,56419.4,56415.4,56416,210,2207670
1789552440000,56416,56425.4,56416,56425.4,150,2207670
1789552470000,56418,56425.4,56418,56423.8,240,2207550
1789552500000,56423.8,56423.8,56418,56419,180,2207550
1789552530000,56418,56419.2,56415,56415,1350,2207940
1789552560000,56410.8,56410.8,56400,56400,2550,2207940
1789552590000,56400,56402,56400,56402,60,2207280
1789552620000,56402,56409.4,56402,56406.8,360,2207280
1789552650000,56406.8,56407.6,56402,56406,210,2206950
1789552680000,56406,56407.8,56402,56407,270,2206950
1789552710000,56407,56408,56405.4,56407,690,2206920
1789552740000,56407.6,56418.4,56403,56418.4,2340,2206920
1789552770000,56418.4,56421,56415,56415,120,2206110
1789552800000,56426.2,56426.2,56415,56415,150,2206110
1789552830000,56415,56426.8,56415,56420,210,2206050
1789552860000,56420.8,56420.8,56420.8,56420.8,210,2206050
1789552890000,56420.8,56420.8,56415,56415,1500,2205900
1789552920000,56415,56415,56403,56403,150,2205900
1789552950000,56403,56404.4,56400,56400,1140,2206200
1789552980000,56400,56405.2,56398,56405.2,330,2206200
1789553010000,56405.2,56405.2,56402,56402,30,2206140
1789553040000,56402,56402.4,56400,56401.2,1140,2206140
1789553070000,56398,56398,56394,56396,270,2206380
1789553100000,56396,56396,56385,56385,1170,2206380
1789553130000,56381.2,56391.8,56381.2,56390,120,2205750
1789553160000,56390,56390,56386.8,56386.8,60,2205750
1789553190000,56382,56393,56381.4,56381.4,210,2205720
1789553220000,56393,56393,56383.2,56383.2,120,2205720
1789553250000,56391,56392,56382,56392,210,2205660
1789553280000,56392,56392,56389.8,56390,120,2205660
1789553310000,56390,56393.2,56390,56391.2,720,2205480
1789553340000,56385,56393.6,56385,56393.6,390,2205480
1789553370000,56385,56415.2,56385,56390,690,2205300
1789616700000,56371,56422,56290,56419.4,4710,2144190
1789616730000,56419.4,56425,56400,56407.2,1470,2144190
1789616760000,56399,56402,56360,56402,1380,2144010
1789616790000,56410,56480,56410,56466.8,1110,2144010
1789616820000,56431.4,56470,56425,56460,2400,2143770
1789616850000,56460,56472.6,56442.8,56472.6,510,2143770
1789616880000,56474.8,56500,56443.2,56491.6,2850,2143950
1789616910000,56499,56499.2,56445,56460,1530,2143950
1789616940000,56460.2,56478.8,56455,56477,210,2143710
1789616970000,56477,56495,56477,56495,630,2143710
1789617000000,56490,56507.2,56480,56496.8,810,2143710
1789617030000,56496.8,56508.6,56475,56490,1110,2143710
1789617060000,56490,56498.2,56475,56475,300,2143860
1789617090000,56451,56486,56447.4,56481,2280,2143860
1789617120000,56480,56485,56470,56470,1110,2144280
1789617150000,56470,56470,56435,56435,360,2144280
1789617180000,56430.8,56435,56420.2,56435,630,2144730
1789617210000,56434.8,56447.6,56434.4,56447.6,150,2144730
1789617240000,56447.6,56485,56447,56458.2,750,2145060
1789617270000,56458.2,56464.8,56435.6,56435.6,90,2145060
1789617300000,56435.6,56449.8,56435.6,56449.8,90,2144550
1789617330000,56445,56455,56435,56440,330,2144550
1789617360000,56447.2,56450,56430,56443,510,2144580
1789617390000,56430,56464.8,56430,56455,540,2144580
1789617420000,56455,56455,56430,56450,300,2144520
1789617450000,56450,56455,56433,56455,570,2144520
1789617480000,56444.6,56480,56444.6,56480,120,2144070
1789617510000,56480,56490,56465,56490,360,2144070
1789617540000,56490,56490,56481,56481,60,2143980
1789617570000,56481,56485.2,56481,56485.2,30,2143980
1789617600000,56490,56495,56490,56490,150,2143890
1789617630000,56495,56510,56495,56510,1110,2143890
1789617660000,56511,56549,56511,56548.8,15270,2143320
1789617690000,56548.8,56556,56523.6,56547,1380,2143320
1789617720000,56560,56599,56559,56599,2280,2145420
1789617750000,56599,56650,56598,56623.6,10260,2145420
1789617780000,56645,56668,56640,56650,3780,2138400
1789617810000,56657.6,56659.2,56601.2,56601.2,1470,2138400
1789617840000,56611,56656,56600.2,56635.6,2040,2136210
1789617870000,56635.6,56660,56635.6,56660,780,2136210
1789617900000,56660,56711,56650,56699,4710,2136090
1789617930000,56715,56748,56697.2,56730.2,1860,2136090
1789617960000,56730,56740,56700,56700,5910,2133210
1789617990000,56710,56719.4,56710,56710,1680,2133210
1789618020000,56702,56730.2,56702,56730,1980,2133540
1789618050000,56701,56734.2,56701,56710,750,2133540
1789618080000,56715.4,56725,56710,56710,720,2133360
1789618110000,56719.8,56719.8,56694,56694,1920,2133360
1789618140000,56691,56691,56660,56660,3780,2133330
1789618170000,56661,56670,56630,56630,1320,2133330
1789618200000,56639.6,56640.6,56600,56634.4,1530,2132820
1789618230000,56634.4,56634.4,56608.6,56618.2,450,2132820
1789618260000,56618.2,56648.8,56618.2,56643,480,2132610
1789618290000,56643,56643,56616.2,56620,210,2132610
1789618320000,56616,56625,56600,56605,960,2132940
1789618350000,56605,56605,56571,56578,750,2132940
1789618380000,56571,56571,56552,56554.4,1470,2132790
1789618410000,56554.4,56605,56554.4,56574.8,1530,2132790
1789618440000,56574.8,56600,56574.8,56574.8,270,2133510
1789618470000,56574.8,56600,56570.2,56591,480,2133510
1789618500000,56591,56625,56591,56606.6,300,2133570
1789618530000,56591,56591,56591,56591,120,2133570
1789618560000,56591,56591,56583,56583,150,2133690
1789618590000,56580,56601.8,56570,56601.8,570,2133690
1789618620000,56602,56602,56571,56580.8,210,2133540
1789618650000,56600,56606.6,56600,56606.6,150,2133540
1789618680000,56606.6,56639.8,56600,56600,390,2133630
1789618710000,56600,56600,56572,56590,420,2133630
1789618740000,56626.2,56626.2,56625.4,56625.4,90,2133630
1789618770000,56625.4,56626,56610,56610,300,2133660
1789618800000,56610,56610,56595,56595,330,2133720
1789618830000,56601.4,56601.4,56590,56590,210,2133720
1789618860000,56600,56600,56593,56599,90,2133420
1789618890000,56599,56601,56585,56585,360,2133420
1789618920000,56585,56600,56585,56600,960,2133480
1789618950000,56600,56638.6,56600,56638.4,150,2133480
1789618980000,56638.4,56638.4,56625.4,56625.4,30,2133480
1789619010000,56625.4,56625.4,56625.4,56625.4,30,2132910
1789619040000,56625.4,56625.4,56607.2,56625.4,150,2132970
1789619070000,56625.4,56636,56611,56636,90,2132970
1789619100000,56636,56636,56636,56636,270,2132880
1789619130000,56636,56636,56625,56625,60,2132880
1789619160000,56625,56625,56610,56613,1140,2132970
1789619190000,56611.2,56611.2,56609.8,56609.8,180,2132970
1789619220000,56609.8,56610,56600.2,56610,600,2132130
1789619250000,56618,56630,56618,56630,120,2132130
1789619280000,56635,56635,56615,56630,120,2132130
1789619310000,56630,56630,56602,56602,120,2132160
1789619340000,56600,56608.4,56600,56600,120,2132220
1789619370000,56600,56606,56600,56600,150,2132220
1789619400000,56600,56602.8,56575.2,56575.2,630,2132220
1789619430000,56600.6,56600.6,56600.6,56600.6,60,2132040
1789619460000,56600.6,56600.6,56576,56600,360,2132280
1789619490000,56600,56617.4,56600,56600,60,2132280
1789619520000,56600,56610,56600,56600.2,120,2132280
1789619550000,56621,56625,56600.2,56625,330,2132280
1789619580000,56625,56630,56620.6,56620.6,120,2132340
1789619610000,56620,56620,56617,56620,660,2132340
1789619640000,56620,56620,56620,56620,120,2132520
1789619670000,56621,56621,56620,56620,150,2132520
1789619700000,56620,56630,56606.2,56630,240,2132580
1789619730000,56640,56670,56640,56666.6,1590,2132580
1789619760000,56655,56670,56645,56645,270,2132670
1789619790000,56638,56674.4,56638,56674.4,630,2132670
1789619820000,56661.6,56661.6,56645.2,56645.2,120,2132730
1789619850000,56645.2,56645.2,56638,56638,300,2132730
1789619880000,56638,56638,56610.2,56620,240,2132730
1789619910000,56620,56649.8,56620,56649.8,150,2132580
1789619940000,56649.8,56649.8,56610.4,56610.4,60,2132580
1789619970000,56610.4,56638,56610.4,56638,30,2132610
1789620000000,56638,56645,56620.4,56620.4,120,2132580
1789620030000,56620.4,56650,56620.4,56650,60,2132580
1789620060000,56656.2,56656.2,56656.2,56656.2,60,2132580
1789620090000,56656.2,56674,56650,56650,90,2132490
1789620120000,56650.8,56673.8,56650.8,56673.8,240,2132430
1789620150000,56673.8,56677,56673.8,56677,240,2132430
1789620180000,56673.8,56675,56672,56675,270,2132280
1789620210000,56672,56680,56670,56670,360,2132280
1789620240000,56672,56672,56665,56665,60,2131980
1789620270000,56665,56677.4,56665,56677.4,180,2131980
1789620300000,56677.4,56695.2,56665,56681,1110,2131710
1789620330000,56686.2,56688.2,56673.6,56673.6,240,2131710
1789620360000,56666,56668.8,56654.2,56654.2,1290,2131290
1789620390000,56654.2,56654.2,56652,56652,120,2131290
1789620420000,56652,56654.8,56650.2,56650.2,570,2131350
1789620450000,56631,56634,56630,56634,120,2131350
1789620480000,56634,56634,56612,56612,300,2131290
1789620510000,56612,56612,56605,56605,120,2131290
1789620540000,56605,56634,56605,56630,210,2131290
1789620570000,56630,56630,56630,56630,0,2131290
1789620600000,56630,56630,56602,56628.6,180,2131320
1789620630000,56630,56630,56608,56608,90,2131260
1789620660000,56644.4,56650,56616,56650,360,2131260
1789620690000,56650,56650,56642.4,56642.4,210,2131170
1789620720000,56642.4,56643.2,56615,56643.2,600,2131170
1789620750000,56643.2,56643.2,56610,56610,120,2131170
1789620780000,56610,56624,56605,56605,300,2131170
1789620810000,56601,56601,56592,56592,240,2130750
1789620840000,56582.2,56607,56582.2,56605.8,270,2130750
1789620870000,56605.8,56605.8,56580,56584.4,240,2130750
1789620900000,56576.2,56576.2,56572,56572,480,2130750
1789620930000,56571,56588,56564,56588,390,2130630
1789620960000,56561,56588,56561,56580,570,2130330
1789620990000,56580,56580,56580,56580,90,2130330
1789621020000,56588,56610,56580,56610,540,2130330
1789621050000,56610,56610,56582,56609.2,60,2130180
1789621080000,56609.2,56609.2,56580,56580,180,2130180
1789621110000,56580,56585.4,56578.8,56578.8,360,2130240
1789621140000,56579.8,56598.2,56579.8,56594.2,150,2130240
1789621170000,56594.2,56594.2,56594.2,56594.2,0,2130240
1789621200000,56588.8,56588.8,56566,56566,240,2130390
1789621230000,56575,56590,56557,56557,300,2130450
1789621260000,56560,56561,56508,56525,2430,2130450
1789621290000,56525,56548.4,56506,56548.4,450,2130480
1789621320000,56511.6,56555.2,56511.4,56549.8,330,2130480
1789621350000,56549.8,56549.8,56530,56530,510,2130390
1789621380000,56520,56540,56515,56515,690,2130390
1789621410000,56515,56515,56510,56510.6,90,2131050
1789621440000,56545.6,56549,56515.2,56515.2,510,2131050
1789621470000,56525,56525,56505,56505,660,2131320
1789621500000,56505,56516.4,56480,56480,2070,2129880
1789621530000,56480,56520,56480,56497.8,300,2129880
1789621560000,56500.2,56537.2,56500.2,56512,390,2129880
1789621590000,56510,56548,56510,56548,210,2130030
1789621620000,56548,56560,56535,56535,270,2130210
1789621650000,56535,56550,56535,56550,60,2130210
1789621680000,56550,56550,56516.8,56516.8,390,2130210
1789621710000,56516.8,56525.6,56510,56510,90,2130360
1789621740000,56510,56533.8,56510,56533.8,420,2130360
1789621770000,56533.8,56533.8,56510,56510,120,2130360
1789621800000,56525.8,56526.2,56510,56526.2,270,2130360
1789621830000,56510,56511,56510,56511,60,2130240
1789621860000,56511,56542,56511,56542,210,2130240
1789621890000,56542,56542,56540,56540,30,2130330
1789621920000,56540,56540,56505,56505,540,2130330
1789621950000,56505,56505,56485.8,56485.8,570,2130300
1789621980000,56485.8,56485.8,56480,56485,540,2130300
1789622010000,56485,56489.8,56480,56480,240,2130330
1789622040000,56480,56480,56471.4,56477,90,2130330
1789622070000,56480.8,56480.8,56480.8,56480.8,120,2130390
1789622100000,56473.2,56473.2,56405,56420,3150,2130390
1789622130000,56420.2,56464.4,56412.6,56450,900,2128950
1789622160000,56450,56463.6,56435.2,56440,210,2128950
1789622190000,56450,56450,56441.6,56450,120,2128500
1789622220000,56459,56460,56459,56460,240,2128500
1789622250000,56468.6,56473.6,56461.4,56464.2,4290,2128800
1789622280000,56464.2,56464.2,56445,56445,720,2128800
1789622310000,56445.2,56448,56435,56435,390,2130210
1789622340000,56440,56440,56435,56435,810,2130210
1789622370000,56435,56440,56435,56440,150,2130930
1789622400000,56437.6,56437.6,56411,56435.8,1020,2130930
1789622430000,56435.6,56448,56435.6,56448,330,2130570
1789622460000,56448,56465,56448,56451.6,270,2130570
1789622490000,56457,56457,56457,56457,60,2130570
1789622520000,56450,56458,56440,56440,300,2130780
1789622550000,56445.8,56445.8,56435.6,56435.6,510,2130990
1789622580000,56435.6,56435.6,56435.6,56435.6,30,2130990
1789622610000,56435.6,56441.6,56435.6,56441.6,90,2131350
1789622640000,56441.6,56441.6,56435.6,56441.2,240,2131350
1789622670000,56441.2,56443.6,56441.2,56443.6,90,2131320
1789622700000,56455.8,56455.8,56430,56430,150,2131320
1789622730000,56430,56445,56430,56445,30,2131290
1789622760000,56445,56445,56445,56445,0,2131290
1789622790000,56445,56450,56445,56450,60,2131320
1789622820000,56450,56460,56450,56459,120,2131320
1789622850000,56459,56462.8,56445,56445,180,2131320
1789622880000,56445,56450,56439.8,56439.8,360,2131320
1789622910000,56430,56440,56430,56440,90,2131350
1789622940000,56425.6,56445.4,56420,56445.4,240,2131350
1789622970000,56415,56438.4,56415,56415,90,2131200
1789623000000,56415,56415,56381,56381,1980,2131200
1789623030000,56390,56390,56360,56360.2,1650,2130690
1789623060000,56361,56369.8,56360,56360,690,2130690
1789623090000,56360,56360,56331,56360,2970,2129910
1789623120000,56362,56362,56350,56362,210,2129910
1789623150000,56365,56365,56345,56345,510,2129520
1789623180000,56335,56339.6,56310,56335,2190,2129520
1789623210000,56338.6,56338.6,56314.6,56324,300,2128380
1789623240000,56324,56324,56314.6,56315,330,2128380
1789623270000,56311,56325.8,56310,56313.2,420,2128350
1789623300000,56314.6,56314.6,56270,56272.2,4380,2128350
1789623330000,56275,56290,56260,56270,2160,2128560
1789623360000,56260,56285,56254.2,56275,750,2128560
1789623390000,56275,56285,56251,56251,870,2130030
1789623420000,56248.2,56269,56246,56246,1410,2130030
1789623450000,56265.8,56269.8,56239,56250,1860,2130480
1789623480000,56250,56265.2,56240,56242,750,2130480
1789623510000,56242,56260,56242,56260,240,2131830
1789623540000,56260,56260,56236.6,56259.8,840,2131830
1789623570000,56259.8,56260,56240.6,56240.6,570,2132460
1789623600000,56250,56269.8,56230,56250,2010,2132460
1789623630000,56250,56270,56250,56250,240,2133510
1789623660000,56250,56250,56250,56250,900,2133510
1789623690000,56250,56270,56250,56270,210,2133420
1789623720000,56270,56270,56251.8,56270,90,2133420
1789623750000,56260,56296.2,56260,56296.2,660,2133420
1789623780000,56297,56307.6,56275.2,56306.2,540,2133420
1789623810000,56306.2,56311,56280,56306.8,450,2133390
1789623840000,56306.8,56328,56293.6,56325,270,2133390
1789623870000,56323.2,56323.2,56290,56290,300,2133330
1789623900000,56282.8,56321,56282.8,56283.4,510,2133330
1789623930000,56283.4,56283.4,56283.4,56283.4,0,2133330
1789623960000,56283.6,56312.4,56283.6,56301.8,300,2133330
1789623990000,56296.4,56296.4,56280,56280,180,2133420
1789624020000,56280,56296.6,56280,56294,210,2133420
1789624050000,56280,56300,56280,56300,270,2133570
1789624080000,56310,56317.4,56281,56317.4,120,2133570
1789624110000,56320,56341.4,56320,56341.4,3030,2133720
1789624140000,56342.2,56345,56321.4,56340,270,2133720
1789624170000,56340.4,56340.4,56340,56340,60,2133570
1789624200000,56340,56340,56327,56339.8,210,2133570
1789624230000,56316.8,56344,56316.8,56344,420,2133660
1789624260000,56344,56354,56344,56354,360,2133660
1789624290000,56354,56354.8,56325,56354.8,360,2133600
1789624320000,56322,56341.6,56320,56320,480,2133600
1789624350000,56301,56309.8,56300,56300,390,2133840
1789624380000,56300,56302.8,56299.2,56302.8,60,2133840
1789624410000,56302.8,56302.8,56282.8,56293.6,150,2133870
1789624440000,56293.6,56293.6,56293.6,56293.6,0,2133870
1789624470000,56294.8,56303,56294.8,56300,210,2133810
1789624500000,56300,56308,56285,56308,90,2133810
1789624530000,56300.4,56308.8,56300.4,56308.8,330,2133900
1789624560000,56285.2,56308.8,56281,56282,660,2133900
1789624590000,56281,56310,56275.2,56310,180,2134170
1789624620000,56282.8,56293.6,56280.2,56293.6,90,2134170
1789624650000,56293.6,56293.6,56287,56287,30,2134170
1789624680000,56287,56313.4,56287,56313.4,90,2134170
1789624710000,56300.6,56315,56296.8,56300,420,2134290
1789624740000,56305,56310,56305,56310,120,2134290
1789624770000,56310,56310,56287,56287,30,2134350
1789624800000,56282,56308.6,56280.2,56280.2,300,2134350
1789624830000,56280.2,56286.8,56280,56286.8,90,2134440
1789624860000,56286.8,56305,56286.6,56305,90,2134440
1789624890000,56305,56305,56281,56281,180,2134560
1789624920000,56281,56309.2,56280,56299.6,480,2134560
1789624950000,56281,56305,56280,56280.2,2160,2134770
1789624980000,56304.8,56317,56284.2,56284.2,1080,2134770
1789625010000,56290.4,56317.4,56287.4,56287.4,660,2135550
1789625040000,56317.4,56324.8,56289.4,56297.8,840,2135550
1789625070000,56297.8,56324.8,56297.8,56324.8,30,2135250
1789625100000,56323.4,56323.4,56310.4,56310.4,390,2135250
1789625130000,56310.4,56310.4,56307.6,56307.6,30,2135250
1789625160000,56307.6,56316.2,56307.6,56316.2,90,2135010
1789625190000,56324.8,56346.2,56324.8,56341.8,210,2135010
1789625220000,56330,56347.2,56311.4,56330.2,930,2135010
1789625250000,56330.2,56336.8,56330.2,56336.8,60,2134980
1789625280000,56336.8,56336.8,56336,56336,90,2134980
1789625310000,56336,56347.6,56336,56347.6,300,2134890
1789625340000,56347.6,56347.6,56319.6,56319.6,270,2134890
1789625370000,56319.6,56319.6,56319.6,56319.6,0,2134890
1789625400000,56324.2,56348.6,56321,56328.8,150,2134920
1789625430000,56328.8,56328.8,56321,56321.2,60,2135100
1789625460000,56321.2,56321.2,56321.2,56321.2,0,2135100
1789625490000,56321.2,56321.2,56321.2,56321.2,0,2135100
1789625520000,56348.4,56349,56328,56349,180,2135100
1789625550000,56355,56368,56332.6,56368,420,2135070
1789625580000,56368,56375,56355.6,56375,210,2135070
1789625610000,56376,56393,56376,56393,750,2134290
1789625640000,56398.2,56401,56390,56401,390,2134290
1789625670000,56401,56401,56383,56400,270,2134290
1789625700000,56400,56404,56400,56403,240,2133990
1789625730000,56400,56402,56383,56383,150,2133990
1789625760000,56383,56383,56375,56377,120,2133930
1789625790000,56376.6,56376.6,56367.8,56367.8,150,2133870
1789625820000,56358,56358,56352.8,56352.8,120,2133870
1789625850000,56352.8,56368.8,56352.8,56368.8,30,2133870
1789625880000,56368.8,56369,56368.8,56369,30,2133810
1789625910000,56369,56375.6,56368.8,56368.8,90,2133810
1789625940000,56368.8,56368.8,56368,56368,30,2133810
1789625970000,56368,56368,56368,56368,0,2133810
1789626000000,56368,56368,56353.2,56353.2,60,2133810
1789626030000,56368,56368,56366.8,56366.8,60,2133840
1789626060000,56366.8,56368,56366.8,56368,30,2133840
1789626090000,56380,56390,56380,56390,90,2133810
1789626120000,56400,56416,56400,56416,420,2133810
1789626150000,56421,56448,56421,56440,1410,2133810
1789626180000,56425,56425,56400,56400,360,2133240
1789626210000,56400,56404.4,56391,56391,1080,2133240
1789626240000,56392,56400,56391.4,56400,2130,2133180
1789626270000,56400,56410.2,56400,56410.2,30,2133180
1789626300000,56390,56390,56375,56375,450,2133630
1789626330000,56375.6,56399.8,56375,56384.6,360,2134140
1789626360000,56385.8,56420,56385.8,56420,150,2134140
1789626390000,56420,56428,56404.4,56428,570,2133750
1789626420000,56439.8,56440,56439.8,56439.8,180,2133750
1789626450000,56439.8,56449.8,56439.8,56439.8,1350,2133750
1789626480000,56441,56449,56441,56441,480,2132580
1789626510000,56440,56447.4,56439.8,56439.8,180,2132550
1789626540000,56439.8,56446.8,56435,56446.8,90,2132550
1789626570000,56430,56462,56430,56462,840,2132070
1789626600000,56465,56499,56465,56499,1770,2132070
1789626630000,56479,56497.4,56479,56484.2,600,2130660
1789626660000,56485.8,56490,56480.2,56480.4,810,2130660
1789626690000,56490,56490,56465,56470,330,2130540
1789626720000,56470,56470,56470,56470,30,2130540
1789626750000,56482.8,56489.6,56470,56480,180,2130570
1789626780000,56484.8,56487,56470,56487,390,2130570
1789626810000,56487,56487,56465,56465,240,2130510
1789626840000,56438.6,56438.6,56438.6,56438.6,150,2130510
1789626870000,56438.6,56476.4,56438.6,56455,180,2130570
1789626900000,56443.4,56443.4,56443.4,56443.4,90,2130570
1789626930000,56443.4,56470,56443.4,56470,30,2130570
1789626960000,56476.4,56497.8,56464.4,56497.8,540,2130600
1789626990000,56487.8,56527,56487.8,56517,1050,2130030
1789627020000,56520,56585,56512.8,56585,3000,2130030
1789627050000,56588,56588,56560,56560,2160,2126970
1789627080000,56560,56580,56551.2,56580,570,2126970
1789627110000,56580,56580,56554.6,56580,630,2126820
1789627140000,56580,56592.4,56580,56592.4,1050,2126820
1789627170000,56590,56590,56580,56580,1320,2126730
1789627200000,56580,56594,56580,56585,870,2126730
1789627230000,56589.6,56595,56585,56595,810,2126490
1789627260000,56595,56595,56580,56594.8,240,2126490
1789627290000,56595,56610,56595,56606.8,1950,2125620
1789627320000,56600.2,56610,56599,56607.4,1680,2125620
1789627350000,56607.4,56607.4,56585,56600,210,2126160
1789627380000,56600,56607,56590,56590,870,2126160
1789627410000,56600,56606,56584.4,56606,120,2126160
1789627440000,56610.2,56620,56610,56610,690,2125590
1789627470000,56610,56612.6,56606,56606,150,2125590
1789627500000,56613.2,56620,56599,56599,420,2125740
1789627530000,56599,56599,56579.8,56579.8,90,2125800
1789627560000,56580,56595,56580,56595,120,2125800
1789627590000,56580.2,56617.8,56580.2,56614.8,690,2125800
1789627620000,56614.8,56620,56614.8,56620,270,2125290
1789627650000,56592.8,56620,56589,56589,1200,2125290
1789627680000,56589,56620,56589,56619.8,270,2125380
1789627710000,56619.8,56619.8,56591.8,56591.8,150,2125380
1789627740000,56591.8,56602.6,56580,56600,120,2125170
1789627770000,56600,56600,56596.8,56596.8,60,2125170
1789627800000,56596.8,56600,56577,56577,570,2123970
1789627830000,56577,56599.2,56577,56599.2,180,2123970
1789627860000,56599.2,56599.2,56599.2,56599.2,0,2123970
1789627890000,56580,56580,56580,56580,90,2123580
1789627920000,56580,56580,56580,56580,90,2123610
1789627950000,56580,56605,56580,56605,1650,2123610
1789627980000,56606,56640,56606,56638.2,1110,2122470
1789628010000,56642,56648,56625,56630,600,2122470
1789628040000,56630,56630,56616,56616,990,2121870
1789628070000,56615.8,56615.8,56600,56600,660,2121870
1789628100000,56600,56605,56600,56605,210,2122170
1789628130000,56605,56605,56600,56600,750,2122170
1789628160000,56580,56580,56580,56580,210,2122350
1789628190000,56575,56575,56570,56570,240,2122350
1789628220000,56568.8,56568.8,56530,56550,960,2122350
1789628250000,56550,56550,56545.2,56545.2,90,2122350
1789628280000,56545.2,56545.2,56545.2,56545.2,150,2121870
1789628310000,56546,56546,56546,56546,150,2121870
1789628340000,56546,56556,56546,56556,30,2121690
1789628370000,56556,56556,56547,56547,30,2121690
1789628400000,56547,56558.8,56545,56545,270,2121660
1789628430000,56550,56550,56534,56538.8,330,2121660
1789628460000,56538.8,56538.8,56536,56536,90,2121660
1789628490000,56536,56536,56536,56536,0,2121660
1789628520000,56538,56566.4,56538,56566.4,210,2121630
1789628550000,56566.4,56566.4,56566.4,56566.4,0,2121630
1789628580000,56570,56570,56536.2,56536.2,420,2121630
1789628610000,56536.2,56570,56536.2,56570,30,2121630
1789628640000,56570,56570,56570,56570,0,2121630
1789628670000,56570,56570,56570,56570,30,2121840
1789628700000,56570,56570,56560.8,56560.8,150,2121840
1789628730000,56560.8,56579,56560.8,56579,60,2121840
1789628760000,56585,56590,56585,56590,180,2121810
1789628790000,56590,56590,56590,56590,30,2121810
1789628820000,56590,56600,56590,56600,480,2121780
1789628850000,56600,56608,56590,56608,90,2121780
1789628880000,56608,56608,56586.8,56586.8,120,2121630
1789628910000,56586.8,56614.8,56583.4,56583.4,90,2121630
1789628940000,56615,56617.4,56615,56615.8,150,2121630
1789628970000,56615.8,56615.8,56609.6,56609.6,60,2121630
1789629000000,56609.6,56609.6,56609.6,56609.6,0,2121630
1789629030000,56609.6,56609.6,56600,56600,150,2121660
1789629060000,56615,56615,56615,56615,90,2121660
1789629090000,56600,56605,56600,56605,240,2121750
1789629120000,56605,56625,56600,56625,270,2121840
1789629150000,56625,56625,56619.8,56619.8,90,2121840
1789629180000,56619.8,56622.4,56600,56605,210,2121780
1789629210000,56605,56610,56600,56610,900,2121780
1789629240000,56600,56604.2,56562.4,56591.8,1470,2123190
1789629270000,56591.8,56591.8,56591.8,56591.8,0,2123190
1789629300000,56581.4,56581.4,56581.4,56581.4,60,2123190
1789629330000,56581.2,56581.4,56581.2,56581.4,90,2123040
1789629360000,56581.4,56581.4,56581.4,56581.4,0,2123040
1789629390000,56581.4,56597.2,56560,56560,240,2122950
1789629420000,56560,56565.6,56560,56565.6,30,2123010
1789629450000,56565.6,56565.6,56560,56560,30,2123010
1789629480000,56565.6,56565.6,56552,56552,180,2123040
1789629510000,56552,56552,56525,56525,420,2123040
1789629540000,56548.6,56548.8,56517,56517,210,2122890
1789629570000,56517,56538.6,56517,56538.6,540,2122890
1789629600000,56538.6,56549,56523.8,56549,270,2122980
1789629630000,56521,56523.6,56521,56523.6,120,2122980
1789629660000,56523.6,56556,56523.6,56556,30,2122680
1789629690000,56552,56552,56521,56531,270,2122680
1789629720000,56531,56534.8,56531,56534.8,30,2122620
1789629750000,56534.8,56534.8,56534.8,56534.8,0,2122620
1789629780000,56534.8,56534.8,56524.4,56524.4,60,2122620
1789629810000,56524.4,56524.4,56524.4,56524.4,0,2122620
1789629840000,56534.8,56550,56529.8,56529.8,360,2122620
1789629870000,56538.2,56538.2,56524,56524,270,2122620
1789629900000,56524,56535.6,56502,56507.8,390,2122920
1789629930000,56505,56530,56503.6,56507,330,2122920
1789629960000,56508.4,56511,56507,56511,210,2123040
1789629990000,56508.2,56508.2,56505.6,56505.6,90,2123040
1789630020000,56506,56506.2,56506,56506.2,120,2123160
1789630050000,56507.6,56530,56507.6,56530,300,2123160
1789630080000,56534.8,56539,56534.8,56539,90,2123100
1789630110000,56535.8,56535.8,56535.8,56535.8,60,2123100
1789630140000,56535.8,56535.8,56535.8,56535.8,60,2123190
1789630170000,56535.8,56535.8,56523.6,56525.2,90,2123190
1789630200000,56526.2,56549.8,56526.2,56549.8,180,2123400
1789630230000,56549.8,56549.8,56533.2,56549.6,180,2123400
1789630260000,56549.6,56549.6,56549.6,56549.6,0,2123400
1789630290000,56549.6,56549.6,56530,56530,180,2123520
1789630320000,56530,56530,56530,56530,60,2123580
1789630350000,56530,56530,56530,56530,300,2123580
1789630380000,56530,56530,56520,56520,60,2123550
1789630410000,56540,56540,56540,56540,90,2123550
1789630440000,56540,56540,56540,56540,0,2123550
1789630470000,56525,56535,56525,56535,60,2123640
1789630500000,56508.2,56511,56508.2,56511,60,2123670
1789630530000,56511,56535,56509.8,56509.8,1350,2123670
1789630560000,56507.6,56530,56507.6,56510,540,2124390
1789630590000,56510,56518.4,56506.2,56506.2,150,2124390
1789630620000,56506.2,56506.2,56500,56501.4,450,2124570
1789630650000,56501.4,56501.4,56501.4,56501.4,0,2124570
1789630680000,56491,56497.8,56491,56497.8,150,2124390
1789630710000,56497.8,56498,56497.8,56498,270,2124390
1789630740000,56498,56505.2,56498,56505.2,60,2124510
1789630770000,56505.2,56524,56505.2,56524,90,2124510
1789630800000,56524,56524,56524,56524,0,2124510
1789630830000,56524,56524,56524,56524,0,2124510
1789630860000,56510,56511.2,56500.6,56511.2,330,2124720
1789630890000,56511.2,56524,56500.6,56500.6,120,2124720
1789630920000,56500.6,56500.6,56500.6,56500.6,0,2124720
1789630950000,56500.6,56500.6,56500.6,56500.6,0,2124720
1789630980000,56500.6,56501,56500.6,56501,30,2124840
1789631010000,56501,56510,56501,56510,60,2124870
1789631040000,56510,56510,56510,56510,0,2124870
1789631070000,56500.6,56500.6,56491,56491,240,2124900
1789631100000,56491,56491,56466,56466,600,2124900
1789631130000,56465,56465,56460.8,56460.8,120,2124900
1789631160000,56460.8,56460.8,56450,56451.4,210,2124810
1789631190000,56446.2,56463.8,56446.2,56451.8,330,2124810
1789631220000,56451.8,56480,56451.8,56451.8,90,2124840
1789631250000,56451.8,56473.8,56451.8,56473.8,270,2124840
1789631280000,56473.8,56473.8,56473.8,56473.8,0,2124840
1789631310000,56473.8,56473.8,56470,56470,360,2124900
1789631340000,56470,56470,56470,56470,0,2124900
1789631370000,56470.6,56480,56470.6,56473.8,90,2124840
1789631400000,56473.8,56473.8,56456,56456,90,2124840
1789631430000,56460,56460.4,56455,56460.4,300,2124840
1789631460000,56460.4,56463.4,56460.4,56463.4,30,2124840
1789631490000,56470,56484.8,56470,56484.8,240,2124780
1789631520000,56484.8,56484.8,56484.6,56484.6,30,2124780
1789631550000,56468,56468,56450,56450.6,450,2124570
1789631580000,56450.6,56450.6,56440,56440,90,2124390
1789631610000,56440,56440,56438,56438,120,2124390
1789631640000,56436.2,56440,56433,56433,120,2124330
1789631670000,56433,56438,56430,56430,180,2124330
1789631700000,56428,56428,56400,56400,2490,2124450
1789631730000,56400,56412.4,56385,56385,330,2124450
1789631760000,56381.2,56399.8,56375,56381.2,360,2124330
1789631790000,56378,56381,56378,56381,90,2124330
1789631820000,56399,56399.8,56339.8,56339.8,3390,2124750
1789631850000,56333.2,56340,56333.2,56339.8,450,2124750
1789631880000,56354.8,56354.8,56300,56305,2340,2125800
1789631910000,56360,56368,56333.2,56341.4,540,2125800
1789631940000,56340,56371.2,56340,56350,510,2125800
1789631970000,56365.2,56365.2,56340,56340,210,2125800
1789632000000,56335,56335,56286.6,56286.6,1920,2126340
1789632030000,56301.6,56306,56286.6,56301,1110,2126340
1789632060000,56301,56325.4,56301,56325.4,240,2127270
1789632090000,56325.4,56325.4,56310,56310,180,2127270
1789632120000,56310,56320,56310,56311,210,2127420
1789632150000,56315,56327,56311,56311,270,2127420
1789632180000,56332,56332.8,56311,56311,270,2127780
1789632210000,56315,56315,56290,56290,1620,2127780
1789632240000,56287,56294.6,56284,56294.6,420,2128650
1789632270000,56294.6,56300,56284,56284,240,2128650
1789632300000,56285,56285,56255,56278.8,3240,2129790
1789632330000,56275,56291.6,56254,56271.4,13440,2129790
1789632360000,56268.4,56270,56265,56270,330,2127240
1789632390000,56270,56273,56246.8,56260,1830,2127240
1789632420000,56260,56279.8,56260,56279.8,450,2127660
1789632450000,56279.8,56280,56277.4,56277.4,900,2127660
1789632480000,56277,56280,56267,56267,540,2128350
1789632510000,56264.2,56270,56263.4,56270,150,2128350
1789632540000,56270,56286.6,56269.8,56286.6,630,2129100
1789632570000,56286.6,56300,56285,56300,960,2129100
1789632600000,56286.6,56310.4,56286.6,56310.4,1080,2129490
1789632630000,56310.4,56328.2,56310.2,56320,660,2129490
1789632660000,56320,56331,56306.6,56331,660,2130750
1789632690000,56331,56366.8,56331,56341,750,2130750
1789632720000,56340,56345.6,56304.4,56304.4,480,2130810
1789632750000,56304.4,56325.2,56295,56295,600,2130810
1789632780000,56294.6,56316.8,56294.6,56316.8,300,2130810
1789632810000,56300,56309,56300,56300,180,2130870
1789632840000,56300,56315.6,56300,56300,90,2130930
1789632870000,56300,56300,56286.6,56288,90,2130930
1789632900000,56288,56288,56265,56265,180,2131020
1789632930000,56265,56278,56265,56267.8,240,2131020
1789632960000,56267.8,56290.4,56267.8,56290.4,30,2131230
1789632990000,56290.4,56290.4,56290.4,56290.4,90,2131230
1789633020000,56290.4,56295,56290.4,56292,60,2131350
1789633050000,56292,56292,56290,56290,750,2131350
1789633080000,56290,56294,56290,56294,390,2131980
1789633110000,56281.6,56291,56276,56282.4,360,2131980
1789633140000,56272,56284,56268.2,56273.4,330,2131800
1789633170000,56269,56302.6,56268.2,56270.6,510,2131800
1789633200000,56271.4,56271.4,56267.8,56267.8,450,2131800
1789633230000,56267.8,56301.2,56267.8,56271.8,270,2132340
1789633260000,56271.8,56300,56271.8,56300,30,2132400
1789633290000,56301,56301.2,56288,56290,120,2132400
1789633320000,56301.2,56301.2,56301.2,56301.2,60,2132400
1789633350000,56301.2,56310,56301.2,56310,60,2132490
1789633380000,56305,56305,56291,56291,240,2132490
1789633410000,56291,56291,56285,56285,60,2132730
1789633440000,56285,56285,56272,56279,360,2132730
1789633470000,56266.8,56300,56266.8,56281.4,390,2132970
1789633500000,56279.6,56307.4,56279,56284.6,180,2132970
1789633530000,56304.6,56305,56295,56305,150,2133360
1789633560000,56314.8,56314.8,56314.8,56314.8,30,2133360
1789633590000,56305,56314.8,56303,56314.8,90,2133450
1789633620000,56314.8,56314.8,56302,56308,420,2133540
1789633650000,56315.6,56315.6,56305,56305,210,2133540
1789633680000,56305,56305,56305,56305,150,2133540
1789633710000,56305,56315,56305,56315,90,2133720
1789633740000,56315,56320,56315,56320,60,2133720
1789633770000,56320,56322.6,56320,56321.4,240,2133780
1789633800000,56321.4,56321.4,56313.8,56313.8,120,2133780
1789633830000,56319.6,56325,56319.6,56320,120,2133570
1789633860000,56320,56325,56308,56325,210,2133720
1789633890000,56321.6,56334.6,56321.6,56334.6,120,2133720
1789633920000,56334.6,56335,56330,56330,120,2133810
1789633950000,56330,56330,56305,56305,60,2133810
1789633980000,56305,56305,56302,56302,30,2133810
1789634010000,56302,56313,56302,56313,30,2133870
1789634040000,56305,56318,56304.2,56318,120,2133870
1789634070000,56333.8,56334,56320.8,56334,180,2133780
1789634100000,56334,56339.8,56333.8,56339.8,150,2133870
1789634130000,56339.8,56339.8,56339.8,56339.8,30,2133870
1789634160000,56339.8,56345,56332.6,56344.8,180,2133870
1789634190000,56344.8,56344.8,56326.4,56326.4,150,2133900
1789634220000,56326.6,56349,56326.6,56349,240,2130660
1789634250000,56355,56360,56355,56360,1170,2130660
1789634280000,56360,56364,56360,56364,210,2130660
1789634310000,56364,56364,56360,56360,180,2130330
1789634340000,56360,56364.4,56332.2,56364.4,210,2130330
1789634370000,56364.8,56364.8,56364.4,56364.4,60,2130390
1789634400000,56364.4,56364.4,56340.6,56364.4,630,2130390
1789634430000,56364.4,56364.4,56364.4,56364.4,0,2130390
1789634460000,56364.4,56364.4,56364.4,56364.4,0,2130390
1789634490000,56364.4,56364.4,56364.4,56364.4,0,2130390
1789634520000,56364.4,56364.4,56333,56333,90,2131050
1789634550000,56333,56333,56333,56333,0,2131050
1789634580000,56333,56333,56333,56333,0,2131050
1789634610000,56333,56340,56333,56340,90,2131050
1789634640000,56340,56350,56340,56350,30,2131050
1789634670000,56350,56350,56350,56350,0,2131050
1789634700000,56350,56350,56331,56331,120,2131140
1789634730000,56331,56331,56321,56321,240,2131200
1789634760000,56321,56321,56300,56319.6,360,2131200
1789634790000,56319.6,56319.6,56286.6,56299.8,510,2131620
1789634820000,56299.8,56299.8,56280.2,56280.2,330,2131620
1789634850000,56280.2,56303,56280.2,56291.4,90,2132220
1789634880000,56291.4,56291.4,56291.4,56291.4,0,2132220
1789634910000,56313.8,56323.2,56313,56323.2,1380,2132190
1789634940000,56323.2,56356.2,56323.2,56356.2,570,2132190
1789634970000,56330,56330,56330,56330,30,2132190
1789635000000,56330,56330,56330,56330,0,2132190
1789635030000,56330,56334,56330,56334,30,2131350
1789635060000,56334,56334,56334,56334,0,2131350
1789635090000,56334,56349,56334,56349,150,2131380
1789635120000,56349,56364,56349,56358,240,2131380
1789635150000,56358,56365,56358,56364,90,2131410
1789635180000,56360,56362,56355,56362,120,2131410
1789635210000,56362,56364,56355,56364,90,2131410
1789635240000,56364,56364.8,56364,56364.8,30,2131410
1789635270000,56364.8,56364.8,56364.8,56364.8,0,2131410
1789635300000,56364.8,56364.8,56350,56350,150,2131500
1789635330000,56357.6,56357.6,56350,56350,90,2131500
1789635360000,56334.4,56340,56334.4,56340,120,2131500
1789635390000,56340,56340,56330,56330,30,2131530
1789635420000,56330,56330,56330,56330,0,2131530
1789635450000,56330,56330,56330,56330,30,2131530
1789635480000,56330,56330,56330,56330,30,2131590
1789635510000,56330,56330,56330,56330,0,2131590
1789635540000,56330,56357.8,56330,56357.8,270,2131620
1789635570000,56357.8,56357.8,56357.8,56357.8,0,2131620
1789635600000,56357.8,56365,56357.8,56365,180,2131890
1789635630000,56365,56365,56364.8,56364.8,90,2131890
1789635660000,56364.8,56365,56364.8,56365,300,2131890
1789635690000,56350,56365,56350,56365,330,2131890
1789635720000,56365,56365,56365,56365,30,2132370
1789635750000,56365,56365,56365,56365,0,2132370
1789635780000,56338.2,56350,56328.8,56339.6,330,2132370
1789635810000,56337.4,56347.4,56332.4,56333.6,360,2132640
1789635840000,56333.6,56347,56333.6,56347,60,2132640
1789635870000,56347,56347,56335,56345,120,2133000
1789635900000,56345,56345,56335,56335,90,2133000
1789635930000,56335,56346.4,56335,56342,120,2133120
1789635960000,56350,56350,56348.2,56348.2,120,2133120
1789635990000,56352,56352.8,56352,56352.8,60,2133270
1789636020000,56353,56358.8,56353,56358.8,150,2133270
1789636050000,56358.8,56424.6,56337,56401,3510,2133420
1789636080000,56401,56401.8,56376,56376,240,2133420
1789636110000,56400,56400,56376.4,56376.4,120,2132910
1789636140000,56374.8,56399.8,56361.6,56369.6,240,2132910
1789636170000,56400,56400,56385,56400,690,2133090
1789636200000,56369,56375,56362,56364.8,240,2133090
1789636230000,56364.8,56364.8,56357.6,56357.6,30,2133090
1789636260000,56357.6,56357.6,56357.6,56357.6,0,2133090
1789636290000,56367,56367,56367,56367,30,2133120
1789636320000,56367,56370,56352,56352,330,2133120
1789636350000,56352,56352,56352,56352,30,2133090
1789636380000,56350,56356.2,56337.6,56337.6,120,2133090
1789636410000,56337.6,56345.4,56337,56337,120,2133180
1789636440000,56337,56339.2,56311.2,56311.2,390,2133180
1789636470000,56311.2,56313.8,56311.2,56313.8,30,2133210
1789636500000,56313.8,56315,56313.8,56315,30,2133210
1789636530000,56315,56316.6,56315,56316.2,60,2133240
1789636560000,56316.2,56316.2,56316.2,56316.2,0,2133240
1789636590000,56316.2,56324.4,56316,56324.4,240,2133300
1789636620000,56309,56324.4,56309,56324.4,600,2133300
1789636650000,56324.4,56324.4,56316,56316,300,2133690
1789636680000,56316,56332.6,56316,56332.6,30,2133690
1789636710000,56332.6,56336,56332.6,56336,210,2133510
1789636740000,56336,56336,56320,56320,90,2133510
1789636770000,56320,56326,56312,56326,120,2133510
1789636800000,56326,56326,56312,56312,90,2133510
1789636830000,56312,56312,56311,56311,120,2133540
1789636860000,56308,56308,56308,56308,30,2133540
1789636890000,56307,56319.6,56307,56319.6,60,2133540
1789636920000,56319.6,56319.6,56319.6,56319.6,60,2133660
1789636950000,56319,56319,56307,56307,330,2133690
1789636980000,56307,56318.4,56307,56318.4,30,2133690
1789637010000,56318.4,56318.4,56317.8,56317.8,60,2133690
1789637040000,56313.8,56313.8,56310,56310,660,2134050
1789637070000,56310,56310,56310,56310,90,2134770
1789637100000,56310,56316.2,56308,56310.8,720,2134770
1789637130000,56308,56312.2,56304,56309.6,1020,2135310
1789637160000,56302,56302,56283.6,56283.6,510,2135310
1789637190000,56283.8,56290,56283.8,56290,120,2135700
1789637220000,56290,56290,56286.6,56286.6,30,2135700
1789637250000,56295,56295,56295,56295,120,2135640
1789637280000,56295,56308.2,56295,56308.2,120,2135640
1789637310000,56318.6,56318.6,56318.6,56318.6,30,2135640
1789637340000,56295,56320,56289.8,56289.8,150,2135610
1789637370000,56289.8,56289.8,56289.8,56289.8,0,2135610
1789637400000,56304.6,56307.2,56290.4,56290.4,120,2135640
1789637430000,56290.4,56300,56290.4,56300,120,2135610
1789637460000,56300,56320,56298.8,56310,150,2135610
1789637490000,56310,56330,56310,56311.8,60,2135520
1789637520000,56311.8,56326.6,56311.8,56311.8,180,2135520
1789637550000,56311.8,56311.8,56308,56308,30,2135520
1789637580000,56305,56329,56303.8,56303.8,180,2135520
1789637610000,56303.8,56331.6,56303.8,56304,90,2135640
1789637640000,56304,56331,56301.6,56304,210,2135640
1789637670000,56304,56304,56300,56300,90,2135640
1789637700000,56300,56325,56300,56325,90,2135850
1789637730000,56325,56325,56325,56325,0,2135850
1789637760000,56325,56325,56305,56305,30,2135850
1789637790000,56305,56340,56305,56340,180,2135850
1789637820000,56340,56343,56324.4,56324.4,180,2135850
1789637850000,56324.4,56341,56324.4,56328,60,2135850
1789637880000,56328,56360,56323.6,56328.2,870,2135700
1789637910000,56328.2,56328.2,56328.2,56328.2,0,2135700
1789637940000,56328.2,56356.6,56328.2,56356.6,60,2135340
1789637970000,56356.6,56356.6,56354,56355.6,90,2135370
1789638000000,56345,56345,56345,56345,60,2135370
1789638030000,56350,56350,56345,56345,120,2135370
1789638060000,56341,56341,56330,56330,60,2135370
1789638090000,56330,56330,56330,56330,150,2135370
1789638120000,56330,56330,56330,56330,150,2135370
1789638150000,56330,56330,56330,56330,150,2135370
1789638180000,56328.2,56343.8,56328.2,56343.8,600,2135370
1789638210000,56343.8,56343.8,56327.4,56327.4,30,2135370
1789638240000,56348.4,56355,56338.8,56338.8,540,2135340
1789638270000,56355,56362,56355,56360.8,270,2135280
1789638300000,56333,56356.6,56318.6,56327.2,510,2135280
1789638330000,56327.4,56329.4,56327.4,56329.4,150,2135280
1789638360000,56329.4,56355.8,56329.4,56355.8,90,2135040
1789638390000,56355.8,56355.8,56355.8,56355.8,0,2135040
1789638420000,56355.8,56355.8,56345,56345,30,2135010
1789638450000,56345,56345,56345,56345,0,2135010
1789638480000,56339.4,56339.8,56339.4,56339.4,120,2135010
1789638510000,56339.4,56339.4,56326,56332.4,90,2135010
1789638540000,56332.4,56332.4,56321,56321,30,2135010
1789638570000,56321,56321,56310,56310,60,2135010
1789638600000,56310,56314,56310,56314,30,2134980
1789638630000,56314,56314,56314,56314,0,2134980
1789638660000,56318.4,56329.2,56318.4,56321,90,2134980
1789638690000,56321,56325,56321,56325,60,2134980
1789638720000,56314,56314,56312,56312,150,2134980
1789638750000,56312,56321.2,56312,56321.2,30,2134980
1789638780000,56314,56318,56290,56290,1710,2134950
1789638810000,56294.2,56315,56294,56305,1470,2133510
1789638840000,56300,56305,56297,56305,1410,2133510
1789638870000,56302.6,56311,56302.6,56311,1650,2131200
1789638900000,56311,56311,56307,56307,120,2131200
1789638930000,56307,56313,56300,56313,990,2130570
1789638960000,56313,56313,56298.6,56313,270,2130570
1789638990000,56313,56313,56300,56300,360,2130570
1789639020000,56300,56310,56299.4,56299.4,750,2130060
1789639050000,56305,56305,56305,56305,300,2130060
1789639080000,56303.2,56318.8,56302.4,56318.8,660,2129550
1789639110000,56309,56312,56301,56301,510,2128590
1789639140000,56300,56305,56290,56292.8,570,2128590
1789639170000,56292.8,56305,56292.8,56305,30,2128590
1789639200000,56305,56305,56296,56305,120,2128290
1789639230000,56305,56310,56300,56304.8,510,2127810
1789639260000,56296.2,56318.8,56296.2,56312,1650,2127810
1789639290000,56312,56313.8,56311,56311,960,2127660
1789639320000,56311,56311,56305.6,56311,690,2127660
1789639350000,56311,56318,56311,56318,750,2127660
1789639380000,56318,56318,56299.2,56299.2,540,2126010
1789639410000,56299.2,56299.2,56295,56295,120,2126010
1789639440000,56295,56305,56291,56305,240,2125950
1789639470000,56309.6,56309.6,56292,56292,240,2125950
1789639500000,56294.6,56296,56294.6,56296,180,2125980
1789639530000,56296,56296,56290,56290,1020,2125830
1789639560000,56290,56300,56290,56300,270,2125830
1789639590000,56295,56305.4,56295,56299.6,360,2125830
1789639620000,56299,56309.2,56295,56309.2,150,2125590
1789639650000,56309.2,56310,56300,56300.4,390,2125590
1789639680000,56300.4,56308.8,56300.4,56304.8,240,2125530
1789639710000,56304.8,56332,56304.8,56319.6,660,2125290
1789639740000,56339,56341,56312.6,56341,330,2125290
1789639770000,56312.6,56340.8,56312.6,56329,720,2125020
1789703100000,56302,56500,56302,56476.6,11970,2115990
1789703130000,56476.6,56481.6,56423.8,56455.4,4080,2115990
1789703160000,56455,56462,56420.2,56436,4140,2111820
1789703190000,56437.6,56460,56437.6,56443,1230,2111820
1789703220000,56444,56468,56444,56468,1410,2110110
1789703250000,56469,56476.6,56450,56461.4,1170,2110110
1789703280000,56479.4,56479.4,56461.4,56461.4,990,2109660
1789703310000,56462.2,56462.2,56424.2,56424.2,1020,2109660
1789703340000,56421,56439,56420,56431.6,360,2109510
1789703370000,56435,56450,56421,56425,240,2109510
1789703400000,56445.8,56445.8,56420,56420,1140,2109480
1789703430000,56422,56422,56375.4,56416,1980,2109480
1789703460000,56413.4,56416,56375,56380.2,360,2110200
1789703490000,56410.4,56410.4,56376,56376,390,2110200
1789703520000,56376,56415,56376,56415,510,2110020
1789703550000,56415,56424.8,56400,56405.2,570,2110020
1789703580000,56380.2,56405.2,56380.2,56405,360,2110170
1789703610000,56405,56410,56405,56410,120,2110170
1789703640000,56410,56420.8,56400,56400,390,2110290
1789703670000,56400,56420,56400,56420,60,2110290
1789703700000,56420,56425.2,56400,56400,690,2110410
1789703730000,56400,56400,56390.2,56390.2,120,2110410
1789703760000,56390.2,56392,56390,56390,180,2110710
1789703790000,56392,56392,56392,56392,60,2110710
1789703820000,56392,56393,56366,56366,1230,2110680
1789703850000,56388.4,56395,56366,56389.6,450,2110680
1789703880000,56379,56380,56365,56380,150,2111490
1789703910000,56380,56380,56366,56370,360,2111490
1789703940000,56370,56370,56360,56366,450,2111790
1789703970000,56371,56380,56367,56380,270,2111790
1789704000000,56371,56396,56355,56355,480,2112030
1789704030000,56351,56351,56350,56350,180,2112030
1789704060000,56350,56385,56350,56385,360,2112420
1789704090000,56384.8,56389,56379,56389,240,2112420
1789704120000,56400,56402.8,56397.4,56399.6,510,2112930
1789704150000,56399.6,56415.2,56399.6,56406,1500,2112930
1789704180000,56410,56410,56375.2,56375.2,900,2113350
1789704210000,56360,56382.6,56360,56382.6,120,2113350
1789704240000,56382.6,56382.6,56372.4,56372.4,30,2113350
1789704270000,56372.4,56384,56358.4,56360.2,270,2114010
1789704300000,56359,56386.6,56352.4,56352.4,360,2114160
1789704330000,56352.4,56379.8,56352.4,56379.8,120,2114160
1789704360000,56379.8,56420,56379.8,56420,360,2114070
1789704390000,56420,56422,56420,56422,210,2114070
1789704420000,56420,56428,56420,56423,300,2114130
1789704450000,56423,56430,56410,56430,210,2114130
1789704480000,56435,56440,56435,56440,180,2114250
1789704510000,56427,56448.2,56425,56426,210,2114250
1789704540000,56426,56435,56423,56423,120,2114310
1789704570000,56423,56450,56423,56450,240,2114310
1789704600000,56430,56450,56428.4,56450,270,2114400
1789704630000,56430.2,56447.2,56430,56447.2,210,2114400
1789704660000,56439,56439,56410,56421.6,1080,2114670
1789704690000,56421.6,56434.4,56408,56434.4,240,2114670
1789704720000,56429.4,56433.8,56408,56408.2,210,2115390
1789704750000,56408.2,56420,56408.2,56420,60,2115390
1789704780000,56420,56434,56420,56434,60,2115390
1789704810000,56410,56416.2,56400,56400,930,2115420
1789704840000,56410.4,56410.4,56400,56400,120,2115510
1789704870000,56414.8,56414.8,56408,56408,120,2115510
1789704900000,56408,56408,56390.2,56390.2,60,2115630
1789704930000,56390.2,56390.2,56384,56384,30,2115630
1789704960000,56390,56390,56356.2,56390,540,2115990
1789704990000,56390,56390,56390,56390,30,2115990
1789705020000,56390,56390,56390,56390,30,2115990
1789705050000,56390,56397.4,56380,56380,240,2116110
1789705080000,56380,56380,56380,56380,0,2116110
1789705110000,56380,56385,56380,56385,30,2116080
1789705140000,56385,56385.8,56385,56385.8,30,2116080
1789705170000,56385.8,56399,56385,56399,120,2115900
1789705200000,56380,56381.2,56380,56381.2,720,2115900
1789705230000,56381.2,56381.2,56381.2,56381.2,0,2115900
1789705260000,56381.2,56390,56380,56390,150,2115390
1789705290000,56390,56415,56389.4,56389.4,360,2115390
1789705320000,56388.6,56388.6,56388.6,56388.6,30,2115390
1789705350000,56388.6,56419,56388.6,56419,180,2115450
1789705380000,56428,56446.8,56428,56446.8,150,2115360
1789705410000,56428,56428,56428,56428,30,2115360
1789705440000,56426.4,56428,56426.4,56428,60,2115330
1789705470000,56428,56428,56428,56428,0,2115330
1789705500000,56428,56447,56428,56442.2,180,2115330
1789705530000,56442.2,56442.2,56425,56432.2,210,2115330
1789705560000,56432.2,56432.2,56424,56424,30,2115480
1789705590000,56424,56425,56424,56425,90,2115480
1789705620000,56425,56450,56425,56450,450,2115300
1789705650000,56448,56450,56448,56450,90,2115300
1789705680000,56450,56450,56417.8,56417.8,120,2115330
1789705710000,56417.8,56450,56417.8,56450,30,2115330
1789705740000,56450,56450,56425,56449.6,90,2115300
1789705770000,56449.6,56449.6,56448,56449,90,2115300
1789705800000,56449,56450,56449,56450,90,2115330
1789705830000,56447.8,56460,56447.8,56450,690,2115330
1789705860000,56460,56470,56441.8,56441.8,540,2115330
1789705890000,56441.8,56474,56441.8,56468.6,180,2114910
1789705920000,56455,56470.8,56455,56470.8,270,2114910
1789705950000,56475,56475,56470,56470,120,2114910
1789705980000,56468,56471,56457,56457,150,2114910
1789706010000,56457,56470,56455,56455,210,2114790
1789706040000,56440,56458.6,56440,56458.6,360,2114760
1789706070000,56450,56464,56439,56457,210,2114760
1789706100000,56457,56457,56425,56450,120,2114730
1789706130000,56450,56460,56436,56460,120,2114730
1789706160000,56460,56460,56460,56460,150,2114700
1789706190000,56460,56460,56425,56425,120,2114700
1789706220000,56425,56453.2,56420,56453.2,180,2114640
1789706250000,56453.2,56453.2,56440,56440,120,2114640
1789706280000,56440,56453,56419.2,56426.6,90,2114610
1789706310000,56459,56460,56455,56455,120,2114610
1789706340000,56467,56467,56467,56467,240,2114610
1789706370000,56466.6,56466.6,56430.2,56430.2,60,2114580
1789706400000,56430.2,56436,56430.2,56436,60,2114610
1789706430000,56450,56450,56450,56450,60,2114610
1789706460000,56450,56450,56450,56450,0,2114610
1789706490000,56450,56460.6,56450,56460.6,210,2114610
1789706520000,56460.6,56460.6,56438.4,56438.4,60,2114490
1789706550000,56437,56460,56434,56460,120,2114490
1789706580000,56460.4,56460.4,56460.4,56460.4,210,2114400
1789706610000,56450,56450,56450,56450,150,2114400
1789706640000,56450,56450,56450,56450,0,2114400
1789706670000,56450,56450,56450,56450,0,2114400
1789706700000,56450,56460,56437,56437,90,2114370
1789706730000,56437,56450,56437,56450,60,2114400
1789706760000,56450,56450,56422,56428.8,330,2114460
1789706790000,56428.8,56442.6,56408.6,56442.6,300,2114460
1789706820000,56442.6,56442.6,56442.6,56442.6,0,2114460
1789706850000,56442.6,56442.6,56442.6,56442.6,0,2114460
1789706880000,56442.6,56442.6,56416.4,56416.4,30,2114490
1789706910000,56416.4,56416.4,56416.4,56416.4,0,2114490
1789706940000,56416.4,56416.4,56411.2,56411.2,60,2114490
1789706970000,56411.2,56411.2,56411.2,56411.2,0,2114490
1789707000000,56411.2,56430,56411.2,56430,30,2114520
1789707030000,56430,56430,56430,56430,30,2114550
1789707060000,56430,56430,56430,56430,0,2114550
1789707090000,56430,56430,56430,56430,0,2114550
1789707120000,56430,56430.2,56415,56415,90,2114520
1789707150000,56415,56415,56411,56411,90,2114520
1789707180000,56405,56405,56400,56400,300,2114760
1789707210000,56390,56399.8,56390,56399.8,300,2114760
1789707240000,56399.8,56399.8,56380,56380,330,2114760
1789707270000,56370,56383,56368,56383,120,2115270
1789707300000,56383,56384.8,56383,56384.6,90,2115300
1789707330000,56384.6,56386.8,56384.6,56386.8,210,2115300
1789707360000,56386.8,56386.8,56377,56377,180,2115300
1789707390000,56374,56374,56372,56372,60,2115360
1789707420000,56372,56379.8,56364,56364,150,2115420
1789707450000,56364,56372,56363.2,56364,210,2115420
1789707480000,56364,56380,56364,56371.6,5760,2114670
1789707510000,56371.6,56371.6,56371.6,56371.6,0,2114670
1789707540000,56371.6,56372,56371.6,56372,30,2114670
1789707570000,56372,56380,56372,56380,150,2114670
1789707600000,56380,56380,56380,56380,0,2114670
1789707630000,56380,56385,56380,56385,30,2114820
1789707660000,56385,56399,56385,56399,210,2114820
1789707690000,56399,56399,56375,56375,150,2114730
1789707720000,56371.6,56371.6,56355,56355,690,2114730
1789707750000,56355,56355,56351,56352,120,2115210
1789707780000,56352,56355,56352,56355,510,2115210
1789707810000,56355,56400,56355,56400,90,2115210
1789707840000,56399.8,56399.8,56399.8,56399.8,30,2115210
1789707870000,56399.8,56399.8,56399.8,56399.8,0,2115210
1789707900000,56373,56373,56373,56373,60,2115240
1789707930000,56373,56373,56373,56373,0,2115240
1789707960000,56366,56380,56366,56380,150,2115270
1789707990000,56380,56380,56380,56380,0,2115270
1789708020000,56380,56390,56380,56390,60,2115360
1789708050000,56390,56390,56364,56364,30,2115360
1789708080000,56364,56389,56364,56389,210,2115360
1789708110000,56389,56389,56386.8,56387.4,60,2115480
1789708140000,56375,56375,56375,56375,30,2115480
1789708170000,56375.2,56382.6,56375,56382.6,210,2115510
1789708200000,56370,56370,56350,56350,780,2115510
1789708230000,56342.6,56350,56340,56350,510,2116350
1789708260000,56330,56350,56330,56337,570,2116350
1789708290000,56334,56350,56330,56350,90,2116020
1789708320000,56350,56350,56350,56350,60,2116020
1789708350000,56350,56350,56350,56350,30,2116020
1789708380000,56341,56350,56341,56341.4,90,2116020
1789708410000,56341.4,56341.4,56341.4,56341.4,30,2116050
1789708440000,56341.4,56341.4,56341.4,56341.4,90,2116050
1789708470000,56350,56374,56350,56374,300,2116110
1789708500000,56343.4,56355.8,56343.4,56355.8,180,2116110
1789708530000,56355.8,56355.8,56355.8,56355.8,0,2116110
1789708560000,56355.8,56355.8,56355.8,56355.8,0,2116110
1789708590000,56355.8,56359.4,56355.8,56359.4,30,2116170
1789708620000,56342,56342,56326,56326,450,2116170
1789708650000,56326,56339.8,56320,56329,390,2116560
1789708680000,56328.8,56349.6,56328.4,56332,240,2116560
1789708710000,56332,56349.8,56332,56349.8,60,2116860
1789708740000,56349.8,56349.8,56335,56335,30,2116860
1789708770000,56335,56335.6,56335,56335.6,30,2116950
1789708800000,56335.6,56349,56335.6,56337.6,180,2116950
1789708830000,56337.6,56349,56337.6,56349,120,2117070
1789708860000,56371,56371,56371,56371,120,2117070
1789708890000,56371,56371,56364,56364,30,2117100
1789708920000,56364,56379.2,56364,56364,90,2117100
1789708950000,56360,56374.8,56360,56360,120,2117220
1789708980000,56350.4,56351.4,56350.2,56351.4,120,2117220
1789709010000,56351.4,56351.6,56350,56350,240,2117400
1789709040000,56350,56350,56350,56350,0,2117400
1789709070000,56337.6,56337.6,56337.6,56337.6,60,2117670
1789709100000,56337.6,56354.4,56335,56354.4,60,2117670
1789709130000,56355.2,56355.2,56355.2,56355.2,60,2117700
1789709160000,56372,56372,56332,56332,90,2117700
1789709190000,56332,56350,56332,56350,120,2117700
1789709220000,56349.4,56349.4,56349.4,56349.4,30,2117700
1789709250000,56350.4,56351,56350.4,56351,60,2117820
1789709280000,56351,56351,56342.6,56342.6,180,2117820
1789709310000,56342.6,56350,56342.6,56350,90,2117910
1789709340000,56350,56350,56344,56344,30,2117910
1789709370000,56344,56345,56344,56345,30,2118000
1789709400000,56343,56347,56335.6,56335.6,480,2118000
1789709430000,56333.6,56346.8,56333.6,56338.8,180,2118510
1789709460000,56338.8,56338.8,56338.8,56338.8,0,2118510
1789709490000,56338.8,56340.8,56333.6,56333.6,120,2118540
1789709520000,56333.6,56336.2,56330,56336.2,240,2118540
1789709550000,56336.2,56350,56336.2,56344,150,2118690
1789709580000,56343.6,56344,56343.6,56344,60,2118690
1789709610000,56344,56345,56344,56345,90,2118720
1789709640000,56345,56350,56345,56350,30,2118720
1789709670000,56350,56360,56350,56360,60,2118810
1789709700000,56360,56360,56325,56325,420,2118810
1789709730000,56325,56338.4,56321,56338.4,150,2119170
1789709760000,56327.6,56327.8,56327.6,56327.8,60,2119170
1789709790000,56327.8,56327.8,56327.8,56327.8,0,2119170
1789709820000,56327.8,56328.2,56327.8,56328.2,30,2119260
1789709850000,56328.2,56334.8,56328.2,56334.8,30,2119260
1789709880000,56334.8,56334.8,56327.8,56327.8,120,2119260
1789709910000,56327.8,56341,56323.4,56341,90,2119260
1789709940000,56341,56341,56341,56341,0,2119260
1789709970000,56341,56344.6,56341,56344.6,60,2119350
1789710000000,56344.6,56344.6,56320.2,56320.2,360,2119350
1789710030000,56320.2,56346.4,56320.2,56346.4,180,2119740
1789710060000,56325.6,56327,56324.6,56325,120,2119740
1789710090000,56325,56325,56325,56325,30,2119860
1789710120000,56344.8,56344.8,56344.8,56344.8,60,2119860
1789710150000,56344.8,56344.8,56330,56339.6,90,2119860
1789710180000,56339.6,56339.6,56328.6,56328.6,480,2119860
1789710210000,56330,56330,56320,56321,600,2120100
1789710240000,56322,56330,56322,56330,120,2120100
1789710270000,56330,56335.8,56330,56330,60,2120790
1789710300000,56330,56342.2,56320.2,56320.2,420,2120790
1789710330000,56320.2,56330,56320.2,56330,30,2120790
1789710360000,56320.2,56342,56320,56342,90,2120820
1789710390000,56316,56330,56316,56330,90,2120910
1789710420000,56322.8,56322.8,56313.8,56313.8,90,2120910
1789710450000,56334.8,56334.8,56313,56313,570,2121000
1789710480000,56313,56313,56303,56303,1230,2121000
1789710510000,56303,56303,56300,56300,630,2121810
1789710540000,56301.8,56309.6,56299,56300,930,2121810
1789710570000,56300,56309.4,56300,56309.4,30,2121900
1789710600000,56309.4,56309.6,56308.8,56309.6,150,2121900
1789710630000,56309.6,56330,56309.6,56330,30,2121810
1789710660000,56330,56338,56330,56338,90,2121810
1789710690000,56338,56338,56330,56330,30,2121810
1789710720000,56331.6,56331.6,56310,56310,120,2121810
1789710750000,56310,56313.4,56310,56310,180,2121870
1789710780000,56311.6,56317.4,56311.6,56317,150,2121870
1789710810000,56317,56335.6,56317,56335.6,120,2122050
1789710840000,56335.6,56340,56335,56340,240,2122050
1789710870000,56340,56350.4,56340,56350.4,150,2121930
1789710900000,56350.6,56368,56350.6,56368,450,2121930
1789710930000,56343,56343,56343,56343,30,2121930
1789710960000,56343,56360,56322.4,56360,390,2121900
1789710990000,56326.4,56330,56320.6,56321.4,270,2122170
1789711020000,56319,56329.2,56319,56329.2,120,2122170
1789711050000,56329.2,56330,56321,56325.8,180,2122560
1789711080000,56325.8,56350.2,56325.8,56329.6,90,2122560
1789711110000,56327.2,56354.4,56325,56354.4,90,2122680
1789711140000,56354.4,56354.4,56322.6,56330.2,120,2122680
1789711170000,56330,56337.2,56330,56337.2,90,2122860
1789711200000,56354.4,56405.4,56354.4,56390.4,4980,2122860
1789711230000,56390.4,56392.2,56382.4,56382.4,90,2124510
1789711260000,56387.8,56387.8,56355.2,56355.2,180,2124510
1789711290000,56350.8,56351,56336.6,56351,120,2124690
1789711320000,56351,56356.6,56351,56356.6,30,2124690
1789711350000,56356.6,56385.2,56356.6,56359.8,90,2124150
1789711380000,56359.8,56389.4,56359.8,56365,120,2124150
1789711410000,56365,56366.6,56365,56366.6,240,2124150
1789711440000,56366.6,56370,56366.6,56370,30,2124180
1789711470000,56370,56370,56370,56370,30,2124180
1789711500000,56370,56370,56370,56370,0,2124180
1789711530000,56370,56370,56370,56370,0,2124180
1789711560000,56385,56387.2,56385,56387.2,120,2124180
1789711590000,56385,56385,56353.4,56353.4,390,2120400
1789711620000,56353.4,56353.4,56353.4,56353.4,0,2120400
1789711650000,56386.8,56386.8,56360,56360,60,2120430
1789711680000,56360,56365.6,56360,56365.6,30,2120430
1789711710000,56387.2,56389.6,56387.2,56388.2,90,2120370
1789711740000,56388.2,56388.2,56388.2,56388.2,0,2120370
1789711770000,56388.2,56388.2,56385,56385,30,2120370
1789711800000,56385,56385,56381.2,56381.2,30,2120370
1789711830000,56381.2,56385,56378.6,56385,60,2120370
1789711860000,56385,56385,56385,56385,0,2120370
1789711890000,56385,56385,56362.4,56362.4,60,2120370
1789711920000,56382.8,56382.8,56382,56382,60,2120370
1789711950000,56382,56382,56351.2,56351.2,330,2120400
1789711980000,56351.2,56351.2,56351.2,56351.2,0,2120400
1789712010000,56351.2,56377,56351.2,56377,30,2120340
1789712040000,56376,56376,56360,56360,60,2120340
1789712070000,56360,56360,56355,56355,30,2120340
1789712100000,56355,56355,56352,56352,30,2120370
1789712130000,56352,56361,56352,56361,30,2120370
1789712160000,56361,56361,56356.2,56357.2,60,2120400
1789712190000,56357.2,56382.8,56357.2,56382.8,60,2120400
1789712220000,56382.8,56382.8,56382.8,56382.8,0,2120400
1789712250000,56382.8,56382.8,56351.2,56351.2,240,2120220
1789712280000,56351.2,56351.2,56351.2,56351.2,0,2120220
1789712310000,56374.2,56374.2,56374.2,56374.2,30,2120220
1789712340000,56374.2,56374.2,56370,56370,90,2120280
1789712370000,56370,56370,56360.4,56362.4,60,2120160
1789712400000,56362.4,56373.8,56362.4,56371.2,150,2120160
1789712430000,56371.2,56379.8,56371.2,56379.8,30,2120100
1789712460000,56379.8,56380,56379.8,56380,90,2120100
1789712490000,56380,56380,56380,56380,0,2120100
1789712520000,56380,56389,56380,56389,180,2120040
1789712550000,56389.8,56392,56389.8,56392,480,2120040
1789712580000,56392,56397.8,56392,56397.8,90,2119800
1789712610000,56398,56400,56392,56392,300,2119680
1789712640000,56392,56392,56376.6,56376.6,30,2119680
1789712670000,56376.6,56399,56376.6,56399,60,2119680
1789712700000,56399,56408.6,56399,56407.8,450,2119680
1789712730000,56407.8,56407.8,56400,56400,480,2119740
1789712760000,56400,56410,56400,56409.8,270,2119740
1789712790000,56395,56395,56395,56395,30,2119740
1789712820000,56395,56395,56395,56395,0,2119740
1789712850000,56397,56397,56390.2,56390.2,120,2119860
1789712880000,56408,56430,56408,56415,720,2119800
1789712910000,56395,56400,56395,56400,60,2119800
1789712940000,56400,56400,56395,56395,30,2119380
1789712970000,56395,56399,56395,56399,30,2119380
1789713000000,56399,56399,56394,56395.6,60,2119380
1789713030000,56398.4,56430,56398.4,56410,480,2119500
1789713060000,56410,56440,56410,56440,210,2119500
1789713090000,56440,56440,56435,56440,180,2119500
1789713120000,56440,56440,56440,56440,180,2119560
1789713150000,56440,56440,56420,56420,90,2119650
1789713180000,56420,56420,56420,56420,60,2119650
1789713210000,56420,56420,56420,56420,0,2119650
1789713240000,56420,56430,56420,56420,450,2119650
1789713270000,56420,56420,56410,56418.4,90,2119650
1789713300000,56410,56418,56410,56410.6,180,2119830
1789713330000,56410.6,56410.8,56395,56397.4,300,2119740
1789713360000,56397.4,56397.4,56390,56390,60,2119740
1789713390000,56390,56404.4,56390,56404.4,30,2119740
1789713420000,56404.4,56404.4,56399.8,56399.8,30,2119740
1789713450000,56399.8,56399.8,56399.4,56399.4,30,2119740
1789713480000,56389.8,56389.8,56380,56380,90,2119770
1789713510000,56380,56380,56375,56375,180,2119770
1789713540000,56375,56375,56369,56369,30,2119560
1789713570000,56399,56400,56399,56400,120,2119560
1789713600000,56400,56412.4,56400,56412.4,90,2119590
1789713630000,56412.4,56412.4,56412.4,56412.4,0,2119590
1789713660000,56412.4,56412.4,56400,56400,60,2119590
1789713690000,56400,56411,56400,56411,120,2119620
1789713720000,56411,56411,56411,56411,0,2119620
1789713750000,56411,56415,56411,56415,30,2119620
1789713780000,56415,56415,56415,56415,30,2119620
1789713810000,56415,56415,56415,56415,0,2119620
1789713840000,56415,56415,56415,56415,0,2119620
1789713870000,56415,56415,56415,56415,30,2119620
1789713900000,56415,56415,56415,56415,0,2119620
1789713930000,56415,56419,56408,56419,240,2119620
1789713960000,56420,56428,56420,56427,360,2119410
1789713990000,56427,56430,56410,56428,180,2119410
1789714020000,56428,56433.2,56409,56433.2,270,2119500
1789714050000,56433.2,56433.2,56426.4,56426.4,120,2119500
1789714080000,56426.4,56426.4,56426.4,56426.4,0,2119500
1789714110000,56426.4,56426.4,56426.4,56426.4,0,2119500
1789714140000,56426.4,56426.4,56408,56408,210,2119560
1789714170000,56408,56408,56408,56408,0,2119560
1789714200000,56407.6,56407.6,56407.6,56407.6,30,2119590
1789714230000,56407.6,56407.6,56407.6,56407.6,0,2119590
1789714260000,56407.6,56407.6,56407.6,56407.6,0,2119590
1789714290000,56408.4,56414,56408.4,56414,120,2119620
1789714320000,56414,56414,56414,56414,0,2119620
1789714350000,56414,56414,56414,56414,0,2119620
1789714380000,56399,56414,56399,56414,210,2119620
1789714410000,56414,56426,56414,56426,30,2119620
1789714440000,56426,56433.2,56419.6,56419.6,240,2119530
1789714470000,56419.6,56419.6,56401.6,56401.6,150,2119530
1789714500000,56401.6,56405.2,56401.6,56405.2,600,2119500
1789714530000,56420,56430,56420,56430,90,2119500
1789714560000,56430,56430,56430,56430,0,2119500
1789714590000,56435,56435,56412.2,56412.2,210,2119230
1789714620000,56412.4,56436,56412.4,56436,90,2119320
1789714650000,56436,56436,56436,56436,60,2119320
1789714680000,56436,56448,56433.4,56433.4,1110,2119410
1789714710000,56440,56448,56415.8,56446,390,2119410
1789714740000,56446,56446,56430.2,56435.2,210,2118780
1789714770000,56441,56441,56438,56438,150,2118780
1789714800000,56438,56447.8,56437,56447.8,210,2118840
1789714830000,56447.8,56450,56447.8,56448,810,2118840
1789714860000,56448,56450,56448,56450,420,2118180
1789714890000,56448.2,56455,56448.2,56455,450,2118180
1789714920000,56445,56450,56445,56450,60,2117940
1789714950000,56453,56454,56445,56454,210,2117940
1789714980000,56455,56455,56455,56455,180,2117880
1789715010000,56455,56459,56455,56459,240,2117880
1789715040000,56458,56459.6,56455,56459.6,240,2117790
1789715070000,56459.6,56459.6,56449.2,56449.8,60,2117790
1789715100000,56449,56459.4,56449,56459.4,120,2117910
1789715130000,56450,56450,56450,56450,30,2117910
1789715160000,56450,56479.8,56450,56479.8,2100,2117880
1789715190000,56477,56479.8,56461.2,56479.8,150,2117880
1789715220000,56470,56480.8,56470,56480.8,2010,2117670
1789715250000,56480.8,56480.8,56470,56472.4,180,2117670
1789715280000,56480.8,56481.2,56480.8,56480.8,330,2116500
1789715310000,56489.8,56489.8,56480,56480,720,2116500
1789715340000,56475,56489.8,56456,56485,660,2116590
1789715370000,56485,56485,56453,56484.8,300,2116590
1789715400000,56479.8,56480,56464.2,56464.2,300,2116530
1789715430000,56464.2,56464.2,56464.2,56464.2,0,2116530
1789715460000,56464.2,56484,56464.2,56484,120,2116650
1789715490000,56484,56485,56468.8,56485,660,2116650
1789715520000,56489.8,56491,56485,56491,690,2115960
1789715550000,56491,56499,56491,56499,1080,2115960
1789715580000,56499,56499.8,56497.8,56499,390,2114700
1789715610000,56499,56523,56471.6,56523,4260,2114700
1789715640000,56524.8,56525,56512.4,56525,630,2114580
1789715670000,56514.2,56524,56514.2,56522.4,630,2114580
1789715700000,56524,56525,56514,56520,1170,2114070
1789715730000,56525,56525,56520,56523,990,2114070
1789715760000,56523,56528.4,56520,56525.6,2520,2113560
1789715790000,56523,56538.2,56520,56520,1350,2113560
1789715820000,56515.2,56538.2,56515.2,56530,690,2111460
1789715850000,56530,56543.6,56515.4,56520,1620,2111460
1789715880000,56520,56549,56520,56549,930,2110890
1789715910000,56549,56549,56510.4,56510.4,660,2110890
1789715940000,56511.6,56511.6,56510,56510.4,300,2111130
1789715970000,56510.4,56510.4,56500,56500,510,2111130
1789716000000,56500,56530,56500,56528.8,390,2110950
1789716030000,56529.6,56529.6,56500.2,56529,330,2110950
1789716060000,56529,56529,56512.8,56513.6,90,2110650
1789716090000,56513.6,56520,56512.4,56512.4,150,2110650
1789716120000,56512.4,56512.4,56501,56510,90,2110590
1789716150000,56510,56510,56500.4,56500.4,90,2110590
1789716180000,56500.4,56523,56500.2,56500.6,360,2110380
1789716210000,56500.6,56518,56500.6,56518,30,2110380
1789716240000,56513,56526,56513,56526,150,2110290
1789716270000,56508.2,56530,56508.2,56516,420,2110290
1789716300000,56516,56540,56516,56533,330,2109990
1789716330000,56533,56538,56521.6,56521.6,150,2109990
1789716360000,56521.6,56530,56521.6,56530,120,2110020
1789716390000,56530,56560,56530,56544.2,12930,2110020
1789716420000,56535,56550,56530,56550,300,2112630
1789716450000,56550,56550,56501.6,56526.2,480,2112630
1789716480000,56526.2,56526.2,56521.2,56521.2,30,2112960
1789716510000,56520,56525,56505,56505,240,2112960
1789716540000,56505,56529,56500,56529,180,2112990
1789716570000,56529,56533.6,56529,56533.6,60,2112990
1789716600000,56533.6,56535,56530,56535,240,2113050
1789716630000,56535,56535,56535,56535,60,2113050
1789716660000,56535,56543,56535,56540,330,2112900
1789716690000,56534,56543,56510,56510,510,2112900
1789716720000,56510,56540,56510,56521.4,720,2113050
1789716750000,56544,56551,56526.2,56536.6,750,2113050
1789716780000,56550,56554,56538.2,56538.2,600,2113110
1789716810000,56538.2,56548.8,56531.6,56535.6,210,2113110
1789716840000,56564,56588,56544.2,56581.8,2010,2112780
1789716870000,56570,56582,56559.6,56582,420,2112780
1789716900000,56553.6,56580,56540,56540,180,2111850
1789716930000,56540,56560.4,56540,56560,270,2111850
1789716960000,56540.8,56560,56540.8,56553.6,210,2111790
1789716990000,56553.6,56574.8,56553.6,56574.8,120,2111790
1789717020000,56574.8,56574.8,56541,56541,90,2111670
1789717050000,56541,56573.2,56541,56573.2,150,2111670
1789717080000,56573.2,56575.4,56543.8,56575.4,840,2111700
1789717110000,56575.4,56578.8,56570,56576.6,900,2111700
1789717140000,56570,56575.6,56560,56565,900,2112570
1789717170000,56570,56575,56565,56575,270,2112570
1789717200000,56570,56570,56565,56565,510,2112990
1789717230000,56565,56565,56565,56565,990,2112990
1789717260000,56565,56574,56565,56570.8,90,2113140
1789717290000,56569,56569,56560,56560,840,2113140
1789717320000,56560,56563,56555,56555,900,2113500
1789717350000,56555.2,56560,56555.2,56560,90,2113500
1789717380000,56569.2,56569.2,56569.2,56569.2,90,2113440
1789717410000,56569.2,56569.2,56560,56560,510,2113440
1789717440000,56562.8,56562.8,56555,56555,210,2113980
1789717470000,56555,56561,56555,56560,780,2113980
1789717500000,56560,56560,56549.8,56550,1230,2114520
1789717530000,56550,56550,56530,56530,2700,2114520
1789717560000,56530,56535,56530,56533.8,1020,2114520
1789717590000,56533.8,56533.8,56533.8,56533.8,60,2115570
1789717620000,56533.8,56545,56533.8,56540,660,2109360
1789717650000,56540,56541,56533.8,56533.8,1020,2109360
1789717680000,56532,56532,56501,56501,870,2109360
1789717710000,56502,56502,56502,56502,60,2109600
1789717740000,56478,56494,56478,56487.6,1350,2109780
1789717770000,56490,56509.8,56490,56509.8,180,2109780
1789717800000,56500,56500,56475.2,56496.6,150,2109780
1789717830000,56496.6,56496.6,56475,56475,30,2109750
1789717860000,56475,56485.4,56475,56480,60,2109750
1789717890000,56485.4,56495,56485.4,56495,90,2109750
1789717920000,56495,56500,56489,56500,180,2109660
1789717950000,56509,56510,56509,56509,150,2109660
1789717980000,56509,56509,56509,56509,30,2109570
1789718010000,56509,56516,56509,56515,60,2109570
1789718040000,56515,56515,56509,56509,60,2109570
1789718070000,56517,56517,56510,56510,90,2109480
1789718100000,56510,56510,56510,56510,60,2109450
1789718130000,56510,56510,56510,56510,0,2109450
1789718160000,56510,56514,56510,56514,120,2109510
1789718190000,56514,56515,56514,56515,30,2109510
1789718220000,56514,56514,56514,56514,90,2109510
1789718250000,56525,56525,56514,56517.6,210,2109600
1789718280000,56517.6,56517.6,56513.6,56513.6,30,2109690
1789718310000,56513.6,56513.6,56513.6,56513.6,0,2109690
1789718340000,56513.6,56513.6,56513.6,56513.6,0,2109690
1789718370000,56500,56500,56480,56489.6,150,2109690
1789718400000,56489.6,56493.4,56489.6,56493.4,30,2109690
1789718430000,56493.4,56513,56493.4,56513,90,2109690
1789718460000,56513,56513,56485,56492.6,390,2109990
1789718490000,56492.6,56492.6,56492.6,56492.6,0,2109990
1789718520000,56492.6,56492.6,56492.6,56492.6,0,2109990
1789718550000,56492.6,56492.6,56492.6,56492.6,0,2109990
1789718580000,56492.6,56510,56492.6,56510,210,2109960
1789718610000,56510,56510,56510,56510,0,2109960
1789718640000,56510,56510,56510,56510,0,2109960
1789718670000,56510,56510,56490,56490,60,2109870
1789718700000,56490,56490,56490,56490,0,2109870
1789718730000,56490,56490,56487,56487,30,2109900
1789718760000,56480,56480,56475.6,56475.6,60,2109900
1789718790000,56475.6,56475.6,56475,56475,30,2109900
1789718820000,56475,56475,56475,56475,0,2109900
1789718850000,56475,56475,56475,56475,0,2109900
1789718880000,56475,56475,56475,56475,0,2109900
1789718910000,56475,56490,56475,56490,30,2109900
1789718940000,56490,56490,56490,56490,0,2109900
1789718970000,56490,56490,56490,56490,0,2109900
1789719000000,56490,56490,56474,56474,300,2109930
1789719030000,56474,56495,56471,56495,120,2109930
1789719060000,56495,56495,56495,56495,0,2109930
1789719090000,56495,56495,56489,56489,30,2109990
1789719120000,56489,56489,56489,56489,0,2109990
1789719150000,56489,56489,56465,56465,90,2109960
1789719180000,56463,56470.6,56450,56452,570,2109900
1789719210000,56452,56473,56452,56460,150,2109900
1789719240000,56460,56460,56453,56453,60,2109900
1789719270000,56453.2,56453.2,56450,56453,360,2109960
1789719300000,56453,56453,56415,56422,510,2109960
1789719330000,56422,56448.6,56415,56425,210,2110050
1789719360000,56425,56450,56425,56450,90,2110020
1789719390000,56450,56450,56450,56450,0,2110020
1789719420000,56431.2,56431.2,56431,56431,240,2110020
1789719450000,56462.4,56487.8,56462.4,56487.8,210,2110230
1789719480000,56452,56452,56452,56452,30,2110230
1789719510000,56452,56452,56440,56440,90,2110110
1789719540000,56440,56440,56440,56440,0,2110110
1789719570000,56440,56440,56432.4,56432.4,60,2110170
1789719600000,56442.4,56442.4,56440,56440,120,2110170
1789719630000,56440,56460,56440,56460,60,2110170
1789719660000,56450,56460,56450,56460,150,2110170
1789719690000,56487.8,56500,56472.8,56500,360,2110080
1789719720000,56500,56500,56500,56500,0,2110080
1789719750000,56500,56500,56480,56480,30,2109990
1789719780000,56480,56495,56480,56495,90,2109990
1789719810000,56495,56495,56495,56495,30,2110050
1789719840000,56495,56495,56495,56495,0,2110050
1789719870000,56495,56495,56495,56495,0,2110050
1789719900000,56495,56495,56495,56495,120,2110080
1789719930000,56495,56495,56495,56495,150,2110080
1789719960000,56495,56495,56481,56481,750,2110080
1789719990000,56481,56490,56481,56485,90,2110200
1789720020000,56485,56490,56470.6,56470.6,420,2110200
1789720050000,56470.6,56470.6,56470.6,56470.6,0,2110200
1789720080000,56470.6,56470.8,56470.6,56470.8,60,2110350
1789720110000,56470.8,56494,56470.8,56471.6,270,2110200
1789720140000,56471.6,56471.6,56465,56465,90,2110200
1789720170000,56465,56465,56465,56465,0,2110200
1789720200000,56465,56465,56465,56465,0,2110200
1789720230000,56465,56482.8,56453.6,56482.8,180,2110200
1789720260000,56455,56455,56453.2,56453.2,120,2110200
1789720290000,56465,56465,56455,56455,210,2110230
1789720320000,56453.2,56453.2,56453.2,56453.2,90,2110230
1789720350000,56460,56482.2,56450,56450,2910,2110380
1789720380000,56450,56492,56450,56492,1290,2110380
1789720410000,56492,56493.6,56465.4,56465.4,330,2109660
1789720440000,56465.4,56493.8,56465.4,56493,60,2109660
1789720470000,56493,56500,56468.4,56500,120,2109840
1789720500000,56500,56520,56500,56520,960,2109840
1789720530000,56520,56522.6,56500,56500,270,2109030
1789720560000,56501.4,56520,56501.4,56520,90,2109030
1789720590000,56520,56520,56502.4,56502.4,30,2108850
1789720620000,56510.8,56510.8,56510.8,56510.8,60,2108850
1789720650000,56510.8,56525.4,56510.8,56525.4,60,2108910
1789720680000,56525.4,56525.4,56510.8,56510.8,30,2108910
1789720710000,56510.8,56525,56510.8,56525,210,2108550
1789720740000,56525,56542,56511,56537,390,2108580
1789720770000,56537,56550,56537,56550,270,2108580
1789720800000,56550,56560,56535.6,56535.6,960,2108550
1789720830000,56535.6,56560,56535.6,56560,300,2108550
1789720860000,56560,56573.2,56550.6,56558,630,2108550
1789720890000,56569.2,56574,56555.4,56558.2,1650,2108250
1789720920000,56558.2,56558.2,56547.2,56547.2,120,2108250
1789720950000,56547.2,56547.2,56547,56547,30,2106510
1789720980000,56547,56547,56535.2,56535.2,60,2106510
1789721010000,56535,56535,56535,56535,90,2106420
1789721040000,56530,56540,56530,56540,120,2106420
1789721070000,56528.8,56552,56528.8,56544.6,330,2106090
1789721100000,56544.6,56557.6,56540,56557.6,210,2106090
1789721130000,56557.6,56557.6,56540,56550,750,2105640
1789721160000,56550,56555,56550,56555,60,2105640
1789721190000,56555,56568,56550.2,56550.2,1380,2105070
1789721220000,56550.2,56575,56550.2,56551.6,510,2105070
1789721250000,56569,56569.4,56551,56569.4,390,2104800
1789721280000,56555,56567.2,56545.2,56562.8,240,2104800
1789721310000,56563.8,56563.8,56545,56545,300,2104170
1789721340000,56559,56559,56546,56546,270,2104170
1789721370000,56546,56563,56545.4,56545.4,120,2104380
1789721400000,56545.4,56560,56545,56545,120,2104380
1789721430000,56545,56554.4,56541.8,56553,360,2104230
1789721460000,56553,56563,56551.2,56563,270,2104230
1789721490000,56557.6,56561,56550,56550,240,2103720
1789721520000,56555,56555,56555,56555,60,2103720
1789721550000,56555,56565,56555,56565,60,2103600
1789721580000,56565,56566.8,56560,56560,600,2103600
1789721610000,56544.6,56554.4,56541.2,56542,510,2103150
1789721640000,56550.4,56550.4,56541,56542,90,2103150
1789721670000,56542,56545.2,56542,56545.2,60,2102580
1789721700000,56542,56542,56540.2,56540.2,150,2102580
1789721730000,56540.2,56552.8,56524.2,56540.2,330,2102460
1789721760000,56524.4,56533.6,56524.4,56533.6,120,2102460
1789721790000,56530,56535,56525.4,56535,120,2102460
1789721820000,56545,56545,56533.6,56533.6,60,2102460
1789721850000,56548,56559,56544,56559,330,2102340
1789721880000,56559,56559,56540.2,56540.2,60,2102340
1789721910000,56540.2,56577,56540.2,56577,780,2102190
1789721940000,56577,56585,56577,56585,510,2102190
1789721970000,56588,56588,56572,56579.4,420,2101500
1789722000000,56588,56596.4,56588,56596.4,1890,2101500
1789722030000,56580.6,56601,56571.6,56601,3510,2100240
1789722060000,56601,56601,56598.2,56598.2,2340,2100240
1789722090000,56598.2,56598.2,56596.4,56598,330,2096880
1789722120000,56598,56598.2,56596.4,56598.2,780,2096880
1789722150000,56598.2,56599,56589.8,56589.8,1440,2095950
1789722180000,56600,56619.6,56588.8,56615,2190,2095950
1789722210000,56598.6,56605,56598.6,56600,270,2093880
1789722240000,56588.6,56589.2,56588.6,56589.2,240,2093880
1789722270000,56591,56600,56591,56600,270,2093550
1789722300000,56600,56603,56589.2,56589.2,390,2093550
1789722330000,56598,56598,56585.6,56595,180,2093250
1789722360000,56585.6,56610,56585.6,56594.2,450,2093250
1789722390000,56605.6,56607.2,56594.6,56602.4,180,2092800
1789722420000,56601,56601,56600,56600,390,2092800
1789722450000,56601.8,56601.8,56591,56600.8,210,2092290
1789722480000,56592,56594,56583.6,56585.4,510,2092290
1789722510000,56585.6,56596.4,56585.6,56596.4,1320,2091750
1789722540000,56590,56599,56590,56599,330,2091750
1789722570000,56593.4,56594.4,56580,56592.4,990,2090640
1789722600000,56592.4,56592.4,56570,56582.8,1650,2090640
1789722630000,56582.8,56586.2,56580,56585.4,1800,2089380
1789722660000,56585.4,56585.4,56580,56580,630,2089380
1789722690000,56580,56580,56570.2,56570.8,1050,2087910
1789722720000,56570.8,56580,56570.8,56571.6,180,2087910
1789722750000,56577.2,56577.2,56570,56572.4,810,2087250
1789722780000,56568.2,56573,56568.2,56573,330,2087250
1789722810000,56575,56575.8,56570,56573.8,480,2086320
1789722840000,56571.6,56571.6,56561.2,56561.6,630,2086320
1789722870000,56561.6,56567.8,56555.8,56555.8,420,2085240
1789722900000,56556,56556.2,56542.8,56547,630,2085240
1789722930000,56547,56569,56547,56557.8,240,2084730
1789722960000,56557.8,56569.4,56550.2,56550.2,1290,2084730
1789722990000,56550.2,56570,56550,56553.8,3060,2084340
1789723020000,56553.8,56570,56553.8,56570,2490,2084340
1789723050000,56576,56579.4,56570,56575,1530,2084280
1789723080000,56570.2,56571,56570,56570,180,2084280
1789723110000,56565,56575,56560.2,56566.4,1440,2084400
1789723140000,56570,56588.4,56569.6,56588.4,1320,2084400
1789723170000,56588.2,56592.8,56578.4,56592.2,2670,2084280
1789723200000,56592.2,56599,56592.2,56598.8,1410,2084280
1789723230000,56599,56606.2,56592.4,56605.8,2580,2082840
1789723260000,56606.2,56612,56602.2,56605,1380,2082840
1789723290000,56612,56617,56602.4,56611.6,1260,2081130
1789723320000,56610.8,56617.4,56600,56613.8,690,2081130
1789723350000,56615,56625,56600.2,56610.4,1380,2080410
1789723380000,56625,56642,56615,56630,1890,2080410
1789723410000,56635,56640,56630,56632.4,690,2078490
1789723440000,56630,56640,56630,56630,780,2078490
1789723470000,56630,56641.4,56620,56627.4,2820,2078250
1789723500000,56620.6,56626.2,56612,56625,840,2078250
1789723530000,56625,56625,56613,56616.4,240,2076780
1789723560000,56616.4,56616.4,56608,56608,270,2076780
1789723590000,56600.2,56615,56600,56609.8,2250,2076540
1789723620000,56604.6,56604.6,56587.8,56600,390,2076540
1789723650000,56601,56605.2,56600,56605.2,210,2072490
1789723680000,56605.2,56605.2,56594,56594,120,2072490
1789723710000,56596.8,56630,56596.8,56625.4,720,2072280
1789723740000,56625.4,56625.6,56613.6,56624,2760,2072280
1789723770000,56626.8,56626.8,56620.4,56620.4,840,2069490
1789723800000,56614.8,56614.8,56580,56580,1560,2069490
1789723830000,56580,56595.4,56565,56565,540,2069280
1789723860000,56572.2,56572.2,56534,56534,750,2069280
1789723890000,56533.8,56558.6,56533,56558.6,690,2069130
1789723920000,56530,56547.2,56525,56536,360,2069130
1789723950000,56544.2,56554.8,56525,56554.8,1290,2066940
1789723980000,56554.8,56558.6,56541.4,56557.8,510,2066940
1789724010000,56557.8,56572.2,56545.2,56572.2,180,2066760
1789724040000,56572.2,56572.2,56572.2,56572.2,0,2066760
1789724070000,56572.2,56572.2,56545,56545,120,2066760
1789724100000,56545,56567.2,56545,56567.2,450,2066760
1789724130000,56567.2,56569,56550,56569,300,2066850
1789724160000,56565,56565,56550.2,56564.8,450,2066850
1789724190000,56564.8,56569.6,56551,56569.6,180,2067090
1789724220000,56569,56573,56550.2,56550.4,600,2067090
1789724250000,56550.4,56566.6,56550.2,56550.2,180,2065350
1789724280000,56550.2,56556.2,56545.2,56545.4,900,2065350
1789724310000,56545.6,56548.2,56540,56543,990,2065380
1789724340000,56532.2,56535,56528,56528,360,2065380
1789724370000,56528,56533.8,56528,56530.2,120,2065080
1789724400000,56530.2,56535,56530.2,56530.2,120,2065080
1789724430000,56530.2,56549.8,56525,56549.8,390,2065260
1789724460000,56552.8,56565.8,56530.8,56535.4,840,2065260
1789724490000,56568.4,56568.4,56535,56560.8,750,2064750
1789724520000,56561.6,56561.6,56536,56560,210,2064750
1789724550000,56560,56560,56540,56540,1080,2063250
1789724580000,56535,56564,56532,56564,1410,2063250
1789724610000,56559.8,56560,56554.2,56554.2,1080,2061720
1789724640000,56554.4,56559,56540.2,56540.2,570,2061720
1789724670000,56552.6,56552.6,56536.2,56536.4,330,2061540
1789724700000,56536.4,56545,56532,56545,480,2061540
1789724730000,56540,56540.2,56539.8,56540.2,330,2061330
1789724760000,56540.2,56556.4,56532,56532,1110,2061330
1789724790000,56532,56540,56532,56532.2,180,2060940
1789724820000,56540,56550,56532,56532,1200,2060940
1789724850000,56532,56552.8,56532,56542.8,240,2058840
1789724880000,56544,56552.2,56533.4,56550.4,360,2058840
1789724910000,56550.4,56550.4,56528.2,56529.8,840,2058870
1789724940000,56528.2,56530,56528,56530,420,2058870
1789724970000,56539.8,56548.8,56528.2,56530,840,2058030
1789725000000,56528,56549,56525,56543.4,1050,2058030
1789725030000,56542.2,56542.2,56525.2,56525.2,570,2057430
1789725060000,56525.2,56544.8,56525,56544.8,720,2057430
1789725090000,56544.8,56544.8,56524.8,56525,900,2056200
1789725120000,56525,56525,56523.4,56524,270,2056200
1789725150000,56542,56542,56524,56540,3750,2055090
1789725180000,56540,56542.4,56530,56530,870,2055090
1789725210000,56530,56530,56524.2,56530,150,2054970
1789725240000,56535,56535,56525,56530,180,2054970
1789725270000,56530,56530,56524.2,56529.8,210,2054820
1789725300000,56529.8,56529.8,56525,56527,1170,2054820
1789725330000,56527,56539,56527,56530,750,2053920
1789725360000,56527,56534.6,56527,56532.4,3630,2053920
1789725390000,56532.4,56538.2,56527,56538,360,2054220
1789725420000,56538,56538,56537.8,56537.8,60,2054220
1789725450000,56538,56538,56526,56538,150,2052990
1789725480000,56538,56539,56530,56537.8,1350,2052990
1789725510000,56537.8,56537.8,56530,56537,630,2053320
1789725540000,56530,56535,56530,56530,180,2053320
1789725570000,56530,56535,56530,56530,240,2053380
1789725600000,56538,56539,56530,56534,210,2053380
1789725630000,56539,56539,56539,56539,120,2053380
1789725660000,56539,56539,56530,56530,840,2053260
1789725690000,56530,56539,56530,56539,1110,2053260
1789725720000,56539,56539,56539,56539,30,2053260
1789725750000,56537,56537,56530,56530,4650,2052300
1789725780000,56526.8,56534.8,56513,56513,2940,2052300
1789725810000,56520,56520,56513,56520,150,2053290
1789725840000,56520,56520,56510,56510,360,2053290
1789725870000,56510,56510,56500,56500,1590,2052810
1789725900000,56500,56502,56499,56500,840,2052810
1789725930000,56500,56510,56499,56499,480,2052270
1789725960000,56499,56499,56499,56499,780,2052270
1789725990000,56499,56500,56495,56500,2340,2052270
1789726020000,56500,56500,56495,56495,540,2050710
1789726050000,56495,56495,56495,56495,780,2050440
1789726080000,56494.2,56495,56493.2,56495,990,2050440
1789726110000,56495,56528.6,56491,56528.6,1050,2049840
1789726140000,56528.6,56528.6,56493.6,56495.4,90,2049840
1789726170000,56495.4,56539,56495.4,56539,450,2049420
1789962300000,56525,56675,56524.8,56654.6,7350,2050590
1789962330000,56659.8,56659.8,56569.2,56581.6,2250,2050590
1789962360000,56572.8,56572.8,56488,56533.8,1500,2051220
1789962390000,56575.2,56600,56556,56596,1170,2051220
1789962420000,56600,56620,56594,56620,1200,2051280
1789962450000,56603,56649,56603,56635.2,1140,2051280
1789962480000,56649,56649,56616.8,56640,810,2050440
1789962510000,56643.2,56650,56617,56632.4,450,2050440
1789962540000,56632.4,56632.4,56579.8,56579.8,510,2050260
1789962570000,56572.2,56599.8,56572.2,56575,360,2050260
1789962600000,56575,56600,56575,56580,360,2050680
1789962630000,56600,56600,56579,56579,780,2050680
1789962660000,56579,56600,56579,56580,420,2051190
1789962690000,56580,56600,56570,56570,1380,2051190
1789962720000,56570,56597.2,56565,56570.2,2160,2050410
1789962750000,56593.8,56604,56570.6,56604,5280,2050410
1789962780000,56600.2,56629,56600,56629,1200,2045610
1789962810000,56629,56630,56612.8,56629,450,2045610
1789962840000,56649,56649,56605,56605,540,2045610
1789962870000,56605,56611.8,56605,56605,270,2044980
1789962900000,56605,56625,56605,56625,180,2044770
1789962930000,56630,56641.4,56625,56641.4,420,2044770
1789962960000,56641.4,56641.4,56625,56625,390,2044740
1789962990000,56615,56640,56615,56640,150,2044740
1789963020000,56640,56640,56640,56640,210,2044860
1789963050000,56645.2,56645.2,56605,56627,600,2044860
1789963080000,56631.8,56640,56605,56640,300,2045070
1789963110000,56640,56640,56602.6,56602.6,210,2045070
1789963140000,56602.6,56611.4,56602.6,56611.4,30,2045070
1789963170000,56611.4,56640,56611.4,56640,150,2045190
1789963200000,56636,56640,56635,56640,1710,2044470
1789963230000,56642.6,56650,56637.4,56650,990,2044470
1789963260000,56640,56651,56635,56651,2430,2042940
1789963290000,56651.2,56651.2,56626,56626.2,600,2042940
1789963320000,56626.2,56651,56626.2,56651,990,2042640
1789963350000,56651,56651,56650,56651,990,2042640
1789963380000,56651,56651,56650,56650,750,2042430
1789963410000,56650,56650.2,56650,56650,210,2042430
1789963440000,56650,56650,56615,56629,1770,2041500
1789963470000,56629,56648.2,56629,56648.2,90,2041500
1789963500000,56636,56640,56636,56640,240,2041560
1789963530000,56640,56655,56640,56655,1050,2041560
1789963560000,56655,56655,56629,56629,240,2041080
1789963590000,56629,56651.2,56615,56627.4,630,2041080
1789963620000,56615,56616.4,56605,56616.4,270,2040870
1789963650000,56616.4,56616.4,56594,56608.8,1170,2040870
1789963680000,56608.8,56618.2,56590,56618.2,990,2040180
1789963710000,56618.2,56618.2,56595.6,56595.6,1020,2040180
1789963740000,56598.2,56605.8,56590,56593.2,1830,2038050
1789963770000,56593.2,56600.4,56585,56585,990,2038050
1789963800000,56600,56600.6,56585,56600.6,3180,2036370
1789963830000,56586,56603.8,56585,56602.6,1620,2036370
1789963860000,56602.6,56607.8,56585,56600,450,2035440
1789963890000,56586.8,56616.4,56586.8,56616.4,210,2035440
1789963920000,56616.4,56616.4,56600,56600,330,2035350
1789963950000,56600,56600.2,56600,56600.2,30,2035350
1789963980000,56600.2,56614,56600.2,56614,30,2035350
1789964010000,56614,56614,56614,56614,0,2035350
1789964040000,56615,56625,56615,56625,1500,2034420
1789964070000,56626,56639.8,56626,56630,810,2034420
1789964100000,56630,56636.4,56630,56636,120,2034210
1789964130000,56635,56636,56630,56636,870,2034210
1789964160000,56636,56636,56630,56636,1380,2034240
1789964190000,56636,56636,56632,56632,540,2034240
1789964220000,56632,56635.8,56625,56627.6,870,2033820
1789964250000,56627.6,56627.6,56602,56617.8,900,2033820
1789964280000,56611.2,56611.2,56602,56602,120,2033820
1789964310000,56602,56627.2,56602,56623.2,5610,2033790
1789964340000,56623.2,56631.6,56623.2,56631.6,90,2027100
1789964370000,56625,56625,56604.2,56619.4,2040,2027100
1789964400000,56620,56622,56606.2,56618.8,1560,2025540
1789964430000,56622.2,56625,56622.2,56625,960,2025540
1789964460000,56623,56627,56610,56627,390,2024550
1789964490000,56628.8,56631.6,56627.4,56627.4,480,2024550
1789964520000,56610,56623.4,56602,56614.4,990,2024580
1789964550000,56613.6,56613.6,56600,56600,300,2024580
1789964580000,56600,56610,56586,56586,1020,2024940
1789964610000,56586,56595.2,56586,56595.2,120,2024940
1789964640000,56595.2,56595.2,56575,56592,360,2024940
1789964670000,56592,56595.4,56592,56595.4,30,2023320
1789964700000,56575,56580,56575,56580,120,2023320
1789964730000,56580,56580,56569,56569,90,2023410
1789964760000,56568.8,56590.8,56550,56590.8,2730,2024190
1789964790000,56561,56595,56560,56560,2490,2024190
1789964820000,56592.8,56598.6,56580,56590,630,2023200
1789964850000,56600,56610,56594.8,56594.8,1290,2023200
1789964880000,56604.4,56604.4,56590,56594.8,1560,2023140
1789964910000,56598.6,56598.6,56560.2,56562.2,750,2023140
1789964940000,56563.6,56587.4,56560.2,56570.2,1020,2020560
1789964970000,56590.4,56590.4,56570.2,56585.6,240,2020560
1789965000000,56585.6,56585.6,56570.2,56584.2,600,2020530
1789965030000,56584.2,56584.2,56584.2,56584.2,0,2020530
1789965060000,56584.2,56584.2,56568.8,56568.8,1110,2020620
1789965090000,56568.8,56571,56566,56566,1380,2020620
1789965120000,56566,56566,56560,56560.6,330,2020680
1789965150000,56556,56561.2,56545,56545,360,2020680
1789965180000,56540.2,56563,56540,56563,1620,2020680
1789965210000,56563,56563,56541,56541,90,2018610
1789965240000,56541,56541,56540.2,56540.2,120,2018610
1789965270000,56533,56533,56525,56525,660,2017860
1789965300000,56530.2,56530.2,56521.4,56529.6,270,2017860
1789965330000,56529.6,56548.6,56529.6,56535,600,2018070
1789965360000,56533,56535.4,56525.2,56531,360,2018070
1789965390000,56531,56534,56510.2,56510.2,330,2017590
1789965420000,56510.2,56538,56510,56538,300,2017440
1789965450000,56538,56542,56512.2,56512.4,150,2017440
1789965480000,56538.6,56539.2,56511,56511,390,2016180
1789965510000,56511,56539.8,56510.2,56539.8,60,2016180
1789965540000,56539.8,56545.8,56510,56530,240,2016180
1789965570000,56519.8,56535,56519.8,56535,60,2016240
1789965600000,56535,56535,56535,56535,30,2016240
1789965630000,56535,56535,56535,56535,0,2016240
1789965660000,56535,56550,56535,56535,240,2016180
1789965690000,56538,56555,56538,56555,390,2016330
1789965720000,56538,56552.8,56538,56552.8,330,2016330
1789965750000,56552.8,56552.8,56538,56550,270,2016840
1789965780000,56535,56540.8,56520.2,56530,360,2017050
1789965810000,56530,56530,56520,56520,60,2017050
1789965840000,56520,56532.8,56509,56509,420,2017260
1789965870000,56509,56521,56507,56507,360,2017260
1789965900000,56506,56510,56505,56510,1290,2017260
1789965930000,56510,56528,56510,56510,480,2018310
1789965960000,56528,56534.2,56502.2,56532,330,2018310
1789965990000,56532,56550,56518,56522,420,2018640
1789966020000,56555,56559.8,56515.2,56515.2,150,2018640
1789966050000,56515.2,56539.8,56515.2,56520,180,2018700
1789966080000,56520,56520,56520,56520,0,2018700
1789966110000,56549,56549,56520,56520,60,2018790
1789966140000,56542.8,56542.8,56537.6,56537.6,330,2018940
1789966170000,56537.6,56537.6,56530.6,56530.6,150,2018940
1789966200000,56530.6,56530.8,56515.2,56520,570,2018760
1789966230000,56530.2,56545,56530,56530,120,2018760
1789966260000,56530,56538.6,56530,56530,90,2018760
1789966290000,56530,56560,56530,56560,330,2018820
1789966320000,56560,56560,56551.8,56551.8,30,2018820
1789966350000,56551.8,56560,56526.4,56559.8,120,2018580
1789966380000,56559.8,56559.8,56559.8,56559.8,60,2018580
1789966410000,56524.6,56524.6,56524.6,56524.6,60,2018610
1789966440000,56524.6,56559,56524.6,56559,60,2018610
1789966470000,56540,56558.8,56540,56558.8,60,2018580
1789966500000,56550,56550,56535,56540,120,2018580
1789966530000,56550,56550,56550,56550,270,2018580
1789966560000,56528,56540,56523.6,56529,990,2018580
1789966590000,56529,56544.8,56517.8,56517.8,780,2019000
1789966620000,56518.4,56520,56515.2,56515.2,480,2019000
1789966650000,56512,56535.8,56511.6,56525,390,2019540
1789966680000,56525,56525,56525,56525,330,2019540
1789966710000,56525,56525,56512.2,56513.6,150,2019600
1789966740000,56513.6,56513.6,56511.4,56511.4,60,2019600
1789966770000,56535,56537,56517.6,56537,450,2019540
1789966800000,56515.8,56525,56515.8,56525,90,2019540
1789966830000,56520,56520,56520,56520,90,2019270
1789966860000,56530.2,56545,56529.6,56542.8,360,2019270
1789966890000,56542.8,56542.8,56530.4,56542.8,90,2019540
1789966920000,56542.8,56542.8,56530,56530,90,2019540
1789966950000,56530,56531.6,56529.4,56529.4,150,2019660
1789966980000,56529.4,56534.4,56528.2,56528.2,330,2019660
1789967010000,56528.2,56528.2,56525.2,56525.2,390,2019900
1789967040000,56525.2,56525.2,56525.2,56525.2,90,2019900
1789967070000,56525.2,56540.8,56525.2,56536,210,2020020
1789967100000,56536.2,56536.2,56525.2,56525.2,270,2020020
1789967130000,56525.2,56536,56525.2,56536,180,2020230
1789967160000,56536,56536,56525.2,56525.2,60,2020230
1789967190000,56525.2,56525.2,56525,56525,60,2020320
1789967220000,56525,56525,56525,56525,60,2020320
1789967250000,56525,56525,56525,56525,60,2020440
1789967280000,56520,56520,56520,56520,120,2020440
1789967310000,56520,56520,56520,56520,60,2020500
1789967340000,56520,56520,56510,56510,150,2020500
1789967370000,56534.6,56534.6,56510,56533,90,2020650
1789967400000,56533,56533,56533,56533,0,2020650
1789967430000,56533,56533,56512,56512,30,2020650
1789967460000,56512,56536.2,56511,56511,240,2020650
1789967490000,56511,56511,56511,56511,0,2020650
1789967520000,56511,56520,56511,56520,30,2020770
1789967550000,56520,56520,56520,56520,0,2020770
1789967580000,56540,56540,56540,56540,60,2020770
1789967610000,56525,56525,56525,56525,90,2020770
1789967640000,56525,56539,56525,56539,60,2020740
1789967670000,56540,56543,56539,56543,240,2020590
1789967700000,56543,56550,56543,56550,360,2020590
1789967730000,56559,56565,56559,56565,270,2020320
1789967760000,56570,56570,56570,56570,330,2020320
1789967790000,56570,56574,56570,56574,270,2020380
1789967820000,56574,56580,56570,56570,1170,2020380
1789967850000,56570,56570,56570,56570,0,2020380
1789967880000,56570,56570,56570,56570,0,2020380
1789967910000,56570,56570,56565,56565,60,2019450
1789967940000,56560,56561.4,56546,56546,330,2019450
1789967970000,56543.2,56550,56540,56550,150,2019780
1789968000000,56550,56550,56550,56550,30,2019780
1789968030000,56550,56550,56550,56550,0,2019780
1789968060000,56550,56570,56550,56568.8,60,2019810
1789968090000,56568.8,56568.8,56549,56549,90,2019900
1789968120000,56549,56569.2,56549,56567.6,210,2019900
1789968150000,56567.6,56567.6,56549,56549,30,2019870
1789968180000,56549,56549,56540,56540.2,90,2019870
1789968210000,56540.2,56541.8,56539.2,56539.2,60,2019900
1789968240000,56539.2,56567.6,56539.2,56567.6,90,2019900
1789968270000,56567.6,56570,56545.6,56570,180,2019930
1789968300000,56578.6,56578.6,56573.4,56573.4,150,2019930
1789968330000,56573.4,56573.4,56531,56532.4,210,2019780
1789968360000,56531.8,56535.8,56531.8,56535.8,60,2019780
1789968390000,56535.8,56566.8,56535.8,56566.8,120,2019990
1789968420000,56566.8,56580,56552,56552,270,2019990
1789968450000,56552,56566,56552,56566,30,2019960
1789968480000,56566,56566,56561.4,56561.4,120,2019960
1789968510000,56552,56552,56552,56552,30,2019960
1789968540000,56550,56570,56546.2,56554.2,150,2020020
1789968570000,56580,56584.4,56560,56560,120,2020020
1789968600000,56560,56560,56560,56560,0,2020020
1789968630000,56560,56569.8,56553.6,56569.8,240,2020050
1789968660000,56569.8,56569.8,56554.8,56554.8,150,2020050
1789968690000,56554.8,56583.2,56554,56583.2,360,2019960
1789968720000,56583.2,56583.2,56583.2,56583.2,0,2019960
1789968750000,56583,56583,56582,56582,270,2020080
1789968780000,56570,56570,56559,56559,60,2020080
1789968810000,56559,56580,56559,56580,180,2020200
1789968840000,56564.8,56579.8,56564.8,56579.8,90,2020200
1789968870000,56567,56567,56560.2,56560.2,120,2020200
1789968900000,56580,56582.6,56580,56582.6,120,2020080
1789968930000,56582.6,56582.6,56554.4,56554.4,30,2020080
1789968960000,56554.4,56579.8,56554.4,56573,210,2020050
1789968990000,56563,56585,56563,56585,540,2020050
1789969020000,56585,56595,56585,56590,300,2019570
1789969050000,56590,56608,56590,56600,510,2019330
1789969080000,56610,56610,56605,56610,600,2019330
1789969110000,56608.4,56609.4,56608.4,56608.6,540,2019330
1789969140000,56608.6,56608.6,56600,56608,90,2019630
1789969170000,56608,56608,56600.4,56600.4,60,2019660
1789969200000,56600.4,56600.4,56600.2,56600.2,60,2019660
1789969230000,56600.4,56600.4,56600.4,56600.4,60,2019660
1789969260000,56600.4,56608,56600.4,56605,90,2019660
1789969290000,56605,56605,56605,56605,0,2019660
1789969320000,56605,56605,56605,56605,0,2019660
1789969350000,56605,56606,56578,56600,420,2019810
1789969380000,56600,56600,56600,56600,30,2019810
1789969410000,56600,56600,56600,56600,30,2019840
1789969440000,56600,56600,56600,56600,0,2019840
1789969470000,56600,56600,56600,56600,0,2019840
1789969500000,56600,56600,56600,56600,30,2019840
1789969530000,56600,56600,56595.2,56595.2,30,2019840
1789969560000,56595.2,56595.2,56595.2,56595.2,0,2019840
1789969590000,56595.2,56595.2,56582,56582,150,2019840
1789969620000,56582,56582.4,56582,56582.4,30,2019960
1789969650000,56582.4,56582.4,56578,56578,60,2019960
1789969680000,56578,56578,56575,56575,30,2020020
1789969710000,56575,56575,56575,56575,90,2020050
1789969740000,56575,56575,56575,56575,0,2020050
1789969770000,56575,56575,56575,56575,0,2020050
1789969800000,56575,56582.4,56575,56582.4,90,2020080
1789969830000,56582.4,56582.4,56582.4,56582.4,0,2020080
1789969860000,56582.4,56582.4,56571.4,56579,120,2020050
1789969890000,56579,56579,56579,56579,0,2020050
1789969920000,56579,56580,56579,56580,30,2020050
1789969950000,56580,56580,56580,56580,0,2020050
1789969980000,56580,56580,56575.8,56575.8,30,2020080
1789970010000,56575.8,56575.8,56575.8,56575.8,0,2020080
1789970040000,56590.8,56590.8,56568.6,56568.6,90,2020050
1789970070000,56568.6,56568.6,56568.6,56568.6,0,2020050
1789970100000,56568.6,56575,56568.6,56575,420,2019990
1789970130000,56575,56575,56571.2,56571.2,30,2019960
1789970160000,56571.2,56572,56570,56572,90,2019960
1789970190000,56572,56572,56572,56572,0,2019960
1789970220000,56572,56572,56572,56572,30,2019870
1789970250000,56572,56572,56572,56572,0,2019870
1789970280000,56582,56585,56582,56585,60,2019870
1789970310000,56585,56585,56579.4,56579.4,330,2019870
1789970340000,56579.4,56585,56579.4,56585,30,2019570
1789970370000,56585,56595,56585,56585.4,60,2019570
1789970400000,56585.4,56590,56585.4,56590,60,2019570
1789970430000,56590,56590,56590,56590,0,2019570
1789970460000,56590,56590,56587.4,56587.4,90,2019570
1789970490000,56589.6,56589.6,56564,56564,150,2019570
1789970520000,56580.2,56580.2,56564.8,56564.8,90,2019570
1789970550000,56564.8,56564.8,56562.6,56562.6,60,2019570
1789970580000,56562.6,56595.8,56562.6,56595.8,180,2019510
1789970610000,56595.8,56595.8,56575,56590,120,2019450
1789970640000,56590,56590,56575,56575,30,2019450
1789970670000,56575,56587.8,56575,56587.8,120,2019450
1789970700000,56587.8,56587.8,56562.4,56562.4,90,2019330
1789970730000,56562.4,56562.4,56560,56560,30,2019360
1789970760000,56560,56560,56560,56560,630,2019360
1789970790000,56560,56575,56560,56575,30,2018760
1789970820000,56575,56575,56550.6,56550.6,240,2018760
1789970850000,56550.6,56550.6,56550.6,56550.6,0,2018760
1789970880000,56550.6,56560,56550.6,56560,30,2018790
1789970910000,56560,56560,56560,56560,0,2018790
1789970940000,56560,56579.6,56560,56579.6,120,2018820
1789970970000,56579.6,56580.6,56579.6,56580.6,60,2018820
1789971000000,56571,56571.4,56571,56571.4,360,2018910
1789971030000,56571.4,56579.2,56571.4,56579.2,30,2018940
1789971060000,56579.2,56587.2,56579.2,56587.2,90,2018940
1789971090000,56587.2,56587.2,56587.2,56587.2,0,2018940
1789971120000,56587.2,56587.2,56581.4,56581.4,630,2019030
1789971150000,56590,56590,56571,56578,1350,2019090
1789971180000,56578,56578,56578,56578,1200,2019090
1789971210000,56578,56590,56578,56590,1860,2019090
1789971240000,56590,56590,56578,56578,30,2019090
1789971270000,56581.4,56590,56578,56590,1890,2019090
1789971300000,56590,56590,56590,56590,0,2019090
1789971330000,56590,56590,56590,56590,0,2019090
1789971360000,56590,56590,56571.2,56571.2,60,2019090
1789971390000,56571.2,56571.4,56571,56571.4,240,2019090
1789971420000,56571.2,56571.2,56571.2,56571.2,30,2019120
1789971450000,56571.2,56575.2,56571.2,56575.2,210,2019120
1789971480000,56571.2,56579,56571.2,56579,120,2019120
1789971510000,56579,56579,56571.2,56571.2,180,2019300
1789971540000,56571.2,56571.2,56570,56570,90,2019300
1789971570000,56560.2,56560.2,56560.2,56560.2,30,2019300
1789971600000,56560.2,56560.2,56559,56559,60,2019300
1789971630000,56559,56578.6,56559,56578.6,30,2019300
1789971660000,56578.6,56579,56559.2,56579,90,2019300
1789971690000,56579,56579,56555,56555,120,2019300
1789971720000,56555,56555,56555,56555,30,2019240
1789971750000,56555,56555,56555,56555,0,2019240
1789971780000,56555,56555,56555,56555,0,2019240
1789971810000,56555,56581.4,56555,56564.8,90,2019180
1789971840000,56564.8,56590,56564.8,56590,30,2019180
1789971870000,56590,56590,56590,56590,0,2019180
1789971900000,56590,56590,56561.2,56561.2,30,2019150
1789971930000,56561.2,56585.2,56561.2,56585.2,60,2019150
1789971960000,56585.2,56587.6,56585.2,56587.6,90,2012460
1789971990000,56587.6,56587.6,56587.6,56587.6,30,2012460
1789972020000,56590,56609.8,56590,56609.8,990,2012460
1789972050000,56608.4,56608.4,56605,56605,150,2012460
1789972080000,56604.2,56605,56602,56605,270,2011650
1789972110000,56605,56605,56605,56605,0,2011650
1789972140000,56605,56605,56604,56604,30,2011470
1789972170000,56604,56604,56585,56585,30,2011470
1789972200000,56600.4,56600.4,56600,56600,60,2011470
1789972230000,56600,56603,56600,56603,120,2011470
1789972260000,56603,56605,56603,56605,570,2011590
1789972290000,56605,56605,56605,56605,300,2011590
1789972320000,56605,56605,56604,56604.2,210,2011590
1789972350000,56604.2,56604.2,56604,56604,150,2011590
1789972380000,56604,56604,56604,56604,0,2011590
1789972410000,56604,56604,56576.4,56576.4,60,2011590
1789972440000,56576.4,56596.4,56576.4,56596.4,30,2011590
1789972470000,56577.4,56577.4,56577.4,56577.4,60,2011590
1789972500000,56577.4,56595,56577.4,56595,60,2011650
1789972530000,56595,56595,56595,56595,0,2011650
1789972560000,56582,56582,56582,56582,60,2011650
1789972590000,56582,56582,56582,56582,0,2011650
1789972620000,56582,56603.8,56582,56603.8,420,2011650
1789972650000,56603.8,56603.8,56603.8,56603.8,0,2011650
1789972680000,56581,56593.6,56563,56590.6,570,2011410
1789972710000,56590.6,56590.6,56589,56590,90,2011410
1789972740000,56590,56590,56585.2,56585.2,60,2011620
1789972770000,56585.2,56585.2,56565,56565,90,2011620
1789972800000,56565,56565,56562.4,56562.4,30,2011620
1789972830000,56562.4,56562.6,56562.4,56562.6,30,2011620
1789972860000,56562.6,56584.6,56562.4,56562.4,60,2011620
1789972890000,56562.4,56562.4,56562.4,56562.4,0,2011620
1789972920000,56589,56589,56589,56589,30,2011680
1789972950000,56589,56589,56589,56589,0,2011680
1789972980000,56589,56589,56589,56589,30,2011710
1789973010000,56589,56600,56589,56600,4500,2011710
1789973040000,56601.6,56601.6,56572,56572,60,2013390
1789973070000,56572,56572,56572,56572,0,2013390
1789973100000,56599,56600.6,56595.2,56595.2,3720,2013360
1789973130000,56595.2,56601,56571.2,56601,2310,2013360
1789973160000,56604,56608,56600,56605.6,2400,2015250
1789973190000,56600,56600,56580.4,56580.4,660,2015250
1789973220000,56580.4,56598.4,56580.4,56596.8,900,2015760
1789973250000,56596.8,56597.4,56576.2,56596,1260,2015760
1789973280000,56596,56596,56576,56593.2,270,2016210
1789973310000,56593.2,56593.2,56580,56580,630,2016210
1789973340000,56580,56580,56576,56576,120,2016810
1789973370000,56583,56589.6,56583,56589.6,660,2016810
1789973400000,56589.6,56589.6,56586,56586,600,2016840
1789973430000,56586,56586.4,56575,56575,150,2016840
1789973460000,56575,56575,56575,56575,60,2017050
1789973490000,56575,56589.2,56575,56575,90,2017050
1789973520000,56575,56575,56575,56575,0,2017050
1789973550000,56575,56575,56575,56575,60,2017140
1789973580000,56575,56580,56568.4,56568.4,1020,2017140
1789973610000,56565,56565,56560,56560,660,2017140
1789973640000,56562.2,56564.8,56555,56555,750,2017590
1789973670000,56555,56555,56555,56555,60,2017590
1789973700000,56555,56555,56555,56555,60,2018100
1789973730000,56555,56560,56555,56560,60,2018100
1789973760000,56570.8,56570.8,56570,56570,60,2018070
1789973790000,56560,56560,56560,56560,30,2018070
1789973820000,56560,56575.8,56560,56567,630,2018100
1789973850000,56579.4,56580,56579.4,56580,120,2018100
1789973880000,56580,56580,56576.4,56576.4,600,2018670
1789973910000,56576.4,56576.4,56565,56565,60,2018670
1789973940000,56580,56580,56580,56580,30,2018670
1789973970000,56580,56580,56580,56580,0,2018670
1789974000000,56580,56580,56580,56580,0,2018670
1789974030000,56580,56587.2,56580,56587.2,120,2018970
1789974060000,56587.2,56589.2,56587.2,56589.2,60,2018880
1789974090000,56589.2,56589.2,56589.2,56589.2,30,2018880
1789974120000,56589.2,56589.2,56589.2,56589.2,540,2018880
1789974150000,56589.2,56589.2,56589.2,56589.2,0,2018880
1789974180000,56589.2,56589.2,56570,56570,120,2018880
1789974210000,56570,56570,56570,56570,30,2018880
1789974240000,56570,56570,56570,56570,30,2018910
1789974270000,56573.4,56573.4,56573.4,56573.4,30,2018910
1789974300000,56573.4,56573.4,56573.4,56573.4,0,2018910
1789974330000,56573.4,56590,56573.4,56590,1800,2018970
1789974360000,56590,56590,56590,56590,0,2018970
1789974390000,56594,56594,56591,56591.2,930,2019660
1789974420000,56591.2,56591.2,56576,56576,60,2019870
1789974450000,56576,56576,56576,56576,30,2019870
1789974480000,56576,56590,56576,56590,420,2019930
1789974510000,56590,56590,56590,56590,0,2019930
1789974540000,56590,56590,56590,56590,0,2019930
1789974570000,56590,56594.4,56590,56592.6,1200,2020230
1789974600000,56592.6,56592.6,56576,56576,30,2020650
1789974630000,56576,56590,56576,56590,60,2020650
1789974660000,56590,56590,56590,56590,510,2020650
1789974690000,56576,56576,56555.8,56555.8,150,2020680
1789974720000,56555.8,56585.2,56555.8,56585.2,30,2020620
1789974750000,56595,56595,56585,56585,420,2020620
1789974780000,56585,56585,56585,56585,0,2020620
1789974810000,56585,56585,56567.6,56567.6,450,2020740
1789974840000,56567.6,56589,56567.6,56589,150,2020440
1789974870000,56589,56600,56574.2,56600,1710,2020440
1789974900000,56600,56600,56597.8,56597.8,30,2018760
1789974930000,56597.8,56597.8,56597.8,56597.8,0,2018760
1789974960000,56597.8,56599.2,56597.8,56599.2,150,2018760
1789974990000,56600,56604.6,56599.8,56599.8,1800,2018760
1789975020000,56599.8,56599.8,56599.8,56599.8,0,2018760
1789975050000,56599.8,56599.8,56599.8,56599.8,0,2018760
1789975080000,56605,56605,56600,56600,210,2016900
1789975110000,56605,56605,56600,56600,60,2016900
1789975140000,56600,56600,56600,56600,60,2016900
1789975170000,56600,56600,56596.2,56596.2,30,2017020
1789975200000,56596.2,56599.8,56596.2,56599.8,30,2017050
1789975230000,56599.8,56599.8,56596.2,56596.2,30,2017050
1789975260000,56596.2,56596.2,56591.2,56591.2,210,2017050
1789975290000,56591.2,56591.2,56591.2,56591.2,0,2017050
1789975320000,56599.8,56599.8,56591.2,56591.2,60,2017020
1789975350000,56591.2,56591.2,56591.2,56591.2,30,2017020
1789975380000,56591,56591.2,56591,56591.2,90,2017020
1789975410000,56591.2,56598,56591.2,56598,30,2017110
1789975440000,56598,56600,56591.2,56600,900,2017110
1789975470000,56600,56600,56600,56600,60,2017110
1789975500000,56600,56600,56600,56600,210,2017110
1789975530000,56600,56601,56600,56601,30,2017110
1789975560000,56601,56601,56601,56601,0,2017110
1789975590000,56600,56605,56600,56605,360,2017140
1789975620000,56605,56605,56591.2,56591.2,180,2017410
1789975650000,56591.2,56595,56591.2,56595,120,2017410
1789975680000,56595,56595,56595,56595,480,2017380
1789975710000,56595,56595,56595,56595,0,2017380
1789975740000,56595,56595,56571.8,56571.8,1800,2017860
1789975770000,56571.8,56592,56571.8,56591.2,660,2017860
1789975800000,56591.2,56591.2,56591.2,56591.2,0,2017860
1789975830000,56591.2,56591.2,56570.2,56570.2,60,2018310
1789975860000,56570.2,56570.2,56570.2,56570.2,0,2018310
1789975890000,56570.2,56588.8,56570.2,56588.8,30,2018370
1789975920000,56588.8,56588.8,56571.2,56571.2,30,2018370
1789975950000,56571.2,56571.2,56571.2,56571.2,0,2018370
1789975980000,56571.2,56596,56571.2,56591.2,60,2018430
1789976010000,56595.2,56595.2,56595.2,56595.2,600,2018430
1789976040000,56595.2,56595.2,56593.8,56593.8,600,2018430
1789976070000,56584.8,56588.8,56571.2,56588.8,690,2018430
1789976100000,56588.8,56588.8,56575,56575,60,2018700
1789976130000,56575,56575,56575,56575,0,2018700
1789976160000,56575,56575,56575,56575,330,2018700
1789976190000,56575,56575,56575,56575,0,2018700
1789976220000,56585,56593.8,56568.8,56593.8,720,2018700
1789976250000,56593.8,56593.8,56593.8,56593.8,0,2018700
1789976280000,56593.8,56593.8,56593.8,56593.8,0,2018700
1789976310000,56593.8,56593.8,56593.8,56593.8,0,2018700
1789976340000,56593.8,56594,56593.8,56594,120,2018700
1789976370000,56595,56595,56590,56590,300,2018700
1789976400000,56594.2,56600,56571.2,56600,210,2018850
1789976430000,56600,56600,56600,56600,60,2018850
1789976460000,56600,56600,56600,56600,180,2018850
1789976490000,56600,56600,56595.2,56595.8,120,2018880
1789976520000,56595.8,56595.8,56595.8,56595.8,60,2018880
1789976550000,56595.8,56595.8,56595.8,56595.8,0,2018880
1789976580000,56598.6,56598.6,56598.6,56598.6,30,2018640
1789976610000,56598.6,56599,56598.6,56599,30,2009850
1789976640000,56599,56599,56599,56599,0,2009850
1789976670000,56599,56603,56599,56603,150,2009880
1789976700000,56603,56606,56603,56606,1860,2008710
1789976730000,56610,56625,56603.6,56625,600,2008710
1789976760000,56625,56644.4,56625,56643,2400,2007720
1789976790000,56642.8,56643.8,56638.2,56639.4,840,2007720
1789976820000,56639.4,56639.4,56609.6,56633.6,210,2007720
1789976850000,56633.6,56633.6,56633.6,56633.6,60,2005980
1789976880000,56633.6,56633.6,56616.4,56630,120,2005980
1789976910000,56630,56644,56630,56644,1410,2005980
1789976940000,56644,56650,56640.2,56645,1170,2004150
1789976970000,56645,56650,56641,56641,690,2004150
1789977000000,56655,56668.8,56650,56668.8,2790,2002980
1789977030000,56643,56669.8,56643,56651,780,2002980
1789977060000,56651,56651,56640.2,56640.2,120,2002980
1789977090000,56648.2,56656.2,56648.2,56656.2,150,2002320
1789977120000,56656.2,56660,56649.6,56650.8,120,2002470
1789977150000,56651.2,56655,56651.2,56655,90,2002470
1789977180000,56655,56660,56652,56660,750,2002440
1789977210000,56659.2,56659.2,56652,56657.6,1230,2002440
1789977240000,56656.8,56656.8,56631,56631,990,2002440
1789977270000,56631,56648.4,56631,56648.4,480,2003310
1789977300000,56648.4,56648.4,56648.4,56648.4,0,2003310
1789977330000,56648.4,56648.4,56648,56648,60,2002860
1789977360000,56648,56648.4,56648,56648.4,180,2002860
1789977390000,56645,56660,56645,56660,360,2002800
1789977420000,56663.6,56663.6,56663.6,56663.6,240,2002650
1789977450000,56663.6,56665,56663.6,56663.6,60,2002650
1789977480000,56663.6,56665,56663,56665,120,2002620
1789977510000,56665,56666,56663,56666,360,2002620
1789977540000,56665,56665,56665,56665,240,2002500
1789977570000,56661.8,56669.4,56661.8,56669.4,120,2002500
1789977600000,56669.4,56669.4,56642.4,56667.2,210,2002500
1789977630000,56664.8,56664.8,56656,56660,210,2002500
1789977660000,56642,56642,56642,56642,90,2002500
1789977690000,56642,56661,56642,56661,120,2002590
1789977720000,56661,56661,56660,56660,30,2002590
1789977750000,56660,56660,56658,56658,120,2002560
1789977780000,56660.8,56660.8,56658,56658,60,2002560
1789977810000,56658,56670,56658,56670,450,2002440
1789977840000,56671,56680,56659.8,56659.8,1560,2002440
1789977870000,56659.8,56679.8,56659.8,56679.8,30,2001120
1789977900000,56679.8,56700,56662.6,56694.2,6870,1999710
1789977930000,56694.2,56700.2,56675,56682.8,2130,1999710
1789977960000,56699.2,56700.6,56690,56700,1950,1999740
1789977990000,56700,56700,56685.2,56685.2,210,1999740
1789978020000,56700,56705,56700,56700,600,2001360
1789978050000,56705.2,56705.2,56676.8,56677,1620,2001360
1789978080000,56677,56700,56677,56700,1380,2001660
1789978110000,56700,56700,56695,56695,60,2001660
1789978140000,56694.6,56698.6,56694,56698.6,570,2001840
1789978170000,56705.2,56706,56700,56704.8,600,2001840
1789978200000,56706,56719.2,56683,56700.8,900,2001780
1789978230000,56701,56701,56700.6,56700.8,90,2001780
1789978260000,56700.8,56722.2,56695.8,56722.2,2460,2001780
1789978290000,56722.2,56724.2,56700,56724.2,5910,2001630
1789978320000,56725,56730,56703.8,56727,1350,2002590
1789978350000,56703.8,56704,56699.2,56699.2,720,2002590
1789978380000,56699.4,56705.4,56678,56678,300,2001900
1789978410000,56678,56705,56676.8,56682,330,2001900
1789978440000,56682,56700,56675,56690,300,2001870
1789978470000,56701,56714.8,56701,56713.8,300,2001870
1789978500000,56710.2,56710.2,56710.2,56710.2,30,2001870
1789978530000,56710.2,56710.2,56697.4,56697.4,270,2001720
1789978560000,56697.4,56697.4,56687.4,56687.4,60,2001720
1789978590000,56687.4,56687.4,56687.4,56687.4,0,2001720
1789978620000,56687.4,56687.4,56687.4,56687.4,0,2001720
1789978650000,56700,56712.8,56693,56712.8,540,2001750
1789978680000,56712.8,56712.8,56684.6,56684.6,60,2001750
1789978710000,56684.6,56684.6,56684.6,56684.6,0,2001750
1789978740000,56684.6,56690,56684.6,56690,120,2001270
1789978770000,56700,56710,56700,56710,210,2001270
1789978800000,56710,56720,56710,56720,1020,2001270
1789978830000,56720,56726.2,56720,56724.6,870,2001870
1789978860000,56724.6,56740,56716.4,56740,810,2001870
1789978890000,56740,56740,56722.2,56722.2,120,2001510
1789978920000,56722.2,56735,56722.2,56722.2,210,2001510
1789978950000,56735,56735,56722.2,56722.2,90,2001360
1789978980000,56722.2,56722.2,56722.2,56722.2,60,2001360
1789979010000,56734,56735,56726.2,56730.4,510,2001270
1789979040000,56730.4,56734.8,56722,56722,270,2001270
1789979070000,56722,56725,56722,56725,30,2001060
1789979100000,56725,56730.4,56725,56725,660,2001060
1789979130000,56734,56734,56730,56734,90,2000460
1789979160000,56734,56736,56729.4,56729.4,210,2000460
1789979190000,56710.8,56735,56709.2,56735,210,2000580
1789979220000,56735,56735,56709.4,56709.4,480,2000580
1789979250000,56735,56739.8,56735,56739.8,330,2000310
1789979280000,56740,56768.6,56738,56768,3990,2000310
1789979310000,56768,56770,56732.8,56750,1680,1997370
1789979340000,56750,56774.8,56740.6,56747,600,1997370
1789979370000,56770,56777.8,56750.6,56764.4,1860,1997610
1789979400000,56769.6,56783.6,56754.6,56775,2190,1997610
1789979430000,56775,56779,56765,56775,2280,1995390
1789979460000,56775,56775,56745,56770,1530,1995390
1789979490000,56770,56775,56767.2,56770.4,480,1995090
1789979520000,56770,56775,56769.2,56775,240,1995090
1789979550000,56775,56775,56773.8,56774.2,720,1994820
1789979580000,56775,56778,56770.4,56778,450,1994820
1789979610000,56772.2,56778,56772.2,56778,570,1994430
1789979640000,56772,56775,56765.2,56765.2,1980,1994430
1789979670000,56765.2,56766,56765,56765,780,1994940
1789979700000,56750,56754,56750,56750,720,1994940
1789979730000,56745,56745,56745,56745,300,1995090
1789979760000,56745,56754,56745,56754,240,1995090
1789979790000,56754,56755,56746.2,56755,90,1995030
1789979820000,56755,56765,56746,56746,270,1995030
1789979850000,56746,56746,56746,56746,150,1994730
1789979880000,56746,56750,56746,56746,90,1994730
1789979910000,56746,56756.8,56746,56756.8,30,1994640
1789979940000,56750.4,56750.4,56737,56737,690,1994640
1789979970000,56737,56745,56737,56737,120,1994700
1789980000000,56737,56744,56737,56737,60,1994700
1789980030000,56737,56737,56700,56700,540,1994580
1789980060000,56700,56743.8,56700,56743.8,570,1994580
1789980090000,56743.8,56743.8,56720,56720,60,1994280
1789980120000,56715.2,56740,56715.2,56740,90,1994280
1789980150000,56740,56740,56715.6,56720,90,1994190
1789980180000,56720,56740,56720,56720,210,1994190
1789980210000,56720,56737.8,56712,56726,150,1994280
1789980240000,56726,56741.4,56722,56741.4,600,1994280
1789980270000,56741.4,56743.8,56722,56735.6,360,1994190
1789980300000,56735.6,56735.6,56735.6,56735.6,60,1994190
1789980330000,56735.6,56735.6,56722,56722,30,1994100
1789980360000,56722,56739,56708.4,56708.4,360,1994100
1789980390000,56720.4,56742,56720.4,56742,60,1994100
1789980420000,56720,56742,56720,56742,390,1994070
1789980450000,56742,56742,56724.6,56742,210,1993800
1789980480000,56742,56745,56724.2,56745,330,1993800
1789980510000,56726.8,56745,56726.8,56745,180,1993500
1789980540000,56745,56755,56734.2,56755,150,1993500
1789980570000,56755,56755,56755,56755,0,1993500
1789980600000,56759,56760,56745.6,56760,180,1993260
1789980630000,56760,56765,56760,56765,30,1993260
1789980660000,56765,56765,56755,56762.4,780,1993260
1789980690000,56762.4,56762.4,56720.6,56720.6,420,1993170
1789980720000,56720.6,56751.2,56720.6,56751.2,300,1993170
1789980750000,56751.2,56752,56721.8,56722.4,150,1993140
1789980780000,56722.4,56749.8,56722.4,56749.8,90,1993140
1789980810000,56749.8,56749.8,56749.8,56749.8,0,1993140
1789980840000,56749,56750,56749,56750,360,1993110
1789980870000,56750,56760,56727,56727,510,1992990
1789980900000,56727,56752.6,56727,56752.6,30,1992990
1789980930000,56754.2,56754.2,56725.4,56725.4,60,1992750
1789980960000,56725.4,56746.4,56725.4,56746.4,30,1992750
1789980990000,56746.4,56746.4,56722.6,56722.6,150,1992750
1789981020000,56724,56749.6,56724,56749.6,90,1992750
1789981050000,56749.6,56749.6,56721,56721,180,1992630
1789981080000,56749.6,56754.4,56744.4,56744.4,120,1992630
1789981110000,56744.4,56744.8,56744.4,56744.8,330,1992570
1789981140000,56722,56734.6,56722,56734.6,150,1992570
1789981170000,56734.6,56734.6,56702.6,56702.6,870,1992150
1789981200000,56723.4,56723.4,56709.8,56709.8,720,1992150
1789981230000,56710.4,56710.4,56696.2,56696.2,870,1991940
1789981260000,56696.2,56723.6,56696.2,56721,450,1991940
1789981290000,56721,56721,56697.8,56710,60,1991850
1789981320000,56697,56715,56697,56715,120,1991850
1789981350000,56715,56715,56715,56715,120,1991730
1789981380000,56715,56715,56696,56714.8,90,1991730
1789981410000,56714.8,56714.8,56714.8,56714.8,0,1991730
1789981440000,56714.8,56714.8,56714.8,56714.8,30,1991700
1789981470000,56714.8,56714.8,56714.8,56714.8,0,1991700
1789981500000,56714.8,56714.8,56700.2,56708.4,90,1991730
1789981530000,56700,56700,56690,56690,240,1991730
1789981560000,56690,56711,56690,56711,120,1991610
1789981590000,56695.8,56695.8,56695.8,56695.8,120,1991580
1789981620000,56695.8,56720,56695.8,56696.6,270,1991580
1789981650000,56721.2,56725.4,56700.8,56725,510,1991400
1789981680000,56725,56727.8,56700,56727.8,120,1991400
1789981710000,56727.8,56727.8,56727.8,56727.8,0,1991400
1789981740000,56727.8,56727.8,56700,56720,60,1991310
1789981770000,56720,56720,56692,56692,210,1991280
1789981800000,56700,56711,56700,56710,150,1991280
1789981830000,56710,56715,56710,56715,780,1990920
1789981860000,56715,56715,56715,56715,30,1990920
1789981890000,56715,56715,56710,56710,120,1990380
1789981920000,56693.4,56710,56693.4,56710,360,1990380
1789981950000,56710,56710,56710,56710,30,1990080
1789981980000,56710,56715,56704,56704,270,1990080
1789982010000,56715,56720,56715,56720,150,1989810
1789982040000,56720,56720,56718,56718,30,1989810
1789982070000,56720,56720,56706,56706,540,1989480
1789982100000,56704,56718,56704,56718,360,1989480
1789982130000,56718,56718,56700,56700,30,1989570
1789982160000,56700,56715,56700,56700.2,180,1989570
1789982190000,56700.2,56715,56700,56700,420,1989390
1789982220000,56700,56718,56700,56718,90,1989390
1789982250000,56710.6,56720.8,56690,56720.8,300,1989090
1789982280000,56691.6,56725.2,56691.4,56725.2,1170,1989090
1789982310000,56725,56725,56690,56690,1230,1989570
1789982340000,56690,56711.8,56681.2,56681.2,570,1989570
1789982370000,56681.2,56681.2,56680.2,56680.2,210,1982190
1789982400000,56691,56705,56691,56705,120,1982190
1789982430000,56705,56705,56688,56688,30,1982070
1789982460000,56688,56688,56670.4,56675,570,1982070
1789982490000,56675,56691.8,56662,56685,780,1981560
1789982520000,56685,56694.8,56663,56690.6,210,1981560
1789982550000,56690.6,56690.6,56666.4,56666.4,90,1981470
1789982580000,56666.4,56666.4,56666.4,56666.4,0,1981470
1789982610000,56666.4,56666.4,56666.4,56666.4,90,1981380
1789982640000,56686,56690,56662,56690,210,1981380
1789982670000,56690,56690,56690,56690,0,1981380
1789982700000,56690,56690,56663,56663,30,1981290
1789982730000,56663,56689,56663,56689,90,1981290
1789982760000,56689,56689,56673.2,56679,90,1981260
1789982790000,56679,56689.8,56679,56689.8,330,1981290
1789982820000,56689.8,56690,56689.8,56690,120,1981290
1789982850000,56690,56700,56690,56699.2,150,1981140
1789982880000,56699.2,56701.8,56699,56701.8,60,1981140
1789982910000,56701.8,56701.8,56701.8,56701.8,0,1981140
1789982940000,56689.2,56699.4,56689,56699.4,450,1981050
1789982970000,56699.4,56699.4,56689,56689,30,1981170
1789983000000,56697.4,56697.4,56660,56660,780,1981170
1789983030000,56660,56670,56660,56670,30,1980780
1789983060000,56670,56670,56670,56670,0,1980780
1789983090000,56671,56680,56655,56655,450,1980690
1789983120000,56661.2,56676,56661.2,56670,330,1980690
1789983150000,56670,56670,56661.2,56665.4,180,1980600
1789983180000,56665.6,56665.6,56650,56658.4,900,1980600
1789983210000,56658.4,56666.6,56651,56664.2,330,1980510
1789983240000,56664.2,56664.2,56651,56660,330,1980510
1789983270000,56660,56660,56655,56655,60,1980360
1789983300000,56655,56665,56655,56665,120,1980360
1789983330000,56665,56679,56655,56679,120,1980300
1789983360000,56655,56680.2,56651.2,56680.2,1140,1980300
1789983390000,56680.2,56685.4,56655,56683.6,330,1980300
1789983420000,56683.6,56683.6,56653,56653,150,1980300
1789983450000,56653,56679.4,56653,56679.4,120,1980300
1789983480000,56679.4,56679.4,56669.6,56669.6,30,1980270
1789983510000,56669.6,56669.6,56650,56650,150,1980240
1789983540000,56650,56674.2,56650,56674.2,60,1980240
1789983570000,56674.2,56674.2,56655,56655,60,1980180
1789983600000,56660,56660,56642.6,56655,1050,1980180
1789983630000,56655,56655,56655,56655,60,1979610
1789983660000,56655,56655,56655,56655,0,1979610
1789983690000,56650,56670,56650,56670,60,1979610
1789983720000,56667,56667,56664.8,56666.8,180,1979580
1789983750000,56666.8,56666.8,56641,56641,150,1979520
1789983780000,56641,56650.6,56640,56640.2,360,1979520
1789983810000,56650.6,56650.6,56638.6,56638.6,240,1979160
1789983840000,56655,56655,56638.6,56655,240,1979160
1789983870000,56655,56666.4,56655,56655,60,1979160
1789983900000,56645,56662.2,56636.8,56650,480,1978980
1789983930000,56650,56655,56641.6,56641.6,150,1978860
1789983960000,56641.6,56645,56641,56641,240,1978860
1789983990000,56657.6,56657.6,56641,56641,120,1978950
1789984020000,56641,56657,56641,56641,240,1978950
1789984050000,56650,56665.4,56641,56665.4,660,1978950
1789984080000,56665.4,56665.4,56664,56664,60,1978410
1789984110000,56661,56665.4,56650,56665.2,150,1978470
1789984140000,56665.2,56665.2,56650,56650,90,1978470
1789984170000,56650,56650,56645,56645,270,1978320
1789984200000,56645,56660.2,56645,56659.8,90,1978320
1789984230000,56659.8,56659.8,56641.2,56641.2,150,1978110
1789984260000,56641.2,56654.6,56641,56654.6,90,1978110
1789984290000,56657.4,56657.4,56656.4,56656.4,150,1978080
1789984320000,56657,56657,56642,56650,210,1978080
1789984350000,56650,56650,56650,56650,120,1978080
1789984380000,56655,56655,56655,56655,90,1977900
1789984410000,56655,56655,56655,56655,150,1977900
1789984440000,56655,56657,56651,56651,90,1977840
1789984470000,56651,56657,56650,56657,120,1977840
1789984500000,56650,56659,56648,56654,570,1977690
1789984530000,56656,56656,56649,56649,300,1977690
1789984560000,56649,56654.8,56648,56652,480,1977150
1789984590000,56644,56649.6,56635,56635,720,1977150
1789984620000,56640,56652,56620,56622,4920,1976820
1789984650000,56622,56649.2,56622,56623.2,90,1976820
1789984680000,56623.2,56626.2,56623.2,56626.2,300,1978440
1789984710000,56626.2,56626.2,56625,56625,30,1978440
1789984740000,56625,56648,56625,56648,150,1978470
1789984770000,56648,56648,56626.2,56648,90,1978470
1789984800000,56650,56650,56650,56650,30,1978500
1789984830000,56650,56654,56627,56627,870,1978650
1789984860000,56650,56650,56627,56627,150,1978650
1789984890000,56627,56627,56627,56627,0,1978650
1789984920000,56650,56650,56650,56650,60,1978650
1789984950000,56645,56645,56636,56636,210,1978650
1789984980000,56628,56645,56628,56645,360,1978650
1789985010000,56645,56654.4,56636,56654.2,750,1978650
1789985040000,56627,56654.2,56627,56636,660,1978470
1789985070000,56636,56636,56625,56625,180,1978470
1789985100000,56625,56650,56625,56636,60,1977900
1789985130000,56650,56650,56636,56636,90,1977900
1789985160000,56636,56636,56636,56636,0,1977900
1789985190000,56636,56636.2,56636,56636.2,30,1977900
1789985220000,56640,56640,56630,56630.2,1080,1977930
1789985250000,56630.2,56630.2,56615.4,56615.4,990,1977930
1789985280000,56614.4,56630,56614.4,56614.6,2040,1977210
1789985310000,56630,56645,56616.2,56645,1320,1977210
1789985340000,56630.4,56630.4,56614,56630.4,570,1976910
1789985370000,56630.4,56630.4,56630.4,56630.4,990,1975620
1790048700000,56690,56730,56681,56706.2,3600,1964250
1790048730000,56704.8,56723.4,56681,56700,1920,1964250
1790048760000,56700,56720,56700,56711.8,2700,1967250
1790048790000,56710.2,56710.2,56665,56665,840,1967250
1790048820000,56665,56691.8,56650,56661.8,5550,1971000
1790048850000,56680,56707.6,56680,56697.6,1770,1971000
1790048880000,56697.6,56725,56697.6,56705,9240,1975230
1790048910000,56705,56720,56704,56704,2880,1975230
1790048940000,56704,56706.6,56700,56705,750,1978470
1790048970000,56708,56708,56690.2,56690.8,720,1978470
1790049000000,56690.8,56720,56690.8,56718.6,660,1978830
1790049030000,56700.6,56710,56695.8,56696,450,1978830
1790049060000,56696,56700,56695.8,56696.4,210,1979040
1790049090000,56696.4,56696.4,56696.2,56696.2,150,1979040
1790049120000,56701.8,56725,56700.4,56720,540,1979160
1790049150000,56720,56725,56704.8,56710,330,1979160
1790049180000,56712,56719.8,56712,56719.2,390,1979490
1790049210000,56719.2,56724,56719.2,56720,270,1979490
1790049240000,56722,56730,56711,56730,750,1979130
1790049270000,56730.6,56745,56721,56739,1500,1979130
1790049300000,56738.6,56738.6,56720,56720,450,1979130
1790049330000,56720,56720,56711,56719.2,150,1978950
1790049360000,56719.2,56719.2,56703.6,56719.2,240,1978950
1790049390000,56719.2,56719.2,56710,56710,180,1979010
1790049420000,56710,56711,56703,56703,240,1978890
1790049450000,56710.8,56712.4,56700,56711,360,1978890
1790049480000,56711,56711,56700,56709,60,1978980
1790049510000,56709,56720,56709,56718,510,1978980
1790049540000,56718,56725,56718,56725,360,1978830
1790049570000,56720.6,56774.8,56720.6,56774.8,2400,1978830
1790049600000,56774.8,56775,56760.2,56771,720,1978830
1790049630000,56769.4,56774.8,56760.6,56760.6,1110,1977450
1790049660000,56760.4,56767.4,56740,56749.8,660,1976460
1790049690000,56749.8,56765,56740.4,56746,330,1976460
1790049720000,56760,56768,56740,56744,210,1976370
1790049750000,56740.6,56743.8,56715,56719,510,1976370
1790049780000,56719,56749.4,56719,56725,1620,1976430
1790049810000,56725,56749.8,56719.2,56720,870,1976430
1790049840000,56714.6,56730,56714.6,56730,1950,1976430
1790049870000,56730,56730,56730,56730,3600,1976010
1790049900000,56730,56730,56729.8,56729.8,240,1976010
1790049930000,56729.8,56737.8,56719.6,56720.8,90,1976040
1790049960000,56720.8,56745,56720.8,56745,240,1976040
1790049990000,56745,56745,56745,56745,0,1976040
1790050020000,56745,56745,56720.8,56745,180,1976040
1790050050000,56745,56745,56730,56731.2,120,1976010
1790050080000,56744.8,56745,56740,56745,330,1976010
1790050110000,56745,56749,56745,56746.8,510,1976100
1790050140000,56747,56747,56730.6,56740,150,1975020
1790050170000,56740,56740,56738,56738,90,1975020
1790050200000,56738,56738,56730.6,56730.6,360,1975020
1790050230000,56725,56738,56725,56738,150,1975020
1790050260000,56738,56747,56738,56747,120,1974990
1790050290000,56747,56747,56729,56732.8,90,1974990
1790050320000,56732.8,56747,56732.8,56747,90,1974990
1790050350000,56747,56747,56743,56743,30,1974960
1790050380000,56743,56747,56743,56747,660,1974930
1790050410000,56747,56747,56747,56747,30,1974930
1790050440000,56743,56743,56734,56734,600,1973340
1790050470000,56734,56748,56734,56748,180,1973340
1790050500000,56748,56760,56733.8,56758.4,300,1973250
1790050530000,56754,56754,56733,56733,120,1973250
1790050560000,56733,56751.8,56733,56733.6,120,1973250
1790050590000,56733.6,56748,56733,56733,120,1973310
1790050620000,56733,56750,56733,56750,60,1973310
1790050650000,56741.6,56741.6,56741.6,56741.6,300,1973430
1790050680000,56741.6,56754,56741.6,56754,60,1973430
1790050710000,56754,56760,56745,56745,660,1973130
1790050740000,56745,56745,56745,56745,390,1973130
1790050770000,56745,56745,56736.4,56736.4,630,1973340
1790050800000,56736.4,56745.2,56736.4,56745.2,270,1973460
1790050830000,56745.2,56766,56742,56765,750,1973460
1790050860000,56765,56774.8,56755.6,56765,780,1973460
1790050890000,56765,56765,56744.6,56744.6,150,1973010
1790050920000,56744.6,56744.6,56744.6,56744.6,30,1973010
1790050950000,56740.6,56740.6,56735.6,56735.6,360,1973070
1790050980000,56740,56740,56739.6,56739.6,60,1973070
1790051010000,56744,56744,56744,56744,30,1973220
1790051040000,56744,56749,56744,56749,120,1973010
1790051070000,56749,56749,56733,56733,120,1973010
1790051100000,56733,56738.2,56730,56730,1200,1973010
1790051130000,56730,56730,56730,56730,30,1974180
1790051160000,56730,56736,56723.6,56736,330,1974180
1790051190000,56730,56730,56730,56730,30,1974030
1790051220000,56730,56730,56724,56724,30,1974030
1790051250000,56724,56736,56720.8,56736,270,1974060
1790051280000,56720.6,56720.8,56720.6,56720.6,120,1974060
1790051310000,56735,56735,56735,56735,30,1973550
1790051340000,56739,56745,56727.8,56727.8,150,1973550
1790051370000,56727.8,56749,56727.8,56730.2,60,1973490
1790051400000,56730.2,56759,56730.2,56759,330,1973490
1790051430000,56759,56759,56759,56759,0,1973490
1790051460000,56759,56760,56748.8,56748.8,150,1973520
1790051490000,56748.8,56748.8,56730.6,56730.6,60,1973580
1790051520000,56727.8,56740.2,56727.8,56737.4,150,1973580
1790051550000,56723.4,56731.8,56720.6,56731.8,270,1973730
1790051580000,56721,56728.2,56720.8,56728.2,210,1973730
1790051610000,56728.2,56728.2,56720.6,56720.6,60,1973520
1790051640000,56725,56725,56725,56725,30,1973520
1790051670000,56725,56725,56719,56719,180,1973550
1790051700000,56719,56735.8,56719,56735.8,30,1973550
1790051730000,56735.8,56735.8,56735.8,56735.8,60,1973490
1790051760000,56735.8,56735.8,56721,56721,210,1973490
1790051790000,56721,56723.4,56700.2,56700.2,1290,1973400
1790051820000,56700.2,56714,56700,56714,210,1973400
1790051850000,56714,56716.6,56706,56706,90,1974630
1790051880000,56706,56726.8,56693.8,56726.8,1200,1974630
1790051910000,56726.8,56733.8,56726.8,56726.8,120,1975110
1790051940000,56726.8,56740.4,56726.8,56740.4,90,1975110
1790051970000,56740.4,56748.6,56740.4,56748.6,120,1975170
1790052000000,56748.6,56748.6,56737.6,56737.6,120,1975170
1790052030000,56737.6,56741.2,56737.6,56741.2,30,1975200
1790052060000,56741.2,56759.8,56736,56759.8,450,1975200
1790052090000,56760,56760,56757.2,56757.2,90,1975350
1790052120000,56757.2,56757.2,56757.2,56757.2,0,1975350
1790052150000,56757.2,56757.2,56740,56740,30,1975350
1790052180000,56740,56740,56733.6,56733.6,150,1975350
1790052210000,56733.6,56733.6,56733.6,56733.6,0,1975350
1790052240000,56733.6,56733.6,56733.6,56733.6,0,1975350
1790052270000,56741,56750,56741,56750,150,1975110
1790052300000,56750,56750,56708.6,56708.6,1200,1975110
1790052330000,56708.6,56751.8,56708.6,56751.8,180,1974690
1790052360000,56751.8,56751.8,56730,56730,30,1974690
1790052390000,56730,56730,56720.8,56721,180,1974600
1790052420000,56721,56728,56721,56721,150,1974600
1790052450000,56721,56721,56720,56720,240,1974870
1790052480000,56720,56720,56708,56708,390,1974870
1790052510000,56708,56721.2,56708,56710.2,210,1974780
1790052540000,56710.2,56733.6,56708.2,56733.6,180,1974780
1790052570000,56734,56734,56712.8,56712.8,210,1974690
1790052600000,56703.2,56715,56700,56715,2550,1974690
1790052630000,56715,56715,56682.2,56715,6930,1975890
1790052660000,56715,56715,56686.8,56715,2190,1975890
1790052690000,56715,56715,56677,56679,3090,1980420
1790052720000,56655.2,56689.2,56655.2,56671,150,1980420
1790052750000,56671,56671,56652,56663,1050,1981170
1790052780000,56664.6,56664.6,56650,56652.6,780,1981170
1790052810000,56652.6,56669,56652.6,56657.6,300,1982220
1790052840000,56656.2,56659.4,56651,56653,240,1982220
1790052870000,56677,56677,56652.2,56655.2,300,1982610
1790052900000,56654.8,56681.4,56654.4,56654.6,420,1982610
1790052930000,56653,56680,56653,56654.4,480,1983150
1790052960000,56653.6,56655,56653.4,56655,210,1983150
1790052990000,56655,56671,56653,56671,750,1983510
1790053020000,56652,56653,56652,56652,360,1983510
1790053050000,56652,56656,56652,56655.8,210,1983600
1790053080000,56655,56666.4,56655,56657,210,1983600
1790053110000,56657,56661.6,56657,56660,90,1983930
1790053140000,56666.4,56699.6,56666.4,56699.6,270,1983930
1790053170000,56699.6,56699.6,56657,56683,120,1984110
1790053200000,56655,56682,56652,56656,780,1984110
1790053230000,56653.6,56653.6,56615,56619,2790,1986090
1790053260000,56617.2,56617.2,56590,56604.6,1680,1986090
1790053290000,56590,56615,56590,56615,570,1986480
1790053320000,56611.4,56616,56609.8,56611.4,360,1986480
1790053350000,56611.4,56611.4,56590,56590,810,1987410
1790053380000,56586,56593.6,56575.2,56580.6,450,1987410
1790053410000,56580,56580,56569.8,56571.4,720,1987830
1790053440000,56571.4,56579.2,56565,56579.2,600,1987830
1790053470000,56579.2,56599.6,56575.6,56575.6,60,1988250
1790053500000,56572.2,56575.6,56540,56540,2010,1988250
1790053530000,56546,56561.2,56520.2,56550.2,1590,1988940
1790053560000,56531.4,56543.2,56528,56528,480,1988940
1790053590000,56525,56539.8,56516.6,56537.8,570,1989390
1790053620000,56540,56550,56539,56550,570,1989390
1790053650000,56565,56573,56554,56555.6,540,1989810
1790053680000,56555.6,56575,56555.6,56575,180,1989810
1790053710000,56575,56575,56550,56554.2,660,1990110
1790053740000,56570.4,56574.4,56550,56574.4,270,1990110
1790053770000,56574.4,56575.2,56540,56553.6,1020,1990530
1790053800000,56553.6,56564.8,56553.6,56558,270,1990530
1790053830000,56558,56558,56558,56558,0,1990530
1790053860000,56565,56565,56551,56551,210,1990500
1790053890000,56551,56560,56530,56531,1830,1990770
1790053920000,56523,56527.2,56496,56496,3150,1990770
1790053950000,56493,56520,56482.4,56520,4020,1994430
1790053980000,56520,56534,56520,56534,300,1994430
1790054010000,56534,56545.2,56534,56541.6,120,1995090
1790054040000,56541.6,56541.6,56530,56530,420,1995090
1790054070000,56531.6,56531.6,56521,56521,450,1995450
1790054100000,56520,56520,56501,56501,570,1995450
1790054130000,56519.2,56519.2,56505,56512,330,1995900
1790054160000,56512,56512,56500.2,56512,810,1995900
1790054190000,56512,56520,56504.4,56520,570,1996170
1790054220000,56520,56520,56520,56520,0,1996170
1790054250000,56520,56520,56520,56520,0,1996170
1790054280000,56520,56527,56520,56527,120,1996410
1790054310000,56530.8,56530.8,56515,56517.4,420,1996560
1790054340000,56517.4,56517.4,56502.6,56506.2,240,1996560
1790054370000,56502,56508,56500,56500,600,1997070
1790054400000,56500,56500,56476,56490,1380,1997070
1790054430000,56481.4,56485.8,56465,56471.6,2130,1997580
1790054460000,56471.6,56477,56465.4,56466.8,750,1997580
1790054490000,56465.4,56477.4,56464,56476.6,1080,1998900
1790054520000,56493.2,56493.2,56470,56470.2,660,1998900
1790054550000,56471,56481,56450.4,56455.2,1410,1998900
1790054580000,56455.2,56474.4,56452.6,56474,360,1998900
1790054610000,56453.4,56473.4,56453.4,56471.2,360,1999410
1790054640000,56459.2,56479.6,56458.8,56479.6,690,1999410
1790054670000,56466.8,56478.4,56466.8,56474.6,720,1999530
1790054700000,56479,56480,56477.2,56479.6,510,1999530
1790054730000,56479.6,56480,56479.4,56480,600,2000400
1790054760000,56511.8,56521.2,56499.8,56515,1380,2000400
1790054790000,56520,56520,56511,56511,1530,2002440
1790054820000,56511,56512.4,56510.8,56510.8,1440,2002440
1790054850000,56510.8,56522.6,56510.8,56522.6,750,2002530
1790054880000,56511,56521.2,56511,56511.2,1170,2002530
1790054910000,56511.2,56515.2,56511.2,56515.2,180,2002860
1790054940000,56515,56520.2,56514.6,56520,480,2002860
1790054970000,56520,56542.6,56519.4,56539.2,510,2002920
1790055000000,56542.2,56542.2,56510,56510,660,2002920
1790055030000,56510,56510,56510,56510,0,2002920
1790055060000,56510,56510,56490.2,56506.6,360,2003430
1790055090000,56483.4,56499.6,56480,56499.6,690,2003670
1790055120000,56494,56494,56476.6,56476.6,150,2003670
1790055150000,56476.6,56476.8,56476.6,56476.8,30,2001690
1790055180000,56476.8,56479.8,56460,56479.6,1800,2001690
1790055210000,56479.6,56480.6,56470.4,56470.4,210,2002980
1790055240000,56470.4,56480.8,56470,56480.8,120,2002980
1790055270000,56486.8,56486.8,56468,56468,630,2003160
1790055300000,56462.6,56470.6,56461.6,56465,150,2003160
1790055330000,56465,56465,56451.2,56451.2,1020,2003490
1790055360000,56451.2,56451.2,56440.8,56441.4,1740,2003490
1790055390000,56441.4,56455,56441.4,56452.8,1140,2004180
1790055420000,56452.8,56469.2,56444.8,56469.2,720,2004180
1790055450000,56469.2,56469.2,56450,56457.8,360,1989120
1790055480000,56449,56470,56438.4,56442.2,3210,1989120
1790055510000,56435,56464,56430,56464,870,1989300
1790055540000,56464,56467.4,56461.4,56467.4,120,1989300
1790055570000,56467.4,56467.4,56467.4,56467.4,150,1989300
1790055600000,56467.4,56469.8,56456.6,56468.4,480,1989390
1790055630000,56470,56470.2,56454.6,56454.6,1440,1989450
1790055660000,56488,56488.4,56470.2,56486.8,210,1989450
1790055690000,56486.8,56486.8,56471,56471,210,1989030
1790055720000,56470,56481.8,56470,56470,330,1989030
1790055750000,56470,56479.8,56464.8,56479.8,90,1989120
1790055780000,56468.8,56478.6,56468.8,56478.6,180,1989120
1790055810000,56478.6,56479.8,56473.2,56475,150,1989390
1790055840000,56485,56519,56484.8,56500,1080,1989390
1790055870000,56500,56500,56485,56485,60,1988790
1790055900000,56484.6,56492.8,56484.6,56491,300,1988790
1790055930000,56486.6,56486.6,56478.8,56478.8,90,1988790
1790055960000,56493.6,56493.6,56470.8,56470.8,240,1989030
1790055990000,56470.8,56478.2,56470.8,56476.6,180,1989180
1790056020000,56476.6,56481.8,56476.6,56480.4,210,1989180
1790056050000,56480.4,56498,56477,56480.4,750,1989570
1790056080000,56497.8,56497.8,56478.2,56478.2,1020,1989570
1790056110000,56478.2,56491.2,56471.4,56471.4,150,1989570
1790056140000,56471.6,56471.6,56466.6,56470.4,180,1990080
1790056170000,56470.4,56470.4,56465,56466.6,270,1990260
1790056200000,56468.8,56470.4,56464.8,56467.2,420,1990260
1790056230000,56466.4,56468,56466.2,56467,570,1990860
1790056260000,56467,56470.2,56467,56470.2,90,1990860
1790056290000,56468.4,56470,56468.4,56470,120,1990860
1790056320000,56469.2,56480,56469.2,56480,480,1990770
1790056350000,56480,56480,56467,56480,210,1991250
1790056380000,56480,56492.4,56480,56492.4,180,1991250
1790056410000,56492.4,56492.4,56488.4,56490,120,1991250
1790056440000,56490,56498,56490,56494.2,90,1991400
1790056470000,56494.2,56499,56494.2,56499,60,1991520
1790056500000,56500,56500,56500,56500,60,1991520
1790056530000,56500,56506.4,56500,56506.4,240,1990890
1790056560000,56509,56509,56490,56506.4,540,1990890
1790056590000,56506.4,56506.4,56500,56500,30,1990890
1790056620000,56500,56500,56490,56490,60,1991400
1790056650000,56490,56490,56490,56490,0,1991400
1790056680000,56490,56500,56490,56500,30,1991460
1790056710000,56500,56500,56490,56490,30,1991460
1790056740000,56490,56513.2,56490,56513.2,240,1991490
1790056770000,56513.6,56513.6,56513.6,56513.6,30,1991490
1790056800000,56490.2,56490.2,56480,56480,630,1991310
1790056830000,56486.2,56486.2,56470.4,56470.4,480,1991310
1790056860000,56470.4,56470.6,56468.4,56468.4,90,1991790
1790056890000,56468.4,56468.4,56460,56460,270,1991790
1790056920000,56462.8,56462.8,56450,56451,570,1992000
1790056950000,56450,56450,56440,56440,210,1992000
1790056980000,56440,56447.6,56440,56447.6,210,1992690
1790057010000,56447.6,56447.6,56445,56446.8,60,1992690
1790057040000,56444.8,56452.8,56444.8,56452.8,300,1992780
1790057070000,56452.8,56459.8,56436,56436,810,1993470
1790057100000,56436,56436,56421,56421.8,1500,1993470
1790057130000,56421,56421,56420,56421,360,1993470
1790057160000,56421,56423.6,56420.8,56423.6,270,1994430
1790057190000,56423.6,56423.6,56420,56423.6,900,1995300
1790057220000,56423.6,56428.8,56423.4,56428.6,90,1995300
1790057250000,56428.6,56429,56422.4,56428.8,240,1995300
1790057280000,56428.8,56452,56428.6,56452,390,1995450
1790057310000,56452,56452,56449.2,56449.2,480,1995450
1790057340000,56449.2,56452.2,56420.2,56420.2,1860,1995060
1790057370000,56420.2,56420.8,56410,56410,360,1995060
1790057400000,56411.2,56430.8,56410.8,56415,390,1994160
1790057430000,56410.8,56413.8,56401,56408.8,960,1994160
1790057460000,56408.8,56420,56408.8,56420,90,1994670
1790057490000,56410.2,56420,56410,56419.8,180,1994670
1790057520000,56419.8,56419.8,56386.8,56407,1290,1994790
1790057550000,56407,56410,56386.8,56386.8,570,1994790
1790057580000,56396,56410,56395,56395,660,1995540
1790057610000,56395,56409.8,56390,56395,360,1995540
1790057640000,56395,56395,56395,56395,150,1996080
1790057670000,56395,56408,56395,56408,90,1996080
1790057700000,56401.6,56408,56395,56407.2,300,1995870
1790057730000,56407.2,56407.2,56407.2,56407.2,0,1995870
1790057760000,56407.2,56407.2,56386.6,56386.6,1080,1995900
1790057790000,56385,56390.6,56377.4,56390.6,1080,1995900
1790057820000,56380,56398.6,56377,56379.2,1830,1996110
1790057850000,56392.8,56396.6,56375,56375,720,1996110
1790057880000,56375,56400,56375,56400,150,1996650
1790057910000,56406,56409.8,56400,56409.8,420,1996650
1790057940000,56398.4,56407.2,56398.4,56406.8,270,1997010
1790057970000,56406.8,56411.8,56391.8,56411.8,300,1997010
1790058000000,56400,56406,56398,56403.8,150,1997070
1790058030000,56403.6,56403.6,56400,56403.6,120,1997070
1790058060000,56403.6,56403.6,56400,56400,210,1997250
1790058090000,56400,56401.2,56395,56395,240,1997250
1790058120000,56391,56400,56391,56400,120,1997100
1790058150000,56400,56415,56400,56415,150,1997100
1790058180000,56404.6,56415,56404.6,56414.8,210,1997220
1790058210000,56414.8,56414.8,56414.8,56414.8,0,1997220
1790058240000,56414.8,56414.8,56405,56405,120,1997250
1790058270000,56405,56408.6,56401,56401,1710,1997250
1790058300000,56400,56400,56385,56388,360,1998720
1790058330000,56388,56388,56385,56385,30,1998720
1790058360000,56380,56396.4,56380,56380,390,1998510
1790058390000,56380,56391.8,56380,56391.8,480,1998510
1790058420000,56391.8,56410.6,56391.8,56410.6,150,1998570
1790058450000,56410.6,56411.8,56410.6,56411.8,90,1998570
1790058480000,56411.8,56411.8,56411.6,56411.6,30,1998570
1790058510000,56411.6,56420,56394.8,56420,540,1998570
1790058540000,56420,56420,56411.4,56420,60,1998870
1790058570000,56420,56420,56420,56420,150,1998870
1790058600000,56429,56430,56420,56430,570,1997280
1790058630000,56430,56430,56430,56430,30,1997280
1790058660000,56429,56429,56413,56413,90,1997280
1790058690000,56413,56413,56413,56413,30,1997280
1790058720000,56410,56416.8,56407.2,56416.2,630,1997370
1790058750000,56416.2,56430,56402.8,56403.2,1410,1997370
1790058780000,56406,56419.4,56406,56419.4,330,1998630
1790058810000,56415.8,56430,56415.8,56430,660,1998630
1790058840000,56430,56430,56419.2,56419.2,90,1999320
1790058870000,56419.2,56422.2,56419.2,56422.2,90,1999320
1790058900000,56438.4,56439.6,56423.2,56439.6,180,1999440
1790058930000,56439.6,56439.6,56426.8,56431,660,1999440
1790058960000,56431,56439.8,56431,56439.8,60,2000130
1790058990000,56439.8,56439.8,56426.2,56426.2,90,2000130
1790059020000,56426.2,56426.2,56414.4,56418.4,90,2000310
1790059050000,56418,56427.8,56417.8,56417.8,90,2000310
1790059080000,56418.2,56427.6,56418,56426,300,2000490
1790059110000,56426,56430.4,56425.4,56430.4,660,2000490
1790059140000,56430.4,56440,56430.4,56440,120,1999890
1790059170000,56440,56456,56433.2,56436.6,300,1999890
1790059200000,56436.6,56436.6,56434,56434,60,2000070
1790059230000,56434,56434,56429.8,56429.8,60,2000070
1790059260000,56426.6,56454.8,56418,56418,210,2000250
1790059290000,56418,56429,56418,56429,90,2000250
1790059320000,56429,56429,56429,56429,0,2000250
1790059350000,56429,56434.2,56429,56432,60,2000370
1790059380000,56432,56432,56423.8,56423.8,90,1999650
1790059410000,56423.8,56423.8,56423.8,56423.8,0,1999650
1790059440000,56420,56430,56411.8,56411.8,360,1999710
1790059470000,56409.2,56419,56405.8,56419,180,1999710
1790059500000,56419,56419,56411.8,56412,90,2000100
1790059530000,56413,56413.6,56401.2,56408,210,2000100
1790059560000,56407.8,56435,56400,56434,600,2000370
1790059590000,56434,56434,56434,56434,0,2000370
1790059620000,56434,56439,56434,56439,90,2000670
1790059650000,56434,56440,56434,56434,240,2000670
1790059680000,56434,56434,56434,56434,30,2000790
1790059710000,56434,56450,56434,56450,30,2000790
1790059740000,56450,56450,56450,56450,30,2000790
1790059770000,56450,56450,56450,56450,90,2000820
1790059800000,56450,56455,56450,56455,30,2000820
1790059830000,56455,56455,56454.8,56454.8,90,2000820
1790059860000,56441.8,56450,56430,56448,180,2000820
1790059890000,56457.6,56459.8,56457.6,56459.8,90,2000820
1790059920000,56459,56459,56459,56459,60,2000460
1790059950000,56460,56460,56459,56459,60,2000460
1790059980000,56459,56459,56448,56448,120,2000550
1790060010000,56444,56445,56444,56445,120,2000550
1790060040000,56445,56445,56445,56445,0,2000550
1790060070000,56445,56445,56445,56445,0,2000550
1790060100000,56445,56445,56445,56445,0,2000550
1790060130000,56445,56445,56445,56445,0,2000550
1790060160000,56445,56450,56445,56450,180,2000700
1790060190000,56450,56450,56450,56450,30,2000700
1790060220000,56441.8,56462.2,56440.6,56462.2,300,2001090
1790060250000,56462.2,56462.2,56462.2,56462.2,0,2001090
1790060280000,56441,56441,56441,56441,90,1989930
1790060310000,56441,56444,56436.6,56436.6,330,1989930
1790060340000,56436.6,56458.2,56436.6,56458.2,30,1975200
1790060370000,56458.2,56458.2,56440,56440,150,1975200
1790060400000,56440,56440,56435,56435,30,1975350
1790060430000,56435,56435,56428,56428,120,1975350
1790060460000,56425,56425,56425,56425,120,1969770
1790060490000,56425,56437.8,56425,56437.8,300,1969770
1790060520000,56426.2,56437.8,56425.2,56429.2,240,1970130
1790060550000,56429.2,56452.8,56429.2,56452.8,420,1970130
1790060580000,56452.8,56452.8,56452.8,56452.8,0,1970130
1790060610000,56452.8,56453.8,56452.8,56453.8,30,1970100
1790060640000,56453.8,56453.8,56430,56430,30,1970070
1790060670000,56430,56435,56430,56435,30,1970070
1790060700000,56438.8,56459.8,56438.8,56459,210,1970040
1790060730000,56435,56457.6,56429.2,56457.6,1140,1970040
1790060760000,56457.6,56457.6,56450.6,56450.6,30,1971060
1790060790000,56450.6,56450.6,56450,56450,30,1971060
1790060820000,56445,56445,56441.4,56441.4,60,1971060
1790060850000,56430,56435.2,56430,56435.2,60,1971150
1790060880000,56432,56432,56432,56432,210,1971390
1790060910000,56432,56432,56423,56423,60,1971390
1790060940000,56423,56428.2,56422,56428.2,120,1971330
1790060970000,56428.2,56428.2,56428.2,56428.2,60,1971330
1790061000000,56428.2,56428.2,56423,56425,180,1971330
1790061030000,56418.8,56418.8,56418.8,56418.8,90,1971540
1790061060000,56418.8,56424.4,56418.8,56424.4,60,1971570
1790061090000,56424.4,56424.4,56420,56421,150,1971570
1790061120000,56421,56421,56410,56410,300,1971780
1790061150000,56410,56410,56407.8,56409.8,180,1971780
1790061180000,56405,56409.6,56405,56409.4,180,1972050
1790061210000,56409.4,56411,56404,56404,270,1972050
1790061240000,56402,56402,56390,56392,1170,1972440
1790061270000,56392,56392,56381,56381,570,1972440
1790061300000,56381,56381,56370,56371,840,1972830
1790061330000,56371,56374,56368.2,56368.2,450,1972830
1790061360000,56368.2,56376.6,56368.2,56376.4,210,1973130
1790061390000,56371,56396.4,56371,56371,540,1973130
1790061420000,56370,56380.4,56370,56375,1200,1973940
1790061450000,56401,56401,56380,56389.8,240,1973940
1790061480000,56389.8,56389.8,56370,56378.4,870,1973610
1790061510000,56378,56390,56377.8,56390,1530,1973610
1790061540000,56389.8,56400,56385,56400,390,1973130
1790061570000,56400,56400,56380,56380,210,1973130
1790061600000,56380,56380,56370,56370,90,1973130
1790061630000,56372,56373.2,56370,56373.2,600,1973340
1790061660000,56373.2,56373.2,56368.2,56368.2,450,1973310
1790061690000,56370,56370,56368,56368,600,1973310
1790061720000,56368,56370,56362,56370,930,1973190
1790061750000,56369.8,56375,56365,56375,570,1973190
1790061780000,56375,56378,56375,56378,330,1973190
1790061810000,56378,56378,56370,56370,420,1973040
1790061840000,56375,56375,56370,56374,450,1973160
1790061870000,56374,56378,56374,56378,30,1973160
1790061900000,56371.6,56378,56363.2,56363.2,990,1973190
1790061930000,56362,56362,56360,56360,1260,1973190
1790061960000,56360,56361,56351.2,56361,810,1974990
1790061990000,56361.2,56375,56351,56361.8,3420,1974990
1790062020000,56360.8,56362.2,56350,56357.6,3750,1969830
1790062050000,56358,56373.2,56358,56373,1020,1969830
1790062080000,56358,56382.4,56357,56376.8,1890,1966710
1790062110000,56351,56376.6,56351,56365,210,1966710
1790062140000,56365,56369.8,56365,56369.8,120,1966800
1790062170000,56369.6,56369.6,56365,56365,210,1966800
1790062200000,56365,56365,56352,56352,570,1967430
1790062230000,56350.4,56352,56339.4,56345.2,1980,1967430
1790062260000,56345.2,56350,56336.8,56341.4,930,1967700
1790062290000,56341.4,56349,56325,56349,1080,1967700
1790062320000,56348.8,56359.6,56341.2,56341.2,90,1968060
1790062350000,56339.6,56359.6,56335.6,56358,1170,1968060
1790062380000,56348.2,56348.2,56332.4,56332.4,420,1969320
1790062410000,56329.2,56334.4,56329.2,56331,150,1969320
1790062440000,56332.4,56355.4,56329.2,56355,180,1969500
1790062470000,56331,56338.8,56330.8,56338.8,150,1969500
1790062500000,56338.8,56338.8,56338.4,56338.4,120,1969500
1790062530000,56338.2,56339,56338,56339,210,1969650
1790062560000,56339.4,56339.8,56339.4,56339.6,1320,1969770
1790062590000,56339.6,56354.8,56337,56354.8,360,1969770
1790062620000,56354.6,56355.4,56354.4,56355.4,180,1969770
1790062650000,56355.4,56360,56355.4,56360,690,1969860
1790062680000,56359.8,56365,56359.4,56359.4,360,1970040
1790062710000,56359.4,56367.4,56359.4,56361,750,1970040
1790062740000,56367,56375,56359.4,56375,1290,1970040
1790062770000,56375,56375,56360.2,56361.6,660,1970580
1790062800000,56361,56374.8,56361,56374,180,1970250
1790062830000,56374,56388.8,56374,56388.8,180,1970250
1790062860000,56380.8,56387.8,56371,56372,1860,1970400
1790062890000,56372,56372,56361,56361,1020,1970400
1790062920000,56361,56361,56361,56361,90,1970400
1790062950000,56360.2,56363.6,56360,56363.6,90,1970520
1790062980000,56364.8,56364.8,56361,56361,120,1970520
1790063010000,56360,56360,56359.4,56359.4,120,1970610
1790063040000,56369.6,56369.6,56368.8,56368.8,120,1970610
1790063070000,56371.8,56371.8,56370,56370,150,1970730
1790063100000,56394.8,56394.8,56374,56374,90,1970730
1790063130000,56374,56374,56374,56374,0,1970730
1790063160000,56374,56374,56374,56374,0,1970730
1790063190000,56374,56389,56374,56389,30,1970670
1790063220000,56389,56389,56376,56376,120,1970670
1790063250000,56376,56376,56375,56375,150,1970760
1790063280000,56373.2,56373.2,56361,56361,150,1970760
1790063310000,56361,56362.8,56361,56362.8,60,1970910
1790063340000,56362.8,56391.8,56362.2,56391.8,270,1970910
1790063370000,56390.4,56391.8,56390.4,56391.8,510,1971150
1790063400000,56391.8,56391.8,56360.4,56372.4,180,1971150
1790063430000,56359.2,56359.4,56359.2,56359.4,150,1971180
1790063460000,56358.2,56358.2,56351,56351,360,1971180
1790063490000,56351,56351,56339.8,56339.8,30,1971480
1790063520000,56337.8,56345,56337.8,56345,270,1971480
1790063550000,56345,56345,56345,56345,330,1971660
1790063580000,56345,56345,56339,56339,660,1971660
1790063610000,56339,56349.6,56339,56349.6,150,1971720
1790063640000,56349.6,56349.6,56349.6,56349.6,0,1971720
1790063670000,56349.6,56349.6,56349.2,56349.4,300,1971840
1790063700000,56347.8,56348,56347.8,56348,90,1971840
1790063730000,56347.8,56348.8,56347.8,56348.8,60,1971870
1790063760000,56350,56350,56350,56350,180,1971870
1790063790000,56350,56350,56350,56350,0,1971870
1790063820000,56350,56350,56350,56350,0,1971870
1790063850000,56350,56352,56350,56351.8,480,1971720
1790063880000,56351.8,56375,56351.8,56375,300,1971720
1790063910000,56375,56375,56375,56375,120,1971570
1790063940000,56375,56375,56375,56375,0,1971570
1790063970000,56375,56375,56358,56358,30,1971690
1790064000000,56358,56374.2,56358,56374.2,30,1971690
1790064030000,56374.2,56374.2,56354,56354,60,1971720
1790064060000,56354,56373.4,56354,56373.4,30,1971720
1790064090000,56357.8,56359,56357.2,56359,390,1971450
1790064120000,56359,56359,56359,56359,0,1971450
1790064150000,56359,56359,56359,56359,0,1971450
1790064180000,56359,56359,56359,56359,0,1971450
1790064210000,56359,56361,56359,56360.6,120,1971540
1790064240000,56361,56364,56361,56364,330,1971540
1790064270000,56360.6,56360.6,56360.6,56360.6,60,1971690
1790064300000,56360.6,56360.6,56360.6,56360.6,30,1971690
1790064330000,56360.6,56370.2,56360.6,56370.2,60,1971690
1790064360000,56368.4,56391.8,56368.4,56391.8,420,1971690
1790064390000,56391.8,56391.8,56368.4,56368.4,30,1970910
1790064420000,56368.4,56398.8,56368.4,56398.8,180,1970910
1790064450000,56398.8,56398.8,56369.8,56369.8,60,1970850
1790064480000,56377.2,56377.2,56376.2,56376.4,90,1970850
1790064510000,56372.4,56372.4,56371,56372,150,1970490
1790064540000,56371.8,56372.4,56371.6,56372.4,240,1970490
1790064570000,56372.4,56372.4,56370,56370,60,1970760
1790064600000,56370,56370.6,56370,56370.6,60,1970760
1790064630000,56370.6,56398,56370.6,56389.4,240,1970790
1790064660000,56389.4,56410,56389.4,56410,870,1970790
1790064690000,56410,56410,56410,56410,0,1970790
1790064720000,56410,56410,56410,56410,0,1970790
1790064750000,56410,56410,56410,56410,0,1970790
1790064780000,56410,56410,56383,56383,150,1970850
1790064810000,56383,56383,56370.6,56370.6,60,1970310
1790064840000,56370.6,56370.6,56370.4,56370.4,120,1970310
1790064870000,56370.4,56370.4,56361.2,56361.2,30,1970430
1790064900000,56357.6,56357.6,56343.2,56343.2,510,1970430
1790064930000,56343.2,56356.2,56343.2,56345,60,1970670
1790064960000,56355,56355,56350.8,56350.8,240,1970670
1790064990000,56350.8,56350.8,56349,56349,60,1970550
1790065020000,56349,56349,56345.4,56349,420,1970550
1790065050000,56349,56349,56349,56349,0,1970550
1790065080000,56369.2,56369.2,56369.2,56369.2,30,1970580
1790065110000,56369.2,56369.2,56369.2,56369.2,0,1970580
1790065140000,56346,56346,56343,56343,240,1970550
1790065170000,56342,56342,56340.6,56342,300,1970760
1790065200000,56343.8,56355,56343.8,56355,120,1970760
1790065230000,56355,56355,56343.8,56343.8,30,1970850
1790065260000,56343.8,56343.8,56343.4,56343.4,150,1970850
1790065290000,56343,56343,56338,56338,240,1971000
1790065320000,56336.4,56343.4,56331.6,56331.8,1200,1971000
1790065350000,56336.4,56339,56335.8,56339,300,1971300
1790065380000,56337.6,56349.6,56337.6,56349.6,60,1971300
1790065410000,56349.6,56349.8,56163,56292.8,22020,1970970
1790065440000,56295.2,56298.8,56275,56294.8,780,1970970
1790065470000,56279.6,56290,56279.6,56288.2,330,1970580
1790065500000,56288,56328.6,56287.4,56302.6,6660,1970580
1790065530000,56302.6,56327.8,56302.6,56321.6,300,1973160
1790065560000,56321.6,56321.6,56300,56300,60,1973160
1790065590000,56300,56300,56295,56295,300,1973100
1790065620000,56295.2,56299.6,56292.2,56293.2,540,1973100
1790065650000,56293.2,56307.4,56292.8,56294.4,750,1972590
1790065680000,56294.4,56299.4,56290.6,56294.6,630,1972590
1790065710000,56297.2,56297.2,56292.2,56297.2,150,1972710
1790065740000,56290,56303.8,56288,56292,180,1972710
1790065770000,56292,56310,56292,56303.8,360,1972890
1790065800000,56295,56303.8,56288,56289.8,870,1972890
1790065830000,56285,56285,56272.8,56275,360,1973310
1790065860000,56272.8,56300,56269,56279.6,870,1973310
1790065890000,56277.6,56296.2,56277.6,56296.2,3390,1973340
1790065920000,56296.2,56319.8,56291,56291,210,1973340
1790065950000,56291,56321,56291,56321,180,1976370
1790065980000,56320.6,56321,56302,56321,750,1976370
1790066010000,56321,56321,56321,56321,30,1976370
1790066040000,56321,56321,56321,56321,180,1977090
1790066070000,56321,56321,56313.2,56313.2,300,1977090
1790066100000,56320.8,56333,56320.8,56333,690,1977090
1790066130000,56333,56333,56304,56304,270,1977330
1790066160000,56304,56320,56300,56300,90,1977330
1790066190000,56300,56315,56300,56315,150,1977420
1790066220000,56315,56319.8,56295.6,56295.6,150,1977420
1790066250000,56294.4,56298,56294,56297,840,1977720
1790066280000,56310,56315.4,56291.6,56300,690,1977720
1790066310000,56300,56300,56292,56297.8,240,1978080
1790066340000,56297.8,56297.8,56297.8,56297.8,120,1978080
1790066370000,56300.6,56333,56300.6,56327.2,2880,1978200
1790066400000,56327.2,56327.2,56321,56321,540,1978200
1790066430000,56321,56347.4,56321,56335,210,1978470
1790066460000,56335,56341,56324.4,56341,600,1978470
1790066490000,56341,56360,56341,56357,1110,1967850
1790066520000,56357,56365.4,56357,56360,930,1967850
1790066550000,56360,56408,56331.2,56400.4,3660,1967940
1790066580000,56380.4,56405,56380.4,56405,690,1967940
1790066610000,56405,56405,56389,56397,450,1956390
1790066640000,56380.4,56405,56379,56405,840,1956390
1790066670000,56404.8,56510.2,56404.8,56510,4890,1946160
1790066700000,56529,56564,56529,56550,5190,1946160
1790066730000,56554,56554,56502.4,56515.8,1980,1944420
1790066760000,56511,56514.2,56456.8,56484.4,960,1944420
1790066790000,56460,56490,56456.2,56490,1530,1944630
1790066820000,56489,56503.4,56483,56490,900,1944630
1790066850000,56490,56510,56490,56500,780,1945350
1790066880000,56515.8,56515.8,56500,56500,660,1945350
1790066910000,56492.4,56492.4,56461,56461,630,1945410
1790066940000,56461,56490,56461,56490,240,1945410
1790066970000,56492.4,56510,56479.6,56510,240,1945170
1790067000000,56510,56515,56510,56515,300,1945170
1790067030000,56515,56539.8,56515,56535,900,1944690
1790067060000,56535,56555,56526.8,56540,1290,1944690
1790067090000,56540,56540,56525,56525,180,1944210
1790067120000,56539.6,56542.6,56525,56542.6,1440,1944210
1790067150000,56542.6,56542.6,56525,56537.2,510,1943940
1790067180000,56537.2,56538.4,56499.4,56538.4,120,1943940
1790067210000,56512,56522.6,56502.8,56522.6,120,1943940
1790067240000,56500,56500,56489.2,56489.2,300,1943940
1790067270000,56489.2,56504.4,56489.2,56504.4,240,1943880
1790067300000,56504.4,56504.4,56491,56504.4,450,1943880
1790067330000,56504.4,56518.8,56504.4,56518.8,210,1943850
1790067360000,56515,56522.6,56515,56522.6,660,1943850
1790067390000,56522.6,56539,56511.4,56539,1050,1943130
1790067420000,56539,56539,56515,56520,540,1943130
1790067450000,56520,56529.8,56520,56529.8,150,1941840
1790067480000,56530,56530,56512.2,56512.2,90,1941840
1790067510000,56512.2,56515,56510,56510,120,1941900
1790067540000,56520,56524.8,56503.6,56524.8,150,1941900
1790067570000,56525,56529,56525,56529,90,1941720
1790067600000,56529,56539,56512.8,56512.8,150,1941720
1790067630000,56512.8,56512.8,56510,56510,210,1941720
1790067660000,56512.8,56512.8,56510,56510,1260,1941870
1790067690000,56510,56538,56510,56520,450,1941870
1790067720000,56520,56530,56518.8,56530,210,1942410
1790067750000,56535,56557,56535,56540,2340,1941450
1790067780000,56534.2,56540,56534.2,56540,930,1941450
1790067810000,56540,56540,56512,56512,90,1940760
1790067840000,56512,56534.8,56500.2,56534.8,480,1940760
1790067870000,56491,56500,56480,56480,810,1940760
1790067900000,56480,56482.6,56475.2,56480,480,1940100
1790067930000,56480,56500,56480,56500,210,1940280
1790067960000,56500,56500,56489.8,56500,60,1940280
1790067990000,56498.8,56510,56498.8,56510,330,1940280
1790068020000,56510,56510.8,56490,56506.6,270,1939980
1790068050000,56506.6,56506.6,56490,56490,30,1939800
1790068080000,56490,56510,56490,56510,120,1939800
1790068110000,56510,56510,56460,56462.2,570,1939920
1790068140000,56460,56502,56460,56502,90,1939920
1790068170000,56502,56502,56460,56460.6,150,1939920
1790068200000,56460.6,56465,56460.6,56465,30,1939830
1790068230000,56465,56465,56465,56465,30,1939830
1790068260000,56478,56478,56445,56445,420,1939890
1790068290000,56445,56470,56445,56470,210,1939890
1790068320000,56465,56465,56435,56440,300,1939740
1790068350000,56435,56440.8,56429,56440.8,870,1939740
1790068380000,56440.8,56444.8,56440,56444.8,300,1940040
1790068410000,56445,56450,56444.8,56450,210,1940040
1790068440000,56450,56450,56450,56450,0,1940040
1790068470000,56450,56450,56450,56450,0,1940040
1790068500000,56450,56470,56450,56470,660,1939860
1790068530000,56477,56495.2,56477,56495,240,1939860
1790068560000,56495,56495,56488.4,56488.4,60,1939380
1790068590000,56488.4,56488.4,56475,56475,300,1939380
1790068620000,56475,56488.8,56475,56488.8,30,1939110
1790068650000,56488.8,56488.8,56488.8,56488.8,0,1939110
1790068680000,56475,56475,56471.6,56471.6,120,1939110
1790068710000,56456.2,56466.4,56450,56466.4,150,1939110
1790068740000,56441.2,56441.2,56441.2,56441.2,30,1939200
1790068770000,56468,56468,56468,56468,150,1939200
1790068800000,56450,56450,56435,56435,60,1939230
1790068830000,56435,56468,56435,56468,180,1939260
1790068860000,56468,56468,56436.6,56436.6,480,1939260
1790068890000,56436.6,56436.6,56436.6,56436.6,0,1939260
1790068920000,56436.6,56458,56436.6,56458,30,1939140
1790068950000,56458,56460,56458,56460,90,1939140
1790068980000,56464.2,56464.2,56464.2,56464.2,60,1939110
1790069010000,56464.2,56464.2,56436.6,56436.6,30,1939110
1790069040000,56436.6,56437,56436.6,56437,30,1939110
1790069070000,56437,56459.8,56437,56455,510,1939110
1790069100000,56455,56455,56451.8,56451.8,60,1939260
1790069130000,56451.8,56451.8,56436.6,56436.6,30,1939260
1790069160000,56436.6,56440,56436.6,56436.6,180,1939200
1790069190000,56436.6,56436.6,56436.6,56436.6,0,1939200
1790069220000,56456.6,56456.6,56437,56437,240,1939320
1790069250000,56448.4,56448.4,56435,56435,360,1939320
1790069280000,56435,56435,56400,56415,810,1939590
1790069310000,56415,56415,56415,56415,0,1939590
1790069340000,56415,56422,56410.2,56410.2,180,1939650
1790069370000,56410.2,56420,56402,56403,240,1939650
1790069400000,56430,56439.8,56403,56405.8,240,1939710
1790069430000,56405.8,56424.6,56405.8,56421.4,60,1939710
1790069460000,56421.4,56421.4,56405.8,56410,150,1939590
1790069490000,56418,56446.6,56412.8,56412.8,420,1939590
1790069520000,56412.8,56430,56412.8,56412.8,60,1939680
1790069550000,56439,56439,56417.2,56418,90,1939680
1790069580000,56418,56425,56418,56421.6,60,1939680
1790069610000,56422,56449,56422,56437.8,420,1939680
1790069640000,56437.8,56466,56437.8,56466,90,1939380
1790069670000,56467,56467,56435.8,56435.8,210,1939380
1790069700000,56435.8,56466.6,56435.8,56460,390,1939380
1790069730000,56457,56457,56445.2,56445.2,90,1939380
1790069760000,56445.2,56446.6,56445,56446.6,150,1939560
1790069790000,56446.6,56446.6,56446.6,56446.6,0,1939560
1790069820000,56446.6,56446.6,56446.6,56446.6,30,1939590
1790069850000,56446.6,56446.6,56440,56440,60,1939590
1790069880000,56420,56420,56420,56420,30,1939590
1790069910000,56420,56420,56418,56418,930,1939650
1790069940000,56420,56434.8,56395,56413.4,1350,1938870
1790069970000,56412.4,56413.4,56410,56410.4,1290,1938870
1790070000000,56410.4,56410.4,56403.2,56403.2,570,1938720
1790070030000,56403.2,56440,56403.2,56414,450,1938720
1790070060000,56414,56460,56410.6,56460,540,1938270
1790070090000,56438.2,56474,56438.2,56450,450,1938270
1790070120000,56450,56450,56450,56450,60,1929990
1790070150000,56450,56468.2,56450,56468.2,90,1929990
1790070180000,56468.2,56474,56468.2,56468.2,360,1929270
1790070210000,56474,56480,56472.4,56480,210,1929270
1790070240000,56472.4,56480,56472.4,56480,60,1928940
1790070270000,56480,56480,56480,56480,270,1928940
1790070300000,56485,56488,56462.2,56462.2,540,1928910
1790070330000,56462.2,56462.2,56462.2,56462.2,30,1928910
1790070360000,56462.2,56479,56450,56479,240,1928820
1790070390000,56479,56479,56479,56479,0,1928820
1790070420000,56478,56478,56455.6,56455.6,60,1928820
1790070450000,56455.6,56455.6,56444,56444,30,1928670
1790070480000,56444,56444.2,56444,56444.2,120,1928640
1790070510000,56444.2,56444.2,56444.2,56444.2,0,1928640
1790070540000,56444.2,56444.2,56444.2,56444.2,0,1928640
1790070570000,56444.2,56444.2,56444.2,56444.2,0,1928640
1790070600000,56444.2,56444.2,56444.2,56444.2,0,1928640
1790070630000,56444.2,56460,56444.2,56445,90,1927920
1790070660000,56445,56445,56444.2,56444.2,30,1927890
1790070690000,56444.2,56444.2,56444,56444,300,1927890
1790070720000,56465,56465,56431.2,56451.2,390,1927350
1790070750000,56451.2,56467.8,56451.2,56466.4,570,1927350
1790070780000,56466.4,56466.4,56451.2,56455,120,1927530
1790070810000,56455,56470,56455,56470,210,1927530
1790070840000,56470,56470,56470,56470,0,1927530
1790070870000,56470,56470,56437.2,56470,90,1927380
1790070900000,56470,56470,56437.4,56465.6,90,1927320
1790070930000,56465.6,56465.6,56465.6,56465.6,180,1927320
1790070960000,56465.6,56465.6,56436.2,56465,390,1927530
1790070990000,56465.6,56468.6,56465,56468.6,480,1927530
1790071020000,56468.6,56468.6,56463.8,56463.8,30,1927350
1790071050000,56463.8,56468.8,56438.6,56468.8,120,1927350
1790071080000,56469,56469,56437,56468.6,240,1927350
1790071110000,56468.6,56468.6,56468.6,56468.6,0,1927350
1790071140000,56436,56436,56430,56430,210,1927500
1790071170000,56454.8,56454.8,56451.6,56452.4,210,1927500
1790071200000,56431,56443.4,56428,56443.4,240,1927680
1790071230000,56430.8,56434,56425,56434,210,1927680
1790071260000,56434,56434,56411,56411,240,1927920
1790071290000,56404.2,56441,56404.2,56420,2040,1927920
1790071320000,56415,56420,56415,56420,540,1928700
1790071350000,56415,56434.8,56415,56434.8,1770,1928700
1790071380000,56425,56425,56419,56420,810,1930080
1790071410000,56420,56452,56420,56452,390,1930080
1790071440000,56452,56460,56452,56460,300,1930080
1790071470000,56466,56470,56456,56470,720,1929870
1790071500000,56479,56485,56470,56485,360,1929150
1790071530000,56488,56498,56472,56498,540,1929150
1790071560000,56497,56501,56485.4,56485.4,1320,1928490
1790071590000,56504,56514,56503,56510,600,1928490
1790071620000,56510,56520,56502.2,56514,840,1928640
1790071650000,56514,56520,56513.6,56520,540,1928640
1790071680000,56525,56550,56521,56550,3060,1928010
1790071710000,56550,56555,56521.8,56555,1260,1928010
1790071740000,56557.6,56574,56555,56570,2040,1928790
1790071770000,56575,56578,56550,56570,3570,1928790
1790135100000,56450,56563,56450,56520.4,1440,1912980
1790135130000,56529.8,56529.8,56485.8,56488,1320,1912980
1790135160000,56500,56533.4,56488.2,56516,1380,1913940
1790135190000,56516,56530,56505,56505,630,1913940
1790135220000,56530,56547,56520,56533,2880,1914090
1790135250000,56540,56546.2,56523.8,56525.8,810,1914090
1790135280000,56525.8,56570,56525.8,56570,1080,1915800
1790135310000,56570,56576.4,56536.6,56563.4,1890,1915800
1790135340000,56563.2,56570,56543.6,56563.2,360,1915350
1790135370000,56553.4,56570,56553.4,56565,630,1915350
1790135400000,56565,56588,56562.6,56588,1440,1914990
1790135430000,56588,56588,56541.6,56563.8,3060,1914990
1790135460000,56580,56580.8,56556.8,56560.4,1050,1912290
1790135490000,56560.4,56579.8,56560.4,56578.2,330,1912290
1790135520000,56575.2,56575.4,56572.6,56575.4,270,1912800
1790135550000,56576.8,56578.8,56563,56576.2,1260,1912800
1790135580000,56576.2,56576.2,56563,56563,390,1912920
1790135610000,56564.2,56564.2,56550,56550,450,1912920
1790135640000,56544.6,56546,56540,56540,930,1913160
1790135670000,56540,56540.2,56522,56522,660,1913160
1790135700000,56522,56522,56480,56480,1980,1913730
1790135730000,56480,56518.2,56474,56518.2,930,1913730
1790135760000,56507,56524.8,56503.6,56505,300,1914840
1790135790000,56500,56505,56480,56490,420,1914840
1790135820000,56485.8,56512,56485.8,56504.2,180,1914960
1790135850000,56504.2,56519.8,56504.2,56519.8,300,1914960
1790135880000,56500,56520,56490.2,56490.2,300,1914840
1790135910000,56490.2,56493.2,56490.2,56493.2,30,1914840
1790135940000,56515,56515,56515,56515,30,1914840
1790135970000,56515,56515,56493,56493,90,1914900
1790136000000,56493,56532.6,56493,56515.4,780,1914750
1790136030000,56518.6,56532.2,56518.6,56519.2,180,1914750
1790136060000,56519.2,56538,56519.2,56538,480,1914780
1790136090000,56538,56538,56510.6,56510.6,270,1914780
1790136120000,56538,56543.8,56518,56518,90,1914780
1790136150000,56531.2,56531.2,56524.8,56529.6,120,1914810
1790136180000,56529.6,56545,56529.6,56538.6,90,1914810
1790136210000,56538.6,56538.6,56527,56527,210,1914810
1790136240000,56527,56544,56527,56527,90,1914780
1790136270000,56527,56527,56527,56527,0,1914780
1790136300000,56545,56548,56538.8,56548,810,1914240
1790136330000,56548,56548,56530,56530,60,1914240
1790136360000,56530,56534.8,56530,56534.8,60,1914270
1790136390000,56528,56528,56507,56521,330,1914270
1790136420000,56521,56534.6,56521,56534.6,330,1914570
1790136450000,56534.6,56534.6,56534.6,56534.6,0,1914570
1790136480000,56534.6,56553.2,56534.6,56553.2,210,1914600
1790136510000,56550.4,56555.8,56550.4,56555.8,90,1914600
1790136540000,56556,56567.8,56553.2,56567.8,300,1914450
1790136570000,56553.4,56565.2,56550.6,56550.6,180,1914450
1790136600000,56550.6,56550.6,56531.8,56550,210,1914540
1790136630000,56550,56553.2,56540.8,56540.8,120,1914540
1790136660000,56540.8,56558.8,56540.8,56540.8,90,1914450
1790136690000,56544.8,56549.8,56544.8,56549.8,90,1914450
1790136720000,56542.8,56551.6,56542.8,56551.6,150,1914450
1790136750000,56551.6,56560,56551.6,56560,300,1914450
1790136780000,56560,56569,56553.8,56560,480,1914960
1790136810000,56560,56562.8,56560,56562.8,150,1914960
1790136840000,56562.8,56569.4,56546,56546,630,1915320
1790136870000,56546,56570,56546,56554.8,180,1915320
1790136900000,56575,56575,56554.8,56565.6,420,1915500
1790136930000,56565.6,56575,56563,56563.4,630,1915500
1790136960000,56563.4,56569.6,56563.4,56569.6,60,1915560
1790136990000,56575,56575,56567.2,56567.6,330,1915560
1790137020000,56567.6,56575,56567.2,56567.8,360,1915230
1790137050000,56567.8,56575,56567.8,56567.8,90,1915230
1790137080000,56567.8,56568.8,56567.8,56568.8,210,1915050
1790137110000,56569.4,56569.4,56546,56546,1230,1915050
1790137140000,56546,56559.8,56517.6,56517.6,360,1915410
1790137170000,56517.6,56532.2,56517.6,56532.2,120,1915410
1790137200000,56532.2,56537.6,56532.2,56537.6,90,1915410
1790137230000,56520,56520.8,56511.8,56520.8,240,1915410
1790137260000,56520.8,56564.8,56520.8,56564.8,240,1915560
1790137290000,56562.2,56562.2,56531,56531,180,1915560
1790137320000,56531,56550,56524.6,56550,120,1915050
1790137350000,56550,56550,56538.2,56538.4,60,1915050
1790137380000,56538.4,56540,56538.4,56540,120,1915140
1790137410000,56540,56559.8,56540,56540,120,1915140
1790137440000,56540,56540,56519,56519,60,1915200
1790137470000,56519,56519,56501,56510,420,1915200
1790137500000,56510,56519.8,56510,56519.8,30,1915290
1790137530000,56511.2,56511.2,56508.4,56511,1110,1915290
1790137560000,56510.4,56525,56510.4,56521.8,390,1914960
1790137590000,56522.6,56526.2,56522.6,56526.2,60,1914960
1790137620000,56550,56570,56543,56560,870,1914690
1790137650000,56570,56570,56550.8,56570,420,1914690
1790137680000,56570,56570,56548.6,56561.8,420,1914690
1790137710000,56561.8,56570,56561.8,56561.8,150,1914720
1790137740000,56561.8,56610,56561.8,56582.2,5250,1914720
1790137770000,56609.2,56609.2,56587.2,56588,330,1913820
1790137800000,56622,56625.8,56593.6,56621,3210,1914960
1790137830000,56621,56660,56621,56644.2,17490,1914960
1790137860000,56636.2,56644.2,56634,56644.2,1230,1916970
1790137890000,56636.6,56644.2,56630.4,56636.4,780,1916970
1790137920000,56636.4,56639.8,56630.8,56630.8,630,1916580
1790137950000,56640,56640.2,56630.8,56639.8,930,1916580
1790137980000,56640.4,56640.4,56632.2,56640,840,1917300
1790138010000,56640,56640,56632,56632,1590,1917300
1790138040000,56640,56643.2,56624,56642.4,1320,1916850
1790138070000,56642.4,56642.4,56624,56624,90,1916850
1790138100000,56624.2,56644.2,56624.2,56644,450,1916790
1790138130000,56641.8,56644,56625.6,56644,270,1916790
1790138160000,56627,56650,56627,56647.8,810,1916730
1790138190000,56647.8,56648.2,56630,56630,780,1916730
1790138220000,56630,56634.8,56627,56627.2,360,1915080
1790138250000,56633,56633,56620,56627.4,750,1915080
1790138280000,56621.6,56625,56618,56625,240,1915320
1790138310000,56625,56625,56613,56613,180,1915320
1790138340000,56613,56616,56613,56616,60,1915320
1790138370000,56617.4,56625,56617.4,56625,120,1915440
1790138400000,56625,56625,56624.4,56625,180,1915530
1790138430000,56625,56627.8,56617.4,56617.4,870,1915530
1790138460000,56616.4,56616.4,56586,56590,1050,1915740
1790138490000,56590,56607.2,56582,56590.6,660,1915740
1790138520000,56600,56606,56590.8,56606,780,1911030
1790138550000,56600,56619,56600,56619,330,1911030
1790138580000,56602.4,56625,56602.4,56625,450,1910940
1790138610000,56613.4,56630,56613.4,56630,510,1910940
1790138640000,56630,56639.8,56630,56639.8,60,1910940
1790138670000,56621.2,56621.2,56616.2,56618.2,240,1910790
1790138700000,56618.2,56619.6,56618.2,56619.6,30,1910790
1790138730000,56619.6,56635,56619.6,56635,30,1910790
1790138760000,56638,56640,56635,56640,180,1910790
1790138790000,56635,56650,56627.8,56627.8,660,1910790
1790138820000,56650,56650,56628,56650,120,1910790
1790138850000,56650,56658,56645.8,56658,480,1909500
1790138880000,56655.8,56670,56650.2,56662.4,1560,1908930
1790138910000,56662.4,56670,56662.4,56668,360,1908930
1790138940000,56668,56668.8,56638.8,56638.8,1380,1909110
1790138970000,56666.4,56670,56663.8,56663.8,300,1909110
1790139000000,56670,56672,56661,56661.4,1080,1909380
1790139030000,56661.4,56666.8,56650,56651.2,510,1909380
1790139060000,56651.2,56661.2,56640.2,56661.2,420,1909380
1790139090000,56661.2,56662.8,56661.2,56662.6,120,1909440
1790139120000,56667,56667,56662.6,56662.6,540,1907160
1790139150000,56662.6,56662.6,56643,56657,300,1907160
1790139180000,56657,56657,56645,56657,300,1907280
1790139210000,56657,56657,56655,56655,300,1907280
1790139240000,56660,56662,56650.4,56651,540,1907370
1790139270000,56650.8,56650.8,56636,56636,450,1907370
1790139300000,56636,56636.2,56636,56636.2,30,1907370
1790139330000,56636.4,56636.4,56636.4,56636.4,60,1907250
1790139360000,56636.4,56650,56636.4,56650,90,1907250
1790139390000,56650,56650,56637.2,56650,60,1907190
1790139420000,56650,56650.2,56650,56650.2,120,1907190
1790139450000,56654.8,56654.8,56653,56653,90,1905870
1790139480000,56659.8,56662.6,56659.8,56662.6,120,1905870
1790139510000,56663,56670.2,56662.6,56670.2,900,1905750
1790139540000,56673,56678,56672.2,56678,630,1905300
1790139570000,56674.2,56678.2,56674.2,56677.6,1110,1905300
1790139600000,56680,56680,56667.8,56667.8,540,1905300
1790139630000,56667.8,56683.8,56666.6,56672.4,2160,1905090
1790139660000,56670,56681.4,56670,56681,1740,1905090
1790139690000,56679.8,56679.8,56660,56660,570,1906320
1790139720000,56660,56660,56644.8,56644.8,240,1906320
1790139750000,56665,56680.6,56665,56675.6,210,1905660
1790139780000,56675.6,56675.6,56643.2,56643.2,180,1905630
1790139810000,56643.2,56674.8,56643.2,56674.8,90,1905630
1790139840000,56674.8,56675,56674.8,56675,180,1905630
1790139870000,56675,56675,56644,56644.6,330,1905450
1790139900000,56644.6,56660,56644.6,56660,90,1905450
1790139930000,56651.2,56652.6,56630,56630,660,1905540
1790139960000,56630,56650,56630,56650,90,1905540
1790139990000,56655,56664.8,56655,56655.4,150,1905240
1790140020000,56655.4,56655.4,56655.4,56655.4,30,1905240
1790140050000,56655.4,56660,56643,56660,330,1905180
1790140080000,56660,56665,56655.6,56665,240,1905180
1790140110000,56665,56675,56656.8,56675,480,1904880
1790140140000,56680,56680.6,56671.2,56673.4,330,1904880
1790140170000,56674.4,56675,56670.2,56670.2,330,1904460
1790140200000,56670.2,56670.2,56660.4,56661.8,1200,1904460
1790140230000,56661.8,56670.2,56661.8,56670.2,1440,1904160
1790140260000,56675,56688,56675,56676.6,780,1904160
1790140290000,56676.6,56688.6,56676.6,56678,300,1901220
1790140320000,56686.8,56686.8,56670,56670,60,1901220
1790140350000,56670,56670.4,56670,56670.4,60,1901550
1790140380000,56670.4,56670.4,56670.4,56670.4,30,1901550
1790140410000,56670.4,56670.4,56670.4,56670.4,30,1901550
1790140440000,56686,56698,56683.6,56698,660,1901550
1790140470000,56695.2,56698,56685,56698,150,1901490
1790140500000,56698,56698,56698,56698,210,1901490
1790140530000,56698,56698,56692.4,56692.8,210,1901400
1790140560000,56692.8,56699,56692.8,56695.6,630,1901400
1790140590000,56695.6,56697.8,56695.6,56697.8,300,1901070
1790140620000,56695.2,56695.2,56695.2,56695.2,90,1901070
1790140650000,56695.2,56699,56675.4,56675.4,360,1900470
1790140680000,56695,56695.2,56695,56695,690,1900470
1790140710000,56682.4,56695,56682.4,56682.8,180,1901070
1790140740000,56682.8,56684.6,56682.8,56684.6,60,1901070
1790140770000,56684.6,56686.4,56643.8,56686.4,2280,1901040
1790140800000,56667.6,56682.6,56667.6,56669,450,1901040
1790140830000,56680,56680,56667.4,56667.4,180,1900980
1790140860000,56667.4,56667.4,56667.4,56667.4,0,1900980
1790140890000,56667.4,56680,56667.4,56673.2,390,1900620
1790140920000,56673.2,56695,56673.2,56695,480,1900620
1790140950000,56695,56695,56693,56694,180,1900560
1790140980000,56695,56695,56694,56694,90,1900560
1790141010000,56698,56698,56695.2,56698,240,1899960
1790141040000,56699,56719.2,56699,56705,2910,1899960
1790141070000,56708,56709.6,56677.2,56702.6,690,1899600
1790141100000,56702.6,56709,56695.8,56708,360,1899600
1790141130000,56708,56710,56704.8,56710,300,1900170
1790141160000,56707,56720,56707,56718.4,810,1900170
1790141190000,56718.4,56721.6,56705.2,56705.2,1290,1899960
1790141220000,56715.2,56718.4,56705.2,56705.2,420,1899960
1790141250000,56705.2,56714,56705.2,56706.6,150,1900380
1790141280000,56706.6,56715,56688.8,56715,450,1900380
1790141310000,56715,56722,56715,56719.6,570,1900440
1790141340000,56719.6,56721,56716.8,56716.8,240,1900440
1790141370000,56719.6,56719.6,56713,56714.2,150,1900200
1790141400000,56725,56725,56714.6,56716.6,420,1900200
1790141430000,56716.6,56718.4,56716.6,56718.4,30,1900020
1790141460000,56725,56725,56722.4,56722.4,270,1900020
1790141490000,56722.4,56724.4,56719.8,56719.8,240,1898280
1790141520000,56723.6,56728,56723.6,56728,240,1898280
1790141550000,56728,56730,56720.6,56720.6,210,1898130
1790141580000,56720.6,56724.6,56720.6,56724.6,420,1898130
1790141610000,56725,56725,56724,56724,210,1897650
1790141640000,56719.6,56719.6,56699,56717.2,300,1897650
1790141670000,56717.2,56717.2,56704.2,56704.2,30,1897500
1790141700000,56702.4,56704,56690,56700,1290,1897500
1790141730000,56700,56711.2,56700,56711.2,2010,1896780
1790141760000,56711.2,56725,56711.2,56725,780,1896780
1790141790000,56735,56735,56732.2,56735,480,1894200
1790141820000,56733.4,56733.4,56728.6,56728.6,1050,1894200
1790141850000,56728.6,56736,56728.6,56736,390,1894500
1790141880000,56717,56736,56717,56730.2,1380,1894500
1790141910000,56730.2,56735.4,56728.2,56735.4,390,1894530
1790141940000,56731.8,56735.6,56725.8,56726,1350,1894530
1790141970000,56726,56730.2,56726,56727,180,1894740
1790142000000,56728,56729.4,56728,56729.4,150,1894740
1790142030000,56729.4,56740.6,56718.2,56735,1800,1894440
1790142060000,56735,56735,56718.2,56730,690,1894440
1790142090000,56730,56736.4,56730,56736.4,1260,1894350
1790142120000,56736.4,56737.6,56730.6,56736,510,1894350
1790142150000,56736,56736,56732.4,56732.4,90,1894200
1790142180000,56731.2,56736,56731.2,56736,150,1894200
1790142210000,56735,56735,56733.8,56733.8,90,1894230
1790142240000,56733.8,56736.8,56733.8,56736.8,150,1894230
1790142270000,56736.8,56740,56735,56735,1080,1894170
1790142300000,56735.2,56735.4,56700.4,56729.8,1230,1894170
1790142330000,56729.8,56729.8,56702.6,56710,1320,1893630
1790142360000,56710,56723,56710,56721.2,180,1893630
1790142390000,56721.2,56721.2,56702.6,56702.6,150,1890990
1790142420000,56690,56690,56684.6,56684.6,420,1890990
1790142450000,56696.8,56699.2,56692.2,56697.6,390,1890600
1790142480000,56697.6,56697.6,56675.2,56675.2,60,1890600
1790142510000,56675.6,56691,56675.4,56691,150,1890390
1790142540000,56691,56695,56682.6,56682.6,120,1890390
1790142570000,56682.6,56685.2,56682.6,56685,240,1890420
1790142600000,56680,56685,56680,56685,180,1890420
1790142630000,56680.2,56685,56678.2,56685,270,1890360
1790142660000,56687.6,56691,56687.6,56691,120,1890360
1790142690000,56691,56691,56688.8,56688.8,210,1889370
1790142720000,56688.8,56688.8,56685.8,56685.8,30,1889370
1790142750000,56685.8,56688.8,56685.8,56686.8,180,1889190
1790142780000,56686.8,56688.8,56686.8,56688.8,60,1889190
1790142810000,56688.8,56689.8,56663.2,56663.8,870,1889130
1790142840000,56663.8,56689.2,56663.8,56689.2,210,1889130
1790142870000,56689.2,56693,56689.2,56693,90,1888440
1790142900000,56693,56693,56693,56693,0,1888440
1790142930000,56693,56694,56689.4,56694,60,1888410
1790142960000,56699,56719.8,56699,56710.6,690,1888410
1790142990000,56710.4,56710.4,56710.4,56710.4,90,1888410
1790143020000,56710.4,56710.4,56710.4,56710.4,0,1888410
1790143050000,56710.4,56710.4,56701,56701,60,1888050
1790143080000,56701,56701,56685.4,56685.4,180,1888110
1790143110000,56685.4,56685.4,56676,56685,90,1887990
1790143140000,56685,56685,56685,56685,0,1887990
1790143170000,56685,56687,56685,56687,30,1887990
1790143200000,56687,56704.2,56687,56692,600,1887990
1790143230000,56705.4,56707.6,56692,56692.2,300,1887960
1790143260000,56692.2,56692.2,56680,56680,90,1887960
1790143290000,56680,56688.2,56677.2,56677.2,60,1887960
1790143320000,56677.2,56692.2,56677.2,56692.2,180,1887930
1790143350000,56692.2,56692.2,56692.2,56692.2,0,1887930
1790143380000,56692.2,56692.2,56691.8,56691.8,30,1887720
1790143410000,56691.8,56702.2,56691.8,56702.2,60,1887690
1790143440000,56710,56714.6,56707.2,56711.6,630,1887690
1790143470000,56711.6,56711.6,56703.2,56703.2,60,1887660
1790143500000,56703.2,56703.2,56703.2,56703.2,0,1887660
1790143530000,56703.2,56703.2,56691.6,56691.6,30,1887450
1790143560000,56691.6,56694,56691.6,56694,390,1887450
1790143590000,56694,56695.4,56694,56695.4,30,1887450
1790143620000,56695.4,56695.4,56695.4,56695.4,0,1887450
1790143650000,56695.4,56700.8,56695.4,56700.8,120,1887420
1790143680000,56700.8,56700.8,56700.8,56700.8,0,1887420
1790143710000,56700,56703.6,56693.2,56693.2,120,1887330
1790143740000,56693.2,56693.2,56693,56693,30,1887270
1790143770000,56693,56693,56693,56693,30,1887270
1790143800000,56705,56705,56703.2,56703.2,60,1886850
1790143830000,56703.2,56703.2,56699.2,56699.2,60,1886820
1790143860000,56699.2,56703.2,56699.2,56703.2,330,1886820
1790143890000,56703.2,56703.2,56703.2,56703.2,0,1886820
1790143920000,56703.2,56703.2,56703.2,56703.2,0,1886820
1790143950000,56703.2,56705,56702,56705,120,1886730
1790143980000,56705,56716,56705,56716,690,1886730
1790144010000,56716,56720,56716,56720,30,1886730
1790144040000,56720,56720,56714.6,56714.6,30,1886580
1790144070000,56714.6,56714.6,56706.2,56708.2,60,1886580
1790144100000,56708.2,56708.4,56708.2,56708.4,510,1886580
1790144130000,56708.4,56708.4,56708.4,56708.4,0,1886580
1790144160000,56702.2,56702.2,56702.2,56702.2,30,1886580
1790144190000,56702.2,56714,56702.2,56714,360,1886490
1790144220000,56714,56714,56714,56714,60,1886490
1790144250000,56714,56714,56709.6,56709.6,60,1886490
1790144280000,56709.6,56711.6,56701.8,56701.8,120,1886550
1790144310000,56703.2,56703.2,56700,56700,210,1886370
1790144340000,56700,56700,56689.6,56689.6,540,1886370
1790144370000,56689.6,56690.4,56689.6,56690.4,60,1886340
1790144400000,56690.4,56690.4,56685,56685,30,1886340
1790144430000,56685,56685,56685,56685,0,1886340
1790144460000,56668.2,56673.4,56668.2,56673.4,60,1886340
1790144490000,56676,56676,56672.8,56672.8,180,1886340
1790144520000,56672.8,56672.8,56670,56672,120,1886310
1790144550000,56672,56672,56672,56672,0,1886310
1790144580000,56672,56685,56672,56685,60,1886070
1790144610000,56680.2,56682,56672.2,56680.4,120,1886070
1790144640000,56680.4,56690,56680.4,56689,150,1885980
1790144670000,56689,56689,56684.2,56684.2,30,1885860
1790144700000,56684.2,56684.2,56684.2,56684.2,0,1885860
1790144730000,56684.2,56684.2,56680.2,56680.2,90,1885860
1790144760000,56680.2,56680.2,56670,56670,120,1885800
1790144790000,56663.2,56672,56663.2,56666.6,240,1885620
1790144820000,56666.6,56667.2,56666.6,56667.2,30,1885620
1790144850000,56667.2,56680,56667.2,56670,120,1885620
1790144880000,56670,56670,56670,56670,0,1885620
1790144910000,56670,56670,56670,56670,60,1885500
1790144940000,56670,56670,56670,56670,60,1885440
1790144970000,56670,56680.2,56670,56680.2,60,1885440
1790145000000,56660,56664,56660,56660,840,1885440
1790145030000,56660,56660,56660,56660,0,1885440
1790145060000,56660,56692.6,56660,56692.6,60,1885290
1790145090000,56692.6,56698.2,56685.4,56698.2,90,1885290
1790145120000,56700,56705.2,56699.8,56699.8,330,1885290
1790145150000,56699.8,56705,56699.8,56705,60,1885020
1790145180000,56705,56711.8,56705,56711.8,90,1885020
1790145210000,56711.8,56713,56711,56711,120,1884870
1790145240000,56711,56711,56711,56711,0,1884870
1790145270000,56695,56711,56695,56711,60,1884840
1790145300000,56711,56718.8,56711,56718.8,270,1884840
1790145330000,56711.2,56720,56711.2,56720,60,1884840
1790145360000,56720,56726.4,56715.4,56726.4,240,1884930
1790145390000,56716.2,56725,56716.2,56720.2,150,1884930
1790145420000,56730,56730,56715.8,56715.8,450,1884840
1790145450000,56717,56722,56717,56717,210,1884540
1790145480000,56717,56717,56690,56690,510,1884540
1790145510000,56690,56709,56690,56704.2,90,1884540
1790145540000,56704.2,56704.2,56702.8,56702.8,30,1884510
1790145570000,56702.8,56702.8,56702.8,56702.8,0,1884510
1790145600000,56702.8,56711,56702.8,56711,60,1884540
1790145630000,56706.2,56706.2,56706.2,56706.2,30,1884540
1790145660000,56706.2,56706.2,56695,56695,120,1884570
1790145690000,56695,56701.2,56695,56701,120,1884570
1790145720000,56700,56701.4,56700,56701.4,180,1884510
1790145750000,56701.4,56701.4,56701.4,56701.4,0,1884510
1790145780000,56701.4,56712,56701.4,56712,120,1884420
1790145810000,56702,56702,56701.4,56701.4,120,1884420
1790145840000,56701.4,56715,56701.4,56703,180,1884360
1790145870000,56703,56715.8,56703,56715.2,300,1884360
1790145900000,56706,56706,56701.6,56704.8,120,1884360
1790145930000,56704.8,56708.4,56699.4,56699.4,480,1884360
1790145960000,56699.4,56699.4,56699.4,56699.4,0,1884360
1790145990000,56699.4,56708.2,56699.4,56701,120,1884570
1790146020000,56701,56701,56701,56701,30,1884600
1790146050000,56701,56702.2,56701,56702.2,330,1884600
1790146080000,56702.2,56702.2,56702,56702,90,1884360
1790146110000,56702,56710,56702,56707.4,450,1884360
1790146140000,56707.4,56710,56707.4,56710,60,1883400
1790146170000,56710,56710,56705.8,56705.8,60,1883400
1790146200000,56705.8,56720,56705.8,56720,60,1883250
1790146230000,56720,56720,56707.4,56707.4,180,1883250
1790146260000,56704.2,56704.2,56704.2,56704.2,90,1883040
1790146290000,56704.2,56705.4,56704.2,56705.4,120,1883040
1790146320000,56705.4,56710,56705.4,56710,90,1882920
1790146350000,56710,56710,56710,56710,0,1882920
1790146380000,56710,56710,56699.2,56699.2,90,1881240
1790146410000,56699.2,56700,56697.6,56697.6,150,1881240
1790146440000,56708.4,56708.4,56708.4,56708.4,60,1879710
1790146470000,56708.4,56708.4,56700,56700,90,1879710
1790146500000,56700,56700,56690,56690,30,1879680
1790146530000,56690,56690,56682,56682,90,1879680
1790146560000,56682,56693,56682,56693,60,1879620
1790146590000,56693,56693,56687.6,56687.6,90,1879620
1790146620000,56687.6,56689.4,56687.6,56689.4,30,1879650
1790146650000,56689.4,56689.4,56689.4,56689.4,0,1879650
1790146680000,56689.4,56700,56689.4,56696.6,150,1879620
1790146710000,56696.6,56696.6,56696.6,56696.6,30,1879620
1790146740000,56696.6,56696.6,56691.2,56691.2,330,1879530
1790146770000,56691.2,56691.2,56691.2,56691.2,0,1879530
1790146800000,56691.2,56692.8,56683.8,56692.8,90,1879530
1790146830000,56692.8,56692.8,56692.8,56692.8,0,1879530
1790146860000,56692.8,56692.8,56692.8,56692.8,30,1879500
1790146890000,56687.6,56692.8,56682.6,56682.6,270,1879500
1790146920000,56682.6,56690.6,56682.6,56690.6,270,1879470
1790146950000,56690.6,56693,56690.6,56691.8,210,1879470
1790146980000,56696.6,56698.2,56691.8,56698.2,270,1878960
1790147010000,56698.2,56700,56698.2,56700,30,1878960
1790147040000,56710,56718,56710,56717.6,150,1879050
1790147070000,56717.6,56717.6,56708.8,56708.8,90,1879050
1790147100000,56708.8,56724,56708.8,56708.8,150,1879140
1790147130000,56708.8,56708.8,56708.8,56708.8,0,1879140
1790147160000,56708.8,56720.6,56708.8,56710.6,150,1879140
1790147190000,56710.6,56721,56706.4,56706.4,150,1879140
1790147220000,56706.4,56706.6,56682.4,56682.4,930,1878780
1790147250000,56682.4,56682.4,56682.4,56682.4,0,1878780
1790147280000,56682.4,56692.6,56682.4,56691.4,120,1878150
1790147310000,56691.4,56700,56691.4,56700,30,1878150
1790147340000,56700,56700,56700,56700,0,1878150
1790147370000,56700,56700,56700,56700,0,1878150
1790147400000,56700,56702,56700,56702,30,1878060
1790147430000,56706.6,56706.6,56706.6,56706.6,30,1878060
1790147460000,56706.6,56706.6,56703,56703,60,1878090
1790147490000,56703,56703,56703,56703,30,1878090
1790147520000,56703,56703,56703,56703,0,1878090
1790147550000,56703,56703,56703,56703,30,1878090
1790147580000,56703,56703,56696.6,56696.6,90,1878090
1790147610000,56696.6,56706.6,56696.6,56706.6,30,1878090
1790147640000,56706.6,56706.6,56700,56700,30,1878060
1790147670000,56700,56701.6,56696.6,56696.6,150,1878060
1790147700000,56696.6,56700,56696.6,56700,30,1878030
1790147730000,56700,56700,56684.2,56684.2,120,1878030
1790147760000,56684.2,56684.2,56684.2,56684.2,0,1878030
1790147790000,56684.2,56684.2,56684.2,56684.2,0,1878030
1790147820000,56684.2,56684.2,56668.4,56668.6,630,1878060
1790147850000,56668.6,56670,56668.6,56668.6,60,1878060
1790147880000,56668.6,56668.6,56660.4,56660.4,660,1878330
1790147910000,56660.4,56660.4,56660.4,56660.4,0,1878330
1790147940000,56660.4,56666.8,56660,56661,1770,1878420
1790147970000,56661,56661.4,56660.2,56661.4,360,1878420
1790148000000,56661.4,56665.4,56660,56665.4,150,1878270
1790148030000,56665.4,56675,56665.4,56675,300,1878270
1790148060000,56675,56684.8,56672.8,56680.2,120,1878150
1790148090000,56680.2,56680.8,56661.2,56674,120,1878150
1790148120000,56674.8,56674.8,56667.2,56667.2,120,1878120
1790148150000,56667.2,56667.2,56661.6,56664.6,150,1878120
1790148180000,56668,56668,56667,56667,90,1878000
1790148210000,56667,56667,56645,56645.2,1260,1878000
1790148240000,56645.2,56650,56645,56645,660,1876560
1790148270000,56645,56645,56640.2,56640.2,240,1876560
1790148300000,56640.2,56655,56640.2,56650,480,1875960
1790148330000,56650,56650,56648,56648,30,1875960
1790148360000,56648,56660,56648,56660,30,1875690
1790148390000,56660,56666.8,56649.2,56666.8,90,1875690
1790148420000,56666.8,56666.8,56666.8,56666.8,30,1875690
1790148450000,56666.8,56666.8,56666.8,56666.8,0,1875690
1790148480000,56666.8,56666.8,56666.8,56666.8,0,1875690
1790148510000,56666.8,56666.8,56666.8,56666.8,30,1875660
1790148540000,56666.8,56666.8,56666.8,56666.8,0,1875660
1790148570000,56666.8,56666.8,56650.2,56650.2,240,1875690
1790148600000,56650.2,56650.2,56650.2,56650.2,0,1875690
1790148630000,56650.2,56668.2,56650.2,56668.2,30,1875840
1790148660000,56668.2,56684.4,56668.2,56684.2,120,1875810
1790148690000,56684.2,56684.2,56683.8,56683.8,60,1875810
1790148720000,56683.8,56695.2,56680.2,56689,210,1875720
1790148750000,56688.8,56705,56688.8,56705,150,1875720
1790148780000,56705,56705,56705,56705,30,1875720
1790148810000,56705,56706,56705,56706,60,1875750
1790148840000,56709,56709,56705.2,56708,90,1875630
1790148870000,56708,56708,56705,56705,60,1875630
1790148900000,56708.2,56708.2,56706.8,56706.8,60,1875630
1790148930000,56706.8,56709.4,56706.8,56709.4,60,1875630
1790148960000,56709.4,56709.4,56700,56700,90,1875660
1790148990000,56700,56705,56700,56705,30,1875660
1790149020000,56706.4,56720,56703.8,56720,330,1875570
1790149050000,56724.8,56738,56724.8,56734,1050,1875570
1790149080000,56734,56738,56732,56732,180,1875570
1790149110000,56732,56732,56720.6,56720.6,660,1875990
1790149140000,56726.2,56726.2,56704,56714.6,990,1874910
1790149170000,56714.6,56725,56713.6,56723.4,540,1874910
1790149200000,56723.4,56723.4,56723.4,56723.4,0,1874910
1790149230000,56723.4,56723.4,56705,56705,180,1874910
1790149260000,56705,56711,56700.2,56700.2,180,1875030
1790149290000,56700,56700.2,56692.8,56692.8,900,1875030
1790149320000,56692.8,56692.8,56692.8,56692.8,0,1875030
1790149350000,56699.6,56699.6,56695.4,56695.4,90,1875090
1790149380000,56695.4,56695.4,56695.4,56695.4,0,1875090
1790149410000,56695.4,56695.4,56695.4,56695.4,0,1875090
1790149440000,56695.4,56695.4,56695.4,56695.4,0,1875090
1790149470000,56695.4,56695.4,56685.8,56685.8,210,1875060
1790149500000,56685.8,56688,56685.8,56687,60,1875060
1790149530000,56687,56703,56680,56703,180,1874970
1790149560000,56703,56705,56703,56705,30,1874970
1790149590000,56705,56705,56700,56700,30,1874880
1790149620000,56700,56700,56696.4,56699,120,1874880
1790149650000,56699,56699,56699,56699,0,1874880
1790149680000,56699,56699,56699,56699,0,1874880
1790149710000,56689,56689,56688,56688,90,1874790
1790149740000,56688,56688,56688,56688,30,1874850
1790149770000,56688,56688,56688,56688,0,1874850
1790149800000,56688,56688,56688,56688,0,1874850
1790149830000,56688,56688,56688,56688,0,1874850
1790149860000,56688,56688,56688,56688,0,1874850
1790149890000,56688,56688,56688,56688,0,1874850
1790149920000,56688,56690,56688,56690,60,1874850
1790149950000,56699,56699,56690,56699,90,1874850
1790149980000,56695,56695,56695,56695,30,1874850
1790150010000,56695,56695,56692.2,56692.2,120,1874790
1790150040000,56692.2,56704.8,56692,56704.8,150,1874790
1790150070000,56704.8,56704.8,56704.8,56704.8,0,1874790
1790150100000,56704.8,56704.8,56704.8,56704.8,30,1874790
1790150130000,56704.8,56704.8,56704.8,56704.8,0,1874790
1790150160000,56704.8,56708.6,56704.8,56708.6,30,1874760
1790150190000,56690.4,56690.4,56690.4,56690.4,120,1874760
1790150220000,56690.4,56709.6,56690.4,56709.6,30,1874760
1790150250000,56709.6,56709.6,56700,56700,120,1874730
1790150280000,56700,56701,56700,56701,30,1874760
1790150310000,56700,56702.6,56694.4,56702.6,90,1874760
1790150340000,56702.6,56702.6,56702.6,56702.6,0,1874760
1790150370000,56694.4,56694.4,56674.2,56691.4,330,1874790
1790150400000,56691.4,56691.4,56674,56674,60,1875000
1790150430000,56674,56686.8,56674,56685.2,90,1875000
1790150460000,56685.2,56685.2,56674.2,56674.2,30,1875000
1790150490000,56674.2,56682.6,56668.4,56668.4,210,1875030
1790150520000,56668.4,56668.4,56668.4,56668.4,0,1875030
1790150550000,56668.4,56684.6,56668.4,56675.4,60,1875030
1790150580000,56675.4,56675.4,56669,56669,30,1875030
1790150610000,56669,56669,56650.8,56653.8,360,1875030
1790150640000,56653.8,56653.8,56653.8,56653.8,30,1875030
1790150670000,56653.8,56665.6,56650.6,56665.6,60,1875150
1790150700000,56665.6,56665.6,56650.2,56650.2,60,1875150
1790150730000,56650.2,56661.8,56644.4,56644.4,1050,1875150
1790150760000,56633.6,56644.2,56626.8,56626.8,1200,1875360
1790150790000,56626.8,56655.8,56626.8,56628.8,2130,1875360
1790150820000,56628.8,56640,56628.8,56632.6,1920,1875360
1790150850000,56632.6,56639.2,56632.6,56639.2,30,1876020
1790150880000,56639.2,56639.2,56639.2,56639.2,0,1876020
1790150910000,56659.4,56666,56659.4,56666,60,1875990
1790150940000,56666,56666,56653.4,56666,120,1875990
1790150970000,56666,56666,56651.8,56651.8,150,1876080
1790151000000,56651.8,56655,56651.8,56655,30,1876080
1790151030000,56655,56665,56655,56655.2,120,1875990
1790151060000,56655.2,56655.2,56655.2,56655.2,0,1875990
1790151090000,56663.8,56670,56648.2,56670,270,1876020
1790151120000,56658.4,56684,56658.4,56669.4,210,1875900
1790151150000,56669.4,56669.4,56669.4,56669.4,0,1875900
1790151180000,56680.4,56680.4,56666.4,56680,90,1875900
1790151210000,56680,56689,56674.4,56689,210,1875900
1790151240000,56689,56689,56674.4,56674.4,60,1875900
1790151270000,56692,56695,56677.2,56677.2,390,1875810
1790151300000,56702.4,56704.8,56677.6,56704.8,120,1875810
1790151330000,56700,56706,56684,56684,150,1875690
1790151360000,56684,56684,56684,56684,0,1875690
1790151390000,56684,56684,56684,56684,0,1875690
1790151420000,56684,56704.8,56676,56676,90,1875690
1790151450000,56676,56676,56676,56676,0,1875690
1790151480000,56696,56700.2,56671.4,56671.4,150,1875720
1790151510000,56671.4,56698.4,56671.4,56671.4,150,1875690
1790151540000,56700,56700.8,56677.4,56700.8,330,1875690
1790151570000,56700.8,56700.8,56677.2,56700,300,1875450
1790151600000,56700,56700,56683,56683,30,1875450
1790151630000,56683,56683,56683,56683,0,1875450
1790151660000,56683,56695.2,56682,56682,150,1875390
1790151690000,56663.6,56691.2,56656,56656,1440,1875390
1790151720000,56656,56689.2,56651.8,56683.6,1440,1874940
1790151750000,56690,56691,56662.4,56663,240,1874940
1790151780000,56663,56690.4,56663,56688,210,1874940
1790151810000,56689.4,56692.8,56664,56666,390,1874970
1790151840000,56697.4,56697.4,56665.6,56665.6,120,1874970
1790151870000,56697.6,56697.6,56679.4,56679.4,60,1874910
1790151900000,56679.4,56679.4,56679.4,56679.4,0,1874910
1790151930000,56700,56700,56665.4,56665.4,90,1874940
1790151960000,56665.4,56665.4,56665.4,56665.4,0,1874940
1790151990000,56665.4,56665.4,56665.4,56665.4,0,1874940
1790152020000,56665.4,56675,56664,56665.2,180,1874970
1790152050000,56665.2,56680,56665.2,56680,30,1874610
1790152080000,56680,56680,56680,56680,0,1874610
1790152110000,56680,56680,56680,56680,0,1874610
1790152140000,56680,56680,56654,56654,150,1874610
1790152170000,56654,56670,56654,56670,30,1874700
1790152200000,56670,56670,56670,56670,0,1874700
1790152230000,56670,56670,56670,56670,0,1874700
1790152260000,56670,56670,56661.2,56661.2,150,1874700
1790152290000,56680,56680,56660,56680,390,1874700
1790152320000,56662,56665.4,56661.4,56661.4,120,1874700
1790152350000,56680,56680,56664.8,56669.2,480,1874670
1790152380000,56669.2,56671.6,56667.8,56671.6,150,1874340
1790152410000,56671.6,56695,56671.6,56695,330,1874340
1790152440000,56695,56695,56695,56695,0,1874340
1790152470000,56695,56695,56695,56695,0,1874340
1790152500000,56695,56700,56680,56680,1530,1874130
1790152530000,56680,56700,56674.2,56700,150,1873230
1790152560000,56700,56700,56700,56700,0,1873230
1790152590000,56700,56700,56700,56700,0,1873230
1790152620000,56700,56703,56680,56703,270,1873140
1790152650000,56703,56703,56703,56703,0,1873140
1790152680000,56703,56703,56686,56686,90,1873050
1790152710000,56686,56705,56686,56705,60,1873050
1790152740000,56705,56705,56705,56705,0,1873050
1790152770000,56705,56705,56688,56705,180,1872960
1790152800000,56705,56714,56697.2,56714,420,1872960
1790152830000,56730,56730,56708.2,56708.2,2580,1872360
1790152860000,56708.2,56730,56708.2,56725,240,1872360
1790152890000,56712.6,56730,56712.6,56730,360,1872210
1790152920000,56730,56730.8,56715.2,56725,270,1872210
1790152950000,56725,56740,56720,56720,1020,1872150
1790152980000,56740,56740,56717.2,56717.6,510,1872150
1790153010000,56717.6,56740,56717.6,56740,90,1871760
1790153040000,56740,56740,56708,56708,120,1871760
1790153070000,56708,56720,56708,56720,150,1871790
1790153100000,56720,56725,56720,56720,60,1871790
1790153130000,56720,56720,56720,56720,0,1871790
1790153160000,56720,56720,56697.6,56720,1500,1871700
1790153190000,56720,56720,56720,56720,0,1871700
1790153220000,56718,56720,56690.2,56692.6,540,1871880
1790153250000,56692.6,56720.2,56692.6,56720.2,90,1874130
1790153280000,56720.2,56720.2,56692.6,56720,120,1874130
1790153310000,56722.2,56722.2,56722.2,56722.2,30,1873740
1790153340000,56722.2,56722.2,56722.2,56722.2,0,1873740
1790153370000,56708.6,56708.6,56699.8,56699.8,90,1873770
1790153400000,56699.8,56699.8,56686.6,56686.6,30,1873770
1790153430000,56716.6,56716.6,56686.2,56687.4,120,1873770
1790153460000,56717.6,56717.6,56717.6,56717.6,30,1873770
1790153490000,56722,56722,56722,56722,30,1873770
1790153520000,56720,56722,56697.8,56722,120,1873710
1790153550000,56722,56722,56698.6,56698.6,90,1873620
1790153580000,56698.6,56698.6,56698.6,56698.6,0,1873620
1790153610000,56720,56720,56710.2,56710.2,240,1873680
1790153640000,56710.2,56725,56710.2,56710.2,210,1873680
1790153670000,56710.2,56720,56710.2,56720,210,1873350
1790153700000,56720,56720,56720,56720,0,1873350
1790153730000,56725,56725,56696,56725,120,1873200
1790153760000,56725,56725,56725,56725,0,1873200
1790153790000,56725,56725,56725,56725,60,1873140
1790153820000,56707,56730,56706.8,56708.2,360,1873140
1790153850000,56708.2,56708.2,56708.2,56708.2,0,1873140
1790153880000,56708.2,56708.2,56708.2,56708.2,0,1873140
1790153910000,56708.2,56734,56708.2,56716.4,150,1872990
1790153940000,56716.6,56735,56716.4,56735,210,1872990
1790153970000,56735,56735,56715.6,56715.6,540,1872630
1790154000000,56735,56735,56720,56727.4,2340,1872630
1790154030000,56727.4,56735,56727,56735,240,1871250
1790154060000,56735,56735,56730,56735,60,1871250
1790154090000,56730,56735,56710,56712.2,540,1871520
1790154120000,56712.2,56712.2,56712.2,56712.2,0,1871520
1790154150000,56725,56725,56713.4,56713.4,120,1871280
1790154180000,56725,56725,56715,56715,60,1871280
1790154210000,56715,56727.2,56712,56727.2,150,1871370
1790154240000,56727.2,56727.2,56700,56700,330,1871370
1790154270000,56698.8,56698.8,56684.4,56684.4,900,1871520
1790154300000,56684.4,56711.6,56675,56680,1110,1871520
1790154330000,56680,56680,56671.2,56671.2,360,1871730
1790154360000,56671.2,56697.8,56671.2,56697.8,480,1871730
1790154390000,56697.8,56697.8,56673.8,56673.8,90,1871460
1790154420000,56673.8,56700,56673.8,56700,30,1871460
1790154450000,56679,56679,56674.4,56674.4,90,1871520
1790154480000,56682.2,56699,56682.2,56699,90,1871520
1790154510000,56699,56699,56699,56699,0,1871520
1790154540000,56699,56700,56676.8,56676.8,420,1871460
1790154570000,56676,56676.2,56674.4,56676,240,1871370
1790154600000,56676,56699.8,56676,56699.8,30,1871370
1790154630000,56699.8,56699.8,56699.8,56699.8,0,1871370
1790154660000,56699.8,56699.8,56674,56674,120,1871340
1790154690000,56674,56674,56674,56674,60,1871340
1790154720000,56671,56671,56662,56662,690,1869630
1790154750000,56662,56672.6,56662,56670.8,480,1869180
1790154780000,56670.8,56689.8,56670.8,56689.8,30,1869180
1790154810000,56689.8,56689.8,56660.2,56685,180,1869090
1790154840000,56685,56685,56685,56685,0,1869090
1790154870000,56685,56689.8,56662.2,56662.2,60,1869150
1790154900000,56662.2,56664.6,56662.2,56664.6,30,1869150
1790154930000,56690,56690,56690,56690,30,1869150
1790154960000,56666.6,56666.8,56663,56663,90,1868940
1790154990000,56680,56680,56680,56680,90,1868940
1790155020000,56680,56680,56663,56663,60,1868910
1790155050000,56663,56679,56650,56650,600,1868880
1790155080000,56650,56652,56650,56650,150,1868880
1790155110000,56652,56660,56647,56647,1650,1867830
1790155140000,56647,56647.4,56641.4,56643.2,3450,1867830
1790155170000,56660,56660,56643.8,56648.4,2310,1864530
1790155200000,56648.4,56660,56640,56640,2730,1864530
1790155230000,56640.8,56657,56637.8,56640.6,2220,1861590
1790155260000,56640.2,56644.2,56639.8,56642.2,5490,1861590
1790155290000,56642.2,56642.2,56642.2,56642.2,0,1861590
1790155320000,56642.2,56657,56642.2,56646.8,210,1860900
1790155350000,56646.8,56652.6,56646.8,56652.6,30,1860750
1790155380000,56652.6,56652.6,56652.6,56652.6,0,1860750
1790155410000,56657,56677.2,56657,56677.2,120,1860270
1790155440000,56677.2,56680,56650,56680,270,1860270
1790155470000,56680,56680,56651.4,56679.8,150,1860210
1790155500000,56680,56680,56656,56680,150,1860210
1790155530000,56680,56680,56654.4,56680,210,1860210
1790155560000,56680,56680,56680,56680,0,1860210
1790155590000,56680,56680,56680,56680,0,1860210
1790155620000,56650,56671.6,56644,56668,720,1859790
1790155650000,56668,56668,56632.2,56632.2,480,1859340
1790155680000,56632.2,56637.2,56632.2,56637.2,1500,1859340
1790155710000,56667.8,56667.8,56637.2,56664,150,1858020
1790155740000,56660,56664.8,56630.2,56633.2,2040,1858020
1790155770000,56633.2,56640,56633.2,56640,60,1858680
1790155800000,56660.8,56660.8,56630,56630,300,1858680
1790155830000,56630,56661.2,56630,56631,90,1858470
1790155860000,56662.8,56662.8,56662.8,56662.8,60,1858470
1790155890000,56662.8,56662.8,56636.2,56636.4,60,1858380
1790155920000,56630,56630,56602,56613.4,1530,1858380
1790155950000,56613.4,56643.6,56606.4,56643.6,360,1858980
1790155980000,56643.6,56643.6,56606.4,56610.4,120,1858980
1790156010000,56610.4,56629,56601,56601,300,1858800
1790156040000,56601,56628.6,56601,56628.6,300,1858800
1790156070000,56610,56628.6,56602,56628.6,330,1858800
1790156100000,56628.6,56630,56611.6,56630,150,1858800
1790156130000,56630,56630,56615.4,56616,90,1858800
1790156160000,56616,56640,56616,56640,210,1858470
1790156190000,56640,56640,56630.6,56632,150,1858410
1790156220000,56632,56635,56628.6,56628.6,60,1858410
1790156250000,56628.6,56630,56628.6,56630,30,1858410
1790156280000,56630,56630,56630,56630,0,1858410
1790156310000,56630,56634,56630,56634,150,1858320
1790156340000,56634,56634,56630.2,56630.2,180,1858320
1790156370000,56630.2,56630.2,56630.2,56630.2,0,1858320
1790156400000,56630.2,56630.2,56630.2,56630.2,30,1858200
1790156430000,56631,56631,56630,56630,210,1858110
1790156460000,56630,56630,56627.2,56627.2,690,1858110
1790156490000,56627.2,56643,56627.2,56643,390,1857630
1790156520000,56643,56650,56641.8,56650,210,1857630
1790156550000,56659,56660,56659,56660,240,1857330
1790156580000,56668,56670,56651.4,56665,300,1857330
1790156610000,56665,56676,56660,56675,180,1857210
1790156640000,56677,56678,56660,56677.2,1290,1857210
1790156670000,56680,56681,56680,56681,660,1856790
1790156700000,56680,56699,56672.2,56699,1650,1856790
1790156730000,56699,56699.8,56687.2,56699.2,720,1856400
1790156760000,56700,56720,56693.6,56693.6,1470,1856400
1790156790000,56700,56719,56683.4,56683.4,960,1856190
1790156820000,56683.4,56711.2,56676.8,56676.8,750,1856190
1790156850000,56678,56678,56677,56678,150,1856190
1790156880000,56678,56678,56678,56678,0,1856190
1790156910000,56678,56678,56678,56678,30,1856040
1790156940000,56671,56695,56671,56695,150,1856040
1790156970000,56695,56695,56674.2,56676.2,60,1856040
1790157000000,56676.2,56700,56676.2,56678.6,180,1856070
1790157030000,56678.6,56690,56678.6,56690,60,1856010
1790157060000,56690,56698,56682,56682,60,1856010
1790157090000,56700,56700,56700,56700,30,1856010
1790157120000,56700,56700,56681,56681,120,1855950
1790157150000,56681,56681,56681,56681,0,1855950
1790157180000,56681,56681,56681,56681,30,1855770
1790157210000,56681,56681,56681,56681,30,1855770
1790157240000,56681,56699,56676.8,56699,1110,1855710
1790157270000,56677,56700,56677,56678.2,720,1855710
1790157300000,56678.2,56679.6,56678.2,56679.6,60,1856280
1790157330000,56680,56690,56680,56690,60,1856310
1790157360000,56690,56705,56681.2,56681.2,300,1856310
1790157390000,56704.8,56705,56681.2,56682,450,1856310
1790157420000,56705,56705,56681.2,56681.2,120,1856550
1790157450000,56681.2,56681.2,56681.2,56681.2,0,1856550
1790157480000,56681.2,56704,56681.2,56683,120,1856490
1790157510000,56683,56705,56683,56705,60,1856490
1790157540000,56705,56705,56705,56705,0,1856490
1790157570000,56705,56705,56683,56683,90,1854990
1790157600000,56683,56700,56683,56700,30,1854990
1790157630000,56700,56700,56692.2,56692.2,450,1854990
1790157660000,56692.2,56695,56692.2,56695,30,1854750
1790157690000,56695,56700,56693.4,56700,120,1854750
1790157720000,56700,56702,56696,56696,150,1854780
1790157750000,56700,56705,56698.2,56700.8,750,1854780
1790157780000,56700.8,56705,56700.8,56705,30,1854330
1790157810000,56702,56708,56702,56702.4,270,1854330
1790157840000,56700,56700,56695,56695,120,1853640
1790157870000,56695,56700,56695,56695,60,1853640
1790157900000,56705,56705,56689.2,56689.2,120,1853640
1790157930000,56687.4,56687.4,56683,56683.2,2850,1853730
1790157960000,56683,56685.2,56683,56683.2,9810,1853730
1790157990000,56685.2,56685.2,56683,56684,240,1853730
1790158020000,56684,56685.2,56684,56685.2,750,1854420
1790158050000,56685.2,56685.2,56684.2,56684.6,2280,1853730
1790158080000,56685.2,56689,56684.4,56689,600,1853730
1790158110000,56689,56704.8,56689,56691.6,330,1854000
1790158140000,56691.6,56692.2,56691.6,56692,60,1854000
1790158170000,56692,56710,56686.4,56687.2,1230,1853700
1790221500000,56000,56188,55910,56138.8,53880,1821060
1790221530000,56100.2,56169.2,56100.2,56120,7500,1821060
1790221560000,56120,56121,56050,56063.4,7110,1835010
1790221590000,56063.4,56080,56055,56060,3510,1835010
1790221620000,56068.4,56068.4,56010.2,56020,10950,1838280
1790221650000,56010,56010.8,55938.2,55956,12720,1838280
1790221680000,55947.6,55962.4,55923,55955.4,5160,1847490
1790221710000,55955.4,55970,55920,55954,4110,1847490
1790221740000,55953.2,55984,55902,55915.6,7320,1851690
1790221770000,55902,55919.8,55900,55906,3720,1851690
1790221800000,55900,55910,55881,55890.4,3810,1854840
1790221830000,55889.8,55922.6,55883.8,55915,3360,1854840
1790221860000,55915,55915,55895.2,55900.8,2040,1857540
1790221890000,55900.8,55910,55890.2,55893.2,1890,1857540
1790221920000,55898.4,55931,55881.8,55924.2,2940,1860150
1790221950000,55925.8,55948,55903.8,55933.4,840,1860150
1790221980000,55927.8,55972,55927.8,55969,930,1861110
1790222010000,55944,55977.8,55944,55977.8,1080,1861110
1790222040000,55977,55977.8,55950.8,55968,1260,1861470
1790222070000,55977.4,55977.8,55946,55946,1230,1861470
1790222100000,55946,55958.4,55901.4,55901.4,4290,1863510
1790222130000,55901.2,55926.2,55890.4,55895,2670,1863510
1790222160000,55900,55919.4,55889.8,55902,2190,1866450
1790222190000,55907,55937.4,55895,55918.8,1950,1866450
1790222220000,55900,55909.4,55882,55885,1740,1868610
1790222250000,55885,55901.4,55881,55890,2010,1868610
1790222280000,55880,55919.2,55877.6,55883.6,3540,1871100
1790222310000,55882.2,55913.6,55882.2,55885.2,3150,1871100
1790222340000,55890.2,55900,55882.2,55899,1920,1873770
1790222370000,55898.4,55898.4,55877.8,55877.8,1500,1873770
1790222400000,55876,55893.2,55833.8,55833.8,6330,1876860
1790222430000,55844,55854.2,55822.4,55823.8,8640,1876860
1790222460000,55825,55850,55820,55820,9450,1883250
1790222490000,55828,55853,55820,55846.8,2310,1883250
1790222520000,55850,55854.2,55825,55854.2,1470,1884390
1790222550000,55832.6,55853.6,55827.2,55830,1650,1884390
1790222580000,55830,55850,55820,55821,2130,1886250
1790222610000,55820,55850,55819,55834.8,960,1886250
1790222640000,55830,55843,55818.2,55843,1950,1887090
1790222670000,55820,55852,55820,55820.2,1050,1887090
1790222700000,55850,55863.2,55820,55860.4,1770,1888260
1790222730000,55830,55850.6,55829.2,55829.4,840,1888260
1790222760000,55829.4,55849.8,55820,55820,1110,1889850
1790222790000,55820.2,55850.4,55820,55828.6,1770,1889850
1790222820000,55846.8,55847,55820.2,55820.2,1050,1890360
1790222850000,55820.2,55834.2,55808,55833.8,3030,1890360
1790222880000,55831.2,55831.2,55803,55803,1440,1890660
1790222910000,55802,55819,55773,55788.4,3600,1890660
1790222940000,55783.6,55786.4,55756,55760,3450,1893900
1790222970000,55781.8,55787,55755,55761.2,2130,1893900
1790223000000,55761,55773.6,55756,55761,1710,1894410
1790223030000,55758,55764.8,55752.2,55764.8,630,1894410
1790223060000,55764.2,55765,55755,55760,960,1894980
1790223090000,55760,55770.8,55753.4,55770.8,1470,1894980
1790223120000,55768.8,55768.8,55750,55750,1830,1897140
1790223150000,55750.2,55763.2,55725,55739.4,3180,1897140
1790223180000,55737.4,55758.2,55725.4,55725.4,1590,1898700
1790223210000,55725.4,55746.8,55711,55711,1800,1898700
1790223240000,55711,55730.6,55705,55705,1380,1900140
1790223270000,55709,55710,55700,55700,2430,1900140
1790223300000,55700,55702.6,55680.2,55680.4,1860,1901190
1790223330000,55680.4,55740.4,55680,55740.4,1260,1901190
1790223360000,55740.4,55748.8,55708.6,55710.6,1320,1901850
1790223390000,55710.6,55739.4,55710,55720,870,1901850
1790223420000,55711.4,55733.2,55710,55710,1140,1902750
1790223450000,55707,55726.6,55701,55726.6,840,1902750
1790223480000,55703.2,55730.4,55700,55730.4,660,1903860
1790223510000,55730.6,55737.6,55707.6,55711.6,930,1903860
1790223540000,55711.6,55736,55711.6,55715.2,660,1904610
1790223570000,55720.2,55749,55712,55726.8,1590,1904610
1790223600000,55727.2,55755,55720.2,55747.2,2190,1905600
1790223630000,55720,55754.8,55720,55754.8,690,1905600
1790223660000,55733.4,55758,55730,55753,540,1906020
1790223690000,55735,55735,55722,55722.2,450,1906020
1790223720000,55722.2,55737.4,55722.2,55722.4,570,1906770
1790223750000,55722.6,55737.4,55722.4,55722.4,540,1906770
1790223780000,55730,55730,55720,55723,450,1907550
1790223810000,55723,55723,55719.4,55720,300,1907550
1790223840000,55725,55730.2,55725,55727.8,2970,1909830
1790223870000,55727,55732,55719.2,55719.2,660,1909830
1790223900000,55727.8,55727.8,55710,55710,870,1910430
1790223930000,55707.6,55741.6,55704,55715,1470,1910430
1790223960000,55715,55715,55710,55710,180,1910430
1790223990000,55710,55734,55710,55733.2,690,1911330
1790224020000,55730.4,55734.4,55720,55734,600,1911420
1790224050000,55734,55735,55720,55720,360,1911420
1790224080000,55738.6,55738.6,55715,55730,510,1911420
1790224110000,55730,55750,55720,55744,720,1911630
1790224140000,55744,55744,55735.6,55741.4,360,1911840
1790224170000,55739.6,55753.8,55717,55753.8,3660,1911840
1790224200000,55730,55756.4,55716,55756.4,1050,1911660
1790224230000,55756.4,55767.8,55729.2,55767,1710,1911660
1790224260000,55767,55783.2,55750,55777.2,2100,1912110
1790224290000,55775,55778,55751,55773.4,1500,1912110
1790224320000,55773.4,55780,55755,55779.6,1410,1911960
1790224350000,55780,55794.4,55760,55791.4,1680,1911960
1790224380000,55792.8,55803.8,55768.2,55803.8,3360,1912620
1790224410000,55805.2,55814.6,55780,55813.6,2040,1912620
1790224440000,55815,55824.4,55800,55821.8,2070,1912380
1790224470000,55823.2,55830,55780.2,55800,3120,1912380
1790224500000,55803.6,55803.6,55769.2,55786.6,1440,1912830
1790224530000,55785.6,55797,55768,55789,2190,1912830
1790224560000,55789,55789,55761,55776.2,1950,1913670
1790224590000,55776.4,55780.4,55760,55778,1620,1913670
1790224620000,55776.8,55794,55776.8,55787.2,1890,1904220
1790224650000,55787.4,55797.4,55755.2,55797.4,2130,1904220
1790224680000,55798.2,55802.2,55796.8,55802.2,1230,1904670
1790224710000,55801,55825,55800.4,55825,1560,1904670
1790224740000,55825,55841.8,55824.6,55834.4,1920,1905660
1790224770000,55836.8,55838.2,55801.6,55831.4,1920,1905660
1790224800000,55831.6,55834.4,55800,55817.8,1470,1906860
1790224830000,55820,55820.4,55774,55809.2,1800,1906860
1790224860000,55807.8,55808,55773.2,55786.8,2160,1898490
1790224890000,55786.8,55811.4,55765.2,55765.2,1470,1898490
1790224920000,55763.6,55796.8,55755,55787.4,2790,1898880
1790224950000,55755,55788.8,55755,55778.6,1980,1898880
1790224980000,55777.2,55790.6,55770.8,55784,1380,1898850
1790225010000,55784,55784,55750,55750,1680,1898850
1790225040000,55750,55766.6,55730,55758.4,2130,1899900
1790225070000,55755,55762.4,55725,55760.8,1680,1899900
1790225100000,55760.8,55776.6,55729.8,55767.6,1530,1890420
1790225130000,55766.6,55766.6,55757.4,55766.2,1260,1890420
1790225160000,55766.6,55772.2,55766.2,55768.6,1290,1891770
1790225190000,55769.2,55772.4,55742.2,55764.8,1380,1891770
1790225220000,55764.8,55764.8,55729.2,55756.2,1530,1889670
1790225250000,55756.2,55760.2,55722,55760.2,1440,1889670
1790225280000,55760.4,55766.4,55750,55750,900,1890780
1790225310000,55726.2,55761,55726.2,55749.2,1350,1890780
1790225340000,55749.2,55749.2,55725.6,55740,1320,1890780
1790225370000,55740,55765.4,55740,55765.4,180,1878210
1790225400000,55765.4,55766.2,55758.4,55758.4,390,1873890
1790225430000,55762,55762.6,55758.8,55758.8,180,1873890
1790225460000,55745,55760.8,55725.2,55748.6,570,1874190
1790225490000,55745.2,55751.4,55745.2,55749.6,450,1874190
1790225520000,55725.2,55747.8,55725.2,55745.4,600,1874190
1790225550000,55745.4,55745.4,55722,55722,240,1874940
1790225580000,55737.8,55737.8,55711.4,55712,600,1874940
1790225610000,55711.4,55747.2,55711.4,55747.2,210,1868580
1790225640000,55747.2,55747.2,55719,55719.4,330,1868580
1790225670000,55744,55747.2,55744,55747,630,1868760
1790225700000,55725,55742.8,55720,55741.6,330,1868760
1790225730000,55730,55739.6,55711.2,55711.2,720,1869450
1790225760000,55711.2,55734,55711.2,55734,150,1869450
1790225790000,55734,55750,55714.2,55750,510,1869870
1790225820000,55750,55760,55723.8,55759.2,600,1869870
1790225850000,55759.2,55759.2,55746.4,55758,150,1869600
1790225880000,55746.4,55747.8,55746.4,55747.8,300,1869600
1790225910000,55731,55740.2,55711.2,55711.2,210,1869480
1790225940000,55711.2,55750,55711.2,55718.2,120,1869480
1790225970000,55715,55715.2,55712,55715.2,270,1869660
1790226000000,55715.2,55749.8,55715.2,55718.8,120,1869660
1790226030000,55718.8,55741.8,55718.8,55741.8,90,1869660
1790226060000,55741.8,55741.8,55741.8,55741.8,0,1869660
1790226090000,55741.8,55757.8,55731.4,55757.8,330,1869720
1790226120000,55760,55774.2,55750,55773,360,1869720
1790226150000,55773,55775,55745.2,55775,390,1868700
1790226180000,55775,55775,55751.8,55751.8,210,1868700
1790226210000,55751.8,55790,55751.8,55790,270,1868730
1790226240000,55758.6,55792.6,55758.6,55780.2,150,1868730
1790226270000,55780.2,55783.6,55759,55783.6,120,1868640
1790226300000,55787,55787,55759.2,55778.6,870,1868640
1790226330000,55778.2,55778.2,55775.2,55777.8,210,1866990
1790226360000,55777.8,55792,55759,55792,150,1866990
1790226390000,55792,55799,55783.6,55783.6,270,1864230
1790226420000,55770,55798.8,55770,55794.2,240,1864230
1790226450000,55794.2,55794.2,55782.4,55782.4,180,1864440
1790226480000,55788.8,55803.4,55788.8,55803,450,1864440
1790226510000,55794.4,55796.4,55770,55792.2,270,1863150
1790226540000,55792.2,55792.2,55780,55782,270,1863150
1790226570000,55782,55794.8,55760,55760,780,1863120
1790226600000,55784.4,55784.4,55769.6,55769.6,240,1863120
1790226630000,55769.6,55770.6,55761.8,55764.6,420,1862640
1790226660000,55764.6,55769,55763.2,55769,420,1862640
1790226690000,55769,55774,55769,55773.6,690,1862580
1790226720000,55770,55771.2,55758.6,55770.4,960,1862580
1790226750000,55770.4,55771.8,55770.4,55771.2,210,1860540
1790226780000,55771.2,55771.2,55750,55750,150,1860540
1790226810000,55750,55750,55750,55750,150,1858620
1790226840000,55757.8,55763.6,55750,55750,180,1858620
1790226870000,55750,55770.8,55750,55770.4,90,1856040
1790226900000,55773.6,55778.4,55773.6,55778.4,90,1856040
1790226930000,55781.4,55783.8,55781.4,55781.4,210,1853460
1790226960000,55779.6,55779.6,55774,55774,210,1853460
1790226990000,55774,55782.4,55754.2,55754.2,90,1851120
1790227020000,55754.2,55776.2,55754.2,55755,360,1851120
1790227050000,55755,55758,55755,55758,150,1847940
1790227080000,55776.4,55776.4,55744.8,55744.8,270,1847940
1790227110000,55741,55766.8,55740.2,55766.2,210,1848240
1790227140000,55766.2,55766.2,55742,55742,30,1848240
1790227170000,55750,55766.2,55750,55766.2,240,1848270
1790227200000,55766.2,55766.2,55766.2,55766.2,0,1848270
1790227230000,55766.2,55770.6,55751.4,55770.6,120,1848420
1790227260000,55790,55803,55790,55803,540,1848420
1790227290000,55790,55796,55779.4,55796,270,1848300
1790227320000,55796,55807,55796,55807,120,1848300
1790227350000,55800,55816,55800,55815.6,180,1848090
1790227380000,55815.6,55818,55814.4,55818,210,1848090
1790227410000,55815,55820,55812.6,55815.2,450,1848210
1790227440000,55815.2,55815.2,55808.8,55812.8,510,1848210
1790227470000,55812,55816.4,55790.2,55816.4,210,1848450
1790227500000,55820,55825,55800,55800,1110,1848450
1790227530000,55822,55828,55802.8,55822,330,1848090
1790227560000,55822,55822,55803,55803,30,1848090
1790227590000,55803,55803,55803,55803,0,1848090
1790227620000,55803,55803,55803,55803,0,1848090
1790227650000,55803,55812.8,55803,55812.2,180,1846830
1790227680000,55812.2,55812.2,55800,55800,180,1846830
1790227710000,55800,55800,55795,55795,60,1847040
1790227740000,55795,55800,55790,55800,210,1847040
1790227770000,55795,55805,55795,55805,180,1846860
1790227800000,55805,55811.8,55790,55790,150,1846860
1790227830000,55813.6,55813.6,55813.6,55813.6,30,1846860
1790227860000,55810,55820,55790.2,55790.2,1590,1846920
1790227890000,55790.2,55790.4,55790,55790,240,1846230
1790227920000,55814.4,55822,55814.4,55822,60,1846230
1790227950000,55822,55822,55810,55810,30,1846230
1790227980000,55810,55822,55810,55822,90,1846230
1790228010000,55822,55825.2,55820,55820,420,1846200
1790228040000,55819.8,55820,55815,55819.8,420,1846200
1790228070000,55818.2,55824,55810,55822.6,240,1846200
1790228100000,55822.6,55822.6,55815,55816.6,150,1846200
1790228130000,55816,55816,55802.4,55802.4,510,1845750
1790228160000,55800,55800.6,55797.2,55797.2,150,1845750
1790228190000,55797.2,55797.2,55790,55790,90,1845840
1790228220000,55790,55800,55779.4,55779.4,390,1845840
1790228250000,55776.8,55800,55776,55796.6,270,1845900
1790228280000,55796.6,55800,55796.6,55800,30,1845900
1790228310000,55800,55800,55780,55780,150,1845930
1790228340000,55780,55790,55780,55780,90,1845930
1790228370000,55780,55786.8,55772.4,55772.6,90,1845510
1790228400000,55772.6,55772.6,55768,55768,150,1845510
1790228430000,55768,55773,55760,55773,510,1845510
1790228460000,55773.8,55773.8,55772.2,55772.2,180,1845510
1790228490000,55772.2,55784.6,55772.2,55784.6,60,1845540
1790228520000,55784.6,55784.6,55784.6,55784.6,30,1845540
1790228550000,55784.6,55784.6,55772.2,55772.2,30,1845570
1790228580000,55772.2,55772.2,55725.6,55733.6,1770,1845570
1790228610000,55733.6,55756.8,55724.2,55756.8,480,1846410
1790228640000,55756.8,55774.8,55745,55750,120,1846410
1790228670000,55762.6,55771.4,55736.4,55771.4,210,1846410
1790228700000,55771.4,55771.4,55771.4,55771.4,0,1846410
1790228730000,55771.4,55775,55770.4,55775,390,1846530
1790228760000,55775,55781.2,55775,55781.2,180,1846530
1790228790000,55781.2,55790,55781.2,55782.8,240,1846500
1790228820000,55782.8,55798,55773.4,55798,510,1846500
1790228850000,55798,55800,55778.6,55778.6,180,1846140
1790228880000,55800,55814,55800,55814,180,1846140
1790228910000,55815,55825,55804,55825,300,1846080
1790228940000,55828,55830,55800,55828.2,750,1846080
1790228970000,55828.2,55828.8,55808,55828.8,180,1846410
1790229000000,55829.6,55837.8,55812.8,55812.8,210,1846410
1790229030000,55812.8,55827.8,55812.8,55827.8,60,1846560
1790229060000,55827.8,55827.8,55812.8,55812.8,180,1846560
1790229090000,55812.8,55812.8,55812.8,55812.8,120,1846560
1790229120000,55826.8,55827.2,55800,55800,330,1846650
1790229150000,55800,55810.4,55800,55810,120,1846650
1790229180000,55810,55810,55808,55810,120,1846680
1790229210000,55810,55810.8,55800,55810.8,210,1846710
1790229240000,55800,55800,55770,55770,270,1846710
1790229270000,55770,55799.2,55766.6,55766.6,390,1846650
1790229300000,55790,55790,55760,55789.6,180,1846650
1790229330000,55755.2,55755.2,55755.2,55755.2,30,1846650
1790229360000,55755.2,55775,55755.2,55763.2,90,1846740
1790229390000,55755,55770.8,55755,55770.8,210,1846650
1790229420000,55770.8,55785.2,55761,55785.2,60,1846650
1790229450000,55785.2,55785.2,55761.6,55761.6,90,1846620
1790229480000,55761.6,55785,55761.6,55763.4,180,1846620
1790229510000,55763.4,55763.4,55763.4,55763.4,30,1846620
1790229540000,55763,55763,55763,55763,90,1846680
1790229570000,55763,55763,55763,55763,60,1846680
1790229600000,55763,55763,55761,55761,270,1846650
1790229630000,55761,55761,55761,55761,0,1846650
1790229660000,55761,55761,55761,55761,90,1845540
1790229690000,55761,55778.6,55761,55778.6,120,1845570
1790229720000,55778.6,55778.6,55761,55770,90,1845570
1790229750000,55770,55770,55750,55750,180,1845570
1790229780000,55750,55750,55740,55740,300,1845720
1790229810000,55759.6,55772.2,55759.6,55772.2,90,1845840
1790229840000,55749,55749,55745.8,55745.8,420,1845840
1790229870000,55771.2,55771.2,55771.2,55771.2,60,1845570
1790229900000,55766.2,55766.2,55740,55740.2,1260,1845570
1790229930000,55769.2,55769.2,55769.2,55769.2,60,1845540
1790229960000,55769.2,55769.2,55769.2,55769.2,90,1845540
1790229990000,55754.6,55757.8,55754.6,55757.8,150,1845630
1790230020000,55769.4,55770,55769.4,55770,210,1845630
1790230050000,55758,55774,55758,55774,120,1845630
1790230080000,55774,55775,55774,55775,90,1845450
1790230110000,55775,55775,55771.6,55775,60,1844370
1790230140000,55775,55790,55775,55790,60,1844370
1790230170000,55790,55790,55790,55790,0,1844370
1790230200000,55776.6,55777,55776.6,55777,150,1844190
1790230230000,55777,55777,55777,55777,60,1844160
1790230260000,55777,55795,55777,55795,120,1844160
1790230290000,55795,55799,55777,55777,180,1844160
1790230320000,55777,55799.8,55765.6,55767.2,330,1844160
1790230350000,55767.2,55767.2,55763,55763,390,1844160
1790230380000,55763,55769.2,55763,55769.2,60,1844040
1790230410000,55769.2,55770,55769.2,55770,60,1843980
1790230440000,55770,55789,55759.2,55759.2,120,1843980
1790230470000,55762.2,55762.2,55762.2,55762.2,90,1843980
1790230500000,55762.2,55789.8,55762.2,55789.8,90,1844040
1790230530000,55789.8,55789.8,55768.2,55768.2,180,1844040
1790230560000,55768.2,55789.2,55768.2,55772.8,150,1843890
1790230590000,55772.8,55789.2,55772.8,55789.2,30,1843890
1790230620000,55789.2,55789.2,55780,55780,30,1843770
1790230650000,55780,55781,55780,55781,60,1843740
1790230680000,55780,55780,55757.2,55757.2,660,1843740
1790230710000,55757.2,55771.4,55757.2,55771.4,90,1843740
1790230740000,55771.4,55771.4,55767.4,55767.4,90,1843740
1790230770000,55767.4,55770,55767.4,55770,30,1843740
1790230800000,55770,55770,55770,55770,60,1843710
1790230830000,55770,55779.8,55770,55779.8,90,1843710
1790230860000,55779.8,55779.8,55770,55770,120,1843710
1790230890000,55780,55780,55780,55780,60,1843710
1790230920000,55780,55780,55780,55780,90,1843770
1790230950000,55780,55780,55760,55760,90,1843740
1790230980000,55780,55780,55780,55780,60,1843740
1790231010000,55767,55767,55760.2,55760.2,60,1843740
1790231040000,55760.2,55760.2,55760.2,55760.2,60,1843800
1790231070000,55760.2,55760.2,55760.2,55760.2,0,1843800
1790231100000,55760.2,55770,55760.2,55770,60,1843800
1790231130000,55770,55770,55770,55770,30,1843800
1790231160000,55760.2,55760.2,55743,55754.8,1380,1843830
1790231190000,55754.8,55754.8,55754.8,55754.8,30,1843830
1790231220000,55754.8,55769,55740,55769,240,1842870
1790231250000,55769,55769,55740,55740,30,1842870
1790231280000,55740,55765,55740,55765,90,1842870
1790231310000,55765,55769,55754,55754,180,1842870
1790231340000,55754,55754,55754,55754,60,1842720
1790231370000,55754,55773.2,55753.2,55753.2,300,1842720
1790231400000,55753.2,55754,55752.8,55754,750,1842540
1790231430000,55777.4,55778.2,55754,55754.6,180,1842540
1790231460000,55754.6,55754.6,55754.6,55754.6,0,1842540
1790231490000,55754.6,55785,55754.6,55785,30,1842000
1790231520000,55787,55800,55775.8,55800,420,1842000
1790231550000,55789.2,55789.2,55789.2,55789.2,60,1842000
1790231580000,55789.2,55798.6,55789.2,55798.6,30,1841940
1790231610000,55798.6,55798.6,55798.6,55798.6,0,1841940
1790231640000,55798.6,55798.6,55785,55785,90,1841880
1790231670000,55785,55785,55758.6,55758.6,90,1841880
1790231700000,55761.6,55761.6,55758.4,55758.4,300,1842030
1790231730000,55789.8,55789.8,55762,55762.2,990,1842030
1790231760000,55762.2,55790,55762.2,55764,750,1842660
1790231790000,55764,55764,55764,55764,330,1842660
1790231820000,55764,55789,55764,55789,30,1843230
1790231850000,55789,55789,55789,55789,30,1843230
1790231880000,55789,55789,55780,55780,90,1843200
1790231910000,55780,55780,55780,55780,90,1843200
1790231940000,55786.4,55786.8,55786.4,55786.8,150,1843290
1790231970000,55786.8,55787,55786.8,55787,30,1843290
1790232000000,55787,55789,55787,55789,60,1843410
1790232030000,55789,55795.8,55789,55789,150,1843410
1790232060000,55789,55798,55784.6,55798,60,1843470
1790232090000,55798,55798,55798,55798,210,1843470
1790232120000,55798,55799,55784.4,55798.6,390,1843140
1790232150000,55798.6,55798.6,55798.6,55798.6,30,1843140
1790232180000,55798.6,55798.6,55778,55778,60,1843170
1790232210000,55778,55778,55775,55775,30,1843170
1790232240000,55790.2,55791.4,55775,55775,390,1843200
1790232270000,55775,55775,55775,55775,570,1843200
1790232300000,55775,55775,55775,55775,0,1843200
1790232330000,55775,55775,55757.6,55757.6,150,1842990
1790232360000,55759.2,55759.2,55755,55755,240,1842900
1790232390000,55755,55755,55755,55755,0,1842900
1790232420000,55755,55782.6,55755,55782.6,150,1842990
1790232450000,55782.6,55782.6,55782.6,55782.6,0,1842990
1790232480000,55782.6,55782.6,55782.6,55782.6,30,1842990
1790232510000,55757,55782.6,55757,55782.6,120,1842990
1790232540000,55782.6,55782.6,55762.2,55762.2,30,1842900
1790232570000,55762.2,55762.2,55762.2,55762.2,30,1842900
1790232600000,55783,55790,55783,55790,150,1842900
1790232630000,55790,55790,55790,55790,60,1842900
1790232660000,55790,55790,55779.4,55779.4,120,1842840
1790232690000,55779.4,55779.4,55779.4,55779.4,0,1842840
1790232720000,55779.4,55779.4,55779.4,55779.4,30,1842840
1790232750000,55779.4,55779.4,55779.4,55779.4,0,1842840
1790232780000,55765.8,55765.8,55761.2,55761.2,60,1842840
1790232810000,55761.2,55785.4,55761.2,55785.4,60,1842840
1790232840000,55785.4,55785.4,55785.4,55785.4,0,1842840
1790232870000,55785.4,55785.4,55785.4,55785.4,60,1842810
1790232900000,55762.2,55785.4,55762.2,55775,180,1842840
1790232930000,55775,55775,55750,55750,720,1842840
1790232960000,55750,55760,55745,55745,930,1842780
1790232990000,55745,55750.8,55742.6,55750.8,1770,1842780
1790233020000,55754,55760,55750,55760,1380,1842600
1790233050000,55760,55775,55757.2,55758.4,1050,1842600
1790233080000,55775,55775,55766.8,55766.8,270,1842600
1790233110000,55785,55790,55772.6,55790,270,1842540
1790233140000,55790,55790,55790,55790,0,1842540
1790233170000,55790,55794.8,55776,55794.8,60,1842450
1790233200000,55794.8,55794.8,55781.4,55781.4,30,1842450
1790233230000,55781.4,55794,55780,55794,210,1842450
1790233260000,55794,55799,55790.2,55799,510,1842420
1790233290000,55799,55799,55770,55770,210,1842420
1790233320000,55770,55778.8,55750.8,55750.8,90,1842180
1790233350000,55750.8,55761.2,55750.8,55761.2,60,1842180
1790233380000,55761.2,55779.2,55752.6,55779.2,150,1842240
1790233410000,55770,55770,55770,55770,30,1842240
1790233440000,55752,55770,55752,55753.4,120,1842360
1790233470000,55753.4,55758.4,55753.4,55758.4,120,1842360
1790233500000,55758.4,55770,55758.4,55769.8,210,1842360
1790233530000,55752.6,55783.6,55751.4,55783.6,180,1842360
1790233560000,55750,55755,55740,55755,210,1842450
1790233590000,55756.2,55770,55755.2,55770,90,1842450
1790233620000,55770.8,55771,55770.8,55771,120,1842450
1790233650000,55771,55771,55750,55751.2,570,1842450
1790233680000,55751.6,55770,55751.6,55770,300,1842630
1790233710000,55770,55785,55770,55771.4,570,1842630
1790233740000,55771.4,55775,55771.4,55775,30,1842480
1790233770000,55795,55795,55795,55795,60,1842480
1790233800000,55795,55795,55775,55775,60,1842480
1790233830000,55775,55775,55775,55775,0,1842480
1790233860000,55792,55800,55788.2,55788.2,630,1842510
1790233890000,55788.2,55788.2,55788.2,55788.2,60,1842510
1790233920000,55811.2,55811.2,55788,55788,300,1842360
1790233950000,55788,55809.4,55779.6,55784.4,150,1842360
1790233980000,55784.4,55808.2,55784.4,55803.8,150,1842390
1790234010000,55777.4,55777.4,55777.4,55777.4,60,1842390
1790234040000,55777.4,55797.8,55777.4,55797.8,30,1842060
1790234070000,55797.8,55797.8,55797.8,55797.8,0,1842060
1790234100000,55797.8,55797.8,55780,55780,30,1842060
1790234130000,55780,55780,55780,55780,0,1842060
1790234160000,55780,55780,55776,55776,450,1842060
1790234190000,55776,55786,55776,55776,240,1842060
1790234220000,55776,55776,55776,55776,0,1842060
1790234250000,55776,55776,55776,55776,30,1842090
1790234280000,55776,55776,55763.6,55773.8,270,1842030
1790234310000,55773.8,55773.8,55760.4,55760.4,60,1842030
1790234340000,55760.4,55763.4,55758.2,55758.2,90,1842030
1790234370000,55758.2,55758.8,55758,55758.8,240,1842030
1790234400000,55758.8,55780,55758.8,55780,180,1842030
1790234430000,55780,55795,55772,55772,60,1842030
1790234460000,55772,55772,55768.8,55768.8,60,1842030
1790234490000,55768.8,55791.8,55768.8,55791.8,30,1842030
1790234520000,55791.8,55791.8,55764.8,55764.8,60,1842060
1790234550000,55794.8,55794.8,55767.2,55767.2,150,1842060
1790234580000,55767.2,55767.2,55767.2,55767.2,0,1842060
1790234610000,55767.2,55771.2,55767.2,55771.2,60,1842030
1790234640000,55771.2,55771.2,55770,55770,30,1842030
1790234670000,55770,55770,55770,55770,90,1842090
1790234700000,55770,55770,55770,55770,30,1842090
1790234730000,55770,55770,55750,55750,240,1842000
1790234760000,55769.6,55769.6,55752.8,55763,120,1842030
1790234790000,55763,55763,55763,55763,0,1842030
1790234820000,55780,55780,55756.8,55757.2,180,1842000
1790234850000,55757.2,55780,55757.2,55780,30,1842000
1790234880000,55780,55781.2,55761.8,55781.2,810,1841760
1790234910000,55781.2,55792,55760.4,55760.4,840,1841760
1790234940000,55760.4,55760.4,55760.4,55760.4,0,1841760
1790234970000,55760.4,55784.8,55759,55759.8,720,1841940
1790235000000,55759.8,55788.8,55757.8,55788.8,1470,1841820
1790235030000,55794.8,55794.8,55760,55760,540,1841820
1790235060000,55760,55768.2,55760,55768.2,210,1841820
1790235090000,55768.2,55788,55768.2,55788,150,1841820
1790235120000,55788,55788,55788,55788,30,1841820
1790235150000,55788,55790,55788,55790,60,1841730
1790235180000,55790,55800,55790,55800,330,1841700
1790235210000,55790.4,55820,55790.4,55820,180,1841700
1790235240000,55820,55820,55788,55800,180,1841430
1790235270000,55800,55820,55794.6,55794.6,390,1841430
1790235300000,55794.6,55818,55794.6,55818,210,1841160
1790235330000,55800,55818,55784.8,55785.6,210,1841160
1790235360000,55785.6,55800,55780,55800,840,1841310
1790235390000,55800,55800,55780.2,55800,510,1841310
1790235420000,55800,55802.8,55782.8,55802.8,180,1841310
1790235450000,55786.4,55814.2,55786.4,55787.6,210,1841580
1790235480000,55787.6,55787.6,55787.6,55787.6,30,1841580
1790235510000,55787.6,55800,55787.6,55800,30,1841520
1790235540000,55800,55800,55800,55800,60,1841520
1790235570000,55810,55810,55810,55810,60,1841490
1790235600000,55810,55810,55810,55810,30,1841490
1790235630000,55810,55810,55787.6,55787.6,90,1841490
1790235660000,55787.6,55787.6,55787.6,55787.6,30,1841490
1790235690000,55787.6,55787.6,55787,55787,60,1841580
1790235720000,55787,55801,55787,55800.8,210,1841610
1790235750000,55800.8,55800.8,55772.8,55790,480,1841610
1790235780000,55790,55810,55786.4,55786.4,210,1841550
1790235810000,55786.4,55810,55786.4,55810,180,1841550
1790235840000,55810,55817.6,55808.6,55817.6,120,1841550
1790235870000,55818,55818,55798.4,55817,180,1841520
1790235900000,55817,55817,55801.2,55801.2,570,1841760
1790235930000,55801.2,55819,55801.2,55809.2,360,1841760
1790235960000,55809.2,55810,55809.2,55810,120,1842240
1790235990000,55810,55810,55803.8,55803.8,120,1842240
1790236020000,55803.8,55803.8,55803.8,55803.8,90,1842300
1790236050000,55803.8,55819,55793,55793,60,1842300
1790236080000,55793,55793,55793,55793,60,1842300
1790236110000,55793,55793,55793,55793,0,1842300
1790236140000,55793,55810,55793,55801,120,1842390
1790236170000,55801,55801,55800,55800,120,1842420
1790236200000,55800,55800,55774.2,55774.2,630,1842420
1790236230000,55774.2,55800,55774.2,55785.6,240,1842810
1790236260000,55785.6,55800,55785.6,55800,90,1842810
1790236290000,55786.2,55786.6,55785.4,55785.4,90,1843080
1790236320000,55785.4,55785.4,55785.4,55785.4,0,1843080
1790236350000,55806.6,55806.6,55785,55785,120,1843110
1790236380000,55785,55805,55785,55805,60,1843050
1790236410000,55805,55811.6,55777.2,55777.2,150,1843050
1790236440000,55777.2,55778.2,55777.2,55778.2,30,1843050
1790236470000,55778.2,55803.4,55778.2,55803.4,30,1843020
1790236500000,55803.4,55803.4,55803.4,55803.4,150,1843020
1790236530000,55803.2,55803.2,55770,55794.4,360,1843200
1790236560000,55760.4,55794.2,55760.4,55794.2,150,1843200
1790236590000,55794.2,55794.2,55731,55731,540,1843350
1790236620000,55721,55755.2,55720,55730.2,2220,1843560
1790236650000,55730.2,55730.2,55686.6,55703.6,8280,1843560
1790236680000,55703.6,55730,55697.6,55704.2,660,1843260
1790236710000,55702,55731.2,55702,55712.8,240,1843260
1790236740000,55712.8,55745.4,55706.6,55743.8,390,1843230
1790236770000,55743.8,55743.8,55719.8,55719.8,90,1843230
1790236800000,55719.8,55740,55719.8,55740,240,1843230
1790236830000,55740,55743.8,55740,55740,8040,1843230
1790236860000,55740,55740,55724,55730,450,1843230
1790236890000,55730,55759,55730,55739.2,420,1851150
1790236920000,55739.2,55768,55739.2,55768,150,1850970
1790236950000,55768,55768,55766.4,55766.4,120,1850970
1790236980000,55750,55763.2,55740,55740,240,1850910
1790237010000,55740,55740,55740,55740,30,1850910
1790237040000,55740,55740,55740,55740,1080,1850910
1790237070000,55740,55755,55740,55740,240,1850910
1790237100000,55740,55741,55729.8,55729.8,180,1850910
1790237130000,55729.8,55729.8,55720,55720,360,1851870
1790237160000,55720,55720,55719,55719,150,1851990
1790237190000,55719,55719,55717.2,55718.6,300,1851990
1790237220000,55718.6,55740,55718.6,55740,450,1851060
1790237250000,55740,55740,55740,55740,120,1851060
1790237280000,55740,55740,55740,55740,150,1851060
1790237310000,55740,55740,55711.2,55711.2,360,1850460
1790237340000,55711.2,55711.2,55711,55711,90,1850460
1790237370000,55711,55729,55711,55729,180,1850430
1790237400000,55729,55729,55708,55708,180,1850430
1790237430000,55708,55728,55688.4,55728,930,1850520
1790237460000,55728,55729,55700.6,55729,570,1851300
1790237490000,55700.2,55727,55698,55700.4,450,1851300
1790237520000,55700.4,55720,55700.4,55706.6,480,1851570
1790237550000,55705.2,55722.4,55702,55722.4,480,1851570
1790237580000,55722.4,55722.4,55701,55702,120,1850940
1790237610000,55702,55714.6,55635,55649.2,3660,1850940
1790237640000,55640.8,55650,55560,55565,6450,1850250
1790237670000,55560.2,55615.2,55545,55587.8,4410,1850250
1790237700000,55607.6,55628.6,55574,55597,1560,1852080
1790237730000,55589,55596.6,55532,55532,2010,1852080
1790237760000,55521.2,55539.2,55480,55497.4,3330,1853460
1790237790000,55490,55503.8,55476.4,55501.8,2760,1853460
1790237820000,55507.2,55550,55500,55525,3030,1853880
1790237850000,55530.6,55568.6,55530.6,55559.4,1950,1853880
1790237880000,55540,55543.8,55527.2,55535.4,630,1854360
1790237910000,55540,55550,55517.2,55550,1560,1854360
1790237940000,55540,55551,55540,55551,1020,1854360
1790237970000,55571.4,55588,55571.4,55588,570,1854510
1790238000000,55588,55610,55575,55610,600,1854510
1790238030000,55600,55610,55590.4,55590.4,570,1854750
1790238060000,55590.4,55590.4,55560.4,55560.4,870,1854750
1790238090000,55555,55556.6,55548.4,55556.6,540,1855470
1790238120000,55556.6,55556.6,55517,55527.6,600,1855470
1790238150000,55532.2,55560,55532.2,55556.6,960,1855590
1790238180000,55556.6,55556.6,55540.2,55550,450,1855590
1790238210000,55550,55565.2,55545,55545,210,1855200
1790238240000,55545,55556.4,55535,55535,150,1855200
1790238270000,55525.6,55529.4,55499,55500,4320,1855260
1790238300000,55500,55542.6,55499.4,55507.4,390,1855260
1790238330000,55507.4,55545.2,55507.4,55523.4,780,1853640
1790238360000,55521.4,55544.4,55512,55512,240,1853640
1790238390000,55514.4,55514.4,55509.4,55509.8,180,1853430
1790238420000,55520,55520,55505,55505,60,1853430
1790238450000,55505,55520,55502.2,55502.2,300,1853520
1790238480000,55500,55500.2,55487,55500.2,960,1853520
1790238510000,55488,55499.8,55451,55463,1230,1853520
1790238540000,55450,55488,55445.2,55488,1590,1853520
1790238570000,55488,55494,55488,55488,240,1853250
1790238600000,55490,55520,55488,55520,1200,1853250
1790238630000,55520,55550,55520,55550,1560,1853340
1790238660000,55550,55579.8,55550,55579.8,870,1853340
1790238690000,55577.6,55588,55550.2,55560,420,1852860
1790238720000,55580,55588,55551.8,55554.6,720,1852860
1790238750000,55559.8,55604.6,55559.8,55604.6,1020,1852500
1790238780000,55604.6,55623,55581.4,55600,960,1852500
1790238810000,55610,55614.6,55580,55591.8,1260,1851330
1790238840000,55591.8,55616,55591.8,55616,990,1851330
1790238870000,55598.2,55608.8,55528,55539.4,1590,1850610
1790238900000,55539.4,55587.4,55530,55554,780,1850610
1790238930000,55590.2,55590.2,55543,55547.2,8610,1851750
1790238960000,55581.8,55581.8,55528,55528,390,1851750
1790238990000,55528,55550.8,55528,55550.8,150,1851510
1790239020000,55549.4,55558.2,55525,55540,1530,1851510
1790239050000,55540,55540,55520.2,55540,270,1852140
1790239080000,55533.4,55578,55533.4,55572.6,480,1852140
1790239110000,55572.6,55572.6,55551.2,55572.6,480,1851630
1790239140000,55572.6,55572.6,55567,55572.4,150,1851630
1790239170000,55588,55600,55588,55600,990,1851750
1790239200000,55560,55600,55560,55563.2,1050,1851750
1790239230000,55565.2,55594.4,55565.2,55570,120,1852530
1790239260000,55570,55570,55560,55560,360,1852530
1790239290000,55552,55570,55552,55570,240,1852530
1790239320000,55570,55570,55545.8,55570,210,1852530
1790239350000,55555.6,55570,55551.8,55570,210,1852590
1790239380000,55570,55570,55561.8,55570,150,1852590
1790239410000,55570,55583.2,55570,55583.2,180,1852650
1790239440000,55583.2,55583.2,55574.2,55580,90,1852650
1790239470000,55580,55588,55580,55588,90,1852590
1790239500000,55590,55602.2,55573.4,55573.4,810,1852590
1790239530000,55573.4,55588,55573.4,55582.8,450,1852470
1790239560000,55582.8,55587.8,55582.8,55587.8,60,1852470
1790239590000,55587.8,55587.8,55587,55587,90,1851480
1790239620000,55591,55591,55568.2,55568.2,120,1851480
1790239650000,55568.2,55591,55568.2,55591,30,1850910
1790239680000,55591,55591,55591,55591,90,1850910
1790239710000,55591,55591,55580.8,55591,120,1850670
1790239740000,55591,55591,55554.8,55554.8,240,1850670
1790239770000,55554.8,55572.2,55554.8,55572.2,30,1850730
1790239800000,55572.2,55572.2,55572.2,55572.2,60,1850730
1790239830000,55572.2,55591.4,55572.2,55591.4,150,1850760
1790239860000,55591.4,55591.4,55561.4,55561.4,180,1850760
1790239890000,55561.4,55578.8,55555,55578.8,90,1850250
1790239920000,55573.4,55585.6,55550.2,55553,360,1850250
1790239950000,55582,55583,55550,55554.2,240,1850430
1790239980000,55557.4,55563.2,55515,55515,840,1850430
1790240010000,55535,55535,55510,55510,270,1845720
1790240040000,55510,55550.6,55510,55521.2,240,1845720
1790240070000,55510,55550,55507,55528.8,270,1845690
1790240100000,55528.8,55550,55528.8,55550,360,1845690
1790240130000,55550,55550.8,55541,55543.6,300,1845480
1790240160000,55548.8,55548.8,55528.8,55528.8,600,1845480
1790240190000,55557.4,55557.6,55528.8,55530.8,180,1845360
1790240220000,55530.8,55555,55530.8,55555,90,1845360
1790240250000,55555,55555,55553.2,55553.2,120,1845330
1790240280000,55553.2,55585,55543,55585,270,1845330
1790240310000,55588,55588,55559,55565.4,420,1845330
1790240340000,55565.4,55565.4,55565.4,55565.4,30,1845330
1790240370000,55565.4,55565.4,55540.2,55555,90,1845330
1790240400000,55555,55555,55545,55545,60,1845360
1790240430000,55545,55565,55545,55550,180,1845360
1790240460000,55550,55555.8,55550,55555.8,60,1845360
1790240490000,55565,55585,55565,55570,330,1845360
1790240520000,55570,55570,55570,55570,0,1845360
1790240550000,55570,55594.4,55570,55587.6,810,1845390
1790240580000,55583.6,55583.6,55570,55570,120,1845390
1790240610000,55570.2,55590.8,55553.8,55590.8,480,1844970
1790240640000,55590.8,55590.8,55590.8,55590.8,30,1844970
1790240670000,55590.8,55590.8,55553.8,55566.6,90,1844940
1790240700000,55566.6,55580,55566.6,55580,180,1844940
1790240730000,55580,55590,55580,55590,90,1844970
1790240760000,55590,55594.8,55590,55594.8,330,1844970
1790240790000,55590,55637.8,55590,55637.8,630,1845060
1790240820000,55625,55649,55625,55649,660,1845060
1790240850000,55649,55649,55615.6,55615.6,90,1845000
1790240880000,55615.6,55678,55615.6,55650.6,1410,1845000
1790240910000,55650.2,55670,55645,55669.4,390,1844850
1790240940000,55622.4,55664,55622.4,55660,750,1844850
1790240970000,55665.8,55671,55645,55671,450,1844700
1790241000000,55671,55690,55670,55689.8,780,1844700
1790241030000,55689,55689,55671.2,55671.2,420,1844550
1790241060000,55671.2,55671.2,55645,55645,150,1844550
1790241090000,55645,55674,55645,55674,60,1844520
1790241120000,55674,55683.4,55646.4,55646.4,780,1844520
1790241150000,55645,55668.6,55629.6,55668.6,690,1844550
1790241180000,55668.6,55678,55668.6,55678,60,1844550
1790241210000,55678,55678,55678,55678,30,1844550
1790241240000,55678,55678,55676,55676,90,1844400
1790241270000,55633,55674.2,55633,55674.2,420,1844280
1790241300000,55673.6,55674,55666.4,55670.6,390,1844280
1790241330000,55670.6,55670.8,55657.8,55670.8,240,1844220
1790241360000,55674,55687.4,55674,55687.4,690,1844220
1790241390000,55687.4,55689.6,55678,55678,210,1843920
1790241420000,55678,55678,55648.8,55665,180,1843920
1790241450000,55668.2,55675.4,55668.2,55670,480,1843770
1790241480000,55668.2,55675.4,55667.6,55667.6,660,1843770
1790241510000,55667.6,55675,55667.6,55675,120,1843740
1790241540000,55675,55675,55670,55670,30,1843740
1790241570000,55670,55674,55670,55674,240,1843650
1790241600000,55674,55680,55674,55680,570,1843650
1790241630000,55690,55699,55690,55699,1020,1842570
1790241660000,55699,55700,55697.6,55700,1140,1842570
1790241690000,55701,55720,55701,55708.4,270,1842720
1790241720000,55708.4,55720,55708,55720,420,1842720
1790241750000,55720,55720,55720,55720,210,1842960
1790241780000,55720,55720,55710,55710,60,1842960
1790241810000,55710,55715.6,55710,55714.4,300,1842930
1790241840000,55714.4,55719.8,55714.4,55719.8,450,1842930
1790241870000,55718.2,55723.6,55718.2,55722.8,750,1842780
1790241900000,55705,55734,55705,55734,660,1842780
1790241930000,55724,55734,55722,55723,330,1841190
1790241960000,55723,55735,55723,55733.4,540,1841190
1790241990000,55733,55733.4,55726,55726,120,1841190
1790242020000,55726,55726,55689.6,55693.6,330,1840980
1790242050000,55693.6,55699.8,55693.6,55699.8,510,1840950
1790242080000,55699.8,55699.8,55683.4,55683.4,150,1840950
1790242110000,55689,55690,55688.2,55689,600,1840440
1790242140000,55689,55689,55688.8,55688.8,240,1840440
1790242170000,55688.8,55688.8,55650,55650.8,450,1840620
1790242200000,55669.8,55688.8,55655.4,55655.4,240,1840620
1790242230000,55655.4,55678.2,55648,55678.2,810,1840500
1790242260000,55637.6,55670,55637.6,55670,270,1840500
1790242290000,55667.6,55688.8,55666.8,55683,180,1840410
1790242320000,55668.4,55678.4,55667.2,55678.4,90,1840410
1790242350000,55678.4,55710,55678.4,55704.4,840,1840410
1790242380000,55704.4,55710,55687.4,55692.4,480,1840410
1790242410000,55692.4,55693,55685.6,55685.6,90,1840200
1790242440000,55685.6,55710.4,55685.6,55709.4,630,1840200
1790242470000,55709.4,55716.4,55707.8,55707.8,930,1840230
1790242500000,55707.8,55715,55686.4,55686.4,240,1840230
1790242530000,55686.4,55689.6,55664.8,55665.2,180,1840260
1790242560000,55665.2,55690.2,55664.8,55680,330,1840260
1790242590000,55680,55689.4,55656,55661.6,570,1840260
1790242620000,55667.8,55680,55660.2,55660.2,420,1840290
1790242650000,55660,55660,55650,55654,210,1840290
1790242680000,55668.2,55690,55636,55650,330,1840320
1790242710000,55629,55658.4,55629,55631.8,120,1840320
1790242740000,55632.4,55655,55632.4,55653.4,240,1840290
1790242770000,55652.4,55670,55650.2,55670,690,1840290
1790242800000,55670,55670,55665.2,55665.2,240,1840890
1790242830000,55665.2,55665.2,55665.2,55665.2,60,1840890
1790242860000,55625,55655.2,55625,55643.8,150,1840920
1790242890000,55655,55655.2,55647,55650,510,1840800
1790242920000,55651.4,55658,55630,55658,510,1840800
1790242950000,55658,55658,55608,55650,360,1840290
1790242980000,55650,55660,55649.8,55649.8,330,1840290
1790243010000,55631,55631,55602,55602,90,1840290
1790243040000,55610,55610,55600,55600,630,1840140
1790243070000,55600,55623.8,55594,55600,300,1839900
1790243100000,55600,55600,55594,55594,420,1839900
1790243130000,55594,55595.8,55575.2,55576,180,1839900
1790243160000,55576,55576,55569.8,55572,750,1839510
1790243190000,55572,55600,55567.6,55571.2,3900,1838610
1790243220000,55574.2,55575.6,55574.2,55575.6,90,1838610
1790243250000,55580.8,55599.2,55580.8,55588,420,1838490
1790243280000,55587.2,55610,55587.2,55598,1080,1838490
1790243310000,55624,55624,55609.2,55611.4,120,1838490
1790243340000,55611.4,55628.4,55611.4,55628.4,900,1837830
1790243370000,55628.4,55630,55622.4,55624.8,120,1837830
1790243400000,55620,55628.2,55610,55610,150,1837470
1790243430000,55610,55617,55610,55617,30,1837470
1790243460000,55617,55617,55600,55600,60,1837410
1790243490000,55605.6,55625,55602.4,55602.4,240,1837410
1790243520000,55602.8,55625,55602.8,55614.4,300,1837440
1790243550000,55611.2,55638.2,55611.2,55620.8,660,1837440
1790243580000,55620.8,55624,55620.8,55624,330,1837200
1790243610000,55622,55622,55608.2,55622,810,1837200
1790243640000,55622,55625.2,55609.2,55625.2,1620,1837200
1790243670000,55638.4,55642,55627.8,55642,690,1837020
1790243700000,55647,55658,55639.2,55658,660,1837020
1790243730000,55658,55669.4,55658,55669.4,210,1837020
1790243760000,55672,55698,55672,55673,1410,1836420
1790243790000,55673,55693,55649.4,55649.4,630,1836420
1790243820000,55649.4,55680,55648.6,55656.2,480,1835730
1790243850000,55652.6,55652.6,55649,55649,90,1835730
1790243880000,55649,55679,55649,55652,240,1835880
1790243910000,55675,55679.8,55647,55647,450,1835880
1790243940000,55647,55671.6,55641.8,55671.6,330,1835790
1790243970000,55668,55668,55632.6,55634.2,750,1835790
1790244000000,55657.4,55661.2,55625.2,55625.2,1470,1835850
1790244030000,55625.2,55650,55625.2,55630,180,1835850
1790244060000,55630,55630,55625,55625,120,1834800
1790244090000,55625,55625,55605.8,55605.8,210,1834800
1790244120000,55605,55615,55601.6,55613.8,450,1834470
1790244150000,55620.6,55625.8,55620.6,55625.8,90,1834470
1790244180000,55618,55629,55616,55616.6,930,1834560
1790244210000,55625,55629,55610.8,55610.8,180,1834560
1790244240000,55629,55630,55604,55630,390,1834110
1790244270000,55610.2,55630,55606,55630,690,1834110
1790244300000,55628.4,55629.8,55609.4,55610.2,570,1833870
1790244330000,55630,55630,55611.6,55620,300,1833870
1790244360000,55611,55620,55581.2,55581.2,600,1833750
1790244390000,55600,55600,55584.4,55584.8,270,1833750
1790244420000,55585.4,55600,55585,55598,420,1833630
1790244450000,55590,55598,55586.2,55590,390,1833630
1790244480000,55590,55597,55583.6,55585,720,1832970
1790244510000,55590,55590,55581,55589,660,1832970
1790244540000,55589,55599,55578.4,55598.2,1080,1832430
1790244570000,55590,55597,55562.8,55563.2,1770,1832430
1790307900000,55650,55718.6,55542.4,55700,2190,1772730
1790307930000,55717,55769,55686,55757.4,1770,1772730
1790307960000,55790,55800,55760,55762.8,3930,1771950
1790307990000,55765,55780.2,55735.4,55780,1110,1771950
1790308020000,55780,55780,55750.6,55769.4,5340,1767600
1790308050000,55750.2,55789.6,55750.2,55789.6,1290,1767600
1790308080000,55790,55794.8,55753,55753,1590,1767300
1790308110000,55747.8,55770,55727.4,55770,1110,1767300
1790308140000,55770,55770,55740,55768.2,870,1766850
1790308170000,55741,55765,55740,55740,240,1766850
1790308200000,55740,55740,55714.2,55716.4,930,1766730
1790308230000,55713,55725.2,55710.2,55725.2,510,1766730
1790308260000,55725.2,55749,55708,55723,1410,1766760
1790308290000,55723,55730,55720,55720,870,1766760
1790308320000,55720,55730,55718,55725,450,1767510
1790308350000,55724,55760,55724,55760,660,1767510
1790308380000,55760,55770,55750.6,55760,870,1767240
1790308410000,55760,55760,55729.8,55729.8,1170,1767240
1790308440000,55729.8,55744.4,55710,55710,1440,1768620
1790308470000,55708,55729,55703,55729,2400,1768620
1790308500000,55729,55729.8,55724,55729.8,1020,1768830
1790308530000,55729.4,55739,55723.8,55733,750,1768830
1790308560000,55733,55750,55733,55750,570,1767540
1790308590000,55753.4,55770,55753.4,55766,1170,1767540
1790308620000,55775,55775,55762.6,55762.6,1140,1766700
1790308650000,55770,55775,55755,55775,870,1766700
1790308680000,55775,55775,55750,55750,330,1766520
1790308710000,55750,55763.2,55740,55740,390,1766520
1790308740000,55740,55775,55740,55750,570,1766640
1790308770000,55750,55773.6,55750,55750.2,390,1766640
1790308800000,55773,55773.6,55753,55753,960,1762890
1790308830000,55753,55753,55735,55753,420,1762890
1790308860000,55753,55753,55737.6,55753,420,1763340
1790308890000,55735,55750,55717.6,55721.8,810,1763340
1790308920000,55721.8,55740,55721.8,55740,1500,1763550
1790308950000,55740,55740,55716.8,55716.8,2400,1763550
1790308980000,55716.8,55750,55711,55711,1320,1761570
1790309010000,55711,55720,55708,55708.2,1860,1761570
1790309040000,55708.2,55725.6,55708.2,55720.8,1590,1760790
1790309070000,55720.8,55749.8,55720.8,55740,1650,1760790
1790309100000,55740,55750,55740,55750,3090,1760910
1790309130000,55750,55750,55750,55750,1260,1760910
1790309160000,55750,55750,55740,55750,780,1760970
1790309190000,55750,55750,55730,55730,1920,1760970
1790309220000,55730,55730,55700,55703,2730,1764300
1790309250000,55703,55703,55665,55665,570,1764300
1790309280000,55665,55665,55648,55664.6,990,1763670
1790309310000,55664.6,55664.6,55660,55660,300,1763670
1790309340000,55648,55660,55648,55655.4,300,1763880
1790309370000,55655.4,55681.8,55640,55640,2070,1763880
1790309400000,55640,55650,55600,55600,1170,1764690
1790309430000,55610.2,55632,55600,55614.6,1440,1764690
1790309460000,55630,55631.8,55601.6,55606,630,1764720
1790309490000,55608,55631.8,55607.4,55625,1170,1764720
1790309520000,55625,55632,55625,55630.2,690,1764330
1790309550000,55630.2,55630.2,55602,55602,300,1764330
1790309580000,55602,55608.6,55588,55602.2,600,1760730
1790309610000,55602.2,55602.2,55553,55580,870,1760730
1790309640000,55590,55597.6,55562,55562,780,1760730
1790309670000,55562,55600,55561.2,55600,3750,1760730
1790309700000,55599.8,55602.2,55577.6,55592,750,1760730
1790309730000,55592,55600,55568.8,55568.8,420,1760730
1790309760000,55568.8,55585,55568.8,55585,330,1761030
1790309790000,55585,55585,55570.4,55572.6,240,1761030
1790309820000,55572.6,55599,55572.6,55599,5070,1761720
1790309850000,55605.6,55619.8,55605.6,55609.6,720,1761720
1790309880000,55619.8,55620,55600,55611.6,990,1760220
1790309910000,55611.6,55611.6,55611.6,55611.6,300,1760220
1790309940000,55594.8,55609.8,55594.8,55609.8,270,1760670
1790309970000,55609.8,55609.8,55600,55600,180,1760670
1790310000000,55599.8,55599.8,55571.6,55582.6,1110,1761630
1790310030000,55582.6,55599.8,55574.2,55580,360,1761630
1790310060000,55580,55580,55580,55580,210,1761630
1790310090000,55580,55600,55580,55598.6,480,1761690
1790310120000,55598.6,55615,55580,55580,600,1761810
1790310150000,55578.8,55585.8,55552.8,55553.6,1140,1761810
1790310180000,55551,55564.4,55545,55550,780,1758210
1790310210000,55550,55565,55539,55552,1050,1758210
1790310240000,55552,55585.8,55552,55575.2,600,1758060
1790310270000,55575.2,55600,55575.2,55575.8,300,1758060
1790310300000,55575.8,55575.8,55574.8,55575,630,1758060
1790310330000,55599,55599,55576.6,55592.8,510,1758240
1790310360000,55592.8,55594.8,55575,55586.8,540,1758690
1790310390000,55571,55594.2,55560,55580,930,1758690
1790310420000,55580,55580.6,55580,55580,330,1759110
1790310450000,55565.2,55575,55564,55565,750,1759110
1790310480000,55565,55565.2,55565,55565,300,1757010
1790310510000,55565,55570,55563.6,55563.6,510,1757010
1790310540000,55563.6,55600,55563.6,55600,3690,1757220
1790310570000,55600,55610,55590,55610,510,1757220
1790310600000,55610,55610,55606,55606,120,1757220
1790310630000,55600.6,55600.6,55593.8,55600,360,1756380
1790310660000,55600,55625.2,55600,55625.2,420,1756470
1790310690000,55606.2,55621.4,55600,55621,960,1756470
1790310720000,55621,55630,55606.4,55606.4,540,1756470
1790310750000,55606.4,55648,55606.4,55648,300,1756950
1790310780000,55648,55648.8,55620.6,55648.8,300,1756950
1790310810000,55649,55679.8,55625.6,55648,900,1756170
1790310840000,55637.2,55668.8,55637.2,55668.8,660,1756020
1790310870000,55661.6,55675,55650,55655.2,420,1756020
1790310900000,55655.2,55665,55650.8,55656.8,30840,1786470
1790310930000,55670,55670,55652.8,55652.8,1320,1786470
1790310960000,55652.8,55652.8,55648.8,55648.8,510,1786470
1790310990000,55648.8,55676.8,55647,55676.8,570,1785690
1790311020000,55676.8,55677,55656,55676.2,570,1785690
1790311050000,55655.2,55680,55655.2,55680,2610,1785720
1790311080000,55680,55707,55675,55707,1260,1783020
1790311110000,55707,55794.8,55707,55790,7710,1783020
1790311140000,55790,55790.2,55754.8,55768,1830,1783020
1790311170000,55767.2,55790.2,55767.2,55790.2,780,1787010
1790311200000,55794.8,55834,55791.4,55825,4890,1787010
1790311230000,55820,55829,55768.2,55768.2,1260,1786080
1790311260000,55791.4,55799,55780.2,55799,360,1786080
1790311290000,55790,55790,55732,55732,570,1786470
1790311320000,55732,55740,55732,55740,1020,1786470
1790311350000,55740,55780.2,55740,55769,510,1785900
1790311380000,55769,55769,55769,55769,510,1785900
1790311410000,55769,55771.2,55746,55771.2,360,1781490
1790311440000,55740.4,55760,55740.4,55760,420,1781490
1790311470000,55752.2,55752.2,55747,55747,420,1782000
1790311500000,55747,55760,55745.2,55760,1050,1782000
1790311530000,55751.8,55760,55751.8,55757,1290,1755030
1790311560000,55757,55770,55757,55770,480,1755030
1790311590000,55779,55779,55770,55770,840,1755750
1790311620000,55775,55775,55759.8,55759.8,1620,1755750
1790311650000,55759.8,55778.8,55759.8,55778.8,900,1755810
1790311680000,55778.8,55778.8,55755,55755,660,1755810
1790311710000,55750,55753,55716.8,55716.8,840,1754040
1790311740000,55717.8,55741,55717.8,55741,750,1754040
1790311770000,55741,55741,55725,55725,480,1754160
1790311800000,55725,55725,55725,55725,150,1754160
1790311830000,55725,55725,55725,55725,750,1754400
1790311860000,55725,55748,55725,55748,900,1754400
1790311890000,55748,55748,55734.6,55734.6,1590,1754400
1790311920000,55748,55748,55734.6,55734.6,240,1754400
1790311950000,55734.6,55748,55725.8,55725.8,240,1753830
1790311980000,55725.8,55725.8,55725,55725,180,1753830
1790312010000,55725,55741.4,55725,55741.4,210,1751280
1790312040000,55741.4,55741.4,55721,55721,540,1751280
1790312070000,55721,55721,55700,55700,360,1751610
1790312100000,55700,55704.6,55700,55704.4,900,1751610
1790312130000,55704.4,55711,55704.4,55711,390,1752060
1790312160000,55711,55715,55710.8,55715,840,1752060
1790312190000,55706.4,55722.2,55706.4,55722.2,3990,1752390
1790312220000,55722.2,55722.2,55680.6,55680.6,330,1752390
1790312250000,55700,55713.2,55683.2,55713.2,180,1756410
1790312280000,55712.6,55712.6,55683.2,55683.2,540,1756410
1790312310000,55683.2,55683.2,55675.2,55680.2,480,1753260
1790312340000,55680.2,55680.2,55680.2,55680.2,180,1753260
1790312370000,55680.2,55680.2,55680.2,55680.2,210,1753410
1790312400000,55680.2,55700,55680.2,55700,240,1753410
1790312430000,55700,55721,55700,55721,360,1753800
1790312460000,55721,55725,55721,55724.4,390,1753800
1790312490000,55724.4,55724.4,55718.8,55718.8,570,1753950
1790312520000,55718.8,55718.8,55675.2,55675.2,510,1753950
1790312550000,55675.2,55700,55675.2,55680,570,1749870
1790312580000,55680,55681,55680,55681,210,1749870
1790312610000,55681,55681,55681,55681,180,1749000
1790312640000,55690,55690,55690,55690,270,1749000
1790312670000,55690,55702,55672.8,55672.8,480,1749240
1790312700000,55664,55664,55650,55650.2,900,1749240
1790312730000,55650.2,55650.2,55650.2,55650.2,150,1749420
1790312760000,55650.2,55675,55650.2,55675,390,1749420
1790312790000,55675,55675,55675,55675,150,1749750
1790312820000,55675,55675,55675,55675,180,1749750
1790312850000,55675,55675,55674,55674,150,1748580
1790312880000,55674,55674,55665.4,55674,240,1748580
1790312910000,55674,55674,55659,55674,210,1748850
1790312940000,55689.6,55689.6,55675.4,55683.6,570,1748850
1790312970000,55683.6,55691.6,55683.6,55691.6,180,1749000
1790313000000,55691.6,55691.6,55680,55680,180,1749000
1790313030000,55680,55680,55680,55680,180,1749360
1790313060000,55680,55680,55680,55680,60,1749360
1790313090000,55680,55687.2,55680,55681,390,1749540
1790313120000,55681,55681,55675,55675,270,1749540
1790313150000,55675,55675,55675,55675,180,1749990
1790313180000,55675,55675,55665.2,55665.2,330,1749990
1790313210000,55665.2,55665.2,55665.2,55665.2,3450,1749540
1790313240000,55665.2,55665.2,55665.2,55665.2,7710,1749540
1790313270000,55665.2,55675,55650.2,55650.2,4230,1759590
1790313300000,55650.2,55658.6,55650.2,55658.6,510,1759590
1790313330000,55658.6,55670,55650.4,55670,3510,1763310
1790313360000,55670,55670,55670,55670,1680,1763310
1790313390000,55670,55672.4,55670,55672.4,150,1768410
1790313420000,55672.4,55672.4,55660,55660,270,1768410
1790313450000,55660,55660,55650,55650,1350,1767870
1790313480000,55648.2,55648.2,55620.2,55631.2,1290,1767870
1790313510000,55631.2,55668.6,55631,55666,780,1767900
1790313540000,55644.2,55672.2,55644.2,55650,1140,1767900
1790313570000,55650,55670,55650,55670,720,1767750
1790313600000,55670,55670.8,55643.2,55643.2,390,1767750
1790313630000,55643.2,55657,55643.2,55657,360,1767870
1790313660000,55657,55657,55648.4,55648.4,390,1767870
1790313690000,55653,55657.4,55653,55657.4,600,1767840
1790313720000,55657.4,55672,55657.4,55672,570,1767840
1790313750000,55672,55678,55670,55678,390,1764420
1790313780000,55678,55679,55678,55679,420,1764420
1790313810000,55679,55679,55679,55679,6060,1764600
1790313840000,55679,55685,55660.6,55685,210,1764600
1790313870000,55685,55685,55660.6,55660.6,450,1770780
1790313900000,55660.6,55662.2,55660.6,55662.2,1830,1770780
1790313930000,55662.2,55687,55662.2,55680,2820,1771560
1790313960000,55680,55687,55680,55687,240,1771560
1790313990000,55687,55699,55686.4,55686.4,210,1771410
1790314020000,55686.4,55696.8,55686.4,55696.8,330,1771410
1790314050000,55696.8,55696.8,55690,55690,690,1770720
1790314080000,55690,55702.2,55690,55700.4,600,1770720
1790314110000,55700.4,55700.4,55674.8,55674.8,450,1770960
1790314140000,55674.8,55710.4,55674.8,55710.4,750,1770960
1790314170000,55710.4,55710.4,55710.4,55710.4,450,1770960
1790314200000,55710.4,55710.4,55710.4,55710.4,330,1770960
1790314230000,55710.4,55710.4,55705,55705,150,1771020
1790314260000,55708,55723.8,55708,55720,1020,1771020
1790314290000,55720,55730,55710,55730,360,1770930
1790314320000,55730,55735,55703.6,55735,330,1770930
1790314350000,55735,55765,55735,55751.2,1140,1769640
1790314380000,55751.2,55764.8,55747,55764.8,360,1769640
1790314410000,55764.8,55770.8,55755,55755,630,1769940
1790314440000,55755,55755,55745,55745,180,1769940
1790314470000,55730,55740,55730,55740,270,1770120
1790314500000,55755,55760,55755,55760,360,1770120
1790314530000,55760,55768.4,55755,55768.4,510,1770300
1790314560000,55768.4,55768.4,55750.2,55755,300,1770300
1790314590000,55735,55761.2,55725.6,55761.2,300,1770720
1790314620000,55761.2,55761.2,55735.6,55760.6,360,1770720
1790314650000,55750,55770,55750,55769,360,1769880
1790314680000,55769,55769,55750,55750,1770,1769880
1790314710000,55750,55761,55750,55761,540,1770060
1790314740000,55761,55775,55761,55775,510,1770060
1790314770000,55775,55775,55750,55772.8,180,1770510
1790314800000,55772.8,55772.8,55747.2,55747.2,270,1770510
1790314830000,55747.2,55747.2,55744.8,55747,270,1770810
1790314860000,55747,55765,55747,55764.4,210,1770810
1790314890000,55765,55765,55758.8,55758.8,540,1770960
1790314920000,55764.2,55764.2,55751.2,55755,480,1770960
1790314950000,55755,55764.8,55755,55764.8,60,1770570
1790314980000,55764.8,55764.8,55742,55742,270,1770570
1790315010000,55742,55745,55740,55745,210,1770870
1790315040000,55745,55745,55729,55734,360,1770870
1790315070000,55734,55749.8,55734,55739.2,960,1771350
1790315100000,55739.2,55750,55726.6,55726.6,330,1771350
1790315130000,55745,55750,55734.8,55750,4860,1772280
1790315160000,55750,55750,55750,55750,10080,1772280
1790315190000,55750,55750,55750,55750,3000,1788900
1790315220000,55750,55760,55748.2,55759.4,6420,1788900
1790315250000,55751.2,55769.8,55750.2,55753.8,1200,1793460
1790315280000,55753.2,55760,55753.2,55760,480,1793460
1790315310000,55760,55760,55742.4,55742.4,840,1794240
1790315340000,55742.4,55742.4,55742.4,55742.4,840,1794240
1790315370000,55750,55750,55749,55749,450,1794390
1790315400000,55770,55770,55748.2,55748.2,600,1794390
1790315430000,55748.2,55755.2,55748.2,55748.2,1140,1795050
1790315460000,55748.2,55760,55748.2,55756.4,1320,1795050
1790315490000,55756.4,55761,55748,55748,930,1795200
1790315520000,55748,55771.8,55748,55753.8,600,1795200
1790315550000,55753.8,55756.8,55753.8,55756.8,420,1795920
1790315580000,55756.8,55756.8,55745,55745,630,1795920
1790315610000,55745,55745,55739,55739,630,1795890
1790315640000,55739,55744,55739,55744,600,1795890
1790315670000,55744,55744,55725,55725,1920,1796610
1790315700000,55725,55729.4,55725,55729.4,1080,1796610
1790315730000,55729.4,55729.4,55693.2,55700.8,1410,1797450
1790315760000,55703.6,55711.2,55703.6,55707.6,780,1797450
1790315790000,55707.2,55725,55695,55696.4,1200,1798440
1790315820000,55696.6,55704.2,55696.6,55698,1170,1798440
1790315850000,55698,55702,55698,55702,480,1795350
1790315880000,55702,55729,55702,55729,420,1795350
1790315910000,55706.8,55706.8,55706.8,55706.8,420,1796070
1790315940000,55706.8,55706.8,55706.8,55706.8,510,1796070
1790315970000,55706.8,55720,55704,55720,480,1796880
1790316000000,55720,55730,55720,55730,420,1796880
1790316030000,55730,55750,55730,55750,3360,1797840
1790316060000,55750,55753,55744,55744.8,660,1797840
1790316090000,55744.8,55772.8,55744.8,55758,780,1798200
1790316120000,55758,55758,55758,55758,450,1798200
1790316150000,55758,55758,55758,55758,360,1796700
1790316180000,55758,55758,55739.6,55739.6,390,1796700
1790316210000,55739.6,55758,55739.6,55758,360,1797480
1790316240000,55758,55758,55758,55758,420,1797480
1790316270000,55758,55758,55758,55758,390,1798290
1790316300000,55758,55758,55745.6,55745.6,630,1798290
1790316330000,55745.6,55745.6,55745.6,55745.6,1620,1798290
1790316360000,55745.6,55749.8,55726.6,55749.8,1770,1799160
1790316390000,55749.8,55749.8,55749.8,55749.8,330,1800090
1790316420000,55749.8,55749.8,55721.6,55721.6,450,1800090
1790316450000,55712,55748.8,55712,55748.8,630,1799760
1790316480000,55748.8,55748.8,55745,55745,360,1799760
1790316510000,55745,55745,55745,55745,1020,1800540
1790316540000,55745,55749.8,55740,55749.8,1020,1800540
1790316570000,55749.8,55755,55749.8,55755,450,1800600
1790316600000,55755,55760,55751.6,55760,600,1800600
1790316630000,55760,55760,55727.2,55727.2,1380,1802190
1790316660000,55727.2,55727.2,55727.2,55727.2,510,1802190
1790316690000,55727.2,55727.2,55725,55725,1110,1802190
1790316720000,55725,55746.6,55725,55743.2,690,1802640
1790316750000,55743.2,55744.6,55735.8,55744.6,600,1801770
1790316780000,55744.6,55744.6,55732.6,55732.6,510,1801770
1790316810000,55732.6,55744.6,55732.6,55744.6,390,1802400
1790316840000,55732.6,55744.6,55730,55731.2,780,1802400
1790316870000,55731.2,55748.2,55731.2,55748.2,390,1802400
1790316900000,55748.2,55748.2,55729.2,55740,600,1803240
1790316930000,55740,55740,55728.8,55729.6,420,1803240
1790316960000,55729.6,55743.4,55729.6,55743.4,810,1803510
1790316990000,55743.4,55749,55742.4,55743.4,960,1804200
1790317020000,55743.4,55743.4,55743.4,55743.4,630,1804200
1790317050000,55743.4,55743.4,55743.4,55743.4,390,1804200
1790317080000,55731,55731,55731,55731,420,1803450
1790317110000,55731,55743.4,55731,55743.4,300,1803450
1790317140000,55743.4,55743.4,55730,55730,180,1804170
1790317170000,55730,55730,55728.6,55728.6,180,1804170
1790317200000,55728.6,55743.4,55728.6,55741,3180,1804410
1790317230000,55741,55741,55741,55741,150,1804410
1790317260000,55741,55744,55741,55744,360,1806390
1790317290000,55744,55744,55744,55744,240,1806390
1790317320000,55738,55744,55738,55744,780,1806690
1790317350000,55744,55744,55744,55744,1590,1807200
1790317380000,55744,55744,55732.4,55733.6,1230,1807200
1790317410000,55735,55735,55733.2,55733.2,1890,1807200
1790317440000,55733.2,55744,55730.4,55730.4,1170,1808580
1790317470000,55730.4,55744,55730.4,55744,750,1808580
1790317500000,55744,55744,55739.2,55739.2,360,1808820
1790317530000,55739.2,55739.2,55730.4,55730.4,270,1808820
1790317560000,55730,55732.4,55730,55732.4,2880,1809390
1790317590000,55732.4,55732.4,55732.4,55732.4,360,1809390
1790317620000,55726.4,55745.2,55726.4,55728.8,570,1810890
1790317650000,55728.8,55728.8,55728.8,55728.8,2010,1810890
1790317680000,55728.8,55744,55728.8,55744,390,1811280
1790317710000,55744,55744,55744,55744,630,1811280
1790317740000,55744,55744,55727.8,55727.8,450,1811940
1790317770000,55727.8,55731.2,55721.4,55721.4,420,1811940
1790317800000,55721.4,55721.4,55721.4,55721.4,360,1812780
1790317830000,55721.4,55721.4,55721.4,55721.4,300,1812780
1790317860000,55721.4,55721.4,55721.4,55721.4,510,1813440
1790317890000,55721.4,55721.4,55708,55708,510,1813440
1790317920000,55708,55708,55705.8,55705.8,360,1814070
1790317950000,55716,55716,55716,55716,360,1814070
1790317980000,55702.2,55702.2,55681.6,55681.6,1530,1814970
1790318010000,55681.6,55687.8,55680,55680,1020,1814970
1790318040000,55680,55690,55680,55690,1230,1813530
1790318070000,55690,55700,55680.6,55700,690,1813530
1790318100000,55700,55700,55683.2,55683.2,1140,1813650
1790318130000,55683.2,55719.8,55683.2,55690.6,480,1813650
1790318160000,55690.6,55690.8,55690,55690.8,450,1813740
1790318190000,55690.8,55690.8,55681.4,55682.8,870,1813740
1790318220000,55682.8,55682.8,55682.8,55682.8,270,1814070
1790318250000,55682.8,55682.8,55681.2,55681.2,510,1814070
1790318280000,55681.2,55699.8,55681.2,55699.8,330,1813530
1790318310000,55699.8,55701,55695,55701,720,1813530
1790318340000,55701,55710,55701,55710,480,1813950
1790318370000,55719,55720,55718.6,55720,540,1813950
1790318400000,55720,55720,55715,55715,540,1814460
1790318430000,55703,55715,55703,55706.2,630,1814460
1790318460000,55706.2,55735,55706.2,55735,570,1814850
1790318490000,55726.8,55735,55726,55729.8,1080,1814850
1790318520000,55729.8,55756,55728,55728,870,1815480
1790318550000,55729.8,55729.8,55729.8,55729.8,450,1815480
1790318580000,55729.8,55729.8,55729.8,55729.8,390,1814760
1790318610000,55729.8,55729.8,55729.8,55729.8,450,1814760
1790318640000,55729.8,55735,55709.4,55709.4,570,1815330
1790318670000,55709.4,55720,55706.4,55720,360,1815330
1790318700000,55720,55720,55720,55720,360,1815960
1790318730000,55720,55741.8,55715,55715,840,1815960
1790318760000,55715,55719.6,55715,55719.6,420,1814880
1790318790000,55719.6,55719.6,55719.6,55719.6,360,1814880
1790318820000,55715,55715,55715,55715,930,1814880
1790318850000,55715,55715,55700,55700,780,1814880
1790318880000,55700,55700,55695,55695,630,1814190
1790318910000,55706.2,55710,55705,55705,1500,1814190
1790318940000,55710,55710,55705.4,55705.4,810,1812450
1790318970000,55705.4,55705.4,55700,55700,360,1812450
1790319000000,55700,55700,55695,55695,1230,1811070
1790319030000,55695,55695,55691.8,55691.8,2670,1811070
1790319060000,55691.8,55691.8,55689.4,55689.4,780,1810290
1790319090000,55689.4,55689.4,55689.4,55689.4,420,1810290
1790319120000,55689.4,55701,55689.4,55701,360,1810710
1790319150000,55701,55701,55689.4,55689.4,780,1810710
1790319180000,55685,55685,55681.4,55685,300,1810320
1790319210000,55685,55690,55684.4,55690,570,1810320
1790319240000,55690,55690,55688,55688,390,1810860
1790319270000,55688,55688,55670.2,55671.2,570,1810860
1790319300000,55671.2,55678.6,55671.2,55678.6,420,1811520
1790319330000,55678.6,55678.6,55671.4,55671.4,300,1811520
1790319360000,55671.4,55673.4,55671.4,55671.4,1110,1812090
1790319390000,55672,55683,55672,55683,510,1812090
1790319420000,55685,55685,55682.6,55685,510,1812030
1790319450000,55685,55685,55685,55685,210,1812030
1790319480000,55685,55685,55685,55685,150,1811490
1790319510000,55685,55700,55685,55700,150,1811490
1790319540000,55700,55700,55700,55700,1680,1810470
1790319570000,55700,55700,55700,55700,240,1810470
1790319600000,55700,55714,55700,55704,420,1810650
1790319630000,55715,55720.6,55711.8,55711.8,270,1810650
1790319660000,55711.8,55714.4,55711.8,55714.4,360,1810860
1790319690000,55714.4,55723,55714.4,55723,180,1810860
1790319720000,55723,55723,55723,55723,840,1810950
1790319750000,55723,55723.2,55723,55723.2,870,1810950
1790319780000,55723.2,55723.2,55723.2,55723.2,1260,1810590
1790319810000,55723,55723,55703,55720,270,1810590
1790319840000,55720,55720,55705.6,55705.6,210,1810170
1790319870000,55705.6,55705.6,55705.6,55705.6,720,1810170
1790319900000,55705.6,55705.6,55700.4,55700.4,330,1810560
1790319930000,55700.4,55700.4,55680.2,55680.2,330,1810560
1790319960000,55680.2,55684.8,55680.2,55684.8,240,1810800
1790319990000,55684.8,55684.8,55671.2,55671.2,660,1810800
1790320020000,55671.2,55681.8,55671.2,55681.2,630,1811340
1790320050000,55681.2,55685,55681.2,55685,360,1811340
1790320080000,55685,55685,55670.2,55670.2,420,1809750
1790320110000,55680,55680,55679.2,55679.2,870,1809750
1790320140000,55685,55685,55685,55685,420,1810140
1790320170000,55685,55685,55685,55685,360,1810140
1790320200000,55685,55685,55685,55685,420,1810590
1790320230000,55685,55685,55685,55685,360,1810590
1790320260000,55685,55685,55685,55685,330,1811160
1790320290000,55685,55685,55676.8,55676.8,450,1811160
1790320320000,55676.8,55676.8,55676.8,55676.8,360,1811790
1790320350000,55676.8,55683,55670,55670,510,1811790
1790320380000,55670,55670,55670,55670,390,1811130
1790320410000,55670,55670,55665,55665,390,1811130
1790320440000,55665,55669,55662,55662,2370,1811640
1790320470000,55662,55662,55650.4,55650.4,510,1811640
1790320500000,55650.4,55650.4,55645.4,55645.8,930,1811700
1790320530000,55650.8,55663.2,55649.2,55658.4,2130,1811700
1790320560000,55658.4,55669.8,55650,55658.4,4620,1814040
1790320590000,55670.8,55670.8,55657.2,55658,1200,1814040
1790320620000,55658,55658,55644.2,55647.8,3090,1814700
1790320650000,55647.8,55664.6,55647.8,55657.2,930,1814700
1790320680000,55657,55657,55652.6,55654.4,660,1815390
1790320710000,55653.8,55656,55642,55642,840,1815390
1790320740000,55641,55641.6,55637.6,55640.8,1260,1816470
1790320770000,55644.6,55644.6,55626.8,55626.8,2220,1816470
1790320800000,55625.2,55626,55625.2,55626,480,1818210
1790320830000,55625,55646.6,55622.6,55630,900,1818210
1790320860000,55624.8,55625.2,55621.4,55622,960,1818690
1790320890000,55622,55630,55620,55620,480,1818690
1790320920000,55620,55620,55620,55620,270,1818810
1790320950000,55620,55620,55615,55620,600,1818810
1790320980000,55611.2,55620,55605,55605,2130,1818630
1790321010000,55610,55610.4,55610,55610.4,330,1818630
1790321040000,55610.4,55618,55610.4,55618,240,1818780
1790321070000,55618,55618,55608.4,55608.4,840,1818780
1790321100000,55608.4,55608.4,55607.8,55608.4,150,1818960
1790321130000,55610,55610,55610,55610,240,1818960
1790321160000,55610,55610,55610,55610,240,1819110
1790321190000,55610,55610,55582.2,55582.2,1020,1819110
1790321220000,55582.2,55590,55570,55586.6,810,1819500
1790321250000,55586.6,55595,55586.6,55595,480,1819500
1790321280000,55595,55600,55595,55596.8,450,1817220
1790321310000,55605,55610,55605,55608,660,1817220
1790321340000,55608,55635.4,55608,55635.4,3480,1817730
1790321370000,55635.4,55635.4,55619.4,55625.6,570,1817730
1790321400000,55630,55650,55630,55650,630,1818390
1790321430000,55650,55650,55644.4,55645.2,180,1818390
1790321460000,55649.2,55649.8,55649.2,55649.8,720,1818300
1790321490000,55649.8,55669.2,55642.2,55660.2,1140,1818300
1790321520000,55660,55660.2,55640,55655,1890,1819380
1790321550000,55655,55655,55655,55655,450,1819380
1790321580000,55655,55655,55655,55655,360,1818720
1790321610000,55655,55655,55633,55633,330,1818720
1790321640000,55626,55626,55616.6,55616.6,450,1819140
1790321670000,55609.2,55633,55609.2,55633,270,1819140
1790321700000,55633,55633,55622.4,55622.4,720,1819620
1790321730000,55622.4,55622.4,55615.2,55622.4,420,1819620
1790321760000,55622.4,55624.8,55622.4,55624.8,360,1820400
1790321790000,55624.8,55627.8,55623.2,55623.2,480,1820400
1790321820000,55631,55632,55618,55632,600,1821060
1790321850000,55632,55632,55632,55632,90,1821060
1790321880000,55632,55632,55632,55632,840,1820700
1790321910000,55632,55632,55632,55632,330,1820700
1790321940000,55632,55640,55632,55640,420,1820700
1790321970000,55643.6,55643.6,55640,55640.6,810,1821390
1790322000000,55640.6,55643.6,55640.6,55643.6,360,1821390
1790322030000,55643.6,55643.8,55640.2,55642.2,1050,1820700
1790322060000,55641.2,55656.2,55641.2,55656.2,870,1822080
1790322090000,55656.2,55656.2,55655,55655,660,1822080
1790322120000,55655,55655,55639.6,55639.6,240,1822830
1790322150000,55639.6,55639.6,55639.6,55639.6,210,1822830
1790322180000,55639.2,55639.2,55639.2,55639.2,720,1822830
1790322210000,55639.2,55651.8,55639.2,55651.8,300,1822380
1790322240000,55651.8,55651.8,55640.2,55640.2,390,1822650
1790322270000,55640.2,55640.2,55639.6,55639.6,360,1822650
1790322300000,55628.8,55628.8,55628.8,55628.8,180,1820580
1790322330000,55628.8,55632.8,55628,55628,990,1820580
1790322360000,55626.4,55626.4,55616.8,55623.6,450,1820850
1790322390000,55623.6,55625.4,55623.6,55625.4,240,1820850
1790322420000,55625.4,55636.6,55622,55636.6,510,1821420
1790322450000,55636.6,55636.6,55636.6,55636.6,120,1821420
1790322480000,55636.6,55636.6,55620.8,55625.4,270,1819920
1790322510000,55625.4,55627.4,55625.4,55625.6,540,1819920
1790322540000,55625.6,55625.6,55625.6,55625.6,210,1819710
1790322570000,55625.6,55630.6,55625.2,55626.2,300,1819710
1790322600000,55626.2,55647.6,55626.2,55647.6,210,1820010
1790322630000,55647.6,55647.6,55627.4,55647.6,330,1820010
1790322660000,55647.6,55647.6,55627.4,55627.4,180,1820010
1790322690000,55627.4,55630.6,55627.4,55630.6,270,1820190
1790322720000,55630.6,55633.6,55630.6,55633.6,300,1820190
1790322750000,55633.6,55633.6,55633.6,55633.6,300,1820580
1790322780000,55633.6,55633.6,55610.2,55616,960,1819260
1790322810000,55616,55626.2,55616,55623,1080,1819260
1790322840000,55623,55623,55623,55623,150,1819260
1790322870000,55623,55623,55623,55623,150,1819920
1790322900000,55623,55623,55614.4,55614.4,300,1819920
1790322930000,55610,55623,55610,55617.2,360,1820310
1790322960000,55626.2,55632.8,55625.2,55632.8,420,1820550
1790322990000,55632.8,55632.8,55632.8,55632.8,120,1820550
1790323020000,55632.8,55632.8,55632.8,55632.8,90,1820550
1790323050000,55622.4,55622.8,55620.4,55622.8,540,1819500
1790323080000,55622.8,55622.8,55614.2,55615.8,540,1819230
1790323110000,55615.8,55617.2,55611,55617.2,720,1819230
1790323140000,55617.2,55620,55617.2,55620,420,1819230
1790323170000,55620,55621.6,55620,55621.6,390,1819620
1790323200000,55621.6,55629,55617.8,55629,660,1820370
1790323230000,55629,55629,55629,55629,240,1820370
1790323260000,55629,55629,55621.4,55621.6,600,1820370
1790323290000,55621.6,55622.8,55618.4,55618.4,420,1820430
1790323320000,55618.4,55625,55615.8,55625,330,1820430
1790323350000,55625,55625,55610,55610.8,330,1820790
1790323380000,55610.8,55610.8,55610.4,55610.4,360,1820790
1790323410000,55610.4,55610.4,55610,55610,570,1820250
1790323440000,55590,55599.8,55578.2,55599.8,930,1820250
1790323470000,55590,55590,55586.6,55586.6,300,1820370
1790323500000,55588,55588,55578,55579.2,390,1820370
1790323530000,55600,55600,55579,55584.8,690,1820820
1790323560000,55584.8,55585.2,55584.8,55585.2,360,1820820
1790323590000,55585.2,55599.2,55585.2,55599.2,270,1820400
1790323620000,55599.2,55599.2,55587,55587,690,1820400
1790323650000,55587,55598.8,55580,55598.8,480,1821180
1790323680000,55598.8,55605,55590.8,55600.6,450,1821180
1790323710000,55600.6,55600.6,55600.6,55600.6,180,1819530
1790323740000,55600.6,55600.6,55592.2,55592.2,270,1819530
1790323770000,55592.2,55592.2,55582.2,55582.2,240,1819830
1790323800000,55580.6,55592,55580.6,55592,240,1819830
1790323830000,55592,55610.4,55592,55600.8,990,1819470
1790323860000,55600.8,55620,55600.8,55607.6,330,1819470
1790323890000,55607.6,55607.6,55594.2,55594.2,390,1819530
1790323920000,55594.2,55599.6,55594.2,55599.6,150,1819530
1790323950000,55599.6,55639.6,55599.6,55639.6,360,1819710
1790323980000,55639.6,55645,55629,55645,300,1819710
1790324010000,55613.4,55613.4,55613.4,55613.4,360,1819110
1790324040000,55613.4,55613.4,55608.2,55608.2,360,1819110
1790324070000,55608.2,55626.4,55608.2,55626.4,450,1818900
1790324100000,55626.4,55636.6,55608,55634,600,1818900
1790324130000,55634,55637.4,55634,55637,450,1819410
1790324160000,55637,55637,55618.4,55618.4,630,1819410
1790324190000,55618.4,55649.4,55617.4,55649.4,1020,1819800
1790324220000,55650,55659.8,55650,55652,420,1819800
1790324250000,55652,55653.2,55641.4,55641.4,390,1818750
1790324280000,55641.4,55641.4,55641.4,55641.4,1230,1818750
1790324310000,55641.4,55641.4,55641.4,55641.4,240,1818900
1790324340000,55641.4,55641.4,55621.4,55621.4,510,1818900
1790324370000,55621.4,55622.2,55617.8,55620,1020,1819230
1790324400000,55620,55620,55615.6,55615.6,180,1819230
1790324430000,55618.6,55618.6,55610,55610,360,1819650
1790324460000,55615,55630,55610,55630,750,1819650
1790324490000,55630,55630,55616,55616,510,1820100
1790324520000,55616,55621.4,55616,55621.4,240,1820100
1790324550000,55621.4,55630,55621.4,55630,780,1820610
1790324580000,55630,55630,55617,55620.2,1140,1820610
1790324610000,55620.2,55620.2,55610.8,55610.8,540,1819170
1790324640000,55610.8,55621.8,55610.8,55621.8,600,1819170
1790324670000,55622,55622,55622,55622,540,1820250
1790324700000,55622,55634,55622,55634,390,1820250
1790324730000,55635,55641.8,55635,55638.6,900,1820550
1790324760000,55638.6,55641.2,55638.6,55639.2,270,1820550
1790324790000,55649.8,55675,55649.8,55675,1230,1820910
1790324820000,55675,55675,55661.2,55661.2,510,1820910
1790324850000,55661.2,55674.8,55661,55664.2,450,1820070
1790324880000,55664.2,55664.2,55664.2,55664.2,120,1820070
1790324910000,55664.2,55664.2,55648,55662,1170,1819230
1790324940000,55662,55664,55659.8,55664,270,1819230
1790324970000,55664,55674.2,55663.8,55674.2,540,1819290
1790325000000,55677.2,55708,55677.2,55707,1230,1819290
1790325030000,55708.8,55771,55708.8,55765.4,2100,1819530
1790325060000,55765.4,55775,55735.2,55753.2,1350,1819530
1790325090000,55753.2,55777,55747,55777,570,1819710
1790325120000,55773.6,55784.8,55763.4,55784.8,1140,1819710
1790325150000,55780,55781.4,55755.2,55781.4,990,1819410
1790325180000,55765.8,55810,55765.8,55808.4,3120,1819410
1790325210000,55816,55897.4,55816,55873,8460,1817910
1790325240000,55888,55899,55844.6,55850.8,1500,1817910
1790325270000,55839.2,55852.2,55825.6,55849,1590,1817730
1790325300000,55846,55870,55825,55825,2310,1817730
1790325330000,55825,55841.8,55797.8,55816,1320,1817130
1790325360000,55816,55840,55807.8,55837.8,1110,1817130
1790325390000,55837.8,55841.8,55828,55835,1680,1817370
1790325420000,55830,55840,55818.6,55840,1470,1817370
1790325450000,55840,55850,55840,55840,1500,1819170
1790325480000,55845,55846,55820,55820.4,690,1819170
1790325510000,55821,55821.4,55800.2,55802.8,210,1818060
1790325540000,55802.8,55802.8,55770,55771.6,660,1818060
1790325570000,55771.6,55771.6,55756.4,55764.4,810,1818270
1790325600000,55771,55778.2,55763.8,55778,1080,1818270
1790325630000,55773.2,55801.6,55773.2,55781.4,510,1818330
1790325660000,55779.4,55779.4,55774.2,55774.2,180,1818330
1790325690000,55795,55811.8,55794.8,55800,540,1818630
1790325720000,55800,55812.6,55800,55808.8,480,1818630
1790325750000,55808.8,55808.8,55800,55800.2,600,1818930
1790325780000,55800.2,55809,55782.2,55785,570,1818930
1790325810000,55782.2,55815.2,55777,55777,360,1818870
1790325840000,55777,55777.2,55771.4,55771.4,330,1818870
1790325870000,55771.4,55789.6,55760.2,55760.2,1110,1819200
1790325900000,55771,55806,55769,55784.4,1470,1819200
1790325930000,55784.4,55790,55784.4,55790,750,1818810
1790325960000,55790,55810,55790,55810,360,1818810
1790325990000,55810,55810,55800.2,55800.2,390,1819020
1790326020000,55800.2,55810.6,55800.2,55810.6,930,1819020
1790326050000,55813.4,55837.6,55813.4,55837.6,1080,1819440
1790326080000,55823.8,55849,55823.8,55828.8,570,1819440
1790326110000,55833.4,55840,55828.2,55840,1320,1818990
1790326140000,55840,55840,55825.2,55825.2,120,1818990
1790326170000,55825.4,55826.4,55825.4,55826.4,330,1817490
1790326200000,55826.4,55826.4,55811.4,55826.2,360,1817490
1790326230000,55826.2,55826.2,55800.2,55817,540,1817760
1790326260000,55817,55834.2,55812.6,55834.2,1170,1817760
1790326290000,55834.2,55834.2,55834.2,55834.2,120,1818510
1790326320000,55834.2,55834.2,55820,55821.8,300,1818510
1790326350000,55821.8,55834,55821.8,55828.2,420,1818720
1790326380000,55820,55820,55820,55820,240,1818720
1790326410000,55828.4,55828.4,55820.4,55820.4,180,1817280
1790326440000,55820.4,55820.4,55820.2,55820.2,240,1817280
1790326470000,55820.2,55820.2,55820,55820,360,1817460
1790326500000,55820,55865.8,55820,55833.6,3900,1817460
1790326530000,55840,55840,55815,55822.2,420,1819620
1790326560000,55822.2,55822.2,55814,55814,300,1819620
1790326590000,55814,55818.6,55800,55807,1410,1819560
1790326620000,55808.2,55818.4,55806.4,55817.6,840,1819560
1790326650000,55817.6,55817.8,55817.6,55817.8,360,1819920
1790326680000,55817.8,55820.8,55817.8,55820.8,240,1819920
1790326710000,55820.8,55824.4,55819.4,55824.4,450,1819740
1790326740000,55824.4,55824.4,55816.2,55816.2,90,1819740
1790326770000,55816.2,55816.2,55816.2,55816.2,120,1819740
1790326800000,55813,55843.8,55806.2,55825.8,2160,1818780
1790326830000,55834,55864,55830.2,55864,1140,1820190
1790326860000,55864,55864,55840.2,55845.2,330,1820190
1790326890000,55845.2,55861,55841.4,55861,750,1820490
1790326920000,55862.8,55863,55861.2,55861.2,450,1820490
1790326950000,55847.8,55861,55847.8,55860.8,300,1820670
1790326980000,55860.8,55860.8,55860.8,55860.8,210,1820670
1790327010000,55850.6,55858.8,55835,55835,300,1819560
1790327040000,55835,55858,55835,55844.6,420,1819560
1790327070000,55844.6,55844.6,55827.6,55839.8,300,1819770
1790327100000,55840,55858.8,55830,55831.2,660,1819770
1790327130000,55828,55854.8,55827,55854.2,1050,1820190
1790327160000,55835,55835,55830,55831,300,1820190
1790327190000,55831,55849,55828.4,55828.4,450,1820580
1790327220000,55828.4,55830.8,55826.2,55830.8,330,1820580
1790327250000,55830.8,55840,55830.8,55840,150,1821000
1790327280000,55840,55840,55839.2,55840,300,1821000
1790327310000,55836.8,55842.6,55836.4,55842.6,270,1820700
1790327340000,55839.4,55844.8,55839.4,55842.6,450,1820700
1790327370000,55842.6,55850,55839.6,55850,270,1820700
1790327400000,55850,55855,55843.8,55855,630,1820700
1790327430000,55845.8,55846,55840.8,55843.6,450,1820040
1790327460000,55831.2,55833.8,55831,55831,360,1820040
1790327490000,55828.6,55828.6,55815.8,55815.8,300,1820190
1790327520000,55815.8,55817.2,55806.4,55806.4,300,1820190
1790327550000,55806.4,55810.4,55806.4,55810,240,1820430
1790327580000,55810,55815.6,55800,55800.2,510,1820430
1790327610000,55800,55800.2,55800,55800,540,1820220
1790327640000,55800,55800.2,55800,55800,2310,1820220
1790327670000,55800,55806.2,55793.4,55800,930,1820220
1790327700000,55800,55805.8,55791.4,55805.6,330,1820220
1790327730000,55805.6,55805.6,55797.8,55797.8,180,1820910
1790327760000,55797.8,55798,55781,55781,480,1820910
1790327790000,55781,55797.6,55770,55770,390,1821150
1790327820000,55771.4,55771.4,55768,55770.4,510,1821150
1790327850000,55770,55770,55750.6,55750.6,960,1821600
1790327880000,55750.6,55752.4,55750.6,55752.4,210,1821600
1790327910000,55759,55766,55759,55766,750,1819890
1790327940000,55763.2,55786.8,55763,55769.4,1620,1819890
1790327970000,55769.4,55771,55758.2,55758.2,390,1820370
1790328000000,55758.2,55761.4,55750.2,55750.2,420,1820370
1790328030000,55750.2,55760.4,55750,55750.2,600,1820940
1790328060000,55750.4,55750.4,55744.4,55744.4,870,1820940
1790328090000,55747.8,55777.6,55744.8,55777.6,750,1820940
1790328120000,55777.6,55777.6,55754.2,55761.8,1380,1821690
1790328150000,55761.8,55774.6,55754.6,55774.4,300,1821690
1790328180000,55774,55799,55764.4,55772.8,870,1820340
1790328210000,55772.8,55773.4,55759.8,55769.8,300,1819530
1790328240000,55765.2,55778,55763,55765,690,1819530
1790328270000,55787.8,55788,55767.6,55779.4,870,1820310
1790328300000,55784.6,55790,55767.8,55767.8,690,1820310
1790328330000,55767.8,55772.4,55744.4,55752,660,1820490
1790328360000,55752,55752,55733,55735,2190,1820490
1790328390000,55739.4,55742,55732.8,55732.8,1650,1819140
1790328420000,55730.2,55733,55717.8,55717.8,1890,1819140
1790328450000,55717.8,55725,55717.8,55725,660,1820460
1790328480000,55725.4,55739.8,55708,55733.2,1380,1820460
1790328510000,55733.2,55739.8,55713.8,55722.2,510,1820490
1790328540000,55723,55743.8,55722.2,55730.2,900,1820490
1790328570000,55730.2,55730.2,55726,55726,1320,1821000
1790328600000,55726,55741,55701,55709,960,1821000
1790328630000,55709,55734.4,55709,55733.4,810,1822260
1790328660000,55733.4,55734,55720.2,55720.2,750,1822260
1790328690000,55720.2,55720.2,55700,55700,960,1819380
1790328720000,55700,55700.2,55682.4,55689.6,720,1819380
1790328750000,55689.6,55710,55689.6,55698.6,390,1819380
1790328780000,55698.6,55698.6,55686.6,55693,810,1820160
1790328810000,55693,55693,55688,55690.2,270,1820400
1790328840000,55690.2,55704.8,55687,55687,330,1820400
1790328870000,55687,55705,55687,55696.4,570,1820580
1790328900000,55696.4,55709,55690.4,55690.4,300,1820580
1790328930000,55690,55690,55670,55681.2,570,1820340
1790328960000,55681.2,55700,55669.2,55700,630,1820340
1790328990000,55694.2,55697.6,55690.2,55690.2,240,1820340
1790329020000,55695.2,55709,55690.2,55690.2,390,1820550
1790329050000,55690.2,55690.4,55690,55690.2,300,1820550
1790329080000,55690.2,55690.2,55666.4,55670.4,270,1820910
1790329110000,55670.4,55672.2,55641,55656,750,1820910
1790329140000,55651.6,55651.6,55640.2,55650,420,1818600
1790329170000,55640,55646,55630.2,55630.2,1440,1818660
1790329200000,55632.6,55645,55631.8,55634.8,1050,1818660
1790329230000,55634,55650.4,55634,55649,600,1818660
1790329260000,55649,55656,55643,55656,3660,1818000
1790329290000,55655.8,55656,55645.6,55645.6,570,1821090
1790329320000,55645.6,55664.6,55644.8,55664.6,2460,1821090
1790329350000,55674,55674,55653.8,55661,570,1820940
1790329380000,55660.6,55662.8,55659,55662.4,360,1820940
1790329410000,55662.4,55671.4,55662.4,55668.8,330,1820940
1790329440000,55673.4,55673.6,55669.4,55670,390,1819440
1790329470000,55670,55674,55665.4,55673,900,1818750
1790329500000,55695,55700,55689.6,55690.2,1620,1818750
1790329530000,55684.6,55690.2,55668.6,55672.4,510,1818750
1790329560000,55672.4,55672.4,55660.4,55660.4,570,1819470
1790329590000,55670,55673.4,55661.8,55673.4,270,1819470
1790329620000,55672.2,55673,55672,55672,420,1819770
1790329650000,55672,55672.6,55661.6,55661.6,330,1819770
1790329680000,55667,55673.4,55667,55673.4,570,1820070
1790329710000,55673.4,55691.8,55673.4,55691.4,480,1820070
1790329740000,55691.4,55691.4,55678.8,55678.8,420,1818480
1790329770000,55678.8,55691.4,55673.2,55677.4,510,1818480
1790329800000,55677.4,55691.8,55677.4,55686,3000,1818450
1790329830000,55679.2,55700,55667.4,55670,600,1818450
1790329860000,55668.2,55672.6,55663,55671.6,510,1742730
1790329890000,55671.6,55683.8,55663.2,55683.8,1020,1742730
1790329920000,55683.8,55683.8,55653.8,55654.6,660,1742670
1790329950000,55660,55661,55650.2,55654.4,1170,1742670
1790329980000,55650,55655.4,55644.4,55645,1890,1741230
1790330010000,55645,55652,55645,55652,870,1741230
1790330040000,55652,55660,55650.6,55653,600,1738890
1790330070000,55657.8,55669.8,55654.4,55654.4,270,1738890
1790330100000,55654.4,55664.6,55652,55654.4,570,1739070
1790330130000,55654.4,55669.6,55652.4,55669.6,1230,1739070
1790330160000,55669.6,55678.2,55657.6,55667.6,780,1738440
1790330190000,55675.8,55675.8,55661.4,55661.6,450,1738440
1790330220000,55664.8,55664.8,55660,55660.2,420,1734960
1790330250000,55660.2,55665,55656.2,55660,810,1734960
1790330280000,55658.8,55660.4,55655.8,55660.4,480,1734840
1790330310000,55660.4,55660.4,55656.4,55660,1080,1734840
1790330340000,55658.8,55664.6,55657.6,55663.2,1800,1733430
1790330370000,55663.2,55679.8,55663.2,55672.4,1620,1733430
1790330400000,55674.8,55680,55668.2,55668.2,900,1733310
1790330430000,55674.2,55680,55658,55658,510,1733310
1790330460000,55658,55675,55655,55655.2,780,1733370
1790330490000,55670,55670,55653.2,55659,570,1733370
1790330520000,55659,55659,55654.6,55655.6,210,1732860
1790330550000,55656.2,55656.2,55653,55654,210,1732860
1790330580000,55654,55655.8,55650.8,55655.4,4440,1732650
1790330610000,55655.4,55655.4,55649,55650.4,1290,1732650
1790330640000,55650.4,55662.2,55649.6,55655.8,1830,1735110
1790330670000,55655.8,55658,55652.6,55654.8,2730,1735110
1790330700000,55655.6,55670,55654,55661.4,930,1738020
1790330730000,55670,55670,55662.6,55670,1170,1738020
1790330760000,55670,55670,55663.6,55668,600,1739340
1790330790000,55668.6,55669.4,55668.6,55668.6,960,1739340
1790330820000,55670,55671.4,55670,55670.2,240,1739850
1790330850000,55671.4,55671.4,55670.2,55671.4,270,1739850
1790330880000,55671.4,55690,55671.4,55690,660,1738470
1790330910000,55690,55690,55663.6,55680.4,540,1738470
1790330940000,55687.4,55688.4,55685,55688.4,450,1737780
1790330970000,55687.4,55688.4,55660.8,55687.4,900,1737780
1790567100000,55405,55462.8,55274.4,55300,4710,1351770
1790567130000,55303.4,55303.4,55250,55252.6,2100,1351770
1790567160000,55260.2,55260.2,55150.6,55170,3900,1350600
1790567190000,55186.2,55207.6,55180,55185,2280,1350600
1790567220000,55192.6,55192.6,55155,55155,3420,1347570
1790567250000,55160,55160,55150,55160,1050,1347570
1790567280000,55160,55160,55151.6,55159.8,840,1345980
1790567310000,55160,55160,55121.2,55121.2,1950,1345980
1790567340000,55127,55145.2,55105.2,55110,3390,1343340
1790567370000,55110,55110,55060,55060,2850,1343340
1790567400000,55060,55060,55027.6,55027.6,2880,1341540
1790567430000,55030,55043.8,55000.4,55006.8,3600,1341540
1790567460000,55008.8,55042.2,55008.8,55034.4,1050,1340160
1790567490000,55020.4,55034.8,55020.4,55030,1230,1340160
1790567520000,55030,55032,55020,55025,1050,1339320
1790567550000,55030,55030,54991.2,55000,2790,1339320
1790567580000,55000,55030,54998.2,55030,5460,1336350
1790567610000,55030,55045,55030,55032.8,1020,1336350
1790567640000,55032.6,55033.8,55002.8,55002.8,2790,1334910
1790567670000,55002.8,55060,55002.8,55050.6,1470,1334910
1790567700000,55045,55047.6,54998.2,54998.2,2580,1333980
1790567730000,54998.2,54998.4,54980.4,54985.6,2610,1333980
1790567760000,54985.4,54992.4,54959.2,54983,870,1330260
1790567790000,54983,54993.2,54980.4,54985,570,1330260
1790567820000,54983.2,55000,54980.2,55000,540,1329780
1790567850000,55000,55000,54996,54998.4,1020,1329780
1790567880000,54998.6,55000,54981.2,55000,2790,1327860
1790567910000,54988.6,54999.8,54988.6,54997.6,1650,1327860
1790567940000,54997.6,54999.8,54997.6,54998.4,570,1326330
1790567970000,54998.4,55013.6,54998.4,55011.8,1350,1326330
1790568000000,55011.8,55012.2,54982.6,54982.6,1110,1324440
1790568030000,54982.4,54990.4,54982.4,54990,930,1324440
1790568060000,54970.2,54988.4,54970.2,54985.4,2190,1323240
1790568090000,54985.2,54985.4,54975.4,54980,570,1323240
1790568120000,54980,54980,54963.4,54970.2,900,1322130
1790568150000,54970,54973.8,54963.6,54963.8,1200,1322130
1790568180000,54963.8,54968.4,54920,54920,3390,1320930
1790568210000,54920,54920,54915,54920,3060,1320930
1790568240000,54920,54920,54895.4,54919.4,10740,1318350
1790568270000,54919.4,54919.4,54900,54915,2100,1318350
1790568300000,54915,54919.4,54860,54860,4680,1315740
1790568330000,54858,54867,54830.4,54833.6,4920,1315740
1790568360000,54833.6,54861.8,54833.6,54855.2,900,1311690
1790568390000,54855.2,54856.6,54825,54835,1560,1311690
1790568420000,54835,54835,54825,54828.8,2250,1311270
1790568450000,54825,54840,54825,54827.6,1230,1311270
1790568480000,54847.4,54847.4,54805,54805,2310,1306350
1790568510000,54805,54815,54800,54806.4,1620,1306350
1790568540000,54800.2,54841,54800.2,54839.2,3300,1305090
1790568570000,54839.2,54839.2,54801,54827.2,3630,1305090
1790568600000,54830,54830,54800,54810,3540,1303110
1790568630000,54803,54810,54795.8,54810,1350,1303110
1790568660000,54810,54848,54805.6,54848,3090,1302300
1790568690000,54832.4,54860,54826.2,54860,1440,1302300
1790568720000,54860,54866,54841.8,54862.2,1110,1301790
1790568750000,54850.2,54858.2,54840.4,54840.4,1350,1301790
1790568780000,54852.8,54855,54820,54839.8,1920,1300560
1790568810000,54839.8,54839.8,54810,54827.2,720,1300560
1790568840000,54827.2,54835,54801.4,54801.4,390,1300560
1790568870000,54801.4,54820,54801.4,54803.2,1500,1299510
1790568900000,54809.2,54838,54808.4,54815,690,1299330
1790568930000,54815,54838,54808.8,54817.8,1020,1299330
1790568960000,54838,54840,54834.2,54840,510,1299600
1790568990000,54850,54850,54826.4,54827.8,1020,1299600
1790569020000,54845,54858,54829.4,54836.6,510,1299570
1790569050000,54836.6,54858.2,54836.6,54846.8,420,1299570
1790569080000,54845.2,54865,54845.2,54860,1020,1299360
1790569110000,54841.6,54858,54819.4,54824.6,4500,1299360
1790569140000,54824.8,54824.8,54810.8,54816.2,1290,1299360
1790569170000,54816.2,54832.4,54814.4,54814.4,2580,1296630
1790569200000,54840,54849,54825,54840,3960,1296630
1790569230000,54840,54865.8,54830.2,54849.8,3420,1297320
1790569260000,54864.4,54864.4,54830.4,54830.4,3330,1297410
1790569290000,54830,54830,54830,54830,210,1297410
1790569320000,54830,54830,54820.2,54820.2,840,1297260
1790569350000,54820.2,54830,54812.2,54812.2,840,1297260
1790569380000,54812.2,54812.2,54812.2,54812.2,150,1297590
1790569410000,54814.8,54835,54814.8,54835,600,1297590
1790569440000,54835,54835,54820,54830,420,1296690
1790569470000,54830,54839,54813.2,54839,4380,1296690
1790569500000,54833,54842,54813,54838.2,3330,1296690
1790569530000,54842.8,54843.2,54810.2,54810.2,930,1295880
1790569560000,54810.2,54810.2,54810.2,54810.2,240,1295880
1790569590000,54810.2,54825,54810.2,54814.8,1560,1296090
1790569620000,54834,54834,54815.2,54834,2580,1296090
1790569650000,54834,54834,54828.8,54834,570,1296630
1790569680000,54834,54850,54834,54850,330,1296630
1790569710000,54850,54865.2,54844.8,54865,480,1296780
1790569740000,54865,54867.2,54860.6,54867.2,930,1296690
1790569770000,54865,54866,54860,54866,270,1296690
1790569800000,54866,54866,54850,54850,1050,1296690
1790569830000,54850.6,54850.6,54829.8,54845.2,390,1292940
1790569860000,54839.2,54840.6,54806,54820,1230,1292940
1790569890000,54820,54820,54816,54820,450,1293240
1790569920000,54820,54822.4,54814.2,54822.4,660,1293240
1790569950000,54822.4,54839.2,54822.4,54839,390,1293240
1790569980000,54826,54830,54826,54830,450,1293240
1790570010000,54830,54830,54816.2,54820.2,420,1293210
1790570040000,54820.2,54827.6,54816,54816,420,1293210
1790570070000,54806,54813.2,54802.2,54809.8,1830,1291980
1790570100000,54809.8,54820.2,54809.8,54809.8,360,1291980
1790570130000,54809.8,54809.8,54762.2,54772,2400,1292220
1790570160000,54775,54775,54762,54762.2,420,1292220
1790570190000,54770,54770,54741,54746.2,1290,1291560
1790570220000,54746.2,54750,54726,54745,1710,1291560
1790570250000,54737.2,54755,54736.2,54744,3210,1290690
1790570280000,54744,54760,54743.8,54746.2,1650,1290690
1790570310000,54746.2,54760,54739.6,54750,780,1288890
1790570340000,54759,54760,54722,54722,7440,1288890
1790570370000,54732.8,54755,54728,54750,4530,1284240
1790570400000,54750,54750,54728,54740,2250,1284240
1790570430000,54740,54760,54740,54760,480,1280280
1790570460000,54754,54769.6,54754,54760,840,1280280
1790570490000,54771.6,54777.8,54770,54770,2070,1279830
1790570520000,54770,54780,54760,54760,2520,1279830
1790570550000,54760,54762.4,54760,54762.4,420,1278030
1790570580000,54751,54771.4,54735.8,54741.8,720,1278030
1790570610000,54741.8,54761,54740.8,54761,630,1277670
1790570640000,54761,54771.4,54761,54762.4,540,1277670
1790570670000,54760.4,54773,54742,54750.2,450,1276800
1790570700000,54750.2,54762.8,54736.4,54762.8,390,1276800
1790570730000,54742.4,54742.4,54729.2,54730.4,600,1276860
1790570760000,54726.6,54749.6,54723.6,54725,330,1276860
1790570790000,54719.6,54747.8,54719.6,54747.6,1170,1276680
1790570820000,54747.6,54747.6,54718.2,54734.2,480,1276680
1790570850000,54734.2,54734.2,54699,54699,1680,1275270
1790570880000,54690.2,54709.8,54681,54694.2,3330,1275270
1790570910000,54720,54739,54697.4,54735.4,510,1273170
1790570940000,54706.8,54728.8,54706.8,54717.6,930,1273170
1790570970000,54717.6,54744.2,54717.6,54744.2,600,1273080
1790571000000,54744.2,54768.8,54726.8,54768.8,2550,1273080
1790571030000,54768.8,54769.6,54760.2,54767.2,1740,1273800
1790571060000,54767.2,54769.8,54767.2,54769.8,300,1273800
1790571090000,54769.8,54769.8,54746.8,54763,570,1273920
1790571120000,54763,54763,54753.8,54753.8,300,1273920
1790571150000,54753.8,54753.8,54730.6,54730.6,510,1274160
1790571180000,54730.6,54736,54730.6,54736,750,1274160
1790571210000,54736,54736,54725,54730,450,1273980
1790571240000,54730,54730,54725,54725,510,1273980
1790571270000,54725,54730,54707,54730,630,1273140
1790571300000,54730,54730,54707.8,54714.2,510,1273140
1790571330000,54730,54735,54708,54708,300,1270500
1790571360000,54708,54711.8,54707.2,54707.6,930,1270500
1790571390000,54707.6,54710,54707.6,54710,690,1270020
1790571420000,54710,54710,54701.6,54705.2,540,1270020
1790571450000,54705.2,54705.2,54697,54702.4,600,1270350
1790571480000,54708,54714,54697.2,54703.4,510,1270350
1790571510000,54713,54730,54713,54728.6,570,1270620
1790571540000,54730,54730,54720.6,54722,1200,1270620
1790571570000,54720.8,54726,54720.6,54726,3210,1268040
1790571600000,54726,54750,54726,54741,3270,1268040
1790571630000,54741,54748,54729.2,54740,780,1267380
1790571660000,54740,54753.8,54728.8,54753.8,1260,1267380
1790571690000,54754.6,54754.6,54748,54748,1830,1267620
1790571720000,54751.4,54751.4,54729.2,54729.2,1260,1267620
1790571750000,54746.4,54746.4,54729.2,54730.8,450,1268520
1790571780000,54729.4,54745,54729.4,54733.6,420,1268520
1790571810000,54733.6,54733.6,54729.2,54729.2,300,1268460
1790571840000,54729.2,54729.2,54721.4,54721.4,870,1268460
1790571870000,54721.4,54733,54712,54728.2,450,1267590
1790571900000,54728.2,54728.2,54710.6,54712.6,690,1267590
1790571930000,54712.6,54730.8,54710,54710,1710,1267620
1790571960000,54710,54733,54710,54733,120,1267620
1790571990000,54733,54740,54722.8,54722.8,990,1267770
1790572020000,54722.8,54722.8,54712.6,54712.6,300,1267770
1790572050000,54712.6,54718,54712.6,54712.6,330,1268040
1790572080000,54712.6,54724.6,54712.6,54720,360,1268040
1790572110000,54720,54724.6,54701.2,54701.2,360,1267080
1790572140000,54701.2,54709.2,54696.4,54699,870,1267080
1790572170000,54699,54701,54690,54701,990,1266420
1790572200000,54694.4,54694.4,54688,54688,900,1266420
1790572230000,54688,54694,54688,54690,570,1266330
1790572260000,54700,54700,54688,54688,420,1266330
1790572290000,54688,54700,54663.2,54673,1020,1265310
1790572320000,54673,54673,54664,54664,1050,1265310
1790572350000,54658.4,54660,54654.6,54656,2040,1264560
1790572380000,54670,54670,54651,54651,930,1264560
1790572410000,54651,54656,54649,54654.4,780,1264770
1790572440000,54654.4,54665,54654.4,54654.4,930,1264770
1790572470000,54655,54665,54654.4,54665,1080,1263600
1790572500000,54656.8,54667.4,54652.6,54658.4,1170,1263600
1790572530000,54658.4,54671,54658.4,54671,750,1263510
1790572560000,54671,54673,54663.8,54672.8,1350,1263510
1790572590000,54670.4,54679.8,54666.2,54668.4,1350,1264470
1790572620000,54668.4,54673,54668.4,54673,330,1264470
1790572650000,54673,54680,54663,54665.6,1410,1264620
1790572680000,54667.2,54667.2,54654,54654,1170,1264620
1790572710000,54654,54679,54654,54665.2,660,1264740
1790572740000,54679,54679,54647,54647,600,1264740
1790572770000,54650,54650,54630,54641.2,1050,1262790
1790572800000,54643.8,54664.8,54640,54663.2,1680,1262790
1790572830000,54663.2,54664.8,54642.6,54650,990,1263750
1790572860000,54630,54642.4,54630,54640.2,420,1263750
1790572890000,54640.2,54660,54632.4,54641,720,1263300
1790572920000,54641,54660,54636.2,54642,4410,1263300
1790572950000,54642,54660,54642,54642,1530,1262340
1790572980000,54642,54651,54642,54646,570,1262340
1790573010000,54646,54646,54639.4,54646,1230,1262550
1790573040000,54650,54674.4,54648,54663.4,1410,1262550
1790573070000,54669.8,54680,54665,54680,1530,1261650
1790573100000,54680,54700,54680,54691.6,390,1261650
1790573130000,54691.6,54715,54690.4,54715,600,1261620
1790573160000,54715,54716.4,54706.6,54716.4,810,1261620
1790573190000,54716.4,54729.6,54709,54712.8,960,1259220
1790573220000,54711,54718.2,54701.2,54701.2,1020,1259220
1790573250000,54718,54718,54700.4,54700.4,420,1259190
1790573280000,54700.4,54700.4,54694.8,54700.4,900,1259190
1790573310000,54700.4,54703.6,54692.8,54703.6,480,1259370
1790573340000,54703.6,54717.8,54703.6,54717.8,480,1259370
1790573370000,54717.8,54717.8,54692.8,54692.8,900,1258890
1790573400000,54692.8,54692.8,54670.8,54670.8,990,1258890
1790573430000,54681.4,54681.4,54663.4,54673.2,570,1258470
1790573460000,54680,54680,54670,54680,210,1258470
1790573490000,54679.2,54692.6,54670.2,54688.4,300,1258830
1790573520000,54688.4,54696.8,54675.4,54675.4,480,1258830
1790573550000,54675.6,54700,54675.6,54700,510,1259220
1790573580000,54701.2,54701.2,54680,54680,3210,1259220
1790573610000,54680,54690,54669.4,54669.4,1110,1259700
1790573640000,54669.4,54675.2,54669.4,54675,450,1259700
1790573670000,54663.6,54675,54650,54651.4,900,1259700
1790573700000,54651.4,54670,54651.4,54655.6,450,1258350
1790573730000,54655.6,54655.6,54648.8,54650.4,900,1258650
1790573760000,54650.4,54660,54650.4,54660,990,1258650
1790573790000,54660,54660.6,54660,54660.6,330,1258740
1790573820000,54670,54670,54660.4,54669.8,360,1258740
1790573850000,54669.8,54669.8,54659.6,54659.6,210,1258830
1790573880000,54659.6,54659.6,54630.4,54636,1050,1258830
1790573910000,54637.4,54637.6,54637.4,54637.6,690,1258770
1790573940000,54637.6,54645.6,54635,54635,1020,1258770
1790573970000,54635,54638.8,54629.8,54638.8,3390,1254090
1790574000000,54632,54637.4,54632,54632,750,1254090
1790574030000,54630.2,54632,54630.2,54632,450,1253640
1790574060000,54632,54632.2,54625.2,54631.8,1080,1253640
1790574090000,54631.8,54645,54625.4,54625.4,600,1253880
1790574120000,54625.2,54645.6,54625.2,54625.2,480,1253880
1790574150000,54625.2,54641,54625.2,54640,390,1253880
1790574180000,54640,54640,54625.2,54626,450,1253880
1790574210000,54626,54626,54625,54625,330,1254060
1790574240000,54625,54626,54622.2,54626,1020,1254060
1790574270000,54649.6,54649.6,54625,54629.2,1230,1254030
1790574300000,54627.2,54650,54627.2,54650,360,1254030
1790574330000,54650,54656.6,54640.4,54640.4,1740,1254450
1790574360000,54640.4,54640.4,54627,54640.4,930,1254450
1790574390000,54640.4,54640.4,54630,54630,1170,1254810
1790574420000,54630,54630,54623.2,54623.2,720,1254810
1790574450000,54623.2,54630,54617.4,54620.6,840,1254720
1790574480000,54620.6,54625.6,54619.8,54625.6,990,1254720
1790574510000,54630,54656.6,54628.8,54650.2,1050,1254660
1790574540000,54650.2,54688,54648.2,54662.8,1620,1254660
1790574570000,54662.8,54668,54660,54660,360,1252260
1790574600000,54660,54676,54660,54676,180,1252260
1790574630000,54676,54676,54672,54672,450,1252260
1790574660000,54672,54676,54672,54676,450,1252350
1790574690000,54676,54676,54669.2,54671,240,1252380
1790574720000,54671,54676,54671,54676,450,1252380
1790574750000,54676,54680,54676,54680,210,1252380
1790574780000,54680,54683,54666.6,54671,450,1252410
1790574810000,54671,54675,54664,54664,450,1251900
1790574840000,54675,54675,54660.8,54664.8,450,1251900
1790574870000,54664.8,54664.8,54655.8,54656,300,1251900
1790574900000,54657.6,54657.6,54657.6,54657.6,510,1251510
1790574930000,54657.6,54669,54650,54658.4,330,1251450
1790574960000,54658.4,54658.4,54650.6,54658.4,510,1251450
1790574990000,54658.4,54659,54654.8,54659,330,1251120
1790575020000,54659,54669,54659,54669,270,1251120
1790575050000,54669,54670.4,54659.8,54669.6,660,1251120
1790575080000,54672.2,54681.6,54672.2,54679.4,930,1250850
1790575110000,54679.4,54689,54679.4,54689,210,1250850
1790575140000,54680.2,54698.6,54680,54698.6,480,1250820
1790575170000,54698.6,54698.8,54681,54683.4,990,1250820
1790575200000,54683.4,54708,54683.4,54708,510,1248990
1790575230000,54710,54716.2,54709.4,54716.2,600,1248990
1790575260000,54716.2,54730.2,54710,54728.6,840,1248780
1790575290000,54728.6,54728.6,54692.8,54704.6,1740,1247640
1790575320000,54704.6,54708,54694.2,54708,270,1247640
1790575350000,54708,54720,54664.4,54667.4,5580,1247340
1790575380000,54669.2,54669.2,54667.2,54667.2,180,1247340
1790575410000,54667.2,54667.2,54650,54650,900,1247340
1790575440000,54650,54672.8,54650,54650.2,660,1245750
1790575470000,54650.2,54660,54650.2,54650.2,210,1245750
1790575500000,54650.2,54650.2,54650.2,54650.2,330,1245420
1790575530000,54650.2,54650.2,54650,54650.2,360,1245420
1790575560000,54650.2,54675,54650.2,54675,390,1245150
1790575590000,54662.4,54675,54662.4,54668.8,600,1245150
1790575620000,54675,54700,54672.2,54672.2,600,1244730
1790575650000,54672.2,54679.2,54672.2,54679.2,5280,1243410
1790575680000,54679.2,54716.2,54679.2,54716.2,1020,1243410
1790575710000,54717.6,54719,54717.6,54717.8,330,1243410
1790575740000,54719,54719,54717.8,54717.8,390,1243530
1790575770000,54717.8,54719,54705.4,54707.8,120,1243530
1790575800000,54707.8,54707.8,54707.8,54707.8,210,1242720
1790575830000,54707.8,54712.8,54707.8,54712.8,150,1242720
1790575860000,54712.8,54750,54712.8,54750,840,1241430
1790575890000,54750,54751,54743.8,54743.8,360,1241430
1790575920000,54744,54751,54743.2,54751,510,1240920
1790575950000,54738.4,54738.4,54738.4,54738.4,930,1240920
1790575980000,54738.4,54738.4,54734.2,54738.4,540,1240920
1790576010000,54738.4,54746.2,54738.4,54740,360,1240920
1790576040000,54740,54740,54718.8,54728.6,750,1239990
1790576070000,54728.6,54728.6,54728.2,54728.2,240,1239990
1790576100000,54728.2,54748,54728.2,54748,630,1239750
1790576130000,54748,54748,54738.4,54738.4,660,1239750
1790576160000,54744.6,54744.6,54737.6,54737.6,270,1239240
1790576190000,54737.6,54747,54736.6,54740.2,660,1239240
1790576220000,54740.2,54740.6,54735,54738.2,360,1238880
1790576250000,54738.2,54740,54730,54730,180,1238880
1790576280000,54730,54730,54703.4,54716.8,450,1238850
1790576310000,54716.8,54719.2,54709,54713.8,390,1238850
1790576340000,54713.8,54713.8,54709.6,54711,450,1234620
1790576370000,54705,54705,54702.6,54702.6,300,1234620
1790576400000,54704,54709.2,54704,54709.2,270,1234020
1790576430000,54709.2,54709.2,54702.2,54702.2,330,1234020
1790576460000,54705,54710,54689.2,54704.6,330,1234050
1790576490000,54704.6,54704.6,54680.6,54690.2,930,1234050
1790576520000,54690.2,54707.4,54685.2,54685.2,600,1233450
1790576550000,54685.2,54696.8,54685.2,54696.8,210,1233450
1790576580000,54696.8,54704.2,54696.8,54704.2,600,1233300
1790576610000,54689.8,54695.8,54689.8,54695.8,1080,1233300
1790576640000,54704.8,54704.8,54693.8,54693.8,270,1231200
1790576670000,54693.8,54693.8,54693.8,54693.8,240,1231200
1790576700000,54693.8,54697.6,54682.8,54689.4,930,1231260
1790576730000,54676.2,54689.4,54676.2,54689.4,180,1231260
1790576760000,54689.4,54689.4,54654.6,54658.2,1050,1230390
1790576790000,54658.2,54658.2,54658.2,54658.2,240,1230390
1790576820000,54658.2,54658.2,54658.2,54658.2,120,1229520
1790576850000,54658.2,54680.6,54658.2,54680,270,1229520
1790576880000,54680.6,54680.6,54680,54680,210,1229580
1790576910000,54680,54680,54680,54680,90,1229580
1790576940000,54680,54680,54680,54680,210,1229610
1790576970000,54680.6,54698.4,54680.6,54698.4,570,1229610
1790577000000,54698.4,54698.4,54690,54690,300,1228020
1790577030000,54698.4,54700,54698.4,54700,210,1228020
1790577060000,54684.2,54704.8,54684.2,54701.8,510,1227870
1790577090000,54701.8,54701.8,54700,54700,210,1227870
1790577120000,54700,54700,54700,54700,180,1227540
1790577150000,54678.4,54692.2,54678.4,54692.2,270,1227540
1790577180000,54690,54690,54681.4,54681.4,750,1227420
1790577210000,54674.6,54675.2,54674.6,54675.2,420,1227420
1790577240000,54675.2,54677.8,54675.2,54677.8,510,1225770
1790577270000,54681.2,54700,54681.2,54700,510,1225770
1790577300000,54700,54700,54671.8,54697.4,90,1225770
1790577330000,54697.4,54697.4,54681.6,54686.6,840,1225770
1790577360000,54686.6,54700,54686.6,54700,660,1225200
1790577390000,54700,54700,54699,54699,210,1225200
1790577420000,54693.8,54699,54693.8,54699,210,1225050
1790577450000,54699,54700,54699,54700,180,1225050
1790577480000,54685.6,54700,54685.6,54700,300,1225110
1790577510000,54700,54700,54677,54677,210,1225110
1790577540000,54677,54677,54677,54677,90,1223910
1790577570000,54677,54699,54676.8,54699,300,1223910
1790577600000,54699,54699,54699,54699,150,1223940
1790577630000,54699,54699,54699,54699,90,1223940
1790577660000,54699,54699,54689.4,54699,300,1223610
1790577690000,54699,54699,54675,54675,360,1223610
1790577720000,54675,54675,54675,54675,150,1223520
1790577750000,54675,54675.8,54675,54675.8,450,1223520
1790577780000,54675.8,54680.4,54675.2,54680.4,360,1223670
1790577810000,54680.4,54680.4,54680.4,54680.4,240,1223670
1790577840000,54680.4,54682.2,54675.8,54682.2,870,1223760
1790577870000,54682.2,54699,54682.2,54693.2,390,1223760
1790577900000,54693.2,54698,54693.2,54695.2,360,1222560
1790577930000,54695.2,54695.2,54677.8,54677.8,180,1222560
1790577960000,54691.6,54691.6,54677.8,54677.8,180,1222440
1790577990000,54677.8,54691,54677.8,54691,300,1222440
1790578020000,54691,54691,54691,54691,180,1222530
1790578050000,54691,54691,54682,54682,150,1222530
1790578080000,54682,54682,54677.6,54680,540,1222380
1790578110000,54680,54686.8,54680,54686.8,450,1222380
1790578140000,54686.8,54691,54686.8,54691,240,1222350
1790578170000,54691,54691,54687,54691,180,1222350
1790578200000,54697,54697,54697,54697,180,1221150
1790578230000,54698,54698,54698,54698,270,1221150
1790578260000,54698,54698,54695,54698,390,1221090
1790578290000,54698,54698,54693,54695,570,1221090
1790578320000,54695,54699,54695,54698.2,510,1220460
1790578350000,54698.2,54698.2,54693.8,54693.8,390,1220460
1790578380000,54693.8,54699,54693.8,54699,180,1219590
1790578410000,54699,54699,54699,54699,390,1219590
1790578440000,54699,54699,54695,54699,150,1218690
1790578470000,54699,54699,54697.8,54699,210,1218690
1790578500000,54699,54712,54699,54712,1050,1218660
1790578530000,54712,54728,54712,54728,630,1218660
1790578560000,54728,54739.6,54724.4,54737,510,1217730
1790578590000,54737,54740,54735.2,54740,660,1217730
1790578620000,54725.4,54735.6,54725.4,54735.6,2370,1216680
1790578650000,54735.6,54735.6,54734.4,54734.4,1080,1216680
1790578680000,54734.4,54734.4,54728.6,54728.6,270,1213650
1790578710000,54728.6,54729.6,54728.6,54729.6,180,1213650
1790578740000,54729.6,54733,54729.6,54733,150,1212060
1790578770000,54733,54747,54733,54747,300,1212060
1790578800000,54747,54748,54742.8,54742.8,300,1212000
1790578830000,54742.8,54742.8,54729.2,54729.2,120,1212000
1790578860000,54729.2,54735.6,54729,54729,180,1211340
1790578890000,54729,54740,54729,54733,330,1211340
1790578920000,54733,54737.8,54716.8,54716.8,390,1210920
1790578950000,54716.8,54737,54716.8,54737,180,1210920
1790578980000,54737,54737.2,54689.4,54689.4,990,1210770
1790579010000,54689.4,54697.8,54689.4,54697.8,270,1210770
1790579040000,54697.8,54697.8,54680.2,54680.2,300,1209630
1790579070000,54680.2,54696,54680.2,54692.8,480,1209630
1790579100000,54692.8,54692.8,54688.8,54688.8,570,1209150
1790579130000,54688.8,54688.8,54688.8,54688.8,150,1209150
1790579160000,54688.8,54695,54688.8,54695,210,1208040
1790579190000,54695,54695,54680,54680,360,1208040
1790579220000,54680,54695,54680,54687.6,150,1207350
1790579250000,54687.6,54690.6,54681,54681,270,1207350
1790579280000,54681,54697.8,54681,54697.8,240,1207590
1790579310000,54697.8,54697.8,54687.6,54687.6,120,1207590
1790579340000,54681.2,54681.2,54681.2,54681.2,330,1207050
1790579370000,54681.2,54681.2,54675.2,54680,780,1207050
1790579400000,54680,54688,54680,54688,420,1206120
1790579430000,54688,54697.8,54688,54697.8,510,1206120
1790579460000,54697.8,54697.8,54678.4,54697,330,1205820
1790579490000,54697,54697,54677.4,54679.8,690,1205820
1790579520000,54679.8,54684,54679.8,54684,300,1205790
1790579550000,54684,54697,54684,54690.6,210,1205790
1790579580000,54690.6,54700,54689.8,54700,1650,1205760
1790579610000,54722.8,54722.8,54707.6,54707.6,570,1205760
1790579640000,54706,54706,54706,54706,120,1205760
1790579670000,54706,54706,54706,54706,90,1203390
1790579700000,54693,54699.6,54683.8,54683.8,300,1203450
1790579730000,54683.8,54683.8,54683.8,54683.8,90,1203450
1790579760000,54683.8,54683.8,54683.8,54683.8,150,1203450
1790579790000,54683.8,54710,54683.8,54696,3330,1203030
1790579820000,54695,54710,54691.2,54691.2,450,1202520
1790579850000,54678.4,54713.4,54678.4,54713.4,690,1202520
1790579880000,54713.4,54713.4,54713.4,54713.4,480,1202220
1790579910000,54713.4,54713.4,54690.2,54699.8,300,1202220
1790579940000,54699.8,54699.8,54679,54681,240,1201470
1790579970000,54681,54686.6,54680.2,54680.4,450,1201470
1790580000000,54680.4,54686.2,54680.4,54686.2,270,1201500
1790580030000,54687.4,54700,54682.2,54682.2,420,1201500
1790580060000,54682,54682,54666.2,54666.2,900,1201410
1790580090000,54666.2,54672.2,54657.8,54668.2,780,1201410
1790580120000,54668.2,54685,54666.2,54673.2,240,1201440
1790580150000,54669.2,54686.2,54651,54651.2,870,1201440
1790580180000,54651.4,54663.4,54635.6,54655.2,570,1201320
1790580210000,54660.2,54660.2,54659,54659,480,1201320
1790580240000,54665.2,54690,54665.2,54669,480,1201200
1790580270000,54669,54690,54666,54668,390,1201200
1790580300000,54668,54672.2,54660.6,54666.6,540,1201170
1790580330000,54668.4,54689.6,54662.8,54662.8,420,1201170
1790580360000,54662.8,54678,54658,54658,480,1201020
1790580390000,54651.8,54675,54651.8,54659.4,570,1201020
1790580420000,54659.4,54672,54659.4,54672,180,1201050
1790580450000,54672,54672,54647.6,54648.6,360,1201050
1790580480000,54648.6,54681.6,54648.6,54681.6,390,1201140
1790580510000,54681.6,54685,54664.4,54685,270,1201140
1790580540000,54685,54687.6,54666,54687.6,300,1201050
1790580570000,54687.6,54687.6,54664,54664.2,360,1201050
1790580600000,54664.2,54687.8,54663.4,54687.8,270,1200930
1790580630000,54687.8,54687.8,54650.4,54657.8,330,1200930
1790580660000,54657.8,54687.6,54657.8,54670,600,1200030
1790580690000,54670,54670,54670,54670,150,1200030
1790580720000,54670,54670,54660.4,54660.4,90,1200030
1790580750000,54660.4,54680.8,54657,54657,210,1200120
1790580780000,54657,54684,54657,54684,240,1200090
1790580810000,54684,54684,54683.8,54683.8,210,1200090
1790580840000,54683.8,54683.8,54650.2,54650.2,210,1200090
1790580870000,54650,54676,54644.8,54644.8,330,1200180
1790580900000,54644.8,54670,54644.8,54647,270,1199430
1790580930000,54647,54654.2,54645.6,54645.6,150,1199430
1790580960000,54645.6,54670,54645.6,54670,240,1199520
1790580990000,54655.4,54655.4,54645.2,54645.2,210,1199520
1790581020000,54645.2,54649.6,54635.2,54635.2,510,1199520
1790581050000,54635.2,54657.2,54635.2,54651.8,240,1199520
1790581080000,54639.6,54659.8,54631.4,54659.8,300,1199520
1790581110000,54659.8,54659.8,54632,54632.6,390,1199610
1790581140000,54633,54639,54633,54639,270,1199610
1790581170000,54650,54660,54650,54660,810,1199640
1790581200000,54660,54660,54656.8,54658,300,1199700
1790581230000,54658,54680,54658,54680,1740,1199700
1790581260000,54680,54694,54680,54690.2,510,1200180
1790581290000,54690.2,54695,54677.2,54679.2,1890,1200180
1790581320000,54676.2,54702.4,54676.2,54695,1890,1201680
1790581350000,54695,54695,54659.4,54659.4,3540,1201680
1790581380000,54663,54685,54660,54670,600,1201680
1790581410000,54680,54696,54670,54671.4,810,1202220
1790581440000,54671.4,54671.4,54668.4,54668.4,270,1201770
1790581470000,54668.4,54668.4,54664,54664,120,1201770
1790581500000,54664,54693.8,54660,54664.4,360,1201740
1790581530000,54664.4,54668,54664.4,54668,240,1201740
1790581560000,54668,54671,54664.8,54671,180,1201740
1790581590000,54671,54671,54660.2,54660.2,840,1201860
1790581620000,54680,54693,54680,54693,480,1201860
1790581650000,54673.8,54694.8,54673.8,54694.8,420,1201560
1790581680000,54694.8,54694.8,54667.8,54667.8,690,1201560
1790581710000,54667.8,54688.6,54667.8,54688.6,360,1201320
1790581740000,54669.8,54669.8,54669.8,54669.8,120,1201320
1790581770000,54663.4,54689.4,54660.8,54689.4,330,1201020
1790581800000,54680,54689.2,54664.8,54664.8,330,1201170
1790581830000,54664.8,54686.8,54660,54660,210,1201170
1790581860000,54660,54660.6,54660,54660.6,150,1201170
1790581890000,54660.6,54665.6,54660.6,54664.6,210,1200840
1790581920000,54664.6,54692,54664.6,54674,450,1200840
1790581950000,54674,54694.8,54674,54694.8,480,1200810
1790581980000,54694.8,54694.8,54677.2,54689.6,210,1200810
1790582010000,54689.6,54695,54683.4,54695,420,1200750
1790582040000,54686.6,54705,54686.6,54695.4,540,1200750
1790582070000,54695.4,54695.4,54685.2,54685.2,360,1200330
1790582100000,54685.2,54685.2,54677.2,54677.2,300,1200330
1790582130000,54677.2,54713.4,54677.2,54713.4,210,1200120
1790582160000,54713.4,54721,54713.4,54721,570,1200120
1790582190000,54721,54735.8,54712,54714,450,1199220
1790582220000,54724,54724,54711.6,54711.6,420,1199220
1790582250000,54711.6,54736,54701.8,54701.8,780,1198770
1790582280000,54701.8,54729.8,54695.4,54702.2,1620,1198770
1790582310000,54702.2,54720,54702.2,54708,510,1197360
1790582340000,54708,54727,54698.2,54727,1080,1197360
1790582370000,54717.6,54718.2,54698.4,54706.2,660,1194960
1790582400000,54706.2,54706.4,54692,54692,510,1194960
1790582430000,54692,54711.8,54684,54711.8,660,1193340
1790582460000,54711.8,54712,54684.6,54684.6,570,1193340
1790582490000,54682.8,54702,54677.8,54702,510,1192740
1790582520000,54677.8,54687,54675.2,54676,690,1192740
1790582550000,54676,54698.8,54670.2,54698.8,360,1192350
1790582580000,54679.6,54679.6,54679.6,54679.6,330,1192350
1790582610000,54679.6,54679.6,54661.8,54661.8,780,1192170
1790582640000,54661.8,54690.4,54645.6,54645.6,720,1192170
1790582670000,54645.6,54675.4,54645.6,54673.4,690,1191270
1790582700000,54673.4,54673.4,54651.8,54651.8,450,1191270
1790582730000,54651.8,54660.6,54647.2,54647.2,630,1191210
1790582760000,54647.2,54660,54647.2,54660,870,1191210
1790582790000,54660,54660,54642.2,54659.6,570,1190940
1790582820000,54652.2,54652.2,54650.2,54650.2,1350,1190940
1790582850000,54650.2,54650.2,54630.2,54630.2,1200,1190670
1790582880000,54630.2,54657,54630.2,54636.6,300,1190670
1790582910000,54636.6,54636.6,54636.6,54636.6,600,1191000
1790582940000,54636.6,54670.4,54636.6,54670.4,510,1191000
1790582970000,54651,54675,54651,54675,660,1190880
1790583000000,54685,54685,54670,54675,240,1190880
1790583030000,54675,54683.8,54658.4,54667.8,390,1190910
1790583060000,54667.8,54689,54667.8,54670.4,1230,1190910
1790583090000,54689,54689,54675.2,54675.2,1320,1190550
1790583120000,54675.2,54675.2,54673.4,54673.4,570,1190550
1790583150000,54673.4,54693.6,54661.6,54661.6,600,1190070
1790583180000,54661.6,54677.6,54650.2,54650.2,540,1190070
1790583210000,54650.2,54677.6,54650,54650,270,1190100
1790583240000,54641.6,54670,54641.6,54670,210,1190100
1790583270000,54670,54694.8,54670,54694.8,450,1190160
1790583300000,54660,54699.2,54660,54662.6,1650,1190160
1790583330000,54694.2,54698.8,54670,54670,660,1189890
1790583360000,54670,54670,54670,54670,210,1189890
1790583390000,54670,54684.6,54670,54684.6,270,1189290
1790583420000,54684.6,54696,54668.4,54668.4,960,1189290
1790583450000,54668.4,54689,54665,54689,390,1188360
1790583480000,54689,54689,54670,54670,300,1188360
1790583510000,54655.2,54671.6,54642.8,54650,510,1188210
1790583540000,54650,54660,54631,54631,540,1188210
1790583570000,54662.8,54662.8,54643.6,54643.6,210,1188180
1790583600000,54643.6,54648.2,54643.6,54647.6,300,1188180
1790583630000,54647.6,54675.2,54645.8,54645.8,240,1188300
1790583660000,54645.8,54670,54645.8,54670,120,1188300
1790583690000,54670,54670,54670,54670,180,1188420
1790583720000,54670,54675,54665,54675,270,1188420
1790583750000,54675,54686.2,54675,54686.2,180,1188660
1790583780000,54686.2,54688.6,54686.2,54688.6,210,1188660
1790583810000,54688.6,54688.6,54647,54647,240,1188780
1790583840000,54672.6,54673.6,54641.2,54666.2,870,1188780
1790583870000,54666.2,54666.2,54666.2,54666.2,120,1188150
1790583900000,54642.4,54643.4,54642.4,54643.4,210,1188150
1790583930000,54643.4,54666,54643.4,54666,150,1188300
1790583960000,54650.2,54670,54650.2,54670,1350,1188300
1790583990000,54670,54687,54670,54686.8,570,1187760
1790584020000,54658.4,54683.4,54658.4,54683.4,330,1187760
1790584050000,54683.4,54685,54642.8,54642.8,1020,1187370
1790584080000,54644,54663.6,54644,54654,570,1187370
1790584110000,54654,54654,54653.2,54653.2,540,1187220
1790584140000,54653.2,54680,54653.2,54675,330,1187220
1790584170000,54675,54675,54658,54658,270,1187160
1790584200000,54658,54680,54658,54680,570,1187160
1790584230000,54659.6,54680,54654,54655,1260,1187280
1790584260000,54655,54680,54655,54672.6,570,1187280
1790584290000,54672.6,54672.6,54645,54645.2,870,1187340
1790584320000,54645.2,54645.2,54642.4,54642.4,270,1187340
1790584350000,54638.8,54669.8,54637.8,54640.2,630,1187070
1790584380000,54660,54667.8,54646,54655,300,1187070
1790584410000,54670,54670.8,54644.6,54670.8,390,1134240
1790584440000,54670.8,54675,54650,54675,210,1134240
1790584470000,54675,54675,54669.2,54669.2,270,1134210
1790584500000,54669.2,54669.8,54650.8,54650.8,180,1134210
1790584530000,54650.8,54650.8,54650.8,54650.8,210,1134000
1790584560000,54650.8,54663,54650.8,54663,540,1134000
1790584590000,54663,54663,54629.6,54629.6,870,1133670
1790584620000,54643.2,54652.2,54635,54635,270,1133670
1790584650000,54635.2,54635.4,54630,54630.8,270,1133340
1790584680000,54630.8,54660.6,54629.4,54660.6,510,1133340
1790584710000,54660.8,54660.8,54635.4,54660.6,660,1133220
1790584740000,54660.6,54660.6,54635,54635,690,1133220
1790584770000,54635,54645.4,54621.4,54621.4,2220,1133310
1790584800000,54621.4,54650.6,54621.4,54624.8,1440,1133310
1790584830000,54624.8,54650,54623,54650,900,1133280
1790584860000,54647.6,54650,54634.6,54650,360,1133280
1790584890000,54640,54650,54633.2,54648,450,1133220
1790584920000,54650,54674.8,54636.2,54674.8,870,1133220
1790584950000,54674.8,54674.8,54639,54639,180,1132950
1790584980000,54640.4,54654.8,54625.2,54625.2,450,1132950
1790585010000,54625.2,54645,54625.2,54645,240,1132950
1790585040000,54640,54640,54621.8,54625.2,270,1133130
1790585070000,54625.2,54645,54625.2,54645,300,1133190
1790585100000,54645,54649,54640,54645,210,1133190
1790585130000,54628.6,54628.6,54600,54600,990,1133070
1790585160000,54600.6,54612,54586.8,54592.6,720,1133070
1790585190000,54592.6,54615,54592.6,54593.4,360,1132770
1790585220000,54593.4,54613.8,54593.4,54600,270,1132770
1790585250000,54600,54615,54577.8,54580,630,1132770
1790585280000,54577.8,54580,54550,54552,2670,1132770
1790585310000,54552,54575,54535.6,54544.6,3570,1132380
1790585340000,54544.6,54574,54540.2,54574,2610,1132380
1790585370000,54549.2,54573.4,54543.6,54569.8,540,1134630
1790585400000,54569.8,54590,54564,54564,1140,1134630
1790585430000,54575.6,54586,54564.2,54570,360,1134510
1790585460000,54570,54599,54570,54599,270,1134510
1790585490000,54599,54599,54575.8,54593,1530,1134690
1790585520000,54593,54593,54563,54563,1860,1134690
1790585550000,54563,54571,54563,54571,2280,1137420
1790585580000,54567.8,54567.8,54557.4,54557.4,1620,1137420
1790585610000,54557.4,54593,54557.4,54567,1290,1140720
1790585640000,54571.6,54593,54571.6,54593,540,1140720
1790585670000,54593,54593,54593,54593,150,1141020
1790585700000,54593,54593,54583,54583,420,1141020
1790585730000,54593,54598,54577.2,54598,480,1141020
1790585760000,54584.8,54599,54581.6,54585.2,1650,1141020
1790585790000,54585.2,54599,54583.2,54585,870,1140870
1790585820000,54583.2,54590.4,54583.2,54590,1260,1140870
1790585850000,54590,54610,54590,54610,1530,1142100
1790585880000,54600,54600,54585.4,54593,1380,1142100
1790585910000,54592.6,54600,54571,54571,1200,1142010
1790585940000,54579.8,54591.2,54579.8,54591,930,1142010
1790585970000,54591,54591,54577.8,54580,990,1141860
1790586000000,54580,54610,54580,54600,1260,1141860
1790586030000,54600,54610,54594.6,54603.6,1440,1141770
1790586060000,54603.8,54615,54597.8,54597.8,1170,1141770
1790586090000,54597.8,54610,54588.8,54588.8,630,1141770
1790586120000,54589,54599.2,54574.4,54574.4,1680,1142400
1790586150000,54598.6,54598.6,54563.6,54580.2,630,1142220
1790586180000,54586.4,54588.4,54563.6,54573.6,1920,1142220
1790586210000,54563.8,54573.4,54562,54565.4,2040,1142220
1790586240000,54565.4,54584.8,54555,54556,300,1145790
1790586270000,54556,54575,54555,54555,540,1145760
1790586300000,54555,54575,54555,54575,450,1145760
1790586330000,54575,54575,54565,54570,480,1145610
1790586360000,54570.2,54584,54570.2,54582.8,1080,1145610
1790586390000,54590,54590,54568.2,54570,7410,1145010
1790586420000,54570,54570.2,54570,54570.2,900,1145010
1790586450000,54570,54570,54555.2,54555.2,2520,1144980
1790586480000,54550,54565.6,54542.8,54565.6,3270,1144980
1790586510000,54565.6,54565.6,54525.2,54525.2,1080,1145010
1790586540000,54525.2,54525.2,54514.6,54520.6,1890,1145010
1790586570000,54520.6,54530,54514.2,54524,1140,1145070
1790586600000,54524,54534,54524,54534,330,0
1790586630000,54528.8,54535,54524,54524,960,0
1790586660000,54535,54540,54533.4,54540,990,1145160
1790586690000,54540,54549.8,54527,54537.2,1140,1145460
1790586720000,54549,54549,54525.2,54538.2,480,1145460
1790586750000,54538.2,54538.2,54526.2,54526.2,750,1142910
1790586780000,54511.8,54525.6,54511.8,54514.8,540,1142910
1790586810000,54514.8,54535,54514.8,54522.2,360,1143270
1790586840000,54522.2,54529,54519.2,54519.2,570,1143270
1790586870000,54518.6,54525,54505.8,54525,1710,1142730
1790586900000,54525,54538.2,54519.8,54526.2,660,1142730
1790586930000,54526.2,54540,54524.4,54540,1140,1142040
1790586960000,54540,54550,54540,54550,690,1142040
1790586990000,54545.2,54560,54545.2,54556.8,420,1141740
1790587020000,54556.8,54565.6,54556.8,54565,360,1141740
1790587050000,54552.8,54565.6,54552.8,54565.2,390,1138020
1790587080000,54565,54565,54565,54565,240,1138020
1790587110000,54565.2,54574.8,54555,54574.8,480,1137930
1790587140000,54574.8,54580,54574.6,54580,1200,1137930
1790587170000,54580,54589,54574.8,54588,480,1137990
1790587200000,54588,54590,54588,54590,150,1137990
1790587230000,54590,54590,54581.2,54590,390,1138020
1790587260000,54590,54590,54577,54587.4,570,1138020
1790587290000,54587.4,54587.4,54553.8,54553.8,1350,1137750
1790587320000,54581.8,54581.8,54551.6,54580,1170,1137750
1790587350000,54580,54582.8,54552.8,54582.8,960,1137750
1790587380000,54582.8,54582.8,54569,54569,390,1136220
1790587410000,54582,54584.4,54567.4,54584.4,810,1136160
1790587440000,54584.4,54590,54579,54579,330,1136160
1790587470000,54568.4,54588.4,54568.4,54568.4,330,1136160
1790587500000,54568.4,54590,54568.4,54581,450,1136130
1790587530000,54581,54581,54581,54581,150,1136190
1790587560000,54581,54581,54581,54581,1050,1136190
1790587590000,54581,54581,54574.8,54574.8,360,1136220
1790587620000,54574.8,54575,54572,54575,210,1136220
1790587650000,54570,54580,54570,54570.6,450,1136190
1790587680000,54570.6,54570.6,54570.6,54570.6,510,1136190
1790587710000,54570.6,54570.6,54555,54555,360,1136190
1790587740000,54550,54557,54537.8,54552.8,570,1136430
1790587770000,54557,54565,54548.6,54565,330,1136430
1790587800000,54568.6,54568.6,54549,54561.4,570,1136370
1790587830000,54561.4,54561.4,54556,54556.6,450,1136370
1790587860000,54561.4,54565,54560.8,54562.6,420,1136280
1790587890000,54562.6,54569.2,54556.4,54569.2,600,1136280
1790587920000,54565,54565,54541.2,54554.8,510,1136310
1790587950000,54554.4,54555,54537.2,54555,390,1135230
1790587980000,54555,54572.6,54555,54566,2250,1135230
1790588010000,54580,54580,54571,54571,1140,1135230
1790588040000,54580,54590,54580,54590,630,1135950
1790588070000,54580,54590,54574.8,54586.2,1320,1135950
1790588100000,54573,54573,54554.8,54573,1140,1135740
1790588130000,54573,54573,54557,54573,1050,1135740
1790588160000,54555.8,54563,54555.8,54556.2,540,1135500
1790588190000,54556.2,54565,54555.8,54564.4,1020,1135500
1790588220000,54563.2,54573,54558,54558,1920,1135020
1790588250000,54558,54561.4,54547,54550.2,1920,1135020
1790588280000,54561,54570,54553.6,54561.2,1830,1134360
1790588310000,54562.2,54570,54555.8,54555.8,840,1134360
1790588340000,54555.8,54566.4,54555.8,54563,630,1134030
1790588370000,54563,54570.6,54561.6,54561.6,960,1134030
1790588400000,54563,54573.8,54562.8,54572.8,2790,1133820
1790588430000,54572.8,54575,54564,54575,1380,1133820
1790588460000,54572.2,54572.2,54562.6,54566,1470,1133160
1790588490000,54566,54570,54566,54570,330,1133160
1790588520000,54568,54568,54562,54563.2,330,1133370
1790588550000,54564,54564,54556.2,54558,690,1133370
1790588580000,54558,54558,54544.4,54557.8,1410,1133010
1790588610000,54556,54560,54548.4,54560,2370,1133010
1790588640000,54560,54560,54548.6,54548.6,990,1131060
1790588670000,54550,54559.6,54550,54559.6,930,1131060
1790588700000,54553.6,54559.8,54553.4,54559.8,360,1131480
1790588730000,54558.6,54560,54554.4,54560,780,1131480
1790588760000,54560,54560,54552.8,54552.8,930,1131300
1790588790000,54552.8,54552.8,54540,54540,1350,1131300
1790588820000,54540,54555.4,54535.6,54546.4,540,1128240
1790588850000,54546.4,54549.8,54537.6,54539.8,1530,1128240
1790588880000,54545,54545,54535.4,54536.2,930,1128000
1790588910000,54536.4,54549,54536.2,54542.8,1170,1128000
1790588940000,54542.8,54545.6,54535.4,54538.8,870,1128180
1790588970000,54538.8,54538.8,54526,54526,420,1128180
1790589000000,54535,54561.4,54535,54550,1770,1128180
1790589030000,54550,54560,54538,54547.2,2070,1128180
1790589060000,54537.4,54542.2,54526.4,54540.4,900,1127310
1790589090000,54540.4,54554.4,54539.2,54550,600,1127310
1790589120000,54550,54552,54538,54546.8,420,1126830
1790589150000,54546.8,54546.8,54537.8,54543.6,480,1126830
1790589180000,54543.6,54543.6,54536.4,54538,480,1126710
1790589210000,54537.6,54545,54537.6,54545,1110,1126710
1790589240000,54545.2,54545.2,54540,54545,360,1126500
1790589270000,54545.2,54578,54545.2,54578,1680,1126500
1790589300000,54577.2,54587.4,54575,54580.2,1860,1125390
1790589330000,54582.4,54588,54579.2,54586.2,1380,1125390
1790589360000,54585,54585,54549.6,54549.6,570,1124730
1790589390000,54549.6,54569.6,54549.6,54567.8,540,1124730
1790589420000,54567.8,54575,54543.8,54543.8,1500,1124250
1790589450000,54543.8,54560.8,54543.8,54560.8,180,1124250
1790589480000,54561,54561,54550.4,54560.2,330,1122510
1790589510000,54560.2,54560.2,54550.4,54550.6,570,1122510
1790589540000,54560,54570,54548.4,54565,570,1122120
1790589570000,54547.2,54565,54546.6,54551,1500,1122120
1790589600000,54551.8,54553.4,54546.2,54548.8,1080,1122120
1790589630000,54548.2,54566,54548.2,54552.6,270,1122120
1790589660000,54552.6,54558,54552.6,54558,90,1121880
1790589690000,54558,54558,54554.2,54554.6,30,1121880
1790589720000,54554.6,54560.6,54554.6,54558.8,570,1121790
1790589750000,54561.4,54570,54560,54570,1770,1121790
1790589780000,54570,54574,54570,54574,210,1120980
1790589810000,54570,54575,54570,54575,60,1120980
1790589840000,54570,54575,54565,54565,120,1118490
1790589870000,54575,54575,54557.2,54562.4,300,1118490
1790589900000,54564.2,54575,54564.2,54575,300,1117470
1790589930000,54575,54578,54575,54578,330,1117470
1790589960000,54578,54578,54565,54566.2,1050,1116960
1790589990000,54566.2,54577,54565,54565,1620,1116960
1790590020000,54565,54565,54555,54555,870,1116570
1790590050000,54555,54559.8,54544.2,54559.8,360,1116570
1790590080000,54560,54575,54542.2,54559.8,2910,1115310
1790590110000,54559.8,54559.8,54544.6,54544.6,120,1115310
1790590140000,54544.6,54557,54544.6,54545.2,240,1114620
1790590170000,54545.2,54560,54539.8,54560,570,1114620
1790653500000,54328,54418,54300.4,54355.8,3450,991020
1790653530000,54334,54461,54329.4,54452.2,2250,991020
1790653560000,54430.6,54449.8,54352.8,54356.6,3630,988530
1790653590000,54362.6,54385.2,54356.4,54370,1020,988530
1790653620000,54365.2,54412.2,54365,54388.2,2190,985500
1790653650000,54387.6,54418.6,54355,54361.2,3090,985500
1790653680000,54353.8,54369.2,54322.6,54358.6,3960,981690
1790653710000,54358.6,54358.6,54306.6,54330,4140,981690
1790653740000,54305.8,54342.6,54305.8,54338,5190,972390
1790653770000,54338,54340,54282,54315,4200,972390
1790653800000,54320,54320,54275.2,54275.6,1830,969810
1790653830000,54279.2,54288,54231.2,54231.2,6390,969810
1790653860000,54231.2,54232.6,54144,54161,4860,969480
1790653890000,54160,54162,54109,54139.2,5400,969480
1790653920000,54139.2,54143,54101.4,54111.8,2670,966150
1790653950000,54121.6,54127,54056.2,54101,3180,966150
1790653980000,54120,54139.6,54100.4,54128.6,2730,962790
1790654010000,54121,54124,54102.8,54120,2250,962790
1790654040000,54120,54120,54088.2,54097.2,960,960870
1790654070000,54062.4,54100,54062.4,54087.8,1740,960870
1790654100000,54088.8,54100,54055.2,54068,2370,958290
1790654130000,54068,54075,54027.4,54057.8,2700,958290
1790654160000,54074.2,54074.2,54053,54070,2100,955860
1790654190000,54060.2,54060.2,53982.2,54011.2,2790,955860
1790654220000,54010,54011.2,53980,53982,1680,952800
1790654250000,53993,54000,53966,53975,1380,952800
1790654280000,53976,53985,53966.2,53966.2,1680,950400
1790654310000,53967,53970,53948,53948.8,2010,950400
1790654340000,53948.8,53960,53938.6,53948,2460,947520
1790654370000,53948,53960,53940.4,53960,1530,947520
1790654400000,53955.2,53995,53955.2,53973.6,1470,944970
1790654430000,53959.8,53998.2,53959.8,53978.8,2010,944970
1790654460000,53977.4,53977.4,53950.2,53953,1830,944460
1790654490000,53953,53960.8,53950,53958.2,750,944460
1790654520000,53959.2,53976,53930.4,53930.4,2010,944460
1790654550000,53930.4,53943.2,53910.2,53917.8,960,942420
1790654580000,53918.2,53939.6,53905,53932.2,1530,939660
1790654610000,53932.2,53945.4,53923.2,53930,810,939660
1790654640000,53929.8,53938.4,53919,53933.6,2100,938370
1790654670000,53935.2,53950,53935.2,53939.8,1380,938370
1790654700000,53945.4,53949.4,53938.6,53946.4,1260,937530
1790654730000,53945,53945,53890.6,53901.4,4920,937530
1790654760000,53900,53900,53853.6,53868.6,1890,937380
1790654790000,53880.8,53888.6,53850.2,53877.2,2340,937380
1790654820000,53877.2,53884.4,53829.6,53837,2400,937380
1790654850000,53837,53874.8,53837,53868.2,1770,936990
1790654880000,53868.2,53868.2,53851,53851,1020,936990
1790654910000,53841.8,53874,53841.8,53859.4,960,934770
1790654940000,53870,53870,53850,53850,1740,934770
1790654970000,53852.6,53855.8,53836,53836,1380,933960
1790655000000,53846.6,53855,53844.2,53849.2,2700,933960
1790655030000,53870,53900,53850.2,53876.6,4920,933150
1790655060000,53876.6,53933.6,53869.4,53922,1560,933150
1790655090000,53924.2,53932.4,53913,53922.4,2460,930990
1790655120000,53922.4,53950,53917.6,53926.6,3630,930990
1790655150000,53929.4,53953,53928.2,53941.6,3120,928530
1790655180000,53949,53949,53895.6,53895.6,7650,928530
1790655210000,53910.2,53917.6,53889.2,53907.6,2010,933390
1790655240000,53907.6,53922.4,53891,53891,2070,933390
1790655270000,53891,53911.2,53889.8,53899.6,1320,929970
1790655300000,53899.6,53899.6,53895,53897.2,2190,929970
1790655330000,53895,53895,53841.6,53894,2400,928350
1790655360000,53898,53898,53863.8,53897.2,4200,928350
1790655390000,53894.4,53898,53878,53888.8,870,926550
1790655420000,53888.8,53912.4,53888.8,53911,1410,926550
1790655450000,53911,53924.8,53899.4,53914,1470,925200
1790655480000,53905,53905,53862.4,53889.6,660,925200
1790655510000,53889.6,53895,53889.6,53891,210,925200
1790655540000,53891,53891,53874,53877.4,1740,925200
1790655570000,53877.4,53892.8,53874.4,53874.4,270,925950
1790655600000,53880.2,53892.8,53870.2,53892.8,1020,925950
1790655630000,53881.4,53892.8,53870,53875.6,690,925680
1790655660000,53889,53889,53873.2,53873.6,870,925680
1790655690000,53880.8,53915,53880.2,53900.2,930,925740
1790655720000,53914.6,53924.2,53903.8,53924,1470,925740
1790655750000,53925,53925,53904.4,53918.6,600,925050
1790655780000,53918.6,53923,53904.6,53916.2,990,925050
1790655810000,53917,53920,53903.8,53905.2,570,925260
1790655840000,53905.2,53920,53905,53905.2,390,925260
1790655870000,53905.2,53934,53905.2,53934,750,925080
1790655900000,53937.2,53976.4,53934,53976.4,990,925080
1790655930000,53976.4,53981,53971,53975,1110,924600
1790655960000,53972.2,53976.8,53948.6,53950.6,1320,924600
1790655990000,53970,53979.4,53930.6,53930.6,3270,923130
1790656020000,53936.2,53941,53904.8,53921,2160,923130
1790656050000,53923.4,53960,53918.4,53960,1620,922140
1790656080000,53963.6,53971.6,53948.2,53970,930,922140
1790656110000,53970,53970,53922,53922,1290,921990
1790656140000,53918.8,53929,53906.4,53921,780,921990
1790656170000,53915,53924.8,53893,53893,1020,921570
1790656200000,53914.6,53914.6,53903.4,53904.2,840,921570
1790656230000,53908.8,53914.6,53896.8,53896.8,1440,921450
1790656260000,53909.2,53912,53873,53888,1680,921450
1790656290000,53889.8,53901.6,53869.6,53893.2,3450,913470
1790656320000,53880.8,53892.6,53863.4,53882.8,1710,913470
1790656350000,53881.6,53885,53850,53861,1710,910110
1790656380000,53861,53905.2,53861,53882.8,1770,910110
1790656410000,53900.6,53914.6,53882.8,53907.4,2730,909510
1790656440000,53905,53914.4,53882.8,53887.6,3030,909510
1790656470000,53887.6,53913.8,53885.8,53896.8,2490,910470
1790656500000,53899,53899,53866.6,53866.6,3300,910470
1790656530000,53870.2,53905.2,53867,53887.4,990,910170
1790656560000,53868.2,53888.8,53850,53852.8,1320,910170
1790656590000,53879,53890.4,53850.4,53861.6,960,909930
1790656620000,53887,53889.8,53855.2,53884.6,1620,909930
1790656650000,53850,53890,53850,53890,2010,909690
1790656680000,53889.8,53895,53853.6,53879,600,909690
1790656710000,53890,53906.8,53883.4,53906.8,720,909630
1790656740000,53899.4,53904.2,53885,53897.2,870,909630
1790656770000,53897.2,53897.2,53869.6,53889.4,1830,909660
1790656800000,53887.6,53895,53871.6,53894,690,909660
1790656830000,53874,53887.8,53856,53856,1380,910020
1790656860000,53876.8,53878.8,53856.2,53866.8,1230,910020
1790656890000,53866.4,53872.4,53852.2,53867.2,1740,910140
1790656920000,53856.2,53874.4,53852,53874.4,1350,910140
1790656950000,53875,53875,53852.6,53871.2,480,910380
1790656980000,53871.2,53871.2,53852.4,53852.6,330,910380
1790657010000,53852.2,53870,53843.6,53843.6,1440,910800
1790657040000,53843.2,53866.4,53843.2,53866.4,180,910800
1790657070000,53867.2,53870,53850.2,53869.2,690,910890
1790657100000,53855,53870,53855,53855.2,840,910890
1790657130000,53855.2,53880,53855.2,53866.2,780,910950
1790657160000,53866.2,53891.4,53865.2,53880,780,910950
1790657190000,53886.6,53886.6,53875,53881.2,930,910500
1790657220000,53881.2,53882,53872,53880,540,910500
1790657250000,53880,53880,53870,53877,1950,910890
1790657280000,53877,53883.8,53865.2,53870.4,900,910890
1790657310000,53875.4,53883.6,53865.2,53883.6,1620,911610
1790657340000,53881.4,53897,53865.2,53897,1050,911610
1790657370000,53888.8,53888.8,53875.8,53875.8,630,912600
1790657400000,53875.8,53875.8,53850,53863,2220,912600
1790657430000,53863.8,53869,53840.6,53869,1290,913230
1790657460000,53869,53869,53810,53841.4,2220,913230
1790657490000,53841.4,53842.6,53841.4,53842.6,360,914580
1790657520000,53818.6,53851.2,53818.6,53851.2,1140,914580
1790657550000,53851.2,53865.4,53828.6,53841,1470,914970
1790657580000,53843.2,53853.8,53821,53845,750,914970
1790657610000,53845,53854.4,53845,53852.8,870,914970
1790657640000,53853.2,53861.6,53840.6,53859.6,900,914970
1790657670000,53860.2,53869,53852.4,53865.2,1200,915690
1790657700000,53865.2,53870,53865.2,53870,420,915690
1790657730000,53871.6,53880,53859.2,53859.2,270,916290
1790657760000,53859.2,53899.8,53859.2,53899.8,1530,916290
1790657790000,53899.8,53900,53888.6,53900,420,916500
1790657820000,53900,53905.6,53892.4,53905.2,990,916500
1790657850000,53905.2,53906.2,53895,53901.8,1200,917190
1790657880000,53901.6,53902,53896.6,53902,600,917190
1790657910000,53902,53911,53895.6,53911,1290,917610
1790657940000,53911,53925,53910.6,53925,1080,917610
1790657970000,53925,53925,53901.2,53916.2,1410,917430
1790658000000,53908.2,53925,53908.2,53910.2,1680,917430
1790658030000,53911.8,53915.8,53903.8,53909.8,1650,917160
1790658060000,53909.8,53909.8,53901.6,53904,360,917160
1790658090000,53904.4,53904.4,53887.2,53887.2,780,917550
1790658120000,53887.2,53892.2,53876,53876,930,917550
1790658150000,53876,53884.4,53870.8,53870.8,1500,917700
1790658180000,53873.6,53885.4,53855,53855,1200,917700
1790658210000,53878.2,53878.2,53855,53855,210,917700
1790658240000,53855,53872.4,53855,53858.8,1140,918030
1790658270000,53858.8,53887.2,53858.8,53887.2,180,918030
1790658300000,53900,53903.6,53899.2,53903.6,510,916860
1790658330000,53909.2,53916,53893.4,53893.4,840,916410
1790658360000,53893.4,53901.4,53890.6,53890.6,330,916410
1790658390000,53890.6,53890.6,53890.6,53890.6,0,916410
1790658420000,53890.6,53910.2,53890.6,53910.2,540,915840
1790658450000,53910.2,53910.2,53871.6,53871.6,90,915960
1790658480000,53871.6,53900,53871.6,53900,1230,915960
1790658510000,53910.2,53915,53902.2,53915,390,916350
1790658540000,53920,53935,53920,53930.2,690,916350
1790658570000,53930.2,53938.2,53920,53938.2,630,915870
1790658600000,53928.6,53934.6,53925,53925,90,915870
1790658630000,53920.6,53926.8,53894.8,53905.2,660,915450
1790658660000,53905.2,53915,53905.2,53915,810,915450
1790658690000,53921.8,53930,53921.2,53930,630,914700
1790658720000,53930,53935,53921.6,53935,540,914700
1790658750000,53935,53945,53934,53945,240,913980
1790658780000,53945,53990,53945,53990,1320,913980
1790658810000,53990,53991,53973.2,53979,660,912990
1790658840000,53962.8,53979,53962.8,53979,660,912990
1790658870000,53982.8,53984,53967.6,53975,240,912750
1790658900000,53975,53978.6,53967,53967,1860,912750
1790658930000,53967,53967,53945.6,53960,960,914790
1790658960000,53960,53960,53950,53960,480,914790
1790658990000,53956.2,53956.6,53945.4,53947,1680,914790
1790659020000,53928,53928,53920,53920,2070,915180
1790659050000,53920,53930,53900,53930,840,914880
1790659080000,53919.4,53930.2,53890.2,53890.2,480,914880
1790659110000,53890,53900.4,53890,53900.4,180,914490
1790659140000,53900.4,53900.4,53900,53900.2,90,914490
1790659170000,53900.2,53910,53900,53910,330,914100
1790659200000,53910,53924,53900,53900,240,914100
1790659230000,53900,53911.2,53900,53911.2,1320,913740
1790659260000,53911.2,53930,53911.2,53930,3210,913740
1790659290000,53930,53930,53930,53930,1530,913740
1790659320000,53930,53930,53930,53930,360,918330
1790659350000,53930,53949,53930,53949,180,918120
1790659380000,53949,53949,53944.6,53944.6,810,918120
1790659410000,53944.6,53950,53944.4,53950,510,918180
1790659440000,53950,53960,53950,53960,270,918180
1790659470000,53967,53967,53960,53960.4,570,917280
1790659500000,53960.4,53979.8,53960.4,53979.8,360,917280
1790659530000,53991,53995,53980,53980,870,917280
1790659560000,53980,53995,53980,53995,1260,916680
1790659590000,53992.2,53995,53992.2,53992.6,570,915660
1790659620000,53992.6,53998.8,53992.6,53994.8,210,915660
1790659650000,53998.8,54000,53995,54000,1200,915030
1790659680000,54000,54048,54000,54032.4,2640,915030
1790659710000,54031.4,54035,53999.2,54000.2,780,914160
1790659740000,54000.2,54033.2,54000.2,54011.6,900,914160
1790659770000,54011.6,54028.8,54010,54010,270,914160
1790659800000,54010,54025,53996.6,53996.6,210,914550
1790659830000,54015,54015,54004.6,54004.8,570,914550
1790659860000,54000,54000,53985.6,53988.8,1260,914430
1790659890000,53988.8,53988.8,53988.6,53988.6,420,914430
1790659920000,53982,53982,53950,53950,3540,913680
1790659950000,53950,53950,53949.8,53950,2280,912000
1790659980000,53965,53980,53956.4,53980,330,912000
1790660010000,53980,53980,53969.4,53974.8,180,912000
1790660040000,53974.8,53974.8,53935,53972,1350,911700
1790660070000,53973.4,53975,53951.8,53975,390,910560
1790660100000,53972.8,53972.8,53935.6,53962.2,930,910560
1790660130000,53961.4,53961.4,53950,53961,270,910560
1790660160000,53961,53961,53961,53961,0,910560
1790660190000,53981.4,53981.4,53950.2,53950.2,2130,909900
1790660220000,53950.2,53995.6,53950.2,53962,9420,909900
1790660250000,53962,53989.8,53950,53989.4,3090,918780
1790660280000,53989.4,53990,53980,53984.4,420,918780
1790660310000,53988.8,53988.8,53976.4,53976.4,210,918780
1790660340000,53976.4,54010,53976.4,53993.4,1680,918180
1790660370000,53993.4,54015.4,53993.4,53995.8,210,918180
1790660400000,53995.8,54025.4,53995.8,54025.4,360,918750
1790660430000,54040,54099,54040,54075.4,2280,918750
1790660460000,54087.2,54120,54082.2,54117.2,4410,916560
1790660490000,54117.2,54120.2,54073.6,54074,390,916560
1790660520000,54074,54100,54074,54100,210,916350
1790660550000,54105,54146,54092.8,54130.4,420,915900
1790660580000,54130.4,54150,54102,54102,630,915900
1790660610000,54102,54190,54102,54188.4,750,915900
1790660640000,54170.8,54238.6,54170.8,54208.2,4680,915060
1790660670000,54208.2,54208.2,54160,54160,690,915060
1790660700000,54183.2,54200,54167.6,54180,1200,913620
1790660730000,54197.2,54204.6,54164.8,54195,630,913620
1790660760000,54195,54195,54157.2,54157.2,750,912810
1790660790000,54166,54166,54120.8,54131.6,1080,912810
1790660820000,54150.2,54175,54150.2,54162.2,540,912150
1790660850000,54139.8,54160,54120,54125,660,912150
1790660880000,54125,54140.6,54099,54140.6,1200,911250
1790660910000,54140.6,54140.6,54116.6,54116.6,60,911250
1790660940000,54140.6,54155,54140.6,54149.2,360,910800
1790660970000,54149.2,54152.2,54149,54152.2,330,910800
1790661000000,54152.6,54180.4,54152.6,54180.4,810,910380
1790661030000,54186,54190,54177.4,54177.4,150,910380
1790661060000,54189.2,54192.2,54177.8,54177.8,720,910080
1790661090000,54177.8,54177.8,54177.8,54177.8,30,910080
1790661120000,54177.8,54177.8,54160,54160,240,910080
1790661150000,54160,54196.8,54155.4,54158.2,1380,910080
1790661180000,54158.2,54166.6,54158.2,54162.2,360,909210
1790661210000,54162.2,54162.2,54162.2,54162.2,810,909210
1790661240000,54162.6,54163.6,54129.6,54129.6,240,909510
1790661270000,54129.6,54130,54129.6,54130,600,909510
1790661300000,54130,54150,54125.6,54150,360,909120
1790661330000,54150,54150,54150,54150,180,909120
1790661360000,54150,54150,54135.2,54137.2,390,909150
1790661390000,54137.2,54139,54137.2,54139,210,909150
1790661420000,54139,54146.2,54135.2,54135.2,270,908970
1790661450000,54135.2,54148,54135.2,54146.4,450,908970
1790661480000,54146.4,54155,54135.2,54155,1200,908820
1790661510000,54155,54180.8,54144.4,54180.8,3870,908820
1790661540000,54180.8,54200,54170.6,54200,720,912360
1790661570000,54200,54210,54190,54210,690,912360
1790661600000,54210,54265,54210,54265,1560,911820
1790661630000,54235.6,54255.6,54230,54250,600,911820
1790661660000,54250,54275,54250,54275,810,911400
1790661690000,54274.2,54281.8,54260.4,54270.8,1710,911400
1790661720000,54270.8,54270.8,54250.4,54250.4,360,910620
1790661750000,54250.2,54274,54237.4,54274,420,910620
1790661780000,54274,54288,54263.2,54288,270,910380
1790661810000,54288,54325,54288,54310,1800,910380
1790661840000,54300,54310,54300,54309.6,360,910080
1790661870000,54300.4,54300.4,54268.2,54268.2,300,910080
1790661900000,54280,54295,54276.4,54278.2,270,909870
1790661930000,54278,54278,54242.8,54259.2,360,909870
1790661960000,54259.2,54285.8,54257.8,54257.8,900,909900
1790661990000,54257.8,54260.2,54257.8,54259.6,270,909900
1790662020000,54259.6,54265,54216.6,54239.6,1080,909930
1790662050000,54239.6,54261,54236.6,54247.8,570,909930
1790662080000,54247.8,54259.2,54226,54226,510,909960
1790662110000,54224,54250,54224,54250,870,909960
1790662140000,54250,54290,54250,54290,750,909990
1790662170000,54290,54299.6,54280.4,54296,2610,909990
1790662200000,54296,54310,54275.2,54310,3300,911910
1790662230000,54304.8,54310,54300,54300,510,911910
1790662260000,54291,54310,54291,54310,240,913860
1790662290000,54310,54310,54295,54295,480,913860
1790662320000,54295,54295,54295,54295,1410,913650
1790662350000,54290,54290,54289.4,54289.4,1320,913650
1790662380000,54280.6,54280.6,54270.2,54275,4050,913200
1790662410000,54275,54275,54251,54251.8,480,913200
1790662440000,54251.8,54285,54251.8,54285,1020,912600
1790662470000,54285,54295,54278.4,54295,1170,912600
1790662500000,54295,54307,54282.2,54307,450,911670
1790662530000,54304,54307,54275,54287,2100,911670
1790662560000,54287,54299,54270,54286.8,4770,913650
1790662590000,54282.6,54294,54267.2,54267.2,1110,913650
1790662620000,54265.6,54275,54235,54242.8,630,915510
1790662650000,54242.8,54265,54240,54265,1230,915510
1790662680000,54262.2,54274.8,54249.4,54259,420,915120
1790662710000,54259,54260.2,54247.4,54250.6,2040,915120
1790662740000,54250.6,54279.8,54250.6,54279.8,1410,915870
1790662770000,54268.8,54279.8,54268.8,54279.8,330,915870
1790662800000,54279.8,54280,54258.2,54258.2,240,915120
1790662830000,54258.2,54275.2,54246,54246,2250,915120
1790662860000,54246,54280,54246,54274.2,1080,915630
1790662890000,54280,54290,54271.2,54290,1170,915630
1790662920000,54290,54295,54274.8,54295,3240,915360
1790662950000,54295,54300,54275.2,54300,1530,915360
1790662980000,54300,54320.8,54296,54297.4,1830,917190
1790663010000,54297.4,54308.4,54279.6,54279.6,630,917190
1790663040000,54283.8,54296.6,54273.6,54285,1140,915480
1790663070000,54278.4,54289.2,54272.4,54272.4,2280,915480
1790663100000,54275,54300,54272.4,54300,1290,914970
1790663130000,54292.6,54325,54291.6,54318.2,1860,914970
1790663160000,54325,54340,54310.2,54331.8,2490,913710
1790663190000,54335,54340,54314.6,54327,750,913710
1790663220000,54313,54343,54313,54343,1950,913200
1790663250000,54343,54343,54326.8,54326.8,900,913200
1790663280000,54326.8,54340,54318.8,54335,690,913110
1790663310000,54329.6,54338.4,54324.4,54325.4,270,913110
1790663340000,54322.8,54338.4,54322.8,54328.2,450,913170
1790663370000,54335,54338.4,54323.8,54332.6,720,913170
1790663400000,54332.6,54350,54320.6,54330,1560,912930
1790663430000,54333.6,54350,54332.8,54338.6,570,912930
1790663460000,54335.2,54389,54335.2,54363.6,1980,911370
1790663490000,54372,54388.2,54355,54355,660,911370
1790663520000,54355,54360,54334.2,54335.2,1410,911190
1790663550000,54349.8,54360,54341.2,54360,2550,911190
1790663580000,54360.2,54370,54356.4,54356.4,390,911490
1790663610000,54356.4,54390,54356.4,54383.6,2130,911490
1790663640000,54383.6,54383.6,54368,54368,150,911670
1790663670000,54372.2,54398,54372.2,54398,720,911670
1790663700000,54398,54420.4,54396,54396,2430,906060
1790663730000,54396,54404.4,54396,54404.4,360,906060
1790663760000,54396,54416,54396,54396,750,904980
1790663790000,54396.2,54396.2,54388,54388,510,904980
1790663820000,54380.8,54409,54380.8,54409,300,904800
1790663850000,54406.6,54418,54396,54415,570,904800
1790663880000,54410,54410,54383.2,54400,780,904260
1790663910000,54400,54413.8,54384.2,54396,1200,904260
1790663940000,54396,54407,54396,54396.2,330,904140
1790663970000,54406.2,54406.2,54370,54374,900,904140
1790664000000,54374.2,54381.2,54370.6,54370.6,1230,903960
1790664030000,54381.2,54382,54370,54370,390,903960
1790664060000,54381,54381,54358.6,54372.2,840,904710
1790664090000,54375,54380,54356,54356,360,904710
1790664120000,54356,54361.4,54329,54329,1230,904560
1790664150000,54340,54360,54335,54356.4,390,904560
1790664180000,54356.4,54380,54356.4,54380,390,904110
1790664210000,54378.2,54380,54360.2,54370,420,904110
1790664240000,54370,54380,54361.6,54375.8,180,903300
1790664270000,54379.8,54380,54364,54366.8,540,903300
1790664300000,54380,54388,54370,54388,300,902910
1790664330000,54368.8,54372.8,54363,54363,270,902910
1790664360000,54363,54380,54363,54374.8,1290,902520
1790664390000,54390,54400,54379.8,54400,930,902520
1790664420000,54380,54383.2,54377.4,54377.4,990,903030
1790664450000,54377.4,54407.6,54377.4,54389.2,480,903030
1790664480000,54389.2,54389.2,54370.2,54373.2,840,903870
1790664510000,54373.2,54381.2,54370,54370,300,903870
1790664540000,54370,54383.6,54363.2,54383.6,510,903450
1790664570000,54360.2,54360.2,54355.6,54355.6,600,903450
1790664600000,54355.8,54377,54328,54328,510,903360
1790664630000,54325,54330.2,54304.8,54330.2,900,903360
1790664660000,54333,54333,54323.2,54325.2,750,902910
1790664690000,54345.2,54348.6,54325.2,54340.2,600,902910
1790664720000,54340.2,54340.2,54284,54302.8,630,902220
1790664750000,54302.8,54325.8,54302.8,54310,300,902220
1790664780000,54310.6,54332.8,54300,54318.8,1050,898890
1790664810000,54301.8,54312.6,54301.8,54308,630,898890
1790664840000,54308,54315,54308,54315,390,897840
1790664870000,54315,54315,54298.8,54298.8,780,897840
1790664900000,54298.8,54302.4,54290,54290,720,898230
1790664930000,54290,54301.4,54284.8,54296.6,420,898230
1790664960000,54296.6,54296.6,54256.4,54268,1650,897540
1790664990000,54268,54275,54261.4,54264.6,210,897540
1790665020000,54275,54275,54242,54242,990,896970
1790665050000,54242,54242,54204.8,54208.2,690,896970
1790665080000,54209.4,54220.2,54201.2,54201.2,360,896670
1790665110000,54201.2,54214.6,54170.8,54202,3540,896670
1790665140000,54200,54209,54200,54200,600,895110
1790665170000,54200,54200,54178,54178,840,895110
1790665200000,54178,54199.4,54178,54178,660,895110
1790665230000,54157.8,54157.8,54119,54150,720,895320
1790665260000,54158.6,54158.6,54105,54105,360,895320
1790665290000,54105,54132.8,54098.4,54130,1650,895110
1790665320000,54137.2,54137.2,54073.6,54086,750,894540
1790665350000,54086,54086,54057.6,54060,870,894540
1790665380000,54058.4,54070,53998.6,54002.2,6390,891840
1790665410000,53995.4,54050,53949.6,54050,5970,891840
1790665440000,54050,54092.4,54050,54053,2160,883500
1790665470000,54064.6,54075.6,54050.2,54064.6,1080,883500
1790665500000,54077,54100,54056.2,54078.4,600,883500
1790665530000,54092,54108.8,54080,54080,750,882210
1790665560000,54080,54094,54070.4,54082,420,881640
1790665590000,54110,54158,54110,54131,660,881640
1790665620000,54118.8,54150,54110,54110,420,881580
1790665650000,54110,54120.6,54100.2,54100.2,450,881580
1790665680000,54100.2,54100.2,54085.8,54100.2,660,881220
1790665710000,54100.2,54138,54100.2,54118.4,960,881220
1790665740000,54118.4,54145.6,54107.4,54124.2,750,881220
1790665770000,54124.2,54183,54124.2,54154.6,1320,881370
1790665800000,54178.2,54199,54151.2,54185.4,2730,882690
1790665830000,54185.4,54186.4,54166.6,54178.8,1350,882690
1790665860000,54178.8,54228.8,54171.8,54228.8,1680,884160
1790665890000,54222.2,54230,54217.8,54218.8,2280,884160
1790665920000,54218.8,54234.4,54202.2,54202.2,240,884160
1790665950000,54202.2,54207.6,54193.2,54205,1920,885900
1790665980000,54193.6,54206.2,54193.6,54194,390,885090
1790666010000,54194,54198,54171,54171,480,885090
1790666040000,54171,54171,54134.4,54140.8,720,885090
1790666070000,54131.4,54131.4,54124,54124,990,885390
1790666100000,54138.2,54152.8,54115.8,54152.8,1350,884400
1790666130000,54149.4,54172.2,54138.2,54138.2,810,884400
1790666160000,54151.2,54151.6,54109.4,54113.6,720,884610
1790666190000,54114.4,54140,54112.8,54117.6,2820,884610
1790666220000,54139,54171.8,54112.4,54168.6,2100,885540
1790666250000,54164.8,54174.2,54142.6,54146.8,3540,885540
1790666280000,54147.6,54188.4,54147.6,54173.6,2130,885480
1790666310000,54188.4,54189.2,54178,54188.6,1020,885480
1790666340000,54188.6,54200.8,54174.2,54184.6,810,885480
1790666370000,54161,54184.6,54161,54179.8,1170,884520
1790666400000,54179.8,54184.6,54166,54172,1290,884520
1790666430000,54174.8,54180,54174.8,54175.2,330,884250
1790666460000,54175.2,54204.4,54175.2,54196.4,1650,884250
1790666490000,54190.4,54199,54161.2,54199,750,883770
1790666520000,54199.2,54246.4,54199.2,54206.6,2400,883770
1790666550000,54206.6,54233.8,54206.6,54227.4,1950,883320
1790666580000,54227.4,54227.4,54227.4,54227.4,1740,883320
1790666610000,54227.4,54237.4,54207.4,54237.4,2070,883500
1790666640000,54237.4,54251.6,54237.4,54246.4,1680,883500
1790666670000,54246.4,54246.4,54245.4,54245.4,1320,882870
1790666700000,54224,54242.4,54211,54211,1230,882870
1790666730000,54211,54252,54211,54232.6,720,882660
1790666760000,54232.6,54275,54232.6,54275,900,882660
1790666790000,54276,54289.4,54259.6,54289.4,1020,882690
1790666820000,54289.4,54350,54285,54350,5430,882690
1790666850000,54350,54350,54300,54311.2,330,885840
1790666880000,54305,54320,54303.8,54303.8,270,885840
1790666910000,54300.2,54300.2,54267.2,54297.2,1920,885720
1790666940000,54290.8,54290.8,54278.6,54278.6,660,885720
1790666970000,54280,54285,54280,54280,420,871500
1790667000000,54280,54285,54280,54282.6,270,871500
1790667030000,54282.6,54287.2,54282.6,54287.2,210,871620
1790667060000,54288,54288,54286.2,54286.2,180,871620
1790667090000,54262.2,54262.2,54249.2,54249.2,420,871440
1790667120000,54249.2,54286.2,54249.2,54286.2,60,871440
1790667150000,54262,54266,54262,54266,480,871290
1790667180000,54266,54271.8,54260.8,54271.8,150,871290
1790667210000,54278.2,54301,54278.2,54300,480,871200
1790667240000,54300,54300,54279,54279,90,871200
1790667270000,54279,54279,54279,54279,120,871020
1790667300000,54279,54280,54262,54262,240,871020
1790667330000,54262,54275.6,54257.6,54275.6,300,871020
1790667360000,54268.8,54268.8,54266.6,54266.6,330,871020
1790667390000,54266.6,54266.6,54263.6,54263.6,90,871140
1790667420000,54263.6,54280,54263.6,54280,630,871140
1790667450000,54280,54285,54267.2,54269.8,810,871470
1790667480000,54269.8,54292.4,54269.8,54291.8,360,871470
1790667510000,54299,54299,54284.6,54287.4,660,870870
1790667540000,54287.4,54330,54287.4,54330,1260,870870
1790667570000,54334.8,54346,54327.8,54327.8,450,870420
1790667600000,54316.4,54317.6,54316.2,54316.2,180,870420
1790667630000,54316.2,54325,54316.2,54321.8,450,870300
1790667660000,54321.8,54321.8,54300.4,54303,120,870300
1790667690000,54300.2,54303,54275,54275,270,870090
1790667720000,54274.4,54274.4,54262.4,54262.4,480,870090
1790667750000,54270.6,54270.6,54270.6,54270.6,180,869790
1790667780000,54287.2,54300.6,54287.2,54300.6,330,869790
1790667810000,54307.2,54307.2,54263.2,54263.2,120,869640
1790667840000,54263.2,54274,54251,54251,180,869640
1790667870000,54251,54280,54251,54280,690,869490
1790667900000,54280,54280,54248.2,54248.2,570,869490
1790667930000,54248.2,54256.6,54230,54238.4,270,869340
1790667960000,54238.4,54238.4,54233,54233.2,750,869340
1790667990000,54233.2,54240.8,54221.8,54240,240,869100
1790668020000,54241,54280,54241,54280,300,869100
1790668050000,54280,54280,54278.2,54278.2,120,868620
1790668080000,54278.2,54278.2,54271.4,54272,540,868620
1790668110000,54272,54278.2,54270.2,54270.2,60,868440
1790668140000,54275,54275,54262,54262,900,868440
1790668170000,54262,54262,54217.2,54217.2,150,868320
1790668200000,54217.2,54226.6,54215.8,54215.8,150,868320
1790668230000,54215.8,54218.6,54215.8,54218.6,120,868260
1790668260000,54205.2,54225,54205.2,54225,510,868260
1790668290000,54225,54225,54218,54222.8,360,868260
1790668320000,54224.6,54224.6,54224,54224,690,868260
1790668350000,54224,54224,54221.6,54221.6,120,868080
1790668380000,54221.6,54225,54209.2,54225,690,868080
1790668410000,54225,54229.8,54225,54229.8,60,867750
1790668440000,54229.8,54232.6,54211,54211,390,867750
1790668470000,54208,54217.2,54205.4,54210,660,867480
1790668500000,54210,54250,54210,54250,240,867480
1790668530000,54250,54263.6,54245,54256,480,866820
1790668560000,54255,54263.6,54248.2,54248.2,150,866820
1790668590000,54248.2,54248.2,54241.8,54241.8,150,866640
1790668620000,54241.8,54247.4,54241.8,54247.4,180,866640
1790668650000,54247.4,54247.4,54226.6,54226.6,120,866310
1790668680000,54206.2,54206.2,54204.8,54206.2,660,866310
1790668710000,54238.8,54239.8,54217.6,54239.6,300,865770
1790668740000,54239.6,54239.6,54239.6,54239.6,60,865770
1790668770000,54217.6,54217.6,54204.8,54204.8,600,865470
1790668800000,54204.8,54227.8,54204.8,54206.2,510,865470
1790668830000,54206.2,54242.2,54203.8,54215.4,2430,865290
1790668860000,54215.4,54220.2,54213.4,54213.4,660,865290
1790668890000,54213.4,54213.4,54213.4,54213.4,0,865290
1790668920000,54226.4,54239.4,54221.2,54239.4,240,865170
1790668950000,54239.4,54239.4,54228.4,54228.4,4890,865110
1790668980000,54228.4,54228.4,54219.4,54219.4,30,865110
1790669010000,54219.4,54225,54213.6,54225,120,865110
1790669040000,54225,54225,54223.6,54223.6,360,865110
1790669070000,54203.8,54207.2,54203.8,54207.2,240,864960
1790669100000,54207.2,54214.2,54207.2,54214.2,330,864960
1790669130000,54214.2,54241,54214.2,54240.6,900,864960
1790669160000,54240.6,54240.6,54215,54215,180,864720
1790669190000,54194,54194,54194,54194,90,864630
1790669220000,54193.6,54193.6,54166.8,54189,510,864630
1790669250000,54178.8,54194.2,54178.8,54194.2,180,864450
1790669280000,54185.2,54195.2,54181,54181,180,864450
1790669310000,54181,54181,54169.8,54169.8,60,864450
1790669340000,54169.8,54169.8,54150,54160,330,864240
1790669370000,54160,54180,54153.6,54180,660,864090
1790669400000,54180,54180,54175,54175,210,864090
1790669430000,54175,54175,54170,54175,120,864060
1790669460000,54173.6,54186,54170,54180,840,864060
1790669490000,54180,54180,54180,54180,600,863940
1790669520000,54180,54186,54171,54171,300,863940
1790669550000,54171,54171,54171,54171,120,863940
1790669580000,54176.4,54176.4,54170,54170,210,863940
1790669610000,54176,54199.4,54176,54199,870,863940
1790669640000,54199,54210,54199,54210,210,863940
1790669670000,54210,54210,54203,54203,450,835650
1790669700000,54203,54225.8,54203,54225.8,660,835650
1790669730000,54230,54232.8,54230,54232.8,1050,835650
1790669760000,54232.8,54243.4,54232.8,54240,210,835650
1790669790000,54240,54248,54240,54248,30,835650
1790669820000,54248,54265,54246.2,54265,1440,835140
1790669850000,54261.8,54275,54261.8,54273.4,810,834780
1790669880000,54279.8,54280.6,54269,54269.4,570,834780
1790669910000,54269.4,54269.4,54269.4,54269.4,1050,834780
1790669940000,54269.4,54275,54253.6,54275,180,834810
1790669970000,54275,54280,54264.2,54264.2,150,834720
1790670000000,54264.2,54280.4,54264.2,54273.8,90,834720
1790670030000,54273.8,54280.4,54268.8,54278.6,180,832350
1790670060000,54278.6,54308,54278.6,54308,780,832350
1790670090000,54308,54317,54300.2,54317,810,831630
1790670120000,54314,54325,54314,54314,540,831630
1790670150000,54314,54320.8,54292,54297.8,600,831540
1790670180000,54297.8,54320.6,54297.8,54320.6,240,831540
1790670210000,54315,54320,54305,54320,330,831420
1790670240000,54320,54320,54295.2,54295.2,360,831420
1790670270000,54295.2,54310,54290,54310,870,831270
1790670300000,54310,54310,54289,54295,960,831270
1790670330000,54295,54295,54293,54295,960,831030
1790670360000,54295,54310,54294,54296.6,1650,831030
1790670390000,54296.6,54318,54296.6,54318,330,829530
1790670420000,54311,54325,54311,54323.6,1320,829530
1790670450000,54323,54323,54313.6,54313.8,120,829500
1790670480000,54313.2,54313.2,54300,54304,420,829500
1790670510000,54302.6,54318,54302.4,54315.6,2220,829350
1790670540000,54316,54316,54310,54315,720,829350
1790670570000,54313.2,54315,54309.4,54310,1230,829320
1790670600000,54310,54311,54310,54310.8,240,829320
1790670630000,54301.8,54308,54286.4,54298.2,270,829320
1790670660000,54298.2,54309.6,54285.6,54309.6,450,829290
1790670690000,54309.6,54309.6,54297.2,54300,360,829080
1790670720000,54300,54300,54293.8,54295.4,3360,829080
1790670750000,54278.6,54294,54273.4,54273.6,420,828990
1790670780000,54270,54280,54250.2,54250.2,900,828990
1790670810000,54250.2,54250.2,54246,54250,630,828990
1790670840000,54250,54260.2,54250,54260,450,828990
1790670870000,54260,54271.6,54249,54271.6,480,828150
1790670900000,54248.8,54269.6,54246,54248,270,828150
1790670930000,54273,54294,54273,54294,660,827340
1790670960000,54294,54305,54279.2,54295.6,1440,827340
1790670990000,54295.6,54295.6,54290.4,54290.4,180,827280
1790671020000,54289.6,54289.6,54251.4,54251.4,600,827280
1790671050000,54252.4,54272,54252.4,54271.4,330,827280
1790671080000,54271.4,54293,54271.4,54272.4,1020,827460
1790671110000,54272.4,54285,54259,54285,630,827610
1790671140000,54295,54307,54295,54307,2070,827610
1790671170000,54307,54320,54295.6,54320,4650,828120
1790671200000,54320,54340,54318,54330.4,900,828120
1790671230000,54330.4,54330.4,54299.8,54299.8,240,828120
1790671260000,54299.8,54330.4,54299.8,54330,1140,827850
1790671290000,54330,54335,54318,54318,510,827970
1790671320000,54318,54318,54307.6,54307.6,660,827970
1790671350000,54307.6,54307.6,54277.4,54280,390,827970
1790671380000,54300,54313.8,54300,54313.8,840,827460
1790671410000,54313.8,54313.8,54298.8,54311.6,3540,826830
1790671440000,54311.6,54320,54311.6,54320,360,826830
1790671470000,54320,54320,54298,54319,120,826830
1790671500000,54319,54319,54283,54283,120,826590
1790671530000,54283,54300,54283,54290.4,420,826590
1790671560000,54290.4,54305,54290.4,54302.8,570,826590
1790671590000,54302.8,54302.8,54302.8,54302.8,240,826590
1790671620000,54302.8,54302.8,54299.2,54299.2,90,826380
1790671650000,54299.2,54300.6,54285.4,54297.4,480,826380
1790671680000,54294,54312,54290.8,54312,1050,826350
1790671710000,54312,54312,54304.2,54304.2,1530,826440
1790671740000,54304.2,54305.4,54288.2,54305.4,300,826440
1790671770000,54305.4,54305.4,54279.4,54279.8,210,826440
1790671800000,54279.8,54279.8,54270.2,54279,180,826530
1790671830000,54284.8,54285,54271.2,54271.2,1170,826530
1790671860000,54271.2,54291.4,54271.2,54283,630,826470
1790671890000,54280.6,54283,54280.6,54283,390,826470
1790671920000,54283,54283,54280.2,54280.2,1110,826380
1790671950000,54280.2,54285.8,54259.2,54269.8,1080,826200
1790671980000,54269.8,54269.8,54259.8,54259.8,120,826200
1790672010000,54259.8,54259.8,54246,54246,450,826200
1790672040000,54239.8,54270,54239.8,54255,1710,818850
1790672070000,54255,54270,54255,54270,900,818850
1790672100000,54270,54273.8,54255.6,54273.8,2040,797610
1790672130000,54273.8,54285,54273.8,54283,3060,797580
1790672160000,54283,54302.2,54283,54302.2,3810,797580
1790672190000,54302.6,54306.4,54282.4,54282.4,2580,797070
1790672220000,54282.4,54305,54282.4,54285,3090,797070
1790672250000,54285,54299.2,54285,54299.2,1080,797070
1790672280000,54271,54271,54250,54260,1020,796920
1790672310000,54254.2,54281.2,54254.2,54281.2,510,796680
1790672340000,54281.2,54293,54281.2,54293,120,796680
1790672370000,54293,54293,54289,54290,570,796650
1790672400000,54290,54293,54287.4,54287.4,1440,796650
1790672430000,54287.4,54330,54284.8,54330,4830,795390
1790672460000,54330,54365,54330,54338.2,3240,795390
1790672490000,54340,54350,54338.6,54341.6,1500,795390
1790672520000,54338.6,54365,54338.6,54365,510,795270
1790672550000,54365,54365,54336.6,54336.6,900,795270
1790672580000,54328.4,54341.4,54328.4,54334,480,793860
1790672610000,54322.2,54322.2,54310,54310,120,793860
1790672640000,54310,54310,54284.4,54284.4,300,793800
1790672670000,54284.4,54302.6,54284.4,54300,570,793800
1790672700000,54300,54315,54300,54315,1200,793470
1790672730000,54315,54337.6,54315,54337.6,540,793470
1790672760000,54337.6,54338,54311,54335,390,792990
1790672790000,54335,54335,54325,54327.6,360,792990
1790672820000,54327.6,54327.6,54315.4,54320,90,792720
1790672850000,54320,54326.6,54320,54325,120,792720
1790672880000,54312.4,54333,54312.4,54330,1170,792630
1790672910000,54330,54330,54330,54330,0,792630
1790672940000,54330,54330,54326.4,54326.4,360,792390
1790672970000,54326.4,54339,54326.4,54332.8,720,792390
1790673000000,54332.8,54332.8,54327.6,54327.6,270,792300
1790673030000,54332.8,54332.8,54327,54327,390,792300
1790673060000,54327,54338,54316.8,54338,1590,791970
1790673090000,54334.6,54350,54334.6,54335,390,791970
1790673120000,54335,54335,54299.2,54299.2,240,791790
1790673150000,54300.2,54300.2,54280,54300,1410,791790
1790673180000,54303.2,54321.2,54302.6,54321.2,510,791370
1790673210000,54321.2,54321.2,54310,54315.8,450,791370
1790673240000,54316.2,54319,54316,54319,180,790950
1790673270000,54319,54319,54315,54315,1440,790950
1790673300000,54315,54317,54270.2,54270.2,240,790350
1790673330000,54288,54304,54288,54304,150,790350
1790673360000,54316.8,54316.8,54304.4,54305.4,900,790110
1790673390000,54307.2,54312.2,54306.6,54306.6,1020,790110
1790673420000,54307,54307,54295.4,54307,4290,788370
1790673450000,54307,54310,54300.8,54300.8,1590,788370
1790673480000,54286,54325,54284,54316.8,5610,787860
1790673510000,54319.6,54325,54316,54321.2,1020,787860
1790673540000,54321.2,54324,54309.6,54320,1560,787530
1790673570000,54321.4,54325,54312.6,54312.6,1200,787530
1790673600000,54312.6,54324,54305.8,54318.6,1110,787410
1790673630000,54318.6,54318.6,54307.4,54309,180,787410
1790673660000,54309.4,54340,54309.4,54340,3240,787140
1790673690000,54324.2,54327.8,54324.2,54327.8,300,787140
1790673720000,54321,54321,54315.8,54320,3150,786480
1790673750000,54320,54330,54313,54325,3900,786480
1790673780000,54325,54333.6,54319.6,54319.6,390,785580
1790673810000,54333,54334,54319.6,54319.6,750,785580
1790673840000,54319.6,54334.2,54319.6,54334,1860,784740
1790673870000,54334,54334,54328.6,54328.6,300,784740
1790673900000,54333,54343.2,54333,54343.2,1200,783990
1790673930000,54343,54344,54343,54343.6,660,783990
1790673960000,54343.2,54364.4,54338.2,54358,2100,783270
1790673990000,54358,54362,54337.4,54337.4,780,783270
1790674020000,54337.4,54337.4,54324,54330,450,783060
1790674050000,54330,54339,54323.6,54323.6,210,783060
1790674080000,54325,54325,54288.6,54291.8,1200,782790
1790674110000,54310,54310,54292.4,54300,1650,782790
1790674140000,54300,54318,54290.4,54310,1140,782460
1790674170000,54303,54303,54280.2,54293.2,1470,782460
1790674200000,54297.8,54310,54280,54310,2850,781950
1790674230000,54310,54315,54293.2,54314,1350,781950
1790674260000,54314,54315,54295.4,54303,1230,778980
1790674290000,54303,54303,54274.8,54290.6,1470,778980
1790674320000,54285.2,54294.8,54272,54272,1080,776850
1790674350000,54266.4,54269,54258.4,54267.2,480,776850
1790674380000,54267.6,54286.6,54262.8,54286.6,1950,776280
1790674410000,54279.4,54290,54279.4,54289,1650,776280
1790674440000,54289,54289,54263.2,54267.2,240,776310
1790674470000,54267.2,54267.2,54254,54257.2,270,776310
1790674500000,54257.2,54264.4,54257.2,54259,360,776280
1790674530000,54259,54283,54259,54283,2370,776280
1790674560000,54283,54300,54273.8,54300,3330,776220
1790674590000,54300,54320,54300,54320,2250,776220
1790674620000,54320,54320,54303.8,54303.8,1110,775770
1790674650000,54303.8,54321.4,54303.8,54321.4,2670,775770
1790674680000,54322,54322,54312.2,54322,1170,774870
1790674710000,54305,54312.2,54290.4,54293.4,1320,774870
1790674740000,54295,54311,54291.6,54311,810,774330
1790674770000,54311,54330,54302.6,54330,5160,774330
1790674800000,54330,54365,54330,54365,3960,774390
1790674830000,54366,54380,54361.8,54380,3330,774390
1790674860000,54380,54380,54364.2,54375,2040,773730
1790674890000,54363.8,54388.8,54363.8,54387.8,2160,773730
1790674920000,54390,54390,54357.2,54377.8,1350,773460
1790674950000,54380,54380,54336.8,54339,1950,773460
1790674980000,54339,54365,54336.6,54365,2160,749370
1790675010000,54369,54371,54360,54363.4,570,749370
1790675040000,54358.2,54363.4,54347.4,54350,2490,749430
1790675070000,54350,54370,54350,54370,2820,749430
1790675100000,54370,54370,54337.8,54338.4,660,748140
1790675130000,54338.4,54361.6,54338.4,54356,1320,748140
1790675160000,54356,54362,54351.4,54359.8,510,747840
1790675190000,54355.2,54384,54355.2,54384,2010,747840
1790675220000,54384,54384,54366.2,54370,630,747330
1790675250000,54374.4,54380,54368.6,54368.6,1260,747330
1790675280000,54365.8,54378.8,54340,54340,2100,746340
1790675310000,54340.4,54340.4,54330.2,54335,360,746340
1790675340000,54335,54358,54329.6,54358,1350,744450
1790675370000,54358,54375,54358,54368.8,5490,744450
1790675400000,54385.8,54399,54211.8,54217,7860,741120
1790675430000,54217,54227.4,54184,54208.4,1830,741120
1790675460000,54249.4,54249.4,54194.6,54202.8,660,740610
1790675490000,54191,54225,54188.8,54200,1590,740610
1790675520000,54200,54207,54188,54197,1470,739740
1790675550000,54195,54203.4,54188.6,54203.4,510,739740
1790675580000,54210.6,54224.2,54202.2,54224.2,900,738930
1790675610000,54225,54260,54205.2,54260,1650,738930
1790675640000,54234.4,54266.4,54230.6,54265,510,738000
1790675670000,54265,54265,54200,54212.6,2310,738000
1790675700000,54208.6,54250,54208.6,54232.4,960,736020
1790675730000,54236.6,54260,54230.8,54260,990,736020
1790675760000,54259,54259,54229.8,54248.2,930,734820
1790675790000,54248.2,54248.2,54207,54212.2,750,734820
1790675820000,54240,54250.2,54230,54247.2,3990,733380
1790675850000,54250.2,54255,54231,54245,450,733380
1790675880000,54245,54245,54230,54230,600,732750
1790675910000,54225,54225,54218,54220,330,732750
1790675940000,54218,54262,54218,54253.2,2430,732180
1790675970000,54253.2,54288.2,54253.2,54254.6,1470,732180
1790676000000,54255,54255.2,54253,54254.8,1620,731400
1790676030000,54259,54259,54255,54255.6,690,731400
1790676060000,54255.6,54255.6,54255,54255.4,1140,730920
1790676090000,54255,54255.6,54253,54255.6,1590,730920
1790676120000,54255.6,54256,54255.4,54255.6,2880,727620
1790676150000,54255.6,54255.6,54255,54255,390,727620
1790676180000,54255,54255.6,54255,54255.2,1740,726750
1790676210000,54255.6,54255.8,54255,54255,1320,726750
1790676240000,54255,54257,54254,54257,1860,725400
1790676270000,54255.6,54258,54255,54255.6,1830,725400
1790676300000,54258,54259,54255.6,54255.6,330,725100
1790676330000,54255.6,54255.8,54255.2,54255.6,1020,725100
1790676360000,54255.8,54255.8,54255.4,54255.4,210,725100
1790676390000,54255.4,54258,54255.4,54258,240,725100
1790676420000,54258,54258,54255.4,54258,300,725100
1790676450000,54255.4,54256,54255.4,54256,240,725100
1790676480000,54256,54257,54255.6,54256,1410,724560
1790676510000,54256,54256,54255.6,54256,420,724560
1790676540000,54256,54256,54255.6,54255.6,600,724530
1790676570000,54255.8,54258,54255.6,54255.6,1320,724530
1790739900000,54897.4,54989.8,54780,54872,9510,2260710
1790739930000,54840.4,54936.4,54840.4,54909.2,3870,2264610
1790739960000,54909,54930,54900,54900,6030,2264610
1790739990000,54900,54925.8,54900,54922,1890,2267520
1790740020000,54915,54919,54880.6,54885,3450,2267520
1790740050000,54889.8,54898.2,54851.2,54884.2,3720,2269440
1790740080000,54889.4,54889.4,54850,54858,1410,2269440
1790740110000,54858.8,54887.8,54850,54880,1770,2270610
1790740140000,54884.4,54924.6,54883.2,54911.6,2490,2270610
1790740170000,54918,54920,54865,54898,1770,2271900
1790740200000,54898,54964,54898,54954.8,2760,2271900
1790740230000,54940,54986,54939.4,54978,5520,2277030
1790740260000,54979.6,54980,54940,54980,2100,2277030
1790740290000,54975.8,54990.8,54955,54990.8,1230,2278320
1790740320000,54972,54987.6,54969,54974.2,1710,2278320
1790740350000,54973.8,54973.8,54928,54928,1530,2280090
1790740380000,54938.8,54970,54925,54964.6,810,2280090
1790740410000,54968.4,55031,54964,55026.6,3150,2281050
1790740440000,55016,55044,55016,55037.4,2100,2281050
1790740470000,55039.2,55044,54999.8,55021,1890,2282700
1790740500000,55015,55038.2,55002.6,55024,1080,2282700
1790740530000,55024.2,55024.2,54964,54964,3330,2285220
1790740560000,54964,55019.8,54964,55004.8,1260,2285220
1790740590000,55000,55020,54992.8,55009.2,840,2286960
1790740620000,55001.4,55020,55001.4,55019.6,1410,2286960
1790740650000,55010.4,55019.6,55010,55011,990,2287770
1790740680000,55011,55019.6,55010,55019.6,330,2287770
1790740710000,55019,55019,55005,55005,810,2288460
1790740740000,55010,55018,55001,55007.2,1080,2288460
1790740770000,54992.8,55001.8,54979.8,54987.6,1200,2288820
1790740800000,54973,54978,54946,54965,1950,2288820
1790740830000,54986.4,54996,54949.4,54949.4,1350,2289540
1790740860000,54950,54965,54945,54945,1500,2289540
1790740890000,54945,54965,54940.6,54947.2,1050,2290170
1790740920000,54947,54947,54919.4,54920.2,1500,2290170
1790740950000,54920.2,54944.8,54919.8,54944.8,930,2291820
1790740980000,54945,54945,54880,54922,2550,2291820
1790741010000,54928.4,54928.4,54890,54890,900,2293920
1790741040000,54890,54899.4,54885,54885,540,2293920
1790741070000,54894.8,54910,54890,54904.8,870,2294130
1790741100000,54916,54945,54916,54927.6,990,2294130
1790741130000,54924.2,54969.8,54924.2,54969.8,1200,2295750
1790741160000,54969.8,54988,54942.4,54982.2,2160,2295750
1790741190000,54958.2,54958.2,54928,54940,270,2297460
1790741220000,54928,54974,54928,54974,420,2297460
1790741250000,54980,54980,54940,54940,630,2297550
1790741280000,54940,54975,54938,54961.6,240,2297550
1790741310000,54961.6,54964.6,54940,54964.6,210,2297850
1790741340000,54980.8,54980.8,54968.8,54973,120,2297850
1790741370000,54968,54968,54938,54960.6,300,2298120
1790741400000,54932.2,54968.2,54932.2,54968.2,480,2298120
1790741430000,54955,54968.6,54950,54952,450,2298300
1790741460000,54952,54968.8,54940,54952,840,2298300
1790741490000,54952,54969,54952,54969,180,2299080
1790741520000,54969.8,55001,54969.8,54986.2,1530,2299080
1790741550000,54991.2,55015.6,54991.2,54991.2,540,2299380
1790741580000,55000,55018.8,55000,55018.8,360,2299380
1790741610000,55018.8,55018.8,54993.4,55017.8,1320,2300610
1790741640000,54993.6,55019,54993.6,54999.2,390,2300610
1790741670000,55000,55025,55000,55025,1800,2301000
1790741700000,55024.8,55080,55024.8,55080,3960,2301000
1790741730000,55075,55085,55075,55077.4,2040,2301360
1790741760000,55080,55080,55070,55070,1380,2301360
1790741790000,55070,55070,55050,55050,510,2301900
1790741820000,55049,55070,55035.6,55055,1080,2301900
1790741850000,55058.8,55069.8,55025,55029.8,570,2301960
1790741880000,55030,55048.8,55001,55018,1590,2301960
1790741910000,55020.8,55027,55018.2,55027,480,2301000
1790741940000,55027,55034.8,55021,55034.8,330,2301000
1790741970000,55027,55042.8,55022.4,55022.4,180,2300910
1790742000000,55018,55047,55018,55037.6,150,2300910
1790742030000,55018,55050,55018,55050,360,2300880
1790742060000,55050,55050,55025,55035,240,2300880
1790742090000,55035,55043.8,55025.8,55030,480,2301210
1790742120000,55030.2,55035.2,55010.2,55010.2,330,2301210
1790742150000,55010.2,55010.2,54997.2,55004.6,630,2300820
1790742180000,55000,55000,54990,54990,1470,2300820
1790742210000,54990,55023,54980,55009.6,3390,2303160
1790742240000,55023.8,55030,55009.6,55013.4,150,2303160
1790742270000,55029.8,55043.8,55029.8,55043.6,1050,2303850
1790742300000,55043.2,55050,55040,55049.6,1230,2303850
1790742330000,55049.6,55050,55043.8,55048,180,2304090
1790742360000,55049,55049,55044,55044.4,360,2304090
1790742390000,55044.4,55048.6,55044.4,55048.6,60,2304090
1790742420000,55048.6,55048.6,55023,55039.8,1470,2304090
1790742450000,55039.8,55039.8,55025,55025,120,2302080
1790742480000,55025,55032,55025,55027,300,2302080
1790742510000,55027,55031.4,55020,55031.4,240,2302410
1790742540000,55031.4,55050,55020,55050,180,2302410
1790742570000,55050,55050,55030,55035.8,120,2302440
1790742600000,55030,55030,55020,55024.8,930,2302440
1790742630000,55030,55039.2,55024.8,55025,150,2302440
1790742660000,55025,55050,55025,55050,360,2302680
1790742690000,55035.8,55045.2,55025,55045.2,510,2302680
1790742720000,55045.2,55045.2,55025.2,55042.6,120,2302710
1790742750000,55042.6,55050,55042.6,55050,360,2302530
1790742780000,55050,55070,55050,55070,2130,2302530
1790742810000,55070,55070,55065,55069.8,660,2302560
1790742840000,55065,55070,55065,55065,1140,2302560
1790742870000,55070,55070,55058.6,55065,600,2302740
1790742900000,55054.2,55074,55054.2,55074,510,2302740
1790742930000,55075,55095,55075,55095,2370,2301990
1790742960000,55091.8,55095,55090,55090.2,870,2301990
1790742990000,55090.2,55108,55090,55100,2670,2301300
1790743020000,55100,55106,55080,55100,930,2301300
1790743050000,55100,55100,55087.6,55100,810,2301900
1790743080000,55100,55100,55094.4,55094.4,330,2301900
1790743110000,55094.4,55094.4,55080,55080,270,2301840
1790743140000,55075.4,55090,55075.4,55090,930,2301840
1790743170000,55090.8,55098,55090.8,55095,240,2301690
1790743200000,55095,55105,55081,55081,570,2301690
1790743230000,55081,55108,55081,55108,240,2301690
1790743260000,55105,55114,55100.8,55113.8,780,2301240
1790743290000,55113.6,55114,55098,55112.4,1200,2301360
1790743320000,55111.6,55112.6,55101,55110,1350,2301360
1790743350000,55111,55115,55111,55115,300,2301360
1790743380000,55111.8,55111.8,55101,55104.8,270,2301360
1790743410000,55111,55120,55099,55110,480,2301690
1790743440000,55117.6,55117.6,55102,55115,450,2301690
1790743470000,55119,55130,55115,55130,1230,2299500
1790743500000,55130,55135.2,55129,55135.2,1110,2299500
1790743530000,55140,55147.8,55125,55136,2760,2298510
1790743560000,55140.6,55150,55120,55150,4380,2298510
1790743590000,55149.6,55150,55135,55138.2,5130,2297520
1790743620000,55142.4,55158,55136.4,55154.6,5880,2297520
1790743650000,55149.4,55160.4,55138.4,55160.2,12210,2302200
1790743680000,55157,55171,55156.4,55166.2,6030,2302200
1790743710000,55170,55199,55170,55192.8,6720,2309040
1790743740000,55182.2,55197.8,55160,55160,1890,2309040
1790743770000,55160,55200,55160,55198.2,10590,2309040
1790743800000,55190.4,55190.4,55160.4,55161.6,1800,2317500
1790743830000,55161.4,55167.4,55160,55162.4,870,2317500
1790743860000,55163.4,55163.4,55150,55150,600,2318220
1790743890000,55150,55155,55140,55147.6,930,2318220
1790743920000,55140,55140,55133,55133.2,630,2318670
1790743950000,55133.2,55160,55133.2,55160,630,2318670
1790743980000,55155,55170,55133,55153.2,900,2316900
1790744010000,55153.2,55153.2,55133,55133,60,2316900
1790744040000,55135.8,55135.8,55101.8,55101.8,570,2317200
1790744070000,55101.8,55105.2,55101.8,55105.2,210,2317200
1790744100000,55100,55105.6,55089,55105,2460,2318040
1790744130000,55105,55105,55100,55100,120,2318040
1790744160000,55102,55120,55102,55120,180,2316960
1790744190000,55120,55130,55110,55130,420,2316960
1790744220000,55130,55150.8,55130,55150.8,360,2317080
1790744250000,55121,55135.4,55120,55127.8,330,2317080
1790744280000,55102.6,55135.6,55102.2,55102.2,420,2317410
1790744310000,55102.4,55124.2,55102.4,55103.6,120,2317410
1790744340000,55103.8,55119.8,55102,55102.2,480,2317620
1790744370000,55100,55102.2,55100,55100,420,2317620
1790744400000,55100,55100,55075,55090,1200,2317950
1790744430000,55090,55090,55065,55065,1260,2317950
1790744460000,55085.6,55090,55065,55072.6,510,2319540
1790744490000,55090,55090,55070.2,55084,450,2319540
1790744520000,55071,55079.2,55055.2,55055.2,360,2319330
1790744550000,55055.2,55055.2,55050,55050,600,2319330
1790744580000,55050.8,55074.6,55049,55049,480,2318580
1790744610000,55048,55067.4,55001,55040,2010,2318580
1790744640000,55040,55040,55009,55010,270,2319990
1790744670000,55009,55023,54987,55000.6,1320,2319990
1790744700000,54975,54999.8,54959,54959,2580,2320530
1790744730000,54998.6,54998.6,54965.2,54970.6,1260,2320530
1790744760000,54970,54997,54959,54997,840,2321250
1790744790000,54992.2,55017.2,54982.2,55017.2,1020,2321250
1790744820000,54990,55017.4,54990,55001.8,390,2320800
1790744850000,55012.2,55028.8,55002,55012.4,480,2320800
1790744880000,55012.4,55048,55012.4,55048,390,2320950
1790744910000,55050,55050,55040,55040,270,2320950
1790744940000,55040,55060,55040,55040,390,2321100
1790744970000,55050,55060,55041,55060,420,2321100
1790745000000,55069.8,55083.8,55069.8,55083.8,630,2321160
1790745030000,55080,55084,55052.2,55052.2,810,2321160
1790745060000,55052.2,55071.6,55052.2,55071.6,60,2321670
1790745090000,55060.6,55065.4,55055,55055,540,2321670
1790745120000,55055,55055,55040,55040,180,2322210
1790745150000,55040,55043.6,55030,55030,330,2322210
1790745180000,55030,55050,55030,55050,210,2322480
1790745210000,55050,55050,55029,55030,240,2322480
1790745240000,55030,55030,55005,55005,510,2322810
1790745270000,55004,55010,55002,55010,450,2322810
1790745300000,55002.8,55044,55001,55016.8,2490,2322900
1790745330000,55003.2,55040.6,55003.2,55014.4,960,2322900
1790745360000,55000,55027.6,55000,55000,1050,2323680
1790745390000,55000,55012.8,55000,55010,180,2323680
1790745420000,55010,55020,55010,55020,240,2324040
1790745450000,55026.4,55044.8,55026.4,55044.8,420,2324040
1790745480000,55045.8,55060,55045.8,55060,240,2324460
1790745510000,55060,55075,55045.6,55068.4,510,2324460
1790745540000,55060,55060,55020,55051.8,330,2324940
1790745570000,55051.8,55074.8,55051.8,55066.8,2640,2324940
1790745600000,55066.8,55074.8,55066.8,55074.8,210,2326050
1790745630000,55074.8,55076.4,55070,55070,180,2326050
1790745660000,55071.8,55074.6,55050.6,55074.6,180,2325750
1790745690000,55074.6,55089,55074.6,55089,240,2325750
1790745720000,55089,55090,55070,55070,480,2325780
1790745750000,55070,55070,55055,55055,120,2325780
1790745780000,55055,55071,55055,55055.8,210,2325990
1790745810000,55055.8,55064.6,55055.8,55060,150,2325990
1790745840000,55060,55075,55060,55075,150,2326080
1790745870000,55070,55075.6,55070,55075.6,90,2326080
1790745900000,55075.6,55075.6,55040.2,55040.2,390,2326110
1790745930000,55040.2,55076.2,55040.2,55060.2,360,2326110
1790745960000,55054.2,55054.2,55041.8,55041.8,90,2326470
1790745990000,55041.8,55041.8,55035,55035,90,2326470
1790746020000,55035,55040,55024.6,55024.6,270,2325900
1790746050000,55024.6,55029,55020,55020,210,2325900
1790746080000,55020,55023,55020,55020,120,2326080
1790746110000,55020,55020,55008,55020,1050,2326080
1790746140000,55020,55020,55009.2,55009.2,210,2325360
1790746170000,55009.2,55020,55009,55020,150,2325360
1790746200000,55020,55033.2,55020,55033.2,60,2325360
1790746230000,55023.8,55040,55023.8,55040,210,2325390
1790746260000,55040,55075,55040,55075,210,2324970
1790746290000,55078,55090,55078,55090,270,2324970
1790746320000,55094,55120,55094,55100.2,2010,2324940
1790746350000,55100.2,55127.6,55100.2,55120,1620,2324940
1790746380000,55120,55125.4,55115,55125.4,2250,2325330
1790746410000,55120,55125,55115,55120,810,2325330
1790746440000,55120,55124.6,55115,55124.6,750,2325720
1790746470000,55124.6,55124.6,55115,55115,2100,2325720
1790746500000,55115,55115,55095,55095,180,2327040
1790746530000,55085,55085,55077.6,55077.6,60,2327040
1790746560000,55077.6,55101.4,55077.6,55098,90,2327040
1790746590000,55098,55101,55098,55099.4,150,2326980
1790746620000,55099.4,55099.4,55077.6,55077.6,150,2327100
1790746650000,55077.6,55087.2,55077.6,55087.2,60,2327100
1790746680000,55079.2,55100,55079.2,55100,180,2327310
1790746710000,55100,55100,55087.2,55087.8,240,2327310
1790746740000,55087.8,55088.6,55077.4,55088.6,60,2327610
1790746770000,55075,55075,55067,55067,120,2327610
1790746800000,55066,55070,55066,55066.2,120,2327760
1790746830000,55075,55083.6,55075,55080,210,2327760
1790746860000,55082.4,55082.4,55075,55080,1020,2327550
1790746890000,55080,55082,55075,55075,2070,2327550
1790746920000,55075,55078,55072,55075,1140,2330010
1790746950000,55075,55081.8,55061,55061,1380,2330010
1790746980000,55061,55075.8,55061,55075,120,2331540
1790747010000,55077,55077,55075,55075,540,2331540
1790747040000,55072.8,55072.8,55072.8,55072.8,60,2331540
1790747070000,55074.4,55074.8,55051.2,55051.2,180,2332140
1790747100000,55051,55060.4,55050,55050,510,2332170
1790747130000,55050,55050,55048,55048.4,750,2332170
1790747160000,55050,55050,55048.2,55050,180,2332080
1790747190000,55065,55065,55050,55056.4,120,2332080
1790747220000,55056.4,55056.4,55044,55048,1320,2332110
1790747250000,55044,55048,55038,55038,2520,2332110
1790747280000,55036,55041.4,55034,55037,1440,2332500
1790747310000,55037,55039,55032,55035,510,2332500
1790747340000,55035,55048,55033.2,55045.8,240,2332500
1790747370000,55046.2,55059,55046.2,55050,180,2332680
1790747400000,55058.4,55058.4,55050,55055,240,2332800
1790747430000,55050,55064.4,55050,55061,510,2332800
1790747460000,55065,55080,55065,55079.6,210,2332650
1790747490000,55080,55080,55066,55066,330,2332650
1790747520000,55066,55067,55066,55067,60,2332650
1790747550000,55067,55073.4,55063.2,55063.2,90,2333070
1790747580000,55063.2,55063.2,55063.2,55063.2,30,2333130
1790747610000,55063.2,55063.2,55062.4,55062.4,90,2333130
1790747640000,55062.4,55069,55062.4,55069,720,2333340
1790747670000,55069,55069,55069,55069,0,2333340
1790747700000,55069,55073.4,55069,55069,120,2333460
1790747730000,55069,55080,55069,55080,180,2333460
1790747760000,55080,55085,55071,55071,180,2333340
1790747790000,55071,55073.6,55071,55073.6,120,2333340
1790747820000,55087,55087,55075,55079,1410,2333460
1790747850000,55079,55089,55078,55089,270,2333460
1790747880000,55089,55091.2,55078,55091.2,210,2332230
1790747910000,55099,55142,55099,55142,2520,2332230
1790747940000,55144,55145,55140,55143.2,1680,2330670
1790747970000,55118.2,55124.4,55110,55124.4,150,2330670
1790748000000,55124.4,55150,55124.4,55147.4,1020,2331510
1790748030000,55146.6,55172,55139.2,55170.4,1500,2331510
1790748060000,55169,55175,55156,55168.2,600,2331150
1790748090000,55157,55167.2,55137.6,55142.8,480,2331150
1790748120000,55142.8,55150,55139.2,55150,180,2331120
1790748150000,55148.8,55150.2,55145.2,55150.2,270,2331120
1790748180000,55150.2,55152,55150.2,55150.2,150,2331120
1790748210000,55139,55139,55129.2,55129.2,300,2331060
1790748240000,55111.2,55129.2,55111.2,55121,420,2330940
1790748270000,55121,55142,55121,55133.6,120,2330940
1790748300000,55149,55170,55149,55162.6,810,2329770
1790748330000,55166.4,55166.4,55160,55160,240,2329770
1790748360000,55160,55162,55150,55162,120,2329800
1790748390000,55162,55163.2,55155,55155,210,2329800
1790748420000,55155,55159,55155,55159,60,2329800
1790748450000,55159,55163,55159,55163,180,2329920
1790748480000,55160,55175,55160,55173.2,720,2328090
1790748510000,55175.8,55179.8,55150,55160,1350,2328090
1790748540000,55167.2,55167.2,55155.4,55160,1020,2328840
1790748570000,55161.4,55161.4,55120,55126.4,360,2328840
1790748600000,55126.8,55140.8,55126,55140.2,180,2328840
1790748630000,55135.2,55143,55121.6,55135.2,600,2329140
1790748660000,55135.2,55148.6,55135.2,55148.6,150,2329140
1790748690000,55148.8,55148.8,55143.6,55143.6,90,2329110
1790748720000,55143.6,55150,55143,55150,150,2329110
1790748750000,55148.2,55149.4,55148.2,55149.4,120,2329110
1790748780000,55145.2,55149.4,55132,55149.4,180,2329110
1790748810000,55150,55163,55147.8,55163,1140,2329110
1790748840000,55162.6,55163.4,55157.4,55157.4,300,2329980
1790748870000,55150.4,55155,55150.4,55155,90,2329980
1790748900000,55158.8,55158.8,55150,55150,450,2329980
1790748930000,55147,55148.4,55130.2,55143.6,300,2330460
1790748960000,55143.6,55154.8,55135.2,55154.8,270,2330520
1790748990000,55154.8,55154.8,55147,55154.2,180,2330520
1790749020000,55150.8,55157.6,55150,55157.6,3240,2327730
1790749050000,55160,55169.8,55160,55167.4,510,2327730
1790749080000,55167.4,55175,55167.4,55173,270,2327730
1790749110000,55175,55175,55155,55155,660,2327400
1790749140000,55155,55157.4,55155,55155.2,150,2327400
1790749170000,55155.2,55160,55155,55155,270,2327100
1790749200000,55154.6,55166,55154.6,55165.4,300,2327040
1790749230000,55165.4,55165.4,55150.2,55150.2,240,2327040
1790749260000,55150.2,55152.8,55150,55150,210,2327310
1790749290000,55150,55150,55148.4,55149,90,2327310
1790749320000,55152,55160.4,55150,55151,720,2327310
1790749350000,55157.8,55157.8,55148.6,55148.6,120,2326710
1790749380000,55153.8,55157.2,55153.8,55156.6,90,2326710
1790749410000,55156.6,55170,55153,55170,180,2326770
1790749440000,55169,55169,55155.2,55156.8,420,2326770
1790749470000,55156.8,55163.6,55156.8,55163,90,2326380
1790749500000,55163,55163,55154.2,55158.6,90,2326380
1790749530000,55154.4,55163.6,55154.4,55163.2,180,2326410
1790749560000,55165,55180,55165,55179.8,1290,2325600
1790749590000,55172.2,55176,55169,55170.4,330,2325600
1790749620000,55173,55180,55169.6,55180,990,2325630
1790749650000,55180,55185,55176.4,55176.4,3540,2325630
1790749680000,55176.4,55180,55175.6,55180,390,2325630
1790749710000,55180,55183,55174,55177.2,1350,2327610
1790749740000,55165,55181,55165,55180,4290,2330040
1790749770000,55153.8,55177.2,55153.8,55176.8,1320,2330040
1790749800000,55180,55188.6,55174.6,55188.6,690,2330040
1790749830000,55187.6,55195,55187,55187,1800,2332500
1790749860000,55192,55195,55192,55195,150,2332500
1790749890000,55194.2,55195.2,55186,55194.4,2040,2333160
1790749920000,55194.4,55197,55190,55197,900,2333160
1790749950000,55197,55198,55190.6,55197,210,2333400
1790749980000,55198.2,55201,55198.2,55201,2490,2333400
1790750010000,55205,55230,55191,55230,3750,2331780
1790750040000,55225,55229.6,55217,55226.8,360,2331780
1790750070000,55229,55229,55217.6,55220.8,210,2330850
1790750100000,55228,55230,55215.2,55215.2,690,2330850
1790750130000,55218.8,55218.8,55182.6,55204.4,420,2330790
1790750160000,55204.4,55218,55191.2,55191.2,180,2330790
1790750190000,55210,55215.8,55200,55210,1380,2330850
1790750220000,55210,55210.6,55210,55210,510,2330850
1790750250000,55210,55219,55205,55210,810,2331360
1790750280000,55210,55229,55210,55229,690,2331360
1790750310000,55229,55229,55224,55229,150,2330940
1790750340000,55229,55230,55226,55226,1110,2330940
1790750370000,55228,55228,55203.4,55212.4,360,2331210
1790750400000,55212.4,55225,55212.4,55217.2,210,2331210
1790750430000,55217.2,55229,55217.2,55228.4,240,2331300
1790750460000,55229,55234.4,55229,55232.2,1080,2331300
1790750490000,55229,55230.2,55200,55205,4140,2332350
1790750520000,55205,55205,55190,55195.2,870,2332350
1790750550000,55195,55210,55195,55210,180,2335290
1790750580000,55221,55224.2,55205.8,55205.8,420,2335290
1790750610000,55205.8,55216.2,55205.8,55216.2,210,2335230
1790750640000,55217.8,55218,55215,55218,120,2335230
1790750670000,55218,55218,55215,55215,150,2335260
1790750700000,55217.4,55217.4,55190,55200,1380,2335260
1790750730000,55200,55201,55195.4,55200,450,2335950
1790750760000,55200,55201,55198.6,55199.2,210,2335950
1790750790000,55198.6,55201,55180.2,55195,450,2336070
1790750820000,55200.4,55215,55200.4,55211.2,180,2336070
1790750850000,55209.4,55218,55208,55218,270,2336010
1790750880000,55215,55215,55195,55195,3210,2336010
1790750910000,55195,55202,55180,55180,2010,2338800
1790750940000,55180,55191.8,55180,55180,690,2338800
1790750970000,55180,55206,55180,55206,240,2340330
1790751000000,55205.2,55214,55205.2,55212,540,2340330
1790751030000,55212,55212,55210,55212,480,2340570
1790751060000,55220,55229,55215,55229,2100,2340570
1790751090000,55216.2,55247.4,55216.2,55240,960,2342100
1790751120000,55240,55241,55240,55240,270,2342100
1790751150000,55248,55299,55245,55299,6840,2341920
1790751180000,55301,55330,55301,55320,3690,2341920
1790751210000,55325,55340,55311.2,55340,2130,2339640
1790751240000,55345,55359.6,55333,55333.2,2880,2339640
1790751270000,55333.8,55338.6,55319.6,55319.6,870,2339970
1790751300000,55319.4,55333,55309.2,55320,540,2339970
1790751330000,55320,55333,55320,55330,510,2340270
1790751360000,55330,55330,55330,55330,210,2340270
1790751390000,55330,55330,55325,55325,1080,2340450
1790751420000,55333,55333,55311,55328,1200,2340450
1790751450000,55328,55332.8,55325,55330,1950,2341770
1790751480000,55325,55333,55325,55333,1020,2341770
1790751510000,55330,55330,55309.6,55309.6,510,2343180
1790751540000,55309.6,55313.2,55288,55288,510,2343180
1790751570000,55291.4,55298,55285.4,55295,330,2342910
1790751600000,55295,55295,55272.4,55275,630,2342910
1790751630000,55275,55299,55275,55299,630,2342730
1790751660000,55300,55325,55300,55317.4,660,2342730
1790751690000,55317.4,55334,55317.4,55334,2550,2343300
1790751720000,55334.2,55340,55334.2,55338.8,240,2343300
1790751750000,55334,55345,55330.2,55345,2370,2345130
1790751780000,55335,55347.2,55335,55340,1050,2345130
1790751810000,55340,55347.2,55340,55345.4,1770,2344830
1790751840000,55345,55347,55333,55345,870,2344830
1790751870000,55346.6,55350.8,55346.6,55349.2,870,2345250
1790751900000,55349,55370,55349,55352,2310,2345250
1790751930000,55361,55363.8,55347.8,55358,4080,2347650
1790751960000,55359,55373,55359,55368.8,1170,2347650
1790751990000,55365.6,55365.6,55352,55361,1680,2349450
1790752020000,55361,55366,55360,55363,1140,2349450
1790752050000,55365,55370,55365,55370,1290,2351160
1790752080000,55365,55375,55365,55374,1440,2351160
1790752110000,55375.4,55380,55370,55371.8,3000,2352420
1790752140000,55370.8,55381,55348.2,55360,2280,2352420
1790752170000,55360.6,55360.6,55350,55360,1020,2356050
1790752200000,55360,55367.8,55360,55365,420,2356050
1790752230000,55365,55367.4,55360,55360,1020,2357010
1790752260000,55360,55368.8,55360,55368.8,2100,2357010
1790752290000,55368,55368,55345,55358,3000,2359830
1790752320000,55341,55355,55341,55355,1230,2359830
1790752350000,55355.2,55355.2,55333.4,55352.8,1350,2360610
1790752380000,55353,55353,55331,55331,2010,2360610
1790752410000,55331,55336.2,55321.2,55335,1380,2362140
1790752440000,55335,55350,55335,55345,540,2362140
1790752470000,55345,55354,55330,55345,780,2362020
1790752500000,55350,55375,55350,55375,1230,2362020
1790752530000,55375,55378,55351,55351,750,2361930
1790752560000,55352.8,55410,55352.8,55410,5400,2361930
1790752590000,55410,55450,55410,55450,4260,2359680
1790752620000,55446.4,55449,55441,55448,750,2359680
1790752650000,55448,55455.8,55441,55455,1530,2359110
1790752680000,55459,55459,55449,55455,3330,2359110
1790752710000,55455,55456,55441,55456,2700,2361090
1790752740000,55459,55461.2,55441,55441.2,2670,2361090
1790752770000,55441,55455,55430,55430,1800,2362020
1790752800000,55440,55443.4,55415,55415,1290,2362020
1790752830000,55415,55415,55410,55414.4,660,2362560
1790752860000,55405.6,55429,55395,55410,1590,2362560
1790752890000,55416.8,55429,55400.4,55400.4,300,2362500
1790752920000,55400.4,55409.2,55400.4,55409,150,2362500
1790752950000,55401.6,55409.2,55395,55400.4,960,2361510
1790752980000,55401.4,55425,55401.2,55425,840,2361510
1790753010000,55425,55435,55397.4,55435,720,2360850
1790753040000,55435,55440,55401.4,55401.4,600,2360850
1790753070000,55401.4,55414.2,55401.4,55409.6,240,2360160
1790753100000,55409.6,55410.6,55400,55400,270,2360160
1790753130000,55391.2,55414.2,55385,55406,1440,2359110
1790753160000,55390.6,55420,55388.8,55406.8,1500,2359110
1790753190000,55398.6,55415,55398.6,55415,270,2357730
1790753220000,55415,55415,55401,55401,150,2357730
1790753250000,55403.4,55410,55403.4,55410,150,2357730
1790753280000,55410,55410,55389.4,55404,360,2357520
1790753310000,55404,55404,55382.2,55387.4,210,2356140
1790753340000,55400,55409,55395,55409,270,2356140
1790753370000,55410,55419,55410,55419,390,2356140
1790753400000,55419,55419,55410,55411,240,2355960
1790753430000,55410,55415.6,55410,55415.6,180,2356020
1790753460000,55414,55430,55414,55420,600,2356020
1790753490000,55420,55430,55420,55430,360,2356170
1790753520000,55425,55425,55416,55416,120,2356170
1790753550000,55416,55425,55405.4,55423.6,510,2356080
1790753580000,55405.2,55420,55405.2,55420,90,2356080
1790753610000,55418.8,55418.8,55399.8,55399.8,600,2356050
1790753640000,55399.8,55402.8,55385,55402.8,240,2356050
1790753670000,55402.8,55412,55402.8,55412,30,2356050
1790753700000,55414,55415.2,55403.8,55403.8,240,2356260
1790753730000,55403.8,55420,55403.8,55406.4,120,2356260
1790753760000,55410,55424,55410,55424,120,2356230
1790753790000,55419.4,55425,55416.2,55420,270,2356230
1790753820000,55425,55425,55415.2,55415.2,150,2356200
1790753850000,55415.2,55415.2,55410,55410,150,2356170
1790753880000,55410,55435,55410,55435,420,2356170
1790753910000,55435,55435.6,55431.2,55431.2,330,2356020
1790753940000,55432,55432,55420,55420,210,2356020
1790753970000,55420,55425,55420,55425,150,2356020
1790754000000,55425,55425,55421.2,55421.2,180,2356140
1790754030000,55421.2,55422,55421,55421,150,2356200
1790754060000,55421,55424.8,55413.2,55423,90,2356200
1790754090000,55423,55423,55417.2,55417.2,60,2356140
1790754120000,55420,55425,55400,55400,390,2356140
1790754150000,55397,55399,55385.6,55385.6,390,2356140
1790754180000,55385.6,55386,55385.6,55386,30,2356230
1790754210000,55393.8,55393.8,55384.8,55384.8,180,2356230
1790754240000,55399,55399,55388,55388,90,2356020
1790754270000,55388,55388,55370,55370,330,2356020
1790754300000,55372,55398.8,55372,55390,480,2356020
1790754330000,55398.8,55410,55385,55399.8,600,2355930
1790754360000,55399.8,55399.8,55384.6,55399.8,120,2355930
1790754390000,55399,55411,55394.4,55405,450,2355930
1790754420000,55405,55415,55399,55410,1380,2355930
1790754450000,55415,55415,55405,55408,2130,2356380
1790754480000,55408,55419.4,55408,55410,1350,2356380
1790754510000,55410,55410,55406,55410,750,2357340
1790754540000,55410,55413,55399,55399,540,2357340
1790754570000,55408,55415,55408,55415,330,2357340
1790754600000,55415,55415,55410,55415,3450,2357820
1790754630000,55405,55410,55405,55409.2,720,2358210
1790754660000,55411.8,55420,55411.8,55420,2370,2358210
1790754690000,55420,55420,55390.6,55390.6,660,2359800
1790754720000,55390.6,55425,55390.6,55425,180,2359800
1790754750000,55425,55430,55425,55430,90,2359800
1790754780000,55430,55430,55425,55426,120,2359740
1790754810000,55425,55432.8,55425,55432.8,960,2359740
1790754840000,55432.8,55435,55432.8,55435,120,2359740
1790754870000,55435.6,55440,55435,55435,1590,2361600
1790754900000,55440,55442,55440,55442,90,2361600
1790754930000,55443,55445,55434,55435.6,2100,2363280
1790754960000,55435.6,55435.6,55431.4,55431.4,60,2363280
1790754990000,55431.4,55445,55431.4,55443.6,720,2363850
1790755020000,55444,55447,55444,55444,1170,2363850
1790755050000,55440,55450,55440,55445,3660,2363850
1790755080000,55447.4,55448,55435,55435,2430,2367090
1790755110000,55430.4,55432,55411.6,55432,210,2369490
1790755140000,55435,55435,55417.4,55428,3150,2369490
1790755170000,55425.4,55429.4,55425,55426,1500,2371590
1790755200000,55410.4,55420,55410,55420,1110,2371590
1790755230000,55425.8,55442,55425.8,55442,810,2371590
1790755260000,55442,55445,55413.6,55445,150,2373060
1790755290000,55445,55455,55445,55450,270,2372880
1790755320000,55451,55451,55426.8,55426.8,210,2372880
1790755350000,55426.8,55428.4,55426.8,55428.4,90,2372880
1790755380000,55425,55428.8,55425,55428.8,120,2372820
1790755410000,55435.2,55440,55428.8,55428.8,390,2372820
1790755440000,55434.2,55435.6,55425,55425,630,2373000
1790755470000,55410.6,55416,55401,55405,720,2373600
1790755500000,55405,55414.6,55378,55387.6,930,2373600
1790755530000,55384.4,55396,55381.2,55390,720,2373720
1790755560000,55386.8,55391,55380.8,55380.8,450,2373720
1790755590000,55380.8,55380.8,55371.2,55371.2,510,2373930
1790755620000,55371.8,55382,55370,55370,930,2373930
1790755650000,55360,55362.8,55360,55362,930,2373930
1790755680000,55350,55362,55349.6,55351.2,1050,2374380
1790755710000,55351,55362,55351,55362,180,2374380
1790755740000,55365,55366,55351.2,55352.8,330,2374290
1790755770000,55352.8,55360,55325,55325,1080,2374230
1790755800000,55326,55327,55320,55320,510,2374230
1790755830000,55321,55329.4,55320,55320,180,2374230
1790755860000,55320,55320,55300.2,55301.4,810,2374140
1790755890000,55312.8,55312.8,55300.6,55306.2,150,2374140
1790755920000,55306,55320,55300,55320,540,2373720
1790755950000,55310.2,55320.8,55300,55305.2,300,2373720
1790755980000,55305.2,55321,55305.2,55321,210,2373570
1790756010000,55333,55344,55310,55310,240,2373570
1790756040000,55305,55305,55284,55284,2070,2372250
1790756070000,55284,55284,55283,55283,150,2372250
1790756100000,55283,55283,55281,55281,330,2372190
1790756130000,55275,55290.4,55257.8,55290.4,1110,2372190
1790756160000,55292.6,55292.6,55264.6,55287.6,300,2371710
1790756190000,55272.6,55296.2,55272.6,55279.6,330,2371710
1790756220000,55279.6,55300,55277.2,55300,240,2371860
1790756250000,55300,55321.2,55284.4,55302,330,2371860
1790756280000,55302,55302,55291,55300,240,2372010
1790756310000,55301,55301,55300,55301,150,2372010
1790756340000,55301,55311.6,55301,55311.6,330,2372040
1790756370000,55311.6,55320,55299.2,55300.2,330,2372040
1790756400000,55300.2,55311.6,55300,55310.6,150,2372040
1790756430000,55300,55301,55296,55296,210,2372040
1790756460000,55296,55319,55296,55319,360,2372130
1790756490000,55305.4,55312.2,55305.4,55312,150,2372130
1790756520000,55312,55348,55312,55342.2,540,2372370
1790756550000,55342.2,55342.2,55300,55300,360,2372370
1790756580000,55311.8,55311.8,55291.2,55292.2,300,2372220
1790756610000,55293.8,55305.8,55293.4,55305.8,180,2372220
1790756640000,55310,55310,55291,55291.4,510,2372220
1790756670000,55291.4,55291.4,55291.4,55291.4,0,2372220
1790756700000,55300.8,55336.6,55300.8,55336.6,300,2372130
1790756730000,55336.6,55339,55322,55339,120,2372130
1790756760000,55349,55350,55334.2,55350,270,2372130
1790756790000,55350,55350,55339.2,55340,180,2372130
1790756820000,55340,55361,55340,55351,540,2372310
1790756850000,55350.2,55355.6,55350,55350,210,2372310
1790756880000,55350,55350,55341.2,55341.2,60,2372760
1790756910000,55362.4,55362.4,55347.4,55362.4,180,2372760
1790756940000,55362.4,55362.4,55348.4,55348.4,90,2372730
1790756970000,55348.4,55351,55321.4,55335,450,2372730
1790757000000,55321.4,55345,55311,55311,3810,2374290
1790757030000,55311,55326.2,55305,55325,1410,2374290
1790757060000,55313,55315,55301,55305,1470,2376600
1790757090000,55305,55315,55305,55315,330,2376600
1790757120000,55318.2,55330.8,55318.2,55330.8,90,2378160
1790757150000,55330,55333,55315.2,55322,3330,2378160
1790757180000,55322,55325,55314.2,55314.2,1290,2381610
1790757210000,55314.2,55332,55314.2,55331.4,1380,2381610
1790757240000,55332,55345.2,55332,55345,1380,2383380
1790757270000,55339.2,55339.2,55323.2,55335.2,180,2383380
1790757300000,55335.2,55345.2,55335.2,55345,2220,2384280
1790757330000,55345,55345,55321.4,55330,2310,2384280
1790757360000,55330,55335,55330,55330,1590,2388180
1790757390000,55336,55342.4,55331.6,55342.4,510,2388180
1790757420000,55342.4,55342.4,55325,55325,900,2389770
1790757450000,55329,55335.8,55320,55335.8,1350,2389770
1790757480000,55335.8,55339,55335,55335,1350,2391240
1790757510000,55336,55344.6,55335,55343.8,1380,2391240
1790757540000,55343.8,55343.8,55335,55335,2010,2393490
1790757570000,55335,55335,55322,55322,1290,2393490
1790757600000,55322,55325,55310.2,55315,1440,2394930
1790757630000,55319.6,55325,55301,55301,1920,2394930
1790757660000,55305.6,55305.6,55300,55300,780,2397990
1790757690000,55291.8,55291.8,55284.4,55284.4,390,2397990
1790757720000,55284.4,55284.4,55260.4,55270,330,2398230
1790757750000,55270,55270,55250,55250,1110,2398230
1790757780000,55264,55264,55250.4,55251,480,2398560
1790757810000,55251,55264,55250.4,55256.2,270,2398560
1790757840000,55256.2,55258.2,55250,55257,810,2399010
1790757870000,55257,55258.2,55235.4,55255,1350,2399010
1790757900000,55255,55255,55237,55237,180,2399520
1790757930000,55237,55240,55232,55240,420,2399520
1790757960000,55240,55252,55240,55252,780,2399850
1790757990000,55253.6,55258,55253,55255,1710,2399850
1790758020000,55255,55258,55255,55258,240,2400240
1790758050000,55258,55258,55254.2,55255,330,2400240
1790758080000,55255,55265,55253,55265,570,2400510
1790758110000,55275,55289,55275,55285,2490,2400510
1790758140000,55285,55285,55275,55280,2220,2402520
1790758170000,55281,55284,55260.8,55284,1080,2402520
1790758200000,55284,55284,55260,55278,1500,2404770
1790758230000,55278.8,55280.6,55275,55280,1380,2404770
1790758260000,55261,55261,55250,55258.4,900,2406840
1790758290000,55263,55263,55240.2,55252,2220,2406840
1790758320000,55252,55256,55225,55240,3420,2410650
1790758350000,55240,55250,55240,55245,1110,2410650
1790758380000,55245,55254,55202.6,55202.6,2160,2412720
1790758410000,55202.4,55228.2,55183,55188.6,4500,2412720
1790758440000,55211.2,55219.2,55184.6,55186,1110,2416590
1790758470000,55188,55188,55150.6,55161,2010,2416590
1790758500000,55176.8,55184.6,55160,55175,1380,2417070
1790758530000,55180,55180,55162,55167.6,1860,2417070
1790758560000,55160,55160.8,55120,55140,2010,2419800
1790758590000,55145,55161.2,55108.8,55120,2400,2419800
1790758620000,55120,55123.2,55114.8,55123.2,600,2420520
1790758650000,55123.2,55150,55123.2,55130,210,2420520
1790758680000,55139.8,55150,55121,55134.8,4170,2420700
1790758710000,55135.6,55139.6,55105,55131.4,5670,2420700
1790758740000,55105,55123.4,55100,55100,2280,2428320
1790758770000,55101,55125,55101,55122.8,270,2428320
1790758800000,55120,55120,55096,55096,630,2428590
1790758830000,55096,55100,55056,55062,1560,2428590
1790758860000,55062,55075,55056,55062,1680,2427900
1790758890000,55061,55122,55061,55119.4,900,2427900
1790758920000,55119.4,55121,55100,55101,990,2428140
1790758950000,55101,55107.2,55074.6,55098.2,570,2428140
1790758980000,55098.2,55125,55098.2,55107.8,1560,2429610
1790759010000,55107.8,55109,55087,55109,510,2429610
1790759040000,55109,55109,55080,55080,270,2429730
1790759070000,55080,55112,55075,55075,720,2429730
1790759100000,55109.2,55110.2,55075.4,55079.8,480,2429970
1790759130000,55080.2,55086.2,55079.8,55086.2,270,2429970
1790759160000,55085.4,55086.2,55060,55083.6,870,2430120
1790759190000,55083.6,55083.6,55055,55055,990,2430120
1790759220000,55051,55051,55022,55022,2460,2430480
1790759250000,55021.6,55048.8,55020.4,55022,630,2430480
1790759280000,55025,55044.6,55019.6,55019.6,810,2429700
1790759310000,55021,55060,55021,55040,300,2429700
1790759340000,55040,55040,55000.2,55001,2010,2430150
1790759370000,55001,55017.8,55000.2,55017.8,1050,2430150
1790759400000,55017.8,55020,55001,55020,540,2429490
1790759430000,55022.2,55025,55020,55020,990,2429490
1790759460000,55021,55028.6,55018.8,55018.8,900,2430150
1790759490000,55010,55021.8,55000.2,55016.6,780,2430150
1790759520000,55015.4,55033.2,55011,55024.6,900,2430600
1790759550000,55024.6,55024.6,54986,54986,2370,2430600
1790759580000,54977,54980,54947.2,54952,2760,2431530
1790759610000,54953.4,54996.6,54940.2,54996.6,1830,2431530
1790759640000,54992,54999.8,54970.2,54971.2,300,2429790
1790759670000,54990,55012,54976,54976,870,2429790
1790759700000,54991,55010,54981,55010,540,2430420
1790759730000,55010,55041.6,55000.2,55041.6,810,2430420
1790759760000,55043.6,55043.6,55000,55021.4,870,2430300
1790759790000,55021.4,55031.2,54999,55000,690,2430300
1790759820000,55000,55016.2,55000,55012.4,270,2430840
1790759850000,55018.8,55028,55000,55020,600,2430840
1790759880000,55022,55038,55022,55037,510,2431200
1790759910000,55037,55058.8,55037,55051.2,600,2431200
1790759940000,55058,55078.2,55051.6,55076,1260,2431860
1790759970000,55060,55087.4,55060,55084.8,900,2431860
1790760000000,55084.8,55089.6,55052,55065.6,3330,2434680
1790760030000,55064.2,55078.6,55050.2,55050.2,1410,2434680
1790760060000,55050.2,55061.8,55035,55035,1200,2435010
1790760090000,55038.2,55063,55036.6,55053.2,210,2435010
1790760120000,55063,55080,55055.8,55055.8,990,2435490
1790760150000,55055.4,55060.6,55044.2,55044.2,330,2435490
1790760180000,55044.2,55076.4,55044,55072.8,510,2435670
1790760210000,55070.2,55070.2,55040,55040.2,810,2435670
1790760240000,55040.2,55058.2,55040.2,55058.2,180,2435970
1790760270000,55049.2,55063.8,55049.2,55062,270,2435970
1790760300000,55059,55069.6,55042,55063.8,510,2435850
1790760330000,55053.6,55066,55053.6,55058.8,210,2435850
1790760360000,55059.2,55063.2,55052.8,55053.2,390,2435400
1790760390000,55054.8,55054.8,55040,55040,930,2435400
1790760420000,55037.8,55045.2,55025,55045,480,2435610
1790760450000,55045.4,55058,55025,55058,390,2435610
1790760480000,55057.4,55060.2,55028.4,55060.2,390,2435250
1790760510000,55060,55063.2,55032.2,55052.4,450,2435250
1790760540000,55052,55061.6,55046,55059.4,1500,2434080
1790760570000,55061.4,55061.4,55044.2,55044.2,390,2434080
1790760600000,55041.8,55078,55032,55078,900,2433540
1790760630000,55076.2,55087.4,55069,55084.2,540,2433540
1790760660000,55084.2,55098.6,55084.2,55098.6,390,2433090
1790760690000,55098.6,55116.6,55098.6,55116.6,780,2433090
1790760720000,55116.6,55130,55110,55130,870,2433180
1790760750000,55120,55137.6,55103,55120.8,420,2433180
1790760780000,55121.4,55121.8,55105.8,55115.6,360,2433180
1790760810000,55106.2,55106.2,55095,55095,570,2433180
1790760840000,55085,55100,55081,55081.2,240,2433570
1790760870000,55081.2,55085,55081.2,55085,30,2433570
1790760900000,55086,55086,55069.8,55070.8,720,2434020
1790760930000,55066,55066,55066,55066,120,2434020
1790760960000,55066,55066.2,55065.2,55065.2,210,2434020
1790760990000,55065.2,55080,55063.8,55080,60,2434110
1790761020000,55079,55079,55070,55070,360,2434080
1790761050000,55070,55077.2,55069.2,55069.2,630,2434080
1790761080000,55069.2,55069.2,55050.2,55050.2,300,2433420
1790761110000,55061.2,55061.2,55050.2,55050.2,450,2433420
1790761140000,55050,55050.2,55038.2,55040,1020,2433480
1790761170000,55040,55040,55038.4,55039,150,2433480
1790761200000,55046.2,55049.4,55032,55032,660,2433300
1790761230000,55028,55028,55019.2,55019.2,540,2433300
1790761260000,55019.6,55025,55009.2,55025,300,2433450
1790761290000,55018.8,55025,55007,55023.2,570,2433450
1790761320000,55025,55025,55016.2,55016.4,930,2433450
1790761350000,55014.4,55015.6,55000.2,55005.2,1860,2433930
1790761380000,55005.2,55005.2,54970,54970,2100,2435490
1790761410000,54988,54988,54980,54986.6,630,2435490
1790761440000,54980.2,54986.6,54965,54967.4,2040,2435940
1790761470000,54965,54976.2,54965,54976.2,600,2435940
1790761500000,54970,54985,54955.4,54985,630,2435940
1790761530000,54999.8,55000,54985,54990.2,270,2436180
1790761560000,54990.4,55000,54990.4,54991,270,2435850
1790761590000,55000,55016,54991.6,55001,480,2435850
1790761620000,55001.4,55016.8,54995,54995.4,1650,2435130
1790761650000,54995.4,55020,54990.8,55011.2,570,2435130
1790761680000,55011.2,55029.8,55011.2,55015.6,480,2435130
1790761710000,55015.6,55022.2,55015.6,55017.2,150,2433810
1790761740000,55019.6,55020.4,55017.6,55019.8,540,2433990
1790761770000,55019.6,55030.6,55018.2,55018.2,480,2433990
1790761800000,55018.2,55024.4,54984,55021,900,2433570
1790761830000,55023.8,55023.8,55001.8,55020.6,390,2433570
1790761860000,55020.6,55020.6,55003.2,55005.2,420,2433510
1790761890000,55005.2,55020.2,55005.2,55009.4,330,2433510
1790761920000,55009.4,55010,55008,55009.6,1080,2433510
1790761950000,55008.8,55020.4,55008.8,55010.2,390,2433120
1790761980000,55010.2,55020,55002,55002,720,2433120
1790762010000,55002,55010.2,55002,55005,240,2432880
1790762040000,55010.2,55025,55010.2,55012,360,2432880
1790762070000,55012,55040,55005,55025,570,2432730
1790762100000,55025,55039,55015.2,55030,630,2432730
1790762130000,55030,55030,55030,55030,180,2432220
1790762160000,55030,55031,55015.2,55015.2,540,2432220
1790762190000,55015.2,55030,55015.2,55030,720,2431200
1790762220000,55020.4,55038,55020.4,55021.2,360,2431200
1790762250000,55021.8,55029,55021.8,55029,270,2430840
1790762280000,55029,55030,55013,55013,810,2430840
1790762310000,55013,55015,55005,55005,540,2430750
1790762340000,55005,55005,55000,55000,720,2430750
1790762370000,55000,55010,54985.4,54993.6,780,2429370
1790762400000,54991.8,55020,54982.4,55020,660,2429370
1790762430000,55010.2,55010.6,55010,55010,360,2428890
1790762460000,55010,55015,55010,55010.2,300,2428890
1790762490000,55010.2,55010.2,54988,54988,1440,2428050
1790762520000,54988,55000,54988,55000,120,2428050
1790762550000,55000,55010,54986.2,54986.2,180,2426700
1790762580000,55010,55010,54985.2,55000,300,2426700
1790762610000,55000,55000,54996,54996,90,2426640
1790762640000,54996,55000,54992.2,55000,480,2426640
1790762670000,55008,55010,54992,55000,360,2426190
1790762700000,55009,55010,54992,55000,300,2426190
1790762730000,55010,55010,54999.2,55010,180,2426070
1790762760000,54999.6,55010,54999.6,55010,120,2426070
1790762790000,55010,55019.8,55009.2,55019.2,570,2425140
1790762820000,55019.8,55024,55019.8,55020,420,2425140
1790762850000,55023.8,55025,55000,55000,1140,2426160
1790762880000,55000,55022.6,54999,55022,570,2426160
1790762910000,55020,55024.2,55001,55020,870,2425980
1790762940000,55020,55021.4,54999,54999,870,2425980
1790762970000,55010.8,55015,54990,54990,840,2426070
1790826300000,54840,55050,54811.4,54983.8,7110,2394930
1790826330000,54984.8,55099.6,54980.8,55099.6,5910,2397210
1790826360000,55099.6,55190,55072,55190,3570,2397210
1790826390000,55190,55190,55130,55131.6,3420,2398500
1790826420000,55149.4,55149.4,55050,55050,3750,2398500
1790826450000,55054.6,55147.6,55051.2,55147.6,1560,2398500
1790826480000,55150,55160,55107.4,55141.2,2640,2400330
1790826510000,55141.2,55150,55111.6,55111.6,2310,2399580
1790826540000,55112,55123.4,55067.6,55105,2310,2399580
1790826570000,55109.2,55112.4,55080,55092.8,1020,2399580
1790826600000,55077.4,55127.6,55077.4,55098.4,2520,2399490
1790826630000,55113.8,55116.6,55071.8,55090.2,1650,2399490
1790826660000,55091.6,55100.8,55052.8,55091.6,1950,2399010
1790826690000,55099.6,55099.6,55054,55054,1290,2399010
1790826720000,55053.4,55057.6,55032.4,55038.6,1410,2398230
1790826750000,55043,55067.6,55032.4,55048,720,2398230
1790826780000,55043,55043,55000,55000,2010,2397630
1790826810000,54990,55024.4,54982.2,55001.8,1140,2397630
1790826840000,54999.6,55007.8,54983.8,54983.8,1410,2397360
1790826870000,54983.8,55017.4,54969.6,55012.4,3570,2397360
1790826900000,55009.4,55021.2,54983.6,55021.2,1230,2398950
1790826930000,55021.2,55045,55003,55021.2,3510,2398950
1790826960000,55044,55098,55037.8,55098,810,2399580
1790826990000,55091,55091,55051,55051,990,2399580
1790827020000,55062.6,55084.4,55050,55074,1050,2399220
1790827050000,55074,55099,55074,55099,660,2399220
1790827080000,55090.6,55108,55085,55108,840,2399700
1790827110000,55100,55129,55100,55127,660,2399700
1790827140000,55129,55130,55100,55130,780,2399400
1790827170000,55129,55135,55116.4,55135,450,2399400
1790827200000,55138,55148.4,55133.6,55133.6,780,2399400
1790827230000,55132.4,55179,55132.4,55179,2820,2399400
1790827260000,55179,55243,55179,55233.8,4920,2399280
1790827290000,55233.8,55243,55193.2,55193.2,2430,2399280
1790827320000,55200,55204.8,55167,55200,7200,2399550
1790827350000,55203.6,55210,55179.2,55190,3090,2399550
1790827380000,55190,55190,55165.6,55174,1140,2398680
1790827410000,55173,55174,55160,55160,300,2398680
1790827440000,55155.2,55162.8,55130,55136.6,1230,2398650
1790827470000,55135.6,55135.6,55072,55096.2,1230,2398650
1790827500000,55094.6,55115.6,55075.2,55085.6,690,2398620
1790827530000,55132,55150,55102.4,55145.8,1080,2398620
1790827560000,55111.2,55155,55111.2,55150,210,2398590
1790827590000,55150,55152.2,55128.2,55140.6,390,2398590
1790827620000,55140,55150,55119.8,55145,420,2396820
1790827650000,55145,55147.4,55132,55145,780,2396820
1790827680000,55149.6,55150,55135.2,55150,450,2397060
1790827710000,55150,55160,55121.4,55121.4,1980,2397060
1790827740000,55121,55155.8,55117.4,55130.2,1350,2398380
1790827770000,55130,55153.4,55130,55152,1230,2398380
1790827800000,55152,55152.6,55133,55133,330,2399400
1790827830000,55134,55149,55134,55149,270,2399400
1790827860000,55148,55151,55132,55150,540,2399850
1790827890000,55151.4,55151.4,55120.8,55120.8,840,2399850
1790827920000,55120.8,55150,55120.8,55150,180,2400570
1790827950000,55155,55157.4,55146,55155,330,2400570
1790827980000,55155,55160,55146,55146,180,2400510
1790828010000,55146,55150,55131.2,55148,540,2400510
1790828040000,55151.6,55151.6,55134.8,55134.8,450,2401050
1790828070000,55134.8,55160,55134,55142,600,2401050
1790828100000,55151,55151,55130,55130,180,2401050
1790828130000,55130,55150,55100,55150,630,2401050
1790828160000,55151,55160,55150,55160,330,2401350
1790828190000,55160,55168,55149.6,55168,450,2401350
1790828220000,55172.4,55182,55172.4,55175,2790,2400270
1790828250000,55175,55185,55172.2,55173.4,2010,2400270
1790828280000,55175,55189,55173,55182.8,1500,2397900
1790828310000,55175,55193,55172.2,55180,3240,2397900
1790828340000,55193.2,55210,55190.4,55207.2,1380,2395410
1790828370000,55199.4,55202,55181.4,55185,210,2395410
1790828400000,55185,55199.8,55185,55188.2,660,2395140
1790828430000,55188.2,55188.2,55185,55185.2,390,2395140
1790828460000,55185.2,55192.8,55185,55192.8,180,2394870
1790828490000,55192.8,55192.8,55176.2,55191.2,600,2394870
1790828520000,55191.2,55191.2,55186.2,55191.2,90,2394960
1790828550000,55191.2,55225,55191.2,55225,690,2394960
1790828580000,55227.2,55228,55180.4,55199.2,930,2394450
1790828610000,55199.2,55199.2,55190,55191.4,840,2394450
1790828640000,55182,55190.4,55147,55147,1710,2396010
1790828670000,55149.6,55149.6,55140,55140,810,2396010
1790828700000,55140,55140,55122,55140,660,2396250
1790828730000,55140,55168,55140,55168,210,2396250
1790828760000,55150.8,55163,55150.8,55155.8,120,2396070
1790828790000,55155.8,55179,55155.8,55170,930,2396070
1790828820000,55170,55170,55164.4,55169.8,300,2395260
1790828850000,55169.8,55169.8,55161.6,55161.6,30,2395260
1790828880000,55161.6,55162.6,55161.6,55161.6,60,2394600
1790828910000,55161.6,55162.2,55161.6,55162.2,60,2394600
1790828940000,55162.2,55199,55162.2,55199,210,2394600
1790828970000,55199,55210,55188.4,55210,690,2394600
1790829000000,55210,55225,55197,55225,1140,2394150
1790829030000,55224.8,55243,55213,55233.4,2400,2394150
1790829060000,55233.4,55250,55233.4,55249,5010,2392740
1790829090000,55249,55249,55243.2,55243.2,1590,2392740
1790829120000,55240,55248,55230,55248,390,2390940
1790829150000,55236.4,55249,55235,55249,1020,2390940
1790829180000,55249,55249,55218.2,55218.6,330,2390850
1790829210000,55239,55239,55228.8,55239,180,2390850
1790829240000,55229.8,55241.6,55228.8,55230.6,180,2391060
1790829270000,55240,55246.4,55230,55246.4,510,2391060
1790829300000,55243.4,55248,55233.8,55245.2,300,2391120
1790829330000,55230.6,55237.4,55220,55220,270,2391120
1790829360000,55220,55235.2,55220,55235.2,240,2391240
1790829390000,55235.2,55235.2,55218,55218,180,2391240
1790829420000,55218,55221.4,55217.6,55220.2,540,2391480
1790829450000,55220.2,55235.2,55220.2,55235.2,270,2391480
1790829480000,55234.4,55234.4,55215,55215,780,2391810
1790829510000,55215,55221.4,55180,55180,1110,2391810
1790829540000,55180,55213.6,55175,55200.6,630,2392320
1790829570000,55200,55202,55175,55175,690,2392320
1790829600000,55178.4,55192.8,55144.8,55185.8,1290,2392230
1790829630000,55168,55186,55165,55165.2,780,2392230
1790829660000,55165.2,55199.4,55165.2,55172.8,900,2392320
1790829690000,55175,55203.8,55166.6,55167,1170,2392320
1790829720000,55177,55178.2,55150,55150,750,2392500
1790829750000,55161,55169.8,55140.2,55144.8,1080,2392500
1790829780000,55144.8,55167.2,55135.4,55140,930,2392230
1790829810000,55135.4,55144.8,55125.6,55133.4,1290,2392230
1790829840000,55121.4,55133,55118.4,55127,1620,2391120
1790829870000,55127,55168.4,55127,55134.6,1590,2391120
1790829900000,55134.6,55167.8,55128.4,55135.6,1500,2390250
1790829930000,55137.8,55147,55136.8,55136.8,690,2390250
1790829960000,55148.2,55180,55138.6,55180,780,2389800
1790829990000,55190.6,55200.8,55190.6,55199.8,480,2389800
1790830020000,55199.8,55199.8,55176,55176,360,2389740
1790830050000,55176,55176,55176,55176,0,2389740
1790830080000,55176,55198.6,55174.6,55197.4,390,2389770
1790830110000,55189.8,55189.8,55184.2,55184.2,90,2389770
1790830140000,55185,55193.6,55185,55192,420,2388990
1790830170000,55192,55192,55177,55177,30,2388990
1790830200000,55177,55195,55177,55193.2,120,2389020
1790830230000,55195,55200,55195,55200,300,2389020
1790830260000,55200,55215.4,55193.2,55197.8,540,2389290
1790830290000,55194.4,55208,55194.4,55204.6,360,2389290
1790830320000,55214.8,55216.2,55197.8,55216.2,510,2389710
1790830350000,55219,55225,55194.2,55214.2,690,2389710
1790830380000,55214.2,55214.2,55195.2,55214.2,210,2389980
1790830410000,55214.2,55235,55214.2,55233.4,1380,2389980
1790830440000,55233.4,55233.4,55208.2,55210,450,2390220
1790830470000,55210,55210,55210,55210,240,2390220
1790830500000,55210,55220,55202,55209.8,1200,2390940
1790830530000,55209.8,55229.4,55209.8,55229.4,390,2390940
1790830560000,55225,55239,55225,55237.4,1380,2390610
1790830590000,55237.4,55248.4,55237.4,55237.4,1050,2390610
1790830620000,55237.4,55237.4,55220.2,55225,150,2391030
1790830650000,55230,55235,55230,55231.2,210,2391030
1790830680000,55231,55231,55213.2,55213.2,360,2390970
1790830710000,55200,55217.2,55200,55217.2,150,2390970
1790830740000,55220,55240,55220,55240,480,2391210
1790830770000,55240,55248,55236.6,55248,330,2391210
1790830800000,55249,55273.2,55248.6,55261.8,6480,2391210
1790830830000,55276,55285.2,55261.2,55285,1200,2391210
1790830860000,55289,55290,55286.4,55290,1170,2391180
1790830890000,55290,55321,55286.4,55321,3570,2391180
1790830920000,55321,55345,55320.8,55345,1830,2390850
1790830950000,55345,55345,55329.2,55336,840,2390850
1790830980000,55336,55350,55336,55345,660,2390760
1790831010000,55345,55345,55320,55320,870,2390760
1790831040000,55320,55321,55300.4,55305,1110,2390970
1790831070000,55306.4,55325,55303.4,55320,570,2390970
1790831100000,55320,55340,55305.4,55340,1290,2391090
1790831130000,55340,55350,55334.6,55334.6,2160,2391090
1790831160000,55345,55359.4,55344.8,55357.8,1920,2391390
1790831190000,55357.8,55365,55348.8,55350.6,1350,2391390
1790831220000,55335.8,55348.8,55325.8,55330,660,2391390
1790831250000,55330,55340,55325.8,55330.2,1050,2391390
1790831280000,55326.2,55334.2,55318.4,55318.4,150,2391390
1790831310000,55312,55332,55311.4,55323,840,2391360
1790831340000,55323,55323,55305.8,55306.8,780,2390520
1790831370000,55305.8,55325,55300.2,55325,1410,2390520
1790831400000,55320.4,55321,55299,55321,420,2389980
1790831430000,55320,55320,55314.6,55316.6,210,2389980
1790831460000,55316.6,55316.6,55291.2,55291.2,150,2389980
1790831490000,55292,55300,55292,55300,240,2390010
1790831520000,55300,55328.4,55300,55328.4,840,2389950
1790831550000,55328.4,55328.4,55300.4,55312.2,90,2389950
1790831580000,55312.2,55320,55300,55300,780,2390130
1790831610000,55300,55310,55300,55309.4,90,2390130
1790831640000,55305,55305,55285,55285,540,2390130
1790831670000,55285,55285,55280,55280,690,2390130
1790831700000,55275,55285,55270.4,55279.6,450,2390130
1790831730000,55276,55276,55257.4,55275,540,2389500
1790831760000,55275,55292.6,55275,55292.6,210,2389500
1790831790000,55290,55292.6,55273.4,55273.4,270,2389200
1790831820000,55273.4,55273.6,55273.4,55273.6,180,2389110
1790831850000,55273.6,55273.6,55256.6,55256.6,210,2389110
1790831880000,55256.6,55257,55255,55255,150,2389110
1790831910000,55255,55255,55251,55251,270,2389050
1790831940000,55251,55251,55251,55251,120,2389050
1790831970000,55257,55257,55240,55240.2,360,2388900
1790832000000,55240.2,55280,55240.2,55264.4,600,2388900
1790832030000,55255,55259,55251.2,55259,180,2388480
1790832060000,55270,55280,55270,55280,180,2388480
1790832090000,55280,55298,55280,55287.2,660,2388510
1790832120000,55298,55298,55291,55291,90,2388510
1790832150000,55291,55292,55289,55289,330,2388690
1790832180000,55289,55289,55275,55275,210,2388690
1790832210000,55258,55259.2,55257.6,55259.2,630,2388630
1790832240000,55259.2,55259.2,55255,55259,150,2388630
1790832270000,55259,55259,55245,55245,990,2388810
1790832300000,55245,55247.2,55240,55245,600,2388810
1790832330000,55245,55245,55240,55240,270,2387640
1790832360000,55240,55241,55240,55240,150,2387640
1790832390000,55240,55244.8,55240,55244.8,60,2387400
1790832420000,55236,55243.4,55236,55240.2,210,2387400
1790832450000,55240.2,55240.2,55225,55233.2,2010,2387400
1790832480000,55232.2,55237.2,55220.4,55220.4,630,2387400
1790832510000,55220,55220,55202.2,55218.2,480,2386110
1790832540000,55218.2,55245,55218.2,55245,210,2386110
1790832570000,55245,55245,55227,55227,90,2385930
1790832600000,55221,55221,55208,55218,180,2385930
1790832630000,55215.6,55231.6,55215.6,55231.6,210,2385960
1790832660000,55208,55216.8,55208,55216.8,120,2385960
1790832690000,55211.6,55215,55202,55202,660,2385990
1790832720000,55202,55203,55202,55202.2,60,2385990
1790832750000,55202.2,55206,55202.2,55206,120,2386170
1790832780000,55206,55206,55154.4,55168,2190,2386170
1790832810000,55158.6,55195.8,55157.6,55195.8,600,2387460
1790832840000,55195.6,55195.8,55195.6,55195.8,120,2387460
1790832870000,55196,55199.2,55180.2,55180.2,1200,2387490
1790832900000,55181.2,55181.4,55180,55180,330,2387490
1790832930000,55180,55180,55175,55175,90,2387160
1790832960000,55178.4,55190.8,55178.4,55190.8,120,2387160
1790832990000,55195,55205,55191.8,55205,150,2387310
1790833020000,55204.4,55208.6,55200,55208.6,630,2387310
1790833050000,55201,55201,55180,55180,300,2387250
1790833080000,55175.2,55200,55166,55166,510,2387250
1790833110000,55162,55186.4,55162,55176,240,2387700
1790833140000,55171,55171,55154,55156.8,420,2387700
1790833170000,55152.2,55152.2,55140,55140,540,2387610
1790833200000,55140,55149,55133.2,55137.8,330,2387610
1790833230000,55137.8,55148.8,55137.8,55145,90,2387520
1790833260000,55145.4,55170.2,55145.4,55156.8,330,2387520
1790833290000,55183.2,55186,55156.4,55181.4,180,2387550
1790833320000,55182.6,55182.6,55167,55167,120,2387550
1790833350000,55167,55173.6,55166,55171.6,150,2387490
1790833380000,55171.6,55176.6,55171.6,55176.6,120,2387490
1790833410000,55165.2,55170.2,55165.2,55169.4,180,2387370
1790833440000,55175,55175,55161.4,55161.6,390,2387370
1790833470000,55161.6,55161.6,55161.6,55161.6,0,2387370
1790833500000,55161.6,55175,55154.4,55154.4,420,2387460
1790833530000,55154.4,55157.8,55154.4,55157.8,30,2387730
1790833560000,55161,55180,55161,55180,180,2387730
1790833590000,55180,55189.2,55180,55183.4,180,2387730
1790833620000,55183.4,55200,55183.4,55200,150,2387730
1790833650000,55200,55200.2,55200,55200.2,150,2387700
1790833680000,55207,55219.2,55201,55219.2,240,2387700
1790833710000,55220,55221.6,55198.4,55208.4,240,2387640
1790833740000,55208.4,55210.4,55190,55201.6,120,2387640
1790833770000,55201.6,55201.6,55180,55200.6,240,2387670
1790833800000,55209.8,55211.6,55180.8,55198.6,150,2387670
1790833830000,55198.6,55198.6,55162,55179.6,750,2387820
1790833860000,55173,55173,55135.4,55141,3780,2387820
1790833890000,55136,55169.2,55136,55168.6,930,2389110
1790833920000,55169.2,55169.2,55140,55140,510,2389110
1790833950000,55140,55140,55106,55134.4,3180,2389560
1790833980000,55105.2,55127.8,55105,55117.6,540,2389560
1790834010000,55111,55111,55068.4,55099.8,3840,2390310
1790834040000,55071,55107.2,55071,55100.8,390,2390310
1790834070000,55100.2,55118.8,55080,55111.4,990,2391480
1790834100000,55100,55122,55100,55100,630,2391480
1790834130000,55120.2,55129,55100,55128.8,630,2391780
1790834160000,55133.2,55141.4,55130,55132,180,2391780
1790834190000,55132,55139.6,55132,55139.6,60,2392320
1790834220000,55139.6,55140,55120.2,55120.4,240,2392320
1790834250000,55126,55131,55120,55126,300,2392290
1790834280000,55130,55149.2,55126.2,55140.2,480,2392290
1790834310000,55140.2,55140.2,55140.2,55140.2,0,2392290
1790834340000,55140.2,55150,55127.4,55128.2,120,2392260
1790834370000,55128.2,55147.4,55126.2,55147.4,60,2392290
1790834400000,55147.4,55168,55146.6,55168,360,2392290
1790834430000,55170,55170,55159,55170,150,2392500
1790834460000,55190,55191,55168,55168,480,2392500
1790834490000,55168,55180.8,55168,55180.8,60,2392410
1790834520000,55180.8,55180.8,55162.4,55164,300,2392410
1790834550000,55164,55166.8,55151.2,55162,210,2392560
1790834580000,55162,55162,55151,55151,30,2392560
1790834610000,55151,55160.2,55151,55152,60,2392680
1790834640000,55152,55152,55152,55152,0,2392680
1790834670000,55152,55180,55151,55180,150,2392710
1790834700000,55180,55199.8,55168.2,55168.2,300,2392710
1790834730000,55182.8,55205,55182.8,55205,390,2392890
1790834760000,55205,55244,55205,55244,420,2392890
1790834790000,55234,55249,55224.6,55249,300,2392680
1790834820000,55229.6,55280,55229.6,55260.4,480,2392680
1790834850000,55279.8,55280,55260,55260,540,2392230
1790834880000,55260,55270,55259.6,55259.6,150,2392230
1790834910000,55259.6,55269,55259.6,55269,180,2392260
1790834940000,55266.4,55266.4,55251,55264.6,330,2392260
1790834970000,55264.6,55264.6,55259.2,55259.2,330,2392200
1790835000000,55259.2,55264,55259.2,55260.4,90,2392200
1790835030000,55259.4,55266.2,55259.4,55266.2,60,2392290
1790835060000,55268,55280,55268,55277.6,420,2392290
1790835090000,55274.2,55280,55272.2,55280,300,2392260
1790835120000,55274.6,55285,55274.6,55285,420,2392260
1790835150000,55284,55288,55283,55288,510,2392320
1790835180000,55285.2,55298,55285.2,55294.6,750,2392320
1790835210000,55293.8,55299,55285,55292.8,600,2392740
1790835240000,55297,55299,55297,55299,270,2392740
1790835270000,55299,55324.8,55295,55324.8,2520,2393010
1790835300000,55324.8,55324.8,55295,55297.2,780,2393010
1790835330000,55295,55301.2,55293.6,55295,1560,2393550
1790835360000,55291.6,55294.4,55290.8,55290.8,300,2393550
1790835390000,55285,55285.2,55244.8,55265,450,2394390
1790835420000,55257.8,55280.2,55257.8,55280,270,2394390
1790835450000,55263.4,55300,55263.4,55300,180,2394390
1790835480000,55300,55300,55270,55270,120,2394390
1790835510000,55270,55270,55257.6,55261.2,120,2394600
1790835540000,55266.8,55266.8,55238,55255,150,2394600
1790835570000,55238.6,55266.8,55238.6,55259.8,150,2394240
1790835600000,55259.8,55259.8,55246.4,55246.8,120,2394240
1790835630000,55246.8,55246.8,55246.8,55246.8,30,2394240
1790835660000,55240,55259.8,55234,55259.8,150,2394000
1790835690000,55266.2,55270.6,55259.4,55259.4,300,2394060
1790835720000,55259.4,55259.4,55259.4,55259.4,0,2394060
1790835750000,55259.4,55262,55258.8,55258.8,150,2394300
1790835780000,55255,55264.8,55255,55264.8,180,2394300
1790835810000,55269.2,55269.2,55238,55261.4,150,2394300
1790835840000,55261.4,55261.4,55238.2,55239,300,2394330
1790835870000,55238,55238.4,55233.8,55234,210,2394600
1790835900000,55234,55242.4,55234,55235.2,120,2394600
1790835930000,55235.2,55240.2,55229.2,55232,180,2394660
1790835960000,55232,55245,55232,55245,60,2394660
1790835990000,55245,55245,55245,55245,30,2394690
1790836020000,55245,55250,55245,55250,210,2394690
1790836050000,55250,55250,55250,55250,60,2394750
1790836080000,55264.4,55264.4,55260,55260,60,2394750
1790836110000,55257.2,55267,55257.2,55267,210,2394810
1790836140000,55267,55287.4,55267,55281,150,2394810
1790836170000,55281,55281,55270.6,55270.6,30,2394810
1790836200000,55285,55293,55266,55292.4,210,2394960
1790836230000,55292.4,55303,55278.2,55278.2,240,2394990
1790836260000,55304.2,55304.2,55276,55276,150,2394990
1790836290000,55276,55276.2,55276,55276.2,30,2395080
1790836320000,55283.2,55289.8,55275,55275.2,240,2395080
1790836350000,55275.2,55275.2,55258.2,55258.2,90,2395110
1790836380000,55258.2,55258.2,55255.6,55255.6,30,2395110
1790836410000,55255.6,55255.6,55233.8,55233.8,60,2395170
1790836440000,55246.6,55246.6,55245.8,55245.8,90,2395170
1790836470000,55245.8,55245.8,55230.8,55230.8,90,2395080
1790836500000,55230.8,55242.2,55230,55230.2,240,2395080
1790836530000,55230.2,55240,55228,55240,270,2394900
1790836560000,55240,55240,55210,55213.2,240,2394900
1790836590000,55213.2,55213.2,55200,55200.2,540,2394960
1790836620000,55200.2,55205,55200.2,55205,150,2394960
1790836650000,55196.2,55196.2,55161,55172.8,990,2394840
1790836680000,55190,55190,55150,55150,1800,2394840
1790836710000,55155,55184.4,55147.4,55184.4,2580,2397090
1790836740000,55156.8,55178.8,55156.8,55178.6,180,2397090
1790836770000,55178.6,55179.2,55156.8,55179.2,90,2397090
1790836800000,55174.6,55174.6,55108,55108,900,2397090
1790836830000,55105.2,55120,55100,55100,2070,2396580
1790836860000,55102.4,55102.4,55077,55078.6,810,2396580
1790836890000,55102,55102,55080,55081.2,1530,2397090
1790836920000,55085.2,55110,55079.8,55107.4,540,2397090
1790836950000,55091.2,55149.2,55091.2,55101,5130,2396850
1790836980000,55110,55111,55100,55100,5490,2396850
1790837010000,55100,55132.4,55091.2,55130.6,390,2395950
1790837040000,55130.6,55132.4,55112.4,55114.6,360,2395950
1790837070000,55114.6,55134,55114.6,55134,180,2395950
1790837100000,55120.8,55120.8,55108.4,55113,150,2395680
1790837130000,55105,55105,55105,55105,90,2395680
1790837160000,55105,55150,55105,55150,210,2395560
1790837190000,55138.4,55138.4,55105,55105,150,2395590
1790837220000,55104.6,55104.6,55104.6,55104.6,60,2395590
1790837250000,55104.6,55116.6,55104.6,55111,90,2395590
1790837280000,55110,55110,55085,55085,900,2394720
1790837310000,55085,55090,55080,55080,120,2394720
1790837340000,55085,55099.8,55085,55099.8,120,2394120
1790837370000,55084.2,55097.8,55055,55055,2370,2393760
1790837400000,55055,55055,55050,55051.6,960,2393760
1790837430000,55051.6,55052,55051,55052,810,2393760
1790837460000,55052,55067,55048,55050,1860,2393940
1790837490000,55068.2,55068.2,55025,55025,4290,2395050
1790837520000,55020.6,55032,55012.8,55030,1260,2395050
1790837550000,55022,55030,55001,55001,2520,2395260
1790837580000,55000.2,55006.6,54961.6,54995.2,3480,2395260
1790837610000,54998.8,54998.8,54961,54961,510,2393970
1790837640000,54960,54980,54951,54951,4290,2393970
1790837670000,54951,54970,54951,54970,210,2394240
1790837700000,54970,54980,54970,54970,930,2394240
1790837730000,54970,54980.2,54970,54980.2,330,2394540
1790837760000,54980,54991,54980,54988,300,2394540
1790837790000,54980,54988,54970,54980,5640,2394540
1790837820000,54980,54988.2,54950,54955,3480,2397450
1790837850000,54955,54978.2,54927.2,54978.2,1260,2398620
1790837880000,54978.2,54978.2,54940,54940,150,2398620
1790837910000,54940,54966.8,54940,54954.2,300,2398950
1790837940000,54935.2,54950,54921,54921,360,2398950
1790837970000,54947.4,54947.4,54925,54947,360,2398950
1790838000000,54925.8,54933.8,54919,54920,840,2399100
1790838030000,54920,54940,54911.4,54926.8,1800,2399100
1790838060000,54952.6,54958,54951.6,54951.6,3420,2397600
1790838090000,54926.8,54960,54917.2,54960,330,2400180
1790838120000,54930,54984.4,54930,54970,450,2400180
1790838150000,54970,55004.2,54970,55001.8,510,2400180
1790838180000,54990,55009.8,54970,55009.8,420,2400330
1790838210000,55009.8,55018,55000,55000,450,2400330
1790838240000,55000,55027.2,55000,55019.2,270,2400750
1790838270000,55019.2,55022.8,55010,55010,180,2400750
1790838300000,55010,55010,55000,55000,120,2400840
1790838330000,55034.4,55034.4,55000.2,55029.2,300,2400870
1790838360000,55003.8,55029,55003.8,55029,540,2400870
1790838390000,55029,55031.2,55005,55005,780,2401530
1790838420000,55005,55029,55003,55005,240,2401530
1790838450000,55003,55032.4,55000,55000,1230,2401530
1790838480000,55000,55023.4,55000,55000,270,2401530
1790838510000,55000,55035,55000,55000.2,6390,2401530
1790838540000,55000.2,55047.4,55000.2,55047.4,540,2407740
1790838570000,55047.4,55048,55029.4,55029.4,360,2407740
1790838600000,55029.4,55040,55029.4,55040,30,2408160
1790838630000,55048,55050,55029,55050,180,2408160
1790838660000,55029,55046.4,55029,55046.4,240,2408130
1790838690000,55029,55030.4,55010,55010,360,2408130
1790838720000,55010,55010.8,55005,55008,420,2408460
1790838750000,55008,55012.8,54970,54970,4050,2408460
1790838780000,54970,54976.2,54970,54971.2,210,2412180
1790838810000,54970.2,54970.2,54930,54930,1800,2412180
1790838840000,54928,54931,54913.8,54930,1980,2411460
1790838870000,54913.2,54924,54900.2,54908.6,1830,2411460
1790838900000,54901.4,54901.4,54867,54868.2,2430,2411670
1790838930000,54879.6,54879.6,54837,54837,4740,2411670
1790838960000,54837,54846,54775,54795,6780,2412960
1790838990000,54829.4,54850,54792,54820.2,1800,2412960
1790839020000,54839.8,54839.8,54791.6,54826.4,1350,2413830
1790839050000,54827.2,54831.4,54782.8,54801,1350,2413830
1790839080000,54807.2,54833,54790,54825.6,2190,2413710
1790839110000,54800,54841.2,54800,54819.8,990,2413710
1790839140000,54819.8,54820,54750,54763.2,3900,2413950
1790839170000,54750,54767,54740,54740,2340,2413950
1790839200000,54740,54794.4,54737,54760,1950,2413890
1790839230000,54774,54778.6,54734,54762.4,2010,2413890
1790839260000,54765.2,54765.2,54720.4,54724.4,1080,2413320
1790839290000,54725,54734.4,54701,54723.2,1860,2413320
1790839320000,54725,54725,54702.2,54723.8,540,2412870
1790839350000,54725,54747.6,54706,54706,1110,2412870
1790839380000,54702.2,54713.2,54651.6,54651.6,4230,2412990
1790839410000,54665.2,54685,54651,54655,720,2412990
1790839440000,54683.6,54683.8,54651,54652,870,2414340
1790839470000,54664.6,54669,54651,54668.2,1170,2414340
1790839500000,54667.6,54668,54612,54635,5760,2414490
1790839530000,54655,54655,54611,54638.2,960,2414490
1790839560000,54625,54641.8,54612.2,54615.2,780,2414610
1790839590000,54615.4,54615.4,54545,54545,3570,2414610
1790839620000,54559.6,54583,54540.2,54582.8,1050,2414130
1790839650000,54582.8,54600,54560,54599.8,810,2414130
1790839680000,54596.8,54596.8,54540,54540,870,2413470
1790839710000,54526,54543.8,54488,54488,7110,2413470
1790839740000,54477,54568,54477,54568,1380,2412330
1790839770000,54560.6,54595,54551.2,54551.2,5730,2412330
1790839800000,54518,54590,54516.6,54551,3960,2416800
1790839830000,54567.2,54600,54560,54600,1230,2416800
1790839860000,54572.4,54612,54571.2,54600,3060,2417850
1790839890000,54572,54619.2,54572,54615.6,1170,2417850
1790839920000,54615.6,54693.2,54615,54667.2,4170,2418420
1790839950000,54669.8,54673.2,54643,54662.2,2280,2418420
1790839980000,54689,54744.8,54671.4,54744.8,3060,2421300
1790840010000,54745,54750,54703,54741.6,2940,2421300
1790840040000,54741.6,54741.6,54705,54713.6,540,2424060
1790840070000,54713.6,54790,54713.6,54790,3300,2424060
1790840100000,54790,54790,54713.8,54755.6,1800,2426400
1790840130000,54755.6,54771.2,54750,54770,630,2426400
1790840160000,54765.8,54765.8,54720,54720,870,2426490
1790840190000,54720,54740,54705,54725.4,1350,2426490
1790840220000,54740,54741,54710,54720,1140,2426370
1790840250000,54741,54760,54741,54759.8,420,2426370
1790840280000,54759.8,54793.6,54759.8,54780,690,2426460
1790840310000,54780,54811,54780,54810,2850,2426460
1790840340000,54810,54815,54767,54767,1230,2427090
1790840370000,54789.8,54800,54770.6,54792.8,1230,2427090
1790840400000,54793,54800.8,54765,54790,840,2427390
1790840430000,54790,54799,54778,54778.2,420,2427390
1790840460000,54784.8,54784.8,54760,54760,240,2427630
1790840490000,54760,54780.2,54760,54767.2,1170,2427630
1790840520000,54770,54808.2,54770,54808.2,1650,2428590
1790840550000,54805.8,54810,54770,54774.2,1320,2428590
1790840580000,54774.2,54787,54751.6,54770,390,2428890
1790840610000,54766.4,54766.4,54721.2,54747,690,2428890
1790840640000,54743.4,54769,54729.4,54769,1740,2429310
1790840670000,54780,54780,54739.6,54759.4,1410,2429310
1790840700000,54759.4,54759.4,54704.6,54736,960,2432190
1790840730000,54710,54711.2,54706.8,54711.2,1710,2432190
1790840760000,54727.8,54727.8,54672,54703,1050,2431620
1790840790000,54666.2,54695.4,54660,54664,2250,2431620
1790840820000,54666.6,54694.2,54665.2,54678,600,2430060
1790840850000,54678,54680,54660,54667.8,1230,2430060
1790840880000,54662.4,54694.4,54650,54694.4,2280,2429250
1790840910000,54694.4,54709.8,54644.6,54663.2,1350,2429250
1790840940000,54655,54662.8,54632.2,54662.6,420,2427240
1790840970000,54662.8,54696.4,54650.6,54674.2,510,2427240
1790841000000,54696.4,54700,54675.2,54682.2,330,2427330
1790841030000,54690,54738.6,54690,54730.4,1860,2427330
1790841060000,54725,54735.6,54725,54731.2,360,2413170
1790841090000,54731.2,54731.2,54706.4,54706.4,300,2413170
1790841120000,54707,54707.4,54680,54680,420,2413410
1790841150000,54679.6,54679.6,54632,54632,540,2413410
1790841180000,54634.8,54661,54631.2,54660.6,1140,2413350
1790841210000,54660.4,54711.6,54658.8,54710.8,1170,2413350
1790841240000,54700,54700,54699.8,54699.8,60,2413350
1790841270000,54699.8,54701.6,54685,54692.2,2400,2413470
1790841300000,54692.6,54692.6,54665.8,54665.8,600,2413860
1790841330000,54665.8,54700,54665.8,54700,360,2413860
1790841360000,54705,54705,54704.6,54705,150,2414370
1790841390000,54685.4,54705,54666.2,54698.2,1110,2414370
1790841420000,54698.2,54698.2,54665.6,54665.6,150,2414640
1790841450000,54660,54666.2,54650,54666.2,1470,2414640
1790841480000,54666.2,54688,54666.2,54676.2,1080,2413320
1790841510000,54676.2,54707.4,54676.2,54707.4,300,2413320
1790841540000,54693.8,54694,54657.8,54657.8,420,2413590
1790841570000,54657.8,54657.8,54650.8,54657,240,2413590
1790841600000,54651,54655,54615.6,54620,2010,2413350
1790841630000,54615.6,54649.8,54615.6,54649.8,1140,2413350
1790841660000,54649.8,54680,54649.8,54680,450,2414010
1790841690000,54679.6,54679.6,54646.6,54646.6,300,2414010
1790841720000,54644.6,54660,54630.4,54660,750,2414250
1790841750000,54660,54680,54660,54680,60,2414250
1790841780000,54680,54695,54680,54695,150,2414190
1790841810000,54695,54747.8,54695,54729.6,750,2414190
1790841840000,54730.2,54784.8,54730.2,54745,1410,2414610
1790841870000,54759.4,54780.6,54743.6,54743.6,1050,2414610
1790841900000,54776.2,54784.2,54750,54750,270,2415480
1790841930000,54750,54758.2,54716.2,54719.2,960,2415480
1790841960000,54719.2,54737.4,54695.4,54695.4,180,2415960
1790841990000,54721.6,54732.4,54688,54690.8,420,2415960
1790842020000,54720.4,54720.4,54695.2,54701.8,660,2415990
1790842050000,54701.8,54726.2,54700.2,54707.8,600,2415990
1790842080000,54707.8,54729.4,54695,54695,270,2415870
1790842110000,54695,54698,54684.2,54690,780,2415870
1790842140000,54690,54690,54676,54678.2,630,2415750
1790842170000,54678.2,54686.8,54654.4,54668.8,900,2415750
1790842200000,54673.6,54674.4,54670.8,54673.6,1260,2415780
1790842230000,54673.6,54690,54650,54650,390,2415780
1790842260000,54650,54650,54615.6,54615.6,600,2416140
1790842290000,54615.6,54626.8,54600,54600,780,2416140
1790842320000,54600.2,54600.2,54571.2,54580,2580,2415930
1790842350000,54572,54572.2,54537,54547,5760,2415930
1790842380000,54546.2,54579.8,54533.6,54550,1830,2416110
1790842410000,54537.2,54550,54515,54524.2,2010,2416110
1790842440000,54519.4,54595.8,54519.4,54554.8,1230,2415630
1790842470000,54552.6,54585,54552.6,54585,300,2415630
1790842500000,54585,54585,54557,54560,480,2415630
1790842530000,54581.8,54600,54544.8,54549.4,3750,2415630
1790842560000,54549.4,54594.8,54549.4,54594.8,450,2418120
1790842590000,54594.8,54613.6,54569.8,54601.8,750,2418120
1790842620000,54576.4,54576.4,54555,54560,930,2418150
1790842650000,54560.2,54564.2,54560,54564.2,540,2418150
1790842680000,54559.2,54565,54525,54546.6,2880,2419020
1790842710000,54549.8,54585.2,54543,54569,1380,2419020
1790842740000,54569,54577.4,54525,54564.2,1440,2420310
1790842770000,54564,54564,54530,54559.8,630,2420310
1790842800000,54550,54550,54527,54532.6,630,2420880
1790842830000,54532.8,54560,54532.4,54550,1020,2420880
1790842860000,54550,54590.8,54550,54555,990,2420970
1790842890000,54555,54583,54553,54553,450,2420970
1790842920000,54562.6,54562.6,54521.6,54521.6,3360,2420250
1790842950000,54521.8,54555,54512.4,54530,4920,2420250
1790842980000,54530,54555,54521.2,54535,5400,2420160
1790843010000,54539.2,54545,54524.6,54545,1080,2420160
1790843040000,54545,54564.8,54531.8,54536.8,4230,2419440
1790843070000,54536.8,54563.2,54526.4,54530.4,3300,2419440
1790843100000,54535,54560,54531,54531,4590,2416710
1790843130000,54540,54540,54527.4,54532.4,1920,2416710
1790843160000,54532.8,54556.6,54522.8,54538.2,1380,2415210
1790843190000,54538.2,54545,54525.4,54525.4,2850,2415210
1790843220000,54539.2,54561.8,54530,54542.8,3930,2415270
1790843250000,54540,54550,54533,54533,1140,2415270
1790843280000,54540,54540,54501,54501,2310,2415210
1790843310000,54501,54521,54500,54500,690,2415210
1790843340000,54500,54500,54480,54480.2,2130,2415420
1790843370000,54498.6,54498.6,54460,54460,1980,2415420
1790843400000,54460,54497,54435,54435,4440,2414460
1790843430000,54430,54450,54411,54422.6,2580,2414460
1790843460000,54422.2,54456.4,54400.2,54408.2,6810,2413950
1790843490000,54400,54431.4,54377.2,54400,5430,2413950
1790843520000,54394.8,54394.8,54352,54352.4,4020,2409840
1790843550000,54352.6,54370.2,54321,54329.8,7980,2409840
1790843580000,54312.6,54371,54312.6,54370.8,2760,2409000
1790843610000,54370.8,54378.8,54347.4,54377,1290,2409000
1790843640000,54377,54398.8,54342.6,54361.8,2340,2408970
1790843670000,54361.8,54398.8,54342.6,54356.6,2580,2408970
1790843700000,54370.2,54379.6,54356,54377.6,450,2409390
1790843730000,54372.8,54402.6,54370,54402.6,1050,2409390
1790843760000,54415,54430,54389.6,54398.6,2220,2409390
1790843790000,54398.6,54430,54395,54430,780,2409810
1790843820000,54430,54476,54423.2,54425.6,1170,2409900
1790843850000,54463.8,54530.6,54448.2,54489.2,3000,2409900
1790843880000,54489,54489.2,54440.4,54482.4,1650,2409900
1790843910000,54483.4,54520,54475.6,54500,780,2410200
1790843940000,54527.6,54527.6,54486.2,54520,1830,2409960
1790843970000,54501,54520,54473.4,54494.6,2460,2409960
1790844000000,54512,54532,54494.6,54516.6,1710,2409090
1790844030000,54513.4,54539.8,54494.2,54513.4,1020,2409090
1790844060000,54513.4,54540.8,54499,54500.6,600,2409060
1790844090000,54500.6,54530,54500.6,54530,60,2409060
1790844120000,54500.6,54542.6,54499,54499,660,2409240
1790844150000,54499,54523.4,54496.6,54499,300,2409240
1790844180000,54527,54527,54491.6,54517.4,360,2409240
1790844210000,54527.4,54530,54481.2,54489.4,570,2409450
1790844240000,54528.6,54540,54503.2,54506.6,720,2409450
1790844270000,54506.6,54550,54506.6,54531.4,810,2409450
1790844300000,54547.2,54547.2,54475.6,54475.6,1170,2409450
1790844330000,54480,54500,54445,54445,990,2408910
1790844360000,54439.8,54451.8,54410,54418.2,13470,2408910
1790844390000,54421.4,54451.2,54421.4,54450,5460,2416260
1790844420000,54451.2,54454.8,54417.6,54419.8,2100,2416260
1790844450000,54426.8,54450,54420,54425.4,390,2421900
1790844480000,54425.4,54461,54425,54455.8,1350,2421900
1790844510000,54455.8,54455.8,54414.8,54426.6,750,2422200
1790844540000,54426.6,54462.2,54426.6,54462.2,240,2422200
1790844570000,54462.2,54462.2,54434,54434,120,2422530
1790844600000,54434,54464.8,54430.6,54464.2,540,2422530
1790844630000,54464.2,54480,54450.8,54479.8,750,2422770
1790844660000,54475,54479.4,54441.2,54450,510,2422770
1790844690000,54449.2,54478,54441.2,54456,750,2423130
1790844720000,54456,54480,54456,54478,150,2423130
1790844750000,54489.8,54492,54471.8,54473.8,300,2423490
1790844780000,54473.8,54480.2,54473.8,54479.4,90,2423490
1790844810000,54479.4,54479.4,54458,54460.4,360,2423460
1790844840000,54460.6,54490,54460.6,54466.4,450,2423460
1790844870000,54466.4,54466.4,54440,54464.8,390,2423820
1790844900000,54464.8,54467.4,54457,54467.4,540,2423820
1790844930000,54467.4,54499,54467.4,54478,330,2424060
1790844960000,54478,54520,54478,54519.8,600,2424060
1790844990000,54519.8,54525,54489.2,54518.6,780,2424210
1790845020000,54529,54550,54517.4,54536.2,1200,2424210
1790845050000,54550,54565,54530,54549.6,1470,2424120
1790845080000,54544.6,54544.6,54515.2,54517.6,570,2424120
1790845110000,54538.8,54538.8,54485.6,54507,750,2424540
1790845140000,54500,54528,54497.4,54528,810,2424540
1790845170000,54528,54550,54528,54542,450,2425440
1790845200000,54575,54575,54545.2,54551.6,1230,2425440
1790845230000,54543.4,54636,54543.4,54609,3180,2424990
1790845260000,54644,54644,54602,54611.2,1980,2424990
1790845290000,54615,54637.2,54606.8,54609.2,2100,2425050
1790845320000,54604.8,54605,54576.4,54576.4,1080,2425050
1790845350000,54574.4,54587.4,54573,54587.4,630,2425500
1790845380000,54587.4,54589,54545.8,54580,930,2425500
1790845410000,54590,54660,54580.2,54660,2850,2425740
1790845440000,54645.8,54675,54642.2,54674,2760,2425740
1790845470000,54674,54674,54635.2,54649.8,1770,2425740
1790845500000,54653,54657.2,54613.2,54619,2100,2425740
1790845530000,54611,54670,54611,54664.8,1350,2426310
1790845560000,54649.4,54664.8,54633.2,54650,660,2426310
1790845590000,54633.2,54659.4,54627.4,54643,570,2426610
1790845620000,54643,54670,54643,54661.8,510,2426610
1790845650000,54670,54670,54652.2,54652.2,750,2426850
1790845680000,54654,54675,54653,54655.6,780,2426850
1790845710000,54650,54672,54617.4,54633,870,2426850
1790845740000,54633,54649.6,54610,54610,450,2426850
1790845770000,54606.2,54606.2,54568,54577.4,2790,2427390
1790845800000,54580.2,54610,54580,54585.2,1050,2427390
1790845830000,54586,54594,54583.4,54591.4,480,2427240
1790845860000,54591.4,54624.8,54591.4,54593.6,480,2427240
1790845890000,54594.4,54628,54594.4,54605,450,2427390
1790845920000,54605,54632.6,54580,54585.2,780,2427390
1790845950000,54584,54599.2,54580,54585,750,2426790
1790845980000,54585,54600,54585,54592.8,1440,2426790
1790846010000,54596.8,54596.8,54580,54580.4,600,2427210
1790846040000,54596.4,54600,54587.4,54587.4,2130,2427210
1790846070000,54595.6,54609.8,54588.4,54609.8,510,2428650
1790846100000,54609.8,54634.8,54609.4,54610.4,600,2428650
1790846130000,54610.4,54619.6,54602,54602,1050,2428890
1790846160000,54602,54629.8,54590.4,54629.6,960,2428890
1790846190000,54630,54630,54604.4,54604.4,360,2429340
1790846220000,54604.4,54630,54590,54630,510,2429340
1790846250000,54635.2,54645,54617.6,54645,600,2429460
1790846280000,54645,54645,54619.6,54619.6,420,2429460
1790846310000,54629.4,54634.8,54610,54610.2,510,2429220
1790846340000,54610.2,54619,54610.2,54618.8,780,2429220
1790846370000,54618.6,54619,54612.4,54619,390,2429610
1790846400000,54620,54659.6,54620,54653.8,1380,2429610
1790846430000,54656.8,54686.4,54654.2,54660.2,1020,2429880
1790846460000,54660,54670,54627,54633.4,1920,2429880
1790846490000,54633.6,54734,54633.6,54697.8,3510,2431050
1790846520000,54676.4,54708.8,54667,54708.2,1020,2431050
1790846550000,54678,54693.2,54660.4,54690,510,2431290
1790846580000,54693,54710,54677.8,54710,540,2431290
1790846610000,54702.2,54750,54700.8,54749.8,1980,2431050
1790846640000,54747.8,54749.6,54718.2,54749,2070,2431050
1790846670000,54749,54750,54716.2,54721.4,6180,2432610
1790846700000,54749.6,54750.4,54725,54747.2,1470,2432610
1790846730000,54747.2,54760,54745.2,54750,480,2434950
1790846760000,54750,54800,54734.2,54765.2,3420,2434950
1790846790000,54800,54800,54750.2,54790,960,2434530
1790846820000,54770,54799,54770,54779.8,510,2434530
1790846850000,54779.8,54805.2,54750.2,54780,3390,2434530
1790846880000,54760,54797.2,54738.6,54738.6,2130,2434530
1790846910000,54738.6,54788.6,54738.6,54781.8,510,2435880
1790846940000,54780,54786,54753.6,54769.2,930,2435880
1790846970000,54763,54771,54742,54742,1200,2435970
1790847000000,54740,54741.2,54730,54730,840,2435970
1790847030000,54735,54738.2,54691.8,54725,2130,2434680
1790847060000,54692.8,54725,54692.6,54719.6,420,2434680
1790847090000,54730,54740,54705,54705,1350,2434020
1790847120000,54719.8,54719.8,54688.2,54689,480,2434020
1790847150000,54690,54698.8,54680,54694.2,660,2434740
1790847180000,54680,54700,54680,54700,540,2434740
1790847210000,54700,54700,54691.6,54691.6,300,2433480
1790847240000,54701.2,54717.2,54701.2,54717.2,540,2433480
1790847270000,54717.2,54720.2,54699,54699,600,2434230
1790847300000,54710,54750,54702.6,54748,420,2434230
1790847330000,54750,54790,54748.2,54760.2,1650,2433990
1790847360000,54760.2,54800,54760.2,54790.2,990,2433990
1790847390000,54800,54800,54760,54760,2460,2434380
1790847420000,54761,54761,54740,54740,930,2434380
1790847450000,54750,54760,54712.8,54713.2,1620,2434680
1790847480000,54732.4,54732.4,54713,54715.2,540,2434680
1790847510000,54732.2,54732.2,54714.8,54725.4,750,2434800
1790847540000,54716.2,54716.2,54701,54702.2,720,2434800
1790847570000,54703,54728.4,54700,54728.4,420,2435490
1790847600000,54731.2,54735,54701.2,54735,930,2435490
1790847630000,54732.2,54739.6,54702.2,54739.6,720,2435460
1790847660000,54739.6,54773.4,54735,54773.4,1410,2435460
1790847690000,54765,54765,54756.2,54765,720,2435910
1790847720000,54775,54778,54750.8,54769,870,2435910
1790847750000,54776,54785,54768.2,54778.2,1680,2437110
1790847780000,54784.4,54787.6,54778.2,54779.8,2700,2437110
1790847810000,54778.8,54781,54750.6,54752.2,2220,2440110
1790847840000,54783,54790,54761.2,54761.2,2580,2440110
1790847870000,54788.2,54805,54761.4,54800,2400,2443110
1790847900000,54800,54805,54769.8,54770.4,780,2443110
1790847930000,54796.6,54799,54771.2,54799,240,2443890
1790847960000,54805,54820,54780.8,54820,900,2443890
1790847990000,54819.6,54819.6,54790,54790,780,2443830
1790848020000,54820,54825,54793.6,54825,180,2443830
1790848050000,54825,54825,54800.4,54801.6,300,2443110
1790848080000,54829.8,54830,54807.8,54825,570,2443110
1790848110000,54825,54825,54810.2,54822.2,450,2442780
1790848140000,54825,54838,54816.8,54817.6,2490,2442780
1790848170000,54817.6,54833.4,54817.6,54833.4,180,2443620
1790848200000,54832.8,54833,54801.8,54827.8,780,2443620
1790848230000,54801.6,54828.4,54800,54800.2,600,2444220
1790848260000,54800.2,54828,54800,54800.4,750,2444220
1790848290000,54800.4,54830,54800.4,54821,300,2443710
1790848320000,54835,54845,54821,54841,1020,2443710
1790848350000,54843.2,54845,54841,54841.2,600,2443380
1790848380000,54841,54848,54826.2,54826.2,600,2443380
1790848410000,54826.2,54844,54822,54840,270,2443260
1790848440000,54840,54840,54822,54823,330,2443260
1790848470000,54823,54839.6,54822,54822.4,270,2442780
1790848500000,54822.4,54823.4,54822.4,54822.4,60,2442780
1790848530000,54822.6,54822.6,54804,54804,1290,2442030
1790848560000,54815,54817.8,54804,54815.2,1290,2442030
1790848590000,54816.4,54824.4,54804,54824.4,420,2441400
1790848620000,54824.4,54824.4,54786,54786,570,2441400
1790848650000,54785.4,54810,54785.4,54810,270,2441640
1790848680000,54790.8,54810,54790.8,54810,240,2441640
1790848710000,54810,54810,54800,54810,300,2441460
1790848740000,54780,54810,54768,54775.2,3930,2441460
1790848770000,54770,54800,54770,54800,570,2441460
1790848800000,54772,54815,54771.4,54774.2,2160,2441670
1790848830000,54810,54811.8,54798,54798.2,180,2440470
1790848860000,54809.4,54809.4,54770.2,54772.2,300,2440470
1790848890000,54772.2,54800,54772.2,54780,660,2440560
1790848920000,54800,54809.4,54770.2,54770.4,1140,2440560
1790848950000,54770.4,54805,54770.4,54794.6,570,2440950
1790848980000,54794.6,54829.8,54791.6,54825,720,2440950
1790849010000,54804.4,54825,54800,54810,810,2440170
1790849040000,54810,54823.6,54810,54823.6,30,2440170
1790849070000,54823.6,54823.6,54805.2,54821,300,2440350
1790849100000,54821.2,54821.2,54782.4,54782.4,690,2440350
1790849130000,54782.4,54800,54776.6,54780,840,2440260
1790849160000,54777,54790,54775.4,54775.4,360,2440260
1790849190000,54775.4,54799.8,54775.4,54781,150,2440380
1790849220000,54781,54800,54780,54780,2190,2440380
1790849250000,54788.8,54794,54775,54782.4,660,2439660
1790849280000,54782.4,54800,54772.8,54773,1530,2439660
1790849310000,54796.6,54800,54775,54780.2,420,2439660
1790849340000,54799.8,54800,54781.2,54782,600,2440020
1790849370000,54800,54800,54781.2,54800,1680,2439990