datetime,open,high,low,close,volume,oi
1704080700000,48580,48641.1,48431.4,48580,324015,2127000
1704084300000,48575.3,48725,48516.6,48685,259815,2162460
1704087900000,48685,48715,48622,48709.6,103260,2182480
1704091500000,48714.8,48720,48618.9,48660,77430,2192970
1704095100000,48660,48740,48635.9,48726.4,110700,2186000
1704098700000,48734,48869,48514.2,48533.6,583800,2093560
1704102300000,48539,48566.1,48389.4,48405.1,347160,2071530
1704167100000,48375,48489.9,48186.4,48233.1,833865,2081620
1704170700000,48243,48258.6,48025.4,48113.5,480105,2103510
1704174300000,48113.5,48213.3,48072.4,48120.3,214770,2140160
1704177900000,48120.3,48209.2,48011,48106.2,200895,2158180
1704181500000,48102.5,48185,48063.1,48173.5,171510,2161710
1704185100000,48173.5,48210,47893.3,47958.9,439635,2232940
1704188700000,47958.9,47999,47877.4,47882.6,329910,2305420
1704253500000,47849.9,47918.9,47763.8,47849.9,552285,2277180
1704257100000,47852.3,47975,47817,47940,413475,2167590
1704260700000,47944,48086.9,47928.5,47960.1,396690,2145940
1704264300000,47961.9,48034.1,47844.9,48022.3,338415,2109960
1704267900000,48022.3,48078,47975,48036.4,190215,2102900
1704271500000,48033.9,48036.9,47853.8,47916.5,489855,2101440
1704275100000,47916.6,48032.8,47900,48013.8,204030,2100750
1704339900000,48062.3,48250,47995.6,48219.3,582735,2044650
1704343500000,48215,48382.9,48176.9,48368.1,419205,2049560
1704347100000,48379.1,48470.4,48338,48395.9,266700,2046480
1704350700000,48400.3,48498.9,48365,48493.8,219585,2075680
1704354300000,48492.9,48500,48319.2,48365.3,319740,2081730
1704357900000,48365.3,48486.9,48310,48454.2,212655,2068290
1704361500000,48450,48581.3,48440.6,48560,298710,2062280
1704426300000,48502.1,48625,48458.1,48504.2,349950,2063480
1704429900000,48505,48522.1,48278.6,48345,443235,2052600
1704433500000,48345,48354.3,48222.5,48282.6,275535,2036880
1704437100000,48282.6,48389,48250,48309.1,128025,2031220
1704440700000,48313.6,48348.9,48073.4,48085,343215,2044220
1704444300000,48085,48538.4,47982,48379,902010,1994420
1704447900000,48373,48373.3,48242.2,48301,205725,1962270
1704685500000,48490,48490,48130,48193.5,402195,1969360
1704689100000,48194.9,48320,48028,48084.9,459510,2064920
1704692700000,48084.9,48129.9,47939.1,47983.1,402630,2192200
1704696300000,47985,48094.6,47955,47987,179055,2224840
1704699900000,47987,48075.9,47945.1,48000,152160,2228220
1704703500000,48000.1,48023.9,47586.2,47600,1070880,2378940
1704707100000,47613.1,47653,47567,47630,217185,2412400
1704771900000,47811.1,47999,47766.2,47894.9,657990,2316090
1704775500000,47901,48146.9,47872.2,48112.4,521820,2181570
1704779100000,48112.4,48117.4,47970.2,47999.6,148890,2181140
1704782700000,47999.6,48093.2,47994.5,48069.9,107535,2187800
1704786300000,48069.9,48087.7,47808,47831.2,266595,2179470
1704789900000,47830,47858.7,47351,47396.9,999195,2305660
1704793500000,47399.9,47428.9,47341.1,47406.1,238665,2310220
1704858300000,47280,47541.8,47201,47511.9,741315,2302440
1704861900000,47516.7,47572.4,47410,47480,273045,2272400
1704865500000,47480,47559.6,47425,47476,167955,2279800
1704869100000,47476.4,47504.9,47319.2,47460.6,194655,2294660
1704872700000,47460.6,47595,47402,47541.1,263505,2286750
1704876300000,47540.4,47666,47474.9,47567,470535,2275360
1704879900000,47567,47652.2,47560.1,47638.9,170490,2282820
1704944700000,47767.4,47822.6,47603.1,47672,431160,2250560
1704948300000,47659.6,47706.1,47550,47642.2,187965,2302020
1704951900000,47641.9,47692.4,47600,47609.6,88425,2312240
1704955500000,47609.6,47740,47585,47686.9,152070,2330240
1704959100000,47686.9,47710,47372,47410,310320,2370700
1704962700000,47402.6,47656.9,47340.6,47556.6,377355,2377760
1704966300000,47562.6,47595,47552,47580,138825,2352780
1705031100000,47656.8,47800,47568.6,47785.4,528900,2295680
1705034700000,47785.4,47945,47758.1,47831.1,617505,2115380
1705038300000,47831.1,47886.4,47772.7,47812,138555,2115990
1705041900000,47814,47927.9,47779.6,47880.1,156885,2114120
1705045500000,47880.1,48024.1,47850,47949.3,316740,2078040
1705049100000,47948.8,48047,47741.1,47814.4,416700,2052860
1705052700000,47804.6,47923.4,47785.5,47900.2,158220,2040800
1705290300000,48002.2,48220.5,47933.2,48058.6,664530,2014460
1705293900000,48058.6,48171.1,48039.1,48155,185280,2019780
1705297500000,48155.6,48201.3,48071,48176.3,142695,2019270
1705301100000,48176.3,48332.9,48170.2,48270,374565,2026710
1705304700000,48270,48286.5,48158.9,48223.1,128370,2039560
1705308300000,48223.1,48264.2,48131.4,48260,233850,2036760
1705311900000,48259.6,48380,48255,48369,249165,2037020
1705376700000,48255.4,48412.5,48192,48392.6,465690,2091640
1705380300000,48387.2,48440,48338,48390.2,240570,2137240
1705383900000,48390.2,48431.9,48280,48316.1,255420,2092040
1705387500000,48316.1,48367.8,48207.4,48241.4,301530,2127780
1705391100000,48241.4,48300.1,48078.9,48263,447510,2112380
1705394700000,48269.3,48273.9,48140.1,48227.7,184755,2069600
1705398300000,48227.7,48243.2,48190.6,48215.7,97050,2053420
1705463100000,47015.2,47600,46900,47130.9,1913640,2289680
1705466700000,47123.1,47150,46717.1,46777.1,861525,2389320
1705470300000,46775.5,46784.4,46402,46529.4,816900,2388300
1705473900000,46534.4,46625,46430,46461.1,558945,2376420
1705477500000,46464.1,46599,46436.6,46520.4,486720,2494600
1705481100000,46520.4,46540.4,46050.7,46212.8,965370,2644110
1705484700000,46208.9,46221.9,46142,46200.3,343410,2727960
1705549500000,45699.9,46118.9,45600,45914.4,1346265,2428200
1705553100000,45926.1,46218.4,45830.4,46144.6,552465,2418260
1705556700000,46150,46358.4,46050,46333.4,339135,2351420
1705560300000,46335,46352,45730.7,45835.6,826320,2363440
1705563900000,45836.8,45902.5,45700,45784.2,373755,2417060
1705567500000,45786.4,45961.6,45633.4,45850,449595,2362740
1705571100000,45849.1,45930,45822.6,45880.4,115560,2338680
1705635900000,46155.6,46300,46099,46185.6,686925,2184390
1705639500000,46184.2,46337.9,45922.7,45958.8,716100,2177940
1705643100000,45965,46104.5,45870,45972.1,312075,2166690
1705646700000,45972.1,45979.3,45850,45968.9,246390,2174220
1705650300000,45968.9,46020.4,45625,45626.1,503460,2205620
1705653900000,45623.1,45872,45584.4,45791.1,544620,2215640
1705657500000,45799.6,45839.8,45785,45835,143205,2198490
1705722300000,46050,46059.1,45800.2,45903.3,504360,2171500
1705725900000,45903.3,46048.8,45890.1,45985.2,180090,2157180
1705729500000,45985.2,45997.7,45906.8,45965,82725,2139450
1705733100000,45959.6,46116.1,45760,46090.2,392265,2112630
1705736700000,46090.2,46178,46066.4,46138.5,244365,2057100
1705740300000,46138.5,46190,46000,46141.6,247965,2004140
1705743900000,46153.9,46210,46139.8,46200,128880,1971300
1705981500000,46506.1,46525.5,45965.2,46044.4,859890,1935520
1705985100000,46044.5,46100,45630,45708.8,621015,2066130
1705988700000,45707.2,45722.4,45026.6,45084.6,826035,2245480
1705992300000,45087.4,45383.6,45083,45216,446730,2210730
1705995900000,45218.4,45256.6,45012.4,45030,280710,2253420
1705999500000,45030,45109.6,44835.2,44900.3,512085,2268880
1706003100000,44901.9,44962.7,44876.4,44933,163785,2246910
1706067900000,44500,45430,44499.9,45325,1279485,1776660
1706071500000,45320.1,45550,45225.6,45304.4,567810,1637700
1706075100000,45304.4,45352.9,44601.6,44654.1,636780,1632200
1706078700000,44658.8,44860,44553.9,44757.6,717855,1835970
1706082300000,44757.6,44892.8,44584.6,44755.9,586860,2092110
1706085900000,44749.3,45233.1,44695.4,45179.2,665415,1883010
1706089500000,45163.5,45223.1,45111.7,45132,132195,1870800
1706154300000,45096.9,45138.8,44760.8,44780.2,553770,1645600
1706157900000,44780.2,44802.1,44512.6,44573.4,354525,1618360
1706161500000,44573.4,44762.8,44472.9,44534.4,359235,1622130
1706165100000,44534.4,44620,44404,44510.2,344535,1581560
1706168700000,44514.2,44617.6,44431.4,44497.9,311520,1436240
1706172300000,44494.1,44805,44466.9,44792.2,631230,1245660
1706175900000,44787.6,44869,44787.6,44861.9,256260,1168640
1706499900000,45500,45949,45453.9,45899.8,1442160,3678860
1706503500000,45899.8,46039,45857,45915.9,601245,3603780
1706507100000,45907.1,45925,45671.1,45846.5,452265,3566460
1706510700000,45845.1,45907.6,45698.6,45769.4,299415,3535890
1706514300000,45771.1,45830,45635.9,45746,330435,3450080
1706517900000,45746,45860,45464.8,45830.1,811950,3336450
1706521500000,45832.4,45898.9,45831.4,45850.6,229515,3344680
1706586300000,45850.2,45930,45550,45635,731655,3362040
1706589900000,45637.6,45745,45560.6,45620.8,244560,3347860
1706593500000,45620.8,45865.9,45592.1,45748.6,250665,3303220
1706597100000,45748.6,45818.9,45710,45749.4,142980,3303570
1706600700000,45749.4,45785.4,45649.2,45765.8,173190,3290000
1706604300000,45777.8,45796.1,45422.4,45728,795795,3337740
1706607900000,45733.6,45749.9,45559.8,45579,167580,3329370
1706672700000,45579,46162.4,45405.6,46117.4,1144080,3355620
1706676300000,46132.4,46397.9,46068.4,46335.7,996795,3361280
1706679900000,46330,46444.5,46292.7,46311,332130,3320430
1706683500000,46313.8,46342.9,46122,46268.1,412365,3286830
1706687100000,46265.2,46320,46184.1,46287.8,248715,3222280
1706690700000,46287.8,46400,46194.2,46322,532725,3134910
1706694300000,46320.6,46347,46270,46305.6,227955,3142480
1706759100000,46351.1,46444.4,45952.1,46158.9,848640,3099060
1706762700000,46158.9,46391.9,46088.6,46323.1,455520,3096060
1706766300000,46316.1,46437.3,45882.2,46338.4,934005,3120520
1706769900000,46329.5,46581,46158.6,46417.1,761745,3103200
1706773500000,46422.4,46460.8,46186.6,46370.1,488940,3094120
1706777100000,46370.1,46468.4,46277.1,46391.1,416055,3061020
1706780700000,46386.2,46508.1,46386.2,46458.5,233055,3061680
1706845500000,46725,46929,46696,46854.1,918555,3077010
1706849100000,46854.1,46862.9,46692,46833.7,387075,3097660
1706852700000,46834.4,47145.5,46833.1,46994.1,664290,3106160
1706856300000,46994.1,47033.9,46553,46579.1,781680,3095220
1706859900000,46572.8,46675,46474.5,46610,495765,3119490
1706863500000,46610,46671,46203.9,46221.2,847440,2979460
1706867100000,46227.2,46246.7,46160,46199,306975,2925930
1707104700000,46100,46295,45867.1,46148.4,922455,2781700
1707108300000,46152.6,46169.3,45942.6,46152,389730,2738800
1707111900000,46153.2,46266,46037.6,46157.9,261105,2756400
1707115500000,46154,46348.9,46124,46275,329745,2753240
1707119100000,46273.9,46328.6,46114.2,46224.6,223830,2750250
1707122700000,46224.6,46260,45916.9,46047.1,660015,2805840
1707126300000,46055.5,46059.9,45958.1,45958.4,147435,2819360
1707191100000,45959.6,46097,45869,45994.9,523125,2900120
1707194700000,45999.9,46009.5,45740,45862.5,552270,3026550
1707198300000,45864.2,46165,45826,46078.9,504075,2996130
1707201900000,46070.2,46085.1,45900.2,45993.7,254685,3027140
1707205500000,45993.7,46057.9,45853.4,45920,289050,3064220
1707209100000,45920,46050.6,45866.8,45923.1,254115,3075930
1707212700000,45929,46031.9,45901,46029.9,154110,3038780
1707277500000,46201.1,46296,46079.1,46147.9,720585,2927560
1707281100000,46147.9,46172.8,46070.3,46127.6,208500,2959780
1707284700000,46121.9,46129.7,45901,45969.1,466530,3071850
1707288300000,45967.2,46018.1,45944.1,45990.7,161010,3076710
1707291900000,45990.7,46088.4,45950,46060,222495,3060360
1707295500000,46057.4,46129.9,46021.2,46123.5,523455,3059600
1707299100000,46125,46249.9,46092.2,46230,406485,3210140
1707363900000,46276.2,46475.7,46190,46291.6,908235,3208380
1707367500000,46285,46307.8,45463.2,45637.6,1271790,3177500
1707371100000,45640,45747,45563.2,45691,425640,3271420
1707374700000,45691,45734.6,45556.1,45683.1,201030,3299500
1707378300000,45682.4,45761,45573.8,45598.6,241110,3340580
1707381900000,45598.6,45650,45053.2,45185,761265,3398370
1707385500000,45195.3,45334.8,45140.2,45278.8,249495,3380250
1707450300000,45179.9,45550,45110.1,45540.1,866940,3253180
1707453900000,45550,45550,45235.2,45361.2,330000,3224860
1707457500000,45361.1,45699,45310,45583.4,466755,3174460
1707461100000,45583.4,45687.9,45505,45679.9,206160,3169840
1707464700000,45667.8,45688,45452,45560.5,305805,3164820
1707468300000,45560.5,45975,45536.4,45860.1,917220,3153380
1707471900000,45860.1,45965.6,45853.7,45958.6,205905,3165900
1707709500000,45949.9,45999.9,45511,45562.2,727965,3226340
1707713100000,45565.6,45590.6,45344.4,45519,454230,3260540
1707716700000,45513.8,45525,45142,45217.7,474645,3309020
1707720300000,45217.7,45250,44842,44921.6,622380,3275500
1707723900000,44920.5,45168.4,44803.8,45135.1,468915,3283660
1707727500000,45135.6,45193,44967.1,45030.1,415005,3278320
1707731100000,45030.1,45110,44995.8,45087.6,178095,3261800
1707795900000,45205.4,45619.6,45011.3,45594.7,1100700,3127650
1707799500000,45590.1,45688,45524.6,45575,381330,3167220
1707803100000,45575.6,45581.4,45220.6,45224.6,567195,3176430
1707806700000,45234.9,45543.1,45126,45482.7,560535,3220500
1707810300000,45484.1,46012,45477.2,45839,1073310,3372940
1707813900000,45842.3,45879.9,45642.1,45817.1,506415,3430340
1707817500000,45817.9,45830.1,45617.9,45650,292080,3427420
1707882300000,45199.9,45439,45021.1,45439,1394040,3304880
1707885900000,45439.2,45637,45375,45537.1,715485,3252440
1707889500000,45536.9,45665.5,45403.8,45585.4,422310,3176180
1707893100000,45570,45933,45570,45838.3,741885,3231640
1707896700000,45838.3,45866,45594,45866,517470,3189980
1707900300000,45866.4,46350,45835.2,45977.3,1629045,3188790
1707903900000,45976.2,46190.4,45935.6,46163,336810,3155010
1707968700000,46250,46250,45678.9,45940.6,1217340,2916990
1707972300000,45947.2,46098,45886.9,45998,383460,2891540
1707975900000,45998,46206.9,45922.1,46160,296385,2895300
1707979500000,46159.9,46218,45981.8,46113.9,224205,2913040
1707983100000,46113.9,46369.6,46060.8,46219.8,480480,2936670
1707986700000,46223.9,46397.8,46130.4,46350.9,392445,2893780
1707990300000,46340.6,46465.2,46287.1,46440.1,289170,2873480
1708055100000,46580,46624.6,46350,46565.2,584355,2798790
1708058700000,46568.9,46597,46471,46527.3,199620,2844160
1708062300000,46527.3,46587.8,46415.6,46568.4,217260,2844020
1708065900000,46568.4,46644,46490,46582,206040,2854140
1708069500000,46582,46885.8,46433.2,46537.1,772125,2864550
1708073100000,46523,46714,46466.6,46490.4,428580,2850150
1708076700000,46490.4,46517,46452.8,46472.5,198405,2865720
1708314300000,46599,46649,46403,46550,419595,2810700
1708317900000,46552.35,46785,46505.85,46765.5,413580,2826300
1708321500000,46769.6,46882.3,46680,46798.35,338220,2882790
1708325100000,46798.35,46863,46750,46839.35,228765,2901465
1708328700000,46840.9,46885,46710,46795.65,307230,2857440
1708332300000,46795.65,46848.9,46545.95,46634.7,453405,2740215
1708335900000,46634.7,46718.75,46620.4,46652,134445,2724060
1708400700000,46648,46933,46464.35,46931.6,650475,2706645
1708404300000,46930.75,47049,46858.2,46955,540960,2706465
1708407900000,46955,47078,46895.7,47014.15,292845,2701350
1708411500000,47014.25,47063,46970,47000,218055,2732925
1708415100000,46999.5,47154,46841.5,46965.25,500370,2744385
1708418700000,46974.2,47210,46961.25,47175.05,471450,2746560
1708422300000,47170.1,47225.2,47161.45,47224.05,205680,2731305
1708487100000,47400.05,47400.05,47112.7,47165,777915,2729475
1708490700000,47163.8,47204.1,46964,47054.85,676725,2717385
1708494300000,47049.05,47215,47020.1,47156.45,257265,2713530
1708497900000,47156.4,47330,47150,47290.35,317895,2696880
1708501500000,47293.25,47325,47069.8,47127.55,442245,2737665
1708505100000,47128.7,47199.6,47010,47111.75,544620,2798505
1708508700000,47111.75,47123.85,46900.85,46922,328470,2769075
1708573500000,46999.9,47089,46666,46726,893505,2661915
1708577100000,46729.55,46746.55,46550,46635,503250,2639955
1708580700000,46635,46750,46506,46681.55,341235,2627880
1708584300000,46679.05,46715.5,46570.5,46625,180750,2626950
1708587900000,46627.55,47020.4,46611.45,46880,649815,2518620
1708591500000,46875,47000,46792.6,46980,454695,2528325
1708595100000,46982.5,47021.35,46965.05,46989.25,214680,2492895
1708659900000,47100,47314.85,46992.05,47314.85,734415,2392335
1708663500000,47309,47399,46936.45,47166,791910,2487180
1708667100000,47166,47217.8,47032.3,47082.55,169245,2482035
1708670700000,47079.3,47210,47032.05,47148.25,171765,2490870
1708674300000,47153.5,47160,46816,46828,492840,2453505
1708677900000,46822.5,47065,46783.65,46892.1,434805,2470680
1708681500000,46892.1,46904.55,46764.55,46799.95,259755,2474055
1708919100000,46694.7,46934.6,46596.1,46720,698880,2288745
1708922700000,46715.65,46789.4,46616.25,46672.7,207075,2303025
1708926300000,46675.85,46718.95,46567,46615.4,240210,2298135
1708929900000,46615.4,46880,46526,46858.7,468510,2303220
1708933500000,46851.95,46895,46682.65,46782,325215,2266695
1708937100000,46782,46850,46585,46605.1,378795,2240625
1708940700000,46605.15,46619,46565.05,46575,152145,2222985
1709005500000,46545,46670,46368,46399.2,535710,2101875
1709009100000,46398.65,46529.5,46310.3,46464.1,404595,2148810
1709012700000,46465,46559,46411,46469.25,188850,2122935
1709016300000,46470,46696,46384.9,46689.55,390915,2118720
1709019900000,46689.45,46745,46508.3,46637.1,405300,2049615
1709023500000,46637.1,46698,46516.05,46564.25,286485,1960695
1709027100000,46568.1,46630,46550.6,46605,124545,1926450
1709091900000,46602.05,46730,46492.75,46690,595200,1830885
1709095500000,46690,46767.1,45980,46170.05,1134990,1864995
1709099100000,46169,46289.7,46105,46213.3,304605,1751085
1709102700000,46209.4,46238.2,45843.25,45894.15,357945,1735965
1709106300000,45880.7,46268.9,45875.15,46210,333855,1676265
1709109900000,46210,46228.4,45792.3,45858.05,466455,1689915
1709113500000,45859.15,45859.8,45774.45,45777,293775,1596825
1709178300000,45827.9,46140.5,45616.65,45718.6,641640,1284810
1709181900000,45706.65,45879.85,45660.65,45879.85,244680,1280925
1709185500000,45879.95,45921.35,45757.45,45856.75,217980,1266000
1709189100000,45858.05,46085,45770.05,46065.25,335790,1182855
1709192700000,46065.25,46225,46002,46155.25,425595,1128720
1709196300000,46150,46387.85,45949.1,46116.95,648420,1022985
1709199900000,46119.6,46152.1,46087.45,46119.5,153000,978345
1709264700000,46675,46940.4,46629.8,46887,842610,2354055
1709268300000,46887,46999.95,46851.1,46969.15,381345,2337840
1709271900000,46978,47269.6,46971.3,47201.75,634260,2365485
1709275500000,47208.5,47375,47178.05,47289,446985,2357250
1709279100000,47289,47486.6,47260,47479.3,380475,2398185
1709282700000,47480.2,47637.4,47459.05,47617.25,556980,2395995
1709286300000,47616.6,47623.75,47510,47580,270285,2335515
1709351100000,47625,47700,47512,47592.6,194880,2321790
1709358300000,47355.55,47678.35,47355.55,47656,140865,2355720
1709361900000,47656,47677.4,47650,47665,55890,2341155
1709365500000,47665,47665,47665,47665,0,2341155
1709369100000,47665,47665,47665,47665,0,2341155
1709372700000,47665,47665,47665,47665,0,2341155
1709523900000,47625,47745,47543.15,47668.95,553245,2375565
1709527500000,47672.3,47780,47424.1,47559.6,499710,2346210
1709531100000,47565.45,47617.35,47464.05,47514.1,178875,2337840
1709534700000,47508.25,47606.05,47475.7,47525.05,164295,2350035
1709538300000,47525.05,47724.7,47521.05,47710,258225,2341470
1709541900000,47710,47749,47540,47708.15,306270,2324655
1709545500000,47702,47734.1,47582.7,47685.65,123990,2319390
1709610300000,47535.05,47658.95,47497.15,47573.55,399465,2322405
1709613900000,47573.25,47677.2,47487,47600,272790,2310255
1709617500000,47600,47714,47515.65,47635,244800,2323035
1709621100000,47639.25,48048.2,47609,47970.95,543165,2358300
1709624700000,47973.2,48016.75,47767.6,47875.5,390675,2390280
1709628300000,47871.95,47996.75,47848.9,47910.7,373740,2524200
1709631900000,47914.7,47929.55,47879.05,47906.85,107655,2522205
1709696700000,47705.3,48273.4,47705.3,48218.35,1054485,2589585
1709700300000,48231.2,48344.95,48094,48182.1,556050,2583975
1709703900000,48181.7,48242,48084.6,48193.1,304725,2554410
1709707500000,48190.25,48276,48147.15,48273.95,534270,2493630
1709711100000,48273.3,48311.25,48185.4,48283.85,539310,2406525
1709714700000,48283.85,48324,48034,48097.4,638655,2326635
1709718300000,48092.5,48167.45,48074.55,48115,265365,2363670
1709783100000,48200,48202.35,47981,48104.35,525225,2268405
1709786700000,48096.75,48150,47905,48040.35,425055,2261010
1709790300000,48036.1,48084,47977.4,48002.1,133575,2198700
1709793900000,48002.1,48036.65,47934,48022.25,252825,2167380
1709797500000,48021,48090,47977.85,48026,161070,2176950
1709801100000,48030,48182.95,47945.1,47995.5,344190,2135670
1709804700000,47999.95,48002.5,47880.3,47900,254250,2136075
1710128700000,47898,47978.4,47756,47756.3,402735,1991520
1710132300000,47756,47869,47750,47790,228870,2029935
1710135900000,47784.05,47804.55,47488,47517.4,523620,2034690
1710139500000,47518.55,47578.95,47441,47494.55,370575,2042730
1710143100000,47494.6,47585.3,47456,47470.7,202785,2066625
1710146700000,47468.3,47606.25,47403.3,47502.75,463005,1999035
1710150300000,47502.75,47507.85,47449,47468,126645,1980180
1710215100000,47499.9,48034,47410.5,47948.2,1104030,1993140
1710218700000,47960,47999,47162.55,47551.55,1349700,1900920
1710222300000,47555.6,47626.75,47387,47465.4,356775,1900605
1710225900000,47461.1,47619.8,47443,47608.2,213090,1904295
1710229500000,47606.5,47738.9,47560.6,47624.8,378150,1988325
1710233100000,47632.7,47684.7,47475.25,47503.6,332625,2007705
1710236700000,47506.85,47539.95,47497.1,47523,123855,1990050
1710301500000,47600,47661.8,47425,47638.15,611145,1920480
1710305100000,47637.4,47684.3,47380,47455,343350,1919685
1710308700000,47452.15,47474.65,47261,47294.35,424875,1922235
1710312300000,47290.7,47370.3,47265,47321.9,233220,1949235
1710315900000,47319.15,47375,47085,47105.1,390630,1977345
1710319500000,47102.35,47277.4,47003.7,47008,825405,2062260
1710323100000,47007.25,47083.8,46947.55,47022,270255,2015970
1710387900000,47000,47092,46791,46954.55,628230,1995990
1710391500000,46943.4,47345.45,46917.65,47315,506505,1984215
1710395100000,47315.8,47447,47225,47368.8,400605,1981470
1710398700000,47369.3,47420,47129.95,47263.2,292620,1998765
1710402300000,47268.6,47295,46971.65,47001.6,374325,1988805
1710405900000,47008.1,47135,46918,47023.1,317550,2005710
1710409500000,47020,47066,46942.5,47000,133890,2012925
1710474300000,46825,46987.2,46555,46628,705945,2066220
1710477900000,46630,46747,46440.25,46566.7,530205,2147340
1710481500000,46576.3,46664.55,46498,46543.75,205830,2180655
1710485100000,46547.25,46710.85,46515,46639,267120,2165100
1710488700000,46633.9,46940,46580.5,46758.9,463140,2121255
1710492300000,46766.2,46793,46528,46647.3,428955,2108205
1710495900000,46648.2,46732,46640,46680.85,172965,2065560
1710733500000,46649.95,46802.15,46475,46532.65,554625,2000880
1710737100000,46527.3,46659.9,46375,46375,244305,1997355
1710740700000,46357,46808.9,46210,46728.4,634815,1989870
1710744300000,46733.75,46889.1,46655.5,46782.7,363825,1976475
1710747900000,46775.85,46813.35,46685,46723.7,116700,1993950
1710751500000,46723.7,46900,46652,46714.9,358275,1985760
1710755100000,46710.25,46792.85,46710.25,46785,104970,1950675
1710819900000,46679.55,46777,46490,46556.4,509970,1953105
1710823500000,46557.95,46667.65,46450,46579.7,352335,1980150
1710827100000,46574,46697.65,46519.55,46569.75,213840,1981125
1710830700000,46563.65,46638.9,46557.55,46599.6,122820,1989615
1710834300000,46607,46612.75,46423.25,46451.6,205785,1995210
1710837900000,46451.55,46559.15,46364,46410.2,357390,1988640
1710841500000,46414.45,46450,46407.15,46429.9,106305,1962285
1710906300000,46475,46699,46266.6,46290,690795,2007030
1710909900000,46288.65,46343.4,46002,46302.35,679065,2088690
1710913500000,46302.3,46439,46200.95,46420,303675,2016465
1710917100000,46420,46718.4,46402.6,46670,537855,1960005
1710920700000,46675,46789.55,46482,46512.1,570705,1983450
1710924300000,46502.45,46586,46375,46456.9,512280,2028000
1710927900000,46458.5,46490.65,46411.2,46464.6,178560,2066760
1710992700000,46726.25,47142,46700.5,47091.6,870705,1962510
1710996300000,47091.6,47125.35,46832.15,46970.85,464445,2020680
1710999900000,46970.85,46995,46675,46685.5,342435,2037435
1711003500000,46687,46847.7,46629.85,46815,273420,2031735
1711007100000,46815,46891,46738,46787.75,204000,2031705
1711010700000,46787.75,46845,46745,46793.8,183345,2025915
1711014300000,46793,46811,46783.05,46805,138600,2024580
1711079100000,46719.7,46930.95,46610,46890.5,785250,1912980
1711082700000,46890.5,47025,46845,46925,372150,1913145
1711086300000,46928.1,47010,46886.8,46918,197985,1939830
1711089900000,46921.7,46988.85,46865,46960.7,168015,1901100
1711093500000,46953.7,46980,46870,46946.1,118965,1883160
1711097100000,46946.1,47075,46886,46903.6,352125,1837860
1711100700000,46905.8,46950,46902.25,46930,97065,1811775
1711424700000,46805.4,46878.1,46610.3,46721.6,542040,1730460
1711428300000,46721.4,46847.55,46697.75,46750,184620,1731930
1711431900000,46750,46858,46730,46769,165060,1771560
1711435500000,46768.75,46836.3,46754.4,46795.4,127260,1780440
1711439100000,46789.2,46809.8,46671.1,46719.6,251430,1814550
1711442700000,46717.45,46750,46650.55,46710,295155,1875975
1711446300000,46710,46730,46705,46728,151515,1875960
1711511100000,46708.3,46958,46705.35,46915,517110,1337295
1711514700000,46915,46960.9,46717,46757.9,389790,1388805
1711518300000,46760.7,46810.8,46744.15,46764,171240,1332870
1711521900000,46764.7,46799,46728.8,46758.15,129210,1332780
1711525500000,46759.95,46790,46722.2,46733.95,112380,1219725
1711529100000,46737.55,46763.45,46649.05,46755,499935,1103550
1711532700000,46755.7,46804.65,46752.6,46783.35,285855,1022145
1711597500000,47549.5,47595,47264.8,47572.95,1010340,3301875
1711601100000,47578.25,47748.85,47576.95,47744,602805,3350595
1711604700000,47744,47755,47582,47620,270120,3334125
1711608300000,47620,47763,47592.75,47709,215145,3309255
1711611900000,47705.1,47748,47675,47744.05,197265,3309750
1711615500000,47743.95,47761.9,47405.5,47491.85,518715,3299955
1711619100000,47492.25,47608,47475,47600,230670,3270210
1711943100000,47702.95,47944.7,47647.65,47880,709920,3143535
1711946700000,47880,47911,47815,47877.75,495675,2847780
1711950300000,47880,47908,47852.2,47865,455625,2530980
1711953900000,47865,47888,47790.05,47822.55,401775,2319000
1711957500000,47822.55,47895,47822.05,47856.95,232140,2190270
1711961100000,47850.45,47898,47826.15,47897.75,415770,1958685
1711964700000,47885,47947.25,47882.6,47942.85,245205,1950660
1712029500000,47805.4,48014.7,47750.15,47921.45,556545,1964925
1712033100000,47920.7,48051,47904,47989,331620,2000805
1712036700000,47980.45,48024.1,47959.45,47984.55,137745,1971720
1712040300000,47985.7,48024.95,47924.1,47953.9,159105,1974780
1712043900000,47955.3,47990.8,47837.7,47877,194955,1978215
1712047500000,47880.05,47937.95,47857.25,47899.8,146715,1980360
1712051100000,47895.35,47904.3,47880,47880,76035,1973430
1712115900000,47699,47813.2,47580,47770.6,535125,1936200
1712119500000,47770,47839.9,47730,47790.3,281955,1976355
1712123100000,47783.65,47936,47778,47934.75,265215,2018985
1712126700000,47928.75,47948.3,47863.4,47887.35,228000,2087670
1712130300000,47885,47967,47838.1,47898.25,191895,2118660
1712133900000,47892.35,47921,47855,47902.95,201615,2095035
1712137500000,47895.15,47940.65,47895.15,47931.1,163845,2071875
1712202300000,48185,48323.5,47945.55,47960.95,988320,2040465
1712205900000,47955.05,48099.45,47920,48090.6,288930,2033070
1712209500000,48098,48105,48000,48024,126600,2022660
1712213100000,48017.9,48202.5,48015.85,48157.1,231240,2048505
1712216700000,48148,48288,48031,48125,388560,2041800
1712220300000,48128,48249.25,48100,48179.45,341205,1972185
1712223900000,48179.6,48270,48177.05,48268.45,170565,1945500
1712288700000,48170,48275,48014.05,48187.85,474540,1867050
1712292300000,48190,48375,48145,48341.75,321885,1882380
1712295900000,48347.7,48400,48260,48351.4,223485,1896870
1712299500000,48361.45,48375,48281.4,48310.05,239805,1972980
1712303100000,48299.45,48486.05,48297.1,48400,259155,2007315
1712306700000,48400,48725,48399.5,48679.35,528510,2087235
1712310300000,48680.4,48707.65,48651,48690,245715,2109810
1712547900000,48705.1,48783.95,48567.05,48669,523800,2080935
1712551500000,48669,48705.85,48630,48685,122595,2076735
1712555100000,48685,48720,48651,48693.75,92925,2063145
1712558700000,48693.7,48847,48688.2,48820.05,246120,2084925
1712562300000,48820.05,48843,48616.85,48687.25,232605,2073825
1712565900000,48687.25,48745,48670.9,48708.95,121695,2048700
1712569500000,48701.55,48708.95,48677,48678.1,72060,2027175
1712634300000,48857,48975,48716.1,48945.8,486105,2034315
1712637900000,48945.8,49074.95,48911.25,48945.25,340140,2078340
1712641500000,48942.95,49064.05,48931.65,49013.25,147870,2079720
1712645100000,49015,49031.95,48916.8,48955.2,136455,2087070
1712648700000,48955.7,48971.75,48635.3,48654,473325,2031345
1712652300000,48650,48855.5,48622.05,48794.6,263430,2023380
1712655900000,48794.65,48825,48785,48805.05,82935,2022345
1712720700000,48901.1,48992,48760.05,48945,470130,2005170
1712724300000,48945,49028,48905.3,48980.05,203175,2023350
1712727900000,48980,48996.05,48910,48971.5,140010,2013690
1712731500000,48971.5,48990,48912,48973.7,153255,2015715
1712735100000,48973.7,49013.1,48951,48974.3,124590,2008905
1712738700000,48978,49086,48970,49009.8,604725,2228385
1712742300000,49009.9,49017.55,48968,48975,195030,2259330
1712893500000,48751,48914.75,48699.8,48742,608805,2154120
1712897100000,48745,48785.75,48666.1,48750,223005,2138205
1712900700000,48752.55,48898.9,48743.85,48882.05,178035,2156745
1712904300000,48881.5,48888.7,48676.65,48750,288015,2133945
1712907900000,48750,48794.95,48670.1,48686.2,121230,2125155
1712911500000,48680.7,48820,48677,48715,243015,2078265
1712915100000,48718.25,48743,48680.1,48700.45,127065,2043735
1713152700000,47573.75,48449.85,47573.75,48166.85,946200,1892910
1713156300000,48165.4,48320,48124,48208.25,282900,1910685
1713159900000,48205,48250.85,48179.45,48243.4,117210,1888500
1713163500000,48240,48258.7,48125.05,48133.45,115080,1892775
1713167100000,48138.6,48175,48090,48102,138510,1913190
1713170700000,48102,48115,47820.65,47861.75,608520,1943160
1713174300000,47862.5,47894.8,47823.75,47828.95,111765,1948065
1713239100000,47750,47750,47422,47655,717870,1894995
1713242700000,47653.5,47682.75,47552.65,47652.65,188385,1913745
1713246300000,47652.25,47686,47515.7,47596,203295,1911345
1713249900000,47598.95,47605,47542.95,47561.65,110625,1902360
1713253500000,47560,47648.45,47530,47622,181155,1899285
1713257100000,47622,47660.7,47531.9,47660,242865,1888065
1713260700000,47659.35,47734.9,47659.35,47711,198480,1877925
1713411900000,47750,47953.85,47627,47696,517665,1876770
1713415500000,47702.8,47859.9,47551.05,47822.6,333795,1911915
1713419100000,47820,47845,47686.4,47700,150135,1895655
1713422700000,47700,47793,47693.05,47749.1,61530,1901940
1713426300000,47761.65,47789,47205,47447.55,769680,1963785
1713429900000,47449.4,47514.7,47040,47067,672105,1967085
1713433500000,47074.55,47297.55,47070.55,47180,242250,1949265
1713498300000,46865,47049,46611.2,46992.3,775155,1825545
1713501900000,46988.5,46994.45,46869.1,46953.65,187020,1865670
1713505500000,46956.25,47125,46932.05,47013.75,271230,1834005
1713509100000,47010.2,47430,46991.25,47331.45,546000,1803630
1713512700000,47335,47682.35,47223.6,47574.35,490545,1778625
1713516300000,47578.65,47618.95,47381.6,47601.15,351435,1746825
1713519900000,47601.15,47645,47561,47631.05,135735,1722300
1713757500000,47990,48000,47639.15,47711.45,773790,1758345
1713761100000,47701.55,47814.8,47596.45,47777,275355,1674690
1713764700000,47778,47858,47747.2,47798.95,195210,1670190
1713768300000,47798.95,47828.95,47685.05,47741.85,197085,1719885
1713771900000,47744.1,47877.8,47713.75,47814.15,178005,1663035
1713775500000,47813.65,48020.05,47798,48013.2,497880,1595070
1713779100000,48005,48037.85,47968.25,48030,171060,1561470
1713843900000,48175.55,48175.55,47925,48085,512625,1393035
1713847500000,48087.95,48090.25,47941,47994.8,168300,1395495
1713851100000,47994.8,48098.5,47978.05,48075.35,141375,1401000
1713854700000,48077.85,48092,47971.5,48008.4,196920,1380180
1713858300000,48002.95,48055.1,47895.05,48014.7,228840,1320510
1713861900000,48014.75,48073.25,47950.2,48008.3,184740,1291725
1713865500000,48004.8,48023.9,47961,47962.2,89925,1274295
1713930300000,48102.1,48200.65,48000,48156.55,420825,1014840
1713933900000,48156.55,48232.25,48150,48183,218955,1044330
1713937500000,48184.75,48199.95,48140.1,48182.3,106425,986880
1713941100000,48174.4,48213.05,48166.6,48197.95,109230,948765
1713944700000,48197.95,48236.7,48182.2,48214,174135,943395
1713948300000,48214,48225.9,48162.65,48192,395055,866565
1713951900000,48199.05,48199.05,48185.5,48189,140925,795675
1714016700000,48005.4,48481,47999.9,48477,725490,1773675
1714020300000,48480,48527.5,48252.3,48444.65,350850,1808940
1714023900000,48445.25,48457.65,48304.75,48340,130620,1817670
1714027500000,48336.55,48499.7,48317.25,48480,163380,1829430
1714031100000,48486.35,48688,48453.15,48653.75,364530,1872435
1714034700000,48654.85,48732.6,48625,48635.25,325710,1914900
1714038300000,48635,48657.2,48572.5,48643.15,143040,1885875
1714103100000,48660,48798.9,48560.3,48618,486480,1837530
1714106700000,48615.4,48670,48483.1,48528.9,339930,1816035
1714110300000,48526,48599,48521.5,48548.45,109125,1806795
1714113900000,48548.45,48660,48537.6,48645.9,133800,1822500
1714117500000,48640.7,48650,48415,48490.25,279930,1811970
1714121100000,48498,48555,48265.15,48335.8,308400,1788645
1714124700000,48339.05,48499.95,48337.55,48490,166275,1775910
1714362300000,48555,48756.6,48497.5,48721.95,599565,1778460
1714365900000,48725.05,48940,48705.7,48920,466140,1860120
1714369500000,48916.05,49126.1,48900.8,49090,400800,1948665
1714373100000,49090,49180,49068,49145,224520,1988595
1714376700000,49145,49486.5,49126,49434,719580,2117010
1714380300000,49434,49581.45,49348.65,49570,660270,2255655
1714383900000,49568,49570,49525,49563.85,222915,2284380
1714448700000,49600,49675.8,49421,49533.8,729315,2172780
1714452300000,49533.8,49612.3,49465.85,49558,279420,2200635
1714455900000,49558,49586.75,49480,49543,154065,2220720
1714459500000,49543,49568,49434.2,49461.5,176265,2228130
1714463100000,49453.85,49900,49422,49860,880830,2357130
1714466700000,49858.6,49927.45,49429.1,49447.15,927045,2354910
1714470300000,49432.2,49441.35,49380,49391.3,299625,2330385
1714621500000,49300.2,49588,49300.2,49504.8,554190,2296455
1714625100000,49508.05,49531.6,49311,49350.1,221475,2279775
1714628700000,49350,49431.35,49170.85,49333.7,357780,2246310
1714632300000,49344.05,49409,49260.8,49341.25,108540,2230305
1714635900000,49341.25,49450,49321,49355.3,127890,2251575
1714639500000,49355.3,49408.1,49280,49374.05,185775,2235015
1714643100000,49374.4,49434.95,49366.05,49390,113055,2204010
1714707900000,49506.05,49650,49400,49402.4,486255,2201715
1714711500000,49402.4,49448.5,49190.05,49277.5,453990,2194980
1714715100000,49277,49278.8,49007,49101.05,507345,2199165
1714718700000,49102.95,49329.85,48918.45,48958.05,519990,2178240
1714722300000,48955,49090,48870,49039.9,350235,2143170
1714725900000,49033.3,49158,48951,49115,310155,2102670
1714729500000,49111.85,49166,49045.45,49055,204555,2085345
1714967100000,49240,49420,49034,49250,907440,2118015
1714970700000,49255,49393,49150,49257.05,274860,2125140
1714974300000,49257.05,49307.95,49170,49268.15,130890,2122995
1714977900000,49259.35,49269.1,49018,49050.05,289710,2138280
1714981500000,49049.15,49096,48953.8,48961.75,261420,2142600
1714985100000,48961.75,49159.1,48885,49049.1,316185,2111565
1714988700000,49049.3,49064.2,49031.35,49053,61260,2089680
1715053500000,49075.05,49099.4,48665.15,48720.05,615135,2096100
1715057100000,48720.05,48730.5,48463.3,48485,647175,2103585
1715060700000,48486.3,48498.45,48311.2,48411,455340,2201040
1715064300000,48407.55,48471,48339,48400,170655,2227905
1715067900000,48400,48575.5,48381.5,48515,233340,2220810
1715071500000,48515,48522.7,48285.5,48374.1,332655,2229765
1715075100000,48372.6,48422,48320,48330.05,169710,2213415
1715139900000,48299,48354.1,48143.15,48270.6,557925,2280945
1715143500000,48261.75,48271.7,48011.4,48121.05,443055,2313915
1715147100000,48121.7,48326.75,48102.15,48250.25,302370,2301240
1715150700000,48258,48345.2,48210.3,48280,196080,2284665
1715154300000,48282,48340,48125.8,48170.75,273390,2264790
1715157900000,48169.8,48229.95,48111.2,48175.75,368505,2274075
1715161500000,48176.25,48230,48157.15,48221,268050,2308380
1715226300000,48235,48367.25,48105.3,48116.85,414705,2194800
1715229900000,48119.55,48150,47880,47905.7,467490,2281725
1715233500000,47900,48032.5,47787,48006.6,271515,2308155
1715237100000,48008.05,48050.8,47769,47852.55,313725,2314695
1715240700000,47852.85,48021.7,47750.3,47925.7,367095,2345535
1715244300000,47932.4,47943.2,47636,47636,449910,2400120
1715247900000,47640.35,47703.9,47636,47668,172440,2446860
1715312700000,47706,48090,47605,48012.75,768435,2468400
1715316300000,48009.35,48030,47791.3,47873.8,236160,2428350
1715319900000,47876.15,47986.95,47820,47850,119505,2414355
1715323500000,47850,47874,47479.85,47596.2,380100,2424870
1715327100000,47589.35,47769,47550,47643,197670,2393475
1715330700000,47643,47695,47516.3,47586.85,222270,2430180
1715334300000,47590.05,47624.15,47580.1,47618.7,101475,2420580
1715571900000,47600,47644,47252,47376.15,609015,2458785
1715575500000,47372.1,47459,47200,47382.5,334350,2496810
1715579100000,47380.4,47612.05,47377.25,47539.15,365625,2451750
1715582700000,47538.25,47775,47520.1,47721.2,378900,2393580
1715586300000,47721.8,48000,47381.9,47931.15,631335,2356530
1715589900000,47933.35,48061,47871,47965.15,385425,2351640
1715593500000,47958,48075,47955.05,48063,131955,2340540
1715658300000,48075,48123.15,47825.1,47870.75,577140,2333520
1715661900000,47879.65,48026.7,47872,48016.15,158655,2336760
1715665500000,48016.2,48049.8,47927.35,47992.1,147135,2336730
1715669100000,47996.55,48225,47954.1,48076.1,326580,2361225
1715672700000,48070,48150,48000,48077.3,183360,2352465
1715676300000,48078.95,48115,47960.15,48082,199830,2358960
1715679900000,48080.05,48127.2,48072.3,48074.95,133530,2372970
1715744700000,48091.65,48145.15,47875,47919.75,525705,2419905
1715748300000,47914.9,47974.8,47846.8,47910,293925,2445855
1715751900000,47912.05,47941.8,47770.05,47864,296730,2484945
1715755500000,47864,47875.15,47785.15,47818.95,103860,2496360
1715759100000,47815,47863.95,47731,47844.75,212970,2529810
1715762700000,47840,47944.4,47800.1,47920,354900,2529285
1715766300000,47920,47929.6,47887,47907.95,189585,2552340
1715831100000,48047.9,48175,47960,48031.3,589740,2458815
1715834700000,48042.95,48045.65,47063.65,47640.45,667950,2568195
1715838300000,47643.35,48019.95,47566.3,48019.95,461085,2564940
1715841900000,48020,48060,47637,47691.9,339015,2554380
1715845500000,47691.9,47720,47525,47599.75,376995,2614725
1715849100000,47600.6,48105,47597.95,48067.9,601650,2499105
1715852700000,48065.15,48164.85,48065.15,48140,269820,2461395
1715917500000,48140.05,48199.85,47930,48106.3,477630,2427330
1715921100000,48109.4,48348,48085,48250.2,428370,2478390
1715924700000,48254.5,48292.4,48122.1,48131.05,196095,2474175
1715928300000,48131.05,48223.95,48123.5,48172,117675,2467440
1715931900000,48172,48255,48088.7,48235,184500,2463930
1715935500000,48235.05,48275,48100.2,48197.65,210240,2450130
1715939100000,48191.65,48252,48191.65,48231,109740,2441055
1716003900000,48299,48300.05,48200.2,48252.35,95445,2409225
1716007500000,48252.35,48252.35,48252.35,48252.35,0,2409225
1716011100000,48252.35,48297.55,48167,48285.4,63030,2395275
1716014700000,48286.2,48299,48280,48280.9,34575,2389635
1716018300000,48280.9,48280.9,48280.9,48280.9,0,2389635
1716021900000,48280.9,48280.9,48280.9,48280.9,0,2389635
1716025500000,48280.9,48280.9,48280.9,48280.9,0,2389635
1716263100000,48174.1,48330,48076.05,48105,384600,2357220
1716266700000,48105,48260,48054,48233.5,202545,2353140
1716270300000,48236,48347.5,48217.65,48301.3,158280,2359605
1716273900000,48301.3,48420,48235.3,48385,202305,2357160
1716277500000,48385,48392.75,48240.3,48264.85,129045,2369505
1716281100000,48256,48292.65,48116.9,48151.25,345210,2365770
1716284700000,48151.75,48179.85,48094.05,48097,432180,2456085
1716349500000,48190,48193,47800,47942.9,1435710,2498355
1716353100000,47947.95,47970,47800,47832.2,277095,2567580
1716356700000,47836.5,47900,47778.65,47871,267270,2579640
1716360300000,47869,47912.9,47790,47822.65,174960,2616960
1716363900000,47822.65,47950,47814.05,47881.95,262950,2577630
1716367500000,47880.85,47983.95,47611.1,47978.95,760470,2525175
1716371100000,47976.65,48104.55,47975.25,48088.3,411120,2488005
1716435900000,48055.3,48374.95,48000,48327.85,790470,2263020
1716439500000,48327.85,48544.65,48311.8,48466.2,619605,2298570
1716443100000,48475.45,48619.95,48468.3,48599,308175,2280720
1716446700000,48598.4,48748,48592.6,48663.85,375720,2254845
1716450300000,48660.4,48802,48570.55,48802,275910,2264190
1716453900000,48802,48924.45,48695.1,48878.7,588210,2235630
1716457500000,48879.3,48890.5,48804.05,48860,377250,2215680
1716522300000,48838.65,49017.95,48705.05,48716.25,858960,2368605
1716525900000,48715.75,48924,48702.05,48834.65,366660,2399970
1716529500000,48836.7,48906.7,48820,48881.75,134910,2401935
1716533100000,48881.3,48996,48832,48915.45,208170,2351400
1716536700000,48913.5,49020,48907,48998.6,123975,2329995
1716540300000,49008.95,49115.9,48906.7,49063.9,372255,2267025
1716543900000,49063.9,49081,49030,49044.9,135720,2263575
1716781500000,49124,49338.25,49073.05,49265,428400,2113665
1716785100000,49272,49448.4,49251,49409.7,218340,2102610
1716788700000,49407.55,49703.6,49388,49688.5,403530,2005920
1716792300000,49684.2,49840,49654.15,49700.05,314745,1992240
1716795900000,49701.1,49784.9,49620.15,49750.5,147990,1943280
1716799500000,49754.8,49790,49050,49344.95,715155,1897230
1716803100000,49347.6,49387,49260,49335,155250,1939080
1716867900000,49400,49537.4,49225.95,49315,537465,1838835
1716871500000,49315,49418.4,49277.3,49319.5,187740,1837155
1716875100000,49319.5,49338.9,49164,49194.2,235560,1854795
1716878700000,49194.2,49379.65,49106.3,49332.35,301365,1789275
1716882300000,49332.35,49371.35,49225.05,49287.85,146175,1790595
1716885900000,49276.9,49315,49157.3,49193.8,317340,1909860
1716889500000,49195.3,49209.95,49117.95,49131.65,211560,1983405
1716954300000,49344.85,49411.25,49075.5,49089.8,568845,1589085
1716957900000,49089.8,49104.1,49005,49030,326730,1720155
1716961500000,49030,49125,48965.65,49050,304320,1857300
1716965100000,49052.8,49140,49010.15,49056.8,261615,1946250
1716968700000,49059,49160,48991,49036.4,388965,2053965
1716972300000,49036.4,49060,48905.95,49027.25,708000,2232360
1716975900000,49023.2,49100.2,48935.95,49089,341445,2288895
1717040700000,48990,49317.5,48810,49029.2,911340,2253735
1717044300000,49030,49178.85,49006,49033.65,354165,2280585
1717047900000,49030,49105,48915,49035,388290,2282235
1717051500000,49035.1,49282.75,49007,49241.8,359565,2321985
1717055100000,49241.3,49480,49160,49285.5,499185,2363190
1717058700000,49278.5,49325,48877.05,49035.35,771825,2464740
1717062300000,49035.35,49188.4,49020,49144.45,241635,2477415
1717127100000,49200,49340,48983,48983,832650,2453670
1717130700000,48982,49140,48901,49000,400005,2487660
1717134300000,49000,49073,48850.25,48964,308670,2495430
1717137900000,48956.1,49158.4,48936.75,49109.4,215190,2480955
1717141500000,49109.75,49440,49109.75,49355.7,656775,2433210
1717145100000,49356.1,49358.4,49100,49285.9,605550,2400600
1717148700000,49290.6,49444,49290.6,49380,303195,2427915
1717386300000,50606.05,51000,50352,50721,1743885,2346270
1717389900000,50712.65,50800,50642.85,50762.65,356745,2356275
1717393500000,50768.95,51145,50758.95,51100,684600,2440140
1717397100000,51093.4,51180,51000.95,51168.3,305160,2422635
1717400700000,51169.85,51172.4,50933.4,51064.25,340890,2437260
1717404300000,51066.4,51225,51010.2,51223.8,554040,2359440
1717407900000,51222,51486,51222,51475,374175,2354040
1717472700000,50800,51098,49003.1,49812.6,2961765,2385165
1717476300000,49791.2,49805.25,47555,47945.2,1797480,2481855
1717479900000,47963.95,48683.9,46322.15,46933.1,1724160,2587650
1717483500000,46938.3,47600,46184.95,47493.5,1532790,2626260
1717487100000,47499.1,48222,47125.6,47722.05,1123905,2627265
1717490700000,47700,47800,46818.75,47156.55,880560,2655570
1717494300000,47173.35,47299,47081.25,47299,273750,2653860
1717559100000,47400,47884.8,46781.7,47288.05,1949940,2706510
1717562700000,47294.5,48114,46790.05,48105.45,1192350,2759865
1717566300000,48103.2,48224.1,47619.8,47915.2,916965,2841855
1717569900000,47911.95,48432.45,47897.55,48287.2,915480,2952270
1717573500000,48286.1,48870,48205,48719.6,1059525,2978115
1717577100000,48717,49473.75,48590.05,49161.55,1743720,3056535
1717580700000,49160.55,49194.95,48921.55,48992.9,410325,2969700
1717645500000,49335.3,49565,49140.25,49412.95,936435,2866950
1717649100000,49412.95,49751.5,49412.95,49719.5,571515,2839320
1717652700000,49722.4,49739.65,49288.4,49350.05,529185,2816775
1717656300000,49344.95,49525,49060,49182.45,523410,2829930
1717659900000,49182.45,49541.5,49171.15,49358.65,356550,2825655
1717663500000,49354.6,49494,49125,49472,396045,2805780
1717667100000,49470,49477,49321.4,49435.25,217875,2802090
1717731900000,49130,49619.55,48547,49523.45,839385,2716230
1717735500000,49523.45,49770,49333,49740,656265,2761335
1717739100000,49744.2,50025,49635.75,49911.15,594870,2810415
1717742700000,49921.65,50006,49815,49916.2,315420,2779275
1717746300000,49904.8,49950,49742.5,49902.3,310320,2789535
1717749900000,49902.3,49998.7,49830,49878.3,459720,2753415
1717753500000,49875,49946.75,49861,49930,239085,2735805
1717991100000,49995.5,50289.75,49680,49936.05,1156590,2686530
1717994700000,49939.9,50039.95,49817.1,49913.4,247305,2605365
1717998300000,49912.95,50071,49862.95,49893.1,182025,2613390
1718001900000,49891.05,50014.75,49885,49956.05,102105,2618910
1718005500000,49956.05,50160,49933,50094,316680,2615340
1718009100000,50085,50104.7,49722.35,49801.75,466200,2559030
1718012700000,49803,49807.2,49616.9,49655,216690,2538825
1718077500000,49639.9,49968.1,49572,49955.35,704025,2543880
1718081100000,49944.55,50020,49882.6,49953.05,294975,2545080
1718084700000,49944.65,49965,49816,49882.7,194895,2558730
1718088300000,49882,49980,49828,49925.15,159720,2568825
1718091900000,49925.15,50080,49880,49906.15,361140,2604840
1718095500000,49914,49944.85,49777,49780,276600,2572080
1718099100000,49780,49782.6,49716.95,49735,245985,2550885
1718163900000,49791.95,50269.95,49739.8,50224.8,815460,2595585
1718167500000,50224.8,50289.95,50155,50200,370290,2669010
1718171100000,50195,50207.9,50020,50059.8,300600,2622570
1718174700000,50066,50080,49937.8,50014,263310,2616390
1718178300000,50015.85,50038.5,49890.05,49925,331530,2601990
1718181900000,49924.3,50045.3,49881,49941.7,471315,2553300
1718185500000,49942,49956.45,49850,49870,332385,2561040
1718250300000,50101,50155.8,49950,50048.55,514410,2378430
1718253900000,50048.55,50050.85,49903,49970.05,198990,2389320
1718257500000,49965,50084.7,49900,49991.6,165840,2394300
1718261100000,49991.6,50035.6,49956,50016,76785,2390850
1718264700000,50015,50045.55,49917.05,49959.45,134790,2400270
1718268300000,49943.95,49955.9,49850.4,49880.85,238065,2380650
1718271900000,49881.3,49950,49881.3,49927.3,94035,2340060
1718336700000,50000,50140.1,49750,50082.45,697875,2379840
1718340300000,50093.05,50175,50052.85,50115.2,296100,2444850
1718343900000,50115.2,50130,49983.45,50040.05,135540,2436870
1718347500000,50041.6,50090.95,49985.4,50071,105210,2451255
1718351100000,50071,50075,49975,49987.25,126480,2440365
1718354700000,49990,50103,49968,50049,247935,2416980
1718358300000,50045,50057.1,50005,50029,93510,2390865
1718682300000,50190.85,50314,49990,50237.25,687645,2387385
1718685900000,50231.75,50336.7,50105.95,50285,326625,2406825
1718689500000,50290,50382.8,50290,50340.4,254970,2451180
1718693100000,50345,50375,50300,50372.4,93090,2450175
1718696700000,50371.25,50449,50335.2,50418.05,251580,2481210
1718700300000,50418.15,50435,50350,50408,203790,2499030
1718703900000,50408,50439.45,50405,50430,157635,2539005
1718768700000,50462.25,51184.25,50444.1,51038.6,1369680,2613450
1718772300000,51035,51109.3,50586.8,50986.6,1113540,2543985
1718775900000,50980,51054.75,50827,51054.75,274590,2544135
1718779500000,51075,51150,51002.05,51075.65,291030,2520000
1718783100000,51076.1,51523.8,50988.65,51489.85,899070,2696145
1718786700000,51500,51885.55,51240,51356.05,1599240,2677815
1718790300000,51353.7,51472,51315.65,51467.8,297885,2730840
1718855100000,51630.9,51730.5,51240.15,51256,946080,2395065
1718858700000,51265,51600,51212,51470,397905,2370570
1718862300000,51470,51644.95,51445,51594.85,191085,2369625
1718865900000,51600,51683.95,51516.35,51635.65,167895,2386800
1718869500000,51626.9,51800,51611.55,51728.75,345030,2428215
1718873100000,51727.25,51793.8,51650,51724,210720,2442735
1718876700000,51722.6,51788.3,51711,51774.6,131775,2431155
1718941500000,51821,51821,51472.7,51531,574980,2226435
1718945100000,51527.55,51615,51436.15,51509.8,295005,2188785
1718948700000,51513.6,51561.75,51437.5,51518,133560,2190960
1718952300000,51518.85,51632.25,51273.5,51336.55,410820,2172720
1718955900000,51336.45,51749.65,51300,51647.25,455175,2173635
1718959500000,51648.4,51700,51308,51578,609030,2125890
1718963100000,51571.15,51628.85,51532,51585.5,134850,2108235
1719200700000,51294.7,51450,51150,51362.1,677610,2018250
1719204300000,51362.3,51685,51281.8,51600.8,496770,2091330
1719207900000,51601.65,51775,51554.35,51663.65,321255,2146080
1719211500000,51666.5,51779,51642.65,51750,204420,2149755
1719215100000,51749.9,51864.75,51656.05,51689.75,250965,2150715
1719218700000,51689.75,51774.2,51608.75,51742.55,251475,2149500
1719222300000,51745.7,51796.85,51732.1,51780.05,134655,2165715
1719287100000,51799.95,52127,51768.8,52112,581010,1859340
1719290700000,52115.5,52220,52066.15,52159.95,296910,1865160
1719294300000,52159.95,52166,52031.6,52138.55,238110,1865640
1719297900000,52140.6,52544,52103.9,52520.7,580485,1926000
1719301500000,52509.75,52691.7,52501,52615,408075,1995900
1719305100000,52617.25,52667.75,52433.05,52596.9,305220,1939410
1719308700000,52605,52718.25,52584.95,52642.55,137895,1912215
1719373500000,52626.85,52688,52255.55,52364.75,512700,1501305
1719377100000,52364.55,52767.7,52364.55,52708,295425,1424145
1719380700000,52708,52990,52690,52919.6,267210,1436220
1719384300000,52919.6,52968.75,52737.75,52900,192810,1386900
1719387900000,52900.15,52985,52872.2,52947,195765,1371900
1719391500000,52952.6,52975.55,52849.75,52885,558435,1246050
1719395100000,52883.2,52901.65,52865.1,52879,195270,1173765
1719459900000,52800,53221,52670,53115.45,701385,2522610
1719463500000,53110,53155,52699,53032,580230,2491350
1719467100000,53037.15,53097,52942.55,53060.95,201870,2504445
1719470700000,53068,53084,52872.95,52956.35,177660,2504355
1719474300000,52948.9,53021.9,52832,52910.1,159960,2504550
1719477900000,52916.05,53004.6,52806,52918.75,279060,2521815
1719481500000,52911.45,52949.9,52867.7,52880,156675,2520960
1719546300000,52899.95,53050,52863.4,52990,494865,2519625
1719549900000,52988.9,53031.9,52911,52940,135270,2517135
1719553500000,52940,52956.55,52741.15,52790,317220,2495535
1719557100000,52790,52820,52565,52636.15,580380,2477565
1719560700000,52644.75,52880,52590,52818.65,304410,2501010
1719564300000,52819.35,52855.45,52490.25,52503,415755,2499420
1719567900000,52505.05,52555,52438.15,52520,217275,2490675
1719805500000,52524,52680,52301,52552.95,651330,2497290
1719809100000,52548,52649,52465.55,52558.65,177975,2510790
1719812700000,52558.65,52779.9,52550.45,52694.65,270585,2539440
1719816300000,52703.8,52798,52675.5,52742.6,102960,2548725
1719819900000,52742,52813.65,52680.05,52742.65,164205,2579940
1719823500000,52750,52780,52647.35,52723.25,192510,2561265
1719827100000,52723.75,52744,52670,52714.9,110520,2534790
1719891900000,52850.05,52924.85,52323.2,52453.25,918165,2474700
1719895500000,52449.95,52585.35,52449.95,52570.05,166065,2490735
1719899100000,52577.8,52634.75,52284.3,52350.45,417810,2475570
1719902700000,52350.45,52402.65,52184.2,52345,425415,2503485
1719906300000,52345,52466.65,52319.7,52350,270435,2496855
1719909900000,52345.5,52428,52330,52346,174375,2471415
1719913500000,52346,52395.4,52340.7,52372.35,134280,2480580
1719978300000,52855.3,53220,52594.2,53104.1,2038515,2640225
1719981900000,53105,53249,53025.65,53057.75,475125,2752785
1719985500000,53058.3,53125,52990.95,53085,212715,2744895
1719989100000,53090.7,53150.3,53067,53091.1,175965,2773290
1719992700000,53091.35,53193.15,53080,53110,333000,2851395
1719996300000,53110,53155.1,53066.25,53074.6,505155,2928525
1719999900000,53074.6,53106.2,53071,53094.85,258525,2994990
1720064700000,53251.05,53301.1,53081.05,53226,404565,2800305
1720068300000,53225.55,53239.95,52831,52908,610170,2820780
1720071900000,52917.55,53017.1,52891.75,52986.55,150420,2830065
1720075500000,52990,53070,52980.15,53035.75,119265,2842425
1720079100000,53034.25,53143.85,52955,53091.4,140370,2839365
1720082700000,53091.4,53273,53048.65,53169.1,385605,2840850
1720086300000,53159.65,53190,53140.2,53180,80505,2836455
1720151100000,52998.6,52998.6,52300,52444.95,1461390,2746890
1720154700000,52443.85,52730,52405,52625,392400,2713020
1720158300000,52625,52738.65,52615,52639.5,163830,2704800
1720161900000,52638,52713,52567,52586,115635,2725290
1720165500000,52582.3,52688.2,52572,52618,120090,2723085
1720169100000,52618,52789.25,52521,52737.05,310140,2680755
1720172700000,52737.9,52760,52680.4,52718.15,104955,2682690
1720410300000,52611,52802.85,52456,52663.35,648255,2658165
1720413900000,52663.6,52799,52500,52564.4,307785,2678940
1720417500000,52564.4,52585,52352,52372.3,360405,2673195
1720421100000,52372.3,52549.9,52350.1,52510.4,181815,2683980
1720424700000,52517.65,52630,52443.3,52563.85,153825,2682435
1720428300000,52563.85,52626.35,52480.65,52536.7,194685,2685000
1720431900000,52535.25,52596.7,52530,52580,114210,2681535
1720496700000,52500,52698.55,52500,52611.95,368100,2608320
1720500300000,52605.3,52680,52589.95,52642.7,128445,2603115
1720503900000,52630.3,52743.7,52620,52679.4,212880,2638770
1720507500000,52676.4,52680,52587.5,52645,111975,2631675
1720511100000,52657.1,52693,52645,52669.9,82545,2652195
1720514700000,52669.9,52674,52609.3,52641.7,131760,2642775
1720518300000,52629.5,52659,52566.25,52580.65,156120,2638800
1720583100000,52542.05,52606.55,52311,52423.95,697620,2596755
1720586700000,52414.6,52431.05,52204.9,52250,582360,2594310
1720590300000,52253.05,52305.45,52210,52265,174960,2598465
1720593900000,52270.75,52295,52240,52253.2,150765,2584605
1720597500000,52254.85,52280.25,52214.75,52253,146415,2564715
1720601100000,52250.95,52371.8,52242.05,52321.9,470850,2419440
1720604700000,52323.35,52344.8,52300.15,52325,136740,2420490
1720669500000,52399.95,52470,52216.25,52261.95,458895,2393415
1720673100000,52255.1,52270,51860,51925,781305,2438985
1720676700000,51929.95,52061.95,51911.65,52015.35,224535,2445375
1720680300000,52015.35,52095,52011,52063.9,140865,2437935
1720683900000,52058,52388,52005.3,52324,432795,2407755
1720687500000,52323.1,52495,52275,52450.05,522090,2374845
1720691100000,52459.25,52467.5,52422.1,52450.05,128880,2320755
1720755900000,52466.4,52598.95,52280,52340,751710,2226150
1720759500000,52332,52847.15,52317.05,52687,624525,2236800
1720763100000,52682.35,52700.05,52505,52625,236805,2225010
1720766700000,52630,52650,52535.1,52629.85,96060,2241900
1720770300000,52628.6,52698,52601,52640,130185,2244090
1720773900000,52640,52665.95,52303.95,52309.95,402645,2193285
1720777500000,52311.2,52401,52270,52397.25,199845,2190525
1721015100000,52394,52513.9,52238.05,52400,574680,2121090
1721018700000,52400,52548.5,52322.6,52505,298245,2127480
1721022300000,52510.85,52521,52275,52456.05,265035,2114790
1721025900000,52443.5,52500,52362,52500,141000,2126865
1721029500000,52496.7,52721.35,52491.7,52625.95,508080,2219040
1721033100000,52625.85,52715,52602.2,52628.55,196725,2209815
1721036700000,52627.8,52651.6,52612,52641,112500,2217450
1721101500000,52650,52719.75,52448.3,52540,477675,2195025
1721105100000,52535,52612.3,52521.1,52585,129210,2198895
1721108700000,52595,52606.3,52517.8,52527.6,98250,2205390
1721112300000,52519.9,52596.05,52502,52550.75,110940,2211255
1721115900000,52545.4,52560.15,52476,52516.65,118950,2219940
1721119500000,52520.7,52550,52450,52535.6,235485,2160705
1721123100000,52537.9,52561.05,52488.9,52548.3,118755,2123040
1721274300000,52431.95,52780,52282.15,52719.9,799575,2207760
1721277900000,52705.7,52733.05,52400,52406,369270,2216145
1721281500000,52405.1,52541,52303,52527.25,404715,2149605
1721285100000,52530,52638,52461,52635,170040,2133030
1721288700000,52637.5,52824.5,52581.1,52790,457725,2161185
1721292300000,52795,52835,52651.05,52670,301380,2151105
1721295900000,52671.7,52705,52645,52656,97410,2148585
1721360700000,52535,52640,52342.15,52392.65,635865,2067375
1721364300000,52385.05,52494,52131.95,52277.4,592320,2103825
1721367900000,52275.65,52376.85,52235,52345,178785,2106270
1721371500000,52346.75,52375,52201,52252.05,173730,2091210
1721375100000,52254,52378,52225,52246.45,211200,2091315
1721378700000,52240,52348.75,52208,52287.1,233565,2053125
1721382300000,52287.1,52295.45,52225.4,52225.4,190290,2023020
1721619900000,52100,52394,51932.25,52374.15,764820,1905405
1721623500000,52373.5,52435.35,52276.6,52313.55,240060,1923090
1721627100000,52313.45,52340,52213,52238,141300,1898055
1721630700000,52232,52278.25,52182,52262.3,125145,1894335
1721634300000,52262.3,52335.9,52240.1,52265,92520,1886355
1721637900000,52265,52313.25,52222.65,52295.4,142770,1849560
1721641500000,52294.6,52317.65,52270,52307.55,86670,1817520
1721706300000,52405.3,52462.75,52133.55,52231.65,367275,1785855
1721709900000,52222.55,52450,52172.35,52391.8,291390,1759575
1721713500000,52387.45,52410.6,51900,52200.15,483990,1765560
1721717100000,52190,52222.05,51411,51433.85,1441800,1836435
1721720700000,51433.95,51949,51431.55,51874.3,611460,1813905
1721724300000,51871.55,52120.5,51720,51780,581280,1810275
1721727900000,51776,51827.9,51717,51765,131505,1818630
1721792700000,51611.15,51974.85,51541.1,51758,794940,1645905
1721796300000,51761.8,51872.75,51276.7,51310.05,547830,1682550
1721799900000,51310.55,51352.3,51151.3,51201,521715,1644660
1721803500000,51200.9,51232.2,50921,51205,494790,1639785
1721807100000,51206.8,51550.15,51112.05,51135,735525,1568085
1721810700000,51140.8,51387.6,51102,51366.95,457200,1527360
1721814300000,51365.95,51500,51356.95,51485,195315,1476960
1721879100000,50966,51104.95,50652,50694,688230,1354380
1721882700000,50698.75,50814.85,50601,50783.7,286380,1370925
1721886300000,50794.45,50964.1,50742.9,50907.9,245880,1322685
1721889900000,50917.65,50947.4,50833.7,50881,104655,1325205
1721893500000,50881,50982.75,50806,50935.3,138990,1301610
1721897100000,50934.55,50999.95,50890,50950,150690,1260315
1721900700000,50943.45,50954.9,50905,50920,72210,1240170
1721965500000,50650,50902.05,50605,50730,487605,1315965
1721969100000,50720,50987.25,50707,50942.1,217815,1287720
1721972700000,50940,51029.5,50875,50932.9,262005,1303485
1721976300000,50924.35,51241,50905.45,51241,261600,1298355
1721979900000,51241.95,51389,51190.1,51240.6,347595,1224585
1721983500000,51240.5,51379.2,51138.1,51310.1,339510,1182645
1721987100000,51315,51318,51221.2,51318,114990,1209915
1722224700000,51557.5,51958.8,51380.1,51808.7,595980,1131525
1722228300000,51808.7,52248.95,51783.65,52180.8,374730,1133520
1722231900000,52180.8,52381.75,51899.45,51931.4,436920,1142400
1722235500000,51916,51955.45,51240.25,51530,786060,1088310
1722239100000,51538.1,51675,51338.15,51349.1,276225,1083345
1722242700000,51344.85,51565,51256,51368.7,327885,1091145
1722246300000,51366.15,51420,51345.05,51400.15,82290,1071420
1722311100000,51349,51575,51226.7,51435.45,387480,1024620
1722314700000,51442,51670.9,51391.9,51580.9,296400,1002135
1722318300000,51590.95,51750,51579.05,51640.45,191295,1011150
1722321900000,51643.5,51938,51599.55,51746.8,303240,1010190
1722325500000,51730.35,51825,51571,51749.05,226425,1024470
1722329100000,51749.05,51884.5,51425,51501.8,294000,996285
1722332700000,51500,51537,51460.05,51472.7,81480,984420
1722397500000,51520.35,51615,51355,51602.75,352500,856590
1722401100000,51597.3,51657,51501,51531,133710,870105
1722404700000,51528.9,51566.55,51363.3,51464.95,133635,891825
1722408300000,51464.95,51565,51414.1,51480.35,89730,890610
1722411900000,51489.75,51525,51307.3,51358.05,185820,884595
1722415500000,51351,51560,51340,51530.6,370455,879285
1722419100000,51528.95,51557,51528.95,51550.7,99975,844035
1722483900000,51990,52080,51877.4,51916.4,523365,2485155
1722487500000,51909.2,51990.95,51868.1,51950.55,198240,2505120
1722491100000,51950.6,51974.2,51887.15,51900.1,97170,2502210
1722494700000,51897.65,51910,51734,51869.15,254355,2507850
1722498300000,51869.9,51885,51752,51760,117255,2515680
1722501900000,51760.15,51799.5,51635,51740.95,353505,2531655
1722505500000,51748.45,51809,51742.35,51773,166125,2527260
1722570300000,51405,51522.25,51151.6,51409,757815,2490015
1722573900000,51409.8,51711.95,51400,51638.6,449895,2525400
1722577500000,51637.55,51727.9,51567.7,51624.5,231420,2574165
1722581100000,51614,51628,51470.55,51572,179415,2598660
1722584700000,51566.6,51736.9,51554.75,51615.4,228345,2634420
1722588300000,51614.7,51652.35,51400.25,51430,360180,2643315
1722591900000,51430,51466,51411.15,51436,143370,2651640
1722829500000,50678,50976.95,50476.25,50520,1153455,2760525
1722833100000,50520,50589.65,50045.55,50073.65,718845,2922225
1722836700000,50070.1,50180.15,49843.25,50140,603120,2980035
1722840300000,50148,50210,49954.6,50205.35,346995,3036615
1722843900000,50198.65,50320.2,50098,50173.2,333885,3021435
1722847500000,50178.9,50346.15,50072.25,50234.5,355440,3025230
1722851100000,50232.25,50254,50152,50152,151920,3032055
1722915900000,50499.9,50767.8,50361.3,50405.6,718785,2957820
1722919500000,50403.1,50434,50080.8,50301,526230,2999775
1722923100000,50304.25,50412.15,50222,50316,180975,3015810
1722926700000,50334.6,50341.45,50205.65,50227.75,133755,3028815
1722930300000,50227.75,50270.1,49910,49938.6,462405,3070335
1722933900000,49939.65,50042.45,49815.8,49917.9,431325,3094140
1722937500000,49917,49934.1,49893,49907,158445,3093795
1723002300000,50391.7,50391.7,49951.1,49999.45,763530,3073875
1723005900000,49995.9,50318.8,49950,50102.65,488820,3060585
1723009500000,50102.05,50144,50013,50045.4,199695,3070485
1723013100000,50043.35,50250,50035.9,50074.9,238110,3080865
1723016700000,50068.55,50145.25,50015,50136.4,284085,3132690
1723020300000,50139.95,50375,50135.1,50361.4,644970,3106995
1723023900000,50361.4,50400,50337.4,50395.1,231840,3104325
1723088700000,50240,50335.95,49980,50082.3,577665,3106080
1723092300000,50077.85,50350,50052.2,50300,416985,3091215
1723095900000,50297.2,50500,50266.3,50500,373905,3082140
1723099500000,50501,50531.9,50220,50298,324690,3068325
1723103100000,50291.55,50355.55,50185,50279.7,171735,3073500
1723106700000,50274.15,50345,50207.75,50215,176115,3047520
1723110300000,50220,50235.1,50175.8,50190,159360,3067425
1723175100000,50635.5,50795.1,50505.35,50620,727515,3012615
1723178700000,50621,50670.5,50479.05,50568.65,307035,2983920
1723182300000,50565.25,50679.95,50554,50598.05,129255,2975970
1723185900000,50598.05,50637,50534.05,50581.9,111780,2981685
1723189500000,50580.25,50699,50564.8,50672,178920,2960790
1723193100000,50672.25,50672.65,50560,50571,166365,2952210
1723196700000,50571.15,50581.65,50550,50570,108630,2950935
1723434300000,50499.95,50561.9,50341.5,50494.2,608370,2925345
1723437900000,50481.1,50920,50480,50909,645240,2912400
1723441500000,50900.4,50986.2,50790,50819.45,249600,2915550
1723445100000,50819.45,50962.45,50773,50860,171510,2900880
1723448700000,50860,50998,50824,50950,150525,2899395
1723452300000,50950.4,50968.5,50652.3,50729.95,424905,2893995
1723455900000,50729.85,50750,50718.05,50750,161145,2883645
1723520700000,50600,50746.1,50512,50572.5,560790,2894385
1723524300000,50571,50585,50440.6,50510.55,332070,2986365
1723527900000,50510,50560,50421.2,50474.1,151935,3005535
1723531500000,50468,50476.95,50156.3,50247.35,538830,3082560
1723535100000,50248.85,50336.25,50047,50140,520785,3254910
1723538700000,50138,50160.7,50005.7,50018.85,437400,3341880
1723542300000,50015,50088,50012,50088,151185,3341715
1723607100000,50099,50300,49865.9,49940.05,588915,3358170
1723610700000,49940.55,50059.9,49919.65,49938.85,212385,3398265
1723614300000,49936.1,49994.9,49885.9,49978.05,137940,3391020
1723617900000,49978,49994.35,49911.65,49981.4,113850,3405750
1723621500000,49976.45,50015.75,49925,49979.05,165330,3407130
1723625100000,49982.5,50001.3,49931,49956.05,194790,3402000
1723628700000,49955,49966,49942.35,49960,181845,3414810
1723779900000,50250.25,50977,50035.05,50119.4,886365,3372345
1723783500000,50116,50162,49960.05,50098.4,298095,3400050
1723787100000,50098.45,50518.35,50080.6,50478.2,587010,3306585
1723790700000,50480,50555.35,50411,50515,330090,3253395
1723794300000,50515,50735.4,50490.2,50680.55,536415,3184830
1723797900000,50684.65,50692.3,50554.6,50641.8,288945,3118065
1723801500000,50638,50647.15,50595.2,50630,173895,3060420
1724039100000,50705.55,50814.75,50480,50500,605355,2986875
1724042700000,50497.05,50575,50451,50525,233205,3013350
1724046300000,50525,50675.45,50501,50534.55,265305,3036240
1724049900000,50534.4,50564.95,50438.95,50545.15,140505,3062700
1724053500000,50545.15,50589.8,50427,50480.4,167235,3101295
1724057100000,50475.05,50555,50447.9,50470.6,166350,3097650
1724060700000,50471.75,50520,50470,50496,93585,3080790
1724125500000,50554.95,50880,50506.2,50852.95,654495,3024315
1724129100000,50861.55,50989,50790.35,50965.05,372060,2980410
1724132700000,50966,51018.4,50920,50997.3,320175,2944050
1724136300000,50997.3,51080.95,50960,51050,305940,2925285
1724139900000,51050,51050,50963.1,50969.75,132540,2907390
1724143500000,50972.15,50999.8,50871.75,50872.15,306600,2872665
1724147100000,50873.9,50903.3,50865,50870,178335,2877900
1724211900000,50832,50890,50560,50630.6,780330,2954550
1724215500000,50631.45,50727.5,50463,50547.75,440655,2989305
1724219100000,50550,50781.05,50544,50680.6,509385,2959755
1724222700000,50673.25,50719.95,50590.5,50624,118515,2962560
1724226300000,50620,50627.9,50476.75,50612.5,359640,3045690
1724229900000,50612.5,50810,50528.75,50786.85,614835,2824485
1724233500000,50786.3,50850,50782.05,50840,237735,2782965
1724298300000,50955.6,51093.55,50851.05,51000.4,574785,2735175
1724301900000,51000.6,51070,50958.1,50991.8,167280,2721195
1724305500000,50991.8,51142.45,50970.65,51032.1,199635,2732250
1724309100000,51032.1,51132.75,51013,51075,196395,2747190
1724312700000,51071,51125,51000,51051.75,248430,2776710
1724316300000,51050,51068,50945.55,51036.15,223605,2717805
1724319900000,51036.15,51048.25,51022.65,51035,99420,2688780
1724384700000,51049.95,51154.45,50889,51010,550425,2615145
1724388300000,51014.55,51112.7,50966.4,51040,152400,2611920
1724391900000,51040,51089.45,51013.05,51038,74280,2617320
1724395500000,51032.8,51068,50985.05,51061,103890,2639580
1724399100000,51060,51061.85,50974.45,50993.05,115950,2611650
1724402700000,50993,51060,50918.25,50968.45,217590,2577180
1724406300000,50962,50984.95,50960,50980,132000,2534490
1724643900000,51148,51378.5,51020,51367.15,628020,2480895
1724647500000,51367.2,51371.2,51182.15,51257.35,280725,2451945
1724651100000,51261.15,51315,51237.55,51250.5,118035,2425785
1724654700000,51250,51337,51233.05,51293.7,152910,2427645
1724658300000,51293.7,51296.3,51202,51208.75,260700,2442765
1724661900000,51206.2,51262,51181.5,51219,235245,2436795
1724665500000,51220.25,51250,51209.65,51219.95,101325,2428065
1724730300000,51247.7,51263.65,50931.5,51150,734325,2297550
1724733900000,51155,51245,51005,51186,325680,2292525
1724737500000,51186,51370,51182.55,51274.65,412935,2274390
1724741100000,51270.15,51365,51240.35,51331.3,211440,2165280
1724744700000,51331.3,51388.55,51272.3,51315,194670,2167605
1724748300000,51315,51355,51235,51260.5,245580,2093445
1724751900000,51266.7,51276.2,51210.1,51231.05,88890,2082195
1724816700000,51421,51421,51065,51105,460575,1710735
1724820300000,51105,51195,51075,51195,255420,1705530
1724823900000,51194.45,51216.45,51140.45,51185.2,231840,1630695
1724827500000,51188,51256,51175.05,51195.55,159210,1590540
1724831100000,51195,51245,51181.2,51238,191490,1466415
1724834700000,51232.25,51249,51130,51157.4,419325,1344150
1724838300000,51157.95,51158,51135.6,51143.7,218655,1275855
1724903100000,51395.15,51610,51311.6,51588.95,608265,2365095
1724906700000,51589.3,51598.95,51485.05,51525.3,158850,2385615
1724910300000,51525.3,51569.95,51468.1,51566.8,129660,2402490
1724913900000,51569,51670,51530,51567.05,312675,2431770
1724917500000,51567.05,51595,51371.1,51464.95,305910,2448450
1724921100000,51457.65,51534,51346.4,51477.05,379200,2467245
1724924700000,51470.75,51503.95,51468.3,51495,102780,2472705
1724989500000,51500.5,51715,51500.5,51620,496005,2423475
1724993100000,51612.1,51665.6,51580.2,51651.75,114315,2432670
1724996700000,51651.75,51700,51605,51686.85,140175,2453970
1725000300000,51686.85,51706.95,51641.1,51692,104085,2440800
1725003900000,51692,51725.05,51655.25,51695,186510,2432055
1725007500000,51695,51729,51645,51670,226530,2428230
1725011100000,51670.05,51677,51640,51650,201225,2424960
1725248700000,51755.05,51820,51585,51612.6,381045,2394585
1725252300000,51612.6,51656,51553.25,51644.35,135510,2413065
1725255900000,51644.9,51670,51540.9,51588.35,171210,2429655
1725259500000,51583.7,51600,51519.35,51559,125070,2430570
1725263100000,51562.5,51734.05,51540,51703.15,323235,2414910
1725266700000,51704.15,51733.3,51640,51648.05,317115,2415045
1725270300000,51648.05,51657.35,51627,51638,102915,2409420
1725335100000,51646,51692,51576.4,51664.1,240720,2405970
1725338700000,51665,51685.65,51594.95,51599.95,105810,2426460
1725342300000,51590.1,51664.8,51525,51640.65,138180,2425095
1725345900000,51646.3,51664.65,51615.5,51657.85,55695,2427225
1725349500000,51657.5,51678,51600,51655.9,124965,2417910
1725353100000,51655.9,51885,51625,51859.5,754260,2431170
1725356700000,51860.1,51864.55,51821,51845.2,244455,2470350
1725421500000,51535.35,51703.95,51535.35,51630.85,675825,2418525
1725425100000,51630.65,51689,51581.05,51661.1,182295,2419080
1725428700000,51663.7,51684.95,51631.65,51665,96600,2432175
1725432300000,51674.9,51689.65,51625.55,51651.3,111390,2443380
1725435900000,51651.3,51689,51646.05,51657.1,104625,2465385
1725439500000,51657.1,51675.7,51590.6,51620.55,314325,2434110
1725443100000,51621,51627,51593.85,51606.4,137535,2436285
1725507900000,51675,51760,51655.6,51711.4,303615,2403075
1725511500000,51711.4,51729,51641.05,51716.65,140040,2395635
1725515100000,51719,51744.95,51695,51718.05,76005,2402730
1725518700000,51718.05,51775,51707.1,51727.75,105480,2399190
1725522300000,51727.75,51749.5,51713.15,51734.05,45375,2396940
1725525900000,51734.05,51756.8,51700,51740,109695,2392695
1725529500000,51744.3,51747.8,51709,51720,100050,2385465
1725594300000,51530,51670,51074.05,51170.4,1072890,2429895
1725597900000,51171.85,51258.1,51033.05,51100,435225,2527410
1725601500000,51097,51146,51040,51121.3,173820,2538540
1725605100000,51117.9,51169.75,50960,51019.6,224310,2557605
1725608700000,51021.9,51037.8,50905.2,50988.95,192300,2584845
1725612300000,50983.55,50990,50610,50763.4,543420,2666490
1725615900000,50763.8,50857.1,50760,50770,193095,2665650
1725853500000,50761,50910,50255.55,50797.45,623565,2518575
1725857100000,50791.35,51030,50742.65,50963.15,257175,2512305
1725860700000,50963.15,51077,50851,50865.85,213060,2515650
1725864300000,50876,50898.55,50768.55,50880,146550,2530695
1725867900000,50882.9,51100,50853.5,51087.95,244560,2498595
1725871500000,51087.95,51330,51043.5,51261,541770,2436195
1725875100000,51267.3,51300,51233.7,51293.8,190275,2396010
1725939900000,51403.2,51427.4,51135.05,51210.85,531930,2440350
1725943500000,51205.6,51334,51192.55,51280.7,180330,2452170
1725947100000,51284,51390,51268.05,51359,147450,2440830
1725950700000,51358.95,51415,51317.1,51401.35,153945,2418525
1725954300000,51400.05,51496,51370,51428.45,278880,2388345
1725957900000,51428.45,51449,51259.2,51380.1,285225,2400660
1725961500000,51380,51400,51366,51385,113070,2394390
1726026300000,51300,51438.6,51200,51376.65,478020,2383110
1726029900000,51376.65,51519,51335.45,51446.25,318525,2381580
1726033500000,51450.5,51450.5,51200.5,51319,238260,2385060
1726037100000,51322.55,51340,51228,51282.55,121395,2387895
1726040700000,51275,51325,51180,51195,249795,2441235
1726044300000,51195,51244.5,51086.7,51101.6,445995,2492445
1726047900000,51107.5,51150.35,51098.35,51135,103680,2485620
1726112700000,51320,51397,51240,51289.3,461550,2425575
1726116300000,51286,51324.95,51240,51299.95,100725,2423385
1726119900000,51302.65,51340,51150,51318.6,175530,2401800
1726123500000,51317.7,51349,51252.75,51305.95,92115,2397705
1726127100000,51305.95,51590,51288,51559.75,465645,2319495
1726130700000,51570.15,51880,51551.85,51827.25,962790,2220330
1726134300000,51815.75,51830.45,51650,51711,215880,2207670
1726199100000,51944.7,51944.7,51692,51720.25,410205,2239365
1726202700000,51720,51973.8,51718.8,51925.05,283350,2214120
1726206300000,51930.3,51944,51792.6,51930,181290,2252850
1726209900000,51927.6,52015.4,51886.25,51999,238800,2275020
1726213500000,51998.15,52044,51851,52007,170850,2235045
1726217100000,52008.8,52029.95,51880,51945,245100,2265060
1726220700000,51945.05,51954.5,51907.25,51925,108195,2236725
1726458300000,51970,52271.55,51970,52225,522435,2199300
1726461900000,52221.1,52276.95,52163.45,52195,172080,2173245
1726465500000,52195,52222.2,52116.2,52160,105300,2153340
1726469100000,52151,52235.5,52101.5,52219.9,127470,2161770
1726472700000,52220,52299,52219.35,52274.5,170580,2170770
1726476300000,52274.5,52299,52230.45,52255,123840,2145780
1726479900000,52253.45,52270,52253,52265,85245,2133090
1726544700000,52271.5,52345,52185,52248.45,354255,2108580
1726548300000,52240.35,52315,52222,52273.95,108660,2099925
1726551900000,52273.95,52350,52268.55,52300,134595,2091855
1726555500000,52298.6,52357.5,52298.05,52331.1,108030,2091285
1726559100000,52339,52347.15,52308.55,52329.75,70230,2085855
1726562700000,52328.3,52336.4,52290,52305,139170,2057040
1726566300000,52305.05,52308.85,52271.95,52275,112590,2027895
1726631100000,52205.15,52530,52205.15,52491.45,487980,2029350
1726634700000,52487.6,52790,52475.1,52708,438060,2038050
1726638300000,52708,52832,52685,52811.55,235920,2052045
1726641900000,52812,52999,52786,52830,521025,2115855
1726645500000,52832.35,52866,52701,52838.3,330705,2081175
1726649100000,52842.2,52896.7,52763.25,52796.05,401370,2020995
1726652700000,52796.5,52808,52686.05,52700,317085,1985805
1726717500000,52849,53447.05,52849,53085,887220,1954125
1726721100000,53085,53260,53040.75,53199.9,170850,1945155
1726724700000,53200,53210,52833.15,53026.35,400395,1967445
1726728300000,53024.5,53199,52983.6,53065.85,199155,1970550
1726731900000,53057,53141.75,53006.55,53093.05,92745,1986630
1726735500000,53093,53207.1,53036.6,53193.35,158970,1977720
1726739100000,53192.05,53204,53135,53184.65,103725,1962240
1726803900000,53325.15,53404.1,53091,53325.2,494070,1943700
1726807500000,53329.55,53467.5,53265.05,53443,319905,1947765
1726811100000,53443,53600,53378.35,53532.3,251430,1940040
1726814700000,53535,53604.65,53479.25,53544.95,214335,1948545
1726818300000,53550,53572,53141.9,53335.05,490560,1901790
1726821900000,53332.95,53640,53222,53640,421395,1901505
1726825500000,53638.4,53643.95,53522.2,53596,223020,1920750
1727063100000,53900.05,53987.8,53661,53921,474360,1797255
1727066700000,53927,53960.8,53850,53936,207495,1844250
1727070300000,53936,53965,53890,53938.8,140595,1753635
1727073900000,53933.5,54066,53906.35,54032.2,249195,1721265
1727077500000,54032.2,54108,54016.75,54089,184740,1712175
1727081100000,54090,54252.1,54021.35,54049.05,333510,1698105
1727084700000,54047.45,54109.9,54047.45,54070,100350,1685370
1727149500000,54058,54194,53980.4,54116.25,365055,1549845
1727153100000,54118.8,54170,53954,54015.9,237435,1480245
1727156700000,54009.05,54095.55,53960,54084.4,138210,1480335
1727160300000,54080,54180.2,54073.85,54139.3,131310,1490490
1727163900000,54142.55,54200,54102.05,54155.25,141135,1486230
1727167500000,54150,54195.35,53968,54022.6,278805,1491630
1727171100000,54022.5,54067.4,54011.05,54011.05,79425,1493730
1727235900000,53897.3,54055.9,53871.05,53966.85,300825,1246200
1727239500000,53966.85,54109,53953.1,54015,171675,1240950
1727243100000,54015,54060,53983.7,54025.05,130875,1209525
1727246700000,54025,54085.95,54015.35,54062.2,429405,1254600
1727250300000,54062.2,54104.5,54052.1,54081.1,125340,1215045
1727253900000,54081.1,54115.25,54051,54108.3,284265,1109280
1727257500000,54108.3,54109.95,54093.8,54109.2,116625,1052715
1727322300000,54280,54475.4,54280,54396.3,326280,1861170
1727325900000,54405.3,54450,54380.55,54420.05,90765,1861500
1727329500000,54413,54494.05,54386.05,54480.75,118155,1855965
1727333100000,54478,54499,54398,54429.95,111150,1869015
1727336700000,54418.35,54469,54372,54434.9,95520,1875210
1727340300000,54439.15,54640,54433.6,54545,460320,1901070
1727343900000,54541.05,54553.2,54489.55,54498,120540,1914510
1727408700000,54503,54587.1,54464.75,54541,332640,1925220
1727412300000,54541,54579,54467.85,54492.9,152670,1929690
1727415900000,54497.55,54497.55,54422.65,54460.5,137805,1933875
1727419500000,54459.15,54471.45,54228.05,54251.15,329400,1905330
1727423100000,54250.1,54313.2,54125,54225.65,342330,1916520
1727426700000,54225.65,54300,54150,54207.4,224040,1898985
1727430300000,54215.8,54255,54200,54204.1,113910,1907970
1727667900000,54000,54042.4,53451.15,53600,955485,1792095
1727671500000,53599.95,53713,53561,53625.2,235110,1790370
1727675100000,53625.2,53670.45,53500,53529.3,193635,1792455
1727678700000,53529.3,53570,53460,53489.85,150810,1811730
1727682300000,53494.2,53514.55,53366,53434.45,250710,1834890
1727685900000,53425,53506.25,53384.95,53452,286560,1861815
1727689500000,53453,53475,53420,53420,147735,1861050
1727754300000,53388.95,53645,53332.5,53399.55,498165,1855485
1727757900000,53399.55,53478.45,53252,53423.5,304890,1863840
1727761500000,53415,53551.85,53400.8,53446.55,200310,1878450
1727765100000,53463.2,53489.7,53380.95,53435.7,151515,1913160
1727768700000,53435.7,53468,53390,53409.1,153255,1954230
1727772300000,53409.1,53443.95,53330.25,53379.65,316935,2022465
1727775900000,53372,53392,53364.7,53391.85,121695,2024715
1727927100000,52905.4,53050,52750,52806.65,755010,2085000
1727930700000,52806.65,52873,52700,52800.1,261045,2162625
1727934300000,52800.1,52810,52630,52683.15,284640,2272005
1727937900000,52677,52687,52404.3,52440.2,326205,2364600
1727941500000,52440,52468.3,52190,52305.1,429090,2491155
1727945100000,52303.55,52488.6,52200,52391,336915,2541825
1727948700000,52390,52410,52339.55,52405.9,157065,2536140
1728013500000,52264.8,52570,52162,52369.7,738315,2568405
1728017100000,52361.1,52693,52280,52640.4,404925,2571990
1728020700000,52636,52740,52500.05,52737.95,225330,2570850
1728024300000,52737.95,52741,52165.5,52225,458265,2584350
1728027900000,52230,52257.85,51910,51999,451590,2651220
1728031500000,52000,52056,51771.2,51884.55,360120,2672145
1728035100000,51882.3,51936.1,51867.1,51900,143670,2653260
1728272700000,51999,52140,51868,51995.95,428160,2624820
1728276300000,51995.1,52030,51533.6,51625,348450,2665125
1728279900000,51625,51998.25,51460.1,51561,401235,2681835
1728283500000,51561,51709.95,51160,51232.95,405420,2732400
1728287100000,51232.25,51305,50696.2,51069.95,732780,2807865
1728290700000,51069.9,51785.3,50829.95,50900,1292580,3039855
1728294300000,50908.7,51117.45,50894.7,51057.9,264690,3127935
1728359100000,51132.05,51411,50878.05,51200.05,660165,3050415
1728362700000,51188.15,51504,51150,51436.35,399435,3004290
1728366300000,51440,51528,51301.95,51396.7,185850,2987535
1728369900000,51396.7,51529.95,51252.8,51472.95,192975,2994225
1728373500000,51458.95,51532,51380,51521.95,183555,3018045
1728377100000,51521.95,51559,51270,51390,256170,3006570
1728380700000,51380.05,51442.6,51375,51402.6,76470,2998575
1728445500000,51460,51939,51311.3,51921.3,843120,3067215
1728449100000,51918.15,52037,51539.65,51833,746100,3103815
1728452700000,51833,51869.95,51401.5,51455.1,492510,3032205
1728456300000,51454.1,51584.8,51413.05,51421.7,214575,3046485
1728459900000,51420.1,51492,51335.35,51426.85,254385,3093480
1728463500000,51426.85,51450.4,51316.15,51387.7,427710,3203985
1728467100000,51387.7,51419.25,51371.7,51400.1,166830,3249105
1728531900000,51510,51778.95,51431,51737.3,476880,3190770
1728535500000,51725.25,51765.95,51590,51600,152685,3183570
1728539100000,51599,51755.5,51555.3,51722.65,119160,3169980
1728542700000,51715,51773,51680,51770,107070,3167100
1728546300000,51770,51897.15,51736.65,51840,230460,3170730
1728549900000,51836.15,51930,51750,51791.5,254790,3124890
1728553500000,51790.35,51810,51750.5,51790.2,84690,3107025
1728618300000,51897,51897,51600,51816.6,331680,3116610
1728621900000,51812.5,51816,51394.95,51433.3,347010,3142245
1728625500000,51425,51465,51219.1,51331.2,422100,3193410
1728629100000,51337.95,51433.9,51307.3,51400.55,124800,3203130
1728632700000,51410.05,51513.05,51340,51410,131700,3201585
1728636300000,51409.85,51442.5,51340,51352.25,138225,3193935
1728639900000,51352.45,51407.6,51351,51391.05,127440,3178065
1728877500000,51469.95,51946,51426.4,51841.85,723495,3066180
1728881100000,51850,51988,51840.15,51963.15,201330,3060000
1728884700000,51962,52055,51919.05,51960,203040,3057120
1728888300000,51969,51990,51880.6,51911,105615,3048360
1728891900000,51911,52021.8,51905,52000,124875,3038325
1728895500000,51995.5,52089,51970,52012.05,239250,3026055
1728899100000,52022.15,52098.5,52006.35,52080.35,177750,2965530
1728963900000,52176,52241,51910.2,51989.95,537030,2920545
1728967500000,51989.95,52183.8,51940,52016.95,211770,2925945
1728971100000,52015.75,52109,51926.2,52084.6,155355,2932395
1728974700000,52071.7,52145,52010.85,52025,105120,2936715
1728978300000,52030.3,52135,52020,52100,82920,2940735
1728981900000,52100,52115.95,52002,52099.8,122175,2936595
1728985500000,52100,52150,52088,52145,89160,2919120
1729050300000,51944.7,52250,51944.7,52156.15,404235,2925735
1729053900000,52146.6,52175,52092.45,52107.25,99855,2923335
1729057500000,52110.05,52115,52027,52079.3,169935,2939355
1729061100000,52075.1,52125,52053.5,52121.7,81075,2922405
1729064700000,52121.7,52124.6,52047.7,52106.95,105060,2928480
1729068300000,52111.95,52142.3,52012.5,52037.05,216360,2938350
1729071900000,52053.55,52053.95,52023,52025.65,88650,2938470
1729136700000,52099.95,52160,51520,51582.95,780030,2971800
1729140300000,51582.95,51639,51411,51455,301815,3006600
1729143900000,51456.6,51509.5,51314.65,51478.65,265320,3066705
1729147500000,51478.65,51537.85,51369.05,51416,120060,3068355
1729151100000,51407.5,51483.9,51350,51428,111945,3075090
1729154700000,51428,51481.45,51377.8,51474.5,112185,3055275
1729158300000,51474,51570,51470,51470,125415,3035670
1729223100000,51400,51802.45,51185.5,51785.5,660060,2942355
1729226700000,51790.7,51880.15,51681,51736,290280,2933760
1729230300000,51747.35,52073.05,51700,51982.8,351420,2876970
1729233900000,51981.2,52170,51979.65,52089,293550,2833710
1729237500000,52084.15,52420,52080,52341.5,435285,2797530
1729241100000,52339.45,52415.5,52241,52270,336540,2705640
1729244700000,52272.95,52360.05,52263.45,52360,183180,2658360
1729482300000,52462.05,52665,52073.05,52266.65,921195,2565810
1729485900000,52266.55,52361.4,52152,52217.65,193020,2566050
1729489500000,52217.65,52236.95,51980,51980,207540,2568585
1729493100000,51980,52105.55,51936.05,52051.3,142065,2565915
1729496700000,52054.3,52250,52050,52115.15,240945,2547180
1729500300000,52102,52194,51998.3,52060.2,155865,2529900
1729503900000,52060.7,52070.6,51990,52003.5,97545,2524995
1729568700000,52105.3,52350,51942.4,52160,387030,2497485
1729572300000,52150,52180.45,51801,52028.3,359295,2501235
1729575900000,52022.45,52033.95,51680.3,51763.75,354780,2519070
1729579500000,51757.4,51886.75,51584,51655.95,293955,2561295
1729583100000,51646.75,51783.15,51575.05,51783,172365,2580870
1729586700000,51783,51784,51365.65,51385.6,387375,2636430
1729590300000,51397,51439.75,51384.15,51397.8,168720,2643330
1729655100000,51305.35,51644,51218.4,51410.7,609315,2536470
1729658700000,51410,51496.5,51283.05,51366.65,223575,2524725
1729662300000,51366.65,51419,51265.5,51321.15,132540,2506590
1729665900000,51321.15,51371.05,51276.5,51324,159900,2508765
1729669500000,51320.1,51392.25,51291,51328.1,146715,2504295
1729673100000,51328.1,51410,51269.3,51349,198015,2473125
1729676700000,51348.75,51364.05,51316.6,51362.05,103530,2465265
1729741500000,51399.9,51794.95,51271,51748,680130,2354760
1729745100000,51748.05,51896.9,51637.25,51657,367665,2336880
1729748700000,51660,51788.85,51647.4,51692,162660,2315805
1729752300000,51693.15,51726.1,51570.05,51643.4,132435,2303310
1729755900000,51632.65,51700,51575,51663,178650,2321430
1729759500000,51663,51692.1,51459.6,51624.15,321495,2347890
1729763100000,51624.15,51689.95,51617.85,51689.75,74340,2357700
1729827900000,51544.7,51633.7,50615,50665.05,1075365,2439750
1729831500000,50672.6,50794,50513,50590.45,523965,2598465
1729835100000,50586.9,50770,50580,50675.6,234450,2585205
1729838700000,50675.6,50715,50571.2,50690,127500,2589375
1729842300000,50690,50713.95,50462.8,50480.6,142185,2537940
1729845900000,50480.6,50889.9,50374.75,50849,471630,2411565
1729849500000,50857,50933.4,50855.2,50885,190500,2342205
1730087100000,51105.3,51500,51014.5,51460,768105,1964820
1730090700000,51457.9,51597.7,51248.1,51371.15,438195,1998435
1730094300000,51371.7,51575,51300,51574.95,261060,2038050
1730097900000,51570,51588,51355.15,51433,240690,2081805
1730101500000,51435,51499,51318,51341,132390,2102190
1730105100000,51348,51403,51216.4,51374.95,315855,2101485
1730108700000,51381.9,51420,51347,51400,87000,2084880
1730173500000,51405.05,51547.95,51297.55,51529.95,373905,1905990
1730177100000,51530,51579,51350,51487.9,263055,1885005
1730180700000,51491.05,51775.45,51396.55,51770,317190,1899360
1730184300000,51774.4,51880,51712.1,51868.7,259365,1896210
1730187900000,51863.15,52235,51772,52214.35,483600,1873800
1730191500000,52216.15,52332.95,52160,52310.05,346320,1727970
1730195100000,52316.65,52319.55,52273.3,52310.65,380985,1660830
1730259900000,52149.95,52244,51793.75,51900.15,537840,1441950
1730263500000,51900.15,52095,51712.1,51919.75,310620,1433190
1730267100000,51915,52038.85,51881,51951,105630,1441230
1730270700000,51948,52197.2,51917.75,51957.2,174660,1419930
1730274300000,51957.2,51963.9,51800.6,51810.3,151845,1320300
1730277900000,51810,51849,51775,51793.95,311385,1261710
1730281500000,51794.5,51806.4,51785,51805.25,220455,1205430
1730346300000,52201.85,52440,52100.25,52306.2,534210,2350110
1730349900000,52303.1,52325,52156.25,52165.45,161175,2401785
1730353500000,52169.95,52209.95,52060,52064,214650,2434770
1730357100000,52064,52085.25,51756.05,51875,372675,2493660
1730360700000,51874,51974.9,51750,51753.65,178740,2547090
1730364300000,51753.8,51940,51704,51917,262305,2632410
1730367900000,51917,52035.6,51917,52034.2,171450,2643600
1730461500000,51995,52075,51936.25,52000,116070,2646240
1730465100000,51985.25,52011.2,51903,51925.8,158580,2652885
1730691900000,51950,51993.9,51529.9,51565.75,578910,2741835
1730695500000,51566.15,51633,51288.1,51348,333735,2766420
1730699100000,51336.45,51443.55,51300,51327.2,243795,2782320
1730702700000,51327.2,51425,51301.65,51418.9,91215,2796960
1730706300000,51421,51525,51371.3,51519.7,131625,2782005
1730709900000,51504,51597.75,51450,51557.15,182955,2737020
1730713500000,51560,51569.9,51522,51540,65475,2735055
1730778300000,51500,51617,51325,51536,316155,2741025
1730781900000,51521.9,51766,51372.5,51557,299910,2732445
1730785500000,51563.6,51600,51217.9,51382.9,306345,2781495
1730789100000,51371.55,51554.65,51295,51435,141045,2800575
1730792700000,51435,52350,51422.05,52320.95,941010,2680650
1730796300000,52320,52465.8,52269.8,52390,608175,2551665
1730799900000,52382.15,52397.95,52325.4,52333,157650,2536545
1730864700000,52588,52737,52512.6,52590.1,570195,2566680
1730868300000,52594,52625,52437.5,52549.6,204030,2586900
1730871900000,52549.6,52706.9,52545.05,52650,180735,2576685
1730875500000,52644.95,52674,52600,52618,81420,2582280
1730879100000,52618,52660,52570.3,52640,123795,2592855
1730882700000,52641,52739.9,52560.3,52630,382035,2617170
1730886300000,52623.25,52680,52623,52678,122280,2605500
1730951100000,52544.7,52630,52072.85,52158.95,647250,2597355
1730954700000,52157.95,52413.85,52035.05,52253.2,358500,2614005
1730958300000,52254.3,52268.75,52055,52171.7,154710,2630010
1730961900000,52171.7,52375,52115.05,52375,130110,2626935
1730965500000,52367,52375,52148.9,52246.45,113355,2623065
1730969100000,52255.2,52298,52157.65,52157.65,102480,2622360
1730972700000,52160.9,52224.95,52160,52175,88455,2620500
1731037500000,52110.05,52275,51851,52084,472800,2593815
1731041100000,52089.4,52121,51805,51920,260040,2635410
1731044700000,51906,51932.35,51705,51751.1,217095,2681565
1731048300000,51750.65,51980,51750.15,51980,126360,2672010
1731051900000,51985.1,52120,51850,51856.9,245175,2669610
1731055500000,51856.85,51925,51723.6,51779,209595,2669190
1731059100000,51788.1,51820.25,51737.35,51759,110310,2684280
1731296700000,51605.4,51882,51519.35,51770,438540,2701125
1731300300000,51770,52320,51741,52300.35,471555,2689620
1731303900000,52316.95,52388,52233.9,52285.6,246270,2660745
1731307500000,52288.65,52315,52143.15,52259.9,124500,2656485
1731311100000,52259.9,52288.9,52033.1,52059.3,187080,2641545
1731314700000,52055.05,52159.9,51976.3,52140,197895,2650920
1731318300000,52140,52154,52050.3,52060.1,64800,2646300
1731383100000,52162.1,52349,51975,52142,433710,2611770
1731386700000,52153.1,52195,51811.55,51974.95,274695,2634900
1731390300000,51974.55,52055,51874.1,51915,137430,2644005
1731393900000,51909.9,51948.95,51439.75,51504.95,589005,2775930
1731397500000,51512.55,51577.35,51352.55,51460.5,313860,2864910
1731401100000,51460.5,51537,51275.55,51329.85,340020,2976375
1731404700000,51339,51410,51334.55,51334.55,156795,3002670
1731469500000,51199.9,51464,51020,51055,632265,2988270
1731473100000,51050,51214.5,50880.35,50885.05,410925,2967240
1731476700000,50894.05,50928,50792.3,50839,223815,2941080
1731480300000,50839,50973.35,50807.2,50848.55,125970,2927175
1731483900000,50848.55,51018.85,50674,50727.9,261600,2880165
1731487500000,50739,50740.3,50164.05,50322.85,928275,2968050
1731491100000,50325,50564.95,50322.35,50496.05,258240,2981250
1731555900000,50386.4,50732.55,50345.65,50614.85,531345,2919315
1731559500000,50634.45,50710,50066.25,50100,347865,2931300
1731563100000,50111.4,50505.95,50097.3,50505.65,216915,2941500
1731566700000,50500.05,50508.95,50265.2,50407.35,210030,2942535
1731570300000,50407.35,50479.2,50236.75,50309.15,178650,2977140
1731573900000,50309.15,50386.25,50185,50291.05,191040,2926740
1731577500000,50289.8,50339.5,50282,50338.4,86580,2899080
1731901500000,50299.95,50460,50125,50325,433605,2913345
1731905100000,50312.35,50419,50230,50300.2,141000,2926980
1731908700000,50304.35,50488,50285.9,50461.5,135615,2925885
1731912300000,50469.85,50560,50405,50479.8,170745,2936685
1731915900000,50474.7,50490,50400,50440,97635,2917545
1731919500000,50445.35,50450,50339,50436.6,154455,2884350
1731923100000,50428.3,50507,50401.4,50408,70170,2863695
1731987900000,50555.55,50940,50520.2,50855.1,609645,2845500
1731991500000,50844.45,51017.95,50826.85,50999,261555,2805915
1731995100000,51000,51063,50911,50968,174705,2766360
1731998700000,50968,51035,50921.05,51029.95,84495,2749560
1732002300000,51034.85,51070.25,50845.25,50877.9,155355,2744880
1732005900000,50890,50939.75,50555.05,50577.4,676740,2740560
1732009500000,50579.8,50615.9,50465.1,50470.15,267915,2790705
1732160700000,50500.05,50579.95,49817.3,50048.05,958890,2747655
1732164300000,50050,50268.55,49999,50190.25,248715,2702355
1732167900000,50190.25,50605.4,50182.05,50504.7,346710,2663535
1732171500000,50518.6,50598,50180.3,50379,269865,2670060
1732175100000,50377.7,50538.9,50340,50451.95,131775,2657460
1732178700000,50435.35,50520,50245,50375,215325,2646660
1732182300000,50364.4,50495.75,50349.9,50470,116865,2612280
1732247100000,50580,51030.35,50523.2,50955.1,786210,2570250
1732250700000,50956,50983.35,50650,50730.05,218325,2584815
1732254300000,50734.15,51090,50693,50985.15,243750,2621760
1732257900000,50987.05,51083.75,50932.45,51003.85,171675,2631420
1732261500000,51003.85,51253.9,50910.05,51167,409530,2670510
1732265100000,51160,51280,51033.25,51098.4,397050,2649150
1732268700000,51087.35,51130.7,51002.1,51129.9,132180,2629260
1732506300000,52000,52272,51720,52092,998895,2050665
1732509900000,52107.3,52290,52100.1,52231.85,227775,2030115
1732513500000,52231.85,52290,52138.75,52227.85,125715,2009700
1732517100000,52229.4,52235,51938.8,52046.25,215415,1953615
1732520700000,52044.5,52150,52001,52044.8,169050,1914180
1732524300000,52050,52189.55,52015,52165.8,201375,1875540
1732527900000,52165.8,52219,52148,52194.8,237705,1939530
1732592700000,52399,52400.15,52099.6,52233.25,392775,1660980
1732596300000,52233.25,52233.25,51980.1,52071.6,242535,1721295
1732599900000,52066.1,52182.85,52039.05,52130.4,111195,1737345
1732603500000,52130.4,52195.6,52081,52109.65,89715,1753395
1732607100000,52111.1,52170,52083,52140.45,94500,1763805
1732610700000,52141,52323.1,52135.35,52250,316050,1621380
1732614300000,52250,52250,52186,52186,93930,1603020
1732679100000,52217.95,52323,52029.75,52145,361770,1328175
1732682700000,52140.9,52221,52048,52152,161970,1335960
1732686300000,52154.05,52417,52141.05,52362.45,227235,1280130
1732689900000,52373.75,52465,52348.8,52403.5,332940,1085760
1732693500000,52400,52429.95,52355.35,52362.3,168015,1044420
1732697100000,52363.65,52398,52291.6,52305.15,321045,919650
1732700700000,52308,52310.95,52296.95,52304,133665,828045
1732765500000,52689.95,53093,52630.05,53026,700425,2096610
1732769100000,53026,53035,52450,52530,663150,2097930
1732772700000,52512.55,52603,52380.45,52503,322095,2134275
1732776300000,52486.25,52573.25,52240,52262.1,273225,2152110
1732779900000,52260.65,52493,52200,52291.55,282495,2161995
1732783500000,52291.55,52370,52211,52335.6,254700,2165025
1732787100000,52333.25,52375,52325,52340,132240,2153880
1732851900000,52389.85,52486.45,52175,52175,374385,2150820
1732855500000,52164,52383.2,52076.85,52280,323940,2174640
1732859100000,52280,52329,52035.45,52192.55,212505,2193435
1732862700000,52180.6,52226,52102,52202.7,102510,2225190
1732866300000,52203.3,52442,52168.1,52287,243795,2258295
1732869900000,52287,52429.45,52254,52343.4,174285,2255010
1732873500000,52343.4,52385,52343.4,52364.65,88770,2237160
1733111100000,52340,52399,52000,52110,486045,2284560
1733114700000,52105,52225,52036,52123,163290,2297955
1733118300000,52130,52181,52060.45,52086.35,75810,2315430
1733121900000,52085,52224,52085,52137.55,109380,2325285
1733125500000,52137.5,52348,52101.2,52335.8,170955,2322645
1733129100000,52331.95,52499,52325.2,52427.5,310230,2335755
1733132700000,52423.5,52432.15,52329.65,52395,86655,2357985
1733197500000,52515,52758.35,52452.2,52733.9,573240,2371785
1733201100000,52733.9,52924,52721.55,52898.5,339345,2418075
1733204700000,52900,52959.75,52810,52838,204750,2418315
1733208300000,52835,52918,52774,52867,130155,2386200
1733211900000,52872.25,52950,52841.55,52904.25,212715,2371620
1733215500000,52914.3,52992,52825,52856.3,263490,2369430
1733219100000,52854.3,52889,52840,52888.85,98340,2359170
1733283900000,52855.3,53245.95,52850,53199.95,472815,2342445
1733287500000,53199.95,53310,53072.7,53260.35,272640,2384850
1733291100000,53270,53339.6,53022.65,53140.85,298725,2388360
1733294700000,53130,53247,53100,53245.15,117465,2399160
1733298300000,53248.95,53511,53239.2,53500,285630,2401215
1733301900000,53500,53533,53332,53374.9,303780,2416650
1733305500000,53388.25,53408,53361,53393.2,124710,2434350
1733370300000,53459.95,53472.55,53203.3,53203.3,370800,2297085
1733373900000,53218,53320,53060.05,53135.35,308835,2274120
1733377500000,53135.1,53637.2,53101,53615.05,358320,2292420
1733381100000,53625,53806.5,53619,53770,332490,2257275
1733384700000,53765,53838.85,53625,53819.7,184110,2235120
1733388300000,53810.35,53950,53477.6,53720,600870,2251590
1733391900000,53725.95,53730.6,53680,53700,102885,2274090
1733456700000,53700,53791.4,53203,53445.55,710400,2237295
1733460300000,53445.55,53995,53289.3,53829,1103985,2421855
1733463900000,53829,53862.7,53675.4,53783.95,217185,2416260
1733467500000,53784,53848.8,53720.4,53817.15,100410,2401230
1733471100000,53800.95,53820.45,53745,53782.25,78975,2405805
1733474700000,53770.9,53785,53661.75,53736.05,163050,2432010
1733478300000,53730,53788,53690,53690,97410,2406930
1733715900000,53599.95,53779.75,53465,53524.75,416910,2389980
1733719500000,53512.75,53725,53511.7,53722.2,166455,2409840
1733723100000,53715,53900,53705,53772.8,270705,2409390
1733726700000,53775.75,53800,53651,53760.85,110895,2425245
1733730300000,53760.85,53790,53584.45,53635,97350,2421165
1733733900000,53632.65,53686.8,53480,53502.05,241635,2421735
1733737500000,53513.95,53585,53505.85,53535.85,99315,2390775
1733802300000,53605.3,53734,53475,53670,275775,2388390
1733805900000,53673.45,53673.45,53530,53644,108345,2399115
1733809500000,53649,53708.65,53617.3,53652.4,101970,2411340
1733813100000,53652.4,53652.4,53409.2,53524.4,231660,2409765
1733816700000,53538.3,53569.9,53439.55,53536.65,78195,2413695
1733820300000,53535.25,53749,53505,53694.4,235395,2401110
1733823900000,53680.85,53709,53665,53704,103125,2391720
1733888700000,53605,53670,53479.45,53539.25,372945,2458335
1733892300000,53533,53699,53456,53654,177345,2453100
1733895900000,53664.95,53799,53626.5,53741.35,200775,2430210
1733899500000,53746.3,53751.25,53575.75,53635,120795,2435160
1733903100000,53626,53716.35,53608.9,53655.2,67290,2422890
1733906700000,53655.2,53685.95,53512.7,53579,205590,2406690
1733910300000,53571.05,53599,53550,53550.2,68160,2386965
1733975100000,53399.55,53699,53399.55,53537.55,280425,2388750
1733978700000,53545.6,53614,53512.05,53573.65,84300,2372025
1733982300000,53573.65,53594.7,53400,53437.55,179115,2357025
1733985900000,53418.05,53481.05,53366,53422.3,161100,2353710
1733989500000,53422.3,53454,53360.5,53434.85,118560,2336610
1733993100000,53437.95,53482,53392,53444,104010,2314515
1733996700000,53440.05,53475,53425,53427.25,84120,2288490
1734061500000,53344,53350,52761.5,52790.5,867855,2326200
1734065100000,52795,52795,52380.1,52575,636675,2411955
1734068700000,52571,53200,52521.1,53085.05,552780,2309595
1734072300000,53099.9,53397.25,53025,53288.85,465315,2231265
1734075900000,53300,53493,53160,53404.05,351165,2202030
1734079500000,53409.1,53664,53395.3,53645,376740,2235165
1734083100000,53640,53675,53591.05,53657.5,197280,2263950
1734320700000,53600,53825,53505,53716.1,457785,2267355
1734324300000,53705.75,53710.8,53500,53508.3,213030,2276595
1734327900000,53509.5,53600,53460.4,53489.7,178230,2280915
1734331500000,53486.25,53663,53480,53650,132765,2276325
1734335100000,53650.45,53766.15,53636,53700,189300,2255205
1734338700000,53700,53800,53645,53691,155280,2230995
1734342300000,53691,53729.75,53650.05,53660,63540,2213640
1734407100000,53484,53657.95,53276,53335,463485,2245830
1734410700000,53325,53399,53072.05,53310.95,499590,2294385
1734414300000,53296.1,53331,52934,52971.55,367965,2316195
1734417900000,52967.3,53144,52890,52959.9,252630,2320050
1734421500000,52956.5,53044.5,52850.45,52939.5,231690,2334570
1734425100000,52939.5,53094.25,52851.7,52977.5,251835,2300910
1734428700000,52985,53040,52950,52964.7,133500,2255100
1734493500000,52900,52976,52526.1,52545.2,709410,2312955
1734497100000,52532.55,52671.1,52355,52437.65,418110,2364720
1734500700000,52449,52470.9,52285,52339.25,232110,2394285
1734504300000,52337.25,52438.2,52255,52418.65,272460,2419590
1734507900000,52418.65,52458.9,52205,52222.05,206025,2442840
1734511500000,52222,52286.65,52112.3,52219.1,309870,2449605
1734515100000,52220,52380,52220,52315,175335,2361255
1734579900000,51670.3,51777,51400,51540.1,824385,2311725
1734583500000,51549.95,51684.8,51481.5,51605.05,208290,2357385
1734587100000,51611.95,51932,51611.95,51829.9,236865,2316300
1734590700000,51825.6,51840,51735,51767.5,70275,2329290
1734594300000,51762.2,51762.2,51585.35,51690,136485,2346270
1734597900000,51690,51799.95,51630.1,51753.85,171585,2331255
1734601500000,51761.95,51790,51715.8,51763.4,112380,2315265
1734666300000,51621,51721.25,51200,51275,629265,2288460
1734669900000,51270,51549,51250,51505.8,260550,2253870
1734673500000,51510.95,51566.85,51396.65,51425,152220,2241330
1734677100000,51417,51424.5,51150,51204.35,266010,2288625
1734680700000,51199,51284,50886.05,50920.25,387810,2268855
1734684300000,50920.7,51027.9,50622.4,50680.05,391335,2270520
1734687900000,50695,50853,50691.85,50832.25,174930,2193795
1734925500000,51002.1,51439.3,51000.15,51385.25,617460,1897110
1734929100000,51385.25,51483.85,51336,51412.4,188535,1879890
1734932700000,51412.4,51444.05,51272,51322.25,183705,1887600
1734936300000,51330.85,51349.95,51152.8,51190.8,170445,1885305
1734939900000,51195.45,51299.55,51176.6,51250,136380,1852020
1734943500000,51246.2,51344.1,51238.8,51300.9,248610,1787235
1734947100000,51300.55,51318.4,51281.65,51300.3,83235,1759890
1735011900000,51333.35,51347.7,51118.5,51216.9,275430,1423140
1735015500000,51216.95,51260,51175.2,51229,153420,1419435
1735019100000,51229,51280.8,51180,51223.85,131310,1398225
1735022700000,51223.85,51300,51203.6,51248.5,168090,1373850
1735026300000,51249,51277.8,51201,51261,205890,1354170
1735029900000,51262,51268,51211.8,51220.15,328125,1264440
1735033500000,51219.45,51238,51219.45,51229.8,134835,1208310
1735184700000,51850.05,52185.95,51652,51694.7,572490,2077440
1735188300000,51677.85,51776.55,51430.35,51654.95,330450,2132085
1735191900000,51656.85,51732.95,51516,51524.1,113010,2140260
1735195500000,51524.1,51562.9,51432.15,51498.6,105615,2146320
1735199100000,51503.85,51549.95,51335,51522,140325,2159550
1735202700000,51536.05,51588,51467.55,51557.55,111330,2165280
1735206300000,51571.2,51609.4,51566.8,51599,86685,2165145
1735271100000,51601.6,52018,51520,51990,434820,2114625
1735274700000,51996.2,52014.15,51851,51950,143235,2111760
1735278300000,51950,51950,51705.15,51709,136875,2110425
1735281900000,51700,51730.75,51601,51690.05,139860,2113635
1735285500000,51686.15,51775,51665.15,51715,57270,2112645
1735289100000,51711.2,51762.7,51644.75,51708,75210,2100915
1735292700000,51708,51765.25,51691,51760,64230,2090115
1735530300000,51660,51817.55,51480.05,51784.75,299190,2105970
1735533900000,51795,51910,51726.15,51760.05,154440,2108220
1735537500000,51760,52295,51743.2,52242.15,387780,2098530
1735541100000,52233.95,52251.8,51615.5,51690,438045,2147145
1735544700000,51677.4,51754.8,51124.9,51166.9,647430,2246475
1735548300000,51166.9,51448.5,51082.1,51369.85,291660,2238345
1735551900000,51365.3,51488.55,51365.3,51414.5,178140,2183670
1735616700000,51084.8,51299.85,51003.4,51085,337845,2245530
1735620300000,51082.1,51345.95,51081,51331.15,167850,2234730
1735623900000,51332.55,51350,51122.5,51158.75,93030,2235660
1735627500000,51158.75,51270,51151.25,51234.8,89535,2237220
1735631100000,51223.75,51370,51218.65,51321,100770,2246340
1735634700000,51321,51334.95,51205,51305.25,117360,2271585
1735638300000,51304.8,51316.2,51267.3,51300.8,104220,2305380
1735703100000,51289.95,51318.75,50850,51167.5,438675,2303865
1735706700000,51180,51575.8,51146,51462.95,377130,2230500
1735710300000,51448.6,51530,51308,51449,154725,2243430
1735713900000,51430.55,51525,51350,51359,85245,2246835
1735717500000,51359,51698,51359,51571.1,201285,2229570
1735721100000,51584.95,51595.95,51362.05,51429.1,132675,2226465
1735724700000,51428.4,51495,51406,51495,56400,2230995
1735789500000,51439.95,51565.95,51329.95,51425,233310,2257065
1735793100000,51431.9,51600,51413.8,51566.4,133140,2259405
1735796700000,51568.9,51642.15,51401,51418.85,164625,2270040
1735800300000,51418.85,51660,51375,51636.95,178215,2277255
1735803900000,51630,51877,51625.45,51796.95,383985,2286765
1735807500000,51797,51938,51790,51860.9,223200,2280435
1735811100000,51857,51875.75,51840,51875.75,108360,2295675
1735875900000,51825.45,51928.75,51480.55,51505.2,441825,2325315
1735879500000,51505.2,51598.95,51360,51514.3,308085,2384415
1735883100000,51514.3,51651,51480,51559.35,170850,2369880
1735886700000,51560,51573,51385,51490,156405,2387745
1735890300000,51481,51515.1,51158.75,51256.9,293550,2422350
1735893900000,51236.7,51353,51182.75,51238.4,217920,2413095
1735897500000,51241.2,51320,51219.15,51246,125205,2404590
1736135100000,51184.9,51286.75,50817,51025,710325,2437230
1736138700000,51023.05,51080,50455.2,50505.2,380475,2474175
1736142300000,50498,50628.95,50222,50433.15,356235,2493330
1736145900000,50432.4,50444.7,50250,50285.8,153990,2538315
1736149500000,50274.8,50274.8,50000,50039.55,345405,2564430
1736153100000,50029.65,50205,50005.5,50094.45,239175,2518710
1736156700000,50105,50210,50103.35,50145.75,112440,2472780
1736221500000,50150,50624,50150,50462.5,536880,2401500
1736225100000,50467.8,50569.95,50371.2,50516.65,181065,2374485
1736228700000,50516.65,50720,50457.25,50575,217575,2378265
1736232300000,50580,50648.9,50530,50560,85080,2383650
1736235900000,50567,50695,50428.25,50525.45,165285,2399700
1736239500000,50525.45,50563.95,50370.1,50433.4,132810,2405610
1736243100000,50433.4,50433.4,50386,50395.5,71235,2391540
1736307900000,50389.8,50462,50227.4,50310,320625,2325600
1736311500000,50316.65,50349.9,49805.05,49886.25,490170,2389065
1736315100000,49878,49987.95,49730,49730,216765,2395065
1736318700000,49730,49824,49625,49659.05,177360,2423730
1736322300000,49658.6,50140,49632.5,50105,334395,2393070
1736325900000,50104.2,50249.9,50035.95,50100,268770,2367315
1736329500000,50091.55,50141.95,50080,50117.8,57090,2356320
1736394300000,49960.3,50018.6,49771.05,49950,254490,2404230
1736397900000,49945.6,49950.25,49501,49560,360795,2484375
1736401500000,49560,49670,49537.35,49605,161475,2512845
1736405100000,49600.4,49765.7,49455.55,49571.55,204555,2537505
1736408700000,49571.5,49756,49550,49729.05,121290,2533320
1736412300000,49730,49800,49650.05,49780.05,174690,2496030
1736415900000,49780.25,49828.9,49770,49794,100575,2480340
1736480700000,49421.6,49716.05,49025,49215.25,657165,2569425
1736484300000,49214.9,49484,49126.9,49484,374415,2555235
1736487900000,49492.2,49574.3,49151,49255.75,297795,2563035
1736491500000,49251.7,49340.1,49129.6,49151.65,139170,2587845
1736495100000,49150.05,49229.65,48967.25,48968.35,232350,2630910
1736498700000,48980,49019,48789,48822.5,298125,2641140
1736502300000,48830,48955.55,48830,48886.65,137760,2596110
1736739900000,48430,48682,48232.2,48679.15,769395,2613720
1736743500000,48700,48822,48540,48706.85,263460,2575530
1736747100000,48706.85,48789.95,48450,48493.7,148890,2581140
1736750700000,48486.85,48555,48333.15,48378.5,113535,2601765
1736754300000,48375,48415,48201,48240,184350,2607450
1736757900000,48227,48283.5,48102,48251.6,308145,2579115
1736761500000,48257.5,48344.25,48241,48242.4,138360,2553915
1736826300000,48424,48860,48351.1,48745.95,508395,2440170
1736829900000,48745.95,48995,48605.7,48984,295230,2436255
1736833500000,48980,48986.1,48680.15,48721.95,158910,2425515
1736837100000,48721.95,48790,48604.85,48769.95,116370,2433945
1736840700000,48765.5,49179.15,48744.05,49146.2,233100,2436915
1736844300000,49157.7,49250,48767,48961.7,361200,2462490
1736847900000,48959.75,49113.45,48931.45,49105,104370,2448825
1736912700000,49120,49219,48800.05,49048.25,287400,2405100
1736916300000,49062,49237.45,49000,49127,188370,2400930
1736919900000,49135,49166,48971,49071.25,87285,2405010
1736923500000,49069.9,49100,48920,48940,85080,2398725
1736927100000,48935,48941.3,48630.15,48737.1,314775,2414895
1736930700000,48737.1,48968.05,48715.25,48870.65,140445,2384115
1736934300000,48874.95,48919,48850,48909,44130,2374395
1736999100000,49300.1,49602.2,49134.75,49397.25,638895,2414685
1737002700000,49399.9,49530,49340.2,49436,145980,2396655
1737006300000,49435,49550,49400.1,49488.55,92385,2394090
1737009900000,49481.85,49670,49425.35,49625,203025,2422095
1737013500000,49640,49642,49524.45,49543.9,92745,2427270
1737017100000,49528.2,49528.2,49289,49432.95,259275,2415915
1737020700000,49433,49519.65,49426.6,49501,84855,2418735
1737085500000,49201,49288.4,48690.9,48725.3,707250,2441835
1737089100000,48726.55,48831,48425,48533.9,469485,2527335
1737092700000,48528.6,48720,48523.45,48661.1,171510,2523720
1737096300000,48661.1,48756.95,48563.6,48585,136560,2524620
1737099900000,48595.2,48664.05,48500,48615,132180,2545545
1737103500000,48610.45,48748,48585.55,48654.6,162285,2524605
1737107100000,48655,48730,48652.65,48704.35,126675,2469840
1737344700000,48902.1,49120,48774.9,49073.8,428520,2347770
1737348300000,49079.25,49200,49050,49180,206970,2352345
1737351900000,49175,49499.95,49174.75,49461.55,404250,2364045
1737355500000,49461.6,49729,49440,49695,400545,2452755
1737359100000,49695,49815,49530.45,49645,224730,2449005
1737362700000,49643,49681,49549.05,49564.45,159480,2434875
1737366300000,49564.05,49568.15,49435.05,49499,144540,2427105
1737431100000,49555.05,49699.95,49090.05,49143.35,461610,2366190
1737434700000,49131.4,49139.35,48806.1,48853.75,367965,2343810
1737438300000,48857.8,49342.05,48805.55,49054.75,366960,2307255
1737441900000,49060.9,49074.1,48760,48980.75,283290,2328645
1737445500000,48985,49010.65,48786,48864.7,109065,2337600
1737449100000,48864.7,48912.05,48606.05,48753.1,378405,2376450
1737452700000,48752.95,48824.5,48752.95,48766.05,113850,2389890
1737517500000,48860.15,48860.15,48541.6,48820,332445,2367450
1737521100000,48831.1,48885.85,48509.65,48559.35,195330,2383185
1737524700000,48556.65,48593,48366,48409,209010,2419185
1737528300000,48415,48459.7,48235.55,48380,221820,2413290
1737531900000,48380,48541.15,48185,48492.85,207195,2409210
1737535500000,48513.75,48950,48479,48941.5,632070,2433270
1737539100000,48940,48947.9,48831.4,48872.15,95820,2370885
1737603900000,48900,48914,48586.45,48899.95,332355,2330055
1737607500000,48896,49022.65,48746.1,48795.4,290955,2362725
1737611100000,48795.25,48850,48625,48689.8,167310,2395035
1737614700000,48689.8,48864.95,48667.6,48800,133800,2427930
1737618300000,48803.4,48884.75,48695.35,48750,132285,2418285
1737621900000,48750,48750,48649.05,48686.65,156285,2398275
1737625500000,48686.7,48720.2,48670,48671,74055,2386395
1737690300000,48750,48774.25,48375,48484.05,397830,2334300
1737693900000,48483.95,48869.55,48385,48849,332310,2305650
1737697500000,48842.65,48950,48705.6,48850,246480,2317875
1737701100000,48850,48900.25,48524,48612.7,241740,2307180
1737704700000,48610.55,48617.55,48405.1,48411.05,223155,2341155
1737708300000,48411,48436.95,48252,48367.95,335730,2359125
1737711900000,48372.05,48424.95,48338.05,48347.9,105930,2307825
1737949500000,47994.7,48349.9,47722.25,48124.4,433635,2285505
1737953100000,48139,48171.15,47923.35,48076.8,258900,2285340
1737956700000,48070,48316.5,48070,48190,213855,2313690
1737960300000,48190,48349,48130,48247.35,213120,2315250
1737963900000,48265.7,48279.35,48060.25,48116.25,161175,2303415
1737967500000,48119,48214.45,47986.95,48126,222435,2276460
1737971100000,48126,48126,48038.8,48049,96885,2266920
1738035900000,48610,48793.75,48417.7,48722,576990,1989600
1738039500000,48723,48882,48709.4,48866.1,288405,1912170
1738043100000,48866.1,49114.85,48831,49096.95,368115,1891080
1738046700000,49099.9,49174.55,49007.3,49163.95,207645,1856820
1738050300000,49163.95,49173,49023.05,49044,184455,1775715
1738053900000,49040.8,49213.95,48728.05,48836.45,378135,1690485
1738057500000,48830.8,48907.35,48804.6,48855.1,102150,1655280
1738122300000,48926.05,49029.8,48865.55,49007.3,305055,1470735
1738125900000,49003.65,49123.6,48971.05,48987.85,202635,1432995
1738129500000,48990,49128,48812.1,49004,205305,1398105
1738133100000,49010,49120,48911,48954.2,148020,1336095
1738136700000,48954.2,49110,48940,49091.65,155055,1258800
1738140300000,49098,49128,49025.8,49090,186315,1228125
1738143900000,49081.5,49120,49032.5,49110,96870,1187955
1738208700000,49080,49249.85,49031.4,49215.05,287670,1007940
1738212300000,49215.05,49337.95,49073.8,49200.05,229425,999105
1738215900000,49203.5,49235,49143.85,49220,101445,987330
1738219500000,49220,49299,49193.35,49283.7,105990,976830
1738223100000,49283.7,49377.7,49257.8,49310.55,181155,953835
1738226700000,49310.1,49326.95,49214.1,49290.5,205830,891570
1738230300000,49290.5,49314.35,49284,49309,116280,865710
1738295100000,49700,49714.95,49364.5,49434.35,477480,2960220
1738298700000,49425.05,49673.9,49408.1,49580.3,283590,2967450
1738302300000,49580.3,49759.9,49504.3,49748.15,184590,2976180
1738305900000,49748.9,49995,49695,49936.95,320280,2996280
1738309500000,49923.25,49988,49627.7,49672.2,395280,3060840
1738313100000,49669.05,49872,49588.1,49845,267540,3147360
1738316700000,49844.05,49900,49835,49882.05,92010,3140850
1738381500000,49720,49995,49720,49954.95,293310,3132510
1738385100000,49954.95,50099.9,49930.15,50097.85,202500,3147960
1738388700000,50091.65,50250,49510,49523.35,857760,3208230
1738392300000,49526.5,49836.95,49151.3,49352,618450,3239820
1738395900000,49355.05,49783,49233,49778.95,502620,3341370
1738399500000,49766.95,49980,49688,49770,331890,3337980
1738403100000,49770.45,49805,49730,49774.95,138150,3334800
1738554300000,49294.7,49541.5,49200,49360,613800,3245100
1738557900000,49360,49566,49330.45,49525.8,187710,3250410
1738561500000,49538.8,49558,49307.2,49470,148470,3243300
1738565100000,49466,49645,49401,49630.1,174210,3236610
1738568700000,49618.45,49640.5,49440.05,49513.3,129390,3220170
1738572300000,49529.8,49589.9,49475,49517.7,102210,3210540
1738575900000,49517.7,49524.9,49480.15,49505.05,53130,3198360
1738640700000,49702.05,50200,49700,50073.05,750660,3083190
1738644300000,50068,50120,49807.85,50013.55,324090,3061260
1738647900000,50013.55,50085.05,49934.3,50020.05,116850,3053580
1738651500000,50023.1,50250,50020,50223.3,308460,3019440
1738655100000,50223.35,50270,50077.6,50120.15,294120,2939070
1738658700000,50110,50360.95,50032.4,50360.95,468360,2828340
1738662300000,50360,50360,50280,50325,156960,2787270
1738727100000,50455.3,50650,50380,50600.9,461010,2721150
1738730700000,50609,50672.8,50505,50545.55,141300,2726430
1738734300000,50545.55,50620.95,50476.6,50506.9,112890,2720190
1738737900000,50506.9,50666,50482,50665,136830,2741700
1738741500000,50664.4,50688.6,50575,50588.05,147300,2737020
1738745100000,50590,50649.9,50525,50554.75,123330,2700090
1738748700000,50542,50549.8,50490.1,50495,83580,2674080
1738813500000,50500,50710.05,50411.1,50500.3,310230,2672910
1738817100000,50511.85,50588.5,50438.05,50480,121380,2684820
1738820700000,50479.55,50505,50351,50500,155430,2673690
1738824300000,50500,50525,50408,50489.95,121080,2636550
1738827900000,50499.95,50550,50459.8,50495,116730,2635230
1738831500000,50499.45,50652,50495.15,50579.6,247530,2615580
1738835100000,50579.6,50635,50569.9,50634,73500,2600670
1738899900000,50630.5,50798.7,50450,50576.55,568020,2608800
1738903500000,50578.5,50595,50215.05,50518,684840,2629860
1738907100000,50518,50676,50313,50313,294420,2621760
1738910700000,50311.65,50420,50290.65,50331.75,236550,2668050
1738914300000,50330.6,50407.6,50109.05,50133,356190,2681220
1738917900000,50150,50367,50070.3,50360,322080,2714070
1738921500000,50364.6,50423,50340.05,50386.25,119820,2699220
1739159100000,50280,50347,49973,49982,384960,2672190
1739162700000,49980,50088,49902.25,50071.3,228420,2704200
1739166300000,50080.1,50110.95,49945.45,50005.8,96000,2716560
1739169900000,50015.2,50116.4,49970.05,50050,75630,2712270
1739173500000,50050,50189,50002.3,50038.05,119520,2703930
1739177100000,50040.3,50288.4,50035,50240.05,212850,2700270
1739180700000,50232.2,50252.95,50215,50220,62640,2705580
1739245500000,50190,50190,49750,49779.95,522960,2849580
1739249100000,49779.9,49882.95,49710,49830,240210,2860560
1739252700000,49825,49864.95,49764.95,49780,69120,2876010
1739256300000,49780,49834,49529.1,49549.75,256920,2901510
1739259900000,49545.7,49665,49425,49569.05,348870,3051570
1739263500000,49571.75,49749.95,49488.25,49699,297480,3107550
1739267100000,49699,49716.6,49577.95,49581,104820,3117540
1739331900000,49550,49640.5,48966,49063.7,599610,3130650
1739335500000,49065,49426.7,48988,49230.05,328470,3106650
1739339100000,49222,49687.95,49195.65,49610.2,327420,3068670
1739342700000,49608.75,49895.1,49502.65,49836.25,371460,3057420
1739346300000,49836.25,49930,49432.25,49537.3,300450,3024840
1739349900000,49528.05,49748.4,49465,49740.4,169110,3030840
1739353500000,49745,49780,49712.4,49735,95100,3030270
1739418300000,49735,49994,49660,49930,425580,3061080
1739421900000,49941.2,50025,49850.35,49915.15,129750,3047580
1739425500000,49930,49988,49815.05,49850,107340,3034110
1739429100000,49850,49898.95,49600,49612.85,159060,3026370
1739432700000,49600.05,49700.75,49451.05,49521,311640,3050550
1739436300000,49525.05,49649,49460,49574.4,152520,3065940
1739439900000,49574.4,49609.9,49531,49531,79770,3075930
1739504700000,49705.3,49767.65,49459.1,49555.15,370140,3081870
1739508300000,49560,49670,49086.75,49219,368970,3106320
1739511900000,49231.4,49298.3,49044.75,49056,189600,3117540
1739515500000,49061.85,49162.5,48927.7,49030.9,205830,3169320
1739519100000,49030.7,49105,48908.1,48983.4,158490,3203670
1739522700000,48985,49499.7,48966.2,49353.95,402360,3192930
1739526300000,49353.95,49365,49267.15,49278,75780,3192990
1739763900000,49179.95,49214.95,48709,48773.95,573120,3192960
1739767500000,48773.95,49233.6,48750.2,48912.35,333870,3161430
1739771100000,48925.7,49142.95,48912.65,48970,80220,3158160
1739774700000,48970.7,49178,48916.55,49055.95,70920,3129750
1739778300000,49055.95,49457.55,49036.7,49245,290130,3125520
1739781900000,49254.95,49491.05,49250,49468,200430,3113730
1739785500000,49475,49517.75,49430,49501.5,91410,3093810
1739850300000,49460,49460,49005,49086.6,467760,3109740
1739853900000,49086,49160,48940.8,49000.05,257850,3169890
1739857500000,49000.05,49220,48970.95,49130.15,121260,3182130
1739861100000,49139.85,49225,49025,49124.55,91680,3183360
1739864700000,49126.9,49250.15,49110,49171,118350,3172740
1739868300000,49171,49282.8,49162,49192.05,151410,3161880
1739871900000,49194.1,49220,49176.3,49176.3,71820,3136260
1739936700000,49099.7,49640.3,48930.05,49616.2,657930,3079140
1739940300000,49616.2,49750,49462,49606,379020,3063450
1739943900000,49606,49690,49505,49610,85740,3069150
1739947500000,49608.3,49657.7,49482.1,49550.1,90210,3077340
1739951100000,49550.1,49629.95,49501.8,49563.05,72090,3059760
1739954700000,49563.05,49665,49358.95,49631.75,244020,3073260
1739958300000,49644.1,49644.1,49607.55,49611,106170,3066330
1740023100000,49444.7,49563.2,49300,49390.15,399210,3066270
1740026700000,49393.9,49488.45,49370.75,49478.95,100620,3068790
1740030300000,49479.7,49493,49372.1,49386,65850,3064080
1740033900000,49386,49466,49370.8,49408,63720,3075030
1740037500000,49408,49534.95,49390,49477.4,121770,3070050
1740041100000,49477.2,49540,49465.3,49474.45,121770,3077490
1740044700000,49472.75,49482,49425.05,49425.75,76380,3067890
1740109500000,49299.95,49387.9,48925,48927.35,648210,3121080
1740113100000,48923.15,49027.9,48852,49011,258630,3194100
1740116700000,49011,49098.1,48970,49017.8,84150,3144300
1740120300000,49017.8,49162.25,48950.05,48985.4,142170,3127710
1740123900000,48989.55,49029,48874,49021.55,209730,3157440
1740127500000,49021.55,49140,48942,49097.9,233280,3208230
1740131100000,49099,49099,48960,48980,143370,3201060
1740368700000,48644.7,48788.3,48305.45,48498,565770,2832180
1740372300000,48499,48575,48452.7,48480,145470,2816340
1740375900000,48479.7,48813.75,48473.75,48629.2,228240,2791920
1740379500000,48628.3,48798,48624.1,48704.1,90180,2712150
1740383100000,48704.1,48761.3,48615.15,48709.55,133050,2695170
1740386700000,48710.1,48913.95,48695.3,48791,316350,2719260
1740390300000,48802.55,48813,48750.05,48792,87630,2723250
1740455100000,48806.85,48917.75,48667.5,48810,273090,2214750
1740458700000,48805.7,48820.5,48637,48672.8,184350,2169000
1740462300000,48671.85,48744.4,48635,48739.75,110580,2171400
1740465900000,48739.95,48772.65,48724.7,48749.95,134670,2135940
1740469500000,48750,48792,48707.75,48740,112920,2127420
1740473100000,48740,48764,48709.25,48731.25,210600,2095680
1740476700000,48740,48740,48672.45,48675.1,82440,2079120
1740627900000,48749.95,48984.65,48740.05,48922.3,405870,1759440
1740631500000,48930,48975,48904.4,48931.5,187020,1710930
1740635100000,48931.75,48949.7,48882.55,48899.25,156720,1604100
1740638700000,48905,48912.75,48861.05,48878.95,147270,1504350
1740642300000,48875.95,48916.65,48875.2,48893.45,266070,1366770
1740645900000,48900.5,48932.2,48730,48780,365790,1087800
1740649500000,48781.95,48782.85,48737,48741,123330,1016820
1740714300000,48734,48943.65,48430,48714.75,635820,3405240
1740717900000,48721,48799.6,48607.6,48735.1,224220,3394140
1740721500000,48731,48830,48640,48650.75,163800,3381720
1740725100000,48663.8,48723.35,48318.3,48375.95,306480,3391620
1740728700000,48375.95,48575.55,48360,48569.15,124320,3397860
1740732300000,48571.75,48775,48530,48665.2,210330,3372690
1740735900000,48660.35,48662.7,48584.95,48600,110160,3373140
1740973500000,48775.75,48856.4,48116.7,48179.6,535650,3384840
1740977100000,48188.2,48347.6,48150,48224.95,194730,3405450
1740980700000,48210.35,48350.4,48130,48350.2,92430,3409320
1740984300000,48355.95,48511,48301,48479.95,216840,3394740
1740987900000,48484.8,48550,48288.35,48385,175530,3389340
1740991500000,48385,48471,48358,48394.45,105780,3373320
1740995100000,48400,48418.8,48350,48410,74760,3352680
1741059900000,48250,48619.85,48110.3,48399,625350,3254100
1741063500000,48399,48579.95,48397,48490,108000,3253320
1741067100000,48490,48520,48352.05,48374.05,96030,3251910
1741070700000,48379.25,48490,48353,48464.95,67440,3231390
1741074300000,48464.95,48586.2,48410,48549.5,152550,3207720
1741077900000,48547.9,48550.9,48360,48426.65,203040,3145380
1741081500000,48425.05,48540,48425.05,48492,105990,3105930
1741146300000,48492,48879.95,48433.15,48715.5,472860,3093780
1741149900000,48722.3,48749,48598.05,48672.45,177270,3094560
1741153500000,48670.15,48812.25,48660,48787.35,136380,3089340
1741157100000,48787.35,48808,48628.2,48690.15,114870,3074820
1741160700000,48699.9,48721.15,48577.05,48655.95,100740,3066330
1741164300000,48649.25,48757.65,48595,48716.1,123390,3026610
1741167900000,48716.1,48729.95,48677.05,48729.95,63270,3022950
1741232700000,48894.7,49099.9,48526,48719.7,518010,3016710
1741236300000,48720,48864.2,48685.25,48819,170100,2999160
1741239900000,48820,48826.05,48640.35,48735,117000,2995200
1741243500000,48730,48795.25,48723.7,48766.6,80190,3001230
1741247100000,48763.2,48812,48725.35,48770,136560,2988690
1741250700000,48770,48821.95,48742.85,48790.35,168900,2976690
1741254300000,48795,48795,48772,48786,88950,2964300
1741319100000,48626,48790.35,48536.05,48788.6,398880,2877360
1741322700000,48783.55,48896.35,48712.35,48842.1,243150,2899530
1741326300000,48842.05,48881.8,48613.05,48657.5,158400,2911050
1741329900000,48652.4,48738,48560.25,48580.4,144300,2919870
1741333500000,48580.4,48675,48510,48585.7,141600,2939730
1741337100000,48592,48775,48575.45,48700,172320,2886120
1741340700000,48699.8,48700,48624.6,48625,78900,2869590
1741578300000,48489.9,48702.95,48489.9,48579.95,304980,2892990
1741581900000,48573.1,48669.7,48526.5,48602.15,85170,2897010
1741585500000,48602.15,48653.95,48555.95,48567.05,39960,2895030
1741589100000,48565.2,48685,48532,48645.35,78990,2896140
1741592700000,48657.8,48674.1,48562.95,48616.65,86760,2890530
1741596300000,48605.55,48616,48220,48340.55,445260,2889090
1741599900000,48340.55,48360,48250,48260,76950,2863680
1741664700000,47999.95,48066.05,47751.6,47918.25,501870,2900250
1741668300000,47918.25,48150,47890.8,48050.2,195120,2904450
1741671900000,48050.2,48058.2,47940,47969.8,87900,2906790
1741675500000,47969.8,48035,47929.1,47961,67530,2896860
1741679100000,47970,48150,47948.55,48105,133740,2918340
1741682700000,48105,48136.5,47900,47979.95,196050,2966850
1741686300000,47980,48060,47978.3,48060,142140,3037260
1741751100000,48055.05,48301.85,48005.3,48185.05,367230,3019170
1741754700000,48192.05,48330,48170,48220,177480,3039540
1741758300000,48213,48220,47960,48064.15,202350,3012960
1741761900000,48064.4,48126.75,47939.7,48114.85,136350,3022740
1741765500000,48114.85,48219.1,48080.2,48209.7,134670,3031350
1741769100000,48205,48265,48144.3,48219.8,160110,3048300
1741772700000,48210,48233,48170.25,48215,60930,3036660
1741837500000,48300,48360.2,48150.35,48338.85,253350,3027030
1741841100000,48346,48461,48331.85,48400,182790,3018630
1741844700000,48400,48400,48240,48269.95,170550,3006480
1741848300000,48269.95,48332.95,48217,48220,59880,3004110
1741851900000,48223.9,48272,48182,48210,108510,3019170
1741855500000,48212,48214.7,48128,48191.95,176820,3039630
1741859100000,48181.9,48196.1,48100,48101,85950,3050190
1742183100000,48250.05,48545,48241.15,48472,447750,3084360
1742186700000,48480.6,48520,48410,48490.9,107190,3099930
1742190300000,48495.8,48589.6,48464,48543.6,136560,3127350
1742193900000,48548.4,48548.5,48412,48475.55,83070,3136980
1742197500000,48475.55,48535,48375.9,48530.75,105960,3145890
1742201100000,48528.85,48534,48442,48473,67740,3126570
1742204700000,48473,48504.95,48473,48500,66540,3120840
1742269500000,48751.05,49050,48664.1,49029.15,702600,3267570
1742273100000,49034.8,49115,49016.15,49070.5,252930,3326640
1742276700000,49085.95,49156,49053.05,49141.15,126840,3319110
1742280300000,49141.05,49156.65,49010.05,49109.25,120720,3273360
1742283900000,49109.25,49242.25,49093.25,49215,172770,3239940
1742287500000,49215,49399,49188.35,49380.6,260970,3246210
1742291100000,49378.5,49481.1,49371.7,49481.1,263970,3173700
1742355900000,49600.05,49667.2,49435.2,49620,408630,2985360
1742359500000,49617.55,49824,49617.55,49793.9,210960,2999760
1742363100000,49793.9,49817,49730,49762.95,77370,3015630
1742366700000,49764.75,49878.95,49756.95,49815.6,132840,3032100
1742370300000,49815.6,49854.1,49789.1,49798.95,66240,3034980
1742373900000,49797.8,49855,49761,49810.15,133500,3043800
1742377500000,49802.85,49825,49790,49816.25,99900,3048660
1742442300000,50000.05,50087.95,49830,49860,415830,2852700
1742445900000,49854.05,49973.95,49842.7,49964.25,93210,2839470
1742449500000,49964.95,49978,49876.3,49914.1,54210,2834010
1742453100000,49914.1,50030.85,49890.05,50005.4,80010,2825310
1742456700000,50006.85,50174.1,49995.25,50098.5,254580,2889600
1742460300000,50098.5,50174,50054.55,50083.6,156630,2898450
1742463900000,50092.45,50110,50070,50080,60720,2884560
1742528700000,50010.3,50286.05,49980,50242.7,257640,2791890
1742532300000,50242.7,50545,50211.2,50500,291930,2734200
1742535900000,50499.95,50570,50386,50462.85,148380,2709660
1742539500000,50462.85,50560,50450,50481.3,127020,2681130
1742543100000,50476.7,50558.15,50307,50419.3,186240,2647770
1742546700000,50425.7,50630,50425.7,50584,211290,2626920
1742550300000,50580,50630,50550,50609,111630,2625540
1742787900000,51001.25,51423.95,50800,51396.2,622410,2431680
1742791500000,51400,51793,51375.3,51672.95,402060,2379000
1742795100000,51657.9,51668.55,51505,51595.1,147180,2383380
1742798700000,51590.9,51688.15,51575.75,51671.05,97200,2392950
1742802300000,51658,51745.95,51560.3,51730,132870,2401020
1742805900000,51732.95,51810.9,51633.35,51700,230610,2407290
1742809500000,51700,51839.4,51700,51826.2,151320,2393010
1742874300000,51950.1,52050,51666,51930.2,491640,2163510
1742877900000,51925,52035,51770.35,51862.15,238470,2145570
1742881500000,51862.15,51877.05,51654.55,51770,193620,2143920
1742885100000,51770,51791.45,51630.5,51693.25,168600,2148180
1742888700000,51693.25,51825.6,51603,51819.05,180930,2188980
1742892300000,51818.75,51832.65,51672,51712.1,166530,2224290
1742895900000,51712.1,51740,51567,51568.6,172080,2211480
1742960700000,51649.85,51825,51590.85,51810,226500,1791900
1742964300000,51810,51958.85,51570.3,51666.25,336930,1805400
1742967900000,51660,51699.95,51473.9,51528.75,210930,1784430
1742971500000,51525,51545.95,51290,51344.05,246900,1784070
1742975100000,51344.05,51345.2,51188.35,51255.05,247410,1746960
1742978700000,51255.05,51342.9,51161,51299.4,207930,1769250
1742982300000,51306,51306,51257.4,51285.1,64920,1764420
1743047100000,51160,51648,51068.1,51610,346410,1312620
1743050700000,51610,51659.7,51530,51648.15,116550,1302840
1743054300000,51648.6,51688,51603.25,51655,99270,1292070
1743057900000,51645.5,51667.3,51604.6,51644.25,115200,1266630
1743061500000,51644.25,51677,51622.05,51638.65,65220,1254030
1743065100000,51638.65,51701.9,51555,51565,207180,1194270
1743068700000,51563.1,51592,51550,51585.9,86670,1156200
1743133500000,52050,52125,51711.55,51879,547380,2740890
1743137100000,51872.35,52088.3,51825,51835.95,174480,2750490
1743140700000,51831,51887.1,51755,51856,129150,2752980
1743144300000,51856,51862.1,51631.05,51676.9,200640,2742780
1743147900000,51691.35,51818.95,51660,51782.55,135120,2741160
1743151500000,51782.55,52048,51770.15,51863.45,326700,2726490
1743155100000,51864.05,51873.85,51813.95,51852,113790,2714250
1743479100000,51683.95,51920,51538,51650,353160,2708040
1743482700000,51639.15,51738,51120.5,51184.85,531360,2664000
1743486300000,51180.25,51249.35,51050,51168.2,231840,2615700
1743489900000,51168.2,51273,51101,51175.65,297810,2431470
1743493500000,51175.65,51199.95,51082,51149.75,164940,2319720
1743497100000,51159.95,51230,51101.1,51190,149580,2272290
1743500700000,51191.05,51220,51175.15,51191,80190,2252970
1743565500000,51116.25,51490,51055.55,51355.45,395310,2238210
1743569100000,51376.85,51575,51315,51488.2,191760,2248800
1743572700000,51490,51525,51372,51504.8,98850,2259510
1743576300000,51504.7,51540,51390.05,51475,125550,2228730
1743579900000,51476.6,51520.05,51435,51468.25,89580,2240880
1743583500000,51468.25,51606,51441.55,51581,155430,2223120
1743587100000,51580.15,51647.95,51555,51644.95,102300,2218410
1743651900000,51299.9,51691.5,51200,51665,530340,2316720
1743655500000,51666,51779.8,51591.15,51745,191310,2354640
1743659100000,51745,51748,51668,51720,60870,2357760
1743662700000,51722,51730,51620,51670,79530,2343780
1743666300000,51672,51865.3,51651,51816.25,223830,2358090
1743669900000,51816.25,51853.4,51771,51801.85,133620,2349690
1743673500000,51801.1,51822.35,51775,51803.15,67530,2347890
1743738300000,51710,51993,51565.6,51660,708360,2405400
1743741900000,51657.75,51869.2,51645,51849.95,219390,2398680
1743745500000,51833.05,51888.9,51725.6,51789,104190,2403390
1743749100000,51789,51826.6,51710,51745,88230,2399160
1743752700000,51745,51789.85,51575,51711,234300,2400480
1743756300000,51719.95,51735,51459.15,51645,271140,2353590
1743759900000,51650,51654.3,51580,51650.2,78480,2347980
1743997500000,49901.2,50784.95,49701.5,49912.4,1892670,2389200
1744001100000,49912.4,50276.95,49850,49935,400890,2373270
1744004700000,49935,50025,49501.8,49501.8,303060,2418480
1744008300000,49501.8,49650,49366.1,49519.05,260940,2427630
1744011900000,49520,49900,49409,49756.9,292980,2417310
1744015500000,49762.65,50200,49684.05,50151.4,308520,2377380
1744019100000,50145.15,50225.8,50060,50160.85,165360,2382180
1744083900000,50502.05,50966.55,50500.1,50538.4,577260,2250360
1744087500000,50530,50698.75,50264.9,50635.8,360870,2246310
1744091100000,50631.05,50724,50365,50723.45,218520,2227590
1744094700000,50723,50912.85,50650,50854.75,227640,2201010
1744098300000,50855,50916.95,50551.1,50740.15,215910,2196180
1744101900000,50759,50838.95,50664.7,50745.35,146280,2187420
1744105500000,50736.1,50831.95,50724.1,50811,87270,2169690
1744170300000,50600,50754.85,50342.65,50374.95,563460,2197320
1744173900000,50375,50550,50040.3,50109,416550,2295330
1744177500000,50109,50407.75,50073.5,50301.95,190140,2308440
1744181100000,50314.6,50525,50280,50481.2,234720,2301300
1744184700000,50487.2,50510.75,50371.05,50435.65,149340,2325720
1744188300000,50433.1,50483.25,50400.45,50479.1,175020,2329350
1744191900000,50479.1,50500,50466.65,50485,84570,2319210
1744343100000,50799,51249.75,50799,51085,549810,2142870
1744346700000,51085,51165,50930,51160,174750,2148690
1744350300000,51155,51362.45,51120.8,51361.4,236040,2178390
1744353900000,51360.1,51385,51273,51330.55,170460,2204190
1744357500000,51335,51348.15,51101,51129.45,169710,2203770
1744361100000,51123.5,51220,51055.2,51180,155610,2182890
1744364700000,51175.15,51185.8,51101.2,51165.65,106890,2203020
1744688700000,52099.6,52304,51802,52292,843060,2303160
1744692300000,52297,52316.8,52215.2,52286,138660,2313930
1744695900000,52286,52429.2,52286,52372.8,259410,2367270
1744699500000,52371.8,52412.4,52330,52361,89730,2380530
1744703100000,52361,52401.2,52354.4,52401.2,60690,2385330
1744706700000,52401.2,52404.8,52310.6,52338,172410,2380380
1744710300000,52335.4,52460,52331.8,52460,128970,2367990
1744775100000,52550,52804,52433.6,52771,433530,2254290
1744778700000,52775,52789.4,52585,52732.2,161520,2261070
1744782300000,52734.8,52776,52701.2,52738.8,114750,2292480
1744785900000,52738.8,52842,52720.2,52839.8,101790,2304180
1744789500000,52842.2,53143.4,52711.8,53130.4,295110,2334960
1744793100000,53135.6,53135.6,53010,53044.6,236520,2313660
1744796700000,53041,53152,53040,53136.4,121980,2308890
1744861500000,53095.8,53470,53049.8,53347.2,426000,2240490
1744865100000,53360.8,53445,53320,53440.2,126660,2252910
1744868700000,53444,53725.6,53432.6,53699.6,271500,2250540
1744872300000,53694.8,54249,53672.4,54249,388200,2233650
1744875900000,54249,54373.2,54111,54187.2,293160,2210970
1744879500000,54193.2,54284.8,54088.6,54156.8,234960,2151870
1744883100000,54165,54249.8,54155,54223.6,139950,2129760
1745207100000,54640.8,55225,54577.8,55121,990840,2187600
1745210700000,55113.4,55333,55040,55303.6,304620,2089890
1745214300000,55305,55376,55250,55337.4,132570,2093760
1745217900000,55336,55416.6,55320,55374,123690,1990470
1745221500000,55373.6,55391.6,55201,55290,243960,2051160
1745225100000,55290,55320,55212.6,55267,208800,2117610
1745228700000,55275,55345,55271,55280,104670,2141520
1745293500000,55360,55655,55252,55633.8,355050,1874670
1745297100000,55634.6,55900,55634.4,55834.8,338550,1940190
1745300700000,55840.8,55848,55566.6,55690,220710,1957590
1745304300000,55694.8,55719.6,55601,55709.6,122790,1987830
1745307900000,55709.6,55768.6,55641.2,55691,117840,2018520
1745311500000,55692.6,55730,55565.2,55630,180660,2053440
1745315100000,55631.8,55631.8,55481.8,55548.2,122970,2036340
1745379900000,55865,55900.2,55321,55329,437910,1603920
1745383500000,55336.6,55437.6,55184.8,55263.8,254820,1592940
1745387100000,55263.8,55422.4,55263.2,55323.8,179850,1580430
1745390700000,55316.6,55395,55225.2,55339.4,126570,1581210
1745394300000,55352.2,55488.8,55318.4,55441.2,121410,1564710
1745397900000,55448.8,55465,55386.8,55424.2,156270,1527690
1745401500000,55424,55431.4,55365,55385.6,93390,1472040
1745466300000,55244,55576.4,55215,55416,306270,1194990
1745469900000,55416,55450,55368.8,55417,91140,1194900
1745473500000,55417,55421.8,55316.2,55383,83730,1180680
1745477100000,55386.6,55418.6,55365,55379.2,78480,1170270
1745480700000,55379.2,55414.8,55371,55401.8,111480,1145460
1745484300000,55401.8,55420,55130,55236,263580,1086300
1745487900000,55236,55242.8,55202,55209.8,70380,1050750
1745552700000,55355,55555,54711,54890.4,934590,2576880
1745556300000,54890.8,54927,54565.6,54642.4,494130,2511690
1745559900000,54636.4,54650,54409.4,54600,264060,2481870
1745563500000,54605,54790.6,54563.8,54780,227160,2452110
1745567100000,54780,55099,54730.6,54925,359580,2461290
1745570700000,54925,55020,54750,54814.8,202140,2487900
1745574300000,54798.6,54810,54637.8,54658.6,201720,2503680
1745811900000,54735.2,55499,54650,55499,683160,2443770
1745815500000,55498.8,55541.4,55360.6,55390,191910,2476290
1745819100000,55379.4,55640,55316,55578.8,248610,2521260
1745822700000,55582,55825,55576.2,55722.8,255960,2540100
1745826300000,55720.4,55760,55640,55750,64080,2522880
1745829900000,55750,55764.8,55540,55655.2,198300,2502930
1745833500000,55653.6,55688,55640.2,55678.8,73320,2492610
1745898300000,55744.6,56194.8,55701,55750,757410,2455620
1745901900000,55743.2,55755,55527.6,55630,271290,2437110
1745905500000,55631.2,55665,55460,55530,164880,2432070
1745909100000,55525,55720.6,55460,55630,146370,2404560
1745912700000,55630,55665,55575,55600,66930,2405580
1745916300000,55594,55649,55533.2,55533.2,110640,2407350
1745919900000,55533,55548.2,55437,55440,118080,2380260
1745984700000,55440,55630,55131,55370,554370,2350020
1745988300000,55370,55427.6,55200,55294.6,225540,2340090
1745991900000,55305,55394,55258.2,55270.4,64440,2338380
1745995500000,55270.4,55422,55258.2,55385,145530,2345100
1745999100000,55385,55418,55277,55306,53700,2343900
1746002700000,55305.2,55356,55232.2,55320,96780,2337540
1746006300000,55320,55324,55172,55172,134640,2317470
1746157500000,55250.2,55929,55218.2,55794.4,618780,2342370
1746161100000,55794.8,55800,55501,55554.8,268800,2335710
1746164700000,55544.8,55597.6,55280,55305,275880,2360220
1746168300000,55309.6,55317.8,55073.6,55195,280800,2356230
1746171900000,55186.4,55455.6,55186.4,55330,207690,2319390
1746175500000,55333,55366.4,55092,55266,203190,2290890
1746179100000,55262.2,55285.8,55162.6,55191.8,100830,2272950
1746416700000,55124.8,55448,55011.2,55189,506010,2272380
1746420300000,55194.6,55343.8,55069,55115,166260,2278800
1746423900000,55115,55131,54960,55009.8,161280,2258400
1746427500000,55003.4,55088.8,54915,55036,117390,2252220
1746431100000,55036,55188,54993,55130,113760,2251020
1746434700000,55136,55215,55040,55055,126090,2239650
1746438300000,55055,55099.2,55050,55081,60930,2242470
1746503100000,55050.6,55205.8,54751,54753.6,391830,2195280
1746506700000,54750.2,54750.2,54650,54690,205950,2187090
1746510300000,54689.8,54699.8,54557.2,54679.4,161550,2166720
1746513900000,54679.4,54725,54607.4,54635.6,79890,2158920
1746517500000,54635.6,54729.8,54622,54659.6,84150,2150850
1746521100000,54659.6,54668.8,54386.2,54402,297750,2100960
1746524700000,54402,54408.4,54270,54270.6,143130,2081130
1746589500000,54250,54796,54037.6,54432.8,787290,2048700
1746593100000,54434.4,54521,54361,54475,242010,2078820
1746596700000,54473.2,54629,54430,54459.4,236490,2108730
1746600300000,54459.4,54515.4,54360,54419,92640,2102010
1746603900000,54420,54554,54389,54493.2,90660,2105070
1746607500000,54500,54632,54420.2,54630,168510,2094810
1746611100000,54630,54765.6,54630,54720,121950,2068320
1746675900000,54806.2,55029,54702,54842,299460,1915110
1746679500000,54842,54958,54827,54864.8,107310,1922730
1746683100000,54865.8,54890,54768.6,54815.6,73350,1927620
1746686700000,54815.6,54900,54788,54828,74640,1930980
1746690300000,54828,54866.2,54473.8,54508.2,328560,1912650
1746693900000,54518.4,54626.6,54266,54416.2,430350,1934670
1746697500000,54416.4,54416.4,54150,54184,249360,1973490
1746762300000,54400,54400,53660,53840.2,714720,1868940
1746765900000,53859.6,53932,53722,53821,166920,1863780
1746769500000,53815,54020,53731,53827,195360,1863210
1746773100000,53829.4,53847.6,53675,53707.2,86580,1876380
1746776700000,53707.2,53769,53628.4,53694,158190,1889490
1746780300000,53694,53755,53585,53705,205890,1906680
1746783900000,53705,53815.4,53680,53781.8,143760,1858950
1747021500000,54648,55450,54502.2,55310,1108320,1892490
1747025100000,55317.4,55499,55303.2,55453.2,264510,1957680
1747028700000,55450.2,55539,55304.4,55337,224790,1979610
1747032300000,55340,55517.8,55285,55350,200070,1973700
1747035900000,55350.2,55478.2,55338,55478.2,103650,1974150
1747039500000,55476.8,55550,55395.2,55505,191370,1996650
1747043100000,55505,55680.8,55505,55671,179760,1999380
1747107900000,55644,55644,55183,55318.2,546180,1896150
1747111500000,55315.8,55413,55128,55250.6,245280,1881150
1747115100000,55250.6,55404.6,55242.6,55318.6,110640,1893810
1747118700000,55318.6,55339.8,55106,55173.2,200520,1876230
1747122300000,55178.8,55179.8,55063,55104.6,145710,1874610
1747125900000,55107.8,55207,55042,55071.4,235020,1845210
1747129500000,55071.2,55140,55060,55100,100650,1831110
1747194300000,55124.4,55258.4,54968.2,55175,302520,1803660
1747197900000,55175,55192.8,55021.4,55090,97800,1808910
1747201500000,55090,55120,54890.8,54940.2,119760,1820700
1747205100000,54940.2,54950.8,54576.8,54750,333750,1787820
1747208700000,54746.6,54795.6,54654,54737.4,89850,1796580
1747212300000,54735,54924.6,54659.8,54896.4,170070,1793280
1747215900000,54896.4,54997.8,54836,54970,110640,1803090
1747280700000,54970,54991,54625,54737.8,280380,1815690
1747284300000,54728.6,55098,54685,54789.2,285090,1811370
1747287900000,54796.6,54931.2,54760,54886.4,88980,1807470
1747291500000,54886.4,55150,54817.6,55144,199230,1839270
1747295100000,55144.4,55480,55076.4,55464,418680,1865460
1747298700000,55460,55499.6,55345.2,55422,300600,1851780
1747302300000,55422,55427.8,55373.2,55376,108450,1845870
1747367100000,55405.4,55600,55252.6,55430.6,270570,1822020
1747370700000,55412.6,55500,55364,55415,97170,1801590
1747374300000,55407.2,55460,55367.2,55386.6,59850,1799100
1747377900000,55386.6,55525,55353,55460.4,95370,1788120
1747381500000,55464,55522.8,55425,55481.6,72660,1782660
1747385100000,55481.6,55525,55455,55500,78180,1765980
1747388700000,55500,55517.8,55474.4,55515,86640,1723710
1747626300000,55536.2,55642.8,55403.4,55585,236250,1753320
1747629900000,55571,55790.8,55571,55741.8,253560,1832670
1747633500000,55750,55799,55680,55738.6,87150,1840350
1747637100000,55738.6,55831.4,55692.2,55718.4,97860,1864320
1747640700000,55711.6,55752,55472,55510.6,198060,1789680
1747644300000,55523,55576.4,55422,55512,148170,1753140
1747647900000,55512,55538,55500,55512.2,61590,1755810
1747712700000,55700,55701.6,55270.6,55344.2,347460,1732710
1747716300000,55344.2,55474.8,55285.6,55372.8,119340,1736640
1747719900000,55360,55368.4,55231.4,55290,128160,1737690
1747723500000,55299.2,55360,55156.6,55169,131790,1743390
1747727100000,55175.8,55239,55115,55133,131460,1762440
1747730700000,55128.2,55173.2,55030,55132.8,197370,1760970
1747734300000,55132.6,55139.6,55071.8,55087,82080,1751070
1747799100000,55201,55373,55028.4,55373,354720,1715700
1747802700000,55373,55450,55267,55321.2,243960,1721730
1747806300000,55324.8,55350,54869.2,54905,294780,1703970
1747809900000,54905,55100,54773,55085,255210,1709460
1747813500000,55090,55197,54974.8,55088,112380,1704540
1747817100000,55090,55180,55064.8,55120,85380,1698870
1747820700000,55117.2,55163,55112.2,55130,61740,1695390
1747885500000,54944.8,55061,54850.6,54970,261930,1716240
1747889100000,54970,55017.8,54882,54884.6,87900,1716240
1747892700000,54884.6,54910.4,54705,54769.8,156840,1734300
1747896300000,54769.8,54799,54700,54782.6,80010,1725780
1747899900000,54782.6,54837.8,54760,54785.4,50460,1723380
1747903500000,54785.4,55120,54721.2,55069.4,263850,1693080
1747907100000,55061,55094.8,55036.2,55090,123390,1680840
1747971900000,55149,55319.4,54941.4,55274,392160,1717950
1747975500000,55274,55449,55075,55406.2,262050,1702020
1747979100000,55427.8,55559.4,55315,55350,209850,1690650
1747982700000,55350,55519.8,55345,55465,116400,1696260
1747986300000,55465.8,55535,55400.2,55486.6,90360,1698300
1747989900000,55486.6,55530,55413,55481.2,81090,1669860
1747993500000,55489,55520,55474.6,55519,100980,1652160
1748231100000,55586.4,55980,55586.2,55831.8,386760,1595400
1748234700000,55833,55869,55357,55522,325710,1607400
1748238300000,55522,55644,55460.2,55595,129990,1632270
1748241900000,55593,55682.8,55500,55577.6,101100,1649280
1748245500000,55577.6,55625,55527.6,55594.8,81720,1669620
1748249100000,55591.8,55710,55520,55672,145140,1658790
1748252700000,55679.6,55710,55664,55697.4,109980,1661520
1748317500000,55590.8,55644.8,55069.2,55192.6,578730,1385430
1748321100000,55192,55481.4,55130,55429.8,231780,1375740
1748324700000,55429,55940,55429,55761.6,508770,1385100
1748328300000,55762.8,55788.8,55510,55613,191640,1437930
1748331900000,55615,55719,55361,55425,190140,1440900
1748335500000,55428.8,55519.8,55257,55494.8,210900,1416690
1748339100000,55498,55510,55428.4,55432.2,70650,1394250
1748403900000,55424.4,55575,55290.4,55397.6,283080,1117560
1748407500000,55400,55520,55305,55449,154830,1115580
1748411100000,55435,55487,55350,55352,99930,1120500
1748414700000,55352,55564,55350,55463.8,148110,1103310
1748418300000,55466.8,55480,55357,55433,159840,1094400
1748421900000,55443.6,55498,55366.4,55432.2,174120,1050510
1748425500000,55429.2,55475,55421.8,55455,62790,1029360
1748490300000,55659.8,55747.8,55310.4,55324.4,355950,764850
1748493900000,55324.4,55366.2,55177,55177,175710,768330
1748497500000,55175.2,55206.4,55117.2,55165,101280,744810
1748501100000,55165,55270.2,55083,55209,124770,753690
1748504700000,55209,55295,55185.2,55206.4,97470,721890
1748508300000,55206.4,55538.4,55196.6,55530,258480,583140
1748511900000,55525,55556.4,55520,55542.2,84810,549660
1748576700000,55950,56010,55800,55900,341700,1823250
1748580300000,55900,55900,55707,55800.2,169050,1801320
1748583900000,55811,55906,55775.8,55785,83940,1810500
1748587500000,55784.4,55920,55756.8,55899,67680,1800660
1748591100000,55899,56100,55899,55990,329820,1865610
1748594700000,55990,56140.2,55958,56061,205710,1886130
1748598300000,56061,56110,56055.6,56082,131370,1881870
1748835900000,56100,56100,55719,55897.6,402870,1882020
1748839500000,55897.6,55995,55860.2,55921,89790,1878030
1748843100000,55921.8,56041.6,55890,56010.4,140430,1900680
1748846700000,56015,56130,55980,56068.2,197190,1906050
1748850300000,56068.2,56170,56040,56091.4,148710,1909470
1748853900000,56077.2,56217.2,55980,56177,209580,1885710
1748857500000,56177,56191,56147.4,56175,100950,1899540
1748922300000,56275,56355,56059.4,56169,315750,1904130
1748925900000,56175,56298,56051.2,56054.6,175110,1914000
1748929500000,56054.6,56132.4,56012,56029,149280,1898760
1748933100000,56028.8,56056,55824.2,55879.6,319410,1909350
1748936700000,55868.4,56008.2,55825.4,56001,151710,1940460
1748940300000,56006,56075,55941,55955,183750,1972770
1748943900000,55952,55990,55848,55865,102630,1975050
1749008700000,55930.8,55998.8,55700,55809.6,302610,1965810
1749012300000,55809.4,55950,55780,55920.8,132510,1966620
1749015900000,55920.2,56017,55888.4,55979,103590,1956870
1749019500000,55979.6,55999,55926.4,55931,34110,1951080
1749023100000,55932,56000,55888.2,55976,58020,1942950
1749026700000,55975.4,56047.8,55930,55970,114420,1969410
1749030300000,55973,55995,55969,55984.8,49320,1975350
1749095100000,56010.4,56080,55851,55994.4,265290,1996260
1749098700000,55994.4,56035,55945.8,55981.6,58980,2008350
1749102300000,55995,56197,55970.6,56185.2,195300,1999650
1749105900000,56194,56219,56030,56046.2,150060,1989270
1749109500000,56031,56076.2,55905.6,55967,147240,2002740
1749113100000,55968,56050,55951.2,56039,107490,1990560
1749116700000,56039,56080,56035.8,56043.4,75360,1966650
1749181500000,55999.8,56250,55780,55945.4,817350,2078490
1749185100000,55945.4,56733,55825,56727,1613610,2199420
1749188700000,56727,56799,56635,56748.6,317040,2183370
1749192300000,56745,56762,56580,56704.2,206160,2203020
1749195900000,56704.8,56777,56647.4,56754.2,117570,2177520
1749199500000,56754.2,56832.8,56695.6,56750.6,253530,2201220
1749203100000,56750.6,56799,56748.8,56799,111480,2195370
1749440700000,57150,57165.2,56905.4,57120,419730,2148330
1749444300000,57120,57160,57069.8,57090.4,120690,2187960
1749447900000,57090,57093.8,57009,57082,91470,2169750
1749451500000,57082,57135,57046,57090,71430,2153100
1749455100000,57095,57108,57011,57011,53910,2146530
1749458700000,57011,57048,56985,57011,113370,2122680
1749462300000,57011,57021.2,56986.6,56990,84780,2111490
1749527100000,57026.2,57099,56750,56933.2,307800,2066310
1749530700000,56930,56960,56760,56816,127170,2048370
1749534300000,56810,56824.6,56729,56780,84300,2050380
1749537900000,56780,56890,56760.2,56831,82470,2053380
1749541500000,56825,56872,56801,56825,39420,2056500
1749545100000,56825,56827,56742,56780.2,64110,2050230
1749548700000,56796,56800.2,56721,56735,67560,2037630
1749613500000,56755,56820.6,56607,56761.6,206910,2058510
1749617100000,56761.6,56895,56719.2,56866.6,135570,2060910
1749620700000,56883.6,56925,56848,56888.4,96930,2083290
1749624300000,56900.2,56938,56829.6,56830,63780,2078700
1749627900000,56830,56830,56570.4,56597.2,255870,2048310
1749631500000,56597.4,56714,56582,56662,110670,2032440
1749635100000,56655,56671.6,56622,56625,58080,2020920
1749699900000,56635,56742.6,56541.2,56580,197880,2011530
1749703500000,56575,56595,56450,56470.2,148560,2006730
1749707100000,56470.2,56554.8,56420,56458,101670,2015160
1749710700000,56458,56540.4,56444,56470,63690,2010660
1749714300000,56470,56481.8,56200,56254.8,384630,1989300
1749717900000,56254.8,56420,56237.6,56299.8,201450,2002140
1749721500000,56299.8,56300,56202.6,56208.8,109290,1981020
1749786300000,55555.6,55740,55350.6,55581.6,530130,2018820
1749789900000,55589.4,55730,55541,55552.2,155610,1999320
1749793500000,55552.2,55700,55547,55626,105330,2030550
1749797100000,55631.6,55699,55580.2,55628,46110,2032620
1749800700000,55628,55800,55610.2,55685.2,111030,2008620
1749804300000,55685.2,55704.8,55500,55623,166530,2003820
1749807900000,55623,55655.8,55590.4,55655.8,71310,1998960
1750045500000,55550,55760,55505,55600.2,306000,1955910
1750049100000,55600,55950,55600,55895.6,225600,1928430
1750052700000,55899,55995.6,55811,55954,142320,1932180
1750056300000,55958,56040,55875.6,56000,137910,1943430
1750059900000,56000,56062.8,55926.4,56044.8,95940,1962270
1750063500000,56048,56110,55971,56096.8,112050,1942830
1750067100000,56097.2,56165,56090,56165,94800,1938930
1750131900000,56110,56599.6,55880.2,55959.4,242070,1893060
1750135500000,55950,56060.8,55895,55931.4,85410,1880370
1750139100000,55930.4,55945,55821,55821.8,111030,1882140
1750142700000,55821.6,55858.6,55750,55790,96000,1898640
1750146300000,55790,55838,55750,55820.2,49290,1907970
1750149900000,55835,55861.8,55780,55793,61830,1899420
1750153500000,55808,55810,55735,55761.8,58020,1889820
1750218300000,55670,56050.6,55670,56000,289050,1898100
1750221900000,56009.2,56029.4,55840,55880.6,121320,1899150
1750225500000,55869.4,55923.6,55734.8,55888.6,146220,1889820
1750229100000,55896,55907.4,55825,55881,44100,1904250
1750232700000,55889,55940.8,55800,55825,77880,1910880
1750236300000,55825,55922.6,55759.8,55878.6,105990,1907460
1750239900000,55889.8,55916,55876.8,55878,69750,1914450
1750304700000,55884.4,56025,55786,55898.2,247770,1817310
1750308300000,55900,55909.8,55762.2,55777.8,114180,1810650
1750311900000,55778,55785,55711,55755,113130,1808820
1750315500000,55751.4,55773.6,55636.2,55725.4,114270,1804200
1750319100000,55743.2,55783.8,55671.2,55759,50250,1799370
1750322700000,55759,55780,55660,55673.6,65580,1786140
1750326300000,55673.8,55694.4,55612.8,55615,100710,1779870
1750391100000,55680,55875,55651.2,55866.6,232260,1784370
1750394700000,55866.6,56249,55866.6,56248.2,464190,1806450
1750398300000,56248.2,56309,56180.6,56280,174900,1797660
1750401900000,56279.8,56279.8,56130,56250.2,76020,1787520
1750405500000,56250.2,56325.2,56230,56246.4,95430,1797750
1750409100000,56253,56329,56169,56297.2,140220,1786770
1750412700000,56297,56340,56261.2,56294.4,122880,1791120
1750650300000,55899.8,56161.6,55805,55866.8,485580,1698210
1750653900000,55855,55985.2,55828,55940,132180,1706610
1750657500000,55944.8,55976.2,55890,55929.8,86490,1713030
1750661100000,55932,56000,55929.2,55997.4,82200,1733790
1750664700000,56000,56299.6,55990,56193.8,315510,1748070
1750668300000,56192.6,56196,56063.8,56095.2,197250,1790250
1750671900000,56095,56139.4,56073.4,56105,67770,1776360
1750736700000,56506.2,56742.2,56405.2,56619.2,464370,1400940
1750740300000,56618.8,56720,56505,56684.8,210420,1396050
1750743900000,56684.8,56879.8,56645.2,56865,196800,1399260
1750747500000,56860.2,56869.4,56575,56639.8,215220,1382970
1750751100000,56641,56670,56357,56438.2,278640,1362990
1750754700000,56438.2,56529,56409.4,56475,169860,1395750
1750758300000,56467.2,56525,56467.2,56500,58230,1377630
1750823100000,56600,56687.8,56440,56594.8,241500,1052370
1750826700000,56582.2,56660,56571,56590,122460,1074630
1750830300000,56590,56635,56540,56566.4,103410,1067610
1750833900000,56568,56669,56547,56618.2,85800,1091910
1750837500000,56618,56656.6,56577,56630,85500,1095120
1750841100000,56643.8,56675.8,56602,56618.6,124290,1116180
1750844700000,56614.6,56631.8,56602.4,56611.6,81810,1119840
1750909500000,56655.2,56789,56556.4,56673.8,223230,825810
1750913100000,56683.8,56722,56535,56600,147990,786840
1750916700000,56605,57109.4,56554.2,57017.8,333720,861630
1750920300000,57033,57054.8,56812,56863.4,144660,852600
1750923900000,56863.4,57182.6,56836,57170,191910,871470
1750927500000,57190,57251,57101,57206,183810,827550
1750931100000,57206,57232.8,57190,57215.2,72180,779640
1750995900000,57260,57513,57260,57395,320040,2143680
1750999500000,57390.2,57564,57382,57546.8,187705,2196355
1751003100000,57548,57615,57500.2,57599.2,99260,2217915
1751006700000,57600,57648,57562.2,57598.2,84140,2238775
1751010300000,57608,57644,57563,57607,61320,2251130
1751013900000,57607,57668.6,57536,57655.8,162715,2285500
1751017500000,57654.8,57660,57624.6,57637,106680,2311015
1751255100000,57636,57849.8,57605,57701,240695,2353225
1751258700000,57701,57745,57601,57650,98280,2371075
1751262300000,57660,57775,57625,57765.4,50785,2371880
1751265900000,57765.4,57780.2,57601,57641.4,75600,2376815
1751269500000,57641.4,57680,57480,57530.6,146650,2330475
1751273100000,57530.6,57606.2,57468.2,57570,136220,2313675
1751276700000,57575.6,57593,57510,57521,59080,2315495
1751341500000,57625,57625,57430.2,57434.8,195790,2323405
1751345100000,57440,57490,57380,57436,123235,2308005
1751348700000,57444.8,57552,57424,57540,74095,2327465
1751352300000,57545,57710,57524.6,57692.2,180005,2350390
1751355900000,57695,57745,57650,57745,88655,2364530
1751359500000,57748,57750,57651,57680,61635,2364320
1751363100000,57685,57710,57668,57700,44275,2357460
1751427900000,57706.6,57760.8,57472,57509.4,257145,2343005
1751431500000,57519.4,57546,57420,57460,109340,2344300
1751435100000,57460,57499,57412.2,57433.2,82950,2328620
1751438700000,57433.2,57473.4,57355.8,57361,161315,2299220
1751442300000,57360,57375.4,57175,57236.2,292425,2265130
1751445900000,57225,57378.8,57185,57308,248115,2245950
1751449500000,57307.2,57314.6,57245,57250,71155,2227995
1751514300000,57250,57455,57175,57398.4,243425,2153900
1751517900000,57386.8,57441,57320,57358.4,72415,2148265
1751521500000,57360,57424.8,57243,57260,85120,2159815
1751525100000,57260,57312,57221,57256.2,52255,2155475
1751528700000,57259,57374,57202,57216,92260,2161075
1751532300000,57212.6,57246.6,57105,57127.6,224700,2141090
1751535900000,57139.6,57149,57093,57111,84350,2125655
1751600700000,57088.8,57182.2,56960.4,57061.8,181265,2102520
1751604300000,57058.2,57171.4,57053,57135,72415,2105355
1751607900000,57130,57143.6,56910,56950,158865,2091635
1751611500000,56939.2,57026,56923,57026,48580,2086105
1751615100000,57027,57130,57000,57119.8,78260,2065700
1751618700000,57116,57340,57055.8,57291,239050,2033500
1751622300000,57288,57320,57258,57305.2,79100,2025275
1751859900000,57270,57297.6,57105.8,57165.4,214865,2024085
1751863500000,57172.2,57419.2,57150,57260,200655,2044525
1751867100000,57254,57292,57152,57160,68320,2038750
1751870700000,57160,57219.2,57063.6,57186.8,171255,2042915
1751874300000,57186.8,57269,57122,57212.8,81410,2036370
1751877900000,57212.8,57235,57136.4,57205,52360,2032065
1751881500000,57205.2,57210,57167.8,57171,44835,2012990
1751946300000,57290,57475,57149.2,57358.8,309750,2035670
1751949900000,57351.6,57430,57302,57315,96635,2048585
1751953500000,57320,57384.8,57280,57322.8,69930,2045890
1751957100000,57322.8,57420,57310,57382,99715,2048795
1751960700000,57383,57394,57326,57337.4,26145,2050090
1751964300000,57337.2,57489.4,57314.8,57465,140385,2068325
1751967900000,57457.6,57475,57430.4,57459.8,74270,2069655
1752032700000,57390.8,57465.2,57250,57397.8,201740,2089535
1752036300000,57396.6,57420,57340,57405,48055,2094855
1752039900000,57405,57429.6,57330,57405,58275,2114630
1752043500000,57399.2,57465,57374.6,57457,94535,2123170
1752047100000,57465,57499,57400,57418.4,85400,2123030
1752050700000,57419.4,57430,57346,57401,83020,2092720
1752054300000,57401,57402,57363,57370.8,42000,2082430
1752119100000,57379.8,57488.6,57305.6,57334,132685,2093140
1752122700000,57334,57415.6,57276,57341.4,85995,2095905
1752126300000,57341.4,57345,57162.2,57218,219625,2063145
1752129900000,57200,57345.6,57171.6,57222,113085,2046940
1752133500000,57222,57320.2,57150,57250,127750,2040990
1752137100000,57255,57290,57166,57180,57470,2044280
1752140700000,57176.8,57204.8,57142.2,57159.8,78400,2037700
1752205500000,57075,57225,56982.2,57000,209790,2043545
1752209100000,57000,57000,56833,56890,206885,2058665
1752212700000,56889,56917.2,56814,56864.8,103635,2070565
1752216300000,56865,57021.8,56844.2,56910,109270,2067870
1752219900000,56923.6,56980,56868.6,56947,68040,2071125
1752223500000,56941.4,56988,56900.6,56927.6,65520,2060520
1752227100000,56935,56942.8,56890,56890,84035,2038855
1752464700000,56888,57075,56769.2,57029.2,228410,2035390
1752468300000,57032.2,57065,56850,56861.2,88760,2046065
1752471900000,56867.2,56879.8,56789,56856,114555,2072525
1752475500000,56856,56919,56820,56835,54915,2073085
1752479100000,56835,56916,56802,56855,51100,2076375
1752482700000,56855,57027.8,56827.4,56990,94850,2071020
1752486300000,56990.6,57029.4,56963.6,57001,81445,2070845
1752551100000,56999.8,57240,56999.8,57230.4,287385,2095065
1752554700000,57231.2,57339.8,57180,57274,235340,2150050
1752558300000,57274,57310.2,57216,57255.6,66255,2163070
1752561900000,57255.6,57310,57205.2,57235,49735,2173430
1752565500000,57235,57242.4,57126,57174.2,97720,2163980
1752569100000,57172.6,57258,57110,57252.4,117215,2160095
1752572700000,57251.6,57260,57222.6,57250,43015,2151485
1752637500000,57235.8,57278,57111.6,57140.2,157500,2148440
1752641100000,57140.4,57204.8,57060,57123.8,106085,2137345
1752644700000,57124,57237.6,57084,57206.6,83860,2135245
1752648300000,57207,57334,57191,57330,152215,2175705
1752651900000,57330,57340,57266,57328,74130,2187430
1752655500000,57328,57338.4,57242.2,57285,98175,2174165
1752659100000,57281,57296.6,57231.2,57246.8,57085,2169405
1752723900000,57380.2,57380.2,57068.2,57092.6,253330,2128665
1752727500000,57092.8,57114.2,57022.8,57064.8,166425,2150610
1752731100000,57064.8,57147.2,57055.2,57063.6,80990,2131255
1752734700000,57063.2,57074,57000,57029.8,97020,2139795
1752738300000,57026,57085.6,57000,57026.4,91035,2160865
1752741900000,57026.4,57069,56974.4,56997.2,119175,2170945
1752745500000,56997.2,57016.8,56923.6,56928.2,113715,2172100
1752810300000,56744,56900,56542,56564.6,370685,2207030
1752813900000,56554.8,56558.2,56365,56457.8,301595,2304715
1752817500000,56457.4,56519,56416.8,56420.4,125965,2329985
1752821100000,56418,56497,56394,56412.4,103775,2375695
1752824700000,56412.2,56475,56389,56443.6,96845,2403730
1752828300000,56443.6,56549.6,56415,56431.8,188930,2405235
1752831900000,56430.8,56460,56354.2,56354.2,161000,2407825
1753069500000,56640,56831.8,56350,56783.4,604240,2214660
1753073100000,56783.4,56875,56724.2,56848.4,168875,2176440
1753076700000,56843.2,56905.6,56729,56834.6,187880,2164680
1753080300000,56837,57030,56771.4,56995,225715,2154145
1753083900000,57000,57022,56817,56880,129465,2152220
1753087500000,56880.4,56996.8,56835.8,56976,118720,2155300
1753091100000,56977.6,57000.8,56962.4,56994,98175,2141720
1753155900000,57205.2,57211.6,56980,57076.6,242900,2028180
1753159500000,57076.4,57146.4,56912.6,56965,113015,2020690
1753163100000,56957.8,56974,56885,56930,76650,2023035
1753166700000,56930,57019.8,56930,56944.2,58450,2019885
1753170300000,56941,56952.6,56827,56883,156800,2020970
1753173900000,56883.2,56899,56800,56822.8,106120,2034970
1753177500000,56823,56844.8,56750,56750,60935,2028355
1753242300000,56866,56915.2,56757.8,56811.6,141155,2038610
1753245900000,56811.6,56945,56788,56925.8,76440,2019535
1753249500000,56937.2,57025,56885.8,57010,140280,1978375
1753253100000,57010,57179,57010,57126.4,155750,1972355
1753256700000,57126.4,57241,57115,57237.2,142835,1973895
1753260300000,57241,57294,57160,57231.4,134645,1929445
1753263900000,57230.2,57246.4,57214,57237.4,72660,1915340
1753328700000,57410.2,57410.2,57056.6,57060.2,196875,1874110
1753332300000,57060,57168.8,57054,57072.8,79065,1874950
1753335900000,57070,57128.6,56931.8,56971.4,213570,1909950
1753339500000,56970.8,57045,56935.4,56992,79275,1928465
1753343100000,56992,57189.8,56976,57154.2,179830,1884365
1753346700000,57153.8,57187.8,57095,57124.2,65555,1859655
1753350300000,57125,57149.8,57090,57115.4,59780,1830675
1753415100000,57068.2,57185,56932.2,57015,238910,1826650
1753418700000,57005,57005,56702.2,56710,393960,1867285
1753422300000,56711.8,56800,56603,56629,170835,1904805
1753425900000,56625,56643.2,56529,56609,177310,1944705
1753429500000,56605.4,56675,56511,56571,107135,1982295
1753433100000,56571,56650,56570.2,56624.2,78295,1989295
1753436700000,56624.2,56636.8,56538.8,56555,110040,1997065
1753674300000,56298.4,56596,56265.6,56580,282450,1801345
1753677900000,56566.6,56670,56426,56481.6,166110,1791860
1753681500000,56477.8,56549,56425,56431.8,51135,1814645
1753685100000,56431.8,56491,56211,56219,190155,1823780
1753688700000,56210.2,56236.2,56061,56122.2,159530,1806490
1753692300000,56125.8,56250,56097.4,56177.6,88340,1804425
1753695900000,56177.6,56190.2,56154,56187.4,66605,1789550
1753760700000,55999.2,56225,55999.2,56118,191975,1600060
1753764300000,56117,56128.6,55955,56010,172025,1618435
1753767900000,56010,56140.8,56010,56100.4,121975,1574685
1753771500000,56109.4,56170,56050,56166.2,91000,1571115
1753775100000,56167.8,56400,56147.4,56343.8,225225,1519140
1753778700000,56358,56386.8,56199,56313,144585,1504580
1753782300000,56321.4,56390,56313.6,56327.2,80675,1475425
1753847100000,56339.6,56339.8,56144,56242,165340,1317330
1753850700000,56229,56265.6,56106,56225.2,104475,1309070
1753854300000,56225.4,56356,56225.4,56267,111440,1290555
1753857900000,56262.6,56334.8,56222.4,56240.2,78295,1284850
1753861500000,56254.8,56300,56196,56245.6,122815,1262065
1753865100000,56245.4,56318.2,56200.2,56208.4,225645,1214745
1753868700000,56215.4,56228.8,56185,56201.6,58835,1205085
1753933500000,55946.6,55977.6,55541,55578.2,452830,1094030
1753937100000,55576.6,55887.6,55528.2,55788.8,313565,1130255
1753940700000,55788.8,56133.8,55770.8,56106,182070,1019340
1753944300000,56108.2,56385.8,56080,56315.4,205660,880950
1753947900000,56330,56450,56265.2,56322,146440,850395
1753951500000,56322,56329.8,55970.2,55985,144795,771155
1753955100000,55985,55987.6,55956.8,55958.4,59185,743050
1754019900000,56200,56200,55976.8,56148.4,222425,1896615
1754023500000,56147,56249.8,56075,56081.4,175805,1903090
1754027100000,56075.8,56109.2,55950,56000,236740,1959895
1754030700000,55992,56080,55941.8,55999.4,173565,2046905
1754034300000,56004.2,56079.8,55918,55968,89950,2064160
1754037900000,55968,55980,55730,55768.8,163765,2108260
1754041500000,55770,55814,55750.6,55796.4,86625,2130660
1754279100000,55780.2,55948.2,55622.2,55728.6,220465,2147215
1754282700000,55720.8,55869.8,55676,55797.8,97930,2167165
1754286300000,55795,55900,55770.6,55875.2,80115,2173325
1754289900000,55860.2,55922.8,55824.8,55842.4,65380,2177560
1754293500000,55842.4,55900,55752,55840,65625,2195445
1754297100000,55835.4,55904.4,55811.8,55838.6,96390,2224110
1754300700000,55838.8,55900.4,55837.2,55895.6,90405,2264745
1754365500000,55879.2,55900,55621.4,55679.4,263900,2389065
1754369100000,55676.4,55713.8,55567,55640.2,143780,2471700
1754372700000,55647.6,55723,55611,55700.2,62790,2487100
1754376300000,55700,55720.2,55580,55586.8,88655,2519195
1754379900000,55586.8,55586.8,55390.8,55430,229495,2638405
1754383500000,55430,55575,55412.6,55562,111965,2661855
1754387100000,55563.4,55572.2,55516.4,55551,62090,2656955
1754451900000,55551,55695,55430.8,55530,284725,2643375
1754455500000,55528.8,55685,55407.2,55453.8,157395,2680895
1754459100000,55437.8,55550,55418.2,55525.2,70805,2694825
1754462700000,55535,55654,55524.8,55639.4,93205,2662450
1754466300000,55642.2,55749,55595,55617,160615,2647680
1754469900000,55616.2,55669,55506.2,55569.8,102585,2646035
1754473500000,55556.8,55617,55555,55570,47530,2642185
1754538300000,55490,55503.2,55352.2,55373.4,195930,2672600
1754541900000,55375.4,55405.2,55268,55294,128135,2729055
1754545500000,55298.2,55376,55291.2,55370.4,56350,2751315
1754549100000,55375,55376,55290,55309.4,50540,2744735
1754552700000,55309.4,55330.6,55151,55325,178885,2763180
1754556300000,55323.8,55780,55323.8,55735.2,368340,2698500
1754559900000,55736.6,55841.6,55725.8,55811,205065,2645895
1754624700000,55799.8,55799.8,55411.4,55450,247835,2664375
1754628300000,55441.4,55526.6,55350,55401.6,178465,2721880
1754631900000,55416.2,55423.2,55274,55323,114660,2771265
1754635500000,55316.6,55474,55298.6,55317,117110,2825095
1754639100000,55327.2,55390.8,55250,55311.8,97195,2858065
1754642700000,55311.2,55375,55105,55150.2,150990,2899260
1754646300000,55159.6,55197.6,55070,55071,111755,2918300
1754883900000,55150.2,55388,55079.8,55366.6,229950,2907310
1754887500000,55371.8,55470,55353,55385,163170,2886380
1754891100000,55385,55455,55279.6,55321,82145,2897475
1754894700000,55320.4,55463.2,55303.2,55393.8,68845,2904965
1754898300000,55394.6,55537,55360,55522,177205,2874130
1754901900000,55523,55590,55483.4,55552.8,162260,2859955
1754905500000,55553,55565,55499.2,55519,65520,2846025
1754970300000,55500,55698,55400,55587,236285,2807315
1754973900000,55593,55619,55371.2,55383,175105,2821175
1754977500000,55383,55475.6,55371,55475.2,60060,2831815
1754981100000,55461,55582,55453.6,55500,113190,2824535
1754984700000,55495,55495,55349.2,55349.2,89180,2848370
1754988300000,55347,55383,55255.4,55288.8,195965,2890020
1754991900000,55300,55330,55260,55260.2,54460,2892365
1755056700000,55450.2,55490.4,55360,55374,198730,2900310
1755060300000,55376,55414,55285.8,55379,128100,2935800
1755063900000,55372.6,55413.6,55270,55349,68040,2960755
1755067500000,55343.8,55464,55321.6,55405,101465,2950675
1755071100000,55423.2,55489,55350,55468.6,74410,2949450
1755074700000,55473,55479,55411.4,55416,61145,2953090
1755078300000,55413.6,55446,55413.6,55422.2,30975,2950360
1755143100000,55417.8,55588,55353,55521.2,205660,2922220
1755146700000,55530,55624,55460,55467.8,86660,2911370
1755150300000,55466.8,55520,55413.2,55492,63770,2927750
1755153900000,55492,55593,55492,55559.6,76055,2904755
1755157500000,55559.6,55578,55475,55500,35315,2899505
1755161100000,55500,55580.8,55431,55518,159810,2874970
1755164700000,55506.8,55519,55455.4,55479,55055,2866465
1755488700000,56000,56245,55950,56118,655655,2777355
1755492300000,56126,56198,56017.4,56046,158060,2753240
1755495900000,56045,56120,55806,55806,148470,2736125
1755499500000,55806,55906,55720,55891,202055,2753100
1755503100000,55891,55900,55801,55860,62580,2748480
1755506700000,55853,55920,55831,55849.6,69440,2721110
1755510300000,55850,55880,55845.2,55870,63245,2700775
1755575100000,55789.8,55913.8,55748.8,55825.2,209965,2694195
1755578700000,55825.2,55917.6,55800,55905,67235,2683520
1755582300000,55902,56008.4,55888,56008,120435,2641170
1755585900000,56008,56047,55953.2,56005,94745,2624405
1755589500000,56005.6,56029,55883.4,55905.8,56280,2613170
1755593100000,55907.2,56008.2,55900,55965.2,54670,2597770
1755596700000,55974.8,55985,55941,55960,40915,2587515
1755661500000,55735,55904.8,55701.6,55813,205240,2593605
1755665100000,55819,55830,55725.2,55814.6,75950,2611280
1755668700000,55814.6,55817,55753,55802,32585,2624580
1755672300000,55802,55868,55792.2,55834.6,54950,2622410
1755675900000,55825,55894,55780.6,55869.8,59150,2623845
1755679500000,55872.8,55881,55796,55811.2,73500,2631440
1755683100000,55814.6,55830,55800,55803.6,46515,2626435
1755747900000,55921.2,56094.8,55843,56044.2,254310,2606380
1755751500000,56049.8,56085,56020,56038,74725,2605645
1755755100000,56038.2,56074,55942.2,55946,86030,2622200
1755758700000,55945,55984.8,55905.6,55970,52430,2633750
1755762300000,55970,55986,55853,55986,73255,2641765
1755765900000,55988,56014.8,55893.8,55896.2,61075,2626575
1755769500000,55898.8,55918.8,55830.6,55841.6,49770,2619505
1755834300000,55799.6,55821.6,55412,55470.2,401835,2696050
1755837900000,55472,55472,55370,55430,147525,2751210
1755841500000,55430,55485.2,55366,55420.4,101290,2722475
1755845100000,55420.4,55448.2,55388.6,55416.2,42385,2713690
1755848700000,55416.2,55465.2,55388,55390.2,52010,2702980
1755852300000,55390.8,55390.8,55225,55292.6,262465,2716105
1755855900000,55295,55299,55239.4,55260,95585,2710330
1756093500000,55368.8,55418,55168.2,55186.2,248955,2659510
1756097100000,55186.8,55296.2,55170.4,55240,88340,2652335
1756100700000,55240,55325,55231.6,55314.4,65205,2634450
1756104300000,55317.8,55350,55295,55344.4,55685,2598225
1756107900000,55344.4,55345.2,55272.4,55303.6,57575,2578765
1756111500000,55306,55334.6,55216.6,55247.8,131530,2556575
1756115100000,55256.4,55267.2,55235,55235.2,41685,2547440
1756179900000,55149.8,55149.8,54552.2,54655,432005,2310910
1756183500000,54641.2,54708,54601.2,54689.8,248395,2256205
1756187100000,54691,54799,54670,54684.8,179585,2185575
1756190700000,54685,54719.6,54635,54685.2,142135,2152220
1756194300000,54690,54704.8,54555,54568.6,164185,2080050
1756197900000,54560.4,54606,54500,54505.2,200900,2022475
1756201500000,54507,54542.2,54455.2,54470,147210,1938580
1756352700000,54398.6,54424.2,53948.8,54090.2,659470,1448930
1756356300000,54098.4,54390,54056.2,54290,200375,1340045
1756359900000,54282,54375,54169.2,54237.8,192465,1189475
1756363500000,54244.8,54250,54000,54030.6,174615,1115835
1756367100000,54037,54080,53938.8,54051.2,242900,1055845
1756370700000,54047.6,54071,53779,53815.8,390810,886585
1756374300000,53817,53836,53803.8,53817.2,135835,783895
1756439100000,54284,54414.6,54156.6,54270.2,245910,2814105
1756442700000,54270.2,54479,54270,54401.6,147735,2818865
1756446300000,54402.2,54443,54320,54370,84315,2822190
1756449900000,54370.2,54380,54200,54201,86870,2833565
1756453500000,54200,54270,54100,54175,90300,2857645
1756457100000,54184.6,54238,54005.2,54008,123725,2884035
1756460700000,54009,54110,54009,54100,66045,2893205
1756698300000,54158,54367.2,54116.6,54257.4,255045,2855055
1756701900000,54254,54293.4,54166,54228,109305,2872555
1756705500000,54228,54256,54116.4,54191,67025,2892680
1756709100000,54191,54310,54167.6,54299.2,84280,2883125
1756712700000,54300,54333,54250.2,54316,80815,2874445
1756716300000,54316,54385,54244.2,54367.8,86485,2881760
1756719900000,54367.8,54380,54360,54373.6,43505,2872905
1756784700000,54399.8,54500,54260,54427,255780,2834265
1756788300000,54427,54458.4,54374.6,54407.8,98980,2831850
1756791900000,54408.8,54428.2,54354.2,54369,54565,2837905
1756795500000,54369,54442,54330,54345,63000,2839760
1756799100000,54345.6,54345.6,53950,54039.8,273385,2930935
1756802700000,54017.6,54120,54014,54046,127155,2968280
1756806300000,54050.2,54077.4,54011,54011,50050,2974510
1756871100000,54011.4,54208.6,53915,54186,300860,2944165
1756874700000,54195,54198,54011.6,54071.8,92505,2945670
1756878300000,54061,54133,54017.2,54124.2,57295,2965760
1756881900000,54124,54175,54002,54042.4,81970,2972970
1756885500000,54042.4,54221,54028.8,54185,85505,2968175
1756889100000,54189.4,54428.4,54171.6,54391,233975,2901255
1756892700000,54391,54404.8,54356,54391,77560,2890965
1756957500000,54526.2,54670,54444,54460,416920,2862860
1756961100000,54452.6,54530.4,54375,54419.2,164115,2879030
1756964700000,54410.4,54480.8,54380,54409.8,61145,2872870
1756968300000,54409.8,54499,54342.2,54442.2,83370,2874480
1756971900000,54457.8,54495,54361,54370,57260,2876475
1756975500000,54367,54373.8,54211.8,54268.8,192605,2885505
1756979100000,54269.2,54330,54262.2,54324.6,69090,2882985
1757043900000,54366.2,54475.6,54148.2,54155.6,227535,2870035
1757047500000,54150,54194,53977.6,54165,204995,2906470
1757051100000,54166.8,54194.8,54076,54081,56140,2903355
1757054700000,54076,54100,53983.8,54097.4,78540,2926350
1757058300000,54095,54434.8,54090,54320,233345,2893940
1757061900000,54330.6,54420,54305,54350,102655,2867410
1757065500000,54355,54388.4,54340,54347.6,76125,2854845
1757303100000,54444,54549,54335.2,54421,202930,2807665
1757306700000,54420,54495,54359.4,54495,70700,2814840
1757310300000,54491.6,54575,54472.2,54544.6,102025,2808295
1757313900000,54555,54625,54505.8,54616,84910,2790935
1757317500000,54618.6,54620,54491.2,54555,65345,2783130
1757321100000,54555,54786.6,54460.4,54506,345905,2767940
1757324700000,54502,54525,54475,54502,54355,2777845
1757389500000,54555,54700,54416.4,54437,139230,2780190
1757393100000,54437,54480,54390,54465.4,70035,2801925
1757396700000,54461.2,54475.8,54332.6,54389,93415,2826705
1757400300000,54390,54444.6,54370.4,54421.4,45640,2830065
1757403900000,54421.4,54475,54410.2,54475,46095,2836680
1757407500000,54474,54510,54420.6,54460,79800,2818410
1757411100000,54460.2,54482.4,54450,54479,54460,2804060
1757475900000,54730,54802,54570.6,54713.2,275870,2750335
1757479500000,54713.2,54948,54712.8,54865.4,297360,2758735
1757483100000,54865.4,54880,54785,54833,68880,2718520
1757486700000,54833,54859.4,54730.4,54735.2,52080,2709315
1757490300000,54746.8,54845,54710,54802,88270,2705255
1757493900000,54802,54803,54719.8,54797.6,88130,2719430
1757497500000,54797.6,54810.8,54771.8,54795,71330,2717645
1757562300000,54723,54870.8,54664.8,54758.8,172620,2681105
1757565900000,54759.2,54847.2,54758,54838,58555,2686320
1757569500000,54838,54867.2,54773.6,54859.2,52640,2681420
1757573100000,54865.4,54928,54863.8,54890,122115,2673860
1757576700000,54890,54935,54865,54930,64015,2639735
1757580300000,54930,54941.6,54827,54873,93800,2626610
1757583900000,54875.6,54894.6,54850.8,54879.6,42280,2613170
1757648700000,54949.8,54970,54817.6,54931,153895,2588635
1757652300000,54921.2,54977,54888,54951,66465,2580375
1757655900000,54963.8,55071,54952.8,55000.4,114100,2555350
1757659500000,55013.8,55040,54974.8,55021.2,47915,2540965
1757663100000,55025,55047.8,54971,55020,45640,2523850
1757666700000,55020,55036,54992,55010,54495,2498335
1757670300000,55007.8,55020,55000,55008,64435,2490180
1757907900000,55070,55134.2,55021.2,55097,143955,2481640
1757911500000,55103.2,55150,55072,55119,68145,2499630
1757915100000,55120,55193.6,55091.6,55174,87465,2513910
1757918700000,55174,55180,55124.4,55150,29015,2511775
1757922300000,55150,55167.4,55068.8,55111.8,44940,2505860
1757925900000,55111.8,55168,55085,55115,50890,2498370
1757929500000,55115,55127.8,55100.8,55103.4,44975,2489025
1757994300000,55073.4,55300,55055,55260.8,245840,2484090
1757997900000,55264.2,55292.8,55220.8,55285,68495,2471455
1758001500000,55285,55346,55254,55305.8,80850,2455810
1758005100000,55305.6,55348,55240,55279,74095,2440725
1758008700000,55275.2,55309.4,55231,55276.4,56945,2411430
1758012300000,55270,55340,55270,55335.6,112070,2391200
1758015900000,55330.6,55359.8,55320,55350,76300,2370690
1758080700000,55370.2,55552,55360,55470.2,257355,2383325
1758084300000,55470,55585.6,55421,55565,149485,2345140
1758087900000,55565,55574.4,55524,55558,34545,2346855
1758091500000,55556.6,55630,55550,55611.8,109270,2351895
1758095100000,55612.4,55650,55565.2,55590,124495,2300130
1758098700000,55590,55744.4,55580,55700,192850,2266075
1758102300000,55692.4,55715,55666.8,55702,103845,2210565
1758167100000,55900,55987,55771.2,55936.6,333235,2118025
1758170700000,55930,55994,55915,55956,76545,2104655
1758174300000,55956,55976,55888,55941.6,102060,2097655
1758177900000,55941.6,55944,55652.6,55738.4,183155,2079770
1758181500000,55725.2,55843.6,55700,55770,114870,2088240
1758185100000,55770,55900,55723.2,55875.4,161595,2070495
1758188700000,55875.2,55907.4,55873.2,55875,80080,2094400
1758253500000,55848.6,55857.4,55620,55690,210700,2050230
1758257100000,55684.2,55749,55565,55580,197890,2018660
1758260700000,55580,55629.8,55550,55618,103845,2007530
1758264300000,55619.8,55650,55570,55650,44870,2013865
1758267900000,55650,55706.6,55635,55685.4,73325,2015650
1758271500000,55685.4,55694,55581.2,55650,75775,2006970
1758275100000,55650,55680,55640,55655,68915,1997205
1758512700000,55594.8,55795.8,55521.8,55769.4,201565,1992725
1758516300000,55763,55841.6,55738.8,55755,88270,2001265
1758519900000,55755,55774,55680,55736.2,58695,1989680
1758523500000,55736.2,55790,55725.2,55769,25165,1990310
1758527100000,55780,55780,55660,55702.4,83930,1965075
1758530700000,55699.6,55699.6,55427.6,55478.8,275765,1899625
1758534300000,55478.8,55494,55454.2,55460,47495,1901270
1758599100000,55460.2,55529.4,55355.4,55484.2,146160,1890210
1758602700000,55484.2,55492.4,55374.6,55377.6,57155,1892380
1758606300000,55376.4,55487,55357.4,55481,46095,1890280
1758609900000,55481,55739,55470,55681.6,219100,1916495
1758613500000,55688.2,55823,55681.4,55730,202650,1960315
1758617100000,55715,55775.6,55651.2,55736.6,113960,1970360
1758620700000,55718.2,55749,55712,55747.8,51555,1957655
1758685500000,55698.2,55698.2,55375,55451.2,330435,1886430
1758689100000,55451,55480,55165.2,55240.8,306390,1876770
1758692700000,55236.8,55299,55215,55296.8,97230,1861965
1758696300000,55297.8,55375,55259,55375,87955,1853915
1758699900000,55375,55441.2,55280,55280,97965,1852200
1758703500000,55280,55320,55191.2,55268,116410,1874355
1758707100000,55265,55278,55240.8,55252,46410,1860915
1758771900000,55181,55375,55070,55314,195790,1639050
1758775500000,55315.8,55336.6,55238.4,55307,76790,1640730
1758779100000,55310,55348.4,55175,55208,91000,1652385
1758782700000,55208,55439,55200,55374.6,108430,1660190
1758786300000,55389,55426.4,55321.4,55360,102445,1676780
1758789900000,55360,55375,55101.6,55130,237475,1705830
1758793500000,55133.2,55165,55086,55103,92400,1691690
1758858300000,54949.2,55046,54700,54777,257740,1590120
1758861900000,54777,54830.4,54666,54700,193760,1588895
1758865500000,54700,54726.6,54655,54686,116550,1615530
1758869100000,54690.8,54738,54652.2,54679.8,76615,1631280
1758872700000,54679.4,54688.6,54404.6,54450,241745,1617490
1758876300000,54450,54520,54417,54480,115010,1598170
1758879900000,54480,54495,54442.2,54479,77385,1590120
1759117500000,54545.6,54720.4,54486.2,54677.6,237405,1403045
1759121100000,54694,54822,54603,54608.6,158480,1352785
1759124700000,54621.4,54634.8,54336,54350,240765,1309490
1759128300000,54350,54580,54301.2,54575,129850,1307250
1759131900000,54566,54730,54518,54672.6,247590,1242325
1759135500000,54681.4,54709.2,54463.8,54559.6,257390,1198260
1759139100000,54561.2,54631,54523.8,54610,79730,1200115
1759203900000,54700,54825,54577,54599,233730,813330
1759207500000,54590.4,54700,54520.2,54673,134400,798875
1759211100000,54674,54700,54564.8,54678.4,87675,774095
1759214700000,54678.4,54765,54674,54721,107100,740740
1759218300000,54721,54749.8,54558.2,54610,123690,715995
1759221900000,54600,54739.4,54538.2,54641,186830,645645
1759225500000,54637.2,54650,54630,54634,68670,591255
1759290300000,55099.8,55245,54940,55230.2,385840,1908550
1759293900000,55227.2,55363,55161.2,55350,289800,1942605
1759297500000,55350,55649,55350,55574,320810,1941905
1759301100000,55576.2,55598,55460,55536.4,129745,1937355
1759304700000,55546.2,55679.8,55508.8,55639.2,169540,1942815
1759308300000,55640.4,55675,55587.2,55625,143255,1925735
1759311900000,55627.8,55709,55620,55662,114975,1924860
1759463100000,55620.6,55850,55590,55781,269570,1947435
1759466700000,55786.6,55788.6,55657,55765,69615,1960945
1759470300000,55763.4,55849,55731.2,55808,63700,1961435
1759473900000,55815.8,55840,55760,55826.8,45430,1957725
1759477500000,55826.8,55834.6,55760,55792.6,39235,1959895
1759481100000,55792.6,55890,55780,55850.6,105945,1965775
1759484700000,55859,55860,55824,55856,56210,1946490
1759722300000,55951.2,56174,55916.2,56170,301315,1900535
1759725900000,56174,56243.8,56135.2,56236.4,111545,1895355
1759729500000,56236.4,56285,56190,56285,97370,1900535
1759733100000,56285,56362.6,56262.4,56350.8,116830,1911350
1759736700000,56356,56375.8,56252.4,56277.6,76440,1900745
1759740300000,56271,56331.6,56266,56310.2,63035,1905050
1759743900000,56318.8,56318.8,56277.2,56300,74970,1892170
1759808700000,56300,56550,56230,56499.8,279790,1878835
1759812300000,56500,56551.8,56471.6,56479.4,101745,1862175
1759815900000,56479.4,56600,56370,56571.8,146440,1847265
1759819500000,56571,56607.6,56538,56588.4,78085,1854300
1759823100000,56588.4,56682,56555,56619.4,104160,1849995
1759826700000,56619.4,56640,56453.6,56458.8,130200,1818250
1759830300000,56456,56472.6,56425,56472.6,63490,1798580
1759895100000,56460.2,56514.6,56280,56319.6,202860,1748950
1759898700000,56319.6,56346,56081,56081,199710,1716085
1759902300000,56085,56196.6,56043,56147.8,137515,1715000
1759905900000,56154.8,56380,56082,56344.4,139335,1742510
1759909500000,56339.8,56440.2,56285,56319.8,142835,1786260
1759913100000,56320,56325,56200,56205,100975,1759205
1759916700000,56205,56230,56190,56207,67970,1739010
1759981500000,56205,56330.4,56106,56168,172480,1681820
1759985100000,56160.2,56409.8,56154.6,56404.4,122185,1676220
1759988700000,56404.4,56499,56374.6,56395.2,142870,1695085
1759992300000,56395.2,56446.4,56316,56349.8,68880,1678320
1759995900000,56349.8,56495,56347.4,56422.6,75215,1692635
1759999500000,56428,56447.6,56340.2,56400,81690,1699950
1760003100000,56395,56424,56375,56397.6,42595,1691165
1760067900000,56397.8,56770,56389.4,56758,287035,1747095
1760071500000,56759,56910,56755,56890,203245,1788990
1760075100000,56890,56908.6,56842,56873,59675,1781325
1760078700000,56872.8,56985,56862.6,56948,97685,1802570
1760082300000,56948,57009,56910,56925,92855,1821015
1760085900000,56925,56970,56810,56858.8,155400,1783145
1760089500000,56859,56918,56840,56897.2,52430,1776565
1760327100000,56578,56782,56575,56719.6,252420,1789095
1760330700000,56719.6,56879.2,56692.4,56820,133035,1805265
1760334300000,56811,56850,56731,56805.6,58135,1802465
1760337900000,56805.6,56852.2,56743.8,56827.2,30625,1804250
1760341500000,56840.4,56865,56780.2,56840.2,52885,1797145
1760345100000,56840.2,56950,56825.2,56838,117320,1787695
1760348700000,56838,56891.4,56831,56891.4,47810,1786645
1760413500000,56891.2,56935.2,56716,56783.4,232680,1742720
1760417100000,56778.8,56847.6,56635,56667.8,114835,1733025
1760420700000,56666,56666,56486.6,56499,235900,1664670
1760424300000,56498,56557.2,56461.2,56503.6,92470,1670340
1760427900000,56503.6,56630,56482.6,56600.4,68705,1675240
1760431500000,56605.6,56774.6,56572.4,56725,180565,1680735
1760435100000,56724,56725,56649.4,56654.4,41650,1678740
1760499900000,56784.8,56921.8,56727.4,56891.8,183190,1652945
1760503500000,56900,57075,56900,57010,222705,1697745
1760507100000,57010,57047.4,56981,57003.2,46410,1707055
1760510700000,57003.2,57086,56946.6,57047.6,86380,1728825
1760514300000,57048.2,57098,56970,56996.8,81900,1728510
1760517900000,56990.8,57029,56921.4,56982,73920,1709190
1760521500000,56983,57002.2,56974,56995,57295,1699880
1760586300000,57250,57285.4,57130.2,57151,305445,1678740
1760589900000,57149.6,57268.2,57144.4,57234.2,67655,1683500
1760593500000,57234.2,57271.2,57201,57271.2,36610,1682730
1760597100000,57271.2,57404.2,57271.2,57404.2,171675,1699460
1760600700000,57404,57580,57404,57557,206395,1731275
1760604300000,57557,57591.8,57450,57470,150990,1730295
1760607900000,57479.8,57515,57466.6,57484,69440,1728825
1760672700000,57469.8,57624.8,57400,57621.6,264320,1707825
1760676300000,57622,57913.6,57589,57897.8,257845,1755565
1760679900000,57900,57920.2,57735,57837.4,136395,1781430
1760683500000,57839.2,57885,57500,57580.6,180180,1679265
1760687100000,57580.6,57650,57412.4,57625.6,209615,1624210
1760690700000,57635.2,57799,57580.2,57738.4,151515,1650005
1760694300000,57732,57783.8,57721,57780.2,87325,1665965
1760931900000,57835,58250,57835,58050,367850,1644160
1760935500000,58039.8,58220,58025.2,58185,125685,1648465
1760939100000,58185.8,58200,58105.6,58169,114345,1678810
1760942700000,58161,58188.8,58120,58183,65625,1695050
1760946300000,58183,58209,58112.6,58135,98700,1696030
1760949900000,58134.2,58162,57967,58079.8,137760,1674925
1760953500000,58076.4,58133.8,58076.4,58117,69160,1693685
1761032700000,58098.8,58160,58011,58051,92995,1681085
1761036300000,58045.2,58069,57881.4,57894.6,149310,1642270
1761191100000,58305.2,58540,58123,58526.4,406245,1657775
1761194700000,58541.4,58558.4,58435,58527.4,84980,1651895
1761198300000,58527.4,58570,58481.4,58543.8,84595,1664810
1761201900000,58550,58576.6,58420.4,58482,151620,1662955
1761205500000,58482,58520,58250,58277.6,160545,1626940
1761209100000,58276.8,58325,58088,58101,227325,1610455
1761212700000,58100,58130,57980.2,57983.2,107765,1578290
1761277500000,58090.2,58159.8,57972.8,57986.8,197260,1506050
1761281100000,57986.6,57993.6,57761,57860.2,172725,1479660
1761284700000,57860.2,57898.8,57778,57876.6,128415,1444765
1761288300000,57878.6,57933.8,57682.4,57740,160615,1430730
1761291900000,57730,57740,57498.4,57624.2,258160,1480010
1761295500000,57624.2,57730,57575.2,57705.8,222530,1541575
1761299100000,57707,57741.8,57684.8,57708.8,58625,1540875
1761536700000,57762.2,58150,57740.8,58137.2,314510,1291185
1761540300000,58144.8,58228.4,58136.6,58186.6,158760,1303260
1761543900000,58192.4,58274.2,58082.6,58246.8,158585,1302490
1761547500000,58243.2,58255.4,58106,58149,110075,1305640
1761551100000,58151,58154,57979.6,58059.8,216195,1318765
1761554700000,58059.4,58188,58059,58131.6,129640,1341200
1761558300000,58130.4,58266,58120,58263.4,95690,1341725
1761623100000,58143,58341.4,57865,57938.2,289555,920780
1761626700000,57935,57974.6,57725,57824.2,178150,893655
1761630300000,57833,57977,57811.2,57922.2,126840,856730
1761633900000,57922.2,58220,57903,58139.2,145145,795830
1761637500000,58156.2,58240.4,58014.8,58075,149800,801535
1761641100000,58075,58231.6,57928.4,58214.8,173320,657510
1761644700000,58216.8,58240,58209,58224.8,56840,632100
1761709500000,58620,58656,58459.2,58520,227080,1816465
1761713100000,58520,58690,58475.2,58555,138250,1829135
1761716700000,58550,58722,58546.2,58697.8,125755,1854545
1761720300000,58699,58750,58657.2,58750,121695,1878765
1761723900000,58735,58830,58692,58749,180110,1908620
1761727500000,58751,58792,58706,58760,154665,1976835
1761731100000,58762.2,58795.4,58750,58790,119665,2012150
1761795900000,58600.2,58677,58375,58580.6,296310,1742615
1761799500000,58581.6,58650,58500,58575,91665,1753430
1761803100000,58577.2,58619,58477.2,58509,45920,1752765
1761806700000,58510.2,58556.6,58451,58527.2,80045,1739010
1761810300000,58543,58587.8,58430,58473,69930,1738205
1761813900000,58454.8,58520,58398.6,58428,99260,1712900
1761817500000,58427.8,58445,58417.2,58426.8,42560,1709785
1761882300000,58362,58589.6,58300,58385,226975,1695190
1761885900000,58392,58392,58050.2,58136.8,208390,1698935
1761889500000,58122,58360,58110,58277.6,98665,1692950
1761893100000,58270.6,58316.8,58204.8,58260.8,52360,1695785
1761896700000,58260.8,58300,58160,58213.8,62090,1703100
1761900300000,58214.8,58330,58162.4,58173.4,100065,1699775
1761903900000,58174.6,58205,58169.8,58189,54845,1709470
1762141500000,58141.8,58379.8,58080,58289.6,255430,1733445
1762145100000,58272.2,58444.4,58250,58415.2,143220,1756300
1762148700000,58415.4,58417.4,58268.6,58325,67375,1758680
1762152300000,58324,58441,58322.8,58432,65100,1770930
1762155900000,58432,58475,58389.4,58455,83335,1795465
1762159500000,58459,58499,58354.2,58391.2,104440,1788395
1762163100000,58394.2,58437.8,58392.6,58429,53130,1777230
1762227900000,58409.8,58409.8,58112,58155,303765,1742860
1762231500000,58155,58279,58100,58200,103670,1758575
1762235100000,58191.4,58200,58074.8,58172.8,60445,1762880
1762238700000,58172.8,58178.8,58101,58144,27195,1759135
1762242300000,58144,58220,58091.4,58130,77560,1754865
1762245900000,58128,58168.8,58088,58126,68110,1754445
1762249500000,58134.4,58145,58096.4,58100,73395,1748530
1762400700000,58099.4,58194.4,57902,57902,208635,1768060
1762404300000,57902,58004.6,57897,57925.6,82180,1791265
1762407900000,57927.8,57948.2,57834.4,57884,122010,1836940
1762411500000,57887,58066,57852.6,57998.4,99120,1832460
1762415100000,57998.6,58032.6,57880.4,57941,53585,1848070
1762418700000,57946.2,57978,57867.2,57880,79205,1871625
1762422300000,57882.4,57904.4,57867,57887.8,47915,1868615
1762487100000,57800,57800,57450.4,57585.2,323015,1861125
1762490700000,57574,57900,57551.8,57887,193585,1855560
1762494300000,57877.8,58125,57858.2,58021.4,230405,1875930
1762497900000,58020.8,58220,57992.6,58165,168175,1860740
1762501500000,58159.2,58299,58066,58120.2,166705,1848455
1762505100000,58120.2,58266,58105,58171,92680,1852830
1762508700000,58169,58229,58169,58218,57260,1857800
1762746300000,58200,58358,58158.8,58274,178325,1861685
1762749900000,58281,58349,58240,58310.8,69825,1890280
1762753500000,58310.8,58383.8,58271.4,58288.2,62580,1900850
1762757100000,58288.2,58365,58282.8,58305,38745,1910650
1762760700000,58305,58340.8,58227.4,58295,59675,1929025
1762764300000,58295,58356,58250,58256.2,96810,1956465
1762767900000,58266,58273,58218,58220.6,81025,1979040
1762832700000,58220.6,58289.8,57942,57962,244965,1981630
1762836300000,57961.2,57995,57862.2,57957.4,150220,2028530
1762839900000,57955,58124.4,57913.4,58080,69895,2013060
1762843500000,58080,58229.8,58073.4,58225,117355,1997415
1762847100000,58225,58400,58215.2,58302.6,186585,1973125
1762850700000,58302.6,58380.8,58285.6,58365,83335,1972005
1762854300000,58362.6,58398.8,58344.2,58392,66745,1968295
1762919100000,58606,58650,58500.4,58540,234115,1948870
1762922700000,58551,58599.8,58462.8,58555,111895,1951600
1762926300000,58571.4,58611.8,58515.4,58565,93205,1949290
1762929900000,58565,58692.2,58550,58649.6,118965,1930320
1762933500000,58662.2,58684.4,58538,58572.6,74725,1918490
1762937100000,58565.6,58606.8,58525,58529.8,67480,1895110
1762940700000,58526.2,58535,58490,58490,70210,1889265
1763005500000,58449.8,58670,58360,58650,226660,1866270
1763009100000,58650,58774.8,58642.2,58721.2,183015,1817060
1763012700000,58720.8,58775,58671.6,58761.6,80710,1786855
1763016300000,58761.4,58772,58650.2,58730,60970,1769215
1763019900000,58720,58751.6,58500,58555.2,116585,1740025
1763023500000,58550,58629.8,58505,58532.4,88655,1740270
1763027100000,58539.8,58597,58515.2,58527.2,62475,1733410
1763091900000,58384,58661,58300.2,58484.2,269710,1701770
1763095500000,58470,58630,58400,58602.2,144340,1702400
1763099100000,58609.8,58650,58491.6,58600,87500,1700160
1763102700000,58601.8,58625,58490.8,58524.6,57505,1706005
1763106300000,58515.2,58567,58376,58449.8,124180,1742370
1763109900000,58435.2,58679,58409.4,58657.8,155645,1734355
1763113500000,58657.8,58690,58633,58682,101255,1721755
1763351100000,58761.2,59058,58695.8,58968,357315,1744680
1763354700000,58968,59042,58951,59008.2,70385,1745555
1763358300000,59006.4,59020,58913.4,58994.6,64435,1739710
1763361900000,58994.6,59067.4,58975.8,59030,75040,1752415
1763365500000,59030,59055,59001,59035.6,45430,1754725
1763369100000,59035.6,59038.2,58973,59008.6,75390,1755110
1763372700000,59015,59058.8,59006,59058.4,67585,1752415
1763437500000,59009,59049,58899,58945.2,185430,1727565
1763441100000,58945,59058.4,58936.6,59055,86660,1732605
1763444700000,59055,59099.8,59008,59035,67305,1734775
1763448300000,59035,59075,59001,59061.2,47740,1732150
1763451900000,59061.2,59132.4,59060,59119.4,64540,1739850
1763455500000,59120,59122,58955.4,58989,106330,1714860
1763459100000,58988.4,58999,58940,58950,58030,1716855
1763523900000,58970.6,59039.8,58773,58931.6,246330,1721965
1763527500000,58944.4,58974.6,58833.6,58851,96600,1715840
1763531100000,58847.8,58995,58838,58986,48650,1709330
1763534700000,58993.2,59174.2,58968.6,59135,193305,1702400
1763538300000,59138,59166,59015,59153,58450,1694910
1763541900000,59155,59263,59150,59223.8,173460,1700755
1763545500000,59218.6,59254,59212.6,59247,68145,1689380
1763610300000,59300,59330,59212,59270,204575,1675485
1763613900000,59263,59295,59200,59270,62545,1685530
1763617500000,59270,59310,59256.2,59280.2,39690,1684865
1763621100000,59270.6,59448.8,59250.2,59361.4,127015,1672930
1763624700000,59379.8,59461.2,59352.2,59448.2,112175,1681540
1763628300000,59447.2,59466.8,59362.6,59390.2,97755,1665965
1763631900000,59400,59427.2,59383.8,59402,47740,1659840
1763696700000,59250,59289,59008.6,59041.2,346640,1603630
1763700300000,59024.2,59045.4,58885,58995,276605,1627710
1763703900000,58996,59055.4,58962,59054.2,135975,1692040
1763707500000,59040.2,59175,59036,59074.8,162575,1678285
1763711100000,59074.8,59140,58988.2,59120.2,153230,1722840
1763714700000,59130,59148.8,58848.4,58886,314545,1851920
1763718300000,58885.8,58923.6,58824.2,58876.4,138880,1893325
1763955900000,58905,59137,58903.2,59137,276430,1301300
1763959500000,59137,59250,59109.6,59197.4,152075,1240015
1763963100000,59204.8,59299,59176.2,59213.6,116060,1206310
1763966700000,59207.6,59252,59150,59222.8,68915,1194130
1763970300000,59222.8,59249.6,59165,59177.4,70665,1189860
1763973900000,59177.4,59195.4,58897.8,58913,203805,1157345
1763977500000,58913,58925.4,58712.6,58770.8,122990,1133090
1764042300000,58826.2,59071,58770,59035,188195,945700
1764045900000,59042.8,59065,58756,58814.2,117075,895405
1764049500000,58820,59002.4,58802,58970,97580,861630
1764053100000,58979.6,58979.6,58819,58940,53305,814345
1764056700000,58946.2,59145.2,58920.6,59116.2,144060,773710
1764060300000,59127.2,59165.6,58738.6,58822.4,200655,657020
1764063900000,58828.6,58837.4,58813.8,58834.2,41090,629405
1764128700000,59300,59891,59265,59811,597135,1425480
1764132300000,59816.8,59862.4,59735.2,59776.8,114100,1455475
1764135900000,59776.8,59809.6,59679.2,59762,56210,1445290
1764139500000,59776.8,59829.4,59707,59816,89075,1461740
1764143100000,59817.8,59844,59756,59803.6,73605,1473255
1764146700000,59803.6,59823,59756,59822.6,89950,1480080
1764150300000,59821,59840,59800.2,59835,79660,1501675
1764215100000,59889.8,60079,59845,60029.8,267155,1467375
1764218700000,60029.8,60164,59978,60126.2,103810,1496565
1764222300000,60124.8,60132,59990.6,60039,74725,1518790
1764225900000,60039,60125,59910,59910,99050,1547910
1764229500000,59901,59947.2,59762.4,59915.2,231140,1563940
1764233100000,59918,60040,59890,59995,90510,1597960
1764236700000,59991,60070.2,59970,60066.8,63560,1578185
1764301500000,59605.4,60100,58900,60025,131810,1577065
1764305100000,60025,60148,59990,60130,81130,1591730
1764308700000,60130,60165.6,60052.2,60067,44870,1590995
1764312300000,60067,60116,60025,60066,35280,1587880
1764315900000,60052.2,60097.4,59982,60005,49420,1582420
1764319500000,60005,60109.8,59985,60042.8,87045,1612135
1764323100000,60060.2,60087.6,60032.6,60080,52675,1596770
1764560700000,60230,60299.8,60118.2,60282.4,251195,1567335
1764564300000,60285,60353.2,60190.4,60250,111860,1592780
1764567900000,60250,60268.6,59892.4,59955,227640,1599920
1764571500000,59950,60025,59890,60021,103460,1597050
1764575100000,60021,60042,59919.8,60009.8,54985,1600585
1764578700000,60009.8,60009.8,59834,59959,142940,1567405
1764582300000,59964.8,59970,59888,59891,66185,1563800
1764647100000,59790.8,59847.8,59711,59736.4,198170,1556100
1764650700000,59734.2,59950,59722.2,59851,105735,1549415
1764654300000,59853,59884.8,59775.2,59832.2,38185,1548820
1764657900000,59814.8,59914.2,59784.2,59794.8,67060,1555890
1764661500000,59794.8,59822,59720.2,59770,111965,1548960
1764665100000,59765.2,59781,59622,59676,226695,1521520
1764668700000,59675.8,59700,59636.8,59695,86450,1511265
1764733500000,59690,59694.4,59363,59415,377160,1568280
1764737100000,59414.6,59414.6,59327.2,59376.8,143920,1616755
1764740700000,59374,59585,59314.8,59549.6,160790,1634605
1764744300000,59549.8,59565.8,59460,59473.8,60235,1643950
1764747900000,59473.8,59535,59383,59490,92225,1663025
1764751500000,59497,59799,59459.2,59751.4,274645,1614095
1764755100000,59753,59780,59728.8,59767,96215,1630440
1764819900000,59764.6,59764.6,59561,59717,160440,1613570
1764823500000,59727,59865.8,59712.4,59738.6,134295,1610000
1764827100000,59732.2,59748.8,59591.8,59612.6,120785,1627780
1764830700000,59612.6,59655,59489,59559.8,127715,1670760
1764834300000,59545,59610,59440,59549,149065,1695610
1764837900000,59550,59689.4,59511,59630.2,115080,1712480
1764841500000,59639.8,59659,59605,59647.2,59255,1705655
1764906300000,59647.2,60025.2,59556.4,59944.2,575610,1680140
1764909900000,59948.2,60063.2,59714,59949,367640,1737260
1764913500000,59953.6,59990,59886.6,59891,97300,1743070
1764917100000,59881,60119.2,59856,60043.4,187740,1726935
1764920700000,60043.8,60098.8,59970,60020,65800,1727565
1764924300000,60020,60058,59911,60041.6,90370,1717170
1764927900000,60041.6,60084,60030,60080,96495,1739045
1765165500000,60110,60110,59836.2,59909,223300,1497615
1765169100000,59905.4,59960,59711.6,59773.2,179550,1527330
1765172700000,59780,59805.6,59697.6,59719,157920,1580215
1765176300000,59721,59739.6,59500,59680.6,243040,1641570
1765179900000,59684.4,59684.4,59400,59460,243565,1729420
1765183500000,59454.8,59640,59400,59574.2,150745,1776845
1765187100000,59575,59575,59465,59472,76090,1802500
1765251900000,59400,59462.4,59220.6,59420,312480,1808940
1765255500000,59411.6,59625,59366,59600,162995,1840020
1765259100000,59600,59619.4,59443.4,59600,104335,1845865
1765262700000,59605,59640,59493,59560,60025,1849505
1765266300000,59560,59680,59551.6,59595,100590,1827315
1765269900000,59582.4,59594.2,59480.4,59536.4,122885,1801520
1765273500000,59535.4,59550,59517.6,59546,62965,1801170
1765338300000,59556,59678,59430,59644,164220,1760745
1765341900000,59643.4,59692,59375,59444.8,121905,1770440
1765345500000,59438.4,59453.4,59222.8,59305,162785,1795255
1765349100000,59305,59320,59170,59251,80990,1821610
1765352700000,59251,59375,59160.6,59179.8,102270,1834140
1765356300000,59173,59311.6,59150,59226.8,129080,1874810
1765359900000,59248.6,59263,59200,59208,48895,1873935
1765424700000,59310,59422,59085,59390,265020,1853145
1765428300000,59399,59539,59370.2,59440,191205,1823920
1765431900000,59440,59719.2,59424.8,59660,176785,1804285
1765435500000,59664,59690,59373.2,59427.6,146335,1790845
1765439100000,59425,59541.6,59396.6,59462.4,69370,1773590
1765442700000,59463,59576,59430,59497.8,81130,1757735
1765446300000,59497.8,59517.2,59481,59495,45185,1755950
1765511100000,59610,59800,59585.4,59715,272615,1742370
1765514700000,59715.2,59757.8,59455.6,59511,179830,1762600
1765518300000,59515.4,59700.2,59510.2,59625,114310,1758050
1765521900000,59630,59670,59581,59648,15015,1760290
1765525500000,59648,59698.4,59571,59659.2,38570,1758680
1765529100000,59659.2,59681,59609.2,59656,59010,1745625
1765532700000,59658.4,59676.8,59635.2,59645,56105,1743140
1765770300000,59599.8,59599.8,59348,59448,224280,1763440
1765773900000,59440,59499.8,59356.2,59481.2,61810,1766030
1765777500000,59481.2,59734,59450,59713.2,199710,1711885
1765781100000,59713.2,59743.4,59650,59740.6,68320,1723715
1765784700000,59739.8,59750,59634,59654.8,64540,1725080
1765788300000,59667.8,59712.8,59652.8,59692,37520,1719760
1765791900000,59691.6,59694.2,59655.2,59680,37660,1714895
1765856700000,59550,59600,59282.2,59341.8,431165,1781500
1765860300000,59340.6,59398,59320.6,59338,45675,1787485
1765863900000,59339.4,59370,59243.4,59300,90510,1818950
1765867500000,59300,59373.8,59286.8,59308.8,67865,1835015
1765871100000,59308.8,59394.4,59290,59307.6,59815,1834560
1765874700000,59296.4,59360,59254,59311.4,98070,1869595
1765878300000,59312.6,59318,59225,59231.2,72345,1882370
1765943100000,59280,59355,59118.6,59179.4,195685,1902950
1765946700000,59179.4,59213.6,59100,59193.4,81655,1907920
1765950300000,59193.4,59227.2,59101.4,59117.2,57190,1905155
1765953900000,59117.2,59152.4,59028,59055.8,93940,1916425
1765957500000,59055.8,59135.8,59025,59086,57995,1903230
1765961100000,59086,59152.6,59060.4,59123,104300,1880095
1765964700000,59116.6,59185,59093.2,59183,53515,1869280
1766029500000,59109.6,59178.2,58913.2,59142.6,189595,1847930
1766033100000,59154,59334,59140.6,59240.6,166530,1792210
1766036700000,59248.6,59330,59205,59330,78365,1780030
1766040300000,59330,59372.2,59271,59291.8,101045,1739080
1766043900000,59291.8,59295,59109.2,59125.4,99190,1747235
1766047500000,59125,59160,59040,59079.6,128485,1790355
1766051100000,59080,59089.6,59059,59079.4,53410,1803795
1766115900000,59200,59299,59158,59204.8,156170,1792735
1766119500000,59204.8,59280,59165,59214.4,50890,1792245
1766123100000,59210,59224.8,59087.2,59186.2,95865,1810585
1766126700000,59186.2,59212.4,59109.4,59130,33705,1801520
1766130300000,59130,59270,59116.2,59221.2,102480,1746430
1766133900000,59221.2,59275.6,59208,59230.2,83545,1708525
1766137500000,59239.8,59240.2,59215,59225,49770,1701770
1766375100000,59424.8,59499.2,59343,59452,188265,1637195
1766378700000,59466,59473,59402.2,59415,40670,1631980
1766382300000,59428.2,59460,59400.8,59424.8,26565,1629915
1766385900000,59420.6,59454.2,59371.2,59413.6,37170,1625400
1766389500000,59413.6,59440,59396.2,59419.2,32375,1625330
1766393100000,59419.2,59450.6,59402.6,59434.4,46655,1614550
1766396700000,59434,59445,59423.6,59434,54880,1618015
1766461500000,59434,59514.8,59356.6,59486.4,131460,1592220
1766465100000,59484.2,59485.8,59400,59443.4,30170,1596035
1766468700000,59427.8,59449.6,59346.4,59400,53270,1587845
1766472300000,59390.2,59426.4,59380,59413.2,18655,1589805
1766475900000,59413.2,59445,59410,59435.2,26285,1589980
1766479500000,59435,59461.2,59385,59424.8,65870,1583785
1766483100000,59416.2,59426.2,59383.2,59386.6,39025,1583505
1766547900000,59437,59590,59370,59527.8,227010,1513225
1766551500000,59529,59556.2,59477.6,59514.8,40495,1501850
1766555100000,59514.8,59524.2,59441,59452.6,55265,1492505
1766558700000,59451.2,59469,59312,59325,115955,1494710
1766562300000,59320.2,59333.4,59240,59281.8,150395,1523935
1766565900000,59281.6,59335.4,59260,59278,55090,1503460
1766569500000,59275.4,59293.2,59221,59221,91070,1487150
1766720700000,59200,59230.6,59131.8,59169.8,132790,1361255
1766724300000,59169.4,59207.6,59121.2,59143.4,80010,1343440
1766727900000,59143.4,59143.4,59040.4,59099.2,129080,1336755
1766731500000,59096,59109.8,59028.4,59085,80465,1336720
1766735100000,59080,59103.2,59043.2,59055.6,93835,1320480
1766738700000,59055.4,59095,59010,59074,90405,1304310
1766742300000,59077.4,59077.4,59045,59055,42595,1293740
1766979900000,59114.8,59116.8,58941.6,58979,147560,967120
1766983500000,58978.8,58991.6,58887,58905,92820,948360
1766987100000,58902,58911.2,58831.8,58889.4,108010,934885
1766990700000,58889.4,58904.6,58846.8,58872.4,89705,954625
1766994300000,58878,58980.4,58836,58929.8,71085,924770
1766997900000,58929.8,59009.4,58888.4,58954,101010,880845
1767001500000,58942.2,58959,58928,58952.8,59080,882280
1767066300000,58820,58957.2,58761,58933.4,201425,619570
1767069900000,58933.4,59073,58888,58928,156695,577255
1767073500000,58928,58982,58855,58862.4,130060,550130
1767077100000,58861.4,58967.8,58860,58930,51485,503755
1767080700000,58929.6,59100,58908,59086,151340,444465
1767084300000,59080,59184,59018,59163.4,215740,432565
1767087900000,59165,59179,59157.8,59167.8,65520,407960
1767152700000,59615,59714.6,59555.2,59699.2,160710,1190460
1767156300000,59700,59829,59686.2,59779.8,166260,1229460
1767159900000,59785,59820,59730,59818.8,62340,1238910
1767163500000,59815,60043,59803.6,59984,178500,1249680
1767167100000,59987.6,60019.6,59877.2,59980.2,78930,1250130
1767170700000,59980,59992.8,59821.4,59880,135840,1229490
1767174300000,59880.2,59930,59870.2,59915,87750,1264950
1767239100000,59920,59976,59802.8,59876.2,89970,1266060
1767242700000,59884.2,59985.6,59825.2,59973.8,56520,1270410
1767246300000,59973.8,59992.2,59920.8,59925,45660,1283400
1767249900000,59921.8,59955,59894.8,59943.6,33240,1285980
1767253500000,59943.6,59960.2,59915,59957.6,29430,1290720
1767257100000,59957.6,59965,59929.2,59953.6,64980,1322490
1767260700000,59953,59964,59933.2,59962.2,33000,1323210
1767325500000,60020,60319.8,59971,60273.2,279870,1401900
1767329100000,60286.4,60296.8,60250,60285,45420,1412220
1767332700000,60284,60400,60280,60395.6,91080,1410870
1767336300000,60399,60399,60314.4,60340,38250,1415280
1767339900000,60340,60375.8,60323.4,60350,28380,1411350
1767343500000,60334.6,60360,60273,60327.8,141420,1410630
1767347100000,60320,60390,60310.2,60390,69000,1422300
1767584700000,60430,60530,60330,60514.8,229440,1431900
1767588300000,60529,60538.4,60448.6,60490.2,61200,1442160
1767591900000,60490.2,60496.4,60375.2,60427.4,37830,1444260
1767595500000,60427.4,60461.8,60305,60305,38820,1438830
1767599100000,60302.4,60325.6,60016,60060,230610,1361250
1767602700000,60058,60249,60035,60190.6,136350,1351800
1767606300000,60191.2,60195,60126.8,60157,62160,1372320
1767671100000,60201,60460,60142.2,60432,214140,1425180
1767674700000,60433.6,60453,60365.2,60376.2,77700,1475460
1767678300000,60389.6,60425,60285,60405.2,56700,1486710
1767681900000,60405.2,60407.8,60322.6,60380,26940,1489410
1767685500000,60380,60380,60240,60247.6,61500,1479630
1767689100000,60249,60317.8,60200,60310,63990,1477020
1767692700000,60303,60327,60300,60320,24630,1472400
1767757500000,60299.8,60299.8,60075,60148,202350,1404000
1767761100000,60155,60249.8,60100,60192,64080,1396020
1767764700000,60192,60270.2,60117.6,60136,55620,1388460
1767768300000,60136.8,60161.4,60055,60090.2,101130,1352160
1767771900000,60090.2,60100,59966,60026.2,122760,1324380
1767775500000,60026,60210,60020,60210,92490,1310550
1767779100000,60210,60215,60142.2,60170,58590,1303350
1767843900000,60110,60252.8,60033,60143.2,155550,1308900
1767847500000,60126,60185,59926,59955,133410,1281210
1767851100000,59956.6,59966.2,59755,59894.8,220230,1259430
1767854700000,59890,59940.2,59813.8,59920,62790,1249530
1767858300000,59911,59973,59850,59960,63060,1246140
1767861900000,59962,60000,59880,59904.8,98430,1225110
1767865500000,59895,59906.8,59850.4,59874.2,67440,1204560
1767930300000,59890,59930.4,59680,59780,224670,1190490
1767933900000,59775.8,59870.2,59682,59700,72870,1192830
1767937500000,59691.4,59722.2,59625,59641,118980,1203570
1767941100000,59632,59659.6,59510,59555,142590,1208940
1767944700000,59552,59617,59496.2,59497,89400,1224270
1767948300000,59497,59600,59441,59565.6,164160,1244430
1767951900000,59565.8,59565.8,59499.8,59525,58260,1247310
1768189500000,59600,59600,59265,59344.6,219270,1249800
1768193100000,59347.6,59462.8,59286.4,59295,63390,1257990
1768196700000,59287,59335,59127.6,59334.2,119100,1280670
1768200300000,59330.2,59812.6,59307.8,59775,300510,1263900
1768203900000,59760,59783.8,59665,59690,83190,1279530
1768207500000,59690,59760,59568,59693.2,95070,1288830
1768211100000,59700,59771.4,59693.6,59760,62250,1288920
1768275900000,59880,59930,59637,59730,204270,1260900
1768279500000,59730,59845,59710.6,59832.8,71460,1264830
1768283100000,59832.8,59878.2,59705,59705,70170,1246980
1768286700000,59710,59760,59450,59542,150210,1246470
1768290300000,59542,59670,59495,59510.2,71430,1258860
1768293900000,59510.2,59800,59491.8,59725.2,110970,1248600
1768297500000,59733.6,59779.8,59720,59739,47730,1251060
1768362300000,59690,59837,59600.2,59698.4,133470,1223820
1768365900000,59695,59788,59580.2,59775,88680,1227930
1768369500000,59772,59889.6,59760,59771,100800,1256760
1768373100000,59760,59899,59732,59894.8,41820,1256310
1768376700000,59894.8,59950,59748,59815,92640,1250190
1768380300000,59815,59860.6,59668,59775.6,93480,1259130
1768383900000,59775.4,59800.8,59765.6,59766.2,29430,1249980
1768535100000,59833,60147.4,59800,60141.2,290400,1275570
1768538700000,60141.2,60280,60111.6,60143,215100,1299630
1768542300000,60138,60236,60125,60213.6,75480,1296840
1768545900000,60213.6,60220,60045.2,60085.2,93030,1292730
1768549500000,60085.2,60189.6,60057,60134.2,105720,1300890
1768553100000,60131.8,60203.8,60109.8,60185.4,131160,1349850
1768556700000,60187.8,60240,60172,60210,65790,1356810
1768794300000,60055,60058,59692.8,59756,338280,1234380
1768797900000,59755.2,59849.8,59732,59784.8,81540,1221900
1768801500000,59785.8,59838,59750.6,59805,30450,1217850
1768805100000,59805,59920.2,59805,59880,57540,1212810
1768808700000,59889.8,60045,59839.6,59920.2,90600,1201200
1768812300000,59931.4,59999.8,59900,59909.2,54090,1199850
1768815900000,59903.2,59919,59862.4,59875,51210,1185750
1768880700000,59944,59975,59718.6,59765,168720,1159680
1768884300000,59763,59817.4,59717.6,59779,76410,1139310
1768887900000,59768.2,59875,59750.2,59775,91710,1160100
1768891500000,59775,59791.8,59703.8,59766.2,67980,1130790
1768895100000,59752.4,59798,59557.4,59571.2,136800,1142940
1768898700000,59569,59655,59460,59465,168720,1179090
1768902300000,59465,59518.6,59402.8,59459.4,114510,1206900
1768967100000,59458.8,59543.4,59090,59101,222900,1114530
1768970700000,59090,59097.8,58350,58770.2,336000,1094280
1768974300000,58754.8,58936,58668.8,58930.6,153300,1106640
1768977900000,58928.8,59394.8,58820,59120,285900,1084080
1768981500000,59133.6,59180.2,58848,58900,139110,1105200
1768985100000,58893.2,59030,58835,58864.4,122820,1146540
1768988700000,58842.2,58873.4,58794.8,58854.8,41190,1152750
1769053500000,59160,59631.8,59121.2,59441.4,405720,1096560
1769057100000,59431.8,59466.6,58970,59021.8,253230,1076370
1769060700000,59045.2,59191,58913,59108.4,92910,1097160
1769064300000,59100,59287,59040,59089.8,90240,1106160
1769067900000,59089.8,59266,59067.4,59155,67350,1121820
1769071500000,59150.6,59389.8,59142.2,59320.4,132360,1085340
1769075100000,59320.6,59424.8,59317,59390,51720,1081560
1769139900000,59463,59464,59119.8,59174.6,167850,952800
1769143500000,59169,59350,59122.6,59286,88020,964410
1769147100000,59304.8,59315,59000,59025,141270,985350
1769150700000,59025.6,59244.8,59025.6,59100,88500,975960
1769154300000,59100,59103,58620,58656,194070,978330
1769157900000,58671.8,58775.4,58538,58634,209670,961470
1769161500000,58634,58655,58370,58470.2,156090,967290
1769485500000,58559.6,58720.8,58132.8,58698,261690,763890
1769489100000,58696.2,58787,58368.2,58551.4,139470,728880
1769492700000,58555,58841.2,58531.2,58749.8,145230,709380
1769496300000,58749.8,58799.4,58579.6,58725,72840,689490
1769499900000,58725,58890,58615.6,58717.4,124830,671340
1769503500000,58722.6,59149,58691.6,59136,176280,632460
1769507100000,59135,59226.2,59130,59205,52830,608910
1769571900000,59880,59906,59681.2,59737.8,399540,1299840
1769575500000,59733.2,59885,59655.6,59845,102330,1318980
1769579100000,59845.8,59977,59800,59803.6,96420,1329360
1769582700000,59804,59833.2,59730,59823.6,49080,1325520
1769586300000,59823.6,59850,59555,59585.8,121770,1323360
1769589900000,59585,59896,59532.2,59835.8,145800,1349430
1769593500000,59847.6,59889.2,59833,59840,59790,1371630
1769658300000,59900,59900,59705,59855,182820,1380630
1769661900000,59855,60000,59800,59990,163290,1407930
1769665500000,59998,60081.8,59937.6,60021.2,108180,1428480
1769669100000,60021.4,60200,60000,60169,107820,1433010
1769672700000,60173.2,60224.6,60053,60167.6,97650,1436430
1769676300000,60173,60260.6,60120,60160,143070,1425480
1769679900000,60159.2,60255,60151.8,60246,91530,1449150
1769744700000,60050,60150,59850,60150,271200,1410300
1769748300000,60150,60170,60006,60025.2,85260,1422570
1769751900000,60020.2,60086.6,59945,60035.8,62280,1420290
1769755500000,60047,60080,59859.8,59879.6,87810,1391700
1769759100000,59861,60059.8,59750,60028,159390,1383750
1769762700000,60030,60050,59863.2,59935.8,78540,1379370
1769766300000,59930,59960,59869.2,59900,66930,1359630
1769917500000,59950,59983,59700,59893.6,172860,1328610
1769921100000,59894.8,60090,59885.2,59994.8,221490,1362570
1769924700000,59981.4,60095,59500,59564.8,296070,1386330
1769928300000,59551.4,59569.2,58046,59213,686610,1432770
1769931900000,59221,59330.2,58994,59050,176370,1466700
1769935500000,59041.6,59194.8,58751.4,58752.2,191100,1549980
1769939100000,58751,58752,58595,58612.4,138960,1617180
1770003900000,58611,58818.2,58380,58534.4,410160,1589070
1770007500000,58512.8,58623,58151,58285,248700,1684320
1770011100000,58275.8,58556,58177,58542.8,151950,1723650
1770014700000,58542.8,58641.2,58437.2,58550,95550,1694670
1770018300000,58550,58740,58339.6,58640,150300,1667400
1770021900000,58646,58870,58545.8,58820.8,156570,1641570
1770025500000,58816.4,58889.8,58816.4,58841.8,55410,1639290
1770090300000,60999,61299.8,59960,60044.8,1413780,1363920
1770093900000,60045,60390,60045,60306.4,327930,1404990
1770097500000,60306.4,60432,60283.4,60339.6,107520,1411740
1770101100000,60342,60350.6,60212.2,60295.4,81390,1410240
1770104700000,60294.8,60343.2,60181.8,60296.2,64290,1406100
1770108300000,60296.6,60328.4,60142,60201.4,114390,1385280
1770111900000,60199.2,60245,60181.2,60200,82470,1409190
1770176700000,60180,60478.4,60061.4,60427,365550,1455420
1770180300000,60425.8,60434.8,60304.4,60366.2,68280,1450680
1770183900000,60373.4,60409.8,60287,60399.8,77910,1434060
1770187500000,60400,60414,60277,60361,53190,1436910
1770191100000,60365.4,60500,60340.2,60500,99960,1459410
1770194700000,60500,60589.4,60411,60440,148560,1521840
1770198300000,60442.4,60459.8,60375.2,60398.2,61050,1529190
1770263100000,60439,60439,60235.2,60345,155970,1523670
1770266700000,60345,60398,60161,60255,93300,1511610
1770270300000,60236.8,60284.4,60183.8,60205,24870,1511100
1770273900000,60205,60251.8,60151,60216,31920,1508130
1770277500000,60216,60260,60130,60180.8,54150,1508400
1770281100000,60159.6,60300,60121,60269,79470,1490310
1770284700000,60269,60278,60210,60227.4,43710,1476330
1770349500000,60140,60275.2,60030.4,60075,146790,1469400
1770353100000,60075,60169.8,59836,59971.6,176970,1437780
1770356700000,59988,60175,59935.2,60094.8,108480,1435650
1770360300000,60083,60095,59921,59989.4,45660,1434510
1770363900000,59986.6,60175,59962,60126.2,44340,1431120
1770367500000,60127.8,60290.2,60102.6,60258.6,85710,1432710
1770371100000,60258.6,60275,60216.4,60223.6,41790,1427580
1770608700000,60458,60819.2,60458,60743.6,436260,1567050
1770612300000,60732,60809,60680,60745,123090,1642740
1770615900000,60745,60768.6,60685,60746.6,51450,1650990
1770619500000,60742,60755.4,60631.6,60699.8,57630,1648680
1770623100000,60699.8,60728,60663.6,60713.8,26310,1651650
1770626700000,60713.8,60759.8,60684.8,60733.4,70560,1651590
1770630300000,60734.8,60745.6,60707,60728.8,49200,1664670
1770695100000,60775,60830,60700.2,60765,114180,1623000
1770698700000,60751.8,60856.8,60740,60820,96180,1637130
1770702300000,60828,60842.4,60780,60799.4,50970,1642680
1770705900000,60799.4,60850,60795,60810,33660,1648020
1770709500000,60810,60822.6,60640,60716,103740,1630890
1770713100000,60716,60755,60700.4,60725,49200,1626840
1770716700000,60720,60722,60670,60683.6,47790,1636620
1770781500000,60800,60800,60600,60628,136200,1617300
1770785100000,60646.6,60796,60635,60758,80250,1627500
1770788700000,60758,60838,60725.2,60735,75270,1613730
1770792300000,60738,60776.8,60701,60738,51900,1623450
1770795900000,60735.2,60818,60735.2,60814,39420,1620990
1770799500000,60813.8,60835,60757,60800,55350,1632630
1770803100000,60811.2,60822.2,60802.2,60820,33750,1626540
1770867900000,60850,60901,60733,60900,114480,1623660
1770871500000,60900,60920,60833.8,60862.4,49890,1635000
1770875100000,60865.4,60870.2,60761,60772.8,85440,1639770
1770878700000,60771.4,60864,60770.2,60799,49680,1619940
1770882300000,60799,60870,60799,60832.6,34770,1614840
1770885900000,60830.4,60847.4,60682,60803.2,212250,1575810
1770889500000,60807.4,60823.4,60771,60785,42960,1585410
1770954300000,60675,60675,60502.4,60506,230700,1406370
1770957900000,60506,60579,60380.2,60421.8,146940,1377630
1770961500000,60418,60444,60365,60425.8,64890,1363050
1770965100000,60426.2,60519.8,60410.4,60455,49290,1361880
1770968700000,60455,60468.4,60375,60425.8,50130,1344840
1770972300000,60425.8,60458.8,60382.4,60382.4,81720,1318440
1770975900000,60382.6,60398.8,60217,60267,124410,1307160
1771213500000,60225,60492,60121.4,60488,181830,1295220
1771217100000,60485,60531.2,60415,60484.4,72300,1304940
1771220700000,60484.4,60550,60450.4,60517.2,47610,1316310
1771224300000,60525.6,60830.4,60500,60794,210390,1376460
1771227900000,60795.4,60849.4,60752,60807,80070,1398450
1771231500000,60807.2,60987.6,60806.6,60976.2,193320,1444770
1771235100000,60972,61034.2,60942.6,61029,99840,1470720
1771299900000,60910,60910,60632,60888,189930,1402920
1771303500000,60890,61178,60881,61025.8,149250,1408650
1771307100000,61029,61127.6,61012.8,61109,43410,1413690
1771310700000,61109.2,61150,61045.2,61110.4,59550,1420500
1771314300000,61101,61198,61015,61042.2,66390,1428510
1771317900000,61042,61128,61028.6,61119.4,40890,1436040
1771321500000,61119.2,61124.4,61100,61110.4,37110,1439730
1771386300000,61110,61281.4,61053.2,61197,196800,1468530
1771389900000,61182,61238,61122,61210.8,52890,1477110
1771393500000,61210.8,61250,61134.8,61229,37410,1486440
1771397100000,61230.2,61300,61206,61293.8,69240,1478790
1771400700000,61296,61320,61230.4,61306.6,53550,1487010
1771404300000,61310,61568.2,61290,61483,158160,1509780
1771407900000,61481.4,61515.8,61475.6,61497.2,74580,1546230
1771472700000,61590,61590,61327.8,61342,146520,1422060
1771476300000,61325,61367.8,61219,61279,114330,1384740
1771479900000,61281,61320,61050,61050,138060,1350540
1771483500000,61053,61150,60965,61088,171840,1312290
1771487100000,61090.2,61124.2,60918,61010.4,116580,1295970
1771490700000,61014.2,61060,60735,60735.8,191700,1249440
1771494300000,60749.8,60750,60616.2,60640,113940,1212240
1771559100000,60632,61141,60632,61032.4,241650,1126320
1771562700000,61041,61250,61041,61121,242340,1088220
1771566300000,61139,61249,61138,61210.6,61590,1057320
1771569900000,61208.6,61400,60977,61055,193410,1054860
1771573500000,61055,61289.2,60995.6,61248.6,121500,1057710
1771577100000,61254.2,61327.6,61124.2,61175.4,117630,1077060
1771580700000,61192,61220.6,61101,61161.2,49410,1082130
1771818300000,61266,61500,61112.2,61319,205710,894690
1771821900000,61313.4,61371,61100.2,61296,115410,915600
1771825500000,61308.2,61308.4,61084.4,61133.6,74310,876540
1771829100000,61155,61219.6,61020.2,61090,77550,890070
1771832700000,61086.2,61199,61025.8,61070.2,68070,881640
1771836300000,61087.8,61277.8,61051,61240,106500,870360
1771839900000,61243.4,61290,61202.8,61219,33330,861810
1771904700000,61110,61333,61050,61215.8,146310,688980
1771908300000,61215.8,61312.8,61176,61270,95940,648390
1771911900000,61270,61435,61201,61235.6,143100,668640
1771915500000,61235.6,61235.6,60934.8,61043.8,118200,621000
1771919100000,61043,61108.6,60805,61095.4,92010,594150
1771922700000,61110,61161,60939,61031.8,135900,562980
1771926300000,61030.8,61065.6,61029.6,61042.2,45030,531630
1771991100000,61549.8,61680,61473.2,61602,179430,1351080
1771994700000,61617.8,61659.4,61465,61499.6,65100,1352460
1771998300000,61499.8,61513.2,61418.8,61427.2,50820,1351890
1772001900000,61427.2,61487.4,61158,61200,243270,1423710
1772005500000,61196.8,61284.6,61151,61210,71550,1423050
1772009100000,61210,61400.6,61210,61365.8,90000,1405890
1772012700000,61370,61399,61342,61369.2,31080,1406580
1772077500000,61401,61570,61400,61485.4,124920,1378050
1772081100000,61485,61493.4,61330,61400.4,53280,1380540
1772084700000,61400.4,61470,61282,61288,50670,1388280
1772088300000,61281,61306.8,61156.2,61211,61440,1392450
1772091900000,61212,61282.2,61188,61270,31110,1389750
1772095500000,61270,61555,61241.4,61499.8,139560,1361910
1772099100000,61500,61515,61465.2,61477,39630,1377030
1772163900000,61467,61467,60975,61039,325980,1404870
1772167500000,61039.2,61136.8,60977,61099,63090,1420680
1772171100000,61103.8,61146,60956,61054.4,77430,1428960
1772174700000,61050.2,61087.8,61010,61031.6,36240,1429350
1772178300000,61038.4,61181,60992.2,61109.6,67200,1427550
1772181900000,61111,61148.6,60824.4,60913.6,215700,1488810
1772185500000,60913.8,60927.8,60828.8,60870,109410,1497270
1772423100000,60340,60622.2,60054.6,60321.8,594480,1667070
1772426700000,60322,60344,60141,60253.2,145590,1730880
1772430300000,60261.6,60293.8,60130,60130,117990,1796760
1772433900000,60125,60189.8,60005,60041.6,114540,1836390
1772437500000,60041.6,60160,59749.8,60138.4,184290,1885590
1772441100000,60143.2,60284.8,60035.2,60239.8,159060,1911000
1772444700000,60244.6,60260.2,60197.4,60255,71010,1919310
1772595900000,59455,59455,58899.2,59082,698550,1829250
1772599500000,59082,59098.2,58826,59005,179490,1893720
1772603100000,59005,59010.6,58850,58851.8,83370,1911360
1772606700000,58854.2,59094,58846.4,59090,98220,1913790
1772610300000,59088,59320,58978.8,59320,109200,1907670
1772613900000,59320,59396.8,59032.8,59078.4,201150,1901790
1772617500000,59078.6,59120,59003.6,59109.2,70470,1915620
1772682300000,59300,59388,59160.4,59254.4,220110,1957440
1772685900000,59250,59419.8,59167.4,59378.4,112470,1963980
1772689500000,59378.4,59400,59010,59090,140340,2008110
1772693100000,59085,59237,59034,59145.4,81360,1998600
1772696700000,59160.4,59176,58865,58890.8,142410,2035080
1772700300000,58876,59640,58840,59246.2,456630,1973460
1772703900000,59250.6,59353,59180,59280,82200,1980930
1772768700000,58988.6,59077.2,58735,58763,303840,2039400
1772772300000,58771,58814.8,58657,58705,136560,2055900
1772775900000,58705,58800,58636,58694.2,84960,2079240
1772779500000,58681,58709,58561,58620,69150,2088750
1772783100000,58619.8,58679,58511,58590,94710,2124420
1772786700000,58590,58648.4,58000,58025,314730,2194830
1772790300000,58019.8,58117.4,57950.2,58020,195390,2202420
1773027900000,56400,56901,55527.4,55783.4,779970,2312190
1773031500000,55781.6,56187,55562.8,55910,323250,2334930
1773035100000,55903.8,56289,55855,56010,172500,2347470
1773038700000,56008.2,56145.4,55930,56032.4,90780,2386740
1773042300000,56037,56250,55917,55940.4,93780,2403390
1773045900000,55968,56427,55870,56406.2,240660,2367270
1773049500000,56407.6,56420,56278.2,56278.4,71460,2366100
1773114300000,56950,57014.6,56636.2,56917.8,330870,2285850
1773117900000,56917.6,57199,56915,57135,225120,2258460
1773121500000,57135,57229,57030,57030,84150,2245560
1773125100000,57023.2,57210,56870,57111.4,147030,2238420
1773128700000,57123,57379.2,57018.8,57366.6,108930,2239530
1773132300000,57370,57397,57060.2,57243.8,129330,2241000
1773135900000,57242,57379,57240,57341.6,116130,2224590
1773200700000,57250,57279.2,56810,56838.8,276060,2185680
1773204300000,56825,56878.2,56575.6,56608.6,163080,2192820
1773207900000,56609.6,56619.4,56255.2,56394,287820,2238630
1773211500000,56375.6,56474,56175.2,56193.4,120600,2245710
1773215100000,56193.4,56348,56116.2,56180.2,144270,2269620
1773218700000,56193.8,56336.2,55900,55925,210780,2295060
1773222300000,55927.4,55980,55825.6,55834.2,177000,2302260
1773287100000,55000,55538,55000,55300,482820,2290890
1773290700000,55277.8,55635,55227.8,55520.8,195690,2280510
1773294300000,55542,55559.4,55284,55473.6,117120,2282370
1773297900000,55485,55600,55328.8,55472.4,96900,2268960
1773301500000,55460,55923,55454,55668.4,213090,2257890
1773305100000,55676.4,55748,55225.8,55360,189750,2266020
1773308700000,55376.8,55440,55360,55438.6,52380,2275680
1773373500000,55025,55025,54351,54398.2,430050,2259930
1773377100000,54398.2,54433.6,54191,54310,217740,2284950
1773380700000,54310,54527.6,54266,54302.4,161880,2289990
1773384300000,54303.2,54319.2,53934.8,54016,185160,2304990
1773387900000,54020.2,54097,53841.2,54093,185460,2342880
1773391500000,54097,54297.8,53905.6,53955,242550,2348370
1773395100000,53941,53954.2,53850,53862,85950,2321520
1773632700000,53900,54412,53880,54038.6,358080,2279370
1773636300000,54036,54036,53460.6,53821.6,244200,2274090
1773639900000,53825,54159.2,53800,53901,179880,2250660
1773643500000,53901,54000,53713.4,53789.4,86490,2246130
1773647100000,53790,53995,53757,53913.8,66750,2259060
1773650700000,53913.8,54780.6,53857.4,54645.8,441930,2213100
1773654300000,54650,54674,54385.8,54485.8,90630,2219910
1773719100000,54604,54699.8,54221.2,54591.8,277200,2214600
1773722700000,54610,54830,54413.8,54500,168960,2211150
1773726300000,54495.8,54548,54298.2,54500,119640,2221860
1773729900000,54508.2,54698.8,54351.2,54694,74520,2224410
1773733500000,54698,54877.8,54593.8,54857.8,126000,2226210
1773737100000,54857.8,55089,54650,55039.6,219210,2234910
1773740700000,55033.6,55045,54964,55008.8,87570,2200620
1773805500000,55109.8,55220,54790,54885,328800,2161980
1773809100000,54874.8,55143.8,54851.6,55134,137310,2156010
1773812700000,55135,55479.8,55081.8,55323.8,209370,2165400
1773816300000,55333.4,55399.6,55194.8,55322.8,106200,2188530
1773819900000,55322,55539.6,55297.6,55446.2,126090,2172120
1773823500000,55437,55660,55388,55447,185880,2170440
1773827100000,55448.6,55460,55331.6,55420,46860,2166480
1773891900000,54200,54297.6,53638.4,53701,716910,2191530
1773895500000,53701,54025,53594,53821,185130,2213190
1773899100000,53821,54128,53728.2,54127,108540,2206470
1773902700000,54124,54259.8,53980.2,53982.8,143400,2201910
1773906300000,53999.6,54060,53713.2,53741,144960,2189160
1773909900000,53740.2,53870,53290,53501.8,268530,2182110
1773913500000,53500,53803.8,53480,53778.6,127830,2197230
1773978300000,53750,54533.8,53743.4,54165,377310,1970730
1773981900000,54162,54325,54060,54260,109290,1967040
1773985500000,54260,54413.8,53904.6,53969.2,170730,1972680
1773989100000,53962.8,54099,53600,53999.4,240990,1988040
1773992700000,53999.4,54144.2,53801,53871.4,96900,1994190
1773996300000,53871.4,53871.6,53467.4,53531.4,283200,2013750
1773999900000,53513.6,53580,53420.2,53562,106050,2022000
1774237500000,52700,52850,51862.2,51900.2,398160,2005410
1774241100000,51907.8,51975,51640.2,51854.2,177510,1996140
1774244700000,51838.6,51911,51710.4,51789.8,65010,2005410
1774248300000,51783.4,51900,51620.2,51685,117810,2041620
1774251900000,51710,52124.8,51671.6,52026.4,163590,2024400
1774255500000,52026.4,52079.6,51482,51482,231090,2026740
1774259100000,51493.4,51493.4,51331.8,51372.8,121680,1984830
1774323900000,52004,52585.8,52000,52136.6,438210,1955010
1774327500000,52121.4,52300,51875,52036,172410,1960170
1774331100000,52041,52245,51979,52030.6,148500,1964970
1774334700000,52030.6,52948,52011.2,52809.2,406830,1839930
1774338300000,52815.2,52999,52720.2,52844.4,203190,1824930
1774341900000,52843.2,52950.8,52561.2,52620,229890,1841430
1774345500000,52625,52844,52562,52844,61410,1793760
1774410300000,53100,53777.6,53030,53738,420510,1546710
1774413900000,53745.4,54013.2,53659.6,54000,161100,1547700
1774417500000,54000,54122,53701,54122,154260,1526130
1774421100000,54108.8,54167.6,53850,53916,113010,1514880
1774424700000,53916,54134,53844.2,53925.2,105180,1480110
1774428300000,53925.2,53952.8,53661.6,53692,179040,1457070
1774431900000,53706.4,53765.8,53684,53725.8,68010,1460370
1774583100000,53455,53455,52659,52666,361320,1349370
1774586700000,52666,52800,52580,52625.6,139230,1330800
1774590300000,52626,52659.4,52471.4,52515.6,134010,1279920
1774593900000,52514.8,52696,52450.4,52634.8,130470,1262820
1774597500000,52627.2,52743,52421,52513.8,209160,1250490
1774601100000,52513.8,52523,52250,52326,194250,1232640
1774604700000,52336.6,52336.6,52232.8,52237,112980,1190910
1774842300000,51598.8,51598.8,50905.2,51094.2,441660,893220
1774845900000,51096.4,51123.6,50783,50821.8,184620,812070
1774849500000,50820,50984,50761.6,50948.8,162240,768810
1774853100000,50948.8,51019.8,50744,50786.8,142680,746310
1774856700000,50786.8,50837.8,50600,50636.6,203520,705390
1774860300000,50636.6,50661.4,50093.2,50276.8,368640,576090
1774863900000,50272,50300,50253,50275,74640,542250
1775015100000,51750,52050,51576.2,51760,396180,2606850
1775018700000,51760,51779,51440,51535,340890,2457330
1775022300000,51535,52000,51502.6,52000,173940,2450880
1775025900000,52000,52350,51948.8,52325,228150,2421090
1775029500000,52325,52398.8,51690.4,52077.2,209490,2422440
1775033100000,52075,52084.2,51685.2,51777.2,120360,2421960
1775036700000,51782,51821,51750,51780,43530,2410980
1775101500000,50760,50935,50210,50400,390960,2441340
1775105100000,50400,50400,50172,50320.6,118590,2459730
1775108700000,50344.6,50480,50224.2,50316.4,73050,2461710
1775112300000,50316.4,50729.8,50250,50581,188700,2465580
1775115900000,50581,51445,50556.6,51440,289860,2439330
1775119500000,51450,51993.4,51182.4,51934.4,413280,2482830
1775123100000,51937.2,51980,51700,51910.2,125310,2484930
1775447100000,51800,52073.2,51400,51730.4,308640,2448900
1775450700000,51735.4,51936.6,51600,51644.2,107550,2439600
1775454300000,51640,52000,51637.8,51890.4,77670,2448030
1775457900000,51900,52500,51841,52475,219000,2448690
1775461500000,52489,52665,52400,52665,151950,2452080
1775465100000,52665,52980,52561,52969,175200,2436930
1775468700000,52969,52985,52850,52850,109590,2426730
1775533500000,52645,52645,52138,52430,262530,2395800
1775537100000,52424.8,52579,52165,52178.4,127380,2393880
1775540700000,52177,52500,52164.8,52368.2,84900,2388690
1775544300000,52368.2,52408,52230,52354,56850,2397420
1775547900000,52354,52836.8,52342.8,52678,168030,2399280
1775551500000,52670,52940,52550,52850,155070,2362800
1775555100000,52849,52900,52815,52849,95550,2336910
1775619900000,55299.8,55445,54805.4,55320,793830,2196750
1775623500000,55325,55718.6,55290,55649,211680,2221890
1775627100000,55645,55729,55466.4,55610,105240,2219850
1775630700000,55610,55666.2,55459.4,55620,73530,2205840
1775634300000,55619.4,55702,55580,55585,76560,2212890
1775637900000,55599.6,55960,55594.2,55885.2,199920,2209200
1775641500000,55885.2,55999.6,55881,55990,111750,2198370
1775706300000,55600,55735.2,55265.4,55555,386640,2086650
1775709900000,55555,55733,55470,55580,106650,2091600
1775713500000,55580,55580,55415.6,55475,73830,2102070
1775717100000,55479,55499,55200,55209.6,99180,2122020
1775720700000,55209.6,55220.2,55001,55051,133500,2133510
1775724300000,55071.2,55150,54838,55125,161730,2133210
1775727900000,55110,55133,55043,55059.8,49950,2128290
1775792700000,55226,55999,55226,55999,413340,2069580
1775796300000,56000,56083.2,55893.4,56005,149070,2080230
1775799900000,55977.4,56010,55860,55915.2,65490,2092170
1775803500000,55925,56024.2,55920,55984,54090,2102970
1775807100000,55984.4,56129.8,55950,56015,99210,2112990
1775810700000,56015,56127.6,55776,56080,195870,2102010
1775814300000,56080,56113.2,56050.2,56105.6,60840,2106600
1776051900000,55310,55310,54606.6,54890,347370,2133330
1776055500000,54880,55150,54819,55094,125130,2130870
1776059100000,55068.8,55345,55008,55340.4,87540,2116650
1776062700000,55345,55591,55324.2,55518,121770,2093460
1776066300000,55520,55875,55488.8,55680,134250,2088090
1776069900000,55680,55850,55650,55788,95460,2084400
1776073500000,55780,55782.8,55688.2,55748,69870,2071620
1776224700000,56784,56995,56470,56659.6,335700,2110170
1776228300000,56659.6,56750,56282,56282,196920,2146140
1776231900000,56281,56515.8,56247,56485,80010,2160570
1776235500000,56485,56487.6,56311.4,56455,55650,2176710
1776239100000,56451.8,56490,56320,56440,33690,2180280
1776242700000,56405.4,56550.6,56350.4,56384.2,67920,2173170
1776246300000,56391,56420,56370.8,56380,39150,2174670
1776311100000,56755,56904.2,56552.6,56720,195780,2130600
1776314700000,56720,56750.4,56600,56649,55950,2130840
1776318300000,56649,56666,56150,56244.8,179550,2142360
1776321900000,56244.8,56255,56035.8,56071,99360,2155980
1776325500000,56100,56319.8,56037,56215,73920,2160360
1776329100000,56215,56444,56151,56223,109380,2144400
1776332700000,56216,56225,56120.4,56145,37080,2139150
1776397500000,56140,56368,55898.4,56310,118860,2083890
1776401100000,56329.8,56433.2,56225.6,56310,78270,2110290
1776404700000,56310,56497.6,56293.8,56430,68700,2102070
1776408300000,56418.8,56506.4,56400,56464.8,41970,2102250
1776411900000,56464.8,56584,56419.6,56512.2,53820,2095020
1776415500000,56539.2,56794.4,56515,56670.2,151200,2067540
1776419100000,56669.8,56705.4,56625,56705,90450,2063730
1776656700000,56750,56950,56451,56845.6,264120,1965930
1776660300000,56845.8,57105,56830,56970,188520,1972650
1776663900000,56970,57148.4,56877.2,56890,90660,1970070
1776667500000,56890,57075,56702.8,56752,117180,1970520
1776671100000,56725.2,56760,56500,56634,142110,1963320
1776674700000,56634.8,56769,56585,56640,71040,1960470
1776678300000,56640,56647.8,56510,56530,87810,1946850
1776743100000,56700,57261.4,56658.2,57209.6,251130,1810290
1776746700000,57210,57332.2,57150,57280,99570,1821570
1776750300000,57260,57299,57162.6,57293.4,56070,1817490
1776753900000,57293.4,57325,57210,57315,49290,1814460
1776757500000,57293.8,57400,57258,57348,79260,1817910
1776761100000,57348,57420,57256,57376,98520,1808070
1776764700000,57381,57416,57316,57372,80220,1807080
1776829500000,57167,57371,57007,57100,229170,1800090
1776833100000,57100,57440,57075,57371,147360,1783950
1776836700000,57370.2,57477,57305,57355.4,69120,1775880
1776840300000,57354.4,57378.8,57260.2,57332.8,39060,1771440
1776843900000,57332.8,57420,57250,57254,54360,1765110
1776847500000,57252,57307.6,57118,57122.6,85170,1741290
1776851100000,57122.6,57168.4,57105,57165,49440,1719750
1776915900000,56750,56890.8,56526.2,56771.8,230760,1712730
1776919500000,56771.6,56827.8,56508.8,56549.4,140520,1697070
1776923100000,56549.4,56621,56500,56580,75120,1672380
1776926700000,56570,56620,56300,56420.2,131250,1700010
1776930300000,56420.2,56550,56281.2,56290,97890,1671930
1776933900000,56290,56443,56258.4,56276,128520,1633410
1776937500000,56275.4,56380,56258,56368,58440,1615320
1777002300000,56401,56490,55896,56126,214080,1560120
1777005900000,56121,56121,55960,56003.6,98010,1581630
1777009500000,56003.6,56234,55980,56225,112680,1534650
1777013100000,56234,56250,55950,56000,93660,1456050
1777016700000,56000,56049.4,55806,55924,119970,1469880
1777020300000,55924,56298.8,55907.8,56170,128790,1420620
1777023900000,56193.8,56299,56160,56172.2,51450,1410870
1777261500000,56390,56570,56205,56300,150480,1232310
1777265100000,56293.8,56379.2,56010,56132.4,164610,1240560
1777268700000,56132.4,56198,55940.2,56116.4,100890,1253640
1777272300000,56116.4,56299,56062.8,56297,98970,1260720
1777275900000,56299,56445,56248,56390,103710,1270050
1777279500000,56390,56399.8,56255,56388.8,87000,1276470
1777283100000,56372,56398.4,56330.8,56390,40320,1256490
1777347900000,56066,56158,55866.6,56072.2,152970,859890
1777351500000,56071,56120,55923,55957.8,92970,852060
1777355100000,55965,55965,55630,55670,122280,782160
1777358700000,55670,55750,55589,55646.2,49350,719040
1777362300000,55646.2,55725.2,55490.2,55525,80400,700050
1777365900000,55525,55629,55400,55414.8,113310,627000
1777369500000,55417.6,55423.8,55376,55396.6,52950,600990
1777434300000,55875,56149.8,55650,56148,253290,1932960
1777437900000,56135.2,56264,56113,56214.8,127050,1929150
1777441500000,56215.8,56340,56180,56325,73470,1921140
1777445100000,56325,56502,56313.2,56399,145980,1897740
1777448700000,56399,56400,55860,55900.8,171870,1899240
1777452300000,55920.6,55920.6,55655.6,55655.6,141480,1903020
1777455900000,55655,55690.2,55506.2,55560.2,111000,1935510
1777520700000,55100,55100,54687,54743.6,291150,1979190
1777524300000,54752.8,54797.4,54605,54729.8,113820,2008680
1777527900000,54729.8,54949,54653.4,54949,110340,2018730
1777531500000,54950,55144.6,54881.2,55070.4,138120,2036400
1777535100000,55070.4,55325,55015.2,55223.2,122610,2036850
1777538700000,55227.8,55350,55050,55144,128880,2028360
1777542300000,55154.8,55319.8,55129,55300,46320,2019870
1777866300000,55500,55933,55408.8,55639.8,279030,2067330
1777869900000,55639.8,55755.2,55551,55698.8,96210,2090100
1777873500000,55699,55784,55359,55360,73110,2107590
1777877100000,55359,55440,55115,55234,190860,2131800
1777880700000,55234,55234,54966,55224.6,145770,2137200
1777884300000,55229,55323,55008,55177.4,97050,2132280
1777887900000,55209.8,55224,55096.4,55100,52020,2123850
1777952700000,54899,54945.2,54705.2,54740,186210,2149590
1777956300000,54740,54780,54525,54645,155220,2156910
1777959900000,54645,54728,54430,54577,76260,2168040
1777963500000,54577,55100,54551.8,55074,174090,2194320
1777967100000,55075.2,55177.4,54880,54910,106740,2210640
1777970700000,54910,55098.8,54752.4,54828,90510,2222700
1777974300000,54840,54866,54775.2,54790,50910,2212350
1778039100000,55300,55581.4,55240,55373.6,260520,2212650
1778042700000,55370.8,55487,55180,55225,105030,2229000
1778046300000,55220.4,55310,55100,55131,69150,2239200
1778049900000,55130,55161.4,54850,55010,134910,2244450
1778053500000,55009.8,55425,55000,55425,139530,2230560
1778057100000,55425.8,56389.8,55425.8,56319,608850,2230200
1778060700000,56320,56449,56310,56430,126780,2236320
1778125500000,56400,56450,56065,56130,228390,2194020
1778129100000,56130,56360,56111,56144.4,75480,2193660
1778132700000,56127.8,56246,55952,56231,132450,2183790
1778136300000,56231,56590,56199,56293.8,228900,2201100
1778139900000,56291,56348,56125,56310,55050,2204040
1778143500000,56310,56355,56200,56225,50490,2204970
1778147100000,56225,56340,56220,56320,40410,2206860
1778211900000,56189.8,56189.8,55737,55870.2,209160,2221710
1778215500000,55872,55930,55746,55855,66870,2245050
1778219100000,55855,55887.8,55701,55725,76410,2263830
1778222700000,55742.8,55768.4,55555,55620,104700,2289990
1778226300000,55630.2,55764.4,55300.2,55307.6,171660,2350680
1778229900000,55307.6,55647,55300,55548.8,188850,2370030
1778233500000,55549,55600,55457,55500.8,83490,2366700
1778471100000,54924,55050.8,54535.8,54639.6,336600,2377170
1778474700000,54634.2,54800,54475,54775,105240,2392860
1778478300000,54780,54975,54758.2,54959,72300,2382120
1778481900000,54959,55184.8,54811.8,55103.2,90990,2368110
1778485500000,55120,55165.8,54929,55001,80580,2360070
1778489100000,55007,55019.8,54550.6,54592.8,129300,2353470
1778492700000,54557.6,54644,54550,54572.8,77640,2370690
1778557500000,54388,54478.2,54120,54370,197760,2307840
1778561100000,54346.2,54435.4,54025,54034.8,133320,2335950
1778564700000,54034.8,54150,54001,54060,66990,2345700
1778568300000,54060,54118.8,53780,53948,109080,2366400
1778571900000,53945,54032,53741.2,53767.8,93300,2382990
1778575500000,53791.4,53912.6,53594.2,53689.2,137970,2379930
1778579100000,53689.2,53855,53677.4,53831.8,62040,2370840
1778643900000,53750,54029.8,53397.6,53720,219900,2324250
1778647500000,53710,54020,53666.8,53800,139950,2342790
1778651100000,53807.2,54271.2,53762.8,54209.4,138630,2363460
1778654700000,54208.6,54325,53850,54128,149460,2357550
1778658300000,54115.2,54153.8,53901.2,54040,64890,2366460
1778661900000,54040,54079.8,53550,53675,127980,2374680
1778665500000,53675,53690,53547.8,53604,51150,2367480
1778730300000,53890,54098,53631.8,53719,194400,2341080
1778733900000,53719,53796,53260.2,53525,129060,2382540
1778737500000,53520.6,54378,53494.4,54305,338250,2332980
1778741100000,54311.2,54550,54286.4,54455.2,171600,2289690
1778744700000,54455,54522,54335.4,54449.4,82530,2265240
1778748300000,54466.2,54512.6,54118,54150.8,110340,2245500
1778751900000,54150,54350,54134.4,54348,39420,2242860
1778816700000,54240,54459,53925,54314,210930,2208210
1778820300000,54301.6,54424,54100,54136.4,86910,2193390
1778823900000,54126,54264,53960,54210,95670,2185530
1778827500000,54208.8,54391,54058.8,54370,60510,2178300
1778831100000,54371.2,54450,54099,54176.8,87180,2173470
1778834700000,54176.8,54199,53770.2,53840,175710,2197920
1778838300000,53839.2,53924.8,53758.4,53895.4,55710,2202330
1779075900000,53350,53408.2,52930.4,53015,261870,2216760
1779079500000,53020,53218,52872.6,53196.2,127530,2234160
1779083100000,53196.2,53400,53030,53189,130500,2221620
1779086700000,53198,53770,53149.8,53589.8,181590,2202900
1779090300000,53590,53740,53514,53636.6,58110,2207010
1779093900000,53607.6,53838.8,53468.8,53665.4,104310,2190150
1779097500000,53626.2,53750,53600,53730,86250,2201280
1779162300000,53750.2,53950,53520,53749.6,214860,2195280
1779165900000,53749.2,53839,53630,53630,121380,2214570
1779169500000,53625,53789,53580,53789,45630,2208150
1779173100000,53786,53800,53665,53713,40410,2204160
1779176700000,53701,53828.8,53588,53745,51300,2201250
1779180300000,53749,53800,53437.2,53521,120780,2188830
1779183900000,53521,53541.8,53458.4,53494.8,48990,2180220
1779248700000,53190,53190,52900,53050,198870,2140980
1779252300000,53050,53385,52987.6,53286.6,109320,2147520
1779255900000,53286.6,53529.8,53275,53331.2,81690,2138760
1779259500000,53338,53460,53250.2,53328.8,58170,2131620
1779263100000,53328.8,53540,53151,53500,91710,2114040
1779266700000,53485.8,53819.8,53481,53765,128280,2090100
1779270300000,53774.4,53800,53711.2,53755.2,35430,2079570
1779335100000,54090,54199.4,53767,53896,197100,2036430
1779338700000,53887,53975,53720.2,53731.2,94890,2038020
1779342300000,53731,53856.4,53605,53690.2,117750,2032200
1779345900000,53690,53705.8,53200,53353.4,270750,2009580
1779349500000,53353.4,53549.8,53291.2,53408,134100,1974210
1779353100000,53421.4,53648.6,53372.6,53500.4,141090,1961400
1779356700000,53513.8,53600,53465,53590,60990,1909800
1779421500000,53648,54189.2,53600,54169,333990,1762410
1779425100000,54169,54185,54070,54093,121860,1761390
1779428700000,54093,54200,54015,54155.4,142740,1787400
1779432300000,54155.4,54339.8,54022.2,54275.4,187290,1817520
1779435900000,54279.2,54297.4,54080.6,54174,125970,1768020
1779439500000,54162.4,54197.2,53972.4,54192,163200,1764900
1779443100000,54190.2,54353.6,54190.2,54341,89760,1744560
1779680700000,54650,55081.2,54634.6,55060,278910,1393440
1779684300000,55060,55148.2,55008.2,55125,133260,1408320
1779687900000,55129.8,55199,55060,55074,132240,1378680
1779691500000,55062.8,55126.2,54935,55050,113190,1362780
1779695100000,55059.8,55094.8,54970,55030,63120,1318860
1779698700000,55030,55400,55005,55390,179550,1299000
1779702300000,55390,55600,55371.6,55575,81660,1297890
1779767100000,55431,55559.8,55189,55430,230250,1126260
1779770700000,55430,55501.6,55336,55406.4,59160,1063230
1779774300000,55406.4,55416,55210,55216.4,97590,1049880
1779777900000,55225,55268.2,55020,55089.6,83220,959670
1779781500000,55078,55172,55010,55053,85290,913830
1779785100000,55053,55140.6,55008,55091.6,124560,861990
1779788700000,55092.6,55099,55080.8,55086.4,65220,841140
1779853500000,55385,55450,55190,55434,277740,2501580
1779857100000,55438,55571,55355,55400.2,109230,2514420
1779860700000,55388,55499.4,55272.4,55338.8,61530,2522040
1779864300000,55338.8,55420,55220,55232,46530,2533620
1779867900000,55230.2,55270.2,55123,55170,97740,2554980
1779871500000,55170,55288.8,55080,55199.6,132120,2568960
1779875100000,55203.4,55270,55200,55230,54780,2560710
1780026300000,55299.8,55500,55100,55400,215460,2499060
1780029900000,55400,55529.4,55305,55362.2,108870,2500860
1780033500000,55362.2,55500,55162.8,55221.4,118230,2479410
1780037100000,55200,55250,54881,54881,183420,2507430
1780040700000,54874,54943.6,54756.2,54840.2,162420,2494140
1780044300000,54829,55044,54601,54756.8,241830,2548320
1780047900000,54755,54850.4,54660.8,54770,196620,2625600
1780285500000,54782,54971,54216.8,54293.6,272580,2562330
1780289100000,54300,54475,54095,54430,147330,2559840
1780292700000,54445.2,54511,54111,54221.2,95460,2558280
1780296300000,54211,54245.8,53905.2,53950,125790,2589570
1780299900000,53940,54076,53866,53880,94680,2603520
1780303500000,53870.2,54095.4,53811,53980,136320,2623590
1780307100000,53974.8,54029,53910,53947.8,55560,2617980
1780371900000,53500,53890,53401,53592,354000,2675910
1780375500000,53590,53835,53550.2,53686,124830,2717670
1780379100000,53699.6,53838.6,53580,53626.6,106950,2661030
1780382700000,53626.6,54339.8,53500.2,54240,231750,2557440
1780386300000,54235.6,54404.8,54177,54294.6,134550,2554710
1780389900000,54299.4,54350,53961,54155,108360,2562810
1780393500000,54165,54230,54125,54164.8,39630,2556630
1780458300000,54000,54000,53428,53500,351480,2619690
1780461900000,53500,53600,53365,53386.4,100050,2621280
1780465500000,53386.4,53569.8,53287.6,53376.4,112320,2628180
1780469100000,53381,54133,53376.4,53978,286020,2609010
1780472700000,53999,54400,53999,54335,313590,2609160
1780476300000,54340,54649.8,54282,54475,432450,2579370
1780479900000,54497.4,54600,54461.2,54524,104010,2553000
1780544700000,54270,54620,54126,54540,292650,2516580
1780548300000,54550,54649.8,54365.6,54514,80640,2516430
1780551900000,54517.4,54681.8,54380,54573.2,70590,2521320
1780555500000,54580,54608,54301,54311,55110,2517240
1780559100000,54317.2,54509,54224,54452.6,80910,2509770
1780562700000,54452.6,54750,54450,54590,132270,2516760
1780566300000,54583.4,54685,54562.4,54674.6,77520,2504190
1780631100000,54660,54969.8,54585,54800,474270,2593500
1780634700000,54800,55166.2,54412.2,55023.2,580770,2560530
1780638300000,55023.2,55077.4,54801.6,54943.8,161190,2615430
1780641900000,54940,54999,54637.2,54669.8,121080,2606400
1780645500000,54650.2,54750,54367.4,54488.8,192540,2570610
1780649100000,54490.2,54895.2,54411,54777.6,214740,2579730
1780652700000,54794,54834,54725,54799,66870,2571510
1780890300000,54280,54650,54195.2,54411,298800,2520600
1780893900000,54410,54564,54369.6,54414.4,54960,2534190
1780897500000,54414.4,54525,54281.8,54520,79680,2539980
1780901100000,54520,54698,54500,54557,117120,2505030
1780904700000,54556,54580,54305,54305,105300,2516070
1780908300000,54302,54416,54225.2,54292,99300,2509980
1780911900000,54310,54324,54164,54170,69720,2501610
1780976700000,54398,54950,54391.6,54850,388560,2512950
1780980300000,54870,54894.6,54725,54799,66390,2507190
1780983900000,54799,55040,54662,55014.2,123930,2512530
1780987500000,55011.2,55228,55000,55200,268620,2516130
1780991100000,55219.8,55277,55175,55227,164970,2470890
1780994700000,55239.2,55470,55159,55385,219510,2425500
1780998300000,55360.4,55444,55341.2,55442,84990,2392470
1781063100000,55351,55489.8,55191.8,55304,366720,2485770
1781066700000,55302.8,55550,55250,55431.4,179700,2510100
1781070300000,55431.4,55573.4,55371,55553,163620,2515860
1781073900000,55553,55607,55350,55570,107610,2506920
1781077500000,55557.6,55594.2,55360,55371,102330,2505960
1781081100000,55360,55486.8,55135.8,55151.4,325980,2474370
1781084700000,55151,55239.4,55125,55210,135090,2478930
1781149500000,54931,55350,54900,55212.6,200760,2454750
1781153100000,55212.6,55325,55130.6,55200,64830,2450220
1781156700000,55200,55505,55194.6,55500,113220,2442690
1781160300000,55500.2,55650,55416,55420,128370,2447970
1781163900000,55447,55447,55267,55339.4,109920,2422710
1781167500000,55347.2,55458,55185.8,55285,98700,2421030
1781171100000,55285,55331.4,55242,55315,63420,2420250
1781235900000,55975,56020,55806,55840,251610,2355990
1781239500000,55854,55990,55800,55977.6,78000,2365980
1781243100000,55985,55995,55834,55835,49020,2373150
1781246700000,55834,55962,55825,55950,60150,2386140
1781250300000,55949.2,56580,55931.2,56562,323610,2470020
1781253900000,56564.4,56926.4,56556,56901,317520,2475690
1781257500000,56905,56916,56830,56898,72750,2465100
1781495100000,57800,57800,57350,57419.8,359670,2405640
1781498700000,57390.8,57600,57379,57505,115290,2403510
1781502300000,57485,57519,57330.4,57364.2,91530,2377440
1781505900000,57364.2,57429.8,57240,57395.2,89730,2352420
1781509500000,57400,57400.4,57180,57275.6,76980,2342250
1781513100000,57275.6,57439,57203.6,57270,80070,2319660
1781516700000,57285,57320,57207.8,57211.2,60330,2311440
1781581500000,57280,57420,57121.4,57140,203220,2263890
1781585100000,57145.2,57309.4,57107.6,57178.2,78930,2255070
1781588700000,57188.8,57236,57079,57141,36480,2258880
1781592300000,57141,57197,57082,57161.8,31350,2261460
1781595900000,57169.4,57327.2,57169.4,57306,47880,2268930
1781599500000,57295,57327.2,57219.6,57320,39270,2261910
1781603100000,57318.2,57360,57296.6,57357,31620,2258160
1781667900000,57372,57449,57261,57359.2,108660,2199060
1781671500000,57359,57600,57341,57600,127650,2184540
1781675100000,57596,57639,57502.6,57530.2,68070,2159070
1781678700000,57530,57586.2,57481,57520,57060,2148540
1781682300000,57505,57621,57492,57579.8,104400,2111100
1781685900000,57579.8,57625,57467,57576,82470,2111460
1781689500000,57580,57610,57558,57565,39840,2101110
1781754300000,57591,57880,57525.2,57855,214170,2079630
1781757900000,57860,57860,57691.2,57726.4,70050,2087400
1781761500000,57726,57893,57706,57843,100140,2102730
1781765100000,57866.2,57944,57826.4,57929.8,68070,2119470
1781768700000,57929.8,57957,57850,57887,54330,2126520
1781772300000,57887,58020,57801,58019,113640,2128500
1781775900000,58017.6,58049,57980,58048,61380,2123940
1781840700000,57750,57940.6,57710,57813,196560,2129910
1781844300000,57814.6,57818.4,57655,57772.8,124590,2170170
1781847900000,57772.8,57800.4,57700,57749,33120,2166540
1781851500000,57749,57800,57653,57673.8,72420,2197620
1781855100000,57673.8,57884,57655.4,57872,70410,2174130
1781858700000,57875,57978,57682.2,57877.4,129270,2161680
1781862300000,57867.4,57910,57824,57838,51270,2152410
1782099900000,57999.8,58075,57888,57969.6,147570,2052720
1782103500000,57955,58049,57930,58019.4,57000,2045610
1782107100000,58019.8,58099,57982,57998.2,84090,2006100
1782110700000,57997.6,58045,57919,57933,43920,1991070
1782114300000,57950,58017.4,57928,57984,29370,1980960
1782117900000,57984,58097.6,57949,58050,86010,1995420
1782121500000,58047,58050,57976,57980,51750,1982070
1782186300000,58075,58075,57885.8,57982,114360,1963440
1782189900000,57981.8,58030,57950,57994,56730,1955220
1782193500000,57994,58018,57537.6,57605,215160,1954170
1782197100000,57605,57650,57420,57530.2,111660,1950600
1782200700000,57510,57541,57306.4,57460,115410,1953630
1782204300000,57460,57480,57302,57320,73170,1931010
1782207900000,57317.2,57329.4,57152,57185,93330,1921020
1782272700000,57160,57725,57160,57693,262620,1835820
1782276300000,57700,57911,57667,57901.4,154830,1841190
1782279900000,57901.4,58130,57860,58060,218040,1883940
1782283500000,58060,58174.6,58010,58092,127350,1924170
1782287100000,58082.6,58265,58076.4,58177.2,242130,2056920
1782290700000,58187,58251,58111.6,58136.2,108420,2007180
1782294300000,58136.2,58230,58120,58230,37530,2003490
1782359100000,58379,58490,58350,58450,187890,1665480
1782362700000,58450,58480,58380,58439,111420,1656900
1782366300000,58439.8,58675,58401.6,58649.8,127950,1659540
1782369900000,58649.8,58675,58437.6,58476,132870,1637280
1782373500000,58476,58572.2,58250,58251,228810,1527240
1782377100000,58250,58317.6,58150,58260,203160,1518300
1782380700000,58267,58284,58237.6,58255,58110,1512330
1782704700000,58240,58336,57927.2,58046.8,169350,1275210
1782708300000,58032.8,58280,58000,58132.2,105600,1278630
1782711900000,58126.2,58184.8,57867.4,57875.2,126210,1272570
1782715500000,57881.6,57882.2,57701,57801,126780,1277610
1782719100000,57800,57946.4,57748,57919.2,143490,1330560
1782722700000,57945,57989,57730.6,57790,133980,1341930
1782726300000,57798.8,57910,57770,57851,38970,1330530
1782791100000,57572.6,58050,57572.6,57840,176850,976020
1782794700000,57840,57850,57658.4,57830,78540,952230
1782798300000,57840,57934.8,57700.8,57714.8,51840,933990
1782801900000,57713.2,57840.8,57650,57694.6,63930,872490
1782805500000,57694.6,57719,57472.8,57530,105750,822360
1782809100000,57530,57751.2,57469.6,57552,148530,733650
1782812700000,57558,57560,57525,57538.2,55080,705690
1782877500000,57991,58149,57859.8,58147.2,155850,2247960
1782881100000,58120,58298.8,58078.6,58251,102000,2254260
1782884700000,58255,58349,58212,58310,81000,2263350
1782888300000,58309.8,58390,58240.2,58305,58110,2266890
1782891900000,58305,58356,58225,58322.4,48540,2273790
1782895500000,58322.4,58380,58142,58315,107580,2252550
1782899100000,58322,58322,58250,58283.8,37320,2223390
1782963900000,58421.2,58679,58390,58420,163860,2208750
1782967500000,58420,58494.8,58313.4,58361.2,61860,2213010
1782971100000,58355.4,58393.8,58191.8,58349,94620,2199660
1782974700000,58339.8,58450,58302,58400,38700,2195310
1782978300000,58400,58419,58235.2,58240.2,33900,2199570
1782981900000,58240,58420,58209,58360,59610,2191860
1782985500000,58376.6,58380,58300,58320,23370,2190690
1783050300000,58554,58554,58316,58402,142860,2252640
1783053900000,58402,58480,58276,58285,45750,2250000
1783057500000,58280,58399,58251,58362.8,55950,2237700
1783061100000,58365.8,58384.6,58140,58200,58260,2251260
1783064700000,58179,58239,58125,58187.6,62430,2257440
1783068300000,58187.6,58240,58106.4,58220,59250,2248920
1783071900000,58211,58261,58200,58255,39510,2238780
1783309500000,58300,58598,58225.6,58550,215550,2224470
1783313100000,58552,58595,58500,58515,48600,2225940
1783316700000,58539.4,58682,58450,58650.2,102660,2229930
1783320300000,58680,58690,58560,58656,67560,2239140
1783323900000,58650.2,58660.6,58521,58545,52890,2257710
1783327500000,58540,58582,58450,58520,58860,2263770
1783331100000,58515,58524,58486.8,58519,24360,2258550
1783395900000,58599.8,58666,58470.4,58585,113580,2226210
1783399500000,58594.8,58622,58500.2,58589,39210,2229300
1783403100000,58590,58630,58550,58550,32280,2220090
1783406700000,58554.8,58569,58402,58448.8,120660,2259540
1783410300000,58430,58492.8,58374.6,58461.4,85620,2246970
1783413900000,58461.4,58525,58385,58417.8,54030,2249280
1783417500000,58390.2,58422.2,58352,58385.4,39000,2249520
1783482300000,58100.2,58190,57811,58058.2,366960,2275230
1783485900000,58058,58245,58000,58155,90690,2293320
1783489500000,58155,58177,57976,57986.6,59070,2309610
1783493100000,57970,58069,57889,58046,79080,2324010
1783496700000,58035,58070,57011,57018.4,389070,2382570
1783500300000,57031.6,57180.4,56704,56945.8,464100,2361300
1783503900000,56918.6,57048.2,56912,56980,81600,2355060
1783568700000,57122,57539,57095,57512.8,243180,2253450
1783572300000,57519,57660,57219,57388.6,155100,2260230
1783575900000,57353.4,57670,57335.2,57505.6,91140,2246730
1783579500000,57505.6,57570,57411,57564,34170,2244090
1783583100000,57564,57640,57456,57526.8,53580,2246100
1783586700000,57528,57625,57335.2,57478,89310,2257140
1783590300000,57470.2,57539.8,57470.2,57508.6,49140,2262390
1783655100000,57700,58094.6,57672,58057.6,248130,2196330
1783658700000,58057.8,58134,58040.2,58076.6,85980,2190060
1783662300000,58079,58106.2,57992,58004.2,36420,2184240
1783665900000,58004.2,58361.4,58000,58200,122670,2189910
1783669500000,58200,58275,58122,58207.8,54300,2183310
1783673100000,58220,58275,58162.4,58188,59880,2183970
1783676700000,58185,58240,58175,58234.6,42360,2181900
1783914300000,57880,58032,57626,57995,251280,2144700
1783917900000,57995,58188,57959.2,58088.6,94740,2148990
1783921500000,58075,58099,57920.4,58070,70230,2150970
1783925100000,58070,58263,58027,58121.2,95910,2133360
1783928700000,58152.8,58250,58000,58232.2,51060,2135550
1783932300000,58250,58360,58232.6,58280.2,144570,2126550
1783935900000,58283.4,58328,58250.4,58305.4,32610,2130660
1784000700000,58000,58000,57512,57609.8,394080,2095650
1784004300000,57580,57724.8,57476,57724,134850,2124570
1784007900000,57724,57724.8,57550.6,57581.4,43980,2130570
1784011500000,57580,57595,57499.8,57555,61440,2148180
1784015100000,57555,57590,57410,57527.6,77010,2160840
1784018700000,57535,57625.2,57425,57551.8,81480,2155200
1784022300000,57552.2,57582.6,57453,57520,57360,2146710
1784087100000,57695,58200,57622.8,58151.6,345810,2071770
1784090700000,58178.2,58199,58102,58102,32610,2075910
1784094300000,58102,58176,57950,58157,49890,2067090
1784097900000,58157,58180,57582.8,57650,193140,2085060
1784101500000,57638.8,57878,57630.2,57844,99900,2092260
1784105100000,57841.6,57869.8,57723.2,57825,54000,2099040
1784108700000,57825,57909.8,57807,57874,57510,2080230
1784173500000,57989,57989.8,57808,57824,86130,2030340
1784177100000,57834,58060,57744.8,57901,78090,2028690
1784180700000,57910,57925.8,57775,57834.4,39750,2029110
1784184300000,57812.2,57890,57770,57771,36030,2039550
1784187900000,57770,57775.6,57610,57705.4,75420,2043300
1784191500000,57705.4,57848,57659,57789.4,54780,2042730
1784195100000,57787.8,57828,57761,57823.8,33600,2044200
1784259900000,57800,58027.4,57702,57990.2,188520,2016210
1784263500000,57990.6,58200,57990,58068.6,209910,2008110
1784267100000,58089.4,58158,58051.4,58120,72330,2002560
1784270700000,58131.4,58170,58074.4,58128,46140,2004300
1784274300000,58128,58245.4,57933,58240,96600,2008680
1784277900000,58224.4,58543,58224.4,58475,284010,2035980
1784281500000,58473.4,58600,58447.8,58599.8,180240,2084100
1784519100000,58100,58100,57675,57770,487530,2037150
1784522700000,57764.8,57895.8,57740.8,57775,105570,2032290
1784526300000,57772,57821.6,57739,57794.8,43560,2032950
1784529900000,57794.8,57940,57643.4,57938.6,114720,2035230
1784533500000,57934,58225,57880,58164.8,164880,1994550
1784537100000,58170,58194.8,58070.8,58131.2,63540,1987290
1784540700000,58131.2,58151,58101,58125,78360,2017710
1784605500000,58080,58265,58014.2,58082.8,171450,2011110
1784609100000,58082.8,58117.4,57968.4,58015,60780,2032350
1784612700000,58012,58048.2,57941,58014.6,43080,2049690
1784616300000,58014.6,58098.8,57911,58019.8,49110,2052690
1784619900000,58019.8,58075,57987.4,58019,15780,2051040
1784623500000,58001,58048.8,57922,57961,40230,2045490
1784627100000,57974.8,57990,57938.4,57965,46470,2054910
1784691900000,57800,57890,57338,57410,286920,2080620
1784695500000,57405,57441,57255.8,57300,105990,2111190
1784699100000,57300,57390,57160,57160.4,77010,2108040
1784702700000,57160,57219.8,57056,57105,102750,2112300
1784706300000,57105,57220,57057,57080.2,92610,2101980
1784709900000,57081.4,57240,57081,57229.8,66990,2075070
1784713500000,57215,57240,57171,57174.6,45330,2071350
1784778300000,56900.2,57040,56775,56950,262470,1987050
1784781900000,56932,56975,56895,56895,79350,1993710
1784785500000,56895,56895,56687,56735,245250,1998090
1784789100000,56722,56740,56451,56500,272580,2011110
1784792700000,56500,56625,56455.2,56566.2,129180,2010960
1784796300000,56580,56721,56512,56655,93630,2008650
1784799900000,56639.6,56690,56635,56673.8,38580,1990950
1784864700000,56300,56420,56155,56182.4,175500,1787970
1784868300000,56182.4,56340,56180,56190,119070,1782360
1784871900000,56190,56494,56190,56400,115860,1779600
1784875500000,56400,56899,56379.8,56808,238500,1811940
1784879100000,56794,56932,56666,56881,118800,1811250
1784882700000,56889,56903.4,56786,56850,106140,1797510
1784886300000,56830,56899,56821,56862,40110,1794420
1785123900000,57075,57389,57052,57201.2,201630,1384500
1785127500000,57201.2,57225,57025,57108.8,86580,1374240
1785131100000,57106,57190,57025,57113.4,99330,1380660
1785134700000,57140,57170,57070.4,57115,96150,1412460
1785138300000,57115,57195,56959,57190.2,84600,1397970
1785141900000,57162,57220,57114.4,57165.2,92580,1390890
1785145500000,57166,57192,57160.2,57169,35310,1385460
1785210300000,57061,57099.8,56820,56894,144990,1035660
1785213900000,56895,57017,56876.4,56970,74700,1028700
1785217500000,56964,57045,56946.6,56995,72870,959580
1785221100000,56995,57010,56850,56850,89550,924180
1785224700000,56850,56880,56800,56814,94980,829140
1785228300000,56808.6,56848.2,56688.2,56700,127980,788730
1785231900000,56700,56810,56695,56751.6,44610,762510
1785296700000,57333,57376,57151.4,57335,221280,2160690
1785300300000,57340,57355.2,57239,57315.8,42060,2163330
1785303900000,57315.8,57439,57281,57406,70230,2150820
1785307500000,57407.8,57412,57311.2,57398,34260,2144370
1785311100000,57390,57424.8,57280,57409.8,55860,2132430
1785314700000,57419.6,57458,57350,57355,70710,2102520
1785318300000,57355,57360,57305,57305,43200,2090580
1785383100000,57125,57200,56925,57000,174960,2124210
1785386700000,57000,57075,56925,57057,79530,2155530
1785390300000,57057,57113.4,57000,57048,46590,2158050
1785393900000,57052.2,57350,57048,57210,124890,2146650
1785397500000,57210,57271.2,57150,57150,24300,2141160
1785401100000,57150,57340,57100,57264.8,75060,2135670
1785404700000,57264.8,57315.4,57237.6,57300,49410,2137650
1785469500000,57460,57576,57361,57449,186720,2121630
1785473100000,57428,57480,57378,57410,42630,2130900
1785476700000,57410,57452,57370.4,57452,30720,2138790
1785480300000,57458,57548,57414,57500,46620,2134080
1785483900000,57492.2,57551,57461.2,57497,35910,2122050
1785487500000,57492,57518.4,57430,57441.6,33060,2115540
1785491100000,57441.4,57442.2,57390,57412,37770,2117700
1785728700000,57750.2,58028,57712.4,58000,341790,2128800
1785732300000,58000,58065.8,57940,58019,91380,2145420
1785735900000,58019,58033,57986,58002,38580,2149410
1785739500000,58002,58039,57816,57879,81840,2149680
1785743100000,57879,57941,57865,57902.2,21990,2144700
1785746700000,57905,57959.2,57816,57850,49440,2142570
1785750300000,57852,57920,57825,57880,32670,2133060
1785815100000,57830,58074,57738,57990,134040,2106810
1785818700000,57990,58034.2,57842.2,57870.6,48180,2112540
1785822300000,57870.6,57870.6,57650,57709,86730,2135910
1785825900000,57709,57771.4,57600,57625,61530,2148240
1785829500000,57629.8,57694,57581,57685,54690,2171280
1785833100000,57685,57725,57662.2,57714.6,44610,2162370
1785836700000,57714.6,57734,57698.6,57710,31260,2150280
1785901500000,57980,58184,57864.2,58124,277590,2143560
1785905100000,58131,58140,57831.2,58041.8,91320,2163930
1785908700000,58041.8,58052.4,57850,57922,46410,2165100
1785912300000,57903,57934,57750,57755,66780,2185860
1785915900000,57755,57840.8,57703,57783,41970,2202360
1785919500000,57783,57860,57740,57856,47220,2209140
1785923100000,57856,57860,57783.2,57803,33690,2194020
1785987900000,57940,58069.8,57860,58027.2,116040,2134860
1785991500000,58025.6,58099,57991.2,58090,53400,2128140
1785995100000,58095,58115.6,58013.4,58086,45720,2127900
1785998700000,58088.8,58123.2,58041.2,58082,53970,2122230
1786002300000,58084.6,58208.4,58059,58196.2,185250,2126520
1786005900000,58196,58212,58140,58166.2,118290,2154570
1786009500000,58166.2,58205.2,58161,58191,38280,2129190
1786074300000,58010,58095,57977.2,58041.2,78270,2119380
1786077900000,58041.2,58062.4,57910,57967.8,63870,2130600
1786081500000,57967.6,58020,57902,57902,41700,2137590
1786085100000,57903,57996,57869.2,57911,35160,2128890
1786088700000,57910,58130,57871.6,57979.6,94560,2104260
1786092300000,58007,58058,57950,58030,41100,2094180
1786095900000,58030,58049,57990.2,58013,24060,2092590
1786333500000,57999,58112.2,57751,57805,130560,2093400
1786337100000,57805,57939,57805,57910,24300,2092230
1786340700000,57910,57925,57831,57895.2,17640,2087190
1786344300000,57891,57925,57801,57839.2,18180,2093880
1786347900000,57810.8,57895,57810,57869.8,11790,2096070
1786351500000,57869.8,57886.8,57801,57859.8,34230,2095920
1786355100000,57863.8,57900,57846.8,57860.2,25440,2083350
1786419900000,57750,57787.8,57360,57411,219060,2127990
1786423500000,57410,57549,57400,57524.8,42420,2132310
1786427100000,57524.6,57562,57480.6,57505,24090,2123850
1786430700000,57505,57660,57485,57616,40800,2111910
1786434300000,57616,57710,57540,57610.4,43740,2104620
1786437900000,57610.4,57628,57563.4,57596.8,36270,2086260
1786441500000,57596.8,57600,57555.8,57571.4,25650,2072520
1786506300000,57576,57900,57464.2,57838,154950,2069160
1786509900000,57838,57945.6,57765,57776.4,108840,2092500
1786513500000,57762.2,57880,57690,57741,69270,2116110
1786517100000,57736.6,57797,57710.2,57735,21450,2119290
1786520700000,57735,57799,57716,57722,33480,2137620
1786524300000,57722,58088.8,57708,58019,160860,2114430
1786527900000,58020,58040,57986.8,58000,61620,2081790
1786592700000,58099,58099,57755,57820,104280,2097660
1786596300000,57820,57862,57765.2,57796,34470,2109240
1786599900000,57790,57940,57760,57885,30750,2113530
1786603500000,57890,57905,57805,57840,14190,2117100
1786607100000,57821,57920,57806,57851.6,20100,2111730
1786610700000,57850,57900,57840,57861,22650,2111250
1786614300000,57860,57885.2,57830.4,57874,14790,2104170
1786679100000,57821,57878,57654.8,57833,98790,2126730
1786682700000,57840,57844.2,57665,57675,59160,2139210
1786686300000,57669,57705.2,57557.8,57627.6,83970,2140140
1786689900000,57627.6,57670,57596.8,57645,27630,2137320
1786693500000,57645,57803,57580,57765.4,61020,2123490
1786697100000,57790,57794,57705,57723,31050,2109630
1786700700000,57709,57723,57651,57670,20040,2101320
1786938300000,57571.2,57597.8,57321.8,57420,117990,2132880
1786941900000,57420,57425.8,57274.8,57318,100350,2105340
1786945500000,57318,57416,57314,57390,36390,2103870
1786949100000,57390,57900.4,57390,57892.2,167460,2097990
1786952700000,57895,57899,57775,57775,38370,2088000
1786956300000,57781,57895,57770,57864,95460,2061660
1786959900000,57875,57895,57750,57755,43530,2059380
1787024700000,57595,57720,57431,57440,123360,2070540
1787028300000,57440,57506,57341,57424.2,82350,2093610
1787031900000,57424.2,57500,57345,57460,69060,2073600
1787035500000,57479.8,57498,57411,57454,11790,2076120
1787039100000,57454,57478,57396.4,57460,25860,2076180
1787042700000,57460,57505,57415.2,57448,68610,2088690
1787046300000,57450,57454.4,57372,57400,20610,2086620
1787111100000,57402,57402,57151,57350,150300,2104200
1787114700000,57349.2,57361,57201,57234,36060,2108070
1787118300000,57230,57360.6,57216.4,57241.6,44250,2092650
1787121900000,57241.6,57298.8,57227.2,57250,17460,2087520
1787125500000,57250,57380.6,57228.6,57323.6,41730,2080140
1787129100000,57335,57499,57277.2,57341,73170,2067000
1787132700000,57349.8,57365,57325,57355,22680,2064270
1787197500000,57588.2,57900,57520,57833,291510,1985430
1787201100000,57829.8,57849,57769.6,57793.8,50070,1984920
1787204700000,57795,57810,57752.2,57767.4,33450,1976940
1787208300000,57765,57855,57704.6,57802,65550,1978620
1787211900000,57823.8,57824.6,57720,57749.6,44730,1982520
1787215500000,57729.4,57750,57630.2,57662.6,77940,1970250
1787219100000,57662.6,57682.2,57602.6,57620,41220,1973310
1787283900000,57638.6,57858,57585.2,57779,179160,1873830
1787287500000,57780.2,57835,57755.6,57812,82140,1861770
1787291100000,57812,57837.2,57756.8,57760,133260,1866870
1787294700000,57750,57815,57711.6,57772.6,135630,1859250
1787298300000,57772.8,57796.6,57722.2,57740,120030,1867920
1787301900000,57727.2,57775,57711,57730.2,116490,1873530
1787305500000,57730,57750,57700,57705,24180,1864920
1787543100000,57800,57889.8,57755,57788.4,144540,1375680
1787546700000,57784.8,57790,57439,57439,173130,1367640
1787550300000,57420,57475,57386,57445,169050,1346670
1787553900000,57445,57459.6,57224.2,57361.8,141360,1268760
1787557500000,57361.8,57440.8,57335.8,57409,96060,1247820
1787561100000,57409,57472,57366.6,57419.8,153720,1265010
1787564700000,57438.2,57464,57381.6,57384.2,18390,1257270
1787629500000,57300,57650,57259.4,57525,163170,757650
1787633100000,57525,57599,57407.4,57499.8,111930,732420
1787636700000,57499.8,57540,57433.6,57540,54720,720510
1787640300000,57540,57540,57345.2,57345.2,74040,695940
1787643900000,57345.2,57460,57303.2,57383.8,79920,668580
1787647500000,57383.2,57528.8,57355,57486.6,172350,585930
1787651100000,57490,57580,57390,57514.6,65070,566430
1787715900000,58010,58380,57900,58295,333270,1970610
1787719500000,58290,58330,58220,58320,77010,1994550
1787723100000,58320,58320,58230,58280.6,32490,2002230
1787726700000,58284.4,58325,58250,58258.2,22020,2008530
1787730300000,58258.2,58261.6,58180,58225,49200,2012340
1787733900000,58225,58300,58200,58241,38430,2011230
1787737500000,58240,58255,58189.6,58220,27990,2003010
1787802300000,58220,58298,58058,58111,91890,2027160
1787805900000,58109,58135.6,58014,58045,36480,2031060
1787809500000,58045,58088.2,58000,58005,29760,2035020
1787813100000,58008,58140,57942.2,58129.6,79170,2046120
1787816700000,58130,58147,57925,57959.6,63060,2033040
1787820300000,57955,58013.8,57925,57949,34260,2033250
1787823900000,57949.4,57975,57847.8,57883.8,47850,2023620
1787888700000,57885.2,57890,57671,57884.8,125340,2018670
1787892300000,57888,57976,57871.4,57943,47610,2020350
1787895900000,57938.8,57940.6,57701,57730,45960,2027940
1787899500000,57730,57789,57701,57708.8,21330,2028600
1787903100000,57708.8,57836,57700,57820,31050,2031750
1787906700000,57820,57875,57775,57845.6,25740,2020770
1787910300000,57855,57890,57831.8,57860,21060,2013030
1788147900000,57751,57888.6,57592,57673.8,127890,2022300
1788151500000,57673.8,57684,57600,57680,42900,2041320
1788155100000,57680,57900,57650.2,57830,64200,2028510
1788158700000,57853.2,57875.4,57784.8,57848,16950,2023980
1788162300000,57848.6,57858,57761,57765,15570,2021850
1788165900000,57772,57966,57701,57847.8,65490,2005170
1788169500000,57833.8,57947.8,57820,57886.2,43950,1987380
1788234300000,57876.2,57876.2,57694.2,57775,77400,1979880
1788237900000,57778,58000,57767.8,57992,66840,1998630
1788241500000,58000,58101,57964,57980.2,92310,2009370
1788245100000,57983.2,58015,57825.4,57850,34860,2009400
1788248700000,57825,57843.6,57484.2,57510.2,225840,1996770
1788252300000,57507.8,57601.2,57489.2,57595,94590,2004660
1788255900000,57598.8,57628,57550,57566.2,34230,1999290
1788320700000,57300,57502,57211,57452,147990,2007900
1788324300000,57452,57593.6,57401,57424,52080,2009160
1788327900000,57424,57500,57350,57490.8,48570,2018700
1788331500000,57499.8,57575,57402.8,57531.2,32280,2025630
1788335100000,57530.6,57599,57430,57555.2,32460,2029170
1788338700000,57555.2,57568.8,57412,57499.4,31740,2031360
1788342300000,57499.6,57520,57470,57498.6,21480,2030760
1788407100000,57788,58050,57782,57990,250980,2003730
1788410700000,57990,58040,57838,57865,56340,2004870
1788414300000,57855,57950,57840,57894,23820,2010990
1788417900000,57894,57900.4,57810,57850,33420,2017140
1788421500000,57850,57900,57760,57820,30810,2023950
1788425100000,57809.4,57856.4,57702.8,57762.8,36210,2021220
1788428700000,57750.2,57764.8,57665,57670,53970,2018970
1788493500000,57795,57844,57685,57750,65700,2032080
1788497100000,57750,57900,57731,57842.8,47160,2043420
1788500700000,57843.4,57953.4,57843.4,57880,47520,2046090
1788504300000,57880,57894,57818,57875,17250,2044980
1788507900000,57875,57941.8,57830,57836.6,35010,2039910
1788511500000,57836.6,57899.2,57769.2,57788,52320,2027370
1788515100000,57781,57800.4,57753,57775,26010,2018700
1788752700000,57700,57722.8,57360,57400,162300,2034780
1788756300000,57400,57431.8,57324.2,57370,102780,2001810
1788759900000,57370,57460,57351.2,57449.6,25680,2005110
1788763500000,57449.6,57483.2,57365,57390,17340,2009760
1788767100000,57390,57512,57384.6,57479,34200,2010780
1788770700000,57472,57545,57388,57390.8,61980,1984050
1788774300000,57395.4,57410,57352,57379.6,23940,1976730
1788839100000,57255,57307.6,57172,57290,138540,1983420
1788842700000,57299.8,57343,57203.4,57212,38550,1984590
1788846300000,57211,57248.8,57095,57154.4,83340,2014170
1788849900000,57154.4,57200,57101,57114.2,30150,2019060
1788853500000,57130.4,57162,57057.8,57155,36360,2024280
1788857100000,57155,57183.6,57080,57139.8,53880,2035530
1788860700000,57140,57156.6,57073,57099,21540,2037930
1788925500000,56674,56938.4,56674,56852.8,187530,2098590
1788929100000,56838,56970,56818.8,56955,55140,2102670
1788932700000,56954.8,56969.8,56804.2,56845,34530,2113740
1788936300000,56845,57129.8,56801,56997,72090,2116800
1788939900000,56997,57125,56985.8,57030,26010,2119710
1788943500000,57030,57079.2,56680,56735,81510,2133120
1788947100000,56740,56740,56625,56681,75690,2136390
1789011900000,56693,56846,56655,56701,91590,2132460
1789015500000,56720,56850,56720,56840,30330,2131980
1789019100000,56840,56879.8,56761,56842.8,29190,2134650
1789022700000,56843,56850,56660,56750,23460,2139000
1789026300000,56757,56764.8,56641,56650,21960,2147610
1789029900000,56650,56725,56550,56573.8,64560,2166270
1789033500000,56575.2,56668.2,56567,56619,19710,2166750
1789098300000,56275,56300.4,55969.8,56294.8,217200,2231040
1789101900000,56290,56528.8,56221,56487.6,48690,2223000
1789105500000,56487.4,56558,56353.8,56380.2,60840,2222070
1789109100000,56397.6,56605.2,56361.6,56514,40710,2212320
1789112700000,56513.8,56869,56471,56810,89580,2191170
1789116300000,56812,56925,56740,56866,97080,2185200
1789119900000,56868.4,56921,56836,56921,23910,2173680
1789443900000,56890.4,57089.8,56488,56535,236340,2096280
1789447500000,56530,56540,56286.6,56376,112020,2114700
1789451100000,56376,56421,56315.2,56380,39570,2131590
1789454700000,56387.6,56463.8,56345.6,56418.8,37020,2145000
1789458300000,56418.8,56430,56175,56210.8,74580,2178900
1789461900000,56212.4,56248,56050,56126.8,77880,2205060
1789465500000,56139.8,56175,55990,56015,43800,2210430
1789530300000,56180,56395,56082.8,56226.2,177240,2237910
1789533900000,56225,56524,56195,56391.8,94770,2247240
1789537500000,56425.4,56453.8,56301,56415,30000,2244240
1789541100000,56415,56600,56371.2,56523.8,35490,2235600
1789544700000,56525,56565,56380,56480,35610,2233710
1789548300000,56480,56525,56380,56417,80190,2210040
1789551900000,56401.8,56450,56381.2,56390,28230,2205300
1789616700000,56371,56748,56290,56677.4,114480,2131980
1789620300000,56677.4,56695.2,56230,56290,68700,2133330
1789623900000,56282.8,56620,56275.2,56606,54330,2125590
1789627500000,56613.2,56648,56491,56491,28320,2124900
1789631100000,56491,56491,56246.8,56350,59400,2131050
1789634700000,56350,56424.6,56280.2,56360.8,24510,2135280
1789638300000,56333,56356.6,56290,56329,22380,2125020
1789703100000,56302,56500,56302,56450,55830,2114400
1789706700000,56450,56460,56320,56330,21900,2120790
1789710300000,56330,56440,56299,56415,21900,2119620
1789713900000,56415,56588,56399,56560,65760,2113980
1789717500000,56560,56574,56415,56544.6,29550,2106090
1789721100000,56544.6,56642,56524.2,56536.4,91350,2061540
1789724700000,56536.4,56556.4,56491,56539,43530,2049420
1789962300000,56525,56675,56488,56507,100500,2017260
1789965900000,56506,56610,56502.2,56600,22860,2019840
1789969500000,56600,56609.8,56550.6,56572,22140,2013390
1789973100000,56599,56608,56555,56603,39000,2009880
1789976700000,56603,56783.6,56603,56735.6,82170,1994190
1789980300000,56735.6,56765,56638.6,56655,29340,1979160
1789983900000,56645,56665.4,56614,56630.4,21810,1975620
1790048700000,56690,56775,56650,56750,69570,1975110
1790052300000,56750,56751.8,56430,56485,91260,1988790
1790055900000,56484.6,56513.6,56375,56419,40860,1999710
1790059500000,56419,56462.2,56325,56370,50940,1970730
1790063100000,56394.8,56510.2,56163,56510,73140,1946160
1790066700000,56529,56564,56395,56480,48120,1928940
1790070300000,56485,56578,56404.2,56570,26160,1928790
1790135100000,56450,56660,56450,56618.2,85650,1910790
1790138700000,56618.2,56740.6,56618.2,56735,59550,1894170
1790142300000,56735.2,56735.4,56660,56715.2,20190,1884360
1790145900000,56706,56738,56640.2,56685.8,21030,1875060
1790149500000,56685.8,56740,56626.8,56720,26310,1871790
1790153100000,56720,56735,56601,56681,47910,1856790
1790156700000,56680,56720,56671,56687.2,29820,1853700
1790221500000,56000,56188,55680,55760.8,319770,1899900
1790225100000,55760.8,55828,55711.2,55771.4,44460,1846410
1790228700000,55771.4,55837.8,55740,55775,22110,1843200
1790232300000,55775,55820,55740,55817,25800,1841520
1790235900000,55817,55819,55445.2,55588,108000,1852590
1790239500000,55590,55735,55507,55600,41250,1839900
1790243100000,55600,55698,55562.8,55563.2,29610,1832430
1790307900000,55650,55834,55539,55747,163590,1782000
1790311500000,55747,55779,55620.2,55739.2,89190,1771350
1790315100000,55739.2,55772.8,55680,55720,111210,1815330
1790318700000,55720,55741.8,55570,55639.6,86310,1822650
1790322300000,55628.8,55899,55578,55760.2,81900,1819200
1790325900000,55771,55865.8,55630.2,55673,84030,1818750
1790329500000,55695,55700,55644.4,55687.4,45720,1737780
1790567100000,55405,55462.8,54722,54750.2,218310,1276800
1790570700000,54750.2,54769.8,54622.2,54629.2,110910,1254030
1790574300000,54627.2,54751,54617.4,54693.2,67830,1223760
1790577900000,54693.2,54748,54631.4,54664,58260,1201770
1790581500000,54664,54736,54621.4,54645,63750,1133190
1790585100000,54645,54649,54505.8,54559.6,123750,1131060
1790588700000,54553.6,54588,54526,54560,40620,1114620
1790653500000,54328,54461,53829.6,53869.2,234570,910890
1790657100000,53855,54238.6,53810,54160,123120,915060
1790660700000,54183.2,54420.4,54099,54366.8,118320,903300
1790664300000,54380,54407.6,53949.6,54280,118590,869490
1790667900000,54280,54340,54150,54319,76410,826830
1790671500000,54319,54390,54239.8,54370,155910,749430
1790675100000,54370,54399,54184,54255.6,69030,724530
1790739900000,54897.4,55130,54780,55130,147000,2299500
1790743500000,55130,55200,54959,55051.2,122100,2332140
1790747100000,55051,55234.4,55032,55215,79050,2335260
1790750700000,55217.4,55461.2,55180,55370,126390,2356020
1790754300000,55372,55455,55235.4,55255,97560,2399010
1790757900000,55255,55289,54940.2,54976.2,123960,2435940
1790761500000,54970,55040,54955.4,54990,26640,2426070
1790826300000,54840,55250,54811.4,55134.6,152280,2391120
1790829900000,55134.6,55365,55128.4,55161.6,71370,2387370
1790833500000,55161.6,55324.8,55068.4,55134,63360,2395950
1790837100000,55120.8,55150,54477,54759.4,187320,2429310
1790840700000,54759.4,54784.8,54312.6,54531.4,181260,2409450
1790844300000,54547.2,54805.2,54410,54800,151740,2443110
1790847900000,54800,54848,54768,54800,37320,2439990