datetime,open,high,low,close,volume,oi
1514851200000,25490,25491.9,25287.6,25393.4,2623000,0
1514937600000,25440,25499,25370,25386.8,2152600,0
1515024000000,25394.8,25524,25379.6,25496.4,2543600,0
1515110400000,25534,25668.3,25520.7,25636.5,2078600,0
1515369600000,25699.8,25779.9,25685.1,25724.7,1679480,0
1515542400000,25696.2,25714.8,25565.7,25625.7,1972320,0
1515628800000,25602.4,25706.9,25550,25668.4,2376120,0
1515715200000,25710,25764.8,25568,25743.4,2945680,0
1515974400000,25774.8,26063.6,25762.4,26044.8,3166520,0
1516060800000,26121,26121,25937.1,25981.3,2361760,0
1516147200000,25989.9,26313,25912,26289.9,3331240,0
1516233600000,26610.2,26767.9,26385,26499.4,5271520,0
1516320000000,26551.1,26947.8,26429.9,26896.1,4192360,0
1516579200000,26889.9,27045.4,26801.7,27015.5,2258360,0
1516665600000,27044.4,27415,27030,27386,2771720,0
1516752000000,27310.1,27474.7,27219.2,27426.8,3365120,0
1516838400000,27474.7,27512.5,27126.3,27440.4,4229560,0
1517184000000,27382,27639.7,27382,27509.3,2240760,0
1517270400000,27451.1,27479.8,27312.2,27358.7,2201680,0
1517356800000,27222,27582.5,27210.3,27465.6,2841280,0
1517443200000,27430.3,27661,27078.6,27233.2,5949960,0
1517529600000,26994.9,26994.9,26425.5,26504.7,4365080,0
1517788800000,26094.9,26317.3,25903.3,26196,3239080,0
1517875200000,25201.1,26213.1,25000,25848.6,7049120,0
1517961600000,26111.3,26111.3,25572,25663.5,4066040,0
1518048000000,25741,26148,25622.1,25941.8,4279160,0
1518134400000,25510.2,25650,25356,25513.3,4089400,0
1518393600000,25602.5,25759.4,25530,25706.4,2471480,0
1518566400000,25760,25830,25250,25357.5,3645360,0
1518652800000,25325,25613,25281.2,25419,4177960,0
1518739200000,25475.1,25590,25128.6,25192.2,3808680,0
1518998400000,25300.1,25323.9,24840.2,25057.5,4460320,0
1519084800000,25061.1,25149.8,24811.8,24859.6,4094880,0
1519171200000,24980,25010.5,24776.1,24928.8,3161720,0
1519257600000,24785,24956.9,24752.8,24936,3558960,0
1519344000000,25002,25409.9,24950,25381.6,3379680,0
1519603200000,25530,25777.9,25452,25739.2,2788000,0
1519689600000,25700,25780,25385,25412.1,3688760,0
1519776000000,24600,25270,24600,25170.1,4483880,0
1519862400000,25069.4,25280,24870,24938.4,4092200,0
1520208000000,24749.7,24905,24683.1,24866.3,3643480,0
1520294400000,24990,25085,24412,24504.2,4845920,0
1520380800000,24370,24439,24160.6,24214.2,4922120,0
1520467200000,24364,24570,24085.7,24508.1,5489960,0
1520553600000,24549.8,24580,24285.2,24313.2,3822080,0
1520812800000,24505.7,24798,24402,24747.8,3939040,0
1520899200000,24710,25090,24636,24816.1,6140000,0
1520985600000,24690,24970,24551.1,24933.2,4859960,0
1521072000000,24922.1,25007.9,24791,24843.1,4277040,0
1521158400000,24750.8,24869.9,24566,24607.5,4492720,0
1521417600000,24630,24670,24256.6,24336.9,4268280,0
1521504000000,24210,24430,24135.3,24224.5,4144400,0
1521590400000,24375.1,24528,24251,24325.8,4045360,0
1521676800000,24352.3,24368.6,24110.1,24171.7,3940440,0
1521763200000,23832,23860,23631.2,23710.2,4026840,0
1522022400000,23670,24320,23668.4,24280.8,4238360,0
1522108800000,24424,24518.6,24280.2,24400.2,4705280,0
1522195200000,24300,24375,24226,24274.9,3462360,0
1522627200000,24355.5,24465,24155,24431.2,3083520,0
1522713600000,24380,24621.8,24355,24598.2,2812400,0
1522800000000,24621.8,24699,24115.8,24148.6,5023960,0
1522886400000,24422,24878.4,24410,24808.9,4874640,0
1522972800000,24820.1,24974,24675.3,24906.2,3489000,0
1523059200000,25501,26213.5,24500,25570.2,33600,0
1523232000000,24860,25164,24860,25091.7,3492640,0
1523318400000,25149,25258.4,25102,25203.5,3285400,0
1523404800000,25201.2,25209.7,24933.8,25096.9,3549720,0
1523491200000,25099.7,25230,24956.1,25184.3,3520080,0
1523577600000,25249.7,25394.9,25075,25219.1,4070520,0
1523836800000,25098.6,25347.9,25050.2,25330.6,2914760,0
1523923200000,25385.1,25422,25210,25334.5,3059320,0
1524096000000,25199.9,25199.9,25041.4,25148.4,2947800,0
1524182400000,25111.1,25111.1,24862.6,25006.1,3301080,0
1524441600000,25135,25148.2,24811.7,24947.2,2873680,0
1524528000000,24963,25085.9,24904.6,25013.8,2735680,0
1524700800000,24801.1,25021.1,24753.2,24990.3,3548640,0
1524787200000,25040.7,25477.8,25035.1,25445.2,3641440,0
1525046400000,25401,25678,25401,25635.8,2079280,0
1525219200000,25675,25744,25561,25643.7,2887000,0
1525305600000,25611.1,25753.7,25523,25711.8,2786160,0
1525392000000,25679.2,25737.9,25602,25701.2,2230560,0
1525651200000,25760,25900,25737.1,25846.3,2118960,0
1525737600000,26035,26070,25933,26043,2821320,0
1525824000000,25967.8,26186.6,25956.3,26128.4,2468920,0
1525910400000,26133.1,26220,26031,26072.9,2618720,0
1525996800000,26115,26429.9,26060.3,26400.3,2786160,0
1526256000000,26411.9,26565,26322.7,26453.9,2286320,0
1526342400000,26470,26926.7,26380,26512.2,5012720,0
1526428800000,26319.4,26462.4,26136.8,26218.1,4346000,0
1526515200000,26260,26284.8,26023,26072.2,2944120,0
1526601600000,26033.3,26048,25810.1,25878.1,2545320,0
1526860800000,25952.1,26070,25722.4,25801.9,2980040,0
1526947200000,25775.9,25958.7,25740.1,25817.2,2938280,0
1527033600000,25770,25840,25550,25601.1,3101080,0
1527120000000,25640,25969.9,25601.2,25915.7,3344920,0
1527206400000,25968.9,26292.9,25951.2,26242.3,2797560,0
1527465600000,26240,26635.6,26239.9,26542.1,2528360,0
1527552000000,26490.1,26509.8,26143.8,26183.8,3384800,0
1527638400000,25981.6,26356.8,25921.1,26250.8,4768480,0
1527724800000,26510.2,27058.2,26338,26932.9,4918880,0
1527811200000,26726,26887,26620,26669.2,4104680,0
1528070400000,26890,26899,26136.1,26190.1,4811960,0
1528156800000,26140,26329,26079.1,26257.4,4006640,0
1528243200000,26277.9,26450,26133.6,26391.5,4745560,0
1528329600000,26563,26798,26505,26567.3,5202840,0
1528416000000,26481.1,26488.4,26282.8,26438,3306160,0
1528675200000,26449.9,26659.1,26426.2,26477,2932480,0
1528761600000,26575.6,26648,26451,26616.2,3086640,0
1528848000000,26700.1,26732.6,26573,26637.3,2876240,0
1528934400000,26600,26647.6,26476.4,26580.9,3264360,0
1529020800000,26545,26569.4,26301,26410.6,3537920,0
1529280000000,26339.9,26436.5,26293.6,26386.2,2038880,0
1529366400000,26349.9,26349.9,26205,26258.4,3235520,0
1529452800000,26286.4,26622.2,26281.2,26597.5,3679200,0
1529539200000,26677.9,26677.9,26418.1,26471.2,3567360,0
1529625600000,26470,26830,26360.2,26788.5,3521080,0
1529884800000,26110.8,26797.7,26110.8,26609.8,2791560,0
1529971200000,26511.1,26709,26484.8,26603.7,3015840,0
1530057600000,26593.3,26597.8,26321,26428.9,4321080,0
1530144000000,26417.6,26474.9,26141.1,26320.9,4298280,0
1530230400000,26255.6,26437,26255.6,26349.7,3012560,0
1530489600000,26349.9,26349.9,26065.3,26237.2,3215720,0
1530576000000,26181,26344.5,26165.2,26254.9,3106080,0
1530662400000,26244.9,26467,26121,26437.5,3766240,0
1530748800000,26436.6,26596,26403,26484.5,3338040,0
1530835200000,26427.8,26583.9,26402.2,26500.4,2310480,0
1531094400000,26620,26740.1,26606.1,26713.4,2439080,0
1531180800000,26775.1,26925,26756.8,26882.8,2308920,0
1531267200000,26870,26888.4,26733.4,26781.4,2653600,0
1531353600000,26879.9,27153.1,26873.1,27013.9,3802400,0
1531440000000,27039.9,27069.9,26920,26962.9,2580520,0
1531699200000,26912.7,26949.9,26705,26740.7,2805400,0
1531785600000,26689.9,27113.9,26689.9,27088.1,3272200,0
1531872000000,27149.9,27233,26886,26930.8,4431160,0
1531958400000,26967.9,27064.1,26800.2,26841.3,3555040,0
1532044800000,26825.1,26992.2,26763.1,26928.9,2344560,0
1532304000000,26805.2,27098.9,26766,27072.9,2797680,0
1532390400000,27053.1,27173,26910.5,27031.1,3064960,0
1532476800000,27077.7,27121.1,26980.2,27057.7,2192120,0
1532563200000,27090,27407.6,27062.1,27382.8,3398200,0
1532649600000,27503.3,27660,27475,27639.4,2290640,0
1532908800000,27724.8,27872.1,27615.2,27854.8,2697800,0
1532995200000,27814.8,27839.8,27725,27811.7,2319840,0
1533081600000,27778.7,27843.1,27552.4,27672.2,3674040,0
1533168000000,27510.2,27550,27415.3,27450.1,2849440,0
1533254400000,27510,27800,27475.2,27776.8,2596920,0
1533513600000,27825.6,28019.9,27825.1,27960.2,2306800,0
1533600000000,27979,28010.8,27873.7,27947.9,1919200,0
1533686400000,27975,28159.9,27914.7,28127.4,2991680,0
1533772800000,28224.8,28386,28177.8,28351.7,2989400,0
1533859200000,28342.9,28380,28150.1,28166.6,2776680,0
1534118400000,27890,27990.6,27827,27870.7,3084760,0
1534204800000,27905,28097.8,27904.3,28077.5,2496800,0
1534377600000,27889.6,28049.3,27836.8,27907.2,3204960,0
1534464000000,28011.3,28209.9,28005.1,28169.5,2653040,0
1534723200000,28290,28377.6,28220.4,28331.4,1750520,0
1534809600000,28340.2,28360.7,28189.5,28279.3,2029120,0
1534982400000,28336.4,28336.4,28016,28099.1,3221360,0
1535068800000,28010.4,28176,27861.2,27908.8,2763640,0
1535328000000,28034.8,28290.9,28025.2,28268.9,2726640,0
1535414400000,28360.6,28408.8,28160,28312.2,3008320,0
1535500800000,28249.9,28397.7,28190.3,28250.6,2640000,0
1535587200000,28233.3,28233.3,27966.4,28094.2,3259480,0
1535673600000,28160,28309.2,28107.9,28216.7,2902600,0
1535932800000,28285.2,28299.9,27961.6,28014.6,2562920,0
1536019200000,27969,28039,27550.1,27615.4,4117720,0
1536105600000,27594.9,27649.8,27307.3,27534.7,4224520,0
1536192000000,27555.1,27669.8,27384.9,27578.2,4467120,0
1536278400000,27560.1,27636,27338.3,27593.1,3365000,0
1536537600000,27485,27494.4,27270,27338.2,3650880,0
1536624000000,27365.6,27444.1,26914.7,26950.6,4345720,0
1536710400000,26980.1,27028.4,26706.1,26978.8,5102440,0
1536883200000,27202,27290,27063.2,27238.7,2906400,0
1537142400000,27049.8,27050,26809,26906.7,3389880,0
1537228800000,26819.9,26998,26514,26553.1,4568080,0
1537315200000,26585.1,26670,26333.3,26380.2,4301760,0
1537488000000,26442.9,26710.4,25228.1,25660,7497960,0
1537747200000,25749.9,25749.9,24941,25016.8,5725200,0
1537833600000,24952.4,25429.9,24706.8,25343.4,8732920,0
1537920000000,25619.9,25619.9,25200.4,25367.4,4731120,0
1538006400000,25155.6,25444,25000,25029.8,4173240,0
1538092800000,25325.2,25530.6,25050.2,25214.7,6007320,0
1538352000000,25085,25560.2,24861.3,25508.8,5727360,0
1538524800000,25400,25577,25109.8,25163.7,5332320,0
1538611200000,24780,24967,24620.1,24862.2,6493080,0
1538697600000,24700,25150,24272.4,24519.7,6498040,0
1538956800000,24444.7,24816.8,24285,24712.7,5396760,0
1539043200000,24762.4,24842,24510,24563.5,4061520,0
1539129600000,24609.9,25361.2,24586,25305.5,6164320,0
1539216000000,24600.3,24997.2,24510,24827.4,6468440,0
1539302400000,25037,25514.6,25000.1,25406.9,4409240,0
1539561600000,25399,25446,25130.6,25366.2,3885960,0
1539648000000,25356.2,25704.8,25317.7,25622.5,3694360,0
1539734400000,25875,25892.9,25080.4,25177.5,5139160,0
1539907200000,24960.2,25319.7,24860.1,25076.8,4856840,0
1540166400000,25475,25495.3,24966.7,25031.2,4659320,0
1540252800000,24799.8,25069.9,24770,24978.5,4247360,0
1540339200000,25350.1,25350.1,24840,25095.8,5043640,0
1540425600000,24860,25011.2,24686,24802.1,4137440,0
1540512000000,24875,24906.2,24444,24502.4,4084080,0
1540771200000,24683.7,25089,24471.2,25043.2,4196120,0
1540857600000,25050.3,25214,24767.3,24912.9,3952060,0
1540944000000,24874.9,25258.1,24625,25208.4,5066560,0
1541030400000,25249.9,25450,25178.9,25377.7,3935080,0
1541116800000,25548,25898,25515.4,25750.4,4054140,0
1541376000000,25700.2,25873,25573,25805.8,2914340,0
1541462400000,25824.7,25939.7,25616.9,25683.2,3325180,0
1541548800000,25880,25880,25732.2,25762.2,475000,0
1541721600000,25730,25880,25630.1,25848.8,2158360,0
1541980800000,25850.2,25980,25567.6,25599.5,2929820,0
1542067200000,25479.9,25855.1,25429.2,25830.8,3749320,0
1542153600000,25984.5,26080,25811.2,25981.4,4469880,0
1542240000000,25960,26255.9,25905.5,26195.8,3583900,0
1542326400000,26202.2,26333.7,26145,26253.9,3113160,0
1542585600000,26355.1,26395,26207.7,26319,2563980,0
1542672000000,26240,26262.8,26080.8,26157.9,2865340,0
1542758400000,26050,26409.7,26050,26332.3,3342960,0
1542844800000,26310.1,26339.2,25956.9,26003.4,3742740,0
1543190400000,26075,26385.9,26025.1,26363.8,3376020,0
1543276800000,26300.2,26469.9,26239.8,26426.8,3422540,0
1543363200000,26467.8,26548,26381,26420.4,2669860,0
1543449600000,26602.1,27009.1,26530.9,26922.8,3760780,0
1543536000000,26957.4,27034.1,26841,26918.4,2429720,0
1543795200000,27055.5,27065.5,26883.4,26960.4,1979300,0
1543881600000,26903,26924.9,26751.2,26813.3,2100300,0
1543968000000,26670,26745,26561.3,26643.8,2680140,0
1544054400000,26485.5,26494.4,26234.1,26284.7,3235560,0
1544140800000,26380,26735.9,26335.2,26660,3058980,0
1544400000000,26251.2,26453.5,26180.1,26211,2495620,0
1544486400000,25800,26295,25706.4,26231.1,5017200,0
1544572800000,26349.8,26779.4,26297,26758.3,3122460,0
1544659200000,26867.7,27029,26785.8,26883.1,2988980,0
1544745600000,26853,26948,26770,26879.8,1924000,0
1545004800000,26988.8,27129.2,26912.2,27091,1863420,0
1545091200000,26950,27278.8,26926.3,27252.9,2392860,0
1545177600000,27301,27425,27271,27358.2,2096160,0
1545264000000,27189.4,27371.6,27155,27340.5,2609380,0
1545350400000,27300,27399,26888.6,26942.7,3316920,0
1545609600000,26925,26982.6,26737.1,26791.2,2191180,0
1545782400000,26700,27070,26439.6,27031.7,3681980,0
1545868800000,27198,27260,26860,26887.2,3439080,0
1545955200000,27155,27350,27051.1,27278.7,2142640,0
1546214400000,27400,27429.5,27242.1,27318.1,1455840,0
1546300800000,27300.2,27532,27135,27505.7,2329220,0
1546387200000,27410.3,27523,27175.1,27268.5,3388300,0
1546473600000,27260,27319.4,27062.3,27097.4,2777300,0
1546560000000,27169,27431,27058,27361.7,3792280,0
1546819200000,27555,27586.8,27375,27402.9,2110320,0
1546905600000,27388.4,27632.7,27292,27602.6,2829900,0
1546992000000,27752.2,27784.4,27451.4,27751.6,3650760,0
1547078400000,27720.3,27740,27587.1,27641.3,2274640,0
1547164800000,27675,27700,27502.6,27561.5,2224200,0
1547424000000,27465,27489.9,27300.9,27356.8,1990640,0
1547510400000,27410.6,27539,27392.1,27518.9,2070100,0
1547596800000,27534,27640,27502.5,27556.6,1774300,0
1547683200000,27562.3,27667.3,27377,27588.2,2764440,0
1547769600000,27649.9,27676,27505,27547.9,1851560,0
1548028800000,27560.1,27674.9,27449.1,27573,1805120,0
1548115200000,27521.2,27560,27435.3,27518.9,1666140,0
1548201600000,27462,27610.8,27274.4,27320.4,2292400,0
1548288000000,27300,27375.1,27186.2,27317.8,2367540,0
1548374400000,27378,27480,27067,27143.8,2410260,0
1548633600000,27090,27177,26646.9,26711.2,3138820,0
1548720000000,26620.2,26849,26520,26659.1,2757220,0
1548806400000,26888,26917.5,26686.5,26820.9,2648920,0
1548892800000,26972,27314.9,26873.7,27297.4,2975700,0
1548979200000,27331,27599.9,26950,27144.7,4327700,0
1549238400000,26991,27318.1,26885.4,27273.6,2437420,0
1549324800000,27270.1,27407.4,27236.3,27340.2,1769460,0
1549411200000,27400.1,27480,27353.9,27452.2,1829800,0
1549497600000,27350,27646.9,27300,27449.8,2912900,0
1549584000000,27376.6,27535.4,27267.6,27336.8,2575600,0
1549843200000,27300.1,27349.9,27208.2,27295.9,1814020,0
1549929600000,27238.7,27383.7,27086,27116.6,2354080,0
1550016000000,27200,27273.8,26950,26991.9,2033260,0
1550102400000,26967.5,27146.7,26912,27066.5,2170040,0
1550188800000,27070.1,27089.8,26721,26867.3,2774000,0
1550448000000,26780,26907.6,26722,26757.2,1559760,0
1550534400000,26750,27083.9,26700,26739.3,2916760,0
1550620800000,26804,27052.3,26730.2,27017.9,2113240,0
1550707200000,27059.9,27169.9,27038.4,27107.2,1880720,0
1550793600000,27049.9,27074.1,26915.1,26937.2,1759020,0
1551052800000,26975.3,27208.9,26950.1,27171.6,1765040,0
1551139200000,26830,27144,26740,26956.2,3396460,0
1551225600000,27049.8,27195,26723.3,26817.2,3096360,0
1551312000000,26884,26932.6,26751,26783.5,1932620,0
1551398400000,27061.1,27248.9,27051,27201.3,1798120,0
1551744000000,27053.2,27674.6,27053.2,27645.5,2395320,0
1551830400000,27655.6,27760,27560.2,27692.4,2188600,0
1551916800000,27740,27879.6,27626,27833.8,2246280,0
1552003200000,27774.9,27920,27710,27883.2,1898680,0
1552262400000,28018.5,28146.1,27891.2,28080.7,1603240,0
1552348800000,28240,28578.2,28210.6,28528.1,2764780,0
1552435200000,28511.5,28998.1,28436,28938.8,3787880,0
1552521600000,29055.6,29134.7,28862.2,29012.2,2709660,0
1552608000000,29078.8,29658.3,29040.2,29465.5,3720080,0
1552867200000,29605.1,29863.7,29371.9,29660.3,3530540,0
1552953600000,29800,29898.8,29502.9,29858.1,2432220,0
1553040000000,29819.9,29986.4,29704,29931.3,2456180,0
1553212800000,30000.4,30092,29572,29638.6,3428560,0
1553472000000,29410,29419.8,29211.3,29312,2274380,0
1553558400000,29321,30025,29300,29969.7,3265720,0
1553644800000,30109.9,30275,29780.6,30040.9,4266960,0
1553731200000,30055,30493,29928.8,30431.4,3539620,0
1553817600000,30600,30915.7,30408.6,30525.8,2371820,0
1554076800000,30594.9,30811.9,30380,30504.2,2439020,0
1554163200000,30501.1,30638.6,30285.2,30564.8,2648440,0
1554249600000,30626.3,30729,30260.8,30330.9,2530680,0
1554336000000,30349.9,30494,30028.9,30155,3586460,0
1554422400000,30205.2,30402,30055,30316.5,2248780,0
1554681600000,30405.8,30434.7,29875.4,30010.9,2376400,0
1554768000000,30030.1,30359.2,29890.1,30314.8,2719380,0
1554854400000,30200.3,30335,29919.2,29979.2,3011100,0
1554940800000,29948.8,30009,29772,29945.1,2491840,0
1555027200000,29925,30150,29833.6,30063.1,2137080,0
1555286400000,30098.1,30249,30043.1,30187.6,1718040,0
1555372800000,30300.8,30678,30278.1,30605.6,2481180,0
1555545600000,30675,30722.2,30210,30266.3,3134860,0
1555891200000,30200,30244.9,29715.3,29758.5,2878520,0
1555977600000,29784.9,29928,29492,29525.2,3056160,0
1556064000000,29549.4,29958,29426.6,29890.3,3104020,0
1556150400000,29889.9,30060,29511,29575.5,3180920,0
1556236800000,29851.1,30229.7,29734.9,30177.9,2874040,0
1556582400000,30049.9,30062,29662.8,29891.7,3039300,0
1556755200000,29785,30047.1,29730.1,29799.3,2585360,0
1556841600000,29878.8,30237,29810,30060.8,2353560,0
1557100800000,29689.4,29880,29649,29808.7,2004540,0
1557187200000,29915,29945.8,29370,29418.4,2904040,0
1557273600000,29349.8,29418.6,29115,29145.7,2676640,0
1557360000000,29030,29153.9,28902,28995.2,2630120,0
1557446400000,28975,29258.8,28946.6,29088.2,3174080,0
1557705600000,29029.9,29080,28712.4,28773.1,2432140,0
1557792000000,28751,29198,28700,28917.8,3170800,0
1557878400000,29060.1,29079,28594.7,28666.8,2690720,0
1557964800000,28639.9,29050,28571,28959.8,2834020,0
1558051200000,28934.9,29590,28880.1,29483.4,3331920,0
1558310400000,30185.1,30885.4,30060.5,30815.7,4202800,0
1558396800000,30860,30970.3,30315.1,30388.9,3338480,0
1558483200000,30425.1,30769.9,30350,30606.1,3019540,0
1558569600000,30900,31780,30332.8,30477.9,7642980,0
1558656000000,30750.1,31315,30580.1,31222.8,4107160,0
1558915200000,31229.9,31649.9,31175.1,31595.2,3026760,0
1559001600000,31676.8,31699.2,31319,31629.3,3381720,0
1559088000000,31565.1,31578.5,31276.6,31317.2,2418520,0
1559174400000,31280,31642,31250,31520.8,2706920,0
1559260800000,31710.1,31815.4,30562.1,31324.8,4457900,0
1559520000000,31326.8,31718.8,31250,31679.9,2729880,0
1559606400000,31597.9,31793.9,31571,31640.6,2434320,0
1559779200000,31599.9,31599.9,30883,30939.2,3913580,0
1559865600000,31018,31187.9,30670.3,31115.1,3643820,0
1560124800000,31296.3,31391.7,30866,31044.7,2877080,0
1560211200000,31200,31374.9,30974.9,31246.9,2690600,0
1560297600000,31220,31240,30906.2,31005.5,2261720,0
1560384000000,30888,31090.7,30665,31025.2,3077960,0
1560470400000,30955.1,31042,30503.2,30611.4,2955500,0
1560729600000,30599,30614.4,30306,30325.9,2250060,0
1560816000000,30349.9,30584,30200,30331,3470160,0
1560902400000,30506.3,30663.1,30213.9,30350.2,3337540,0
1560988800000,30377.8,30809,30276,30768.1,3388820,0
1561075200000,30699.9,30799.9,30515,30638.1,2647920,0
1561334400000,30675.1,30768,30533.7,30631.2,1986100,0
1561420800000,30589.9,30950,30480,30878.6,2912000,0
1561507200000,30790,31209.2,30779.3,31172.6,2418820,0
1561593600000,31250.1,31480,31139.2,31274.8,3232400,0
1561680000000,31333.4,31422.1,31207.6,31267.4,2204600,0
1561939200000,31400.2,31559.8,31351.2,31496.3,1695360,0
1562025600000,31530.1,31530.1,31176.8,31403.9,2535140,0
1562112000000,31410,31570.2,31357.6,31495.9,1822480,0
1562198400000,31525.6,31689.8,31500.1,31548.2,2189740,0
1562284800000,31568.9,31727.6,31353.6,31503.3,3226880,0
1562544000000,31310,31373,30606,30689.2,3408160,0
1562630400000,30606,30780,30451,30639.7,2556400,0
1562716800000,30669.9,30793.8,30412,30507.7,2495920,0
1562803200000,30699,30831.7,30600.1,30717.1,2125000,0
1562889600000,30747.9,30848.8,30562,30600.5,2408380,0
1563148800000,30697.5,30699.9,30323.6,30456.5,2078600,0
1563235200000,30510.1,30650,30428.2,30590.6,1945820,0
1563321600000,30574,30778,30542,30737.8,2056040,0
1563408000000,30686.9,30745,30410.6,30448.7,2111820,0
1563494400000,30520,30534.7,29726.1,29781.3,3364580,0
1563753600000,29650,29698.7,29265,29389.7,2975640,0
1563840000000,29414.9,29439.3,29127.7,29194.7,3239580,0
1563926400000,29150.8,29292,28928,28976.4,2986340,0
1564012800000,28998.4,29237.8,28920,29022.8,2916900,0
1564099200000,29265.5,29510,29125.6,29465.7,2488940,0
1564358400000,29645.9,29680,29196,29373.2,2615740,0
1564444800000,29500.1,29588.2,28801.1,28853.4,3589060,0
1564531200000,28685,29077.9,28655.8,28972.3,3498200,0
1564617600000,28805.7,28924,28140.6,28499.3,4291380,0
1564704000000,28244.4,28684.9,28050.9,28327.3,4779100,0
1564963200000,27825,28015.6,27510,27795.8,4335760,0
1565049600000,27651.1,28240,27651,28109.8,3364480,0
1565136000000,28098.9,28242,27690.3,27748.4,3896480,0
1565222400000,27813.1,28370,27611.4,28239.9,4219380,0
1565308800000,28400.1,28625,28330.6,28474.1,3028960,0
1565654400000,28399.9,28490,27682.5,27737.8,3444820,0
1565740800000,27850.2,28149,27759,27994.3,3100420,0
1565913600000,27950,28310,27750,28260.6,3197400,0
1566172800000,28335.1,28485.3,28122.1,28203,2856900,0
1566259200000,28220.2,28220.4,27822,27995.1,3186660,0
1566345600000,28050.3,28129.9,27668.2,27739.8,3272620,0
1566432000000,27715,27746.1,26971,27021.8,3660380,0
1566518400000,26895,27250,26615.6,27016,4816820,0
1566777600000,27624.4,27985,26822,27921.5,6375160,0
1566864000000,28090,28245.8,27917,28116.5,3982620,0
1566950400000,28085.2,28118.2,27621.1,27837.7,3467980,0
1567036800000,27749.9,27750,27240,27302.4,4127060,0
1567123200000,27501.2,27686,27151.5,27520.9,4633900,0
1567468800000,27321.1,27333,26802,26873.5,3540300,0
1567555200000,26824.3,27380.9,26712,27219.2,4513080,0
1567641600000,27160.1,27335,26862.1,26994.2,4215160,0
1567728000000,27025.1,27398,27025.1,27306,3323480,0
1567987200000,27200,27609,27035,27551.3,3354740,0
1568160000000,27660.6,27897,27594.4,27830.2,2786420,0
1568246400000,27855.7,28094.9,27770.5,27824.4,3486040,0
1568332800000,27749.9,28200,27585.4,28163.8,4231980,0
1568592000000,27801.6,28095,27801.6,27889.9,3784760,0
1568678400000,27799.9,27882,27079,27140.2,4700940,0
1568764800000,27325.1,27470,27127.2,27193.1,3977820,0
1568851200000,27175,27175.8,26683.1,26781.8,3857920,0
1568937600000,26859.9,29424.9,26750.6,28989.9,11297500,0
1569196800000,29996.5,30734.9,29591,30539.3,7173820,0
1569283200000,30514,30674.9,29923.2,30250.2,5187460,0
1569369600000,30073.9,30080.9,29511,29637.7,3982180,0
1569456000000,29678.7,30974.8,29676.4,29997,6146520,0
1569542400000,30201,30340,29882.9,30080.9,3918080,0
1569801600000,29890.1,29955.6,29103.5,29324.7,4882340,0
1569888000000,29440,29724,28218,28874.7,7322400,0
1570060800000,28655.1,28919.8,28368.6,28570.8,4956440,0
1570147200000,28801.1,28860,27778,27853.8,5835740,0
1570406400000,27950,28277,27652.2,27871.6,4295320,0
1570579200000,27870,28989.9,27774,28874.1,5902760,0
1570665600000,28690,28690,27980,28106.6,4927420,0
1570752000000,28300,28723,27805,28138.6,6034760,0
1571011200000,28317.9,28790,28082.8,28209.8,4679600,0
1571097600000,28300,28775,28251,28618.7,4260500,0
1571184000000,28720.2,28807,28321.2,28604.8,4421960,0
1571270400000,28530.5,29150,28530.5,29079.7,4636480,0
1571356800000,29029.6,29299.9,28903.1,29152.3,3847920,0
1571702400000,29397,29747,28851.4,29492.5,4372040,0
1571788800000,29400,29725,29122,29494.5,4050880,0
1571875200000,29625,29742.6,29020.9,29180.5,5383900,0
1571961600000,29280.1,29480,28912.6,29431.8,4545100,0
1572134400000,29638,29760,29460.6,29497.3,430220,0
1572307200000,29550.4,30040,29355.1,29900.4,3676760,0
1572393600000,30015.4,30151.4,29740.1,29986.4,3615400,0
1572480000000,30100.2,30399.1,29752.2,30077.6,3518720,0
1572566400000,30200.1,30449.4,30063.1,30374.1,3294800,0
1572825600000,30457.9,30658,30267,30396.1,3445620,0
1572912000000,30420.1,30519.9,30155.1,30294.2,3405440,0
1572998400000,30260.3,30780,30052,30682.6,4683720,0
1573084800000,30801,30848.9,30463,30664.3,3947020,0
1573171200000,30630,31099,30493.6,30759,4722960,0
1573430400000,30700,31222.8,30610.1,31097.8,3374840,0
1573603200000,31083.9,31167.2,30538.8,30585.6,4093520,0
1573689600000,30580,30830,30361.3,30770.6,4287220,0
1573776000000,30902.2,31185,30859.6,31052.2,4021900,0
1574035200000,31152,31182,30900.1,31017.8,2610280,0
1574121600000,31059.9,31315.8,30950,31259.7,3219720,0
1574208000000,31350,31434.4,31184.6,31321.2,2814080,0
1574294400000,31299.9,31444.9,31223.6,31316.8,2678140,0
1574380800000,31248.2,31329.7,31023.3,31114.7,2766840,0
1574640000000,31080.1,31590,31049.1,31568.2,2993580,0
1574726400000,31620.1,31791.8,31411,31648.9,3147680,0
1574812800000,31738.6,31898,31705,31872.3,2339920,0
1574899200000,31874.2,32143.3,31874.2,32121.3,2712460,0
1574985600000,32100.5,32148,31820,32003.8,2794880,0
1575244800000,32079.9,32080,31762.3,31921.3,2450840,0
1575331200000,31949.9,31949.9,31580.6,31711.2,2460720,0
1575417600000,31624.9,32125,31511.2,32080.9,4103360,0
1575504000000,32110,32179.9,31705,31762.5,4106360,0
1575590400000,31799.9,31925,31323,31418.3,3850000,0
1575849600000,31374.9,31612.1,31201,31397.7,3028980,0
1575936000000,31440.1,31445,31188.3,31226.6,2683100,0
1576022400000,31208.3,31395.8,31065.3,31314.2,2966280,0
1576108800000,31406.3,31745,31405,31717,2907720,0
1576195200000,31860.4,32230,31805.3,32102.7,2963100,0
1576454400000,32197.7,32205,31848.2,32010.3,2306340,0
1576540800000,32100.1,32285,32055.1,32206.3,2109260,0
1576627200000,32310.1,32343.9,32055,32279.3,2308100,0
1576713600000,32300,32345.4,32123.3,32260.4,2140060,0
1576800000000,32227,32440,32180,32378.4,1969540,0
1577059200000,32349.9,32425,32220,32329.4,1981400,0
1577145600000,32304.9,32384,32270.4,32307.8,1576280,0
1577318400000,32269.9,32339,31945,32004.1,2336040,0
1577404800000,32250.1,32633.8,32246.5,32604.7,2508980,0
1577664000000,32632.4,32773.9,32431,32554.1,2572900,0
1577750400000,32478.7,32521.9,32320,32366.1,2331920,0
1577836800000,32417.3,32495.8,32225,32285.2,1919980,0
1577923200000,32299,32606.1,32281.6,32579.2,2657540,0
1578009600000,32445.5,32489.1,32060.2,32161.2,3218920,0
1578268800000,32000,32023.8,31286,31362.1,3958760,0
1578355200000,31551.1,31915.8,31200,31492.8,4759280,0
1578441600000,31185,31541.2,30971.8,31444.1,4556800,0
1578528000000,31801,32200,31760.2,32152.7,3858040,0
1578614400000,32263.9,32384.9,31980,32122.8,3570880,0
1578873600000,32159.7,32380,32123.8,32242.2,2433820,0
1578960000000,32240,32260,32031.8,32169.1,2612240,0
1579046400000,32089,32105.5,31765.8,31943.8,2986060,0
1579132800000,31900,32054.1,31744.9,31935.7,2877980,0
1579219200000,31660.2,31874.3,31540,31723.8,2926680,0
1579478400000,31997.7,31997.7,31126.1,31181.8,3655540,0
1579564800000,31049.9,31200,30920.9,31042.8,3272420,0
1579651200000,31150,31230,30705,30802.8,3381000,0
1579737600000,30800,31170,30680,31090.1,3735320,0
1579824000000,31100.6,31438,30924,31330.3,3276440,0
1580083200000,31050.1,31239.9,30850,30879.1,3382040,0
1580169600000,30929.9,31070,30675.2,30771.6,3528240,0
1580256000000,30960,31109.1,30866,30905.6,3042600,0
1580342400000,31280,31280,30513.4,30663.8,2957880,0
1580428800000,30940,31125.7,30780.5,30937.3,4197560,0
1580515200000,30794.9,30990,29770,29873.4,5831720,0
1580688000000,29729.9,30110,29530,30032.2,4187100,0
1580774400000,30300,30798.8,30191.1,30718.4,4395980,0
1580860800000,30760.1,31116.6,30631.2,31050.3,3674400,0
1580947200000,31200,31530.9,30956.7,31332.8,4334360,0
1581033600000,31339.9,31363.8,31110.1,31240.4,2826520,0
1581292800000,31215.2,31259.8,31003.9,31109.8,2248900,0
1581379200000,31271.5,31516.4,31265,31383.3,2493380,0
1581465600000,31516.5,31619.8,31458.4,31566.9,2218500,0
1581552000000,31565.1,31626.7,31188.8,31231.3,2436460,0
1581638400000,31280,31470.8,30774.5,30902.1,4041500,0
1581897600000,30894.2,31014.9,30640,30776.3,2580500,0
1581984000000,30655.8,30707.2,30282.6,30581.4,3223260,0
1582070400000,30875,30940,30652,30856.4,2785900,0
1582156800000,30784,31098.4,30698.6,30938.7,3124380,0
1582502400000,30615,30688.8,30393.3,30423,3124800,0
1582588800000,30500.1,30633.3,30351.5,30467.9,2926440,0
1582675200000,30230,30517.1,30125.5,30315.5,3093660,0
1582761600000,30265,30265,29951.2,30183.4,3170020,0
1582848000000,29625,29665.2,28970.2,29053.9,4557720,0
1583107200000,29355.6,29648,28600.1,28885.2,4921200,0
1583193600000,29080,29328.2,28752.6,29223.8,5221680,0
1583280000000,29115,29299.9,28158.3,28753,5752340,0
1583366400000,28839.9,29180,28547.1,28829.3,5603440,0
1583452800000,27710.2,28063.7,27280,27782.9,5448940,0
1583712000000,27111.1,27244,25935.1,26525.8,6209200,0
1583884800000,26349.9,26818,26215.4,26490.4,5644880,0
1583971200000,25190,25344,23381,23845.1,8403480,0
1584057600000,22600,25591.9,21000,25028.9,8330460,0
1584316800000,24311.3,24434,22766.2,22960.8,5402160,0
1584403200000,23193.3,23448,21840,22037.1,5787760,0
1584489600000,22198.9,22351,20150,20517.9,7030720,0
1584576000000,19499,20971.2,18787.7,20028.5,8280340,0
1584662400000,19959.9,20933,19217.8,20294.3,8343720,0
1584921600000,18264.9,19200,16741.5,16881.1,3974620,0
1585008000000,17550,17949.9,16020.5,16929.8,6057000,0
1585094400000,16799.9,18735.6,16600.2,18487,4627880,0
1585180800000,18700,20279.8,18335.5,19597.9,5245560,0
1585267200000,20251,21272.8,19350.3,19778.7,6842720,0
1585526400000,19086,19820,18676,18799.6,5168040,0
1585612800000,19284.7,19500,18817.7,19135.5,5430860,0
1585699200000,18900,18996.1,17962.7,18171.2,4829560,0
1585872000000,18226.1,18226.1,17075,17175.8,5091240,0
1586217600000,18254.6,19250,17921,19172,6769320,0
1586304000000,18816,20599,18495,18889.5,9525580,0
1586390400000,19488.8,19888,19071,19768.3,6936260,0
1586736000000,19680,19826.3,19184.9,19484.1,5494280,0
1586908800000,19986,20219,18661.4,18989.7,7198060,0
1586995200000,18905.3,19554.8,18601,19424.3,7052300,0
1587081600000,20350,20934.2,19624.3,20748.8,8818620,0
1587340800000,21086.8,21099.8,20374,20482.2,6795020,0
1587427200000,19825,19880,19166.9,19333.8,6114400,0
1587513600000,19240,19837.8,19002,19677.4,7542320,0
1587600000000,19797.9,20299.8,19539.9,20182.8,6136160,0
1587686400000,19734.8,19860,19381,19517.1,6123480,0
1587945600000,19690,20240,19690,20107.1,5369600,0
1588032000000,20399.4,20749,20242,20676.1,5164680,0
1588118400000,20540.1,21359.8,20401.1,21128.1,5167340,0
1588204800000,21550.2,21984.8,21342.9,21527.8,5050020,0
1588550400000,20600,20600,19505,19632.8,5346420,0
1588636800000,19906.1,20098,19164.3,19246.3,7146800,0
1588723200000,19219.2,19819,18900,19671.9,8585260,0
1588809600000,19470,19743.3,19300,19505.3,5766380,0
1588896000000,19825,19950,19210,19284.7,5811000,0
1589155200000,19489.8,19700,18855,18914.4,6437480,0
1589241600000,18696,18991,18209,18839.1,8613960,0
1589328000000,19950,20199,19423,19617,8214280,0
1589414400000,19225.7,19340.5,18957.2,19038.8,6192900,0
1589500800000,19079.6,19079.7,18651,18807.7,5888760,0
1589760000000,18705.1,18711.1,17458.3,17531.6,8601560,0
1589846400000,17735,18165,17318,17438.8,9243720,0
1589932800000,17390,18026.9,17351.7,17836.7,8040060,0
1590019200000,17923.3,18175,17565.6,17644.8,6853440,0
1590105600000,17499.5,17899.9,17005.9,17216.1,10095400,0
1590451200000,17525,17690,17261.6,17445.2,6856780,0
1590537600000,17556.8,18863.3,17484.6,18663.1,10544400,0
1590624000000,18816.6,19436,18748.6,19162.1,7846400,0
1590710400000,18918,19183.2,18655.8,19099.2,8148700,0
1590969600000,19490.3,20179.8,19450,19894.1,7319040,0
1591056000000,19880,20584,19750,20466.3,7505680,0
1591142400000,20935,21611.6,20739.2,20882.4,9360540,0
1591228800000,20862.7,21080,20233.3,20379.9,9355060,0
1591315200000,20431,21192.4,20388,21016.4,8666820,0
1591574400000,21685.3,21775,20870.4,21161.6,8344920,0
1591660800000,21201.1,21590,20576,20677.8,8824020,0
1591747200000,20685,21300,20640,21119.4,8655100,0
1591833600000,20917.7,21239.7,20443,20508.8,8144260,0
1591920000000,19555,20728,19555,20624.5,10516200,0
1592179200000,20405.7,20430.2,19655,19911.5,8642740,0
1592265600000,20503,20635,19435.8,20254.3,10652400,0
1592352000000,20048.6,20620.5,19916.9,20147.6,9082380,0
1592438400000,20080,20975,19977.2,20912.7,8210260,0
1592524800000,20890,21464.2,20826,21308.8,8512480,0
1592784000000,21450,22126.8,21351.2,21697,8324720,0
1592870400000,21779.2,22360,21622.2,22291.8,7329640,0
1592956800000,22494.8,22494.8,21300.3,21400.6,8661240,0
1593043200000,21174.9,21717.7,20906.4,21503.2,7880680,0
1593129600000,21599.9,21717,21167.1,21462.2,8365500,0
1593388800000,21251,21325.9,20886.3,21235.2,7625750,0
1593475200000,21443,21553.2,21036,21213.8,6913450,0
1593561600000,21190,22014,21155,21930.4,8284620,0
1593648000000,22080.8,22289.7,21827.1,21977.3,8307720,0
1593734400000,22149,22162.1,21750,21843.9,6332800,0
1593993600000,22201,22444,22141.1,22226.3,6066120,0
1594080000000,22209.9,22656,22000.9,22603.3,8418950,0
1594166400000,22618,23118.2,22532.8,22610.8,8322250,0
1594252800000,22719.2,22980,22650,22908.1,6009000,0
1594339200000,22755.7,22820,22325.4,22435.8,7049820,0
1594598400000,22625,22664.4,22028,22174.6,6307480,0
1594684800000,21942.5,21944,21212.9,21396.5,7757900,0
1594771200000,21645.2,21940,21212.1,21320.9,8199680,0
1594857600000,21400,21647.5,21025.1,21571.3,7753600,0
1594944000000,21459.4,22081,21459.4,21971.1,7597580,0
1595203200000,22230.9,22474,22122.3,22287.3,6805420,0
1595289600000,22620,22899.7,22512,22815.8,5973850,0
1595376000000,23124.9,23148.6,22573.7,22803.8,7171450,0
1595462400000,22765.3,23140,22703.5,23095.2,5674320,0
1595548800000,22850,22901.1,22321,22611.3,6730720,0
1595808000000,22620.2,22647.6,21818.8,21859.3,7189450,0
1595894400000,21921.5,22306.9,21630.1,22176.5,7979350,0
1595980800000,22086.9,22440,21964.2,22129.6,6929200,0
1596067200000,22090,22259.8,21562.2,21654.8,6134450,0
1596153600000,21647.8,21827.6,21400.7,21691.5,7754620,0
1596412800000,21480,21549.7,21085.3,21165.9,6237600,0
1596499200000,21299.9,21633,21106.1,21551.8,7253200,0
1596585600000,21699,21999.9,21464.1,21559,7998780,0
1596672000000,21685,21969,21370,21641.9,8281620,0
1596758400000,21600,21835,21435.5,21771.3,6288650,0
1597017600000,21851,22099,21802,21956.3,5425750,0
1597104000000,21900,22345,21900,22296.3,5420150,0
1597190400000,22122.3,22385,22000.6,22316.3,5598550,0
1597276800000,22401,22443.9,22122.5,22189.5,4927220,0
1597363200000,22300.1,22318,21436,21668.8,7119880,0
1597622400000,21900,21925,21394,21734,5756780,0
1597708800000,21745,22272.9,21627.2,22198.2,6232500,0
1597795200000,22293,22466.2,22212.7,22307.3,4797850,0
1597881600000,22022,22090,21765.3,21964.2,5398600,0
1597968000000,22155.6,22378,22118.1,22282.8,3868100,0
1598227200000,22327.2,22944.8,22327.2,22826.4,4997480,0
1598313600000,22965,23168.7,22825,23078.2,6333980,0
1598400000000,23150,23451.8,23070,23407.2,4822850,0
1598486400000,23490,23716.2,23473.5,23611.4,4018020,0
1598572800000,23679.9,24658.7,23601.5,24539.3,8473300,0
1598832000000,24900.1,25270,23371,23743,12605600,0
1598918400000,23850,24200,23508,23915.6,10059600,0
1599004800000,23855,23974,23500.9,23920.9,7181550,0
1599091200000,23938.8,24079.8,23452.9,23547.2,5536100,0
1599177600000,23300,23440,22853.9,23026.7,8185020,0
1599436800000,23016.3,23125.9,22721,22963.4,6438080,0
1599523200000,22900,23092.9,22655,22748.8,6073180,0
1599609600000,22500,22575,22128.9,22337.2,7167150,0
1599696000000,22485,22725,22253.4,22506.6,7646120,0
1599782400000,22450.6,22676,22226,22538.9,7134800,0
1600041600000,22664.3,22820.5,22105,22190.2,7523050,0
1600128000000,22195,22597,22084.1,22558.4,7459150,0
1600214400000,22538,22748,22280,22671.3,6661980,0
1600300800000,22340,22560.1,22300.1,22391.9,6134250,0
1600387200000,22391.3,22520,21808.1,22078.4,7147500,0
1600646400000,22025,22125,21290,21390.9,7979450,0
1600732800000,21389,21516.7,20967.5,21183.7,9247280,0
1600819200000,21350.9,21383.7,20830,21240.3,7706250,0
1600905600000,20931.2,20979.8,20442.5,20488.9,6192100,0
1600992000000,20710,21089,20431,20979.2,8767820,0
1601251200000,21100.1,21765.9,21050,21724.5,7789600,0
1601337600000,21763,21839.8,21312.7,21450.2,7848950,0
1601424000000,21423.2,21580.6,21141.2,21464.2,8321250,0
1601510400000,21676,22367.2,21665,22316,8214280,0
1601856000000,22319.5,22840,22267.6,22425.2,8324250,0
1601942400000,22723,22940.1,22542.8,22913.8,7202650,0
1602028800000,22850,23109,22656.9,23018.8,7255300,0
1602115200000,23179.9,23480,23060,23184.7,6850300,0
1602201600000,23250.9,23965,23151,23903.2,9582350,0
1602460800000,23935.4,24217,23588.4,23766.9,7268850,0
1602547200000,23699,23840,23450,23562.2,6317320,0
1602633600000,23369.1,24023.1,23212,23951.1,7334180,0
1602720000000,23970,24140,22995.5,23110.3,9054700,0
1602806400000,23201.2,23717,23183,23584.2,7499520,0
1603065600000,23894.9,24409.8,23786.1,24346.7,7448480,0
1603152000000,24165,24460.6,24086.3,24351.8,6246780,0
1603238400000,24484,24880.7,24102.4,24664.9,9675900,0
1603324800000,24500,24740,24307.8,24557.9,7443480,0
1603411200000,24660,24789,24379.2,24537,6360700,0
1603670400000,24519.9,24550,23850.1,24109.2,7480100,0
1603756800000,24311,24797,23894.8,24741.4,7850350,0
1603843200000,23698,24795,23698,24214.2,7672480,0
1603929600000,23999.7,24341.3,23791,24080.9,6729850,0
1604016000000,24049.9,24277,23565,23924.6,9047950,0
1604275200000,24245.2,25163.4,24100.5,24931.2,10185600,0
1604361600000,25110,25735,25070.4,25669.6,7919680,0
1604448000000,25588,25913.7,25091.8,25795,9869620,0
1604534400000,26177.2,26363.2,26001,26296.6,6888220,0
1604620800000,26249.8,26845,26115.2,26749.2,7923520,0
1604880000000,27050,27594.3,27021.6,27523.2,7460680,0
1604966400000,28000,28796.7,27832.3,28640.1,10129800,0
1605052800000,28698.2,28999,28165,28815.7,11022400,0
1605139200000,28655.3,28680.2,28085.6,28316.3,7736700,0
1605225600000,28127.8,28567.9,27712.4,28511.9,7699100,0
1605312000000,28500,28744.9,28451,28596.3,972950,0
1605571200000,28750,29213,28707,29151.9,7222950,0
1605657600000,29049.9,29790,29037,29756.4,7227380,0
1605744000000,29375.5,29608,28820,28912.1,8233350,0
1605830400000,28949.2,29412,28562.2,29244.9,9994620,0
1606089600000,29430,29641,28802.2,29010.4,8729450,0
1606176000000,29200,29783,29151.2,29729.9,6672800,0
1606262400000,29953,30190,29148.2,29208.7,9909680,0
1606348800000,29300.1,29626.8,28901.1,29534.3,7349780,0
1606435200000,29649.9,29780,29381.8,29667.2,6699000,0
1606780800000,29785.2,29990,29525.9,29892.2,4291000,0
1606867200000,29865.6,29912,29202,29603,6122620,0
1606953600000,29543.1,29890,29436.7,29542.2,5303850,0
1607040000000,29350,30276.9,29350,30190.9,6915400,0
1607299200000,30165.2,30443.9,30021,30290.6,4893300,0
1607385600000,30339.9,30449.9,30104.2,30314,5165500,0
1607472000000,30400,30877,30355,30763.7,4432380,0
1607558400000,30580,30690,30255,30621.8,5101850,0
1607644800000,30674.9,30865,30337,30609.2,5731650,0
1607904000000,30702.3,30890,30656.1,30788.4,4073200,0
1607990400000,30700,30780.6,30343.9,30706.6,4682880,0
1608076800000,30823.6,30925,30526.6,30770.5,4109000,0
1608163200000,30841.8,30998,30652.2,30844.4,3696320,0
1608249600000,30797.9,30865.4,30380.1,30735.8,5119620,0
1608508800000,30375,30597.8,29222,29417.9,7948450,0
1608595200000,29515,29760,29000.1,29646.6,7214120,0
1608681600000,29580.2,29950,29472.3,29908.5,4384950,0
1608768000000,30041.1,30576.9,30021.6,30437.2,4930200,0
1609113600000,30552.1,30975.4,30552.1,30928.3,3099180,0
1609200000000,31060.1,31417,31022,31360.1,4112350,0
1609286400000,31489,31549.4,31030,31338.2,4104020,0
1609372800000,31283.9,31427.9,31079.1,31281.2,3384620,0
1609459200000,31250,31425,31250,31309.3,2403380,0
1609718400000,31450.2,31599,30930.8,31326.6,5362880,0
1609804800000,31130,31844,31011.1,31798.8,5376280,0
1609891200000,31875,32089.7,31662.5,31903.1,5024050,0
1609977600000,32106.1,32294.9,32034.1,32078.8,4051280,0
1610064000000,32305.1,32337.9,32080.2,32172.7,3417400,0
1610323200000,32480,32480,31888,32096.2,4089650,0
1610409600000,31849.9,32508.9,31810,32455.1,4322280,0
1610496000000,32603,32758.2,32251.8,32685.2,5772400,0
1610582400000,32600,32861.4,32562.1,32647.8,3337350,0
1610668800000,32600,32610,32105,32314.1,4958000,0
1610928000000,32315.7,32467.8,31691.7,31815.7,5636080,0
1611014400000,32085.5,32569.8,31919,32520.9,4439150,0
1611100800000,32426.2,32664.8,32354.3,32584.7,3748880,0
1611187200000,32749,32899,32001.5,32228.8,4935900,0
1611273600000,32200.2,32226.9,31123.1,31197.8,7572100,0
1611532800000,31469.9,31700,30989.9,31181.2,6284050,0
1611705600000,31165.3,31249.9,30177.1,30328.3,6423980,0
1611792000000,29886.1,30410.8,29661,30306.8,5616520,0
1611878400000,30639.5,31238,30291.2,30679.2,7121580,0
1612137600000,30994.8,33484.9,30942.5,33276.3,10476700,0
1612224000000,33610,34740.5,33601,34392.7,9047050,0
1612310400000,34675,34998.9,34097.5,34841.8,5535750,0
1612396800000,34551.1,35488,34343.6,35352.1,6119800,0
1612483200000,35575.9,36640,35527,35665.9,8858700,0
1612742400000,36140,36503.5,35860,36013.8,5659000,0
1612828800000,36580,36580,35639,36045.9,5795280,0
1612915200000,35960,36253,35462.8,35875.4,5852680,0
1613001600000,35750,36067,35630,35808.8,4145650,0
1613088000000,35770,36347.8,35720.1,36133.8,5159050,0
1613347200000,36455,37543.9,36423.4,37402.6,4942080,0
1613433600000,37550,37770,36832.6,37218.1,6467420,0
1613520000000,37050.1,37400.6,36820,36976,5429000,0
1613606400000,37075,37125.1,36352,36603.3,5162380,0
1613692800000,36402,36680,35570.2,35849.8,6440380,0
1613952000000,35622.4,36116,35075,35254.6,5913250,0
1614038400000,35580,35714.9,34988.8,35119.9,5806750,0
1614124800000,35090,36553.8,35035,36468.7,4915120,0
1614211200000,36502,37243.4,36482.4,36555.1,5006280,0
1614297600000,36000,36080,34660,34870.4,8543850,0
1614556800000,35350,35615,34983.1,35324.6,4430550,0
1614643200000,35460.1,35754.8,34983.1,35454.9,5296550,0
1614729600000,35750,36580.9,35666.8,36491.8,4746520,0
1614816000000,35726.2,36421.2,35530,35879.8,5819620,0
1614902400000,35500,35660,34887.9,35287.9,6118900,0
1615161600000,35501.1,35888.5,35100,35316.1,5359780,0
1615248000000,35668,36154,35604,35932.9,5573780,0
1615334400000,36244,36244,35816,36007.8,3504700,0
1615507200000,36505.2,36554,35206.6,35522.1,5713650,0
1615766400000,35485.5,35544,34455,35304.7,5685120,0
1615852800000,35425,35494,34790,34923.4,4743450,0
1615939200000,34900,35184.1,34230.2,34360.6,5402780,0
1616025600000,34579.8,34820,33668.6,33888.2,6009520,0
1616112000000,33600.3,34450,33380.1,34205.6,7051900,0
1616371200000,34035.3,34189.9,33413,33685.2,5056480,0
1616457600000,33760,34424.9,33635,34244.1,6452680,0
1616544000000,33888.9,34016.7,33254.9,33358.3,4667900,0
1616630400000,33408.4,33590,32391.7,33027.8,5237950,0
1616716800000,33750,33834.4,33336.8,33584.7,5023720,0
1617062400000,33915.2,34180,33693.6,34046.8,4614800,0
1617148800000,33939.6,33945.9,33266.3,33478.4,4588380,0
1617235200000,33693,34250,33390.1,34155.2,5215650,0
1617580800000,33925,33999,32412,32817.1,6005220,0
1617667200000,33021,33175,32461.7,32691.6,4739320,0
1617753600000,32560.3,33370,32298.3,33151.4,5776450,0
1617840000000,33331,33489.9,32851.5,32945.7,4608280,0
1617926400000,32312,33174,32251.2,32617.6,4428350,0
1618185600000,31821,31900,30610,30869.2,6190020,0
1618272000000,31002.1,32019.9,30779.2,31865.6,5750320,0
1618444800000,31950.2,32294.6,31450,32206.9,6201100,0
1618531200000,32260,32439.2,31986.4,32075.7,4072220,0
1618790400000,31105.2,31337.5,30451.6,31239.7,6019820,0
1618876800000,31589,31784.3,30917,31120.6,5011780,0
1619049600000,30798.6,31823.8,30588.9,31762.8,5916480,0
1619136000000,31505,32169.9,31376.4,31709.6,5846800,0
1619395200000,32221.2,32624.9,32150.6,32302.6,4613880,0
1619481600000,32238,32784.7,32150.1,32741.9,3627780,0
1619568000000,32874,33764.9,32833.9,33696.2,4348550,0
1619654400000,33902.2,34298.9,33271.8,33729.6,4793500,0
1619740800000,33197.6,33599.6,32812.1,32893.6,5255680,0
1620000000000,32350,32757.7,31625,32655.8,5570920,0
1620086400000,32755.1,33206,32316.5,32422.6,5544720,0
1620172800000,32730,33060.7,32134.7,32973.6,5273450,0
1620259200000,33107.9,33144.4,32655,32953.8,3810700,0
1620345600000,33203.4,33367.6,32861.7,33038.4,3596120,0
1620604800000,33250,33500,33165,33302.6,2939480,0
1620691200000,32755,33288.9,32700,32952.5,4439480,0
1620777600000,32775,32817,32423.1,32520.3,4231080,0
1620950400000,32500.1,32698.7,32184,32265.2,3752380,0
1621209600000,32452,33605.1,32366.1,33548.9,5326350,0
1621296000000,33944.8,34244,33801.1,34045.2,3929350,0
1621382400000,33810,34030,33655,33800.8,3557050,0
1621468800000,33779,33913.8,33387,33445.7,2949650,0
1621555200000,33600.1,34855,33589.9,34763.1,5161180,0
1621814400000,34900,35348,34556,34998.1,4370880,0
1621900800000,35149,35193.9,34434,34758.1,3978380,0
1621987200000,34810,34989.9,34502.1,34723.9,3763150,0
1622073600000,34605.6,35110.3,34522.1,35053.5,3402700,0
1622160000000,35499,35670,35150,35321.8,3791450,0
1622419200000,35280,35650,35063.1,35602.9,3547900,0
1622505600000,35677.9,35797.4,35313.9,35454.1,3640780,0
1622592000000,35380,35560,35180,35524.2,2838980,0
1622678400000,35662.2,35890,35553,35781.9,3043220,0
1622764800000,35770,35960.8,35350,35508.5,3780080,0
1623024000000,35540.1,35740,35494,35622.2,2321200,0
1623110400000,35536.8,35569.8,35123,35265.3,3175550,0
1623196800000,35281,35547.6,34757.6,34929.4,4844080,0
1623283200000,34980,35320,34830,35266.4,3078780,0
1623369600000,35420,35474.9,34977.7,35169.4,2600100,0
1623628800000,35024,35130,34455,35065.1,3355020,0
1623715200000,35035,35425.9,34960.6,35330.4,2558380,0
1623801600000,35233,35463.9,35005,35101.4,2834480,0
1623888000000,34699.9,34970.1,34486.4,34682.2,3391200,0
1623974400000,34800,34837.9,33937,34596.8,4336950,0
1624233600000,34388,34949,33955.1,34911.1,3864800,0
1624320000000,35110,35286.8,34719.1,34775.8,3732120,0
1624406400000,34949.7,34972,34555.1,34611.9,3224250,0
1624492800000,34699.2,34970,34579.3,34819.9,3081780,0
1624579200000,35050.1,35665.5,35001.1,35488.6,3563320,0
1624838400000,35698.9,35990,35350,35516.1,3312050,0
1624924800000,35250.5,35467.1,35090.1,35186.1,2877180,0
1625011200000,35227.9,35392.3,34892.5,34937.6,3652050,0
1625097600000,34975.8,35086.4,34810.9,34853.1,2635420,0
1625184000000,34934,35099,34760,34951.6,3177220,0
1625443200000,35080,35366,35055.6,35336.9,2661950,0
1625529600000,35273.9,35925,35273.9,35677.4,3599720,0
1625616000000,35599.7,35899,35470.1,35865.6,2482180,0
1625702400000,35712,35944.2,35261.6,35411,4028880,0
1625788800000,35326.3,35372,34980,35270.4,3762500,0
1626048000000,35386,35569.4,35152.1,35311.6,3070200,0
1626134400000,35530,35815,35461.1,35761.6,3411950,0
1626220800000,35650,35885,35555.1,35755.6,2743250,0
1626307200000,35760.1,36067.9,35718.6,35988.2,2571880,0
1626393600000,36049.9,36075.9,35737,35856.5,2343200,0
1626652800000,35222.2,35449.9,34965.5,35170.8,4171580,0
1626739200000,34955.6,35000.8,34440,34487.1,3995420,0
1626912000000,34802,35049,34599.9,34724.9,3858700,0
1626998400000,34800,35129.9,34405.5,35040.9,4387420,0
1627257600000,34889,35155,34731.9,34962.8,2621400,0
1627344000000,35039.9,35188,34710.3,34817.9,2938680,0
1627430400000,34768.5,34829,34118.2,34559.3,3612880,0
1627516800000,34675.2,34777.1,34482.9,34691.4,2499620,0
1627603200000,34800,34850,34545.1,34673.1,2677420,0
1627862400000,34820.5,34987.1,34678.2,34825.9,2476820,0
1627948800000,34825.1,35347,34782.1,35296.7,3351680,0
1628035200000,35425.1,36275,35413,36094.4,5275580,0
1628121600000,36116.4,36174.6,35751,35954.1,3417000,0
1628208000000,35953.6,36182.5,35787.1,35941.1,3043750,0
1628467200000,35900,36278,35804.1,36128.6,3380220,0
1628553600000,36039.9,36395.1,36012,36135.1,3509350,0
1628640000000,36250.2,36274.9,35670,35917.2,4207880,0
1628726400000,35825.4,36128,35793.1,36063.8,2668780,0
1628812800000,36100,36269.1,35960,36211.8,2763380,0
1629072000000,36151.1,36296.4,36070.9,36140.2,1941600,0
1629158400000,35988.7,36060,35690.8,35937.9,3117700,0
1629244800000,36275,36280,35477,35601.3,3774620,0
1629417600000,35012.2,35329,34902,35062.9,3666420,0
1629676800000,35401,35401,34850,35159.2,3042980,0
1629763200000,35152.1,35817.6,35085,35719.4,3478200,0
1629849600000,35761.1,35909.9,35520,35617.6,2761750,0
1629936000000,35520,35787.9,35425,35612.1,2695120,0
1630022400000,35677.6,35817.2,35470.8,35725.5,2881000,0
1630281600000,35825.2,36532.4,35820,36478.9,3922780,0
1630368000000,36498,36690,36321.9,36513.5,4031950,0
1630454400000,36625.1,37085,36558,36699,4141750,0
1630540800000,36511,37033.9,36511,36969.2,2561900,0
1630627200000,37038.9,37249,36670.1,36899.8,3498100,0
1630886400000,36995,37037,36690.1,36757.1,2255850,0
1630972800000,36700.1,36838.5,36251.2,36585.9,4157380,0
1631059200000,36619,36946,36502,36881.7,3232450,0
1631145600000,36725.2,36963.4,36651,36772.6,2369680,0
1631491200000,36730.6,36744.9,36412,36576.6,2584500,0
1631577600000,36701,36839,36616.2,36714.4,2229280,0
1631664000000,36761.1,37064.8,36590.4,36968.2,2746420,0
1631750400000,37020,37855.6,36984.1,37780.2,4369180,0
1631836800000,37990,38224.7,37466,37850.1,4930350,0
1632096000000,37525,37885,37145.4,37224.2,3994520,0
1632182400000,37300,37435,36609.4,37370.5,4784100,0
1632268800000,37349,37440,36990,37100.3,3063700,0
1632355200000,37350,37910.2,37273,37861.1,3937350,0
1632441600000,38051.5,38174.9,37720,37854.3,3017150,0
1632700800000,37994,38395.6,37974.4,38224.8,2622800,0
1632787200000,38350.1,38377,37351,38044.1,4407620,0
1632873600000,37675.6,38048.9,37392.6,37878.5,3315720,0
1632960000000,37810.1,37913.1,37384.4,37428.8,3292220,0
1633046400000,37321,37424.9,36950.1,37356.4,3180720,0
1633305600000,37445,37785,37445,37735.2,2643200,0
1633392000000,37600,37912,37472.1,37864.2,2914520,0
1633478400000,37887.9,38190,37560,37624.4,4112650,0
1633564800000,37912,38049.9,37768.1,37886.3,3025400,0
1633651200000,38029.9,38200,37788.4,37917.1,3552120,0
1633910400000,38000,38569.6,37859.1,38373.4,3572900,0
1633996800000,38259,38668,38180,38588.4,3339050,0
1634083200000,38750.1,38836.8,38554.9,38718.4,2574550,0
1634169600000,38726.2,39425,38702,39402.4,3478120,0
1634515200000,39785,40001.9,39612.2,39782.4,3153700,0
1634601600000,39959.9,40040.4,39409,39633.4,3392420,0
1634688000000,39512.5,39850,39394.9,39654.9,3474680,0
1634774400000,39733,40326.9,39482.4,40105.1,3980680,0
1634860800000,40251.1,40582.4,40195.9,40396.4,4079580,0
1635120000000,40806,41820.8,40455.1,41271.9,4628550,0
1635206400000,41214.9,41424,40876.1,41360.4,3045500,0
1635292800000,41305,41364.4,40840.4,40959.9,2604900,0
1635379200000,40877,40949,39476,39567.6,4242200,0
1635465600000,39644.9,39890.9,38606.9,39314.4,5743750,0
1635724800000,39555,40116,39254.1,40028.1,3484750,0
1635811200000,40075,40250,39725,40081.6,3366250,0
1635897600000,40106,40295,39412.4,39496.6,4845300,0
1635984000000,39600.6,39780,39574,39632.6,630225,0
1636329600000,39615.1,39750.9,39051,39652.5,4433950,0
1636416000000,39675,39708,39351.8,39544.6,2422420,0
1636502400000,39337,39350,38985.9,39120.6,2865180,0
1636588800000,39044,39044,38442.9,38686.1,3365900,0
1636675200000,38171.1,38948.9,38171.1,38871.4,2662680,0
1636934400000,38950,39179.7,38712.1,38858,2480880,0
1637020800000,38800,38849.8,38292.4,38404.1,2874520,0
1637107200000,38150,38562.9,38055,38139.4,2982600,0
1637193600000,38102.4,38314.9,37821.3,38105.7,3516650,0
1637539200000,38199.9,38214.1,36680.1,37182.1,4184480,0
1637625600000,36921.6,37474.9,36682,37284.3,3538580,0
1637712000000,37401,37895.5,37239.4,37465,3733080,0
1637798400000,37324,37538.7,37115,37358.9,3325650,0
1637884800000,37055.2,37093.8,36025.1,36157.8,4811550,0
1638144000000,36230,36471,35459,36100.4,4676000,0
1638230400000,36144.8,36849,35645.7,35780.2,5527820,0
1638316800000,35790,36542.9,35790,36468.2,4409250,0
1638403200000,36401,36689.9,36282,36633,2921550,0
1638489600000,36645,36966,36175,36350.3,4230000,0
1638748800000,36484.9,36489.1,35839.1,35891,3738980,0
1638835200000,36100,36963.9,36100,36744.7,4628400,0
1638921600000,37049,37475,37006.6,37402.3,3850320,0
1639008000000,37452.5,37590,37017.2,37228.2,3545820,0
1639094400000,37103.7,37296,36927.4,37246.3,2912720,0
1639353600000,37500,37717,37025,37145.2,3920080,0
1639440000000,36922.2,37200,36648.9,37042.5,3700120,0
1639526400000,37000.1,37218,36901,36948.9,2521020,0
1639612800000,37199,37279,36545,36711.5,3473200,0
1639699200000,36639.8,36680.1,35642.6,35749.1,3764150,0
1639958400000,35300.1,35350,34123.1,34547.3,4794580,0
1640044800000,34848.7,35123.2,34429.2,34676.9,3853980,0
1640131200000,34849.7,35169.5,34746,35091.1,3313050,0
1640217600000,35377,35550,35090.1,35207.9,3715600,0
1640304000000,35249.9,35314.9,34614,34874.8,4316280,0
1640563200000,34550,35198.4,34264.4,35091.8,4056550,0
1640649600000,35324,35375,35050,35221.2,2837620,0
1640736000000,35201.2,35398,34906.1,35034.6,2684620,0
1640822400000,34955.1,35164.2,34743.9,35039.4,2789250,0
1640908800000,35256,35750,35200,35628.2,2721680,0
1641168000000,36621,36644,35650.3,36582.4,3817420,0
1641254400000,36700,37023.4,36492.1,36977.4,4079520,0
1641340800000,37000.5,37987.9,36850.4,37795.2,5173350,0
1641427200000,37410,37909.7,37179.1,37629.2,4535980,0
1641513600000,37775,38250,37504,37856.9,5211320,0
1641772800000,38025,38520,38000.1,38468.4,3979050,0
1641859200000,38477.9,38634.9,38180,38548,3436400,0
1641945600000,38800,38957,38721,38864.7,2878500,0
1642032000000,38898,38898,38502,38591.4,2867480,0
1642118400000,38349,38566.3,38109.9,38491.1,3443720,0
1642377600000,38283,38714.9,38251,38368.2,2358500,0
1642464000000,38425,38965.6,38149,38289.6,4819750,0
1642550400000,38178.4,38408.6,37850,38156.6,4221020,0
1642636800000,38222.2,38264.9,37688,37977.9,3930050,0
1642723200000,37700.1,37814.4,37276,37598.1,4805920,0
1642982400000,37599.9,39255,36410.1,36966.9,5043850,0
1643068800000,36545,37808.9,36470.8,37720.5,4772950,0
1643241600000,37000,38050,37000,37934.6,3979100,0
1643328000000,38469.7,38550,37716.6,37824.3,5006080,0
1643587200000,38150,38296,37757,38113.8,4321520,0
1643673600000,38505.1,38914.9,37767,38622.8,8352480,0
1643760000000,39888.7,39888.7,38877.8,39437.1,4305280,0
1643846400000,39401.1,39540,38920,39067.4,3902620,0
1643932800000,38999.8,39365,38655.6,38870.6,4755000,0
1644192000000,38625,38934,37891,38101.6,4351350,0
1644278400000,38201.1,38275,37386.1,38133.1,5568500,0
1644364800000,38309.9,38733.6,38250.2,38704.3,3565180,0
1644451200000,38890,39254.9,38591.9,39054,4341520,0
1644537600000,38700.1,38826.6,38405.6,38517.5,4372900,0
1644796800000,37725.2,37999,36807.6,36920.1,5566380,0
1644883200000,36990,38240,36646.9,38187.2,6169900,0
1644969600000,38300,38475,37771.2,37909.6,5693350,0
1645056000000,38002.1,38109,37413.2,37502.9,5183320,0
1645142400000,37350,37835,37203.6,37591.3,3773900,0
1645401600000,37430,38059.4,37174.3,37656.9,4829350,0
1645488000000,36935.4,37638.8,36906.6,37350.9,4682450,0
1645574400000,37600.2,37757.1,37350.1,37432.1,3434450,0
1645660800000,36150,36761,35201.1,35335.4,4639750,0
1645747200000,35699,36729.8,35699,36421.8,5387680,0
1646006400000,36076,36344.4,35655.2,36261.6,4836380,0
1646179200000,35548,35655,34935.7,35463.4,5998120,0
1646265600000,35749,35867.8,34811.5,35041.1,5527500,0
1646352000000,34666.6,35172.3,34153.5,34455.4,6524780,0
1646611200000,33678,33678,32450.2,32975.4,7117620,0
1646697600000,32575.6,33361.6,32251.3,33253.9,7842480,0
1646784000000,33300,34025,33052.1,33888.3,6713780,0
1646870400000,35000,35424.2,34230.4,34547.2,8773150,0
1646956800000,34320,34936,34153.2,34595.8,5566520,0
1647216000000,34615.1,35464.9,34615.1,35319.1,5105550,0
1647302400000,35400,35675,34703.6,35019.9,6303050,0
1647388800000,35532,35861.1,35506,35804.1,4442180,0
1647475200000,36340,36612.3,36322.1,36432.4,4289600,0
1647820800000,36510,36599.9,35941.6,36093.2,3878680,0
1647907200000,35816.1,36590,35475,36482.8,5813350,0
1647993600000,36820,36858.5,36113.3,36205.4,5411380,0
1648080000000,35700,36056.9,35502,35641.2,5574180,0
1648166400000,35699.9,35787.9,35259,35558.8,4049980,0
1648425600000,35575,35910,35080.1,35848.2,4808350,0
1648512000000,36070,36070,35543,35958.9,3861380,0
1648598400000,36350.1,36433.2,36084,36347.9,3515920,0
1648684800000,36899,36899,36265.2,36377.8,2567750,0
1648771200000,36407,37250,36337.1,37201.6,5419950,0
1649030400000,37855,38744.4,37565.1,38650.1,7441100,0
1649116800000,38750,38780,38010,38139,5089600,0
1649203200000,37738,38036.6,37642.1,37754.4,4616720,0
1649289600000,37499.9,38180,37400,37764.1,5305780,0
1649376000000,37731,38089.5,37566.6,37985.2,5266300,0
1649635200000,37749.8,38096.9,37681.1,37751.4,3839120,0
1649721600000,37499.9,38030,37400,37878.1,4651980,0
1649808000000,38000,38093.8,37521.6,37576.5,4190400,0
1650240000000,36900.3,37084.2,36555.6,36906.4,4086180,0
1650326400000,36990,37229.4,35970.1,36403.2,5202050,0
1650412800000,36399.8,36619.1,36175.6,36422.5,4582920,0
1650499200000,36599.9,37050,36477.9,36930.2,3742050,0
1650585600000,36650,36699.9,36031,36093.9,4101950,0
1650844800000,35750,36295.5,35501.1,36150.4,5057080,0
1650931200000,36573.2,36628.9,36287.3,36455.1,3729900,0
1651017600000,36011,36194.2,35761.1,36090.6,3445480,0
1651104000000,36190,36499.9,35934.2,36398.6,2779150,0
1651190400000,36675,36770.6,36039.6,36144.2,4936320,0
1651449600000,35629,36279.5,35629,36208.6,3772920,0
1651622400000,36280.1,36340,35145.9,35308.1,6170050,0
1651708800000,35674,35989.9,35161.8,35251.5,5166980,0
1651795200000,34650,34833.8,34383,34632.4,5055400,0
1652054400000,34205.2,34582.1,33956.9,34318.4,5065900,0
1652140800000,34222.1,34817,34218,34515.8,4603320,0
1652227200000,34666,34797.1,34172.4,34728.9,5543500,0
1652313600000,34301.1,34404.8,33307.1,33569.1,6006250,0
1652400000000,33950,34023,33025,33136.3,5176920,0
1652659200000,33232.3,33849.2,33005.1,33596.6,5310180,0
1652745600000,33754,34375.4,33670.3,34307.9,4559650,0
1652832000000,34450,34620,34092.4,34140.2,4028950,0
1652918400000,33510,33600,33160,33274.3,3806080,0
1653004800000,33620,34341.8,33606,34242.7,4307400,0
1653264000000,34305,34815.4,34071.9,34191.3,4294000,0
1653350400000,34146.1,34567,34080.9,34226.3,3820800,0
1653436800000,34395.9,34686.9,34280,34330.1,3602300,0
1653523200000,34551,35124.9,34410,35056.9,3514900,0
1653609600000,35398,35725,35308,35631.7,3760920,0
1653868800000,35976,36132.8,35791,35880.4,3074350,0
1653955200000,35675,35938.6,35335.1,35514.8,3427750,0
1654041600000,35290,35803.4,35290,35655.4,4132780,0
1654128000000,35594,35769.4,35454.6,35698.1,3236800,0
1654214400000,36000.2,36333,35260,35369.4,4527950,0
1654473600000,35203.3,35527,35141,35399.6,3316580,0
1654560000000,35149.1,35270,34916,35091.2,3710450,0
1654646400000,35199.9,35555.6,34891.1,35010.8,5204980,0
1654732800000,34810,35196.4,34735,35131.2,3473680,0
1654819200000,34800,34862.1,34401.3,34554.9,3291480,0
1655078400000,33850,33888.6,33234,33431.4,3627150,0
1655164800000,33390,33701.1,33185.1,33377.1,4088080,0
1655251200000,33400,33586.2,33301,33398.1,2843220,0
1655337600000,33685,33798,32561,32633.8,5041000,0
1655424000000,32499.8,32942,32335,32789.2,4440280,0
1655683200000,32879.9,32977,32447,32716.3,3796680,0
1655769600000,32956,33641.1,32841.6,33238.9,5159520,0
1655856000000,33050,33099.9,32750,32837.9,3567780,0
1655942400000,32894.9,33444.9,32656.2,33187.1,5852650,0
1656028800000,33433.9,33738,33374.3,33654.2,3751800,0
1656288000000,34180,34180,33761,33862.8,3473050,0
1656374400000,33610.1,33772,33542.3,33678.8,3080920,0
1656460800000,33368.6,33441.9,33216.7,33273.1,2602200,0
1656547200000,33202.1,33666,33195,33423.7,3165200,0
1656633600000,33244.7,33740,33131.6,33638.6,3936550,0
1656892800000,33666.1,34055,33601.6,34012.6,2994380,0
1656979200000,34149.9,34399.9,33762.7,33827.1,3987500,0
1657065600000,33900,34434,33800.9,34370.1,4923480,0
1657152000000,34625,35028,34620,34981.8,4373950,0
1657238400000,35150,35300,35016,35173.7,2920150,0
1657497600000,35075.6,35599.4,35050,35487.9,3436800,0
1657584000000,35299.6,35471.5,35093.4,35166.6,3251900,0
1657670400000,35265.6,35350,34825,34923.1,3559820,0
1657756800000,34890.1,35091.4,34623.6,34720.9,3381600,0
1657843200000,34803.3,34944.1,34541,34782.3,3220380,0
1658102400000,35690,35690,34887.1,35428.6,3293900,0
1658188800000,35194,35795.2,35194,35742.6,3785250,0
1658275200000,36075,36268.6,35900,35966.8,3506320,0
1658361600000,35960,36339.8,35905,36191.2,3633120,0
1658448000000,36155.6,36828.9,36155.6,36719.1,3530600,0
1658707200000,36689.8,36988.2,36451.2,36713.5,3408400,0
1658793600000,36550,36690.9,36318.2,36379.1,3035280,0
1658880000000,36346.3,36800.4,36250,36756.1,3111780,0
1658966400000,37055,37419.8,37050,37372.8,2832150,0
1659052800000,37740.5,37800,37282.5,37567.1,3446820,0
1659312000000,37647.9,37982.9,37483,37939.4,2925400,0
1659398400000,37752.1,38232,37667.7,38023.9,4111220,0
1659484800000,37930,38122,37743.9,38031.8,3646550,0
1659571200000,38162.3,38270.6,37288.3,37771.5,5456320,0
1659657600000,37849.7,38185.7,37804.5,37959.4,3860100,0
1659916800000,37890,38363,37751,38287.8,3577020,0
1660089600000,38330.2,38451,38205.1,38356.7,2643820,0
1660176000000,38751.1,38982.1,38694,38943.6,3137900,0
1660262400000,38880,39115,38790,39077.7,2529750,0
1660608000000,39310.2,39473,39155,39308.6,2534750,0
1660694400000,39427.1,39548.9,39260,39513.4,1983920,0
1660780800000,39399.8,39783.9,39330.1,39713.4,3090050,0
1660867200000,39760,39794.1,38862.4,39002.4,4641120,0
1661126400000,38698.9,38817.3,38268,38332.9,4037720,0
1661212800000,38099.9,38918,38000,38776.1,4337380,0
1661299200000,38650,39150,38622.2,39075.4,3646580,0
1661385600000,39243.3,39489.9,38918.8,38988.6,3186150,0
1661472000000,39272,39525,39037.2,39221.9,4419720,0
1661731200000,38315,38560,38129,38441.8,3777600,0
1661817600000,38607.1,39786.6,38606.2,39707.6,4786700,0
1661990400000,39006,39828.1,38952.1,39466.8,5679400,0
1662076800000,39519.9,39714.9,39311.3,39542.2,3685780,0
1662336000000,39499.9,39999,39456.8,39920.9,3376880,0
1662422400000,39980,40174.4,39654.5,39812.2,4254550,0
1662508800000,39440,39713.4,39340,39592.6,3675480,0
1662595200000,39905,40375,39820.1,40312.4,4070380,0
1662681600000,40601.1,40753.1,40362.6,40504.5,3141350,0
1662940800000,40642,40770,40459.3,40673.7,2568850,0
1663027200000,40850,40986.3,40783,40941.4,2316100,0
1663113600000,40332,41680,40250,41445.1,5598600,0
1663200000000,41519,41855.4,41190.1,41302.6,5156480,0
1663286400000,40980,41211.2,40567.6,40837.6,4858500,0
1663545600000,40839.9,41267,40591.1,40931.2,3587550,0
1663632000000,41399.6,41724.2,41255.1,41494.8,3258550,0
1663718400000,41299.8,41550,40940,41244.9,4049420,0
1663804800000,40978,41218,40413,40697.4,5396280,0
1663891200000,40520,40568.2,39477.3,39642.8,5627250,0
1664150400000,39138,39319.8,38544.3,38678.9,4823820,0
1664236800000,38888,39079,38270,38466.1,4084850,0
1664323200000,38100,38410,37672,37809.9,4437920,0
1664409600000,38050,38298.3,37524.6,37625.3,3487750,0
1664496000000,37859,38988.1,37580.4,38807.4,7256380,0
1664755200000,38705.3,38810,38086.4,38159.1,4113800,0
1664841600000,38776,39348.2,38720.1,39267.9,4559320,0
1665014400000,39499.9,39750,39340.1,39378.2,3747800,0
1665100800000,39228,39374.7,38893.4,39291.1,3868280,0
1665360000000,38743,39447,38610,39216.6,4992150,0
1665446400000,39188,39271.7,38733.3,38810.1,4423280,0
1665532800000,38825.1,39270.1,38716.9,39214.7,3946650,0
1665619200000,39001.1,39166.5,38520.6,38738.6,5542080,0
1665705600000,39500,39677.2,39320,39395.4,5150650,0
1665964800000,39350,40045,39223.9,39975.9,4633720,0
1666051200000,40300,40496.8,40213.9,40380.1,3111020,0
1666137600000,40500.1,40668.4,40245.1,40401.8,3759150,0
1666224000000,40198.1,40259,39903.2,40205.4,4007480,0
1666310400000,40493.3,41030,40396.5,40788.3,4585200,0
1666569600000,41250,41392.1,41110,41270,1006400,0
1666656000000,41530.8,41540,41035.6,41111.1,2845480,0
1666828800000,41475,41500,41175,41283.3,3105600,0
1666915200000,41450,41636.9,41015,41149.4,3916700,0
1667174400000,41399,41522.1,41270,41466.8,2843450,0
1667260800000,41650,41825.1,41330.6,41477.3,3567800,0
1667347200000,41580,41598.3,41232.5,41312.7,2751980,0
1667433600000,41000.1,41600,40990,41458.6,4027950,0
1667520000000,41505,41646.8,41203.9,41419,3238700,0
1667779200000,41869,41900,41489.6,41845.2,3667200,0
1667952000000,42010.1,42098.6,41841.1,41926.4,2965250,0
1668038400000,41550,41794.9,41469,41731.1,3398720,0
1668124800000,42350,42438.7,42053.4,42293.3,4297820,0
1668384000000,42325.1,42371,42100,42202.6,2657580,0
1668470400000,42305.1,42561.1,42226,42483.7,2582300,0
1668556800000,42465.1,42666,42421,42579.9,2979520,0
1668643200000,42472.2,42660,42410.2,42531.6,2181750,0
1668729600000,42598,42614.1,42293.9,42505.2,2851200,0
1668988800000,42349.8,42419.9,42255,42366,1884780,0
1669075200000,42449,42516.6,42380,42478.8,1625580,0
1669161600000,42555.6,42866,42552.4,42746.6,2124120,0
1669248000000,42850,43090,42750,43045.6,2064100,0
1669334400000,43339.9,43566.1,43140,43291.9,2910800,0
1669593600000,43050.1,43400,43050.1,43275.1,2041620,0
1669680000000,43205,43492.4,43205,43293.8,2019200,0
1669766400000,43344.4,43525,43152.8,43452.1,2830920,0
1669852800000,43680.4,43699,43323,43475.1,2987820,0
1669939200000,43245,43387.8,43161.9,43336,2244550,0
1670198400000,43412.4,43574.8,43211.1,43538.9,2336350,0
1670284800000,43380,43561.9,43320,43457.8,2030550,0
1670371200000,43341.6,43541,43177.2,43331.6,2536480,0
1670457600000,43225.1,43797,43225.1,43752.5,3175000,0
1670544000000,43855.6,43986.6,43551,43773.1,3219820,0
1670803200000,43625,43935.9,43561,43876.1,2260850,0
1670889600000,43927,44092,43900.3,44071,1886280,0
1670976000000,44199.9,44248.6,44125.2,44166.2,2203480,0
1671062400000,44050,44197,43482.4,43576.4,3371220,0
1671148800000,43400,43654.7,43185,43286.8,3986020,0
1671408000000,43375.2,43567.2,43235.6,43534.8,2264720,0
1671494400000,43390,43488,43045.8,43439.5,3573780,0
1671580800000,43529.9,43687.9,42445.9,42765.4,5694300,0
1671667200000,42929.9,43084,42330,42471.2,3981500,0
1671753600000,42100,42330,41657.4,41735.4,3571580,0
1672012800000,41800.1,42845,41640.1,42653.9,3895800,0
1672099200000,42805.3,42926.6,42373.1,42852.8,3547280,0
1672185600000,42750,43034.4,42716.1,42835.9,2384780,0
1672272000000,42709.9,43264.9,42486.4,43202.1,2511950,0
1672358400000,43501.1,43606.1,43002,43165.9,3304500,0
1672617600000,43248.1,43535,43136.1,43393.8,2930880,0
1672704000000,43388.8,43661,43348.3,43609.3,2910480,0
1672790400000,43595.2,43710,43031,43136.1,4463180,0
1672876800000,43255.3,43300,42473.6,42770.9,4319920,0
1672963200000,42755.3,42839.8,42052,42358.5,3920780,0
1673222400000,42496.4,42908.5,42353,42767.4,3515180,0
1673308800000,42700,42774.8,42005.1,42216.7,4205750,0
1673395200000,42250,42492.8,41880,42393.4,4193650,0
1673481600000,42350,42500.9,41910,42212.9,3689780,0
1673568000000,42250,42595,42022.9,42500.4,3751000,0
1673827200000,42633,42805,42192,42301.2,3662780,0
1673913600000,42205,42489.8,41972.9,42341.3,3665420,0
1674000000000,42401,42610.9,42216,42523.2,3022680,0
1674086400000,42450,42558.3,42281,42350,2630500,0
1674172800000,42455.1,42709,42335.4,42541.9,2930780,0
1674432000000,42824.4,42995,42725,42861.9,2209650,0
1674518400000,43000,43072,42653.6,42762.2,2035750,0
1674604800000,42700.1,42705.6,41550,41641.8,3169180,0
1674777600000,41739.9,41800.1,40421.6,40661.8,6170080,0
1675036800000,40267.8,41129,39736.2,40704.4,7285800,0
1675123200000,40855.6,41169.4,40470,41063.1,5393300,0
1675209600000,41500,42251.9,39718.7,40727.5,11006200,0
1675296000000,40289,41040.9,40005.6,40937.8,6285080,0
1675382400000,41255,41684.9,40766,41638.2,5269500,0
1675641600000,41660.1,41863,41405,41506.9,3491120,0
1675728000000,41605.3,41749.4,41242.3,41641.8,4879820,0
1675814400000,41555.6,41921.4,41520,41674.7,3157300,0
1675900800000,41600,41752.3,41365,41716.8,3733350,0
1675987200000,41510,41738.6,41510,41648.8,2335900,0
1676246400000,41644.9,41733,41230,41381.9,2807320,0
1676332800000,41500.1,41788.4,41277,41702.4,3445420,0
1676419200000,41625.9,41849.9,41522.9,41791.3,3096980,0
1676505600000,41977.1,42036.8,41665,41735.8,3157220,0
1676592000000,41549.9,41574.9,40950,41205.6,5788300,0
1676851200000,41250.1,41317.6,40636.1,40796.1,3587880,0
1676937600000,40820,40985.8,40550.7,40711.2,4013500,0
1677024000000,40545,40584.6,39919.6,40038.4,4023020,0
1677110400000,40038,40168.9,39597.9,39972.1,4069580,0
1677196800000,40455.3,40622,40061.6,40172,4338120,0
1677456000000,40075.1,40600,39982.4,40547.7,3800400,0
1677542400000,40599.9,40651,40280,40487.6,2694750,0
1677628800000,40600.1,40942.9,40522.4,40910.4,3177400,0
1677715200000,40820.1,40970,40550,40627.8,3111420,0
1677801600000,40785.4,41560,40755.4,41423.3,4549920,0
1678060800000,41599.7,41799,41425.3,41517.8,2777450,0
1678233600000,41348.8,41749.1,41242.6,41706.3,4148580,0
1678320000000,41721.1,41765,41368.7,41408.9,2804300,0
1678406400000,40944.9,41050,40462.5,40614.5,4610380,0
1678665600000,40500,40834.6,39586.6,39705.6,6963700,0
1678752000000,39735.7,39949.8,39314.9,39643.4,5355220,0
1678838400000,39980,40056.4,39108,39220.9,4833950,0
1678924800000,39179.9,39598.8,38831.5,39396.2,6310700,0
1679011200000,39660,39847.3,39136.9,39740.4,5314180,0
1679270400000,39760.1,39760.1,39077.4,39482.4,5022200,0
1679356800000,39655.6,40129.4,39490,40046.9,4065550,0
1679443200000,40187.3,40198,39971,40119.3,3057000,0
1679529600000,39955.2,40273,39619.5,39703.8,5006150,0
1679616000000,39619.4,39834,39348,39423.8,4993820,0
1679875200000,39449,39750,39337.2,39486.4,4555380,0
1679961600000,39586,39645.6,39383.4,39588.9,3096980,0
1680048000000,39625.6,39957.4,39619.2,39867.6,3434820,0
1680220800000,40497.9,40912.9,40446,40833.6,3970050,0
1680480000000,40899.9,41050,40769.9,41013.9,2892600,0
1680652800000,41125.1,41238.9,40967,41142.3,2909820,0
1680739200000,41001,41425,40990,41169.6,3442080,0
1681084800000,41239.6,41239.6,40866.4,40978.2,2565950,0
1681171200000,41305,41517.6,41075,41487.2,3070500,0
1681257600000,41501.2,41665,41459.6,41637.8,1819950,0
1681344000000,41721.1,42230,41580,42189.6,3309950,0
1681689600000,42639.9,42639.9,41858.2,42343.6,3285920,0
1681776000000,42449,42538,42156,42335.5,2726380,0
1681862400000,42297.5,42375.9,42064.9,42178.4,2332750,0
1681948800000,42229.3,42381.7,42126.1,42276.4,2222750,0
1682035200000,42200,42390.6,41961.2,42145.9,2576680,0
1682294400000,42355.4,42712.5,42280,42652.4,2982020,0
1682380800000,42700.5,42852,42615,42696.8,2324520,0
1682467200000,42595,42858.2,42450,42823.1,2429750,0
1682553600000,42820.4,43036.1,42748.1,43003.1,2132780,0
1682640000000,43039.9,43273.1,42875.1,43217.4,2574320,0
1682985600000,43360,43479,43255.6,43367.2,1978200,0
1683072000000,43152,43348,43116.9,43311.6,2105800,0
1683158400000,43212.7,43695,43212.7,43657.8,2428100,0
1683244800000,43225,43584.4,42630,42712.2,5557550,0
1683504000000,42789.9,43450,42750.1,43315.9,3084150,0
1683590400000,43405,43514.9,43127.9,43202.2,2424050,0
1683676800000,43190,43350,42849.1,43314.9,3495920,0
1683763200000,43489.9,43644.9,43360,43461.8,2833620,0
1683849600000,43455.4,43871.9,43331.1,43757.1,2801350,0
1684108800000,43757.2,44075,43630.1,43999.8,2163580,0
1684195200000,44050.1,44114.7,43842.9,43903.1,2062780,0
1684281600000,43880.6,43955,43465,43721.1,2968150,0
1684368000000,43792,44057.9,43712.6,43775.4,3028750,0
1684454400000,43900,44016.8,43524.3,43967.1,2907580,0
1684713600000,43989.9,44020,43701.2,43922.9,2573250,0
1684800000000,43953.1,44080,43902,43981.5,1798850,0
1684886400000,43825.4,44014.6,43679.1,43719.2,2465300,0
1684972800000,43650,43750,43385.6,43692.4,2436720,0
1685059200000,43784.9,44149,43658,44068.3,2737020,0
1685318400000,44225,44525,44200,44368.3,2068080,0
1685404800000,44325,44496.5,44280.1,44466.4,1630880,0
1685491200000,44377.7,44425,43986.2,44241.6,3112280,0
1685577600000,44226,44290,43861,43948.2,2342380,0
1685664000000,44115,44271.4,43950,44110.6,2587280,0
1685923200000,44242,44411,44202.7,44286.1,1886020,0
1686009600000,44282,44349.9,44149.9,44309.1,1711550,0
1686096000000,44400,44424.8,44300,44394.4,1594650,0
1686182400000,44399,44545.5,44069.7,44147.4,3093950,0
1686268800000,44178.1,44325.9,44042.4,44117.9,2145750,0
1686528000000,44160,44174.6,43991.6,44097.6,1698450,0
1686614400000,44050,44247,44048,44216.6,2555700,0
1686700800000,44310.1,44310.1,44055,44144.2,1525180,0
1686787200000,44150,44180,43526,43570.1,3269080,0
1686873600000,43657.1,44234.9,43600,44042.6,2882900,0
1687132800000,44086.1,44124.4,43625.2,43788.1,2631650,0
1687219200000,43750,43914.9,43450.1,43864.8,2754780,0
1687305600000,43900.5,44026.7,43775,43940.1,2545750,0
1687392000000,43944.9,44082.1,43713.6,43774,3246600,0
1687478400000,43710,43850,43563.1,43671.6,2148300,0
1687737600000,43313.3,43770,43313.3,43686.9,1667980,0
1687824000000,43769.2,44155,43701,44089.4,2461450,0
1687910400000,44226.2,44520,44134.1,44316.3,3026420,0
1688083200000,44625.5,44893.1,44551.1,44850.5,1762950,0
1688342400000,44989,45445,44906.2,45274.1,1961460,0
1688428800000,45366.6,45747.8,45092.3,45364.5,2617100,0
1688515200000,45299.8,45480,45175,45237.3,1639180,0
1688601600000,45190,45460.6,45130.1,45411.2,1965380,0
1688688000000,45225,45299.5,44920,45029.6,2773020,0
1688947200000,45045,45249.6,44814.5,44944.9,2090320,0
1689033600000,45051.1,45180,44786.6,44871.4,2374460,0
1689120000000,44955.6,45017.7,44750,44803.3,2167420,0
1689206400000,45098.9,45133.7,44728.2,44776.4,3615800,0
1689292800000,44882.2,44964.9,44674.6,44902.6,2444680,0
1689552000000,44960.1,45588.2,44777.9,45504.9,3633390,0
1689638400000,45750,45925,45356,45484.5,3746850,0
1689724800000,45650,45748.8,45486.4,45717.6,2132880,0
1689811200000,45774.1,46209,45668.8,46151.4,2656440,0
1689897600000,46075,46360,45982.8,46108.1,2540780,0
1690156800000,46099,46222,45863.4,45980.1,2135460,0
1690243200000,46110,46119.5,45650,45924.2,2253940,0
1690329600000,45989.9,46090,45846.8,46047,2117250,0
1690416000000,46201.1,46500,45541.6,45654.8,3053420,0
1690502400000,45940,46000,45484.6,45698.6,2664900,0
1690761600000,45744.9,45897,45600,45860.9,1814850,0
1690848000000,45903.1,45944,45615.2,45747.9,1869720,0
1690934400000,45500,45575,44877.6,45123.5,3339390,0
1691020800000,45000,45185,44487.6,44722,3827790,0
1691107200000,44805.6,45227.9,44621,45001.6,3661100,0
1691366400000,45048.9,45132.9,44885.3,44964.4,2000670,0
1691452800000,44972.3,45250,44945.5,45057,2080700,0
1691539200000,45062.9,45073.1,44685.9,45030.4,2844240,0
1691625600000,44943.9,45142.1,44625.9,44771.4,3743040,0
1691712000000,44759,44759,44392.4,44464.4,2817740,0
1691971200000,44319.9,44398.9,43982.4,44234.1,2661380,0
1692144000000,43975,44147.7,43818.6,44074.4,3208890,0
1692230400000,43994.6,44224.8,43925,44047.4,3837860,0
1692316800000,43905.5,44071.1,43785.1,43964.7,2193860,0
1692576000000,43900,44215.9,43900,44114.3,2186700,0
1692662400000,44159,44196.1,44050,44088.1,1357080,0
1692748800000,44077.1,44573.6,44016.1,44519.4,3187060,0
1692835200000,44705.3,45009.9,44525,44559.1,3690060,0
1692921600000,44350,44399.7,43987.7,44222.9,2561670,0
1693180800000,44299,44614.9,44217.2,44486.6,2023020,0
1693267200000,44605.6,44688,44443.1,44500.5,1833640,0
1693353600000,44636.4,44781.1,44116.9,44232.2,2390640,0
1693440000000,44219.4,44388,43872.9,43944.3,3320740,0
1693526400000,44268.7,44746.1,44061,44601.5,3428970,0
1693785600000,44160.1,44885,44160.1,44781.5,1982850,0
1693872000000,44750,44870,44606.9,44766.1,1910850,0
1693958400000,44710,44759.9,44470.1,44644.1,3044180,0
1694044800000,44605.3,45099.9,44538.2,45045.1,2863050,0
1694131200000,45151,45563.1,44976.4,45319.6,2564310,0
1694390400000,45458.8,45765,45380.9,45697.9,2018120,0
1694476800000,45899,45929.7,45413.1,45627.9,2807310,0
1694563200000,45578,46045.4,45460.1,46001.9,3562940,0
1694649600000,46041.9,46210,45874,46113.6,1852200,0
1694736000000,46115,46375.9,46114.6,46288.1,1770600,0
1694995200000,46194.9,46307,45986.3,46072.4,1843000,0
1695168000000,45705.4,45839.9,45440,45557.4,3066960,0
1695254400000,45394.8,45394.8,44671.5,44759.2,2968560,0
1695340800000,44725,45099,44589.6,44677.6,2803280,0
1695600000000,44680,44990.9,44469,44812.6,2205510,0
1695686400000,44700,44812.6,44523.3,44667.3,1264580,0
1695772800000,44549.9,44730,44149.1,44605.2,2165280,0
1695859200000,44509.4,44745,44290.1,44310.9,2135300,0
1695945600000,44780,44998,44620.3,44847.9,2611100,0
1696291200000,44712.5,44747,44500,44621.4,1503480,0
1696377600000,44372.2,44390,44050.2,44214.1,2946420,0
1696464000000,44350,44550,44280,44411.7,1961460,0
1696550400000,44503,44664.6,44400.1,44510.2,1903470,0
1696809600000,44205,44287.9,43935,44010.4,1844010,0
1696896000000,44210.1,44620,44080,44530.3,2073400,0
1696982400000,44683.4,44808,44550.1,44685.6,2112020,0
1697068800000,44725,44820.9,44682.2,44747.9,990375,0
1697155200000,44449.5,44720,44318.1,44394.1,2272820,0
1697414400000,44299.8,44455,44150,44343.1,1444640,0
1697500800000,44642.2,44703.6,44410,44493.7,1614870,0
1697587200000,44475.1,44510,44000,44053.4,2637680,0
1697673600000,43770,44117,43684.1,43845.1,2140320,0
1697760000000,43650,43919.9,43622.1,43738.8,1677660,0
1698019200000,43790,43839.8,42996.8,43141.6,2347840,0
1698192000000,43261.1,43399,42755.2,42811.6,2044590,0
1698278400000,42730,42730,42067,42270.4,2290820,0
1698364800000,42755.3,43100,42730.2,43043.4,1722900,0
1698624000000,42994.4,43350,42623,43295.7,2738260,0
1698710400000,43603.1,43603.1,43020.4,43076.9,2490260,0
1698796800000,42981.1,43062.4,42849,42928.1,2305410,0
1698883200000,43155.6,43554.9,42978.1,43320.6,2989460,0
1698969600000,43525,43604.1,43430,43509.1,1752510,0
1699228800000,43598.9,43868,43598.9,43839.8,1631620,0
1699315200000,43855.3,43979,43517.4,43926.9,2480340,0
1699401600000,43901,43996.1,43751,43836.2,2262000,0
1699488000000,43780,44075,43746.7,43916.6,1997520,0
1699574400000,43741.2,44017,43355.6,43952.4,2082100,0
1699747200000,44055.6,44145,43952.4,44051.9,515820,0
1699833600000,44019.9,44085,43801,44013.7,1728520,0
1700006400000,44450,44454.6,44290.1,44387.2,3295300,0
1700092800000,44390.9,44552.9,44205,44293.9,1820560,0
1700179200000,43894.8,44066.2,43649.9,43715.4,2656140,0
1700438400000,43724.6,43900,43559.8,43742.1,1492680,0
1700524800000,43840,43897.4,43655.2,43791.9,1425340,0
1700611200000,43791,43795.3,43375,43587.9,3082600,0
1700697600000,43614.2,43758.4,43562,43690.1,1010040,0
1700784000000,43693.1,43845,43586,43805.6,1485960,0
1701129600000,43867.9,44048.4,43791.1,43984.3,1552200,0
1701216000000,44100,44721.6,44022.1,44662.6,2268270,0
1701302400000,44745,44785.3,44210,44459.9,2559460,0
1701388800000,44522.4,45230.6,44522.4,45071.2,2182880,0
1701648000000,45750.5,46725,45602.1,46659.6,3942750,0
1701734400000,46854.4,47493.9,46749.1,47152.4,3700890,0
1701820800000,47302.1,47367.9,46845,46926.2,2682200,0
1701907200000,46898,47125.1,46600,47047.1,1851540,0
1701993600000,47050.1,47599,46961.3,47499.8,2735020,0
1702252800000,47500.2,47769.9,47368.1,47491.9,1765720,0
1702339200000,47574.8,47600,47237.8,47308.4,1663890,0
1702425600000,47350,47447.2,47111.6,47396.2,1905150,0
1702512000000,47652.2,48199.9,47650.3,48029.6,2221320,0
1702598400000,48249.7,48375,47780,48271.4,2305720,0
1702857600000,48020,48206.4,47890.4,47947.4,1679480,0
1702944000000,48000,48228,47784.8,48009.8,1765460,0
1703030400000,48111.6,48265,47316.6,47480.6,3133060,0
1703116800000,47245,48207.9,46964.7,48105,3970290,0
1703203200000,48105,48280.1,47470.8,47575.6,3124760,0
1703548800000,47596.6,47971.9,47450.4,47825.4,2072670,0
1703635200000,47904.8,48443,47856.1,48359.9,2174190,0
1703721600000,48456.4,48679,48357.9,48506.6,1700420,0
1703808000000,48750,48805,48404.8,48628.8,1948460,0
1704067200000,48580,48869,48389.4,48535.7,1806330,2052200
1704153600000,48375,48489.9,47877.4,47946.6,2670690,2283620
1704240000000,47849.9,48086.9,47763.8,47931.9,2585180,1998320
1704326400000,48062.3,48581.3,47995.6,48501.8,2319340,2046460
1704412800000,48502.1,48625,47982,48388.4,2649690,1900100
1704672000000,48490,48490,47567,47621.9,2883630,2363010
1704758400000,47811.1,48146.9,47341.1,47391.5,2940740,2262480
1704844800000,47280,47666,47201,47606.9,2281500,2185580
1704931200000,47767.4,47822.6,47340.6,47573.7,1686140,2275950
1705017600000,47656.8,48047,47568.6,47840.1,2333740,2013800
1705276800000,48002.2,48380,47933.2,48306.2,1978540,2027040
1705363200000,48255.4,48440,48078.9,48224.9,1992620,2017230
1705449600000,47015.2,47600,46050.7,46159.2,5946520,2415600
1705536000000,45699.9,46358.4,45600,45869.2,4003740,2209780
1705622400000,46155.6,46337.9,45584.4,45797.2,3153680,2174560
1705708800000,46050,46210,45760,46136.1,1780900,1940480
1705968000000,46506.1,46525.5,44835.2,44913.1,3710250,1917900
1706054400000,44500,45550,44499.9,45152.9,4586440,1584030
1706140800000,45096.9,45138.8,44404,44773.5,2811080,1098090
1706486400000,45500,46039,45453.9,45735.1,4167000,3305970
1706572800000,45850.2,45930,45422.4,45671.2,2506420,3294680
1706659200000,45579,46444.5,45405.6,46324.2,3894880,3101130
1706745600000,46351.1,46581,45882.2,46437.1,4138000,3046060
1706832000000,46725,47145.5,46160,46236.6,4402220,2845860
1707091200000,46100,46348.9,45867.1,46040.4,2934320,2784690
1707177600000,45959.6,46165,45740,45971,2531440,3003990
1707264000000,46201.1,46296,45901,46131.9,2709680,3185900
1707350400000,46276.2,46475.7,45053.2,45212.4,4058560,3311480
1707436800000,45179.9,45975,45110.1,45899.6,3299180,3116940
1707696000000,45949.9,45999.9,44803.8,45090.9,3341300,3223110
1707782400000,45205.4,46012,45011.3,45732.5,4481680,3312860
1707868800000,45199.9,46350,45021.1,46089.9,5757090,3119560
1707955200000,46250,46465.2,45678.9,46385.1,3283480,2822010
1708041600000,46580,46885.8,46350,46503.4,2606460,2814450
1708300800000,46599,46885,46403,46638.9,2295285,2705055
1708387200000,46648,47225.2,46464.35,47188,2885985,2697285
1708473600000,47400.05,47400.05,46900.85,47024.85,3345690,2684565
1708560000000,46999.9,47089,46506,46980.3,3238095,2353590
1708646400000,47100,47399,46764.55,46842.65,3054915,2263185
1708905600000,46694.7,46934.6,46526,46607.7,2471985,1989375
1708992000000,46545,46745,46310.3,46587.2,2336490,1826475
1709078400000,46602.05,46767.1,45772.75,45852.25,3486900,1335870
1709251200000,46675,47637.4,46629.8,47578,3512955,2304825
1709337600000,47625,47700,47355.55,47659.8,391665,2337945
1709510400000,47625,47780,47424.1,47691.25,2084610,2279940
1709683200000,47705.3,48344.95,47705.3,48117.45,3892935,2234190
1709769600000,48200,48202.35,47880.3,47958.3,2096190,1968270
1710115200000,47898,47978.4,47403.3,47489.85,2318430,1934970
1710201600000,47499.9,48034,47162.55,47527.25,3858255,1954170
1710288000000,47600,47684.3,46947.55,47081.35,3098910,1927920
1710374400000,47000,47447,46791,46996.15,2654145,1966500
1710460800000,46825,46987.2,46440.25,46694.7,2774205,1961205
1710720000000,46649.95,46900,46210,46741.6,2377515,1924815
1710806400000,46679.55,46777,46364,46449.05,1868445,1937265
1710892800000,46475,46789.55,46002,46449.05,3472995,1947030
1710979200000,46726.25,47142,46629.85,46794.65,2476995,1924515
1711065600000,46719.7,47075,46610,46929,2091585,1741140
1711411200000,46805.4,46878.1,46610.3,46717.55,1717125,1364850
1711497600000,47145,47370,47120,47224.25,1831245,3193950
1711584000000,47549.5,47763,47264.8,47545.15,3045060,3246120
1711929600000,47702.95,47947.25,47647.65,47913.7,2956110,1897890
1712016000000,47805.4,48051,47750.15,47892.9,1602720,1950870
1712102400000,47699,47967,47580,47912.3,1867650,2050095
1712188800000,48185,48323.5,47920,48199.1,2535525,1816635
1712275200000,48170,48725,48014.05,48658.1,2293110,2072010
1712534400000,48705.1,48847,48567.05,48691.15,1411845,1988685
1712620800000,48857,49074.95,48622.05,48799.85,1930995,1956345
1712707200000,48901.1,49086,48760.05,49019.05,1891170,2143965
1712880000000,48751,48914.75,48666.1,48714.1,1789305,1954440
1713139200000,47573.75,48449.85,47573.75,47851.15,2320185,1850535
1713225600000,47750,47750,47422,47660.95,1842675,1830375
1713398400000,47750,47953.85,47040,47175.05,2747610,1882215
1713484800000,46865,47682.35,46611.2,47575.6,2757165,1649445
1713744000000,47990,48037.85,47596.45,47989.1,2288415,1391025
1713830400000,48175.55,48175.55,47895.05,47991.65,1522800,992805
1713916800000,48102,48369.1,48102,48350.3,1413795,1618305
1714003200000,48005.4,48732.6,47999.9,48632.4,2203680,1859505
1714089600000,48660,48798.9,48265.15,48379.85,1824360,1746300
1714348800000,48555,49581.45,48497.5,49549.75,3293790,2174640
1714435200000,49600,49927.45,49380,49450.55,3446580,2275935
1714608000000,49300.2,49588,49170.85,49388.35,1668840,2183625
1714694400000,49506.05,49650,48870,49094.75,2832540,1994235
1714953600000,49240,49420,48885,49045.65,2241825,2041875
1715040000000,49075.05,49099.4,48285.5,48349.05,2624040,2183295
1715126400000,48299,48354.1,48011.4,48175.9,2409390,2203545
1715212800000,48235,48367.25,47636,47669.2,2456880,2397975
1715299200000,47706,48090,47479.85,47607.25,2025795,2373555
1715558400000,47600,48075,47200,48003.7,2837595,2284845
1715644800000,48075,48225,47825.1,48091.65,1726395,2344830
1715731200000,48091.65,48145.15,47731,47908.55,1977780,2449620
1715817600000,48047.9,48175,47063.65,48092.35,3306330,2399610
1715904000000,48140.05,48348,47930,48195.1,1724250,2410515
1715990400000,48299,48300.05,48163.55,48288.1,193095,2389110
1716249600000,48174.1,48420,48054,48153.1,1854180,2395755
1716336000000,48190,48193,47611.1,47974.1,3589620,2251950
1716422400000,48055.3,48924.45,48000,48838.65,3335595,2175585
1716508800000,48838.65,49115.9,48702.05,49045.15,2200650,2121990
1716768000000,49124,49840,49050,49297.5,2383560,1731435
1716854400000,49400,49537.4,49106.3,49182.8,1937655,1382985
1716940800000,49344.85,49411.25,48905.95,49011.15,2900175,2183925
1717027200000,48990,49480,48810,49037.4,3526275,2447355
1717113600000,49200,49444,48850.25,49352.35,3322365,2267760
1717372800000,50606.05,51486,50352,51283.05,4359660,2275995
1717459200000,50800,51098,46184.95,47088.55,10294455,2472780
1717545600000,47400,49473.75,46781.7,49117.65,8188305,2856570
1717632000000,49335.3,49751.5,49060,49435.75,3531315,2641920
1717718400000,49130,50025,48547,49908.95,3415155,2650890
1717977600000,49995.5,50289.75,49616.9,49732.2,2687775,2473845
1718064000000,49639.9,50080,49572,49768.75,2237340,2491245
1718150400000,49791.95,50289.95,49739.8,49914.95,2885145,2358705
1718236800000,50101,50155.8,49850.4,49912.65,1423050,2328120
1718323200000,50000,50175,49750,50042.4,1702830,2366175
1718668800000,50190.85,50449,49990,50417.35,1975410,2458050
1718755200000,50462.25,51885.55,50444.1,51353.4,5845305,2405985
1718841600000,51630.9,51800,51212,51755.1,2391045,2233530
1718928000000,51821,51821,51273.5,51613.35,2613975,2040525
1719187200000,51294.7,51864.75,51150,51751.05,2337210,1820790
1719273600000,51799.95,52718.25,51768.8,52626.85,2547780,1553760
1719360000000,52744.85,52998.55,52460.25,52877.1,2519265,2420430
1719446400000,52800,53221,52670,52905.6,2256930,2433570
1719532800000,52899.95,53050,52438.15,52529.7,2465250,2452920
1719792000000,52524,52813.65,52301,52709.1,1670265,2509425
1719878400000,52850.05,52924.85,52184.2,52368.5,2506575,2446635
1719964800000,52855.3,53249,52594.2,53091.65,3999255,2782650
1720051200000,53251.05,53301.1,52831,53166.2,1891350,2792835
1720137600000,52998.6,52998.6,52300,52724.1,2668665,2607810
1720396800000,52611,52802.85,52350.1,52560.5,1961100,2586810
1720483200000,52500,52743.7,52500,52615.75,1192545,2578005
1720569600000,52542.05,52606.55,52204.9,52318.6,2359875,2347095
1720656000000,52399.95,52495,51860,52439.45,2689455,2178225
1720742400000,52466.4,52847.15,52270,52366.9,2441970,2085855
1721001600000,52394,52721.35,52238.05,52630.15,2096400,2177985
1721088000000,52650,52719.75,52448.3,52529.05,1289295,2084670
1721260800000,52431.95,52835,52282.15,52670.35,2600385,2070405
1721347200000,52535,52640,52131.95,52270.65,2216475,1946745
1721606400000,52100,52435.35,51932.25,52286.55,1593375,1796625
1721692800000,52405.3,52462.75,51411,51818.2,3909135,1612470
1721779200000,51611.15,51974.85,50921,51401.1,3747495,1334955
1721865600000,50966,51104.95,50601,50934.2,1687065,1208910
1721952000000,50650,51389,50605,51299.1,2031330,1158285
1722211200000,51557.5,52381.75,51240.25,51384.85,2880165,984720
1722297600000,51349,51938,51226.7,51520.3,1780470,853245
1722384000000,51771,51887,51589.4,51815.05,1711665,2415720
1722470400000,51990,52080,51635,51753.4,1710315,2499285
1722556800000,51405,51736.9,51151.6,51429.3,2350755,2615460
1722816000000,50678,50976.95,49843.25,50215.45,3664035,2969010
1722902400000,50499.9,50767.8,49815.8,49919.2,2612100,3066975
1722988800000,50391.7,50400,49950,50340.7,2851350,3061335
1723075200000,50240,50531.9,49980,50205.9,2200515,3049140
1723161600000,50635.5,50795.1,50479.05,50574.1,1729635,2898615
1723420800000,50499.95,50998,50341.5,50721,2411445,2814060
1723507200000,50600,50746.1,50005.7,50052,2693010,3289785
1723593600000,50099,50300,49865.9,49955.3,1595205,3387945
1723766400000,50250.25,50977,49960.05,50624.4,3101430,2950440
1724025600000,50705.55,50814.75,50427,50485.25,1671825,3032130
1724112000000,50554.95,51080.95,50506.2,50892.2,2270610,2772450
1724198400000,50832,50890,50463,50806.95,3061155,2719905
1724284800000,50955.6,51142.45,50851.05,51037.05,1709565,2642490
1724371200000,51049.95,51154.45,50889,50966.35,1346565,2427120
1724630400000,51148,51378.5,51020,51219.15,1777065,2215305
1724716800000,51247.7,51388.55,50931.5,51256.2,2213745,1674495
1724803200000,51500.05,51559.05,51392,51428.8,1777860,2235120
1724889600000,51395.15,51670,51311.6,51490.75,1997400,2396130
1724976000000,51500.5,51729,51500.5,51663.1,1469055,2361285
1725235200000,51755.05,51820,51519.35,51650.7,1556340,2362785
1725321600000,51646,51885,51525,51834.1,1664505,2360715
1725408000000,51535.35,51703.95,51535.35,51607.6,1622760,2407365
1725494400000,51675,51775,51641.05,51727.6,880530,2368770
1725580800000,51530,51670,50610,50781.4,2835270,2516595
1725840000000,50761,51330,50255.55,51267.4,2217075,2361120
1725926400000,51403.2,51496,51135.05,51371.2,1691010,2345655
1726012800000,51300,51519,51086.7,51124,1955865,2463525
1726099200000,51320,51880,51150,51759.2,2474550,2184960
1726185600000,51944.7,52044,51692,51929.4,1637790,2194425
1726444800000,51970,52299,51970,52261.35,1307010,2100240
1726531200000,52271.5,52357.5,52185,52295.6,1027620,2023275
1726617600000,52205.15,52999,52205.15,52757.1,2732295,1922625
1726704000000,52849,53447.05,52833.15,53177.55,2013450,1939260
1726790400000,53325.15,53643.95,53091,53550.85,2414715,1764210
1727049600000,53900.05,54252.1,53661,54072.3,1690500,1479720
1727136000000,54058,54200,53954,54026.3,1371960,1244940
1727222400000,54220,54360,54160.55,54335.4,1365390,1810890
1727308800000,54280,54640,54280,54549.05,1322925,1886670
1727395200000,54503,54587.1,54125,54220,1632855,1829985
1727654400000,54000,54042.4,53366,53435.15,2220105,1787790
1727740800000,53388.95,53645,53252,53381.2,1746825,1954680
1727913600000,52905.4,53050,52190,52384.75,2549985,2445285
1728000000000,52264.8,52741,51771.2,51871.45,2782350,2603280
1728259200000,51999,52140,50696.2,51016.25,3874395,3062655
1728345600000,51132.05,51559,50878.05,51392.5,1954860,2964345
1728432000000,51460,52037,51311.3,51373.7,3145230,3198270
1728518400000,51510,51930,51431,51780.95,1425855,3088065
1728604800000,51897,51897,51219.1,51386.4,1622955,3129000
1728864000000,51469.95,52098.9,51426.4,52042.75,1775535,2904495
1728950400000,52176,52241,51910.2,52106.85,1303680,2909475
1729036800000,51944.7,52250,51944.7,52042.65,1165650,2891160
1729123200000,52099.95,52160,51314.65,51491.7,1816920,2973525
1729209600000,51400,52420,51185.5,52310.4,2550975,2562615
1729468800000,52462.05,52665,51936.05,52040.25,1958610,2510640
1729555200000,52105.3,52350,51365.65,51434.8,2124585,2594685
1729641600000,51305.35,51644,51218.4,51352.65,1574655,2425560
1729728000000,51399.9,51896.9,51271,51605.75,1917780,2214030
1729814400000,51544.7,51633.7,50374.75,50846.1,2765610,2048175
1730073600000,51105.3,51597.7,51014.5,51327.35,2243310,1882845
1730160000000,51405.05,52332.95,51297.55,52294.05,2425260,1375065
1730246400000,52540,52600.3,52162.3,52260,2042790,2271675
1730332800000,52201.85,52440,51704,51954.4,1895250,2619885
1730419200000,51995,52075,51903,51927.75,274770,2649435
1730678400000,51950,51993.9,51288.1,51552.05,1627875,2720130
1730764800000,51500,52465.8,51217.9,52393.95,2770605,2468025
1730851200000,52588,52739.9,52437.5,52650.35,1665015,2538045
1730937600000,52544.7,52630,52035.05,52199.9,1594860,2584665
1731024000000,52110.05,52275,51705,51788.55,1641375,2654190
1731283200000,51605.4,52388,51519.35,52082.2,1730640,2591130
1731369600000,52162.1,52349,51275.55,51373.85,2245785,2970390
1731456000000,51199.9,51464,50164.05,50358.25,2841525,2943030
1731542400000,50386.4,50732.55,50066.25,50296.95,1762575,2873520
1731888000000,50299.95,50560,50125,50429.85,1203225,2839335
1731974400000,50555.55,51070.25,50465.1,50590.9,2230935,2682810
1732147200000,50500.05,50605.4,49817.3,50407.4,2288280,2523690
1732233600000,50580,51280,50523.2,51082.35,2358990,2388735
1732492800000,52000,52290,51720,52171.6,2176155,1693575
1732579200000,52399,52400.15,51980.1,52218.7,1340730,1275390
1732665600000,52500,52723,52321,52617.45,1598400,1872255
1732752000000,52689.95,53093,52200,52329.4,2628420,2091000
1732838400000,52389.85,52486.45,52035.45,52364.45,1520205,2220540
1733097600000,52340,52499,52000,52395.15,1403490,2303055
1733184000000,52515,52992,52452.2,52868.85,1822035,2237385
1733270400000,52855.3,53533,52850,53381.4,1875840,2289660
1733356800000,53459.95,53950,53060.05,53674.65,2258325,2182965
1733443200000,53700,53995,53203,53717.85,2471640,2314635
1733702400000,53599.95,53900,53465,53531,1403265,2347695
1733788800000,53605.3,53749,53409.2,53699.5,1134615,2366925
1733875200000,53605,53799,53456,53558.6,1212900,2371260
1733961600000,53399.55,53699,53360.5,53437.8,1011705,2262465
1734048000000,53344,53675,52380.1,53625.8,3447810,2183880
1734307200000,53600,53825,53460.4,53697.2,1390050,2179680
1734393600000,53484,53657.95,52850.45,53015.75,2200740,2195235
1734480000000,52900,52976,52112.3,52304.2,2323410,2284140
1734566400000,51670.3,51932,51400,51749.7,1760280,2196120
1734652800000,51621,51721.25,50622.4,50769.95,2262540,2067165
1734912000000,51002.1,51483.85,51000.15,51303.15,1628370,1441560
1734998400000,51765.2,51800,51589.05,51727.95,1314675,2013990
1735171200000,51850.05,52185.95,51335,51574.95,1460175,2153670
1735257600000,51601.6,52018,51520,51724.3,1051770,2081010
1735516800000,51660,52295,51082.1,51404.35,2397165,2162400
1735603200000,51084.8,51370,51003.4,51286.15,1010640,2252790
1735689600000,51289.95,51698,50850,51439.25,1446255,2230875
1735776000000,51439.95,51938,51329.95,51860.2,1425000,2259795
1735862400000,51825.45,51928.75,51158.75,51259.2,1713840,2376705
1736121600000,51184.9,51286.75,50000,50163.1,2298105,2441610
1736208000000,50150,50720,50150,50415.3,1389975,2295525
1736294400000,50389.8,50462,49625,50095.4,1865415,2350800
1736380800000,49960.3,50018.6,49455.55,49787.25,1377900,2419500
1736467200000,49421.6,49716.05,48789,48886.4,2136780,2564565
1736726400000,48430,48822,48102,48266.25,1926330,2493870
1736812800000,48424,49250,48351.1,48971.05,1777635,2399970
1736899200000,49120,49237.45,48630.15,48892.55,1147485,2360430
1736985600000,49300.1,49670,49134.75,49443.95,1517175,2379795
1737072000000,49201,49288.4,48425,48685.65,1906050,2428485
1737331200000,48902.1,49815,48774.9,49512.9,1969035,2384220
1737417600000,49555.05,49699.95,48606.05,48763.25,2081610,2365770
1737504000000,48860.15,48950,48185,48887.65,1893765,2304795
1737590400000,48900,49022.65,48586.45,48696,1287210,2319075
1737676800000,48750,48950,48252,48375.2,1883400,2249550
1737936000000,47994.7,48349.9,47722.25,48080.95,1600455,2091780
1738022400000,48610,49213.95,48417.7,48828.9,2105895,1485525
1738108800000,48926.05,49128,48812.1,49082.15,1299285,1028565
1738195200000,49495.5,49737,49357.85,49686.5,1657710,2925030
1738281600000,49700,49995,49364.5,49862,2020770,3110100
1738368000000,49720,50250,49151.3,49768.6,2944860,3153690
1738540800000,49294.7,49645,49200,49505.15,1409130,3088260
1738627200000,49702.05,50360.95,49700,50315.55,2419620,2712030
1738713600000,50455.3,50688.6,50380,50531.1,1206330,2628150
1738800000000,50500,50710.05,50351,50608.7,1145940,2569140
1738886400000,50630.5,50798.7,50070.3,50354.55,2582010,2630310
1739145600000,50280,50347,49902.25,50234.15,1180200,2696700
1739232000000,50190,50190,49425,49681.75,1841100,3096000
1739318400000,49550,49930,48966,49716.5,2191620,3018990
1739404800000,49735,50025,49451.05,49571.4,1365720,3068430
1739491200000,49705.3,49767.65,48908.1,49334.55,1774980,3178950
1739750400000,49179.95,49517.75,48709,49462.15,1640220,3073830
1739836800000,49460,49460,48940.8,49208.05,1280130,3102660
1739923200000,49099.7,49750,48930.05,49630.55,1635450,3011760
1740009600000,49444.7,49563.2,49300,49473.3,949470,3007140
1740096000000,49299.95,49387.9,48852,49031.4,1719690,2919060
1740355200000,48644.7,48913.95,48305.45,48793.9,1566780,2272740
1740441600000,48806.85,48917.75,48635,48723.45,1109220,1857150
1740614400000,49000.15,49270.75,48926.3,49034.6,1578660,3311490
1740700800000,48734,48943.65,48318.3,48628.25,1775250,3338130
1740960000000,48775.75,48856.4,48116.7,48396,1395900,3328470
1741046400000,48250,48619.85,48110.3,48472.25,1358400,3065280
1741132800000,48492,48879.95,48433.15,48714.7,1189020,2995710
1741219200000,48894.7,49099.9,48526,48780.35,1279710,2835930
1741305600000,48626,48896.35,48510,48680.15,1338000,2843100
1741564800000,48489.9,48702.95,48220,48315.35,1118340,2850570
1741651200000,47999.95,48150,47751.6,47999.5,1324470,2999970
1741737600000,48055.05,48330,47939.7,48213.9,1239240,2980740
1741824000000,48300,48461,48100,48160.2,1037940,3016560
1742169600000,48250.05,48589.6,48241.15,48485.6,1015290,3061650
1742256000000,48751.05,49481.1,48664.1,49422.4,1900920,2977590
1742342400000,49600.05,49878.95,49435.2,49808.15,1130940,2938260
1742428800000,50000.05,50174.1,49830,50097.1,1115280,2764680
1742515200000,50010.3,50630,49980,50593.75,1334430,2491440
1742774400000,51001.25,51839.4,50800,51753.9,1783740,2114370
1742860800000,51950.1,52050,51567,51665.2,1611930,1734690
1742947200000,51649.85,51958.85,51161,51273.45,1541670,1346280
1743033600000,51495.05,51970,51418.35,51907.6,1378890,2733780
1743120000000,52050,52125,51631.05,51840.85,1627410,2692290
1743465600000,51683.95,51920,51050,51187.1,1810290,2206620
1743552000000,51116.25,51647.95,51055.55,51581.15,1158810,2207520
1743638400000,51299.9,51865.3,51200,51798.5,1287030,2337750
1743724800000,51710,51993,51459.15,51593.55,1704090,2284350
1743984000000,49901.2,50784.95,49366.1,50095.7,3624570,2240220
1744070400000,50502.05,50966.55,50264.9,50768.2,1833780,2137830
1744156800000,50600,50754.85,50040.3,50468.6,1814310,2119560
1744329600000,50799,51385,50799,51162.05,1563360,2173470
1744675200000,52099.6,52460,51802,52383.6,1693920,2253510
1744761600000,52550,53152,52433.6,53082.8,1465230,2228040
1744848000000,53095.8,54373.2,53049.8,54201.4,1880430,2081970
1745193600000,54640.8,55416.6,54577.8,55293.8,2109150,1822200
1745280000000,55360,55900,55252,55576.8,1458720,1614060
1745366400000,55865,55900.2,55184.8,55400.6,1370220,1230660
1745452800000,55244,55576.4,55130,55233.6,1005060,926640
1745539200000,55355,55555,54409.4,54724,2683590,2415090
1745798400000,54735.2,55825,54650,55671.2,1715370,2460960
1745884800000,55744.6,56194.8,55437,55509.6,1635630,2363700
1745971200000,55440,55630,55131,55241.8,1275030,2294940
1746144000000,55250.2,55929,55073.6,55209.8,1956060,2252070
1746403200000,55124.8,55448,54915,55080.6,1251960,2177730
1746489600000,55050.6,55205.8,54267,54363,1364640,2046930
1746576000000,54250,54796,54037.6,54671,1739550,1891680
1746662400000,54806.2,55029,54150,54288.6,1563120,1901730
1746748800000,54400,54400,53585,53732,1671630,1800750
1747008000000,54648,55680.8,54502.2,55599.2,2272470,1915170
1747094400000,55644,55644,55042,55089,1584000,1770270
1747180800000,55124.4,55258.4,54576.8,54910,1227780,1763820
1747267200000,54970,55499.6,54625,55399.6,1681410,1815150
1747353600000,55405.4,55600,55252.6,55503.2,760500,1695210
1747612800000,55536.2,55831.4,55403.4,55514.8,1082640,1720560
1747699200000,55700,55701.6,55030,55103.8,1137660,1696140
1747785600000,55201,55450,54773,55142,1408200,1682520
1747872000000,54944.8,55120,54700,55068.4,1024380,1660380
1747958400000,55149,55559.4,54941.4,55495.6,1253370,1623630
1748217600000,55586.4,55980,55357,55687,1280460,1412910
1748304000000,55590.8,55940,55069.2,55472.6,1986660,1072500
1748390400000,55424.4,55575,55290.4,55445.6,1082760,795360
1748476800000,55659.8,55747.8,55083,55474.4,1198470,495480
1748563200000,55950,56140.2,55707,56076.4,1329330,1842660
1748822400000,56100,56217.2,55719,56180.4,1289520,1845000
1748908800000,56275,56355,55824.2,55931,1398030,1953720
1748995200000,55930.8,56047.8,55700,55989.4,794580,1965600
1749081600000,56010.4,56219,55851,56044.4,999720,1953720
1749168000000,55999.8,56832.8,55780,56770.4,3436800,2094960
1749427200000,57150,57165.2,56905.4,56999.2,955380,2073150
1749513600000,57026.2,57099,56721,56764.6,772830,2029680
1749600000000,56755,56938,56570.4,56648.6,927810,1999890
1749686400000,56635,56742.6,56200,56269.6,1207470,1946940
1749772800000,55555.6,55800,55350.6,55614.4,1187400,1955910
1750032000000,55550,56165,55505,56112.4,1114650,1888980
1750118400000,56110,56599.6,55735,55780.8,704550,1871220
1750204800000,55670,56050.6,55670,55899,854340,1812390
1750291200000,55884.4,56025,55612.8,55655,805890,1764030
1750377600000,55680,56340,55651.2,56298,1305930,1751070
1750636800000,55899.8,56299.6,55805,56097.8,1366980,1444530
1750723200000,56506.2,56879.8,56357,56500.8,1593540,1015830
1750809600000,56600,56687.8,56440,56619.2,844770,847110
1750896000000,56655.2,57251,56535,57217.2,1297500,727290
1750982400000,57260,57668.6,57256.4,57648.2,1022210,2293830
1751241600000,57636,57849.8,57468.2,57553.6,807310,2291975
1751328000000,57625,57750,57380,57689.6,767690,2343145
1751414400000,57706.6,57760.8,57175,57317,1222515,2148720
1751500800000,57250,57455,57093,57119.6,854525,2080855
1751587200000,57088.8,57340,56910,57293.8,857535,2006025
1751846400000,57270,57419.2,57063.6,57187.8,833700,2004450
1751932800000,57290,57489.4,57149.2,57454,816865,2050650
1752019200000,57390.8,57499,57250,57383.6,613025,2077425
1752105600000,57379.8,57488.6,57142.2,57171.6,815010,2004450
1752192000000,57075,57225,56814,56917.6,847175,2025135
1752451200000,56888,57075,56769.2,57002.6,714035,2054500
1752537600000,56999.8,57339.8,56999.8,57232.6,896805,2116695
1752624000000,57235.8,57340,57060,57265.2,729050,2139025
1752710400000,57380.2,57380.2,56923.6,56973.4,921760,2141125
1752796800000,56744,56900,56354.2,56415.6,1348865,2243045
1753056000000,56640,57030,56350,56981.8,1533560,2053135
1753142400000,57205.2,57211.6,56750,56804.6,814870,2026640
1753228800000,56866,57294,56757.8,57235.8,863765,1892730
1753315200000,57410.2,57410.2,56931.8,57117.6,873950,1819720
1753401600000,57068.2,57185,56511,56585.8,1277220,1769250
1753660800000,56298.4,56670,56061,56179,1004325,1600585
1753747200000,55999.2,56400,55955,56331.8,1028965,1319535
1753833600000,56339.6,56356,56106,56217.6,866845,1115870
1753920000000,55946.6,56450,55528.2,55988.8,1504650,552195
1754006400000,56200,56249.8,55730,55794.2,1148875,2117605
1754265600000,55780.2,55948.2,55622.2,55860,716310,2235730
1754352000000,55879.2,55900,55390.8,55539.2,962675,2651950
1754438400000,55551,55749,55407.2,55580.8,916860,2603125
1754524800000,55490,55841.6,55151,55757.6,1183245,2603615
1754611200000,55799.8,55799.8,55070,55166,1018010,2899995
1754870400000,55150.2,55590,55079.8,55540,949130,2793280
1754956800000,55500,55698,55255.4,55287.4,924245,2875705
1755043200000,55450.2,55490.4,55270,55433.2,662865,2920260
1755129600000,55417.8,55624,55353,55503.8,682360,2849175
1755475200000,56000,56245,55720,55862.8,1359505,2667000
1755561600000,55789.8,56047,55748.8,55965.8,644280,2565850
1755648000000,55735,55904.8,55701.6,55815.6,547890,2608025
1755734400000,55921.2,56094.8,55830.6,55890,651595,2591190
1755820800000,55799.6,55821.6,55225,55270.6,1103095,2682085
1756080000000,55368.8,55418,55168.2,55258.8,688975,2389450
1756166400000,55149.8,55149.8,54455.2,54525.6,1514415,1473465
1756339200000,54398.6,54424.2,53779,53813.4,1996470,688590
1756425600000,54284,54479,54005.2,54060.4,844900,2813090
1756684800000,54158,54385,54116.4,54370,726530,2823765
1756771200000,54399.8,54500,53950,54039.4,922950,2940805
1756857600000,54011.4,54428.4,53915,54373.6,929705,2856315
1756944000000,54526.2,54670,54211.8,54293,1044505,2855545
1757030400000,54366.2,54475.6,53977.6,54364.6,979370,2814840
1757289600000,54444,54786.6,54335.2,54499.8,926205,2764335
1757376000000,54555,54700,54332.6,54468.4,528710,2795205
1757462400000,54730,54948,54570.6,54791.8,941920,2688700
1757548800000,54723,54941.6,54664.8,54875,606060,2582685
1757635200000,54949.8,55071,54817.6,55013.4,546945,2464035
1757894400000,55070,55193.6,55021.2,55113.6,469385,2442860
1757980800000,55073.4,55359.8,55055,55339.6,714630,2351930
1758067200000,55370.2,55744.4,55360,55699.8,971845,2192820
1758153600000,55900,55994,55652.6,55879.6,1051540,2030105
1758240000000,55848.6,55857.4,55550,55654.4,775320,1985620
1758499200000,55594.8,55841.6,55427.6,55471.8,780885,1869805
1758585600000,55460.2,55823,55355.4,55723.8,836675,1905400
1758672000000,55698.2,55698.2,55165.2,55252.2,1082795,1643950
1758758400000,55181,55439,55070,55152.2,904470,1590995
1758844800000,54949.2,55046,54404.6,54474.8,1078805,1447425
1759104000000,54545.6,54822,54301.2,54550.2,1351210,852775
1759190400000,54700,54825,54520.2,54634.4,942095,569310
1759276800000,55099.8,55709,54940,55663.2,1554210,1883385
1759449600000,55620.6,55890,55590,55854.2,650160,1917125
1759708800000,55951.2,56375.8,55916.2,56297.8,841540,1849260
1759795200000,56300,56682,56230,56468.6,903945,1742755
1759881600000,56460.2,56514.6,56043,56218,991200,1659455
1759968000000,56205,56499,56106,56413.2,705985,1681330
1760054400000,56397.8,57009,56389.4,56862.2,948430,1739640
1760313600000,56578,56950,56575,56856.2,692230,1749895
1760400000000,56891.2,56935.2,56461.2,56716.4,966980,1660225
1760486400000,56784.8,57098,56727.4,56987.2,751905,1694735
1760572800000,57250,57591.8,57130.2,57486.2,1008805,1692985
1760659200000,57469.8,57920.2,57400,57757.2,1287720,1628340
1760918400000,57835,58250,57835,58099.6,979125,1676255
1761004800000,58098.8,58160,57881.4,57960,242305,1644510
1761177600000,58305.2,58576.6,57980.2,58090.6,1218245,1521485
1761264000000,58090.2,58159.8,57498.4,57703.2,1198540,1289645
1761523200000,57762.2,58274.2,57740.8,58183.2,1183455,924280
1761609600000,58143,58341.4,57725,58183.6,1119720,491715
1761696000000,58620,58830,58459.2,58766,1078980,1734985
1761782400000,58600.2,58677,58375,58425.6,725690,1685670
1761868800000,58362,58589.6,58050.2,58184.6,803390,1691445
1762128000000,58141.8,58499,58080,58404.4,772135,1759100
1762214400000,58409.8,58409.8,58074.8,58117.8,714140,1735755
1762387200000,58099.4,58194.4,57834.4,57886.8,692755,1846495
1762473600000,57800,58299,57450.4,58181.6,1232000,1817095
1762732800000,58200,58383.8,58158.8,58252.2,587510,1962835
1762819200000,58220.6,58400,57862.2,58370.8,919730,1951460
1762905600000,58606,58692.2,58462.8,58523.2,770700,1880060
1762992000000,58449.8,58775,58360,58535,849695,1719270
1763078400000,58384,58690,58300.2,58644.4,946715,1707475
1763337600000,58761.2,59067.4,58695.8,59027.4,774165,1722945
1763424000000,59009,59132.4,58899,58974.6,616070,1698095
1763510400000,58970.6,59263,58773,59227.4,884940,1673315
1763596800000,59300,59466.8,59200,59399,691495,1609055
1763683200000,59250,59289,58824.2,58869,1528450,1308930
1763942400000,58905,59299,58712.6,58871.8,1010940,995750
1764028800000,58826.2,59165.6,58738.6,58811.4,841960,601475
1764115200000,59300,59891,59265,59817.2,1099805,1438675
1764201600000,59889.8,60164,59762.4,60031.8,929950,1537480
1764288000000,59605.4,60165.6,58900,60068.2,482265,1575245
1764547200000,60230,60353.2,59834,59914,958510,1519595
1764633600000,59790.8,59950,59622,59665.4,834260,1495655
1764720000000,59690,59799,59314.8,59737,1205225,1547595
1764806400000,59764.6,59865.8,59440,59643.2,866635,1627080
1764892800000,59647.2,60119.2,59556.4,60055.6,1481025,1483615
1765152000000,60110,60110,59400,59553,1275295,1778280
1765238400000,59400,59680,59220.6,59528.4,926870,1753220
1765324800000,59556,59692,59150,59246.4,810495,1864730
1765411200000,59310,59719.2,59085,59496.2,975310,1745415
1765497600000,59610,59800,59455.6,59657.8,735665,1716085
1765756800000,59599.8,59750,59348,59678,694050,1707335
1765843200000,59550,59600,59225,59287.8,867055,1874075
1765929600000,59280,59355,59025,59146.8,644385,1844640
1766016000000,59109.6,59372.2,58913.2,59074.2,816830,1770160
1766102400000,59200,59299,59087.2,59231.4,572845,1676815
1766361600000,59424.8,59499.2,59343,59435,427070,1582770
1766448000000,59434,59514.8,59346.4,59407.6,365190,1529115
1766534400000,59437,59590,59221,59253,736190,1378860
1766707200000,59200,59230.6,59010,59065.8,649705,1014335
1766966400000,59114.8,59116.8,58831.8,58947.2,670810,673575
1767052800000,58820,59184,58761,59157.8,972930,362810
1767139200000,59615,60043,59555.2,59883.6,871980,1248000
1767225600000,59920,59992.2,59802.8,59955.6,354120,1317210
1767312000000,60020,60400,59971,60341,693600,1379460
1767571200000,60430,60538.4,60016,60173,798060,1336980
1767657600000,60201,60460,60142.2,60312.8,527790,1436940
1767744000000,60299.8,60299.8,59966,60171.2,705090,1278960
1767830400000,60110,60252.8,59755,59885.2,802560,1173900
1767916800000,59890,59930.4,59441,59541.4,871110,1200600
1768176000000,59600,59812.6,59127.6,59730.4,943230,1260240
1768262400000,59880,59930,59450,59755.2,732570,1198560
1768348800000,59690,59950,59580.2,59780.6,621690,1215150
1768521600000,59833,60280,59800,60194.4,978570,1279290
1768780800000,60055,60058,59692.8,59891.4,706020,1159560
1768867200000,59944,59975,59402.8,59483,825000,1114230
1768953600000,59458.8,59543.4,58350,58855.8,1301430,1126530
1769040000000,59160,59631.8,58913,59343.2,1094250,924900
1769126400000,59463,59464,58370,58522.8,1046760,817770
1769472000000,58559.6,59226.2,58132.8,59139.6,973890,547500
1769558400000,59880,59977,59532.2,59866.4,975510,1332720
1769644800000,59900,60260.6,59705,60209.4,894900,1394730
1769731200000,60050,60170,59750,59908.6,811830,1332840
1769904000000,59950,60095,58046,58701.4,1883520,1433910
1769990400000,58611,58889.8,58151,58842.8,1269090,1623030
1770076800000,60999,61299.8,59960,60210,2207490,1371990
1770163200000,60180,60589.4,60061.4,60418,874920,1520010
1770249600000,60439,60439,60121,60254.8,483630,1452450
1770336000000,60140,60290.2,59836,60252.4,650010,1410480
1770595200000,60458,60819.2,60458,60728,815880,1624620
1770681600000,60775,60856.8,60640,60704,496350,1597260
1770768000000,60800,60838,60600,60809,472980,1590660
1770854400000,60850,60920,60682,60796.6,589740,1431000
1770940800000,60675,60675,60217,60320.6,748770,1258740
1771200000000,60225,61034.2,60121.4,60968.8,885660,1402680
1771286400000,60910,61198,60632,61112.8,587490,1431660
1771372800000,61110,61568.2,61053.2,61500.4,642840,1435200
1771459200000,61590,61590,60616.2,60716.6,993120,1138890
1771545600000,60632,61400,60632,61179.2,1027740,868290
1771804800000,61266,61500,61020.2,61238,681450,696540
1771891200000,61110,61435,60805,61049.8,776580,495570
1771977600000,61549.8,61680,61151,61367.8,731670,1382580
1772064000000,61401,61570,61156.2,61501,500760,1368930
1772150400000,61467,61467,60824.4,60901,895290,1472580
1772409600000,60340,60622.2,59749.8,60213.6,1389360,1556970
1772582400000,59455,59455,58826,59100.4,1444200,1897200
1772668800000,59300,59640,58840,59375.2,1236360,1950420
1772755200000,58988.6,59077.2,57950.2,58079,1201740,2146950
1773014400000,56400,56901,55527.4,56318.6,1779690,2313720
1773100800000,56950,57397,56636.2,57310.6,1145070,2166600
1773187200000,57250,57279.2,55825.6,55929.8,1379910,2268510
1773273600000,55000,55923,55000,55369.8,1354320,2175660
1773360000000,55025,55025,53841.2,53922.8,1515570,2258370
1773619200000,53900,54780.6,53460.6,54556.8,1470960,2192430
1773705600000,54604,55089,54221.2,54994.6,1074930,2154840
1773792000000,55109.8,55660,54790,55416.2,1143660,2127390
1773878400000,54200,54297.6,53290,53603.8,1701120,1991550
1773964800000,53750,54533.8,53420.2,53554.2,1388310,1936980
1774224000000,52700,52850,51331.8,51496,1277760,1907160
1774310400000,52004,52999,51875,52707.6,1668360,1555470
1774396800000,53100,54167.6,53030,53730.8,1203660,1294980
1774569600000,53455,53455,52232.8,52271,1282230,1009110
1774828800000,51598.8,51598.8,50093.2,50247.6,1582440,506490
1775001600000,51750,52398.8,51440,51784.6,1515600,2393130
1775088000000,50760,51993.4,50172,51818.4,1604640,2472210
1775433600000,51800,52985,51400,52896.2,1151370,2385090
1775520000000,52645,52940,52138,52872.8,951570,2317920
1775606400000,55299.8,55999.6,54805.4,55928,1584090,2114400
1775692800000,55600,55735.2,54838,55080,1013610,2105550
1775779200000,55226,56129.8,55226,56077.2,1039530,2084700
1776038400000,55310,55875,54606.6,55736.8,985440,2053920
1776211200000,56784,56995,56247,56418.8,813300,2135250
1776297600000,56755,56904.2,56035.8,56209.2,752430,2069340
1776384000000,56140,56794.4,55898.4,56666.8,603690,1980030
1776643200000,56750,57148.4,56451,56568.8,962400,1798770
1776729600000,56700,57420,56658.2,57374,714420,1777500
1776816000000,57167,57477,57007,57147,674310,1689870
1776902400000,56750,56890.8,56258,56344.2,863910,1548360
1776988800000,56401,56490,55806,56206.6,818850,1241610
1777248000000,56390,56570,55940.2,56348.6,746370,857850
1777334400000,56066,56158,55376,55427.6,665100,567990
1777420800000,55875,56502,55506.2,55613.8,1024650,1922880
1777507200000,55100,55350,54605,55195.2,953280,2006640
1777852800000,55500,55933,54966,55153.8,934380,2102490
1777939200000,54899,55177.4,54430,54808,841260,2189730
1778025600000,55300,56449,54850,56348.6,1461330,2177550
1778112000000,56400,56590,55952,56291.2,814260,2182320
1778198400000,56189.8,56189.8,55300,55515.8,902400,2316570
1778457600000,54924,55184.8,54475,54599.8,896310,2304840
1778544000000,54388,54478.2,53594.2,53721.8,801930,2325360
1778630400000,53750,54325,53397.6,53613.8,892380,2332680
1778716800000,53890,54550,53260.2,54227.8,1067490,2228640
1778803200000,54240,54459,53758.4,53842.4,773550,2184420
1779062400000,53350,53838.8,52872.6,53702.8,951120,2152050
1779148800000,53750.2,53950,53437.2,53501.8,643740,2129640
1779235200000,53190,53819.8,52900,53741.6,704850,2014830
1779321600000,54090,54199.4,53200,53530.8,1018230,1779480
1779408000000,53648,54353.6,53600,54237.2,1165290,1468890
1779667200000,54650,55600,54634.6,55431.4,983220,1148520
1779753600000,55431,55559.8,55008,55090.8,745770,827490
1779840000000,55457.8,55571,55080,55207,781980,2472300
1780012800000,55299.8,55529.4,54601,54760,1227540,2533320
1780272000000,54782,54971,53811,53973,928230,2603820
1780358400000,53500,54404.8,53401,54148,1104060,2526690
1780444800000,54000,54649.8,53287.6,54517.4,1700490,2517750
1780531200000,54270,54750,54126,54616.6,790830,2481900
1780617600000,54660,55166.2,54367.4,54781.6,1811850,2505960
1780876800000,54280,54698,54164,54242,826620,2475540
1780963200000,54398,55470,54391.6,55375.6,1317780,2380410
1781049600000,55351,55607,55125,55200.4,1382190,2397030
1781136000000,54931,55650,54900,55272,780840,2381160
1781222400000,55975,56926.4,55800,56872.4,1158900,2395620
1781481600000,57800,57800,57180,57257.2,878910,2267070
1781568000000,57280,57420,57079,57322.4,469350,2176500
1781654400000,57372,57639,57261,57588.2,588360,2071980
1781740800000,57591,58049,57525.2,57996,682770,2100450
1781827200000,57750,57978,57653,57861.6,680190,2078610
1782086400000,57999.8,58099,57888,58011.4,499980,1929420
1782172800000,58075,58075,57152,57246.6,780270,1853580
1782259200000,57160,58265,57160,58187.2,1151730,1641930
1782345600000,58379,58675,58150,58239.6,1052130,1300230
1782691200000,58240,58336,57701,57812.6,846450,1010040
1782777600000,57572.6,58050,57469.6,57530,681030,696390
1782864000000,57991,58390,57859.8,58309.8,590820,2210370
1782950400000,58421.2,58679,58191.8,58350.6,476310,2189070
1783036800000,58554,58554,58106.4,58221,464520,2220060
1783296000000,58300,58690,58225.6,58508.8,571200,2240610
1783382400000,58599.8,58666,58352,58398.6,485190,2237280
1783468800000,58100.2,58245,56704,56950.6,1532040,2248260
1783555200000,57122,57670,57095,57472,716460,2215860
1783641600000,57700,58361.4,57672,58200,651330,2148360
1783900800000,57880,58360,57626,58286.4,741420,2057640
1783987200000,58000,58000,57410,57538.2,853320,2056620
1784073600000,57695,58200,57582.8,57837.6,833640,2001870
1784160000000,57989,58060,57610,57791,404100,2025900
1784246400000,57800,58600,57702,58533.8,1078110,2006670
1784505600000,58100,58225,57643.4,58125,1062480,1975290
1784592000000,58080,58265,57911,57968.6,427380,2027910
1784678400000,57800,57890,57056,57198.6,778020,1991850
1784764800000,56900.2,57040,56451,56665.4,652080,1805580
1784851200000,56300,56932,56155,56844.6,914880,1397040
1785110400000,57075,57389,56959,57176.4,696870,1078710
1785196800000,57061,57099.8,56688.2,56731.8,649950,722160
1785283200000,57333,57458,57151.4,57344.4,538830,2085750
1785369600000,57125,57350,56925,57294.6,575250,2127660
1785456000000,57460,57576,57361,57425.2,414180,2115210
1785715200000,57750.2,58065.8,57712.4,57861.6,659670,2099730
1785801600000,57830,58074,57581,57716.4,461340,2147910
1785888000000,57980,58184,57703,57832.2,607080,2166990
1785974400000,57940,58212,57860,58179.6,611250,2109060
1786060800000,58010,58130,57869.2,58020.2,379050,2078490
1786320000000,57999,58112.2,57751,57872.6,262320,2069550
1786406400000,57750,57787.8,57360,57576.2,432360,2067300
1786492800000,57576,58088.8,57464.2,58007.4,610650,2072640
1786579200000,58099,58099,57755,57861.4,241560,2097360
1786665600000,57821,57878,57557.8,57695.8,381990,2095410
1786924800000,57571.2,57900.4,57274.8,57835.8,599820,2032890
1787011200000,57595,57720,57341,57433.2,402300,2079480
1787097600000,57402,57499,57151,57349.8,385860,2045130
1787184000000,57588.2,57900,57520,57638.6,605310,1882470
1787270400000,57638.6,57858,57585.2,57721.8,791460,1400970
1787529600000,57800,57889.8,57224.2,57437,896760,839910
1787616000000,57300,57650,57259.4,57503.4,722160,550230
1787702400000,58010,58380,57900,58221.2,581910,1998840
1787788800000,58220,58298,57847.8,57902.6,382800,1990500
1787875200000,57885.2,57976,57671,57859,318300,2007540
1788134400000,57751,57966,57592,57887.2,378360,1975680
1788220800000,57876.2,58101,57484.2,57586.8,626940,1988400
1788307200000,57300,57599,57211,57494.4,368220,2019630
1788393600000,57788,58050,57665,57713.4,487440,2005410
1788480000000,57795,57953.4,57685,57774.8,291180,2015670
1788739200000,57700,57722.8,57324.2,57384,428970,1971450
1788825600000,57255,57343,57057.8,57128.2,402900,2032380
1788912000000,56674,57129.8,56625,56693,535680,2108820
1788998400000,56693,56879.8,56550,56596.2,281280,2160930
1789084800000,56275,56925,55969.8,56869.2,579060,2161770
1789430400000,56890.4,57089.8,55990,56079.4,622050,2196480
1789516800000,56180,56600,56082.8,56407.8,481800,2143710
1789603200000,56371,56748,56230,56310,372330,2116560
1789689600000,56302,56642,56299,56527,330000,2045700
1789948800000,56525,56783.6,56488,56636.6,318270,1963470
1790035200000,56690,56775,56163,56491.2,400170,1912860
1790121600000,56450,56740.6,56450,56685.8,290760,1820490
1790208000000,56000,56188,55445.2,55616,597570,1772310
1790294400000,55650,55899,55539,55663.6,662490,1351410
1790553600000,55405,55462.8,54505.8,54556.2,683910,991260
1790640000000,54328,54461,53810,54302.4,896400,631110
1790726400000,54897.4,55461.2,54780,55006,723330,2394960
1790812800000,54840,55365,54312.6,54794.8,845400,2346180