datetime,open,high,low,close,volume,oi
1704080700000,48580,48641.1,48431.4,48619.6,275520,2117880
1704083400000,48619.6,48691,48516.6,48683.6,200505,2142330
1704086100000,48689.1,48725,48635,48680.8,125655,2165620
1704088800000,48680.8,48715,48622,48709.6,85410,2182480
1704091500000,48714.8,48720,48618.9,48675.8,61305,2191380
1704094200000,48675.8,48712.6,48635.9,48675,52995,2184940
1704096900000,48675,48850,48664.8,48820,229050,2157270
1704099600000,48820,48869,48514.2,48533.6,428580,2093560
1704102300000,48539,48566.1,48389.4,48405.1,347160,2071530
1704167100000,48375,48489.9,48219.7,48247.7,651690,2066940
1704169800000,48242.1,48297.6,48025.4,48121.2,549060,2096220
1704172500000,48121.2,48188.8,48105.4,48155.6,173175,2121620
1704175200000,48155.6,48213.3,48072.4,48120.3,154815,2140160
1704177900000,48120.3,48209.2,48119.1,48140,99255,2140260
1704180600000,48140,48157.4,48011,48119.9,192300,2170360
1704183300000,48119.9,48185,48066.1,48134.1,125595,2161920
1704186000000,48134.1,48210,47893.3,47958.9,394890,2232940
1704188700000,47958.9,47999,47877.4,47882.6,329910,2305420
1704253500000,47849.9,47888.4,47763.8,47840.2,441300,2300070
1704256200000,47840.2,47975,47793.6,47912.6,388605,2179710
1704258900000,47919.3,47994.8,47885.3,47953.1,231090,2174550
1704261600000,47953.1,48086.9,47928.5,47960.1,301455,2145940
1704264300000,47961.9,47977.9,47844.9,47971.9,263175,2107020
1704267000000,47971.9,48052.1,47963.1,48006.6,166695,2109240
1704269700000,48010,48078,47975,48014,161850,2098580
1704272400000,48014,48026.9,47853.8,47916.5,426765,2101440
1704275100000,47916.6,48032.8,47900,48013.8,204030,2100750
1704339900000,48062.3,48185,47995.6,48157.9,442215,2035780
1704342600000,48159,48287,48152,48229.4,320925,2033910
1704345300000,48231.8,48470.4,48176.9,48366.4,389595,2057280
1704348000000,48373.1,48409.9,48338,48395.9,115905,2046480
1704350700000,48400.3,48454.4,48365,48397.2,118275,2057310
1704353400000,48394.4,48500,48352.1,48374.2,290610,2086230
1704356100000,48371.9,48412.4,48310,48364.8,166125,2087310
1704358800000,48364.8,48486.9,48352.9,48454.2,176970,2068290
1704361500000,48450,48581.3,48440.6,48560,298710,2062280
1704426300000,48502.1,48625,48458.1,48549.9,309825,2065660
1704429000000,48549.9,48557,48365,48399,208170,2042440
1704431700000,48399,48399,48222.5,48323.7,424530,2043540
1704434400000,48323.7,48354.3,48231,48282.6,126195,2036880
1704437100000,48282.6,48389,48260,48272.1,97095,2029800
1704439800000,48268.1,48348.9,48159.7,48222.8,175950,2044240
1704442500000,48215.1,48271.9,47982,48059.4,409290,2052210
1704445200000,48058.6,48538.4,48033.6,48379,690915,1994420
1704447900000,48373,48373.3,48242.2,48301,205725,1962270
1704685500000,48490,48490,48130,48162.9,350880,1964760
1704688200000,48159.1,48320,48103,48234.1,294750,2037680
1704690900000,48234.1,48256.9,48028,48117.4,288090,2086050
1704693600000,48117.4,48129.9,47939.1,47983.1,330615,2192200
1704696300000,47985,48094.6,47955,47970,144990,2219610
1704699000000,47968.1,48057.2,47945.1,47988,105195,2226750
1704701700000,47984.6,48075.9,47772,47789.7,389565,2247570
1704704400000,47790.9,47810,47586.2,47600,762345,2378940
1704707100000,47613.1,47653,47567,47630,217185,2412400
1704771900000,47811.1,47999,47766.2,47804.8,602055,2315250
1704774600000,47804.8,48099.1,47801.8,48084.6,377340,2224520
1704777300000,48077.6,48146.9,48007.7,48060.1,237840,2187080
1704780000000,48060.1,48093.2,47970.2,47999.6,111465,2181140
1704782700000,47999.6,48093.2,47994.5,48054.6,82560,2186100
1704785400000,48054.6,48087.7,48003.6,48021.9,65310,2183760
1704788100000,48021.9,48038.6,47511.6,47527.4,628125,2221320
1704790800000,47530.9,47638,47351,47396.9,597330,2305660
1704793500000,47399.9,47428.9,47341.1,47406.1,238665,2310220
1704858300000,47280,47515.2,47201,47485.6,646350,2281300
1704861000000,47482.7,47572.4,47425.1,47471.4,278430,2263050
1704863700000,47471.4,47520,47410,47494.1,117810,2275200
1704866400000,47494.1,47559.6,47425,47476,139725,2279800
1704869100000,47476.4,47504.9,47319.2,47415.2,170265,2290760
1704871800000,47411.4,47487,47400,47449.9,91260,2300180
1704874500000,47454.1,47595,47402.9,47501.6,276180,2272820
1704877200000,47501.6,47666,47491.6,47567,390990,2275360
1704879900000,47567,47652.2,47560.1,47638.9,170490,2282820
1704944700000,47767.4,47822.6,47603.1,47670.5,387345,2234850
1704947400000,47670.5,47706.1,47615.1,47663.9,104805,2260800
1704950100000,47661.6,47697.7,47550,47620.6,144780,2302400
1704952800000,47620.6,47692.4,47600,47609.6,70620,2312240
1704955500000,47609.6,47740,47585,47685.6,123765,2325060
1704958200000,47686.4,47710,47627,47653.1,74415,2339840
1704960900000,47660.6,47680,47340.6,47580,464055,2388930
1704963600000,47575,47656.9,47511,47556.6,177510,2377760
1704966300000,47562.6,47595,47552,47580,138825,2352780
1705031100000,47656.8,47709.9,47568.6,47660,282210,2329760
1705033800000,47660,47874.9,47653.5,47857.8,592905,2195550
1705036500000,47854,47945,47825,47860,298965,2106680
1705039200000,47860,47886.4,47772.7,47812,110880,2115990
1705041900000,47814,47927.9,47779.6,47896.1,113415,2110600
1705044600000,47896.1,48024.1,47847.2,47971.9,260130,2085090
1705047300000,47971.9,48000,47892.6,47933.9,133335,2081190
1705050000000,47933.9,48047,47741.1,47814.4,383445,2052860
1705052700000,47804.6,47923.4,47785.5,47900.2,158220,2040800
1705290300000,48002.2,48220.5,47970,48009.2,525375,2022240
1705293000000,48000,48150,47933.2,48123.1,241170,2023890
1705295700000,48120.2,48176.9,48090.4,48133.9,125325,2021560
1705298400000,48133.9,48201.3,48071,48176.3,100635,2019270
1705301100000,48176.3,48332.9,48170.2,48254.6,346425,2026040
1705303800000,48254.6,48287,48185.3,48220.3,78510,2025360
1705306500000,48220.3,48268.6,48153.2,48178.1,119790,2039280
1705309200000,48180.8,48264.2,48131.4,48260,192060,2036760
1705311900000,48259.6,48380,48255,48369,249165,2037020
1705376700000,48255.4,48370,48192,48317.3,345990,2074110
1705379400000,48317.3,48440,48282.1,48383.4,251490,2131160
1705382100000,48382.9,48422,48334.6,48366.2,145605,2123300
1705384800000,48366.2,48431.9,48280,48316.1,218595,2092040
1705387500000,48316.1,48367.8,48231,48265.2,185475,2097900
1705390200000,48265,48278.9,48078.9,48146.3,383910,2124480
1705392900000,48147.1,48300.1,48130,48200,245040,2074650
1705395600000,48200,48273,48140.1,48227.7,119370,2069600
1705398300000,48227.7,48243.2,48190.6,48215.7,97050,2053420
1705463100000,47015.2,47600,46900,47162.9,1817220,2260400
1705465800000,47155.6,47165,46717.1,46861.8,646230,2309100
1705468500000,46861.9,46900,46710,46715,475965,2402280
1705471200000,46714.1,46722.4,46402,46529.4,652650,2388300
1705473900000,46534.4,46625,46430,46470.8,407565,2347950
1705476600000,46467.4,46583.6,46436.6,46540.9,362685,2424690
1705479300000,46540.6,46599,46382.9,46400,431100,2524260
1705482000000,46401.4,46427.9,46050.7,46212.8,809685,2644110
1705484700000,46208.9,46221.9,46142,46200.3,343410,2727960
1705549500000,45699.9,45977.7,45600,45782,1115730,2494600
1705552200000,45782,46118.9,45775.6,46080,439560,2433760
1705554900000,46080,46218.4,46029.9,46154.2,404235,2375130
1705557600000,46154.2,46358.4,46050,46333.4,278340,2351420
1705560300000,46335,46352,45753.8,45758.1,647175,2346060
1705563000000,45757.4,45902.5,45700,45738.3,353370,2388080
1705565700000,45740,45848.9,45660.9,45685,294120,2403820
1705568400000,45695.4,45961.6,45633.4,45850,355005,2362740
1705571100000,45849.1,45930,45822.6,45880.4,115560,2338680
1705635900000,46155.6,46300,46099,46183.2,577200,2166810
1705638600000,46183.2,46337.9,46104.7,46288.1,446505,2201400
1705641300000,46297,46305.1,45922.7,46021,472305,2177400
1705644000000,46021,46104.5,45870,45972.1,219090,2166690
1705646700000,45972.1,45979.3,45850,45942.9,199830,2168860
1705649400000,45945,46020.4,45682,45818.6,340650,2202380
1705652100000,45816.4,45834.6,45584.4,45828.2,375990,2196270
1705654800000,45824,45872,45700,45791.1,378000,2215640
1705657500000,45799.6,45839.8,45785,45835,143205,2198490
1705722300000,46050,46059.1,45800.2,45825,444045,2162160
1705725000000,45825,45976.9,45811,45950,137640,2164120
1705727700000,45950,46048.8,45906.8,45959.5,131235,2151320
1705730400000,45959.5,45989.9,45922.6,45965,54255,2139450
1705733100000,45959.6,46059.9,45760,46053.9,255285,2138820
1705735800000,46051.1,46178,46000,46116.4,309405,2068640
1705738500000,46115.8,46170,46070.7,46165.1,119895,2050170
1705741200000,46165.1,46190,46000,46141.6,200010,2004140
1705743900000,46153.9,46210,46139.8,46200,128880,1971300
1705981500000,46506.1,46525.5,46045.1,46078.9,730065,1930920
1705984200000,46080.6,46109.9,45667.8,45705.1,489315,1992630
1705986900000,45705.1,45770.1,45561.1,45647.4,395370,2085390
1705989600000,45647.4,45664.8,45026.6,45084.6,692190,2245480
1705992300000,45087.4,45383.6,45083,45251.8,383100,2222780
1705995000000,45248.4,45283.6,45087,45141.6,181275,2220020
1705997700000,45151.9,45165,44860,44890,290730,2261670
1706000400000,44890,45109.6,44835.2,44900.3,384420,2268880
1706003100000,44901.9,44962.7,44876.4,44933,163785,2246910
1706067900000,44500,45375.7,44499.9,45342.2,1024980,1811560
1706070600000,45339.4,45550,45187.4,45317.3,637950,1660660
1706073300000,45320,45419.2,44980,44990.4,336750,1592000
1706076000000,44997.6,45137.1,44601.6,44654.1,484395,1632200
1706078700000,44658.8,44780.4,44553.9,44743.7,544995,1797780
1706081400000,44736.3,44892.8,44637.8,44690.8,447900,1989440
1706084100000,44694.8,44927.4,44584.6,44906,430260,2090120
1706086800000,44891.6,45233.1,44874.6,45179.2,546975,1883010
1706089500000,45163.5,45223.1,45111.7,45132,132195,1870800
1706154300000,45096.9,45138.8,44772.6,44824.8,469275,1663820
1706157000000,44823.5,44861.6,44512.6,44595.6,324090,1643360
1706159700000,44595.6,44701.9,44534.1,44578.2,181515,1616860
1706162400000,44584.4,44762.8,44472.9,44534.4,292650,1622130
1706165100000,44534.4,44620,44404,44426.4,253935,1595730
1706167800000,44429.2,44533.2,44412.5,44499,226815,1500360
1706170500000,44490.1,44617.6,44466.9,44578,269880,1413620
1706173200000,44580.2,44805,44508.3,44792.2,536655,1245660
1706175900000,44787.6,44869,44787.6,44861.9,256260,1168640
1706499900000,45500,45925,45453.9,45910.9,1234320,3609450
1706502600000,45911.4,46039,45858.2,45927.4,640485,3633420
1706505300000,45927.9,45964.1,45671.1,45824.3,398385,3585930
1706508000000,45825.8,45921.8,45770.5,45846.5,222480,3566460
1706510700000,45845.1,45907.6,45759.1,45859.1,149595,3564580
1706513400000,45859.1,45899,45635.9,45719.2,339330,3478600
1706516100000,45722.1,45830,45700,45751.1,202965,3447620
1706518800000,45751.1,45860,45464.8,45830.1,749910,3336450
1706521500000,45832.4,45898.9,45831.4,45850.6,229515,3344680
1706586300000,45850.2,45930,45550,45624.2,662265,3365320
1706589000000,45626.2,45745,45580,45661.6,209145,3350540
1706591700000,45661.6,45743,45560.6,45650.9,140595,3340840
1706594400000,45649.1,45865.9,45630,45748.6,214875,3303220
1706597100000,45748.6,45818.9,45710,45781.7,109365,3301740
1706599800000,45781.7,45807.9,45649.2,45740,125385,3294440
1706602500000,45740,45796.1,45585.7,45585.7,196005,3286230
1706605200000,45589.3,45774.9,45422.4,45728,681210,3337740
1706607900000,45733.6,45749.9,45559.8,45579,167580,3329370
1706672700000,45579,45843.1,45405.6,45766.6,702105,3305400
1706675400000,45776.9,46397.9,45735,46290.8,1161345,3367920
1706678100000,46291,46384,46235.4,46350,353565,3342420
1706680800000,46350,46444.5,46301,46311,255990,3320430
1706683500000,46313.8,46342.9,46122,46207.2,348375,3294880
1706686200000,46207.2,46291.9,46184.1,46230.9,177825,3263180
1706688900000,46237.1,46320,46194.2,46218,225330,3201280
1706691600000,46214.3,46400,46210.1,46322,442275,3134910
1706694300000,46320.6,46347,46270,46305.6,227955,3142480
1706759100000,46351.1,46444.4,45952.1,46123.7,733215,3121470
1706761800000,46118.1,46343.2,46013.4,46278.4,340755,3096900
1706764500000,46278,46391.9,46035,46211.2,364140,3104480
1706767200000,46208.5,46437.3,45882.2,46338.4,800055,3120520
1706769900000,46329.5,46581,46158.6,46485,604230,3128280
1706772600000,46485,46505.2,46186.6,46265.1,442800,3098560
1706775300000,46265.1,46410.9,46218.1,46405.2,270000,3085840
1706778000000,46405.4,46468.4,46300,46391.1,349710,3061020
1706780700000,46386.2,46508.1,46386.2,46458.5,233055,3061680
1706845500000,46725,46929,46696,46846.7,823260,3078740
1706848200000,46850.4,46912.1,46692,46765.1,328635,3086070
1706850900000,46766.3,46916.7,46713.7,46897.7,265425,3091540
1706853600000,46897.7,47145.5,46881.5,46994.1,552600,3106160
1706856300000,46994.1,47033.9,46640.2,46712.1,596640,3099880
1706859000000,46711.9,46775,46474.5,46544.2,530040,3134620
1706861700000,46544.2,46671,46503.6,46556.6,215280,3112290
1706864400000,46559.9,46649.3,46203.9,46221.2,782925,2979460
1706867100000,46227.2,46246.7,46160,46199,306975,2925930
1707104700000,46100,46274,45867.1,46220,792870,2786730
1707107400000,46220,46295,45942.6,46061,379815,2742160
1707110100000,46055,46230,45980,46136.9,226140,2741120
1707112800000,46138,46266,46037.6,46157.9,174465,2756400
1707115500000,46154,46337.8,46124,46284.9,250170,2751080
1707118200000,46287.4,46348.9,46187.8,46202.1,181500,2754820
1707120900000,46208.3,46328.6,46114.2,46190.9,184455,2755380
1707123600000,46189.7,46193.8,45916.9,46047.1,597465,2805840
1707126300000,46055.5,46059.9,45958.1,45958.4,147435,2819360
1707191100000,45959.6,46097,45869,46020.6,453720,2902960
1707193800000,46022.4,46068.9,45740,45831.9,485490,3004260
1707196500000,45845,45921,45805,45833.6,173385,3013040
1707199200000,45833.6,46165,45830,46078.9,466875,2996130
1707201900000,46070.2,46085.1,45900.2,45955.4,219480,3019420
1707204600000,45950,46057.9,45870,45989.9,197235,3045300
1707207300000,45990,46055.5,45853.4,45900.4,176085,3078760
1707210000000,45907.2,46050.6,45881.2,45923.1,205050,3075930
1707212700000,45929,46031.9,45901,46029.9,154110,3038780
1707277500000,46201.1,46296,46121.4,46181.9,641415,2926340
1707280200000,46181.9,46196.6,46070.3,46110.9,180195,2943980
1707282900000,46109,46146.8,46074,46097.7,143025,2965680
1707285600000,46097.7,46100.2,45901,45969.1,430980,3071850
1707288300000,45967.2,46018.1,45944.1,45986.8,109050,3078320
1707291000000,45986.4,46087.3,45950,46051,198795,3069480
1707293700000,46045.1,46124.1,45994.8,46075.8,234435,3054300
1707296400000,46080.5,46129.9,46021.2,46123.5,364680,3059600
1707299100000,46125,46249.9,46092.2,46230,406485,3210140
1707363900000,46276.2,46387.1,46225,46300.9,531930,3204860
1707366600000,46296.1,46475.7,46116.2,46131.1,658830,3165440
1707369300000,46120.8,46206.9,45463.2,45662,1148670,3212370
1707372000000,45662.6,45747,45563.2,45691,266235,3271420
1707374700000,45691,45711.8,45556.1,45697.6,162345,3296850
1707377400000,45698.5,45761,45636.4,45689.8,173610,3329480
1707380100000,45689.8,45710,45479,45540.6,216600,3358140
1707382800000,45538.4,45544.9,45053.2,45185,650850,3398370
1707385500000,45195.3,45334.8,45140.2,45278.8,249495,3380250
1707450300000,45179.9,45438,45110.1,45290.2,600765,3299160
1707453000000,45290,45550,45211,45422.3,418890,3247780
1707455700000,45422.3,45480,45235.2,45378.5,256590,3212320
1707458400000,45378.5,45699,45359.1,45583.4,387450,3174460
1707461100000,45583.4,45687.9,45505,45597.6,146985,3178050
1707463800000,45597.9,45688,45452,45535,245205,3180760
1707466500000,45536.6,45673,45475,45665.7,274845,3163320
1707469200000,45665.7,45975,45657.1,45860.1,762150,3153380
1707471900000,45860.1,45965.6,45853.7,45958.6,205905,3165900
1707709500000,45949.9,45999.9,45538.6,45564.9,617130,3226170
1707712200000,45564.9,45605.9,45344.4,45425,430335,3245520
1707714900000,45425,45530,45393.6,45479.9,222645,3258090
1707717600000,45479.9,45496,45142,45217.7,386730,3309020
1707720300000,45217.7,45250,44916.8,44945,432780,3280920
1707723000000,44944.2,45067,44827.6,44985.9,401820,3262720
1707725700000,44985.8,45176.4,44803.8,45008.7,362850,3281920
1707728400000,45008.7,45193,44967.1,45030.1,308850,3278320
1707731100000,45030.1,45110,44995.8,45087.6,178095,3261800
1707795900000,45205.4,45465,45011.3,45454.1,841215,3180160
1707798600000,45447.5,45688,45412.9,45600,477330,3130180
1707801300000,45599.1,45643.2,45460,45460,311160,3203660
1707804000000,45460,45479.9,45220.6,45224.6,419520,3176430
1707806700000,45234.9,45449,45126,45446.4,358440,3200580
1707809400000,45437.6,45870,45420,45854.6,759405,3292980
1707812100000,45855.4,46012,45680.6,45760,694440,3396740
1707814800000,45760,45879.9,45642.1,45817.1,327975,3430340
1707817500000,45817.9,45830.1,45617.9,45650,292080,3427420
1707882300000,45199.9,45375,45021.1,45331.9,1204350,3319480
1707885000000,45331.7,45527.8,45200,45413,545220,3297500
1707887700000,45422.2,45637,45382.5,45486.4,453195,3237150
1707890400000,45486.4,45665.5,45403.8,45585.4,329070,3176180
1707893100000,45570,45799,45570,45793.7,419820,3209130
1707895800000,45793.7,45933,45594,45661.9,572715,3228270
1707898500000,45661.9,46028,45649,46011.9,685920,3195500
1707901200000,46002,46350,45873.9,45977.3,1209945,3188790
1707903900000,45976.2,46190.4,45935.6,46163,336810,3155010
1707968700000,46250,46250,45678.9,45773.5,1065240,2965100
1707971400000,45755.4,46079,45735.1,45987.7,405360,2898210
1707974100000,46002.2,46098,45911.6,46016.1,174255,2891720
1707976800000,46016.1,46206.9,45922.1,46160,252330,2895300
1707979500000,46159.9,46218,45981.8,46091.8,197955,2911600
1707982200000,46079.4,46347.8,46041.4,46334.4,232200,2922360
1707984900000,46330.8,46369.6,46130.4,46217.1,352230,2938500
1707987600000,46230,46397.8,46204,46350.9,314745,2893780
1707990300000,46340.6,46465.2,46287.1,46440.1,289170,2873480
1708055100000,46580,46624.6,46350,46470,480255,2802930
1708057800000,46470,46578.2,46445.1,46530,195465,2819720
1708060500000,46530,46597,46451.9,46489.9,146265,2844240
1708063200000,46489.9,46587.8,46415.6,46568.4,179250,2844020
1708065900000,46568.4,46610.6,46490,46575.6,124830,2855540
1708068600000,46575.6,46739,46527.4,46723.9,317925,2856990
1708071300000,46725.5,46885.8,46433.2,46580,692445,2827260
1708074000000,46572,46714,46466.6,46490.4,271545,2850150
1708076700000,46490.4,46517,46452.8,46472.5,198405,2865720
1708314300000,46599,46649,46403,46450.6,339750,2815155
1708317000000,46460,46667.4,46449.9,46610.95,242175,2804430
1708319700000,46615.8,46882.3,46606.25,46771,419490,2880735
1708322400000,46772.75,46835,46680,46798.35,169980,2882790
1708325100000,46798.35,46849.5,46750,46800,157590,2880150
1708327800000,46800,46863,46710,46789.3,234000,2870295
1708330500000,46786.05,46885,46760,46839.95,188115,2846070
1708333200000,46839.95,46839.95,46545.95,46634.7,409695,2740215
1708335900000,46634.7,46718.75,46620.4,46652,134445,2724060
1708400700000,46648,46755,46464.35,46695.05,398640,2715585
1708403400000,46699,47049,46671.65,46868.65,665700,2701410
1708406100000,46876.95,47025,46867.3,46995.8,190815,2714235
1708408800000,46992,47078,46895.7,47014.15,229125,2701350
1708411500000,47014.25,47063,46970,47019.75,155520,2731440
1708414200000,47022.55,47154,46975.05,47057.95,263115,2743410
1708416900000,47071.15,47123,46841.5,47087.45,436950,2731665
1708419600000,47080,47210,47077.85,47175.05,334290,2746560
1708422300000,47170.1,47225.2,47161.45,47224.05,205680,2731305
1708487100000,47400.05,47400.05,47120.1,47366.05,599400,2748825
1708489800000,47370,47389.05,46970,47000.7,639420,2709165
1708492500000,46997.55,47114.05,46964,47054,274830,2721795
1708495200000,47052.05,47215,47041.6,47156.45,198255,2713530
1708497900000,47156.4,47330,47150,47317.45,251970,2695155
1708500600000,47322.85,47330,47200.9,47303.1,195105,2705910
1708503300000,47303.1,47304.75,47050,47080,455505,2759790
1708506000000,47076,47170,47010,47111.75,402180,2798505
1708508700000,47111.75,47123.85,46900.85,46922,328470,2769075
1708573500000,46999.9,47089,46730,46737.45,645990,2659335
1708576200000,46723.75,46775,46577,46683.65,581850,2645475
1708578900000,46680,46716,46506,46559.25,302325,2649165
1708581600000,46550,46750,46508.65,46681.55,207825,2627880
1708584300000,46679.05,46715.5,46586.95,46644.9,125940,2626185
1708587000000,46639,46825.2,46570.5,46815,215250,2606595
1708589700000,46807.5,47020.4,46792.6,46900.3,624165,2534520
1708592400000,46908.3,47000,46831.8,46980,319905,2528325
1708595100000,46982.5,47021.35,46965.05,46989.25,214680,2492895
1708659900000,47100,47263.65,46992.05,47240.85,573615,2375760
1708662600000,47236,47399,46936.45,47084.2,723930,2424450
1708665300000,47084.5,47239.85,47010.65,47171.6,280125,2493885
1708668000000,47175,47187.5,47032.3,47082.55,117900,2482035
1708670700000,47079.3,47195,47032.05,47164.7,113235,2490570
1708673400000,47164.7,47210,46829.05,46944.9,389790,2465220
1708676100000,46945.75,47005,46783.65,46895.3,297570,2440770
1708678800000,46890.4,47065,46836.15,46892.1,298815,2470680
1708681500000,46892.1,46904.55,46764.55,46799.95,259755,2474055
1708919100000,46694.7,46934.6,46610.85,46626.45,556140,2312970
1708921800000,46624.75,46789.4,46596.1,46687.7,256380,2285340
1708924500000,46680.05,46730,46616.25,46681.65,139740,2310825
1708927200000,46681.65,46713.5,46567,46615.4,193905,2298135
1708929900000,46615.4,46770.7,46526,46756.95,277815,2316285
1708932600000,46753.65,46895,46685,46695.05,396060,2302515
1708935300000,46695,46850,46682.65,46807.35,177480,2243325
1708938000000,46808.85,46835,46585,46605.1,321165,2240625
1708940700000,46605.15,46619,46565.05,46575,152145,2222985
1709005500000,46545,46670,46463.1,46577.45,367335,2090445
1709008200000,46576.75,46618.65,46310.3,46445.6,434850,2181225
1709010900000,46444.6,46559,46422,46514.85,214455,2139285
1709013600000,46514.6,46538,46411,46469.25,112515,2122935
1709016300000,46470,46649.4,46384.9,46645.05,243555,2104890
1709019000000,46645.05,46745,46554.7,46626.2,413895,2081190
1709021700000,46628.2,46659.65,46508.3,46569.4,196500,2048295
1709024400000,46569.7,46698,46516.05,46564.25,228750,1960695
1709027100000,46568.1,46630,46550.6,46605,124545,1926450
1709091900000,46602.05,46671.8,46512.1,46521.75,409950,1839675
1709094600000,46519.75,46767.1,46492.75,46641.25,380790,1810455
1709097300000,46647.85,46652.9,45980,46225.85,1059150,1845345
1709100000000,46220.75,46289.7,46105,46213.3,184905,1751085
1709102700000,46209.4,46238.2,46010,46049.85,157215,1727535
1709105400000,46047.9,46255,45843.25,46184.3,420795,1687140
1709108100000,46187.45,46268.9,46128,46193,165465,1671225
1709110800000,46191.1,46200.45,45792.3,45858.05,414780,1689915
1709113500000,45859.15,45859.8,45774.45,45777,293775,1596825
1709178300000,45827.9,46140.5,45677.1,46095.5,418620,1295220
1709181000000,46106.15,46106.15,45616.65,45785.05,363195,1284105
1709183700000,45786.75,45889.75,45720,45812.95,176430,1278150
1709186400000,45817.7,45921.35,45799.2,45856.75,146055,1266000
1709189100000,45858.05,46043.5,45770.05,45980,211785,1215915
1709191800000,45982,46136.35,45963,46039.95,360330,1148355
1709194500000,46039.95,46225,46029.9,46144.5,254085,1123890
1709197200000,46140,46387.85,45949.1,46116.95,583605,1022985
1709199900000,46119.6,46152.1,46087.45,46119.5,153000,978345
1709264700000,46675,46930.95,46629.8,46864,754275,2347830
1709267400000,46868.6,46949,46830,46894.8,276690,2346540
1709270100000,46888.1,47207.6,46856,47189.25,513045,2349195
1709272800000,47189.3,47269.6,47141.85,47201.75,314205,2365485
1709275500000,47208.5,47348,47178.05,47307.25,340815,2373465
1709278200000,47307.25,47375,47256.05,47321,182985,2369175
1709280900000,47322.4,47598.8,47301.05,47559,488805,2407365
1709283600000,47562.8,47637.4,47510,47617.25,371835,2395995
1709286300000,47616.6,47623.75,47510,47580,270285,2335515
1709351100000,47625,47700,47512,47592.6,194880,2321790
1709359200000,47355.55,47678.35,47355.55,47656,140865,2355720
1709361900000,47656,47677.4,47650,47665,55890,2341155
1709364600000,47665,47665,47665,47665,0,2341155
1709367300000,47665,47665,47665,47665,0,2341155
1709370000000,47665,47665,47665,47665,0,2341155
1709372700000,47665,47665,47665,47665,0,2341155
1709523900000,47625,47745,47543.15,47590.05,473175,2378475
1709526600000,47590.05,47780,47555,47737.3,250080,2376345
1709529300000,47746.1,47746.1,47424.1,47539.55,401625,2345430
1709532000000,47539.55,47579.1,47464.05,47514.1,106950,2337840
1709534700000,47508.25,47606.05,47475.7,47556.85,134895,2346285
1709537400000,47557.95,47650,47521.05,47612.8,128880,2340480
1709540100000,47621,47748.35,47547,47700,241005,2337915
1709542800000,47698.3,47749,47540,47708.15,224010,2324655
1709545500000,47702,47734.1,47582.7,47685.65,123990,2319390
1709610300000,47535.05,47658.95,47497.15,47592.6,335115,2322660
1709613000000,47592.1,47616.95,47487,47585.4,225690,2310675
1709615700000,47581.3,47677.2,47515.65,47581.4,165810,2315475
1709618400000,47585,47714,47576.7,47635,190440,2323035
1709621100000,47639.25,48022,47609,48013.15,394050,2377380
1709623800000,48013.1,48048.2,47900,47940.5,307500,2390580
1709626500000,47935,47996.75,47767.6,47875,326910,2407830
1709629200000,47884.35,47983,47848.9,47910.7,279120,2524200
1709631900000,47914.7,47929.55,47879.05,47906.85,107655,2522205
1709696700000,47705.3,48199,47705.3,47990.75,796695,2565810
1709699400000,47989.05,48344.95,47980,48190.65,640320,2604810
1709702100000,48200,48265,48094,48232,244515,2566005
1709704800000,48242,48242,48084.6,48193.1,233730,2554410
1709707500000,48190.25,48259.45,48147.15,48204.85,393615,2497980
1709710200000,48206.1,48278.5,48174.55,48244.15,444630,2470170
1709712900000,48240.6,48311.25,48236.5,48262.2,319905,2412060
1709715600000,48262.2,48324,48034,48097.4,554085,2326635
1709718300000,48092.5,48167.45,48074.55,48115,265365,2363670
1709783100000,48200,48202.35,47981,48021.8,434730,2257725
1709785800000,48014.45,48150,47961.55,47963.35,239160,2265030
1709788500000,47970.35,48090.35,47905,48040.2,303435,2218815
1709791200000,48039.4,48084,47977.4,48002.1,106530,2198700
1709793900000,48002.1,48035,47934,47965.4,172575,2210745
1709796600000,47960,48074.2,47951.5,48030.1,154515,2180145
1709799300000,48032.95,48143.55,48009.5,48143.55,154290,2180565
1709802000000,48137.15,48182.95,47945.1,47995.5,276705,2135670
1709804700000,47999.95,48002.5,47880.3,47900,254250,2136075
1710128700000,47898,47978.4,47787.35,47803.8,326850,1998390
1710131400000,47800,47869,47750,47795,217815,2011635
1710134100000,47795,47835,47616.6,47677,261825,2025090
1710136800000,47671.3,47726.05,47488,47517.4,348735,2034690
1710139500000,47518.55,47578.95,47460.05,47509.05,267255,2081460
1710142200000,47513.6,47585.3,47441,47521.85,242805,2073510
1710144900000,47521.5,47565,47403.3,47457,213315,2015085
1710147600000,47452,47606.25,47447.8,47502.75,312990,1999035
1710150300000,47502.75,47507.85,47449,47468,126645,1980180
1710215100000,47499.9,48015.6,47410.5,48005.95,956115,1958295
1710217800000,48000.4,48034,47456.75,47461.15,499920,1986840
1710220500000,47460.5,47583.7,47162.55,47491.1,1093485,1899525
1710223200000,47483.7,47626.75,47387,47465.4,260985,1900605
1710225900000,47461.1,47584.05,47443,47499.65,150600,1913655
1710228600000,47492.1,47715,47473.05,47632.2,264645,1926795
1710231300000,47632.2,47738.9,47572.65,47648.3,242160,2003910
1710234000000,47642.8,47654.75,47475.25,47503.6,266460,2007705
1710236700000,47506.85,47539.95,47497.1,47523,123855,1990050
1710301500000,47600,47658.5,47454,47507.45,452325,1912740
1710304200000,47505.35,47684.3,47425,47546.05,329400,1927440
1710306900000,47558.1,47571.75,47261,47337.45,330525,1904010
1710309600000,47337.45,47387.95,47281.15,47294.35,267120,1922235
1710312300000,47290.7,47370.3,47265,47320.95,196155,1946370
1710315000000,47328.45,47375,47280.05,47310.05,110625,1944390
1710317700000,47314.1,47324.95,47043.3,47123.3,568860,1983450
1710320400000,47123.3,47277.4,47003.7,47008,573615,2062260
1710323100000,47007.25,47083.8,46947.55,47022,270255,2015970
1710387900000,47000,47092,46791,47026.75,548580,2009085
1710390600000,47025.8,47275,46917.65,47237.4,324870,1990725
1710393300000,47240,47345.45,47131.25,47273.75,326610,1979640
1710396000000,47264.75,47447,47249,47368.8,335280,1981470
1710398700000,47369.3,47420,47129.95,47270,229620,1995195
1710401400000,47261.9,47322.85,47102,47122,161895,1986135
1710404100000,47121.75,47188.6,46971.65,47039.2,374370,1983810
1710406800000,47038.95,47067.1,46918,47023.1,218610,2005710
1710409500000,47020,47066,46942.5,47000,133890,2012925
1710474300000,46825,46987.2,46555,46618.8,590835,2061705
1710477000000,46617.25,46694.7,46440.25,46571.35,408300,2135835
1710479700000,46570,46747,46515,46599.7,289575,2156250
1710482400000,46598.35,46664.55,46498,46543.75,153270,2180655
1710485100000,46547.25,46710.85,46515,46668,146925,2152575
1710487800000,46673.15,46771.5,46580.5,46735.7,251055,2151210
1710490500000,46743.15,46940,46646,46682.15,428535,2137890
1710493200000,46685,46786.65,46528,46647.3,332700,2108205
1710495900000,46648.2,46732,46640,46680.85,172965,2065560
1710733500000,46649.95,46802.15,46502.4,46681.65,447450,2001270
1710736200000,46680.7,46709.9,46475,46568.6,223290,2000655
1710738900000,46568.6,46635,46210,46370,365850,2031000
1710741600000,46370,46808.9,46340.05,46728.4,397155,1989870
1710744300000,46733.75,46889.1,46655.5,46742,337905,1977240
1710747000000,46749.9,46813.35,46675,46737.85,80790,1990050
1710749700000,46735.4,46884,46685,46859.55,183180,1995120
1710752400000,46860.55,46900,46652,46714.9,236925,1985760
1710755100000,46710.25,46792.85,46710.25,46785,104970,1950675
1710819900000,46679.55,46777,46570,46592.55,346095,1966575
1710822600000,46595.2,46667.65,46450,46585.35,414840,1958745
1710825300000,46590,46697.65,46505.05,46643.7,184590,1993875
1710828000000,46642.85,46670,46519.55,46569.75,130620,1981125
1710830700000,46563.65,46638.9,46557.55,46600,96015,1988250
1710833400000,46600.75,46625,46547.7,46566,83565,1996455
1710836100000,46571.6,46587.95,46364,46480,306300,1999830
1710838800000,46483.45,46559.15,46380,46410.2,200115,1988640
1710841500000,46414.45,46450,46407.15,46429.9,106305,1962285
1710906300000,46475,46699,46462.8,46515,428430,1963200
1710909000000,46515,46520,46002,46080.1,594225,2051370
1710911700000,46070,46343.4,46022.3,46268.7,416940,2099595
1710914400000,46270.75,46439,46235.2,46420,233940,2016465
1710917100000,46420,46625,46402.6,46531.6,335625,1982580
1710919800000,46537.9,46789.55,46510.1,46740,573270,1981860
1710922500000,46735.4,46770,46375,46445.05,403905,2003580
1710925200000,46442.7,46503.8,46377.8,46456.9,308040,2028000
1710927900000,46458.5,46490.65,46411.2,46464.6,178560,2066760
1710992700000,46726.25,46986.95,46700.5,46929.75,591660,1942860
1710995400000,46931.3,47142,46832.15,46876.6,628935,2027205
1710998100000,46872.15,47013.8,46865.05,46951.85,147765,2025690
1711000800000,46959.55,46967.1,46675,46685.5,309225,2037435
1711003500000,46687,46847.7,46629.85,46807.6,247785,2023095
1711006200000,46807.6,46891,46767.05,46799.85,127575,2008245
1711008900000,46800,46845,46738,46762.8,126465,2023335
1711011600000,46762.3,46819.7,46760,46793.8,158940,2025915
1711014300000,46793,46811,46783.05,46805,138600,2024580
1711079100000,46719.7,46914.95,46610,46850,656475,1929885
1711081800000,46851.4,47025,46810,46938.9,417885,1942365
1711084500000,46943.6,46975,46885.05,46949.1,115620,1923780
1711087200000,46948.8,47010,46886.8,46918,165405,1939830
1711089900000,46921.7,46944.95,46865,46915.05,130365,1910055
1711092600000,46922.3,46988.85,46870,46913.65,106155,1887000
1711095300000,46911.35,47062.3,46890,47027,197265,1882080
1711098000000,47027.05,47075,46886,46903.6,205320,1837860
1711100700000,46905.8,46950,46902.25,46930,97065,1811775
1711424700000,46805.4,46878.1,46610.3,46773.2,407460,1769535
1711427400000,46769.2,46847.55,46685.25,46715.45,261480,1734630
1711430100000,46720,46804,46710.5,46790.9,88725,1735860
1711432800000,46790.9,46858,46750.6,46769,134055,1771560
1711435500000,46768.75,46836.3,46754.4,46815,99030,1775760
1711438200000,46820.3,46825.5,46709,46730.55,129525,1802070
1711440900000,46720.05,46777.5,46671.1,46730,181170,1812735
1711443600000,46734,46747.75,46650.55,46710,264120,1875975
1711446300000,46710,46730,46705,46728,151515,1875960
1711511100000,46708.3,46869,46705.35,46857.5,373425,1361775
1711513800000,46857.7,46960.9,46850,46889.5,327405,1376655
1711516500000,46887.2,46890,46717,46775,248640,1385685
1711519200000,46775,46810.8,46744.15,46764,128670,1332870
1711521900000,46764.7,46790,46728.8,46790,89595,1326555
1711524600000,46788.75,46799,46722.2,46771,92355,1243665
1711527300000,46771,46790,46649.05,46727.8,191490,1188105
1711530000000,46731.1,46763.45,46699.35,46755,368085,1103550
1711532700000,46755.7,46804.65,46752.6,46783.35,285855,1022145
1711597500000,47549.5,47554,47264.8,47481.6,803460,3237855
1711600200000,47486.7,47722.2,47470,47690,599580,3341970
1711602900000,47690,47755,47653.95,47712,280635,3352665
1711605600000,47711.95,47712,47582,47620,199590,3334125
1711608300000,47620,47763,47592.75,47675.45,170685,3312015
1711611000000,47672.9,47725,47662.2,47701.95,143415,3311955
1711613700000,47706.85,47759.9,47675,47735,169185,3315375
1711616400000,47730.4,47761.9,47405.5,47491.85,447840,3299955
1711619100000,47492.25,47608,47475,47600,230670,3270210
1711943100000,47702.95,47944.7,47647.65,47901.65,563700,3232830
1711945800000,47903.65,47911,47824.2,47880,340425,3070995
1711948500000,47880,47898.3,47815,47880.35,377685,2810040
1711951200000,47879.15,47908,47852.2,47865,379410,2530980
1711953900000,47865,47888,47823.95,47856,283545,2332770
1711956600000,47854.4,47895,47790.05,47869.95,266340,2220675
1711959300000,47870,47884,47828.45,47859.9,172455,2115240
1711962000000,47859.9,47898,47826.15,47897.75,327345,1958685
1711964700000,47885,47947.25,47882.6,47942.85,245205,1950660
1712029500000,47805.4,48014.7,47750.15,47912.5,500145,1965030
1712032200000,47905.05,47976.4,47905.05,47955,120990,1980840
1712034900000,47952,48051,47904,47982,298170,1991280
1712037600000,47981.25,48024.1,47965.05,47984.55,106605,1971720
1712040300000,47985.7,48024.95,47965.5,47969.55,127275,1970910
1712043000000,47969.7,47990.8,47924.1,47941.55,97095,1976370
1712045700000,47941.55,47947.9,47837.7,47905.85,161715,1978200
1712048400000,47914.6,47937.95,47857.25,47899.8,114690,1980360
1712051100000,47895.35,47904.3,47880,47880,76035,1973430
1712115900000,47699,47776.95,47580,47681,412770,1943490
1712118600000,47677.7,47839.9,47654.45,47763.7,283560,1955895
1712121300000,47763.65,47839.9,47730,47815.45,204795,1990080
1712124000000,47817.1,47936,47785,47934.75,181170,2018985
1712126700000,47928.75,47948.3,47863.4,47901.65,159540,2070675
1712129400000,47900.9,47967,47876.45,47923.75,142560,2095530
1712132100000,47923,47927.95,47838.1,47918.95,151215,2117460
1712134800000,47917.4,47921,47855,47902.95,168195,2095035
1712137500000,47895.15,47940.65,47895.15,47931.1,163845,2071875
1712202300000,48185,48323.5,47981.45,48036.75,813240,2029935
1712205000000,48030,48107,47945.55,48054.55,296775,2031300
1712207700000,48042.4,48105,47920,48069.3,215775,2032440
1712210400000,48067.2,48083.15,48000,48024,78060,2022660
1712213100000,48017.9,48202.5,48015.85,48150.25,194865,2046060
1712215800000,48150,48288,48106,48208,250920,2067840
1712218500000,48214.35,48220,48031,48152.9,220545,2006670
1712221200000,48137.95,48249.25,48105.5,48179.45,294675,1972185
1712223900000,48179.6,48270,48177.05,48268.45,170565,1945500
1712288700000,48170,48234,48014.05,48188.45,384705,1859145
1712291400000,48188.3,48295,48129.6,48259.95,224415,1892100
1712294100000,48267.85,48377,48245,48307.8,278175,1892985
1712296800000,48300.15,48400,48300.05,48351.4,132615,1896870
1712299500000,48361.45,48375,48302.95,48335.7,81165,1903965
1712302200000,48330.85,48387,48281.4,48350,224430,1981215
1712304900000,48349.5,48486.05,48328.25,48436.35,250905,2019300
1712307600000,48439.25,48725,48425,48679.35,470970,2087235
1712310300000,48680.4,48707.65,48651,48690,245715,2109810
1712547900000,48705.1,48783.95,48567.05,48598.4,471885,2102670
1712550600000,48590.65,48705.85,48584.9,48653.5,119880,2075190
1712553300000,48650.6,48696.5,48630,48663.7,77610,2072295
1712556000000,48655,48720,48651,48693.75,69945,2063145
1712558700000,48693.7,48820,48688.2,48795,183825,2072115
1712561400000,48794.4,48847,48616.85,48726.6,240840,2076930
1712564100000,48726.6,48730,48654.45,48701.4,71700,2070150
1712566800000,48699,48745,48670.9,48708.95,104055,2048700
1712569500000,48701.55,48708.95,48677,48678.1,72060,2027175
1712634300000,48857,48895,48716.1,48870.6,338190,2014905
1712637000000,48875.6,49074.95,48862.85,49020.15,392760,2056215
1712639700000,49020.15,49026.75,48927.4,48984.3,115440,2077815
1712642400000,48985,49064.05,48967.8,49013.25,127725,2079720
1712645100000,49015,49031.95,48916.8,48986.8,116400,2084655
1712647800000,48981,49001.9,48852.6,48852.6,128535,2082480
1712650500000,48858.7,48858.7,48622.05,48801.65,497970,2041245
1712653200000,48813.45,48839,48750,48794.6,130305,2023380
1712655900000,48794.65,48825,48785,48805.05,82935,2022345
1712720700000,48901.1,48992,48760.05,48930.9,419385,2000070
1712723400000,48935.5,49017.6,48860,48986.25,167820,2008530
1712726100000,48987,49028,48930,48960,122805,2023845
1712728800000,48960,48990.2,48910,48971.5,103305,2013690
1712731500000,48971.5,48974.8,48912,48934.85,98865,2012400
1712734200000,48934.85,48998.3,48930,48992.55,120075,2029410
1712736900000,48994.5,49013.1,48951,49007.3,102195,2019045
1712739600000,49004.1,49086,48979.15,49009.8,561435,2228385
1712742300000,49009.9,49017.55,48968,48975,195030,2259330
1712893500000,48751,48914.75,48699.8,48769.8,527940,2161875
1712896200000,48767.85,48785.75,48666.1,48761.15,252810,2145330
1712898900000,48762.85,48815,48730.5,48777,92190,2142690
1712901600000,48782.8,48898.9,48768.65,48882.05,136905,2156745
1712904300000,48881.5,48888.7,48676.65,48751.8,254085,2135295
1712907000000,48758.65,48777,48702,48725,82530,2130075
1712909700000,48724,48794.95,48670.1,48705,104955,2121810
1712912400000,48709.65,48820,48686.9,48715,210690,2078265
1712915100000,48718.25,48743,48680.1,48700.45,127065,2043735
1713152700000,47573.75,48449.85,47573.75,48169.95,861135,1897485
1713155400000,48172.3,48214.55,48104.1,48209.35,195030,1901175
1713158100000,48206.3,48320,48186,48220,200325,1877940
1713160800000,48220.1,48250.85,48179.45,48243.4,89820,1888500
1713163500000,48240,48258.7,48150,48155,76530,1891935
1713166200000,48159.15,48175,48090,48116.65,111375,1901340
1713168900000,48125.6,48158.1,47971,47980,216450,1908285
1713171600000,47983.1,48006.7,47820.65,47861.75,457755,1943160
1713174300000,47862.5,47894.8,47823.75,47828.95,111765,1948065
1713239100000,47750,47750,47422,47640.75,575985,1925670
1713241800000,47640.85,47700.8,47552.65,47629.3,266070,1900590
1713244500000,47629.7,47686,47589.15,47608.9,111795,1918065
1713247200000,47615.9,47631.85,47515.7,47596,155700,1911345
1713249900000,47598.95,47605,47542.95,47592,92985,1897965
1713252600000,47593.05,47624.1,47530,47588.8,119430,1907175
1713255300000,47585,47648.45,47570,47605,121785,1896105
1713258000000,47605,47660.7,47531.9,47660,200445,1888065
1713260700000,47659.35,47734.9,47659.35,47711,198480,1877925
1713411900000,47750,47953.85,47627,47759,473070,1879845
1713414600000,47757.3,47789,47551.05,47650.1,208230,1918110
1713417300000,47650.1,47859.9,47624,47754.65,210900,1898715
1713420000000,47750.5,47809.9,47686.4,47700,109395,1895655
1713422700000,47700,47793,47693.05,47757.75,52050,1900020
1713425400000,47752,47789,47205,47390.7,577740,1941240
1713428100000,47389.45,47515,47382.7,47464.6,251895,1966575
1713430800000,47463.85,47472.25,47040,47067,621630,1967085
1713433500000,47074.55,47297.55,47070.55,47180,242250,1949265
1713498300000,46865,47049,46611.2,46945.15,703185,1836540
1713501000000,46948.9,47025,46884.75,46914.6,161910,1845030
1713503700000,46910.6,47008.65,46869.1,46968.15,146535,1856160
1713506400000,46964.7,47125,46942.8,47013.75,221775,1834005
1713509100000,47010.2,47430,46991.25,47357.3,452670,1793925
1713511800000,47360,47374.25,47223.6,47300,187455,1804020
1713514500000,47300,47682.35,47293.7,47440.85,489120,1766100
1713517200000,47437.1,47618.95,47381.6,47601.15,258735,1746825
1713519900000,47601.15,47645,47561,47631.05,135735,1722300
1713757500000,47990,48000,47659,47736.15,640680,1729560
1713760200000,47738,47785,47596.45,47716.85,275715,1726650
1713762900000,47723,47814.8,47692,47786.85,179220,1683840
1713765600000,47777.5,47858,47768.05,47798.95,148740,1670190
1713768300000,47798.95,47828.95,47712,47733.25,125265,1704465
1713771000000,47740.75,47827,47685.05,47819.9,141510,1703055
1713773700000,47814.25,47877.8,47798,47810.9,155205,1662405
1713776400000,47819.95,48020.05,47804.4,48013.2,450990,1595070
1713779100000,48005,48037.85,47968.25,48030,171060,1561470
1713843900000,48175.55,48175.55,47925,48002.4,421065,1391850
1713846600000,47998.1,48090.25,47970.25,47974.25,179010,1390335
1713849300000,47974.25,48047.6,47941,48042.45,111960,1386525
1713852000000,48032.85,48098.5,47978.05,48075.35,110265,1401000
1713854700000,48077.85,48092,48034.85,48080.2,130110,1411380
1713857400000,48080.7,48080.7,47895.05,48024.15,221595,1373640
1713860100000,48024.15,48042.6,47960,48012,110190,1319745
1713862800000,48010,48073.25,47950.2,48008.3,148605,1291725
1713865500000,48004.8,48023.9,47961,47962.2,89925,1274295
1713930300000,48102.1,48200.65,48000,48177.95,357855,1016520
1713933000000,48178.85,48232.25,48150,48213.15,221370,1042410
1713935700000,48206.3,48218.95,48140.1,48181.55,100815,1037475
1713938400000,48181.55,48197,48155,48182.3,66165,986880
1713941100000,48174.4,48213.05,48170,48177,82935,958035
1713943800000,48177.45,48236.7,48166.6,48215.7,130575,943560
1713946500000,48206.55,48230,48200,48209.45,107430,921360
1713949200000,48202.35,48215.55,48162.65,48192,357480,866565
1713951900000,48199.05,48199.05,48185.5,48189,140925,795675
1714016700000,48005.4,48350,47999.9,48323.3,540225,1702260
1714019400000,48320.8,48527.5,48312.1,48406.25,357900,1818840
1714022100000,48407.35,48460,48252.3,48372.6,218910,1824945
1714024800000,48377.85,48397.55,48304.75,48340,89925,1817670
1714027500000,48336.55,48453.05,48317.25,48439.1,89910,1824975
1714030200000,48429.75,48565.3,48418.55,48561.7,193125,1840560
1714032900000,48562.7,48695,48525.5,48682.35,328995,1881870
1714035600000,48679.95,48732.6,48625,48635.25,241590,1914900
1714038300000,48635,48657.2,48572.5,48643.15,143040,1885875
1714103100000,48660,48798.9,48601.5,48688.9,392640,1839570
1714105800000,48689.75,48694.75,48483.1,48555.25,290100,1816410
1714108500000,48555.2,48590,48488.75,48571.95,176325,1821195
1714111200000,48566.05,48599,48524.7,48548.45,76470,1806795
1714113900000,48548.45,48650,48537.6,48628.65,109800,1817610
1714116600000,48628.3,48660,48429.8,48476.4,215355,1795320
1714119300000,48476.95,48555,48415,48471.1,137145,1808895
1714122000000,48475,48530,48265.15,48335.8,259830,1788645
1714124700000,48339.05,48499.95,48337.55,48490,166275,1775910
1714362300000,48555,48756.6,48497.5,48601.45,527700,1798230
1714365000000,48600,48940,48577,48880,447765,1845510
1714367700000,48891.05,49019.95,48863.3,48987.65,225345,1885845
1714370400000,48983.8,49126.1,48962,49090,265695,1948665
1714373100000,49090,49180,49068,49147,192825,1983000
1714375800000,49146.45,49464,49118.75,49431.7,400155,2031630
1714378500000,49433.9,49486.5,49348.05,49379,455505,2114715
1714381200000,49386.9,49581.45,49348.65,49570,555885,2255655
1714383900000,49568,49570,49525,49563.85,222915,2284380
1714448700000,49600,49663,49437.05,49657.45,543390,2199420
1714451400000,49655.8,49675.8,49421,49539.6,321555,2179185
1714454100000,49540,49612.3,49465.85,49529.3,179970,2194770
1714456800000,49525,49578.6,49480,49543,117885,2220720
1714459500000,49543,49568,49445.8,49509.8,99945,2221710
1714462200000,49509.8,49550,49422,49515.15,247440,2238810
1714464900000,49517.9,49927.45,49491.5,49869.4,904215,2392260
1714467600000,49875,49890.25,49429.1,49447.15,732540,2354910
1714470300000,49432.2,49441.35,49380,49391.3,299625,2330385
1714621500000,49300.2,49531.9,49300.2,49460,420375,2273160
1714624200000,49460,49588,49410.55,49451.55,241920,2277240
1714626900000,49451.55,49479,49170.85,49355,338640,2240265
1714629600000,49360,49431.35,49287.8,49333.7,132510,2246310
1714632300000,49344.05,49409,49260.8,49318.3,93240,2233875
1714635000000,49317.75,49414.1,49315.15,49378.9,59475,2234310
1714637700000,49379.85,49450,49280,49315,125805,2251500
1714640400000,49311,49408.1,49295,49374.05,143685,2235015
1714643100000,49374.4,49434.95,49366.05,49390,113055,2204010
1714707900000,49506.05,49650,49476.9,49530,380475,2213355
1714710600000,49532,49545,49222,49294.5,379065,2198565
1714713300000,49293.05,49330,49101,49145,335295,2202900
1714716000000,49138.2,49164.35,49007,49101.05,352755,2199165
1714718700000,49102.95,49329.85,48950,48985.5,406455,2175660
1714721400000,48985.5,49090,48870,48933.35,331275,2171295
1714724100000,48927.55,49079.95,48925,49012.85,191370,2136735
1714726800000,49013.2,49158,48990,49115,251280,2102670
1714729500000,49111.85,49166,49045.45,49055,204555,2085345
1714967100000,49240,49420,49034,49213.4,857715,2123475
1714969800000,49213.4,49358,49150,49320,200205,2119905
1714972500000,49315.15,49393,49170,49234,180765,2128140
1714975200000,49234.9,49297.95,49185,49268.15,74505,2122995
1714977900000,49259.35,49269.1,49018,49069.95,249840,2132535
1714980600000,49069.95,49136.05,48953.8,49092.45,214815,2128515
1714983300000,49088,49088,48924.2,49000,142680,2138385
1714986000000,49005.2,49159.1,48885,49049.1,259980,2111565
1714988700000,49049.3,49064.2,49031.35,49053,61260,2089680
1715053500000,49075.05,49099.4,48780.15,48783.65,381900,2098980
1715056200000,48784,48784.85,48485.75,48506,646215,2109180
1715058900000,48505.6,48590,48405.5,48439.3,339000,2114115
1715061600000,48437.5,48460,48311.2,48411,350535,2201040
1715064300000,48407.55,48471,48339,48414.75,131055,2221305
1715067000000,48419.95,48575.5,48380.15,48548,192780,2224665
1715069700000,48545.5,48559.1,48340,48342.5,156645,2225700
1715072400000,48340.15,48502.35,48285.5,48374.1,256170,2229765
1715075100000,48372.6,48422,48320,48330.05,169710,2213415
1715139900000,48299,48354.1,48143.15,48264.25,488985,2263860
1715142600000,48278.55,48300,48011.4,48091.35,395190,2313360
1715145300000,48081,48326.75,48071,48159,280080,2314785
1715148000000,48156.8,48293.15,48144.25,48250.25,139095,2301240
1715150700000,48258,48345.2,48210.3,48285.95,163320,2290605
1715153400000,48288.25,48340,48157.45,48222.8,180870,2264370
1715156100000,48227,48235.75,48111.2,48166.95,186300,2262630
1715158800000,48163.05,48229.95,48120.25,48175.75,307485,2274075
1715161500000,48176.25,48230,48157.15,48221,268050,2308380
1715226300000,48235,48367.25,48105.3,48193.25,313035,2196825
1715229000000,48190.5,48285.55,47935.95,47977.6,384375,2251485
1715231700000,47987.9,48037.7,47787,47830,291285,2301900
1715234400000,47835.25,48032.5,47810,48006.6,165015,2308155
1715237100000,48008.05,48050.8,47769,47800.1,239415,2308380
1715239800000,47792.5,47939,47790,47900,191910,2324025
1715242500000,47900,48021.7,47750.3,47858.05,315990,2341470
1715245200000,47865,47873.1,47636,47636,383415,2400120
1715247900000,47640.35,47703.9,47636,47668,172440,2446860
1715312700000,47706,47957,47605,47949.5,570960,2455665
1715315400000,47949.5,48090,47840,47954.35,328875,2431395
1715318100000,47954.15,47986.95,47791.3,47970.85,151815,2424675
1715320800000,47975.95,47975.95,47820,47850,72450,2414355
1715323500000,47850,47874,47560.7,47567.75,257160,2403750
1715326200000,47554.2,47742,47479.85,47706.35,240225,2402985
1715328900000,47705.35,47769,47590,47603.1,116715,2403435
1715331600000,47613.4,47670.4,47516.3,47586.85,185940,2430180
1715334300000,47590.05,47624.15,47580.1,47618.7,101475,2420580
1715571900000,47600,47644,47266,47281.3,500385,2449170
1715574600000,47281.45,47386,47200,47240.35,267165,2483730
1715577300000,47231.3,47475,47217.05,47437.9,242535,2489865
1715580000000,47428.15,47612.05,47414.65,47539.15,298905,2451750
1715582700000,47538.25,47775,47520.1,47695.25,345825,2391645
1715585400000,47703.8,47745,47381.9,47485,209985,2396625
1715588100000,47488.25,48039.3,47450,47949.95,588960,2347695
1715590800000,47950,48061,47910.05,47965.15,250890,2351640
1715593500000,47958,48075,47955.05,48063,131955,2340540
1715658300000,48075,48123.15,47825.1,48009.15,504300,2339010
1715661000000,48004.9,48021.9,47836.5,48021.9,156630,2334645
1715663700000,48014.35,48040,47913.95,47984.7,114300,2328510
1715666400000,47973.2,48049.8,47927.35,47992.1,107700,2336730
1715669100000,47996.55,48160.2,47954.1,48139,193275,2346300
1715671800000,48130.05,48225,48000,48098.05,222180,2358285
1715674500000,48098.05,48150,47960.15,48097.25,167130,2348235
1715677200000,48097.25,48106.5,48025,48082,127185,2358960
1715679900000,48080.05,48127.2,48072.3,48074.95,133530,2372970
1715744700000,48091.65,48145.15,48001,48025.2,356970,2412885
1715747400000,48025,48030.9,47846.8,47890,336360,2425410
1715750100000,47890.05,47974.8,47800,47808.2,209115,2456340
1715752800000,47807,47898.7,47770.05,47864,213915,2484945
1715755500000,47864,47875.15,47789,47792.35,76485,2490510
1715758200000,47793.2,47860,47731,47777.3,132300,2508000
1715760900000,47783.25,47863.95,47736.3,47825.4,142890,2534475
1715763600000,47829,47944.4,47817.85,47920,320055,2529285
1715766300000,47920,47929.6,47887,47907.95,189585,2552340
1715831100000,48047.9,48175,47960,48020.3,528285,2461140
1715833800000,48022.65,48088.85,47800.6,47892.8,291915,2492925
1715836500000,47891.45,47894.65,47063.65,47646.7,567555,2605650
1715839200000,47646.7,48019.95,47600,48019.95,331020,2564940
1715841900000,48020,48060,47672,47709.95,286260,2538015
1715844600000,47709,47734.95,47565.95,47595,250080,2618820
1715847300000,47597.05,47735,47525,47697.6,229965,2617455
1715850000000,47697.6,48105,47696.75,48067.9,551355,2499105
1715852700000,48065.15,48164.85,48065.15,48140,269820,2461395
1715917500000,48140.05,48159,47930,48118,336540,2422140
1715920200000,48128.1,48348,48051,48220,465195,2476455
1715922900000,48220.2,48268.3,48160,48197.65,167880,2492595
1715925600000,48193.3,48292.4,48122.1,48131.05,132480,2474175
1715928300000,48131.05,48223.95,48123.5,48186,92730,2469720
1715931000000,48186.95,48219.25,48088.7,48158.85,109980,2465565
1715933700000,48158.85,48273.9,48152.65,48220.85,148680,2464605
1715936400000,48230,48275,48100.2,48197.65,161025,2450130
1715939100000,48191.65,48252,48191.65,48231,109740,2441055
1716003900000,48299,48300.05,48200.2,48252.35,95445,2409225
1716006600000,48252.35,48252.35,48252.35,48252.35,0,2409225
1716009300000,48252.35,48252.35,48252.35,48252.35,0,2409225
1716012000000,48252.35,48297.55,48167,48285.4,63030,2395275
1716014700000,48286.2,48299,48280,48280.9,34575,2389635
1716017400000,48280.9,48280.9,48280.9,48280.9,0,2389635
1716020100000,48280.9,48280.9,48280.9,48280.9,0,2389635
1716022800000,48280.9,48280.9,48280.9,48280.9,0,2389635
1716025500000,48280.9,48280.9,48280.9,48280.9,0,2389635
1716263100000,48174.1,48330,48123.55,48124.05,284025,2370645
1716265800000,48125.6,48188,48054,48135,205920,2358765
1716268500000,48137.6,48285,48119,48250.95,140385,2353455
1716271200000,48250.7,48347.5,48217.65,48301.3,115095,2359605
1716273900000,48301.3,48419.95,48235.3,48404.5,154605,2360085
1716276600000,48412,48420,48240.3,48283.85,132000,2363880
1716279300000,48283.85,48324.9,48201,48248,102975,2360580
1716282000000,48248,48292.65,48116.9,48151.25,286980,2365770
1716284700000,48151.75,48179.85,48094.05,48097,432180,2456085
1716349500000,48190,48193,47800,47955,1291650,2489115
1716352200000,47955,47988.25,47867.6,47883.85,257805,2526375
1716354900000,47883.95,47930,47778.65,47845,274380,2570445
1716357600000,47845,47900,47790.65,47871,156240,2579640
1716360300000,47869,47912.9,47790,47824.9,122160,2602905
1716363000000,47826.05,47899,47795,47841.35,156105,2611050
1716365700000,47837.65,47950,47828.6,47868.8,186750,2575020
1716368400000,47861.5,47983.95,47611.1,47978.95,733365,2525175
1716371100000,47976.65,48104.55,47975.25,48088.3,411120,2488005
1716435900000,48055.3,48374.95,48000,48340,709950,2273055
1716438600000,48340,48544.65,48271.85,48442.3,603750,2298030
1716441300000,48437.65,48562,48415.05,48550.05,189855,2274795
1716444000000,48550.35,48619.95,48506.15,48599,214695,2280720
1716446700000,48598.4,48731.35,48592.6,48705.15,289020,2265225
1716449400000,48707.9,48748,48570.55,48668.7,208950,2239545
1716452100000,48668.7,48909.3,48641,48835.3,307695,2279730
1716454800000,48832.4,48924.45,48695.1,48878.7,434175,2235630
1716457500000,48879.3,48890.5,48804.05,48860,377250,2215680
1716522300000,48838.65,49017.95,48750,48781.1,651960,2327775
1716525000000,48783,48867.05,48702.05,48785.05,408660,2416890
1716527700000,48785.05,48924,48772.65,48871.1,205065,2385675
1716530400000,48864.95,48905,48820,48881.75,94845,2401935
1716533100000,48881.3,48976.3,48832,48967.25,130500,2367750
1716535800000,48964.8,48996,48875,48964.3,126645,2342205
1716538500000,48955.7,49115.9,48907,49030,194130,2312070
1716541200000,49027,49115,48906.7,49063.9,253125,2267025
1716543900000,49063.9,49081,49030,49044.9,135720,2263575
1716781500000,49124,49329.45,49073.05,49255.2,365460,2125110
1716784200000,49255.2,49400,49227,49400,181035,2100045
1716786900000,49400,49448.4,49369.9,49413,153045,2094390
1716789600000,49413,49703.6,49398.65,49688.5,350730,2005920
1716792300000,49684.2,49840,49654.15,49683.15,271605,1997655
1716795000000,49680.9,49775,49667.9,49724,121905,1961565
1716797700000,49724,49790,49620.15,49765,98865,1942590
1716800400000,49760.15,49772.95,49050,49344.95,685515,1897230
1716803100000,49347.6,49387,49260,49335,155250,1939080
1716867900000,49400,49537.4,49225.95,49289.7,438480,1823100
1716870600000,49287.75,49418.4,49245,49333.5,205335,1863585
1716873300000,49325.95,49376.5,49218,49225.35,135960,1850805
1716876000000,49225,49307.7,49164,49194.2,180990,1854795
1716878700000,49194.2,49379.65,49106.3,49297.7,263865,1791765
1716881400000,49291.15,49371.35,49225.05,49321.2,134055,1805985
1716884100000,49321.2,49334.95,49233,49270,71130,1785885
1716886800000,49261.2,49277.95,49157.3,49193.8,295830,1909860
1716889500000,49195.3,49209.95,49117.95,49131.65,211560,1983405
1716954300000,49344.85,49411.25,49169,49229.8,445755,1534995
1716957000000,49226.05,49234.7,49005,49080.1,305235,1653090
1716959700000,49081.25,49125,48965.65,49060.75,254610,1751475
1716962400000,49060.75,49087.35,49021.4,49050,194295,1857300
1716965100000,49052.8,49140,49010.15,49060,209685,1927455
1716967800000,49067.95,49160,49028.6,49119.15,196755,1989300
1716970500000,49124.75,49131.5,48991,48997,357960,2108025
1716973200000,48995.8,49044,48905.95,49027.25,594180,2232360
1716975900000,49023.2,49100.2,48935.95,49089,341445,2288895
1717040700000,48990,49317.5,48810,49139.05,791565,2274525
1717043400000,49132.85,49193.75,49006,49115.3,336450,2270055
1717046100000,49115.3,49147.95,48956.2,48977.05,245145,2281515
1717048800000,48993.75,49105,48915,49035,280635,2282235
1717051500000,49035.1,49274.95,49007,49260,272100,2302575
1717054200000,49257.45,49345,49160,49310,254355,2322420
1717056900000,49305.25,49480,49205.8,49222.2,427080,2371770
1717059600000,49224.8,49234.75,48877.05,49035.35,677040,2464740
1717062300000,49035.35,49188.4,49020,49144.45,241635,2477415
1717127100000,49200,49340,49102,49105,654225,2453550
1717129800000,49102.5,49114.95,48901,49089.05,414405,2462070
1717132500000,49083.2,49140,48857.65,48868.8,281175,2507565
1717135200000,48876.7,49073,48850.25,48964,191520,2495430
1717137900000,48956.1,49090,48936.75,49090,110295,2489730
1717140600000,49080.15,49294.05,49051.35,49278.05,341430,2461410
1717143300000,49278.85,49440,49183.2,49220,569805,2445465
1717146000000,49213.95,49358,49100,49285.9,455985,2400600
1717148700000,49290.6,49444,49290.6,49380,303195,2427915
1717386300000,50606.05,51000,50352,50667.05,1579245,2339895
1717389000000,50675.3,50800,50611,50687,389385,2359080
1717391700000,50687,50908.65,50651,50900,344595,2388390
1717394400000,50905,51145,50843.5,51100,472005,2440140
1717397100000,51093.4,51171.8,51000.95,51164,226770,2435820
1717399800000,51165,51180,50933.4,51115.95,276510,2417715
1717402500000,51107.2,51155,51010.2,51041.25,236145,2433465
1717405200000,51040.8,51225,51015,51223.8,460665,2359440
1717407900000,51222,51486,51222,51475,374175,2354040
1717472700000,50800,51098,49003.1,49676.55,2704185,2369805
1717475400000,49680.9,49834.95,48947.55,49061.45,852315,2447820
1717478100000,49059.85,49198,47555,48563.65,1651020,2482875
1717480800000,48540.05,48550.05,46322.15,46933.1,1275885,2587650
1717483500000,46938.3,47600,46184.95,47229,1306620,2628225
1717486200000,47215.4,47777.65,46928.05,47549.95,734415,2653830
1717488900000,47550,48222,47243.2,47300,780600,2636745
1717491600000,47306.05,47800,46818.75,47156.55,715620,2655570
1717494300000,47173.35,47299,47081.25,47299,273750,2653860
1717559100000,47400,47884.8,46781.7,46821.95,1519095,2601345
1717561800000,46825.9,47375.1,46790.05,47091.7,869760,2791695
1717564500000,47093.2,48200,47050,48166.6,1096800,2799615
1717567200000,48168.55,48224.1,47619.8,47915.2,573600,2841855
1717569900000,47911.95,48350,47897.55,48335.75,519735,2883570
1717572600000,48343.95,48500,48205,48457.45,834975,2907525
1717575300000,48460,48927.55,48320,48897.6,926715,3022140
1717578000000,48897.25,49473.75,48885.7,49161.55,1437300,3056535
1717580700000,49160.55,49194.95,48921.55,48992.9,410325,2969700
1717645500000,49335.3,49565,49140.25,49334.9,825120,2878590
1717648200000,49330,49745,49302.6,49694.25,482880,2876745
1717650900000,49692.6,49751.5,49605,49680.35,253875,2839710
1717653600000,49680.4,49694.4,49288.4,49350.05,475260,2816775
1717656300000,49344.95,49525,49260.05,49327.45,287775,2842050
1717659000000,49350.55,49541.5,49060,49520,452355,2823165
1717661700000,49518.35,49520,49201,49246,213930,2815110
1717664400000,49249.9,49494,49125,49472,321945,2805780
1717667100000,49470,49477,49321.4,49435.25,217875,2802090
1717731900000,49130,49597.6,48547,49575,694950,2697045
1717734600000,49571.9,49750,49333,49662,609180,2741895
1717737300000,49658.95,49770,49616,49660,262305,2763735
1717740000000,49660.8,50025,49650,49911.15,524085,2810415
1717742700000,49921.65,50006,49815,49912.3,263370,2775720
1717745400000,49918.45,49925.3,49742.5,49915.95,235650,2788830
1717748100000,49915.95,49998.7,49807,49902.85,280305,2769855
1717750800000,49910.35,49970,49830,49878.3,306135,2753415
1717753500000,49875,49946.75,49861,49930,239085,2735805
1717991100000,49995.5,50289.75,49764.75,49830,947685,2690430
1717993800000,49820,50039.95,49680,49872.7,358740,2682855
1717996500000,49871.05,50060,49817.1,50051.3,156720,2609535
1717999200000,50042.5,50071,49862.95,49893.1,122775,2613390
1718001900000,49891.05,49990,49885,49965.45,72000,2618370
1718004600000,49972,50135,49933,50135,152670,2612610
1718007300000,50125.9,50160,49850,49868.55,297510,2607810
1718010000000,49874.6,49927.3,49722.35,49801.75,362805,2559030
1718012700000,49803,49807.2,49616.9,49655,216690,2538825
1718077500000,49639.9,49899.55,49572,49801.2,542760,2513715
1718080200000,49802.5,50020,49770.15,49935.3,351195,2550285
1718082900000,49935.45,49979,49855,49861.05,147690,2538855
1718085600000,49857.05,49928.55,49816,49882.7,152250,2558730
1718088300000,49882,49980,49828,49915.3,132510,2567970
1718091000000,49920,50040,49900,50028,194820,2606715
1718093700000,50034,50080,49810.4,49927,267210,2596710
1718096400000,49924.55,49944.85,49777,49780,202920,2572080
1718099100000,49780,49782.6,49716.95,49735,245985,2550885
1718163900000,49791.95,50143.25,49739.8,50129.85,489225,2532435
1718166600000,50135.9,50289.95,50103.1,50275.15,576345,2661420
1718169300000,50275.15,50281.35,50060,50060,204165,2665485
1718172000000,50060.8,50140.65,50020,50059.8,216615,2622570
1718174700000,50066,50080,49937.8,50002.65,214110,2612190
1718177400000,50002.65,50050,49945.35,49995,157920,2616075
1718180100000,49996.7,50009.95,49890.05,49927.4,279660,2604165
1718182800000,49927.4,50045.3,49881,49941.7,414465,2553300
1718185500000,49942,49956.45,49850,49870,332385,2561040
1718250300000,50101,50155.8,49950,50066.25,459015,2377725
1718253000000,50067,50093.05,49903,49971.6,178170,2380785
1718255700000,49982.35,50041.95,49900,49974,133950,2394330
1718258400000,49974,50084.7,49951,49991.6,108105,2394300
1718261100000,49991.6,50035,49963.5,49980,58665,2392650
1718263800000,49969.15,50045.55,49956,49961.4,61095,2397300
1718266500000,49971,49998.95,49881,49928,166365,2399895
1718269200000,49937.75,49955.9,49850.4,49880.85,163515,2380650
1718271900000,49881.3,49950,49881.3,49927.3,94035,2340060
1718336700000,50000,50000,49750,49956.1,384225,2366850
1718339400000,49959.25,50175,49958.95,50139.15,530625,2436780
1718342100000,50139.15,50148.7,50036.5,50047.8,109680,2446695
1718344800000,50047.8,50098.6,49983.45,50040.05,104985,2436870
1718347500000,50041.6,50078,49985.4,50055,83340,2444670
1718350200000,50054.3,50090.95,50005,50013.5,67725,2450100
1718352900000,50013.6,50038.05,49968,49980,115110,2438790
1718355600000,49983.05,50103,49982.45,50049,213450,2416980
1718358300000,50045,50057.1,50005,50029,93510,2390865
1718682300000,50190.85,50306,49990,50292,602265,2394840
1718685000000,50290,50333.05,50105.95,50280,311820,2383620
1718687700000,50278,50380.6,50228,50331.05,219660,2423100
1718690400000,50332.6,50382.8,50318,50340.4,135495,2451180
1718693100000,50345,50365,50300,50335.05,73095,2448990
1718695800000,50341.2,50425,50335,50414.95,103005,2461890
1718698500000,50421.4,50449,50386.8,50402.75,197130,2485650
1718701200000,50402.75,50432.55,50350,50408,175230,2499030
1718703900000,50408,50439.45,50405,50430,157635,2539005
1718768700000,50462.25,51150,50444.1,51089.45,1083765,2557965
1718771400000,51090,51184.25,50586.8,50722,982920,2493180
1718774100000,50722,51109.3,50685,50935.1,519150,2548875
1718776800000,50935,51054.75,50901,51054.75,171975,2544135
1718779500000,51075,51150,51021.7,51057.95,240615,2539515
1718782200000,51057.95,51197.55,50988.65,51132.45,278700,2546910
1718784900000,51141.15,51690,51100.05,51619.05,1036770,2744670
1718787600000,51619.05,51885.55,51240,51356.05,1233255,2677815
1718790300000,51353.7,51472,51315.65,51467.8,297885,2730840
1718855100000,51630.9,51730.5,51240.15,51317.4,854085,2425260
1718857800000,51329.9,51459.75,51212,51439.9,315045,2361240
1718860500000,51429.75,51600,51381.2,51525,209835,2369370
1718863200000,51520.3,51644.95,51515.85,51594.85,156105,2369625
1718865900000,51600,51683.95,51516.35,51615.15,122490,2378850
1718868600000,51612.2,51800,51605.5,51766.95,268995,2433570
1718871300000,51769.95,51793.8,51611.55,51759.45,184920,2439000
1718874000000,51750.6,51769.15,51650,51724,147240,2442735
1718876700000,51722.6,51788.3,51711,51774.6,131775,2431155
1718941500000,51821,51821,51472.7,51620,498840,2232855
1718944200000,51630,51684.7,51500,51531.7,176655,2218950
1718946900000,51530.9,51557.95,51436.15,51473.45,230595,2191785
1718949600000,51465.1,51561.75,51437.5,51518,97455,2190960
1718952300000,51518.85,51632.25,51455,51479.9,199875,2209680
1718955000000,51479.9,51479.9,51273.5,51409.15,327285,2166795
1718957700000,51413.5,51749.65,51355.55,51377,491115,2139555
1718960400000,51375,51700,51308,51578,456750,2125890
1718963100000,51571.15,51628.85,51532,51585.5,134850,2108235
1719200700000,51294.7,51450,51150,51229,549570,2011005
1719203400000,51229,51543.45,51170,51515.1,380280,2039640
1719206100000,51515.1,51775,51450.25,51707.6,378645,2118045
1719208800000,51714.4,51749.95,51554.35,51663.65,187140,2146080
1719211500000,51666.5,51779,51642.65,51681.6,166035,2143350
1719214200000,51680.1,51864.75,51651.05,51733.45,198810,2168010
1719216900000,51733.45,51796.4,51612.75,51740.95,160440,2148900
1719219600000,51740.2,51774.2,51608.75,51742.55,181575,2149500
1719222300000,51745.7,51796.85,51732.1,51780.05,134655,2165715
1719287100000,51799.95,52085.9,51768.8,52013.4,491160,1855695
1719289800000,52015.1,52155,51987.15,52126.6,234630,1861530
1719292500000,52126.6,52220,52040.3,52055,235140,1833075
1719295200000,52067.3,52166,52031.6,52138.55,155100,1865640
1719297900000,52140.6,52496.45,52103.9,52448.7,458790,1916835
1719300600000,52446.6,52646.95,52400,52606.25,342705,1982745
1719303300000,52614.95,52691.7,52433.05,52515,293220,1969815
1719306000000,52515,52667.75,52510,52596.9,199065,1939410
1719308700000,52605,52718.25,52584.95,52642.55,137895,1912215
1719373500000,52626.85,52688,52255.55,52409.05,434475,1524600
1719376200000,52413.75,52594.05,52350,52455,221520,1461750
1719378900000,52459.6,52882.65,52453.5,52854.15,242565,1426395
1719381600000,52856.5,52990,52820.1,52919.6,176775,1436220
1719384300000,52919.6,52968.75,52850,52875.45,127695,1406685
1719387000000,52890,52974.9,52737.75,52891.65,156495,1386570
1719389700000,52891.6,52985,52869.7,52912,164955,1355385
1719392400000,52908.45,52975.55,52849.75,52885,497865,1246050
1719395100000,52883.2,52901.65,52865.1,52879,195270,1173765
1719459900000,52800,53078,52670,53078,495015,2487540
1719462600000,53085,53221,52749.25,52777.6,511215,2509530
1719465300000,52760.05,53050,52699,52965.4,333540,2494695
1719468000000,52974,53097,52950,53060.95,143715,2504445
1719470700000,53068,53084,52875,52886.4,135675,2509905
1719473400000,52888.2,53021.9,52872.95,52930.85,96255,2507595
1719476100000,52930.85,52985,52826.05,52847.35,148050,2504685
1719478800000,52847.35,53004.6,52806,52918.75,236700,2521815
1719481500000,52911.45,52949.9,52867.7,52880,156675,2520960
1719546300000,52899.95,53050,52863.4,52952.3,434070,2502135
1719549000000,52952.3,53031.9,52932,53015.85,130965,2524125
1719551700000,53020.25,53021.3,52772,52780,199875,2499495
1719554400000,52771,52919,52741.15,52790,182445,2495535
1719557100000,52790,52820,52585.65,52624.6,477960,2473335
1719559800000,52629.35,52770,52565,52720,233790,2483070
1719562500000,52720,52880,52684.85,52715,226530,2496570
1719565200000,52724.8,52749,52490.25,52503,362265,2499420
1719567900000,52505.05,52555,52438.15,52520,217275,2490675
1719805500000,52524,52680,52301,52641.2,567210,2497980
1719808200000,52638.6,52678.2,52520.25,52573.45,174375,2505615
1719810900000,52571.5,52779.9,52465.55,52730,256230,2518725
1719813600000,52733.7,52750,52660,52694.65,102075,2539440
1719816300000,52703.8,52798,52675.5,52722.3,86070,2547480
1719819000000,52725,52780.95,52680.05,52765.7,88290,2563560
1719821700000,52762,52813.65,52700,52715,121830,2573055
1719824400000,52715,52775,52647.35,52723.25,163485,2561265
1719827100000,52723.75,52744,52670,52714.9,110520,2534790
1719891900000,52850.05,52924.85,52323.2,52450,768945,2499705
1719894600000,52448.35,52600,52426,52489.9,248325,2480895
1719897300000,52502.1,52634.75,52476.2,52560,137175,2483610
1719900000000,52566.35,52583.4,52284.3,52350.45,347595,2475570
1719902700000,52350.45,52402.65,52205.05,52223.95,293220,2515290
1719905400000,52223.95,52466.65,52184.2,52436,321045,2504745
1719908100000,52435,52450,52335,52364,108135,2490300
1719910800000,52357.7,52428,52330,52346,147825,2471415
1719913500000,52346,52395.4,52340.7,52372.35,134280,2480580
1719978300000,52855.3,53220,52594.2,53123.9,1866975,2631690
1719981000000,53124,53249,53025.65,53145.95,455790,2684745
1719983700000,53153.95,53165,52990.95,53060.9,285105,2729055
1719986400000,53062.95,53125,53047.85,53085,118485,2744895
1719989100000,53090.7,53150.3,53083.85,53111.2,121560,2776305
1719991800000,53115.05,53160,53067,53151.45,137880,2806125
1719994500000,53153.55,53193.15,53080,53094.8,310425,2859330
1719997200000,53091,53155.1,53066.25,53074.6,444255,2928525
1719999900000,53074.6,53106.2,53071,53094.85,258525,2994990
1720064700000,53251.05,53301.1,53081.05,53229.1,370710,2803395
1720067400000,53236.35,53250,52880,52911.25,427440,2798160
1720070100000,52916.65,52974.95,52831,52972,265125,2830290
1720072800000,52974.95,53017.1,52921.25,52986.55,101880,2830065
1720075500000,52990,53070,52980.15,53030,94545,2844930
1720078200000,53039,53065.25,52955,52987.65,77310,2839890
1720080900000,52985,53143.85,52960,53122.3,125100,2835135
1720083600000,53138.75,53273,53111.5,53169.1,348285,2840850
1720086300000,53159.65,53190,53140.2,53180,80505,2836455
1720151100000,52998.6,52998.6,52300,52394,1345440,2748975
1720153800000,52396.35,52594.95,52385.35,52570.2,298935,2744235
1720156500000,52570.2,52730,52570.2,52680,249510,2714115
1720159200000,52670.55,52738.65,52630,52639.5,123735,2704800
1720161900000,52638,52713,52631,52681.4,66945,2719965
1720164600000,52674.7,52701.35,52567,52615,105150,2733780
1720167300000,52615,52630,52521,52555,123465,2710365
1720170000000,52558,52789.25,52558,52737.05,250305,2680755
1720172700000,52737.9,52760,52680.4,52718.15,104955,2682690
1720410300000,52611,52802.85,52456,52550.05,557460,2662470
1720413000000,52557.4,52799,52535,52674.65,268560,2676165
1720415700000,52663,52674,52500,52566,154665,2684880
1720418400000,52565.6,52572,52352,52372.3,335760,2673195
1720421100000,52372.3,52538.2,52350.1,52525,152820,2685195
1720423800000,52522.35,52550,52443.3,52497,81180,2692380
1720426500000,52503.25,52630,52482.05,52609,123600,2683170
1720429200000,52606.5,52626.35,52480.65,52536.7,172725,2685000
1720431900000,52535.25,52596.7,52530,52580,114210,2681535
1720496700000,52500,52698.55,52500,52610,312030,2609640
1720499400000,52610.3,52678,52550.05,52662.25,121965,2604225
1720502100000,52661.55,52680,52620,52620,87570,2608410
1720504800000,52620,52743.7,52620,52679.4,187860,2638770
1720507500000,52676.4,52680,52587.5,52630,82065,2626035
1720510200000,52630,52680,52616.35,52656.25,57795,2640375
1720512900000,52656.25,52693,52640,52642.8,76560,2649135
1720515600000,52639.7,52665,52609.3,52641.7,109860,2642775
1720518300000,52629.5,52659,52566.25,52580.65,156120,2638800
1720583100000,52542.05,52606.55,52311,52492.5,576120,2597175
1720585800000,52483.8,52488,52204.9,52271.1,515040,2586735
1720588500000,52268.4,52297.4,52210,52261.7,240315,2599125
1720591200000,52260.15,52305.45,52242.85,52265,123465,2598465
1720593900000,52270.75,52290.65,52240,52262,107415,2601450
1720596600000,52269.45,52295,52231.85,52259.95,98535,2580810
1720599300000,52268.95,52293.1,52214.75,52273.3,132885,2556600
1720602000000,52275.85,52371.8,52252.25,52321.9,429195,2419440
1720604700000,52323.35,52344.8,52300.15,52325,136740,2420490
1720669500000,52399.95,52470,52216.25,52326.95,343545,2384820
1720672200000,52326.95,52425,51900,51951.1,675660,2415870
1720674900000,51957.65,52014.8,51860,51986.25,285075,2445690
1720677600000,51980,52061.95,51925,52015.35,160455,2445375
1720680300000,52015.35,52095,52011,52048.35,119430,2436240
1720683000000,52043.3,52085.1,52005.3,52050.05,63540,2434890
1720685700000,52057,52388,52050.5,52300.25,470760,2404050
1720688400000,52307.2,52495,52275,52450.05,442020,2374845
1720691100000,52459.25,52467.5,52422.1,52450.05,128880,2320755
1720755900000,52466.4,52598.95,52280,52356.2,677790,2212665
1720758600000,52352,52439.5,52317.05,52383.3,143055,2229450
1720761300000,52383,52847.15,52358.6,52625,657180,2225505
1720764000000,52628.5,52660,52505,52625,135015,2225010
1720766700000,52630,52640,52535.1,52620.3,78480,2238750
1720769400000,52624.25,52698,52601,52623,104340,2240970
1720772100000,52624.45,52665.95,52573.95,52604.7,75975,2241900
1720774800000,52604.75,52623.95,52303.95,52309.95,370095,2193285
1720777500000,52311.2,52401,52270,52397.25,199845,2190525
1721015100000,52394,52513.9,52281.05,52318.25,430665,2124135
1721017800000,52326,52545,52238.05,52527.55,333975,2117760
1721020500000,52530.75,52548.5,52437.25,52507.5,150075,2129295
1721023200000,52495,52521,52275,52456.05,223245,2114790
1721025900000,52443.5,52456,52362,52413.4,100785,2125170
1721028600000,52411,52691,52406.1,52602,403110,2200125
1721031300000,52604.95,52721.35,52602.2,52700,201270,2217465
1721034000000,52701.4,52710,52606,52628.55,140640,2209815
1721036700000,52627.8,52651.6,52612,52641,112500,2217450
1721101500000,52650,52719.75,52448.3,52553.05,418245,2180385
1721104200000,52540.65,52612.3,52480.1,52589.2,145950,2193645
1721106900000,52589.75,52599.9,52521.1,52589,59565,2199405
1721109600000,52581.5,52606.3,52517.8,52527.6,81375,2205390
1721112300000,52519.9,52590.8,52502,52574,79200,2209695
1721115000000,52570,52596.05,52476,52500,109380,2217870
1721117700000,52500,52538.2,52496.6,52498.3,63615,2211750
1721120400000,52505.45,52550,52450,52535.6,213180,2160705
1721123100000,52537.9,52561.05,52488.9,52548.3,118755,2123040
1721274300000,52431.95,52739,52282.15,52649.5,670590,2179650
1721277000000,52642.25,52780,52592,52652.35,299115,2260920
1721279700000,52652.9,52666,52340,52402.25,346230,2191140
1721282400000,52398.15,52541,52303,52527.25,257625,2149605
1721285100000,52530,52580,52469,52486.2,108390,2137200
1721287800000,52480,52705.65,52461,52627.65,276495,2167905
1721290500000,52639.05,52835,52627.85,52764.5,334545,2167215
1721293200000,52764.5,52798,52651.05,52670,209715,2151105
1721295900000,52671.7,52705,52645,52656,97410,2148585
1721360700000,52535,52640,52405.55,52430.7,471705,2056905
1721363400000,52420.65,52494,52342.15,52400,319605,2064240
1721366100000,52394.35,52409.4,52131.95,52317.85,487995,2104920
1721368800000,52317.8,52376.85,52252.1,52345,127665,2106270
1721371500000,52346.75,52375,52218.05,52219.05,118410,2106375
1721374200000,52218.95,52370,52201,52317.85,152865,2092755
1721376900000,52319.45,52378,52208,52280.85,162525,2094555
1721379600000,52285,52348.75,52253,52287.1,184695,2053125
1721382300000,52287.1,52295.45,52225.4,52225.4,190290,2023020
1721619900000,52100,52363,51932.25,52359,661425,1894395
1721622600000,52360.9,52435.35,52288.7,52392.75,238890,1916250
1721625300000,52394,52408.9,52276.6,52321.3,132900,1912440
1721628000000,52323,52340,52213,52238,112965,1898055
1721630700000,52232,52278.25,52182,52247.5,113235,1896555
1721633400000,52240.05,52335.9,52215,52306.55,55545,1889520
1721636100000,52305.05,52335,52222.65,52270,64695,1863690
1721638800000,52270,52313.25,52232.9,52295.4,126960,1849560
1721641500000,52294.6,52317.65,52270,52307.55,86670,1817520
1721706300000,52405.3,52462.75,52133.55,52244.4,284055,1788210
1721709000000,52236.8,52349.3,52172.35,52268.6,207345,1773480
1721711700000,52262.5,52450,51900,52238,439635,1756995
1721714400000,52238,52278,52068,52200.15,211620,1765560
1721717100000,52190,52222.05,51558.35,51707.85,1149210,1836600
1721719800000,51706.95,51738.95,51411,51674,621510,1828035
1721722500000,51675.5,51949,51614.1,51758.45,357180,1819875
1721725200000,51759.9,52120.5,51750,51780,506640,1810275
1721727900000,51776,51827.9,51717,51765,131505,1818630
1721792700000,51611.15,51974.85,51541.1,51888.55,705300,1638810
1721795400000,51883.85,51904.2,51452,51538.2,339405,1657665
1721798100000,51544.75,51616,51162.3,51191.65,504120,1683675
1721800800000,51181.75,51297,51151.3,51201,315660,1644660
1721803500000,51200.9,51205.3,50921,51033.6,388545,1639185
1721806200000,51031.65,51550.15,51006.7,51545.35,545640,1607655
1721808900000,51535.6,51544.35,51102,51253,396420,1557735
1721811600000,51251,51387.6,51210,51366.95,356910,1527360
1721814300000,51365.95,51500,51356.95,51485,195315,1476960
1721879100000,50966,51104.95,50700.1,50717.05,548550,1340115
1721881800000,50717.05,50776.75,50601,50733,337515,1382400
1721884500000,50733,50884,50715.8,50855.85,147165,1353930
1721887200000,50857.2,50964.1,50846.65,50907.9,187260,1322685
1721889900000,50917.65,50942.9,50833.7,50930.15,73800,1329810
1721892600000,50926.75,50947.4,50806,50816.9,78450,1313265
1721895300000,50812.6,50999.95,50810,50950,143460,1299480
1721898000000,50948.35,50982.65,50890,50950,98625,1260315
1721900700000,50943.45,50954.9,50905,50920,72210,1240170
1721965500000,50650,50902.05,50605,50766.85,426990,1308660
1721968200000,50769,50821.4,50707,50741,113535,1302150
1721970900000,50740,50987.25,50707,50929.95,215805,1302735
1721973600000,50929.95,51029.5,50875,50932.9,211095,1303485
1721976300000,50924.35,51126.85,50905.45,51107.15,170010,1303410
1721979000000,51106.1,51325.95,51100,51275.05,269445,1254360
1721981700000,51275,51389,51138.1,51204.95,226830,1213245
1721984400000,51202,51379.2,51193.5,51310.1,282420,1182645
1721987100000,51315,51318,51221.2,51318,114990,1209915
1722224700000,51557.5,51958.8,51380.1,51814.35,510300,1155525
1722227400000,51818.5,51913.75,51757,51875.6,165975,1120335
1722230100000,51880,52248.95,51880,52187.25,373230,1144080
1722232800000,52193.1,52381.75,51899.45,51931.4,358125,1142400
1722235500000,51916,51955.45,51240.25,51730.55,681585,1087380
1722238200000,51718.45,51766,51508.55,51646.4,174285,1084425
1722240900000,51646.4,51656.95,51256,51445,320790,1098345
1722243600000,51445,51565,51263.65,51368.7,213510,1091145
1722246300000,51366.15,51420,51345.05,51400.15,82290,1071420
1722311100000,51349,51575,51226.7,51400.9,327660,1019175
1722313800000,51392.65,51639.9,51260.95,51604.2,223920,1002450
1722316500000,51606.8,51675.85,51507,51637.7,174525,1003995
1722319200000,51645.3,51750,51579.05,51640.45,149070,1011150
1722321900000,51643.5,51693.1,51599.55,51673.95,53325,1014810
1722324600000,51666.45,51938,51571,51789.3,392670,1002720
1722327300000,51788.8,51839.8,51721.45,51770.9,128325,1003500
1722330000000,51771.6,51884.5,51425,51501.8,249345,996285
1722332700000,51500,51537,51460.05,51472.7,81480,984420
1722397500000,51520.35,51543.55,51355,51492.2,277335,860370
1722400200000,51485.5,51657,51455.05,51588.65,173460,868440
1722402900000,51588.65,51602.9,51375,51375,92535,881235
1722405600000,51385.9,51490,51363.3,51464.95,76515,891825
1722408300000,51464.95,51565,51414.1,51480,62025,888855
1722411000000,51480,51525,51309.8,51421.95,104070,886650
1722413700000,51421.95,51456.2,51307.3,51437.45,151350,887910
1722416400000,51438,51560,51402.5,51530.6,328560,879285
1722419100000,51528.95,51557,51528.95,51550.7,99975,844035
1722483900000,51990,52080,51912.5,51967.95,450855,2474790
1722486600000,51967.3,51990.95,51877.4,51951,159540,2505075
1722489300000,51951,51985.6,51868.1,51962,131955,2502105
1722492000000,51960,51973.6,51887.15,51900.1,76425,2502210
1722494700000,51897.65,51910,51734,51800.2,216645,2506515
1722497400000,51803.3,51890.2,51800.2,51819.05,90825,2518380
1722500100000,51819.5,51858.85,51635,51672.55,194340,2524575
1722502800000,51673.9,51799.5,51655,51740.95,223305,2531655
1722505500000,51748.45,51809,51742.35,51773,166125,2527260
1722570300000,51405,51522.25,51151.6,51354.7,688710,2500155
1722573000000,51364,51629,51349.95,51567.55,300480,2487780
1722575700000,51569.3,51711.95,51565,51637.05,256380,2527755
1722578400000,51643.9,51727.9,51567.7,51624.5,193560,2574165
1722581100000,51614,51628,51470.55,51568.85,154335,2592570
1722583800000,51577.9,51736.9,51542.5,51680.9,157875,2623425
1722586500000,51680.9,51699,51546.1,51633.25,150525,2636895
1722589200000,51639.5,51642.3,51400.25,51430,305205,2643315
1722591900000,51430,51466,51411.15,51436,143370,2651640
1722829500000,50678,50976.95,50507,50645.3,1020360,2737500
1722832200000,50649.9,50658.2,50321.4,50368.75,429435,2837610
1722834900000,50373,50375.7,49843.25,50092,726585,2945145
1722837600000,50091.9,50180.15,50025.65,50140,299040,2980035
1722840300000,50148,50210,49974.85,49989.85,239025,3029310
1722843000000,49990,50320.2,49954.6,50198.65,299370,3026940
1722845700000,50192.4,50310,50072.25,50121,216795,3033150
1722848400000,50125,50346.15,50109.95,50234.5,281130,3025230
1722851100000,50232.25,50254,50152,50152,151920,3032055
1722915900000,50499.9,50767.8,50434.9,50553.9,604800,2960025
1722918600000,50552.7,50555.95,50080.8,50147.05,409710,3010830
1722921300000,50141.45,50412.15,50133,50271.15,316545,3005565
1722924000000,50271.15,50367.7,50255,50316,94935,3015810
1722926700000,50334.6,50341.45,50206.55,50249.85,108375,3028920
1722929400000,50247.45,50284.35,50022.2,50059.15,185865,3035085
1722932100000,50050.7,50112.35,49815.8,49963.1,491940,3083235
1722934800000,49963.85,50018.9,49865.15,49917.9,241305,3094140
1722937500000,49917,49934.1,49893,49907,158445,3093795
1723002300000,50391.7,50391.7,50085.05,50128.8,590235,3073965
1723005000000,50130,50318.8,49950,50200,496935,3045120
1723007700000,50203.6,50238,50013,50078.9,225990,3065505
1723010400000,50080.05,50144,50013,50045.4,138885,3070485
1723013100000,50043.35,50250,50042.8,50080,185280,3074940
1723015800000,50080,50127,50015,50068.15,182910,3134925
1723018500000,50070,50324.3,50050.1,50273,376560,3090480
1723021200000,50283.55,50375,50168,50361.4,422415,3106995
1723023900000,50361.4,50400,50337.4,50395.1,231840,3104325
1723088700000,50240,50335.95,50154.6,50171.8,322170,3081990
1723091400000,50167.45,50275,49980,50205,486120,3109065
1723094100000,50200.7,50420,50116.65,50325.2,323790,3079230
1723096800000,50329.95,50500,50266.3,50500,236475,3082140
1723099500000,50501,50531.9,50268,50318,246270,3073740
1723102200000,50312.95,50336,50185,50320,184665,3075180
1723104900000,50332.2,50355.55,50217,50300.35,104595,3070860
1723107600000,50300.55,50343.7,50207.75,50215,137010,3047520
1723110300000,50220,50235.1,50175.8,50190,159360,3067425
1723175100000,50635.5,50795.1,50505.35,50698.8,652755,3014910
1723177800000,50694,50725.15,50479.05,50525,287190,2981850
1723180500000,50520,50618,50505,50588.25,125610,2982480
1723183200000,50590,50679.95,50560.3,50598.05,98250,2975970
1723185900000,50598.05,50637,50549.55,50550,82410,2983740
1723188600000,50549,50688.9,50534.05,50675.05,124260,2959890
1723191300000,50678.15,50699,50601,50610,118980,2963250
1723194000000,50605,50623.2,50560,50571,131415,2952210
1723196700000,50571.15,50581.65,50550,50570,108630,2950935
1723434300000,50499.95,50561.9,50341.5,50380,528690,2915745
1723437000000,50385.8,50835.7,50355,50794.6,423585,2898795
1723439700000,50793.35,50986.2,50749.3,50852,442755,2904180
1723442400000,50851.7,50908.85,50810,50819.45,108180,2915550
1723445100000,50819.45,50962.45,50773,50889.35,138675,2904150
1723447800000,50889.35,50947.9,50824,50934.9,82410,2902425
1723450500000,50943.05,50998,50867,50900.75,150345,2904540
1723453200000,50900,50900,50652.3,50729.95,375510,2893995
1723455900000,50729.85,50750,50718.05,50750,161145,2883645
1723520700000,50600,50746.1,50532.7,50577.3,474615,2882625
1723523400000,50576.1,50618.4,50455,50466.55,318390,2956050
1723526100000,50465.55,50559.95,50440.6,50548.1,147690,2996355
1723528800000,50540,50560,50421.2,50474.1,104100,3005535
1723531500000,50468,50476.95,50156.3,50252.05,427920,3077220
1723534200000,50252.05,50336.25,50184.15,50241.15,334545,3161850
1723536900000,50233.1,50280,50047,50120,391740,3264240
1723539600000,50126.25,50137.8,50005.7,50018.85,342810,3341880
1723542300000,50015,50088,50012,50088,151185,3341715
1723607100000,50099,50300,49865.9,49947.7,526590,3340350
1723609800000,49946,50059.9,49919.65,50025,206670,3396495
1723612500000,50027,50030,49885.9,49947.35,112470,3398235
1723615200000,49950,49994.9,49904.85,49978.05,93510,3391020
1723617900000,49978,49994.35,49911.65,49982.7,90465,3404805
1723620600000,49983.7,49990,49929.45,49955.35,87510,3391665
1723623300000,49955.3,50015.75,49925,49965.3,148980,3403080
1723626000000,49965,49997.5,49931,49956.05,147015,3402000
1723628700000,49955,49966,49942.35,49960,181845,3414810
1723779900000,50250.25,50977,50080,50110,795495,3368025
1723782600000,50106.55,50173.3,49960.05,50076.3,298275,3391410
1723785300000,50069,50226.9,50050.4,50211.05,155595,3393525
1723788000000,50211.8,50518.35,50205.7,50478.2,522105,3306585
1723790700000,50480,50509.45,50411,50475,206310,3281025
1723793400000,50467.6,50619.35,50465.55,50614.1,300120,3214425
1723796100000,50615,50735.4,50604.05,50646,434625,3173895
1723798800000,50649.9,50667.55,50554.6,50641.8,214395,3118065
1723801500000,50638,50647.15,50595.2,50630,173895,3060420
1724039100000,50705.55,50814.75,50533.05,50585,476460,2978445
1724041800000,50580,50618.95,50451,50549.9,293070,3000510
1724044500000,50549,50675,50475,50651.6,171255,3014040
1724047200000,50654.95,50675.45,50501,50534.55,163080,3036240
1724049900000,50534.4,50564.95,50438.95,50514,115770,3057090
1724052600000,50514,50589.8,50427,50462.45,125925,3080055
1724055300000,50460,50532.15,50431.65,50529,92295,3100935
1724058000000,50529.95,50555,50447.9,50470.6,140100,3097650
1724060700000,50471.75,50520,50470,50496,93585,3080790
1724125500000,50554.95,50821.95,50506.2,50820,500760,3020850
1724128200000,50816.65,50934,50790,50850,355875,2990970
1724130900000,50855.3,51018.4,50801,50965,335880,2972625
1724133600000,50963.2,51013.6,50920,50997.3,154215,2944050
1724136300000,50997.3,51080.95,50960,51060.1,254535,2921775
1724139000000,51062.9,51076.05,50963.1,50986.25,134400,2913825
1724141700000,50994,51025,50906.65,50955.35,142935,2878890
1724144400000,50955.05,50999.8,50871.75,50872.15,213210,2872665
1724147100000,50873.9,50903.3,50865,50870,178335,2877900
1724211900000,50832,50890,50560,50602.75,692970,2921205
1724214600000,50604,50727.5,50593.05,50658.5,252240,2969310
1724217300000,50657,50781.05,50463,50749.95,532890,2956395
1724220000000,50750.9,50765.9,50570.05,50680.6,252270,2959755
1724222700000,50673.25,50719.95,50601.35,50620.05,91305,2952945
1724225400000,50620.05,50635.15,50476.75,50560.8,285285,3054075
1724228100000,50562.95,50627.9,50546.05,50576.1,140910,3052440
1724230800000,50575.65,50810,50528.75,50786.85,575490,2824485
1724233500000,50786.3,50850,50782.05,50840,237735,2782965
1724298300000,50955.6,51093.55,50851.05,51007,520335,2733225
1724301000000,51015,51070,50958.1,51044,164070,2727615
1724303700000,51041.3,51058,50961,51020.7,73050,2721210
1724306400000,51020.75,51142.45,51013,51032.1,184245,2732250
1724309100000,51032.1,51132.75,51028,51100.9,124155,2736405
1724311800000,51099.25,51125,51013,51101.4,170535,2755785
1724314500000,51106.75,51125,50996.9,51015,189720,2765955
1724317200000,51014.25,51068,50945.55,51036.15,184020,2717805
1724319900000,51036.15,51048.25,51022.65,51035,99420,2688780
1724384700000,51049.95,51154.45,50889,51115.6,470565,2612340
1724387400000,51113.4,51125,50966.4,51078,163155,2614680
1724390100000,51077.9,51112.7,51021,51053.6,85065,2612790
1724392800000,51056.65,51077.9,51013.05,51038,58320,2617320
1724395500000,51032.8,51050,50985.05,51031,83385,2637525
1724398200000,51031.1,51068,50988.35,51024.2,77100,2616375
1724400900000,51024.2,51060,50974.45,51032.45,88440,2605620
1724403600000,51033.1,51055,50918.25,50968.45,188505,2577180
1724406300000,50962,50984.95,50960,50980,132000,2534490
1724643900000,51148,51337,51020,51299.4,535425,2466915
1724646600000,51300,51378.5,51245,51287.3,241245,2471970
1724649300000,51278.25,51290,51182.15,51262.95,155955,2445030
1724652000000,51262.95,51315,51237.55,51250.5,94155,2425785
1724654700000,51250,51337,51233.05,51298.05,105705,2423505
1724657400000,51298.05,51307.9,51251.15,51285.25,165945,2418990
1724660100000,51283.75,51294.65,51190,51212.75,203160,2420910
1724662800000,51210.2,51262,51181.5,51219,174045,2436795
1724665500000,51220.25,51250,51209.65,51219.95,101325,2428065
1724730300000,51247.7,51253.15,50931.5,51168.85,612720,2330685
1724733000000,51175.4,51263.65,51005,51095,269955,2319960
1724735700000,51095,51350,51073.35,51335,339765,2288565
1724738400000,51340.35,51370,51240,51274.65,250500,2274390
1724741100000,51270.15,51360,51240.35,51313.6,167760,2305200
1724743800000,51313.6,51365,51272.3,51340.25,136350,2166360
1724746500000,51335.1,51388.55,51275,51303.35,139545,2161905
1724749200000,51303.1,51355,51235,51260.5,208035,2093445
1724751900000,51266.7,51276.2,51210.1,51231.05,88890,2082195
1724816700000,51421,51421,51090,51166.7,383670,1720560
1724819400000,51170.1,51172,51065,51110,180540,1715670
1724822100000,51111,51209.4,51086.75,51158.95,231885,1714665
1724824800000,51158.55,51216.45,51140.45,51185.2,151740,1630695
1724827500000,51188,51256,51175.05,51200,142605,1610385
1724830200000,51195.75,51213.75,51180.45,51207.05,89340,1566570
1724832900000,51207.05,51249,51142.05,51160,194835,1399950
1724835600000,51159.95,51190,51130,51157.4,343245,1344150
1724838300000,51157.95,51158,51135.6,51143.7,218655,1275855
1724903100000,51395.15,51585,51311.6,51557.35,499500,2334045
1724905800000,51559.95,51610,51520.4,51567,206985,2382840
1724908500000,51568.65,51569.95,51485.05,51517.45,79710,2392260
1724911200000,51524,51569.95,51468.1,51566.8,110580,2402490
1724913900000,51569,51670,51531.6,51539,270750,2423475
1724916600000,51539,51600,51530,51545.95,87990,2439090
1724919300000,51545.95,51555.1,51346.4,51379.45,355350,2454780
1724922000000,51388.7,51534,51361.25,51477.05,283695,2467245
1724924700000,51470.75,51503.95,51468.3,51495,102780,2472705
1724989500000,51500.5,51715,51500.5,51639.8,427995,2413905
1724992200000,51638.4,51649.9,51580.2,51627.85,124920,2427690
1724994900000,51635.3,51665.6,51605,51625.55,83910,2434110
1724997600000,51625.55,51700,51618.3,51686.85,113670,2453970
1725000300000,51686.85,51706.95,51641.1,51667,76890,2445525
1725003000000,51675,51709.95,51655.25,51700,93885,2427600
1725005700000,51699,51729,51672,51675.6,159480,2436075
1725008400000,51683.6,51708.55,51645,51670,186870,2428230
1725011100000,51670.05,51677,51640,51650,201225,2424960
1725248700000,51755.05,51820,51600,51616,304320,2404995
1725251400000,51619.05,51640,51553.25,51570,160905,2406705
1725254100000,51570,51670,51570,51645.05,89970,2417595
1725256800000,51645.4,51649,51540.9,51588.35,132570,2429655
1725259500000,51583.7,51600,51519.35,51535.1,95940,2435160
1725262200000,51536,51584.45,51529.85,51555.95,63330,2432445
1725264900000,51553.15,51734.05,51550,51660.05,393915,2409390
1725267600000,51660.05,51729.9,51640,51648.05,212235,2415045
1725270300000,51648.05,51657.35,51627,51638,102915,2409420
1725335100000,51646,51692,51576.4,51640.1,206445,2402385
1725337800000,51641.1,51685.65,51619.7,51679.45,83220,2413335
1725340500000,51679.45,51680,51525,51633.95,147210,2432955
1725343200000,51634,51664.8,51611,51640.65,47835,2425095
1725345900000,51646.3,51664.65,51615.5,51633.7,39720,2424780
1725348600000,51636,51677.3,51625,51645,73620,2420535
1725351300000,51645,51678,51600,51661.7,85455,2415990
1725354000000,51662,51885,51650,51859.5,736125,2431170
1725356700000,51860.1,51864.55,51821,51845.2,244455,2470350
1725421500000,51535.35,51703.95,51535.35,51593,609180,2402055
1725424200000,51593,51650,51581.05,51609.5,149880,2420835
1725426900000,51609.5,51689,51602,51642,135255,2421045
1725429600000,51647.05,51684.95,51631.65,51665,60405,2432175
1725432300000,51674.9,51689.65,51635,51635.25,77400,2444925
1725435000000,51635.25,51689,51625.55,51648.35,92850,2455320
1725437700000,51655,51679,51620.5,51639,84765,2468340
1725440400000,51639.05,51675.7,51590.6,51620.55,275325,2434110
1725443100000,51621,51627,51593.85,51606.4,137535,2436285
1725507900000,51675,51760,51655.6,51703.05,276285,2401275
1725510600000,51699.95,51725.55,51641.05,51671.45,116490,2397825
1725513300000,51671.45,51729,51670,51700,68865,2399295
1725516000000,51700.05,51744.95,51695,51718.05,58020,2402730
1725518700000,51718.05,51775,51707.1,51750,77715,2395290
1725521400000,51750,51767.45,51714,51729.2,52380,2399025
1725524100000,51729.15,51746,51701,51711.95,34860,2396910
1725526800000,51711.95,51756.8,51700,51740,95595,2392695
1725529500000,51744.3,51747.8,51709,51720,100050,2385465
1725594300000,51530,51670,51222.2,51253.65,825120,2413830
1725597000000,51250.05,51273.45,51033.05,51152.45,542520,2484855
1725599700000,51160.85,51205,51040,51085,204495,2533710
1725602400000,51090,51146,51057.15,51121.3,109800,2538540
1725605100000,51117.9,51169.75,51005,51034.2,127665,2554455
1725607800000,51027.7,51056.45,50933,51003.1,200130,2575995
1725610500000,51003.1,51018.8,50800.05,50828.55,194535,2593845
1725613200000,50828.55,50842,50610,50763.4,437700,2666490
1725615900000,50763.8,50857.1,50760,50770,193095,2665650
1725853500000,50761,50910,50255.55,50843.95,550395,2536035
1725856200000,50853.3,50979.8,50725,50964,193845,2519970
1725858900000,50964,51030,50925,50947.2,164715,2511390
1725861600000,50947.2,51077,50851,50865.85,184845,2515650
1725864300000,50876,50878.7,50768.55,50848.15,126375,2529630
1725867000000,50844.1,51096,50843.1,51008.15,184485,2508615
1725869700000,51014,51135,50976,51060.05,168135,2497770
1725872400000,51059.5,51330,51043.5,51261,453885,2436195
1725875100000,51267.3,51300,51233.7,51293.8,190275,2396010
1725939900000,51403.2,51427.4,51137.6,51159.5,463500,2429055
1725942600000,51161,51334,51135.05,51270,181095,2441490
1725945300000,51274.5,51329,51195.05,51303.6,104700,2447880
1725948000000,51304.65,51390,51280,51359,110415,2440830
1725950700000,51358.95,51401.9,51317.1,51350,97215,2422605
1725953400000,51355,51496,51346.6,51465,237285,2391825
1725956100000,51460.65,51478.75,51395.9,51416,129000,2391540
1725958800000,51408.1,51420.75,51259.2,51380.1,254550,2400660
1725961500000,51380,51400,51366,51385,113070,2394390
1726026300000,51300,51438.6,51200,51392.75,444990,2370360
1726029000000,51380.1,51519,51351.1,51499.9,223365,2383665
1726031700000,51502.55,51502.55,51335.45,51399,153615,2380395
1726034400000,51390.15,51433.75,51200.5,51319,212835,2385060
1726037100000,51322.55,51340,51228,51248.8,92745,2388840
1726039800000,51242,51325,51233.45,51260.05,72885,2391990
1726042500000,51260,51285.95,51180,51206.05,269925,2455560
1726045200000,51206.25,51244.5,51086.7,51101.6,381630,2492445
1726047900000,51107.5,51150.35,51098.35,51135,103680,2485620
1726112700000,51320,51397,51250,51252.5,403530,2430420
1726115400000,51250.1,51340,51240,51269,112215,2423415
1726118100000,51268,51340,51150,51217.9,123840,2408850
1726120800000,51223.7,51338,51210,51318.6,98220,2401800
1726123500000,51317.7,51319.9,51252.75,51292.05,48900,2405445
1726126200000,51291.7,51358,51287.65,51357.85,93105,2393010
1726128900000,51357.85,51663,51348.45,51642.05,690000,2297685
1726131600000,51640.25,51880,51580,51827.25,688545,2220330
1726134300000,51815.75,51830.45,51650,51711,215880,2207670
1726199100000,51944.7,51944.7,51692,51737.55,363765,2223345
1726201800000,51731.15,51824.4,51713,51785,148320,2264415
1726204500000,51782,51973.8,51767.15,51848.55,247875,2231565
1726207200000,51836.8,51944,51792.6,51930,114885,2252850
1726209900000,51927.6,52015.4,51886.25,51978.1,193920,2258460
1726212600000,51978.1,52000,51851,51912.05,130950,2245740
1726215300000,51913,52044,51893.7,52020,140355,2229630
1726218000000,52015.25,52017.7,51880,51945,189525,2265060
1726220700000,51945.05,51954.5,51907.25,51925,108195,2236725
1726458300000,51970,52271.55,51970,52210,486180,2224275
1726461000000,52208.05,52276.95,52192.65,52212,121110,2201805
1726463700000,52210,52232.5,52163.45,52195,102435,2172630
1726466400000,52188.55,52190,52116.2,52160,90090,2153340
1726469100000,52151,52224.3,52101.5,52197,93750,2162250
1726471800000,52197,52299,52187.15,52290.05,146685,2175630
1726474500000,52294.15,52299,52230.45,52290,89355,2164035
1726477200000,52283.5,52299,52240,52255,92100,2145780
1726479900000,52253.45,52270,52253,52265,85245,2133090
1726544700000,52271.5,52345,52185,52213.4,306705,2109870
1726547400000,52213.4,52305.45,52187,52287.6,110340,2111925
1726550100000,52290,52317.25,52261.9,52314.85,89430,2107275
1726552800000,52314.9,52350,52287.4,52300,91035,2091855
1726555500000,52298.6,52357.5,52298.05,52335,100350,2091180
1726558200000,52335,52347.95,52308.55,52339.95,36750,2086635
1726560900000,52331.55,52346.3,52300.3,52315.5,83655,2078925
1726563600000,52311.6,52323.9,52290,52305,96675,2057040
1726566300000,52305.05,52308.85,52271.95,52275,112590,2027895
1726631100000,52205.15,52530,52205.15,52512.4,441915,2031405
1726633800000,52511.75,52727.35,52460,52724.1,234450,2026935
1726636500000,52719.95,52790,52615,52745,317175,2045340
1726639200000,52742.05,52832,52720.55,52811.55,168420,2052045
1726641900000,52812,52999,52810.2,52866.7,365235,2078265
1726644600000,52868,52897.45,52701,52776.55,359460,2081325
1726647300000,52773.55,52896.7,52760.05,52820,183150,2062320
1726650000000,52818.05,52864.65,52763.25,52796.05,345255,2020995
1726652700000,52796.5,52808,52686.05,52700,317085,1985805
1726717500000,52849,53447.05,52849,53120.75,770970,1953405
1726720200000,53120.15,53210.15,53040.75,53114.95,205530,1945755
1726722900000,53119.9,53260,52912.65,52963.85,216360,1939740
1726725600000,52960,53075,52833.15,53026.35,265605,1967445
1726728300000,53024.5,53199,52983.6,53033.85,182265,1966590
1726731000000,53035.8,53121.8,53020.05,53072.55,65475,1985625
1726733700000,53072.55,53141.75,53006.55,53102.05,61425,1984005
1726736400000,53100.9,53207.1,53036.6,53193.35,141705,1977720
1726739100000,53192.05,53204,53135,53184.65,103725,1962240
1726803900000,53325.15,53345,53091,53320,344640,1948920
1726806600000,53321,53441,53265.05,53440,322545,1933950
1726809300000,53435,53468.45,53352.35,53404,197130,1949700
1726812000000,53404,53600,53387.9,53532.3,201090,1940040
1726814700000,53535,53604.65,53479.25,53577.8,175275,1956810
1726817400000,53570.05,53590,53141.9,53230,338415,1890900
1726820100000,53232.4,53432.3,53215.95,53272,257265,1899450
1726822800000,53268.3,53640,53222,53640,355335,1901505
1726825500000,53638.4,53643.95,53522.2,53596,223020,1920750
1727063100000,53900.05,53959.9,53661,53875.25,404880,1788210
1727065800000,53887.1,53987.8,53844.3,53893.4,180405,1820085
1727068500000,53899.9,53960.8,53872.2,53927.45,132945,1763100
1727071200000,53918.3,53965,53890,53938.8,104220,1753635
1727073900000,53933.5,53961.45,53906.35,53949,124845,1736775
1727076600000,53949.55,54108,53949.55,54080,241470,1709625
1727079300000,54080,54252.1,54039,54191.55,187665,1708860
1727082000000,54196.25,54196.25,54021.35,54049.05,213465,1698105
1727084700000,54047.45,54109.9,54047.45,54070,100350,1685370
1727149500000,54058,54194,53980.4,54161.6,289245,1533450
1727152200000,54154.5,54185,54037.4,54063,180645,1508520
1727154900000,54063,54078,53954,54000,171945,1472535
1727157600000,54000,54095.55,53995.05,54084.4,98865,1480335
1727160300000,54080,54180.2,54073.85,54146.85,111000,1496805
1727163000000,54146.85,54175,54102.05,54150.05,72060,1470810
1727165700000,54153.8,54200,54084.15,54126.85,134970,1479930
1727168400000,54126.85,54195.35,53968,54022.6,233220,1491630
1727171100000,54022.5,54067.4,54011.05,54011.05,79425,1493730
1727235900000,53897.3,54055.9,53871.05,54025.15,243150,1246560
1727238600000,54024.85,54109,53947.45,54070,153885,1240695
1727241300000,54070,54080.45,54015,54039.15,111195,1244775
1727244000000,54040,54049.5,53983.7,54025.05,95145,1209525
1727246700000,54025,54064.7,54015.35,54055.2,341490,1298760
1727249400000,54055.2,54104.5,54040,54082,145830,1217775
1727252100000,54082,54098,54051,54082.8,107445,1201740
1727254800000,54082.8,54115.25,54062.55,54108.3,244245,1109280
1727257500000,54108.3,54109.95,54093.8,54109.2,116625,1052715
1727322300000,54280,54475.4,54280,54384.65,286455,1852620
1727325000000,54377.7,54450,54376.65,54420.45,87750,1861590
1727327700000,54420.45,54427,54380.55,54401.65,58650,1864005
1727330400000,54401.7,54494.05,54392.65,54480.75,102345,1855965
1727333100000,54478,54499,54430,54431,80175,1866180
1727335800000,54430,54469,54398,54444.9,65895,1876095
1727338500000,54444.9,54507,54372,54469.95,137310,1872600
1727341200000,54465.75,54640,54440,54545,383610,1901070
1727343900000,54541.05,54553.2,54489.55,54498,120540,1914510
1727408700000,54503,54587.1,54464.75,54549.95,294030,1928055
1727411400000,54548.7,54579,54530,54558.45,79080,1922760
1727414100000,54560,54570,54422.65,54485.95,178620,1928235
1727416800000,54485.95,54496.3,54429.05,54460.5,71385,1933875
1727419500000,54459.15,54471.45,54290,54300,202530,1914225
1727422200000,54301.65,54325,54125,54229.25,334140,1920915
1727424900000,54230,54313.2,54185,54262,166005,1912410
1727427600000,54262,54300,54150,54207.4,193095,1898985
1727430300000,54215.8,54255,54200,54204.1,113910,1907970
1727667900000,54000,54042.4,53451.15,53545,794490,1815915
1727670600000,53540,53685,53522.1,53629,302325,1784880
1727673300000,53625.65,53713,53596.3,53610,123420,1787070
1727676000000,53610,53615,53500,53529.3,163995,1792455
1727678700000,53529.3,53570,53476.85,53491.05,103290,1813230
1727681400000,53494.45,53513.95,53366,53460.45,204420,1816200
1727684100000,53460.45,53514.55,53400,53425,130185,1835025
1727686800000,53423.6,53506.25,53384.95,53452,250185,1861815
1727689500000,53453,53475,53420,53420,147735,1861050
1727754300000,53388.95,53645,53332.5,53431.65,464430,1848075
1727757000000,53430.9,53460,53252.65,53285,190575,1859580
1727759700000,53282,53478.45,53252,53451,183945,1863660
1727762400000,53454,53551.85,53415,53446.55,164415,1878450
1727765100000,53463.2,53489.7,53380.95,53427.2,119565,1902390
1727767800000,53418,53468,53390,53419,124770,1941300
1727770500000,53419,53443.9,53336.8,53340.05,136545,1968240
1727773200000,53339.95,53443.95,53330.25,53379.65,240825,2022465
1727775900000,53372,53392,53364.7,53391.85,121695,2024715
1727927100000,52905.4,53050,52750,52912.15,655455,2079585
1727929800000,52912.15,52928.3,52700,52830,289215,2136030
1727932500000,52830.75,52873,52700,52720.15,146850,2183250
1727935200000,52721.15,52765.95,52630,52683.15,209175,2272005
1727937900000,52677,52687,52560,52566.25,201915,2340855
1727940600000,52560,52572.85,52350.1,52369,302190,2415510
1727943300000,52361.6,52372,52190,52205.3,306675,2510160
1727946000000,52213.15,52488.6,52200,52391,281430,2541825
1727948700000,52390,52410,52339.55,52405.9,157065,2536140
1728013500000,52264.8,52530,52162,52527.75,604350,2585595
1728016200000,52524.8,52570,52280,52512.75,266475,2582235
1728018900000,52529.85,52705.9,52501,52567.85,333150,2571825
1728021600000,52567.85,52740,52500.05,52737.95,164595,2570850
1728024300000,52737.95,52741,52200,52200,366630,2562300
1728027000000,52190,52304.4,51960,52020,373110,2638995
1728029700000,52030.9,52062,51885.55,51987,250080,2666610
1728032400000,51987,52056,51771.2,51884.55,280155,2672145
1728035100000,51882.3,51936.1,51867.1,51900,143670,2653260
1728272700000,51999,52140,51868,52034.95,378885,2626965
1728275400000,52041.45,52064.25,51899.5,51907.55,133665,2650425
1728278100000,51907.55,51998.25,51533.6,51778,429270,2653260
1728280800000,51799.95,51815.9,51460.1,51561,236025,2681835
1728283500000,51561,51709.95,51280.7,51337.05,277020,2714145
1728286200000,51330,51355.95,50696.2,50859.95,467250,2770560
1728288900000,50859.95,51274,50829.95,50829.95,496620,2814375
1728291600000,50833.4,51785.3,50832.25,50900,1189890,3039855
1728294300000,50908.7,51117.45,50894.7,51057.9,264690,3127935
1728359100000,51132.05,51411,50878.05,51218.3,559530,3052920
1728361800000,51210,51484,51091.05,51426.05,342345,3034320
1728364500000,51426.05,51504,51339.8,51453,198645,3003015
1728367200000,51447.55,51528,51301.95,51396.7,144930,2987535
1728369900000,51396.7,51429.95,51252.8,51330,104655,2988975
1728372600000,51333.8,51532,51299.05,51437.25,195450,3002565
1728375300000,51442,51559,51441.35,51520.35,126645,3024165
1728378000000,51520.35,51520.35,51270,51390,205950,3006570
1728380700000,51380.05,51442.6,51375,51402.6,76470,2998575
1728445500000,51460,51570,51311.3,51412.45,387390,3041895
1728448200000,51414.55,51941,51355.9,51837.6,904170,3086700
1728450900000,51825,52037,51781,51810,341295,3106620
1728453600000,51810,51850,51401.5,51455.1,448875,3032205
1728456300000,51454.1,51584.8,51413.05,51515,159375,3036900
1728459000000,51515,51517.85,51335.35,51403.1,223380,3075450
1728461700000,51403.1,51492,51340,51359.3,158595,3113445
1728464400000,51359.3,51450.4,51316.15,51387.7,355320,3203985
1728467100000,51387.7,51419.25,51371.7,51400.1,166830,3249105
1728531900000,51510,51695,51431,51690,362505,3205440
1728534600000,51694,51778.95,51590,51641.6,218370,3180615
1728537300000,51641.6,51699.25,51555.3,51618.6,73140,3182175
1728540000000,51623.95,51755.5,51603.15,51722.65,94710,3169980
1728542700000,51715,51761.95,51680,51692.05,73140,3166260
1728545400000,51692.05,51897.15,51689.2,51839.1,199245,3167790
1728548100000,51835,51930,51750,51871.05,137340,3180135
1728550800000,51878,51899,51750,51791.5,182595,3124890
1728553500000,51790.35,51810,51750.5,51790.2,84690,3107025
1728618300000,51897,51897,51600,51742.55,294900,3120060
1728621000000,51745.2,51818.25,51580,51603.55,136905,3115455
1728623700000,51605,51624.45,51261.2,51274.45,458235,3169485
1728626400000,51270.1,51379.55,51219.1,51331.2,210750,3193410
1728629100000,51337.95,51412.4,51307.3,51377.2,86865,3203025
1728631800000,51373.1,51513.05,51351,51364,128955,3197595
1728634500000,51356.1,51470.85,51340,51386.9,74280,3205230
1728637200000,51390.55,51442.5,51350,51352.25,104625,3193935
1728639900000,51352.45,51407.6,51351,51391.05,127440,3178065
1728877500000,51469.95,51937.55,51426.4,51904.25,630615,3067800
1728880200000,51905,51988,51821.1,51904.85,236625,3061845
1728882900000,51904.85,52055,51904.85,51965,165645,3050010
1728885600000,51965,51986.15,51920.2,51960,94980,3057120
1728888300000,51969,51990,51880.6,51899.3,84390,3048690
1728891000000,51899.25,51992.6,51889.85,51964.9,82110,3038400
1728893700000,51960.7,52025,51950,51990,97440,3044220
1728896400000,51985.05,52089,51979.7,52012.05,205800,3026055
1728899100000,52022.15,52098.5,52006.35,52080.35,177750,2965530
1728963900000,52176,52241,52008,52039.55,417015,2916570
1728966600000,52038.05,52183.8,51910.2,52147.2,257475,2923335
1728969300000,52148.6,52169.65,51929.1,51929.55,128745,2925360
1728972000000,51934,52109,51926.2,52084.6,100920,2932395
1728974700000,52071.7,52145,52035.25,52099.75,67695,2934045
1728977400000,52090,52117,52010.85,52117,81405,2943195
1728980100000,52112.4,52135,52043.7,52089.95,52845,2941215
1728982800000,52089.95,52108,52002,52099.8,108270,2936595
1728985500000,52100,52150,52088,52145,89160,2919120
1729050300000,51944.7,52250,51944.7,52211.4,341580,2919315
1729053000000,52201,52208.8,52100,52136.95,124080,2925360
1729055700000,52136.95,52155,52036.05,52038.3,110535,2926935
1729058400000,52037.75,52092,52027,52079.3,97830,2939355
1729061100000,52075.1,52113.6,52053.5,52078.8,53085,2923110
1729063800000,52078.8,52125,52061.6,52075,64965,2925645
1729066500000,52071.2,52142.3,52047.7,52115,110955,2925960
1729069200000,52118.8,52126.9,52012.5,52037.05,173490,2938350
1729071900000,52053.55,52053.95,52023,52025.65,88650,2938470
1729136700000,52099.95,52160,51525,51572.75,687930,2949975
1729139400000,51572.75,51624.3,51411,51582.1,297375,2990175
1729142100000,51596.55,51639,51314.65,51357.95,218280,3024225
1729144800000,51356.9,51509.5,51321,51478.65,143580,3066705
1729147500000,51478.65,51537.85,51369.05,51455.2,84510,3062535
1729150200000,51455.2,51463.3,51350,51431.55,103755,3073020
1729152900000,51433.9,51483.9,51377.8,51448.8,67665,3073335
1729155600000,51448.4,51481.45,51410,51474.5,88260,3055275
1729158300000,51474,51570,51470,51470,125415,3035670
1729223100000,51400,51750,51185.5,51658.45,562230,2945355
1729225800000,51654.05,51880.15,51623,51785,286860,2927565
1729228500000,51784.75,51840.85,51681,51796.1,119925,2931030
1729231200000,51796.1,52073.05,51749,51982.8,332745,2876970
1729233900000,51981.2,52170,51979.65,52145.15,251010,2842815
1729236600000,52145.15,52373.9,52070,52359.25,321105,2815680
1729239300000,52360,52420,52243.2,52360.75,228165,2750190
1729242000000,52360,52415.5,52241,52270,265095,2705640
1729244700000,52272.95,52360.05,52263.45,52360,183180,2658360
1729482300000,52462.05,52665,52073.05,52262.7,734760,2577600
1729485000000,52262.7,52450,52176.4,52214,294645,2565825
1729487700000,52214,52295,52152,52210,110625,2563785
1729490400000,52205,52213.5,51980,51980,181725,2568585
1729493100000,51980,52105.55,51955.3,51965.75,92430,2569305
1729495800000,51965.75,52184,51936.05,52143,138375,2554380
1729498500000,52131.75,52250,52081.15,52101.05,170820,2546880
1729501200000,52102,52194,51998.3,52060.2,137250,2529900
1729503900000,52060.7,52070.6,51990,52003.5,97545,2524995
1729568700000,52105.3,52336.35,51942.4,52315,306765,2504655
1729571400000,52317.05,52350,51801,52005.85,375705,2493435
1729574100000,52007.65,52082.9,51883.6,51916.65,113985,2505015
1729576800000,51921.45,52000,51680.3,51763.75,304650,2519070
1729579500000,51757.4,51886.75,51625,51680,210180,2542935
1729582200000,51683.2,51698,51575.05,51640.1,163125,2578755
1729584900000,51640.1,51784,51613.65,51674.9,124455,2580210
1729587600000,51674.9,51700.35,51365.65,51385.6,355935,2636430
1729590300000,51397,51439.75,51384.15,51397.8,168720,2643330
1729655100000,51305.35,51644,51218.4,51557.75,529305,2549685
1729657800000,51555.9,51594.7,51283.05,51317.7,214785,2530050
1729660500000,51317.9,51495.05,51302.05,51400,120540,2521530
1729663200000,51387.3,51419,51265.5,51321.15,100800,2506590
1729665900000,51321.15,51371.05,51276.5,51337.45,124500,2509065
1729668600000,51344,51392.25,51291,51368.05,127155,2503800
1729671300000,51366.9,51375,51269.3,51324.4,111795,2499900
1729674000000,51322.85,51410,51301,51349,141180,2473125
1729676700000,51348.75,51364.05,51316.6,51362.05,103530,2465265
1729741500000,51399.9,51567.95,51271,51526.6,453450,2380230
1729744200000,51520.05,51896.9,51511.75,51806,446970,2362980
1729746900000,51819.45,51866,51637.25,51764.7,181905,2328855
1729749600000,51764.2,51788.85,51680.2,51692,128130,2315805
1729752300000,51693.15,51726.1,51570.05,51618.5,110835,2312160
1729755000000,51619.1,51685,51575,51621.1,112530,2316510
1729757700000,51621.1,51700,51617.4,51646.2,116220,2323110
1729760400000,51646.2,51664.95,51459.6,51624.15,292995,2347890
1729763100000,51624.15,51689.95,51617.85,51689.75,74340,2357700
1729827900000,51544.7,51633.7,50721.15,50721.15,825465,2352480
1729830600000,50734.75,50858.5,50540,50613.15,570180,2551305
1729833300000,50606.45,50770,50513,50661,286950,2625195
1729836000000,50660,50719.9,50580,50675.6,151185,2585205
1729838700000,50675.6,50699,50571.2,50679,99750,2595060
1729841400000,50676.15,50715,50550,50620.6,82980,2592645
1729844100000,50620.6,50647.05,50374.75,50445,203175,2543955
1729846800000,50445,50889.9,50405.05,50849,355410,2411565
1729849500000,50857,50933.4,50855.2,50885,190500,2342205
1730087100000,51105.3,51480.25,51014.5,51470,672465,1969530
1730089800000,51458.7,51597.7,51361,51492.6,312360,1970430
1730092500000,51493.8,51554.1,51248.1,51339.45,283350,2004135
1730095200000,51339.45,51575,51300,51574.95,199185,2038050
1730097900000,51570,51588,51355.15,51402.05,217425,2082645
1730100600000,51404,51499,51365,51428,79020,2093760
1730103300000,51428,51499,51280.45,51313,211140,2164725
1730106000000,51313,51403,51216.4,51374.95,181350,2101485
1730108700000,51381.9,51420,51347,51400,87000,2084880
1730173500000,51405.05,51498,51297.55,51458.95,300870,1909155
1730176200000,51460,51579,51364.85,51414.95,217830,1881945
1730178900000,51415,51535.25,51350,51481.25,154290,1891650
1730181600000,51480,51775.45,51467.7,51770,281160,1899360
1730184300000,51774.4,51831.3,51712.1,51800.35,190875,1895220
1730187000000,51798.6,51919.8,51772,51843.05,244380,1940055
1730189700000,51850.3,52307.5,51810.05,52225.4,453615,1813365
1730192400000,52230,52332.95,52160,52310.05,200415,1727970
1730195100000,52316.65,52319.55,52273.3,52310.65,380985,1660830
1730259900000,52149.95,52244,51793.75,51948.7,485115,1447260
1730262600000,51948.7,51948.7,51712.1,51927.35,219000,1447620
1730265300000,51930,52095,51881,52019.05,184980,1446045
1730268000000,52017.65,52030,51905.25,51951,64995,1441230
1730270700000,51948,52045.6,51917.75,51980.35,66945,1424670
1730273400000,51980.35,52197.2,51800.6,51822.8,194145,1333080
1730276100000,51830,51878.4,51792.8,51827.3,107385,1312800
1730278800000,51816.05,51849,51775,51793.95,269415,1261710
1730281500000,51794.5,51806.4,51785,51805.25,220455,1205430
1730346300000,52201.85,52435,52100.25,52416.05,430785,2341590
1730349000000,52419.9,52440,52212.1,52253.5,187350,2374305
1730351700000,52241,52258.7,52140,52200.1,129405,2416515
1730354400000,52200.1,52201.9,52060,52064,162495,2434770
1730357100000,52064,52085.25,51756.05,51856.6,328620,2476545
1730359800000,51856.6,51915,51800,51915,105300,2512635
1730362500000,51914.25,51974.9,51704,51750.05,192015,2585115
1730365200000,51755,51940,51750,51917,187785,2632410
1730367900000,51917,52035.6,51917,52034.2,171450,2643600
1730462400000,51995,52075,51936.25,52000,116070,2646240
1730465100000,51985.25,52011.2,51903,51925.8,158580,2652885
1730691900000,51950,51993.9,51545.85,51707.1,482640,2726595
1730694600000,51706.5,51724,51511.1,51545,215670,2760480
1730697300000,51538.9,51571.95,51288.1,51378,313005,2763825
1730700000000,51378.7,51443.55,51300,51327.2,145125,2782320
1730702700000,51327.2,51397.8,51301.65,51320,74025,2796360
1730705400000,51320.1,51479.4,51320.1,51426.45,59940,2789880
1730708100000,51439.2,51550,51411.05,51475,130785,2774550
1730710800000,51475,51597.75,51473.05,51557.15,141045,2737020
1730713500000,51560,51569.9,51522,51540,65475,2735055
1730778300000,51500,51617,51325,51471.15,269040,2739840
1730781000000,51480,51766,51372.5,51426.2,268590,2722380
1730783700000,51436.25,51600,51418,51455,105285,2733810
1730786400000,51448.65,51504.9,51217.9,51382.9,279495,2781495
1730789100000,51371.55,51554.65,51295,51442.35,114765,2796675
1730791800000,51437.65,52113.65,51350.05,52018.55,517080,2747730
1730794500000,52020,52373,52000.25,52347.45,615240,2630355
1730797200000,52346.6,52465.8,52305.1,52390,443145,2551665
1730799900000,52382.15,52397.95,52325.4,52333,157650,2536545
1730864700000,52588,52737,52512.6,52558.4,494520,2533620
1730867400000,52560,52655,52437.5,52476.95,204240,2577045
1730870100000,52463.3,52605.1,52460,52577.95,93555,2587875
1730872800000,52570,52706.9,52565.05,52650,162645,2576685
1730875500000,52644.95,52674,52600,52618,57255,2583645
1730878200000,52614.75,52660.15,52570.3,52630,82305,2589090
1730880900000,52630,52739.9,52598.8,52703,198375,2599290
1730883600000,52705,52706.2,52560.3,52630,249315,2617170
1730886300000,52623.25,52680,52623,52678,122280,2605500
1730951100000,52544.7,52630,52255,52273,438855,2571630
1730953800000,52254,52273.45,52035.05,52156.5,365280,2612025
1730956500000,52142.65,52413.85,52121.05,52185,254715,2613510
1730959200000,52185,52221.65,52055,52171.7,101610,2630010
1730961900000,52171.7,52307.8,52115.05,52233.45,93135,2625825
1730964600000,52235.55,52375,52150,52158,106725,2618295
1730967300000,52155.2,52277.7,52148.9,52220.3,61650,2623770
1730970000000,52212,52298,52157.65,52157.65,84435,2622360
1730972700000,52160.9,52224.95,52160,52175,88455,2620500
1731037500000,52110.05,52275,51851,52066.8,423930,2587515
1731040200000,52073.6,52125,51900,51902.1,150780,2613825
1731042900000,51902.15,51934.95,51805,51861.4,182280,2641995
1731045600000,51863.45,51910.6,51705,51751.1,192945,2681565
1731048300000,51750.65,51939,51750.15,51880.45,90720,2680575
1731051000000,51880.45,52120,51860,52034.8,181665,2661420
1731053700000,52052.95,52078.15,51752,51808.2,162030,2675430
1731056400000,51808.2,51925,51723.6,51779,146715,2669190
1731059100000,51788.1,51820.25,51737.35,51759,110310,2684280
1731296700000,51605.4,51882,51519.35,51833.65,408000,2706465
1731299400000,51833.65,52153.15,51738.25,52089.45,315930,2687475
1731302100000,52089.45,52384,52062.4,52335,303570,2684025
1731304800000,52341.6,52388,52233.9,52285.6,128865,2660745
1731307500000,52288.65,52315,52143.15,52251,106980,2655900
1731310200000,52248,52288.9,52075,52083,121260,2644095
1731312900000,52077.8,52144,51976.3,52049.4,161400,2651220
1731315600000,52049.4,52159.9,51987.3,52140,119835,2650920
1731318300000,52140,52154,52050.3,52060.1,64800,2646300
1731383100000,52162.1,52349,51975,52323.25,344760,2614260
1731385800000,52324.8,52339,51867,51910.85,245760,2608935
1731388500000,51906.75,52055,51811.55,52013.45,171030,2643030
1731391200000,52013.45,52054,51874.1,51915,84285,2644005
1731393900000,51909.9,51948.95,51439.75,51508.45,466950,2757615
1731396600000,51511.8,51619.05,51352.55,51419,329565,2831670
1731399300000,51422.45,51577.35,51275.55,51307.5,197775,2886750
1731402000000,51318.25,51537,51300,51329.85,248595,2976375
1731404700000,51339,51410,51334.55,51334.55,156795,3002670
1731469500000,51199.9,51464,51138.45,51340,465645,3001005
1731472200000,51346.65,51352.3,50922.55,50930,382425,2972085
1731474900000,50922.85,51184,50810,50873.15,272115,2959920
1731477600000,50874.35,50928,50792.3,50839,146820,2941080
1731480300000,50839,50973.35,50815.05,50860.1,95580,2924010
1731483000000,50860.1,50960,50807.2,50960,104475,2920515
1731485700000,50958.8,51018.85,50500,50500,318570,2874540
1731488400000,50502,50523.6,50164.05,50322.85,797220,2968050
1731491100000,50325,50564.95,50322.35,50496.05,258240,2981250
1731555900000,50386.4,50624.95,50345.65,50550.5,382890,2938335
1731558600000,50560,50732.55,50382.1,50460.9,288570,2923560
1731561300000,50462,50480,50066.25,50257.4,267390,2936490
1731564000000,50250,50505.95,50181.9,50505.65,157275,2941500
1731566700000,50500.05,50508.95,50265.2,50393.15,186495,2941365
1731569400000,50385.05,50479.2,50250,50277.55,104145,2940870
1731572100000,50277.55,50390.65,50211.25,50268.75,139200,2935875
1731574800000,50270,50386.25,50185,50291.05,149880,2926740
1731577500000,50289.8,50339.5,50282,50338.4,86580,2899080
1731901500000,50299.95,50430.6,50125,50339.55,352500,2909700
1731904200000,50340,50460,50261.35,50261.35,161025,2930565
1731906900000,50268.65,50400,50230,50393.15,82050,2929470
1731909600000,50393.15,50488,50347.25,50461.5,114645,2925885
1731912300000,50469.85,50560,50405,50425,155355,2936730
1731915000000,50420,50494.05,50400,50402.4,65580,2922855
1731917700000,50401.25,50490,50377.75,50390.1,78315,2916465
1731920400000,50390.1,50441.95,50339,50436.6,123585,2884350
1731923100000,50428.3,50507,50401.4,50408,70170,2863695
1731987900000,50555.55,50940,50520.2,50810,562920,2855205
1731990600000,50811.1,51017.95,50791,50900,227460,2823240
1731993300000,50905,51040,50850,51016.2,144990,2793015
1731996000000,51015.6,51063,50911,50968,110535,2766360
1731998700000,50968,51014.35,50921.05,50991.35,68145,2750535
1732001400000,50994.05,51070.25,50965.05,51000,88110,2754570
1732004100000,51000,51020,50845.25,50872.95,108600,2740620
1732006800000,50870.95,50905,50555.05,50577.4,651735,2740560
1732009500000,50579.8,50615.9,50465.1,50470.15,267915,2790705
1732160700000,50500.05,50579.95,49817.3,50008.05,791985,2718675
1732163400000,50000,50199.7,49929.4,50056.65,279795,2741355
1732166100000,50055.75,50339.9,49999,50264.15,194145,2699865
1732168800000,50275,50605.4,50273.35,50504.7,288390,2663535
1732171500000,50518.6,50598,50226.05,50244.15,190485,2672835
1732174200000,50235.4,50538.9,50180.3,50471,169290,2671635
1732176900000,50471,50520,50385,50483.5,60705,2657145
1732179600000,50471.5,50471.5,50245,50375,196485,2646660
1732182300000,50364.4,50495.75,50349.9,50470,116865,2612280
1732247100000,50580,51014.8,50523.2,50850,654615,2555130
1732249800000,50850,51030.35,50761.55,50778.05,227265,2557185
1732252500000,50778,50839.9,50650,50758.65,156135,2594235
1732255200000,50749.05,51090,50736.45,50985.15,210270,2621760
1732257900000,50987.05,51050,50932.45,50986.15,116430,2619375
1732260600000,50986.1,51083.75,50910.05,51025,167790,2661825
1732263300000,51025,51280,51008.5,51135.2,393105,2684985
1732266000000,51139.15,51244,51033.25,51098.4,300930,2649150
1732268700000,51087.35,51130.7,51002.1,51129.9,132180,2629260
1732506300000,52000,52272,51720,52130,951090,2066265
1732509000000,52130,52235.6,52090,52171.65,154800,2030625
1732511700000,52179.9,52290,52155.05,52215.3,157875,2026680
1732514400000,52229.8,52245,52138.75,52227.85,88620,2009700
1732517100000,52229.4,52235,51991,51991,114420,1979010
1732519800000,51991,52150,51938.8,52047.55,185415,1936785
1732522500000,52049.9,52093,52001,52057.8,103755,1906860
1732525200000,52059.9,52189.55,52022.3,52165.8,182250,1875540
1732527900000,52165.8,52219,52148,52194.8,237705,1939530
1732592700000,52399,52400.15,52099.6,52119.85,334425,1663215
1732595400000,52120.1,52288.45,51980.1,52094,224895,1710945
1732598100000,52099.35,52146.95,52039.05,52128.95,109440,1730580
1732600800000,52128.95,52182.85,52081.75,52130.4,77745,1737345
1732603500000,52130.4,52195.6,52081,52151.45,69255,1749450
1732606200000,52151.45,52172,52083,52110.35,65835,1763205
1732608900000,52110.35,52200,52102,52160.55,93885,1765365
1732611600000,52163.95,52323.1,52155.2,52250,271290,1621380
1732614300000,52250,52250,52186,52186,93930,1603020
1732679100000,52217.95,52323,52029.75,52100.1,305610,1316775
1732681800000,52108.9,52180,52048,52118.8,138015,1328175
1732684500000,52131.3,52221,52064.75,52166.65,114660,1327680
1732687200000,52168.8,52417,52141.05,52362.45,192690,1280130
1732689900000,52373.75,52465,52348.8,52429,259515,1110240
1732692600000,52429,52448,52382.1,52403,144795,1051545
1732695300000,52403,52408.4,52353.85,52369.05,125865,1012050
1732698000000,52369.05,52398,52291.6,52305.15,291825,919650
1732700700000,52308,52310.95,52296.95,52304,133665,828045
1732765500000,52689.95,53000,52630.05,52998,539250,2048175
1732768200000,53003,53093,52450,52585.5,591705,2046135
1732770900000,52600,52649.4,52380.45,52440,361365,2108910
1732773600000,52426.05,52603,52415,52503,193350,2134275
1732776300000,52486.25,52573.25,52350,52375,152175,2158410
1732779000000,52382.75,52398.5,52202,52329.05,266100,2157870
1732781700000,52329.95,52493,52200,52322.6,238440,2167950
1732784400000,52322.6,52370,52234.55,52335.6,153705,2165025
1732787100000,52333.25,52375,52325,52340,132240,2153880
1732851900000,52389.85,52486.45,52306,52415,240330,2135100
1732854600000,52425.55,52443.3,52076.85,52282.6,381300,2167890
1732857300000,52298.35,52375,52226.35,52293.2,114105,2184405
1732860000000,52293.2,52310,52035.45,52192.55,175095,2193435
1732862700000,52180.6,52226,52102,52219.95,82770,2219445
1732865400000,52219.8,52334,52135,52291.4,128355,2242920
1732868100000,52277.8,52442,52251,52341.9,162750,2256690
1732870800000,52335.3,52429.45,52311,52343.4,146715,2255010
1732873500000,52343.4,52385,52343.4,52364.65,88770,2237160
1733111100000,52340,52399,52000,52225.55,418260,2270985
1733113800000,52223.5,52240,52036,52082.25,158940,2299395
1733116500000,52090.05,52171,52053.8,52123.1,100755,2299305
1733119200000,52129.8,52181,52060.45,52086.35,47190,2315430
1733121900000,52085,52224,52085,52164.55,94125,2321295
1733124600000,52164.55,52189.6,52101.2,52150,47235,2335785
1733127300000,52151.95,52444,52120,52400,250215,2327595
1733130000000,52392.85,52499,52365,52427.5,198990,2335755
1733132700000,52423.5,52432.15,52329.65,52395,86655,2357985
1733197500000,52515,52749.4,52452.2,52739,517545,2358270
1733200200000,52735.65,52885,52665,52865,257445,2407170
1733202900000,52875.25,52959.75,52806.05,52900,207480,2416320
1733205600000,52900,52935,52810,52838,134865,2418315
1733208300000,52835,52918,52774,52877.9,111495,2379630
1733211000000,52874.9,52928.85,52841.55,52881.4,117300,2389335
1733213700000,52881.4,52992,52867.15,52965.6,178110,2362875
1733216400000,52966.6,52991,52825,52856.3,199455,2369430
1733219100000,52854.3,52889,52840,52888.85,98340,2359170
1733283900000,52855.3,53219,52850,53139.75,416445,2336970
1733286600000,53152.05,53245.95,53072.7,53175,167775,2351205
1733289300000,53175.7,53310,53152.3,53285.55,194385,2391330
1733292000000,53285.55,53339.6,53022.65,53140.85,265575,2388360
1733294700000,53130,53239.05,53100,53238,96705,2390175
1733297400000,53238,53462.5,53187,53420,196950,2400765
1733300100000,53423.95,53533,53380,53422.8,205320,2393115
1733302800000,53425.8,53469.45,53332,53374.9,207900,2416650
1733305500000,53388.25,53408,53361,53393.2,124710,2434350
1733370300000,53459.95,53472.55,53240,53270.25,302145,2304075
1733373000000,53270,53325,53169.6,53239.8,215070,2264520
1733375700000,53237.9,53282.55,53060.05,53139,186705,2276835
1733378400000,53150.75,53637.2,53110,53615.05,334035,2292420
1733381100000,53625,53806.5,53619,53692.65,289620,2259735
1733383800000,53700,53790,53625,53734.95,122145,2246505
1733386500000,53732.8,53899,53685,53899,203625,2228880
1733389200000,53894,53950,53477.6,53720,502080,2251590
1733391900000,53725.95,53730.6,53680,53700,102885,2274090
1733456700000,53700,53791.4,53626.05,53659.9,277905,2215455
1733459400000,53650,53995,53203,53930.7,1363575,2387490
1733462100000,53930.9,53950,53675.4,53701.05,261360,2411070
1733464800000,53709.55,53862.7,53680,53783.95,128730,2416260
1733467500000,53784,53848.8,53720.4,53810,78420,2413380
1733470200000,53810,53822,53745,53799.85,52605,2401725
1733472900000,53799.85,53820.45,53712.95,53720.1,72855,2412090
1733475600000,53710.05,53780,53661.75,53736.05,138555,2432010
1733478300000,53730,53788,53690,53690,97410,2406930
1733715900000,53599.95,53779.75,53504,53563.55,338880,2378220
1733718600000,53563.55,53680,53465,53649.85,172890,2400060
1733721300000,53649.85,53900,53624.1,53841.65,233460,2408565
1733724000000,53845.5,53876.95,53740,53772.8,108840,2409390
1733726700000,53775.75,53800,53651,53750.95,98055,2425665
1733729400000,53750.95,53790,53690.5,53732,40440,2421660
1733732100000,53730,53744.25,53570,53599.4,107700,2426010
1733734800000,53599,53639.1,53480,53502.05,203685,2421735
1733737500000,53513.95,53585,53505.85,53535.85,99315,2390775
1733802300000,53605.3,53734,53475,53711.5,231495,2382240
1733805000000,53711.5,53732.15,53530,53567.55,126675,2399340
1733807700000,53567.55,53650,53557,53639.55,36975,2397660
1733810400000,53639.55,53708.65,53626.4,53652.4,90945,2411340
1733813100000,53652.4,53652.4,53409.2,53531.7,204900,2407050
1733815800000,53531.7,53570.9,53473.15,53488,57930,2415840
1733818500000,53485.05,53599,53439.55,53599,72150,2412720
1733821200000,53600,53749,53549.25,53694.4,210270,2401110
1733823900000,53680.85,53709,53665,53704,103125,2391720
1733888700000,53605,53670,53479.45,53585.65,343620,2458830
1733891400000,53594,53650,53456,53650,133245,2457600
1733894100000,53649,53699,53626.4,53684.55,98190,2452050
1733896800000,53684.55,53799,53672.55,53741.35,176010,2430210
1733899500000,53746.3,53751.25,53575.75,53592,106035,2433585
1733902200000,53585.05,53680,53583,53615.3,43950,2429670
1733904900000,53615.3,53716.35,53595,53601.05,61635,2423580
1733907600000,53606.5,53670,53512.7,53579,182055,2406690
1733910300000,53571.05,53599,53550,53550.2,68160,2386965
1733975100000,53399.55,53699,53399.55,53549,247860,2382990
1733977800000,53541.95,53599,53512.05,53560.7,73155,2381310
1733980500000,53560.7,53614,53540.05,53572.3,61080,2368500
1733983200000,53584.8,53594.7,53400,53437.55,161745,2357025
1733985900000,53418.05,53481.05,53366,53453,142365,2356155
1733988600000,53460.5,53463.85,53360.5,53439.95,83730,2348145
1733991300000,53439.95,53482,53363.15,53420,76440,2333925
1733994000000,53421,53452.5,53392,53444,81135,2314515
1733996700000,53440.05,53475,53425,53427.25,84120,2288490
1734061500000,53344,53350,52805,52856.3,757305,2321880
1734064200000,52857.35,52951.45,52420,52507.35,512310,2359905
1734066900000,52507.75,52687.9,52380.1,52627.85,304530,2411370
1734069600000,52627.85,53200,52610,53085.05,483165,2309595
1734072300000,53099.9,53303,53025,53303,302655,2252355
1734075000000,53327.55,53450,53160,53416.9,376410,2204070
1734077700000,53424,53550,53360,53511.1,228465,2207235
1734080400000,53511.1,53664,53461.25,53645,285690,2235165
1734083100000,53640,53675,53591.05,53657.5,197280,2263950
1734320700000,53600,53825,53505,53735.35,407340,2264295
1734323400000,53735,53796.85,53530,53595.05,188415,2273655
1734326100000,53589,53640,53460.4,53548.95,140925,2263770
1734328800000,53532,53600,53480.1,53489.7,112365,2280915
1734331500000,53486.25,53613.95,53480,53563.45,84750,2273175
1734334200000,53563.45,53725,53563.45,53697.9,160425,2269095
1734336900000,53699,53766.15,53650,53650,105315,2250030
1734339600000,53645,53800,53645,53691,126855,2230995
1734342300000,53691,53729.75,53650.05,53660,63540,2213640
1734407100000,53484,53657.95,53276,53357.1,402780,2224530
1734409800000,53346.65,53370,53072.05,53215.7,393360,2297160
1734412500000,53201.05,53399,53101.6,53114.45,235245,2293860
1734415200000,53114.45,53194.9,52934,52971.55,299655,2316195
1734417900000,52967.3,53144,52890,53130,212445,2314155
1734420600000,53128.95,53133,52850.45,52956.35,193080,2322045
1734423300000,52956.35,53044.5,52859.4,52860,150420,2336565
1734426000000,52852.05,53094.25,52851.7,52977.5,180210,2300910
1734428700000,52985,53040,52950,52964.7,133500,2255100
1734493500000,52900,52976,52601,52620.35,513030,2249745
1734496200000,52601.45,52668.55,52480,52635.1,405105,2336085
1734498900000,52644.5,52671.1,52285,52436,304980,2377545
1734501600000,52434.55,52464.05,52335.35,52339.25,136515,2394285
1734504300000,52337.25,52382.5,52255,52322.65,190605,2420070
1734507000000,52323.65,52458.9,52291.6,52309.8,178335,2422035
1734509700000,52310,52339.9,52120,52124.5,235800,2461695
1734512400000,52131.15,52286.65,52112.3,52219.1,183615,2449605
1734515100000,52220,52380,52220,52315,175335,2361255
1734579900000,51670.3,51777,51400,51696.6,757230,2319480
1734582600000,51696.6,51734.6,51481.5,51594.45,192480,2335350
1734585300000,51580.1,51729.25,51491.05,51701.9,124890,2358300
1734588000000,51690.5,51932,51687.7,51829.9,194940,2316300
1734590700000,51825.6,51840,51735.15,51795,50745,2325000
1734593400000,51795,51810,51624,51641,97215,2333505
1734596100000,51641,51732.55,51585.35,51686,96420,2348415
1734598800000,51686.05,51799.95,51630.1,51753.85,133965,2331255
1734601500000,51761.95,51790,51715.8,51763.4,112380,2315265
1734666300000,51621,51721.25,51259.9,51265.35,525405,2297295
1734669000000,51243.3,51475,51200,51422.4,239835,2252025
1734671700000,51422.4,51549,51360.6,51478.4,174135,2253030
1734674400000,51478.4,51566.85,51405.45,51425,102660,2241330
1734677100000,51417,51424.5,51220,51222,172020,2280405
1734679800000,51211.5,51284,51000,51095,254235,2268525
1734682500000,51091.85,51145,50886.05,50969.35,270465,2279415
1734685200000,50969.35,50969.35,50622.4,50680.05,348435,2270520
1734687900000,50695,50853,50691.85,50832.25,174930,2193795
1734925500000,51002.1,51379.25,51000.15,51204.4,496695,1944420
1734928200000,51204.4,51462,51190,51361,238530,1872690
1734930900000,51360,51483.85,51350,51410.25,105345,1875945
1734933600000,51418.25,51425,51272,51322.25,149130,1887600
1734936300000,51330.85,51349.95,51175.85,51186.9,129900,1892085
1734939000000,51187.9,51298.45,51152.8,51289,117405,1875015
1734941700000,51288.1,51344.1,51195,51300,108300,1840980
1734944400000,51304.9,51325.35,51251.45,51300.9,199830,1787235
1734947100000,51300.55,51318.4,51281.65,51300.3,83235,1759890
1735011900000,51333.35,51347.7,51118.5,51220,208245,1435380
1735014600000,51220,51272,51175.2,51188.05,154065,1434375
1735017300000,51187.2,51280.8,51178.05,51239,95085,1415745
1735020000000,51238.85,51243.95,51180,51223.85,102765,1398225
1735022700000,51223.85,51300,51203.6,51255.1,128160,1381185
1735025400000,51254.9,51277.8,51206.55,51209.4,119595,1368465
1735028100000,51209.4,51270,51201,51240.25,161850,1346565
1735030800000,51240,51250.5,51211.8,51220.15,292500,1264440
1735033500000,51219.45,51238,51219.45,51229.8,134835,1208310
1735184700000,51850.05,52185.95,51795.35,51903.05,440535,2056755
1735187400000,51904.05,51920.1,51566,51601,299205,2097720
1735190100000,51599.2,51685,51430.35,51659.95,199125,2130720
1735192800000,51651,51732.95,51516,51524.1,77085,2140260
1735195500000,51524.1,51562.9,51432.15,51510,90750,2145825
1735198200000,51510,51544.9,51335,51496.1,116040,2159820
1735200900000,51490,51568.95,51434.45,51485,65730,2157450
1735203600000,51493.75,51588,51477,51557.55,84750,2165280
1735206300000,51571.2,51609.4,51566.8,51599,86685,2165145
1735271100000,51601.6,51935,51520,51894.4,332565,2133675
1735273800000,51897.85,52018,51870.65,51925.65,188880,2106615
1735276500000,51925.7,51950,51816.5,51842.35,105120,2111625
1735279200000,51830,51842.1,51705.15,51709,88365,2110425
1735281900000,51700,51730.75,51627.75,51642.55,106515,2117400
1735284600000,51640,51770,51601,51753.3,62025,2114655
1735287300000,51746,51775,51666,51719.7,43500,2110965
1735290000000,51712.9,51762.7,51644.75,51708,60300,2100915
1735292700000,51708,51765.25,51691,51760,64230,2090115
1735530300000,51660,51750,51480.05,51639.55,226950,2104740
1735533000000,51632,51844.4,51632,51820.05,137325,2101980
1735535700000,51836.35,52000,51726.15,51995,152535,2100180
1735538400000,51996.45,52295,51983.15,52242.15,324600,2098530
1735541100000,52233.95,52251.8,51705.5,51770,350955,2152125
1735543800000,51766.05,51769.95,51250,51329.05,454740,2194125
1735546500000,51331.35,51331.35,51082.1,51168.4,348495,2248365
1735549200000,51159.6,51448.5,51159.6,51369.85,222945,2238345
1735551900000,51365.3,51488.55,51365.3,51414.5,178140,2183670
1735616700000,51084.8,51299.85,51003.4,51172.45,285540,2239005
1735619400000,51177.65,51260,51015,51229.95,150945,2237490
1735622100000,51230,51350,51180,51210,102945,2232555
1735624800000,51210,51233.75,51122.5,51158.75,59295,2235660
1735627500000,51158.75,51270,51151.25,51224.7,78840,2238405
1735630200000,51224.7,51370,51200,51300,68850,2241675
1735632900000,51300,51349.5,51210,51228,67455,2251260
1735635600000,51225,51306.9,51205,51305.25,92520,2271585
1735638300000,51304.8,51316.2,51267.3,51300.8,104220,2305380
1735703100000,51289.95,51318.75,50850,50994.95,324405,2327955
1735705800000,50994,51269.85,50949,51228.75,224820,2282175
1735708500000,51228.75,51575.8,51228.75,51388.8,312840,2235975
1735711200000,51389,51462.25,51308,51449,108465,2243430
1735713900000,51430.55,51525,51376.55,51381.55,74760,2245590
1735716600000,51381.55,51491,51350,51474,36795,2246085
1735719300000,51474,51698,51457.35,51549.9,199275,2228925
1735722000000,51549.9,51570,51362.05,51429.1,108375,2226465
1735724700000,51428.4,51495,51406,51495,56400,2230995
1735789500000,51439.95,51565.95,51329.95,51462,200640,2258610
1735792200000,51460,51574.85,51413.25,51500,98385,2256420
1735794900000,51516,51624,51465,51614.4,104250,2263425
1735797600000,51621.2,51642.15,51401,51418.85,127800,2270040
1735800300000,51418.85,51624,51375,51583.35,133905,2281545
1735803000000,51583.35,51877,51566.65,51850.05,341220,2305965
1735805700000,51849.9,51875.55,51714,51812,138015,2297805
1735808400000,51810,51938,51809.95,51860.9,172260,2280435
1735811100000,51857,51875.75,51840,51875.75,108360,2295675
1735875900000,51825.45,51928.75,51557.05,51570,338775,2304000
1735878600000,51579.95,51675.9,51366.85,51403,286290,2351910
1735881300000,51388.9,51639,51360,51590,198810,2363880
1735884000000,51572.9,51651,51509.9,51559.35,96885,2369880
1735886700000,51560,51560,51385,51496,121050,2389635
1735889400000,51496,51573,51420.25,51440.55,76065,2393550
1735892100000,51435.1,51441.6,51158.75,51266.7,299490,2428125
1735894800000,51260.1,51353,51182.75,51238.4,171270,2413095
1735897500000,51241.2,51320,51219.15,51246,125205,2404590
1736135100000,51184.9,51286.75,50817,50900,638070,2444355
1736137800000,50900,51080,50721,50738.15,212250,2446785
1736140500000,50731.8,50756.25,50440.55,50565.4,308565,2480490
1736143200000,50565.4,50628.95,50222,50433.15,288150,2493330
1736145900000,50432.4,50444.7,50250,50364.95,123315,2525775
1736148600000,50361.65,50388.9,50082,50156.45,178935,2553870
1736151300000,50149.9,50163,50000,50060,237630,2560275
1736154000000,50060.3,50205,50005.5,50094.45,198690,2518710
1736156700000,50105,50210,50103.35,50145.75,112440,2472780
1736221500000,50150,50624,50150,50277.15,453255,2397600
1736224200000,50277,50520,50201,50496.05,194145,2382825
1736226900000,50482.65,50666,50390,50631.9,141135,2369745
1736229600000,50635.85,50720,50535,50575,146985,2378265
1736232300000,50580,50648.9,50530.3,50552.5,66660,2376090
1736235000000,50552.5,50695,50530,50603,86295,2389230
1736237700000,50614.95,50646.95,50428.25,50504.05,118425,2398650
1736240400000,50496,50510,50370.1,50433.4,111795,2405610
1736243100000,50433.4,50433.4,50386,50395.5,71235,2391540
1736307900000,50389.8,50462,50227.4,50399.95,279735,2319015
1736310600000,50399.85,50441.15,49825.05,49825.05,371985,2382360
1736313300000,49819.95,49942,49775.4,49912.65,234090,2391990
1736316000000,49912.65,49987.95,49730,49730,141750,2395065
1736318700000,49730,49824,49668.1,49703.85,128235,2411385
1736321400000,49702.2,49936.05,49625,49920.15,187695,2425905
1736324100000,49910.65,50249.9,49891,50130.9,358215,2374335
1736326800000,50129.1,50195,50035.95,50100,106380,2367315
1736329500000,50091.55,50141.95,50080,50117.8,57090,2356320
1736394300000,49960.3,50018.6,49771.05,49975,223170,2402820
1736397000000,49974.95,49980,49820,49824.55,94320,2431425
1736399700000,49824.55,49824.55,49501,49575.1,346470,2491635
1736402400000,49575.1,49670,49537.35,49605,112800,2512845
1736405100000,49600.4,49765.7,49455.55,49468.2,174510,2528175
1736407800000,49468.2,49645,49468.05,49617.15,74940,2540040
1736410500000,49620,49799.8,49602,49708.2,121050,2526885
1736413200000,49694.4,49800,49650.05,49780.05,130035,2496030
1736415900000,49780.25,49828.9,49770,49794,100575,2480340
1736480700000,49421.6,49716.05,49126.6,49143.4,489360,2530320
1736483400000,49143.4,49327,49025,49257.9,349110,2591640
1736486100000,49255.55,49574.3,49212.35,49437.3,311025,2529840
1736488800000,49427.45,49520,49151,49255.75,179880,2563035
1736491500000,49251.7,49340.1,49160,49173.8,98205,2579295
1736494200000,49158,49229.65,49044,49130,166275,2613435
1736496900000,49125,49183.6,48789,48899.95,217500,2638560
1736499600000,48898,48939.55,48801.55,48822.5,187665,2641140
1736502300000,48830,48955.55,48830,48886.65,137760,2596110
1736739900000,48430,48620,48232.2,48359.25,600735,2632035
1736742600000,48361.35,48822,48321.05,48684,340515,2612925
1736745300000,48687,48789.95,48540,48665.4,130650,2579160
1736748000000,48665.4,48689.95,48450,48493.7,109845,2581140
1736750700000,48486.85,48555,48357,48381.5,78510,2593455
1736753400000,48377.95,48428.8,48305.05,48324,97335,2594970
1736756100000,48324,48353,48201,48253.1,165465,2602815
1736758800000,48247.1,48274.95,48102,48251.6,264720,2579115
1736761500000,48257.5,48344.25,48241,48242.4,138360,2553915
1736826300000,48424,48860,48351.1,48763.2,471600,2445930
1736829000000,48763.2,48899,48605.7,48870.5,209115,2440200
1736831700000,48875.1,48995,48851.05,48932.9,164550,2436570
1736834400000,48932.9,48948.55,48680.15,48721.95,117270,2425515
1736837100000,48721.95,48790,48604.85,48766.45,98070,2432535
1736839800000,48766.45,48843.1,48732.05,48824.95,66780,2436195
1736842500000,48830,49250,48765.4,49145,319260,2448720
1736845200000,49150,49158,48767,48961.7,226560,2462490
1736847900000,48959.75,49113.45,48931.45,49105,104370,2448825
1736912700000,49120,49219,48800.05,48980,261810,2406360
1736915400000,48967.95,49145.45,48932.95,49143,101790,2410890
1736918100000,49145.45,49237.45,49060,49081,125610,2401860
1736920800000,49075.3,49120,48971,49071.25,73845,2405010
1736923500000,49069.9,49100,48986.8,49010,52830,2402040
1736926200000,49012.95,49013.85,48663.6,48673.75,272250,2412270
1736928900000,48667.6,48821.5,48630.15,48758,99045,2412000
1736931600000,48758,48968.05,48758,48870.65,116175,2384115
1736934300000,48874.95,48919,48850,48909,44130,2374395
1736999100000,49300.1,49602.2,49134.75,49444,591690,2415675
1737001800000,49441.15,49530,49362.1,49484.25,127425,2401530
1737004500000,49484.25,49507.85,49340.2,49404,82740,2397930
1737007200000,49406.7,49550,49404,49488.55,75405,2394090
1737009900000,49481.85,49600,49425.35,49588,91395,2395725
1737012600000,49593.95,49670,49555,49580.3,160425,2427480
1737015300000,49580.3,49594.95,49375,49410,118785,2421810
1737018000000,49406,49433,49289,49432.95,184440,2415915
1737020700000,49433,49519.65,49426.6,49501,84855,2418735
1737085500000,49201,49288.4,48690.9,48825.95,653730,2426970
1737088200000,48825.9,48839.3,48601.65,48627.55,303420,2477805
1737090900000,48619.35,48659.9,48425,48570,256275,2531355
1737093600000,48570,48720,48540,48661.1,134820,2523720
1737096300000,48661.1,48756.95,48563.6,48707,109485,2520585
1737099000000,48707,48716,48500,48533.7,97965,2534430
1737101700000,48533.7,48688,48530,48648.5,90615,2545380
1737104400000,48648.5,48748,48632.2,48654.6,132960,2524605
1737107100000,48655,48730,48652.65,48704.35,126675,2469840
1737344700000,48902.1,49069.3,48774.9,49040,358230,2362605
1737347400000,49040,49200,48985.05,49113.8,205155,2337840
1737350100000,49113.8,49499.95,49050,49410,328935,2361675
1737352800000,49419,49495,49401,49461.55,147420,2364045
1737355500000,49461.6,49650,49440,49560,239820,2404605
1737358200000,49560,49815,49530,49656.6,310605,2457750
1737360900000,49651,49700,49530.45,49585.3,102585,2449755
1737363600000,49577.45,49650.55,49549.05,49564.45,131745,2434875
1737366300000,49564.05,49568.15,49435.05,49499,144540,2427105
1737431100000,49555.05,49699.95,49181.75,49210.05,348645,2376450
1737433800000,49203.4,49228.25,48870.45,48987.45,368775,2340990
1737436500000,48987.45,49024.9,48805.55,48810,144480,2349525
1737439200000,48807,49342.05,48806.1,49054.75,334635,2307255
1737441900000,49060.9,49074.1,48760,48962.3,227010,2329935
1737444600000,48965.55,49068,48786,48968.8,133635,2337375
1737447300000,48968.8,48988,48802,48870,60135,2343990
1737450000000,48861,48912.05,48606.05,48753.1,349980,2376450
1737452700000,48752.95,48824.5,48752.95,48766.05,113850,2389890
1737517500000,48860.15,48860.15,48541.6,48713.35,284895,2371530
1737520200000,48713.35,48885.85,48590.15,48674.95,172845,2371530
1737522900000,48674.85,48764,48481,48559.15,138570,2397765
1737525600000,48550,48593,48366,48409,140475,2419185
1737528300000,48415,48459.7,48282,48355,169005,2406765
1737531000000,48360,48380,48203.3,48222.4,110310,2420220
1737533700000,48222.4,48684.6,48185,48631.75,315345,2395710
1737536400000,48638.2,48950,48506,48941.5,466425,2433270
1737539100000,48940,48947.9,48831.4,48872.15,95820,2370885
1737603900000,48900,48900,48586.45,48775,263325,2334375
1737606600000,48780,49022.65,48740.25,48945.75,249270,2346435
1737609300000,48947.25,48958.95,48746.1,48810,144315,2371380
1737612000000,48810,48827.15,48625,48689.8,133710,2395035
1737614700000,48689.8,48864.95,48667.6,48749.8,120945,2426850
1737617400000,48749.8,48872.9,48720.05,48865.85,59070,2424405
1737620100000,48865.05,48884.75,48682,48721.55,119220,2418735
1737622800000,48703.55,48748.4,48649.05,48686.65,123135,2398275
1737625500000,48686.7,48720.2,48670,48671,74055,2386395
1737690300000,48750,48774.25,48375,48416.85,347595,2343315
1737693000000,48410.95,48689,48385,48645.25,220125,2321115
1737695700000,48660.3,48869.55,48580.15,48813,224910,2303775
1737698400000,48805.5,48950,48705.6,48850,183990,2317875
1737701100000,48850,48900.25,48610.1,48620,158565,2300865
1737703800000,48615.65,48649.9,48475.1,48543.05,200100,2331975
1737706500000,48543.7,48614.05,48313.05,48370.8,238695,2354295
1737709200000,48370.8,48436.95,48252,48367.95,203265,2359125
1737711900000,48372.05,48424.95,48338.05,48347.9,105930,2307825
1737949500000,47994.7,48349.9,47722.25,48101.3,360045,2280780
1737952200000,48103.75,48266.35,47923.35,48099.8,243885,2278170
1737954900000,48099.75,48219.55,48023.05,48184.8,145275,2293290
1737957600000,48189,48316.5,48101.05,48190,157185,2313690
1737960300000,48190,48349,48130,48184.15,181920,2315775
1737963000000,48184.15,48279.35,48135,48195.75,98040,2315775
1737965700000,48199,48230,48060.25,48126.2,135585,2296470
1737968400000,48123.45,48132.75,47986.95,48126,181185,2276460
1737971100000,48126,48126,48038.8,48049,96885,2266920
1738035900000,48610,48694.95,48417.7,48677,446550,2020710
1738038600000,48681.95,48848.85,48681.95,48761.1,304860,1964370
1738041300000,48755.4,48944.9,48740.15,48937.15,200370,1917885
1738044000000,48940,49114.85,48899.85,49096.95,281730,1891080
1738046700000,49099.9,49174.55,49007.3,49127,151260,1862505
1738049400000,49143.7,49173.4,49063.05,49090.3,153270,1817535
1738052100000,49099.85,49174.9,49023.05,49159.35,134925,1757115
1738054800000,49162.95,49213.95,48728.05,48836.45,330780,1690485
1738057500000,48830.8,48907.35,48804.6,48855.1,102150,1655280
1738122300000,48926.05,49016.2,48865.55,48933.95,219375,1461675
1738125000000,48932.05,49088.8,48904.1,49038.8,197760,1454970
1738127700000,49038.8,49123.6,48812.1,48950.65,181530,1414740
1738130400000,48945.45,49128,48945.45,49004,114330,1398105
1738133100000,49010,49120,48947.9,48976.4,115260,1342680
1738135800000,48976.4,49050,48911,49005.15,112995,1289085
1738138500000,49005.45,49128,49002.85,49084,121005,1256850
1738141200000,49082.5,49125,49025.8,49090,140130,1228125
1738143900000,49081.5,49120,49032.5,49110,96870,1187955
1738208700000,49080,49175,49031.4,49148.65,222675,1011510
1738211400000,49160.15,49337.95,49154.3,49295,181440,1002540
1738214100000,49295,49300,49073.8,49208,131985,998040
1738216800000,49208,49235,49143.85,49220,82440,987330
1738219500000,49220,49290,49193.35,49275,88020,979500
1738222200000,49274.75,49377.7,49263.5,49284,110220,962220
1738224900000,49285.65,49342,49257.8,49265.85,119430,947160
1738227600000,49268,49297.65,49214.1,49290.5,175305,891570
1738230300000,49290.5,49314.35,49284,49309,116280,865710
1738295100000,49700,49714.95,49364.5,49460.45,408000,2955510
1738297800000,49460.3,49663.85,49375.05,49663.85,244950,2966850
1738300500000,49665,49673.9,49524.4,49524.4,140130,2964630
1738303200000,49525.5,49759.9,49504.3,49748.15,152580,2976180
1738305900000,49748.9,49969,49695,49956.85,246210,2986290
1738308600000,49955,49995,49825.05,49856.5,225120,3049350
1738311300000,49855,49878,49588.1,49688.9,322080,3107730
1738314000000,49688.9,49872,49661.95,49845,189690,3147360
1738316700000,49844.05,49900,49835,49882.05,92010,3140850
1738381500000,49720,49995,49720,49940,250380,3121020
1738384200000,49939.95,50036,49890.1,50021,135540,3143010
1738386900000,50031,50245,49930.15,50185,245040,3175290
1738389600000,50178.05,50250,49510,49523.35,722610,3208230
1738392300000,49526.5,49836.95,49400,49545,434970,3233220
1738395000000,49554.35,49705,49151.3,49696,509550,3315630
1738397700000,49690.7,49980,49622.55,49887.45,304410,3355500
1738400400000,49880,49914.3,49688,49770,204030,3337980
1738403100000,49770.45,49805,49730,49774.95,138150,3334800
1738554300000,49294.7,49541.5,49200,49320,561660,3218370
1738557000000,49330.15,49550,49282,49521.3,164010,3252840
1738559700000,49530,49566,49401,49410,112170,3252120
1738562400000,49402.85,49482.55,49307.2,49470,112140,3243300
1738565100000,49466,49520,49401,49503.8,94530,3241050
1738567800000,49503.8,49645,49451.55,49556.65,154140,3227760
1738570500000,49557.65,49580.6,49440.05,49545.2,67410,3220020
1738573200000,49548.65,49589.9,49475,49517.7,89730,3210540
1738575900000,49517.7,49524.9,49480.15,49505.05,53130,3198360
1738640700000,49702.05,50200,49700,50135.2,673470,3092940
1738643400000,50145,50166.9,49839.25,49909.7,274230,3062190
1738646100000,49905,50079.1,49807.85,50014.85,164610,3061140
1738648800000,50011,50085.05,49934.3,50020.05,79290,3053580
1738651500000,50023.1,50227.05,50020,50213.2,231000,3026610
1738654200000,50220,50270,50094.3,50147.65,215790,2994840
1738656900000,50148.05,50270,50032.4,50062.4,240720,2922390
1738659600000,50062.3,50360.95,50062.3,50360.95,383430,2828340
1738662300000,50360,50360,50280,50325,156960,2787270
1738727100000,50455.3,50648.85,50380,50625.2,389880,2723490
1738729800000,50626.7,50650,50527.05,50598,128460,2723910
1738732500000,50598.25,50672.8,50502.25,50575.95,118440,2723880
1738735200000,50586.45,50620.95,50476.6,50506.9,78420,2720190
1738737900000,50506.9,50629.3,50482,50610.05,105120,2737200
1738740600000,50613.9,50688.6,50575,50605.55,111660,2744700
1738743300000,50600.55,50680.45,50575.65,50596.05,89880,2736540
1738746000000,50607.15,50649.9,50525,50554.75,100800,2700090
1738748700000,50542,50549.8,50490.1,50495,83580,2674080
1738813500000,50500,50710.05,50411.1,50478.9,258750,2662380
1738816200000,50478.9,50588.5,50450.1,50556.95,115590,2679690
1738818900000,50556.95,50559.4,50351,50400.05,142770,2676090
1738821600000,50406.1,50505,50380.25,50500,69930,2673690
1738824300000,50500,50525,50408,50435.1,104940,2634090
1738827000000,50429.8,50550,50426,50530,69390,2628750
1738829700000,50518.85,50594,50459.8,50570,125160,2629350
1738832400000,50567,50652,50520,50579.6,185850,2615580
1738835100000,50579.6,50635,50569.9,50634,73500,2600670
1738899900000,50630.5,50689.7,50524.65,50622.1,226170,2591670
1738902600000,50615.7,50798.7,50215.05,50423,847560,2635620
1738905300000,50405.05,50668.75,50330.05,50660,283440,2621700
1738908000000,50660,50676,50313,50313,190110,2621760
1738910700000,50311.65,50420,50290.65,50345,195870,2657400
1738913400000,50343.15,50419,50300,50346.9,133110,2680530
1738916100000,50346.9,50382.8,50070.3,50185,361380,2683290
1738918800000,50189.25,50367,50150,50360,224460,2714070
1738921500000,50364.6,50423,50340.05,50386.25,119820,2699220
1739159100000,50280,50347,50110.1,50174,269580,2672370
1739161800000,50174,50225,49920.05,50009.9,251070,2696400
1739164500000,50010.5,50095,49902.25,50030.15,105660,2707770
1739167200000,50030.15,50110.95,49945.45,50005.8,83070,2716560
1739169900000,50015.2,50116.4,49970.05,50030.25,68820,2710380
1739172600000,50044.95,50113,50002,50112,54330,2705760
1739175300000,50108.95,50189,50035,50090,93090,2714100
1739178000000,50099,50288.4,50090,50240.05,191760,2700270
1739180700000,50232.2,50252.95,50215,50220,62640,2705580
1739245500000,50190,50190,49761.05,49814.15,460470,2821740
1739248200000,49802.85,49882.95,49711,49728.7,193080,2866020
1739250900000,49727,49864.95,49710,49775.45,137130,2862810
1739253600000,49775,49837.8,49764.95,49780,41610,2876010
1739256300000,49780,49834,49675,49700,107370,2880510
1739259000000,49711.65,49711.8,49521.65,49640,307350,2976240
1739261700000,49640,49655,49425,49524,237300,3065070
1739264400000,49524,49749.95,49520.05,49699,251250,3107550
1739267100000,49699,49716.6,49577.95,49581,104820,3117540
1739331900000,49550,49640.5,49010.45,49043.8,486120,3123780
1739334600000,49040,49309.55,48966,49220,292950,3122160
1739337300000,49220,49426.7,49185.2,49296.6,172530,3106530
1739340000000,49291.2,49687.95,49232.05,49610.2,303900,3068670
1739342700000,49608.75,49895.1,49502.65,49799.95,312420,3059340
1739345400000,49799.95,49930,49750,49820.5,175320,3040500
1739348100000,49805.6,49824.1,49432.25,49555.75,223770,3019620
1739350800000,49552.35,49748.4,49465,49740.4,129510,3030840
1739353500000,49745,49780,49712.4,49735,95100,3030270
1739418300000,49735,49975,49660,49954,365280,3063540
1739421000000,49955,50025,49850.35,49965.05,147540,3049980
1739423700000,49965,49997.8,49868.2,49906.75,58140,3047670
1739426400000,49906.75,49988,49815.05,49850,91710,3034110
1739429100000,49850,49898.95,49802,49820,68280,3023760
1739431800000,49830,49855.6,49451.05,49535,308670,3040200
1739434500000,49535,49612.9,49458.6,49520,118410,3055350
1739437200000,49520,49649,49460,49574.4,127860,3065940
1739439900000,49574.4,49609.9,49531,49531,79770,3075930
1739504700000,49705.3,49767.65,49459.1,49550,320670,3085050
1739507400000,49550,49670,49226,49244,235110,3091290
1739510100000,49240,49256.2,49086.75,49139.35,238650,3115380
1739512800000,49132.05,49298.3,49044.75,49056,134280,3117540
1739515500000,49061.85,49162.5,48971,48976.05,132090,3143280
1739518200000,48973.95,49105,48927.7,48997.85,144660,3188670
1739520900000,48992,49148.25,48908.1,49126.55,147870,3207150
1739523600000,49137,49499.7,49121.75,49353.95,342060,3192930
1739526300000,49353.95,49365,49267.15,49278,75780,3192990
1739763900000,49179.95,49214.95,48767.8,48841,472740,3177600
1739766600000,48821.5,49180,48709,49180,313740,3176820
1739769300000,49180,49233.6,48880.05,48994,136830,3164160
1739772000000,48990.55,49142.95,48964.05,48970,63900,3158160
1739774700000,48970.7,49111,48916.55,49098,46590,3134220
1739777400000,49100,49457.55,49030.05,49389.1,201060,3127560
1739780100000,49389.1,49422.45,49205,49343.9,143550,3124530
1739782800000,49343.05,49491.05,49250,49468,170280,3113730
1739785500000,49475,49517.75,49430,49501.5,91410,3093810
1739850300000,49460,49460,49005,49172.5,416430,3103800
1739853000000,49172.5,49248.05,48970,49065,189990,3148620
1739855700000,49069.15,49160,48940.8,49071.45,148290,3176070
1739858400000,49071.45,49220,49050.1,49130.15,92160,3182130
1739861100000,49139.85,49225,49025,49080,76410,3181650
1739863800000,49078,49250.15,49056.1,49230.85,78900,3181230
1739866500000,49239.95,49264.15,49110,49253.2,100830,3173340
1739869200000,49253.25,49282.8,49181,49192.05,105300,3161880
1739871900000,49194.1,49220,49176.3,49176.3,71820,3136260
1739936700000,49099.7,49640.3,48930.05,49580,580110,3091290
1739939400000,49593.1,49750,49513.95,49682.85,337890,3084060
1739942100000,49686.95,49686.95,49462,49550,146250,3064560
1739944800000,49537.45,49690,49525,49610,58440,3069150
1739947500000,49608.3,49657.7,49525.25,49567.9,58590,3078960
1739950200000,49567.9,49629.95,49482.1,49570.05,67470,3061620
1739952900000,49570.05,49603,49366,49367.35,138660,3064380
1739955600000,49366,49665,49358.95,49631.75,141600,3073260
1739958300000,49644.1,49644.1,49607.55,49611,106170,3066330
1740023100000,49444.7,49563.2,49300,49391.7,361500,3055740
1740025800000,49403.5,49488.45,49356.05,49410.35,97140,3073740
1740028500000,49416.05,49493,49382,49450,60180,3068580
1740031200000,49457.1,49480,49372.1,49386,46860,3064080
1740033900000,49386,49466,49370.8,49459.7,45570,3069930
1740036600000,49459.7,49484.45,49384.9,49484.45,40560,3074700
1740039300000,49485,49540,49460,49530.6,122910,3071850
1740042000000,49525,49540,49466.55,49474.45,98220,3077490
1740044700000,49472.75,49482,49425.05,49425.75,76380,3067890
1740109500000,49299.95,49387.9,49005.05,49016.55,460080,3093510
1740112200000,49016.55,49075,48852,48978.3,380820,3188700
1740114900000,48984.9,49027.9,48881.95,48995,79170,3163590
1740117600000,48999.9,49098.1,48980.8,49017.8,70920,3144300
1740120300000,49017.8,49162.25,49017.8,49031.7,110550,3129300
1740123000000,49031.7,49031.7,48880.05,48905.15,136470,3144660
1740125700000,48905.15,49059.2,48874,48963.55,171300,3176910
1740128400000,48963.55,49140,48942,49097.9,166860,3208230
1740131100000,49099,49099,48960,48980,143370,3201060
1740368700000,48644.7,48788.3,48305.45,48498.35,511290,2835060
1740371400000,48491.95,48575,48452.7,48499,130710,2819970
1740374100000,48492.05,48544.05,48453.85,48529.7,91740,2808930
1740376800000,48538.25,48813.75,48510.6,48629.2,205740,2791920
1740379500000,48628.3,48769.8,48624.1,48745.65,61530,2714400
1740382200000,48745.65,48798,48615.15,48641.45,75000,2708580
1740384900000,48654.15,48780,48627.6,48735.75,158730,2715390
1740387600000,48735.75,48913.95,48735.75,48791,244320,2719260
1740390300000,48802.55,48813,48750.05,48792,87630,2723250
1740455100000,48806.85,48917.75,48667.5,48813.55,219420,2233500
1740457800000,48813.6,48827.9,48670.1,48718.15,151230,2202450
1740460500000,48717.95,48717.95,48637,48675,110430,2170320
1740463200000,48675,48744.4,48635,48739.75,86940,2171400
1740465900000,48739.95,48772.65,48725.5,48728.3,111480,2187960
1740468600000,48732.55,48790.8,48707.75,48773,83970,2135040
1740471300000,48784,48792,48712.9,48722.3,80550,2131950
1740474000000,48730,48764,48709.25,48731.25,182190,2095680
1740476700000,48740,48740,48672.45,48675.1,82440,2079120
1740627900000,48749.95,48984.65,48740.05,48912.65,329430,1756380
1740630600000,48908.25,48975,48887.55,48958,189060,1751610
1740633300000,48958,48964.9,48912.4,48930,112170,1655940
1740636000000,48930,48930,48882.55,48899.25,118950,1604100
1740638700000,48905,48912.75,48861.05,48873.2,112170,1524270
1740641400000,48873.65,48916.65,48862.1,48910,160200,1431870
1740644100000,48912.1,48932.2,48888,48915.2,230340,1292940
1740646800000,48915.45,48921.4,48730,48780,276420,1087800
1740649500000,48781.95,48782.85,48737,48741,123330,1016820
1740714300000,48734,48943.65,48430,48515,516030,3400230
1740717000000,48524.95,48799.6,48519.85,48760,239790,3396750
1740719700000,48753.25,48820,48607.6,48810.8,138150,3392520
1740722400000,48818.95,48830,48640,48650.75,129870,3381720
1740725100000,48663.8,48723.35,48328.45,48330,247650,3382800
1740727800000,48329.95,48472.65,48318.3,48449.95,109170,3392250
1740730500000,48443.3,48640.65,48431.7,48610.2,118080,3401100
1740733200000,48603.85,48775,48540,48665.2,166230,3372690
1740735900000,48660.35,48662.7,48584.95,48600,110160,3373140
1740973500000,48775.75,48856.4,48224.05,48235.9,413370,3376980
1740976200000,48235.7,48347.6,48116.7,48246.8,252120,3398820
1740978900000,48233.7,48331,48130,48180.05,91050,3408570
1740981600000,48189.95,48350.4,48162.9,48350.2,66270,3409320
1740984300000,48355.95,48511,48301,48399.4,185160,3406560
1740987000000,48385.15,48550,48311.15,48407.5,132300,3388230
1740989700000,48409.25,48482.65,48288.35,48460.2,98490,3389130
1740992400000,48465.8,48466.65,48360,48394.45,82200,3373320
1740995100000,48400,48418.8,48350,48410,74760,3352680
1741059900000,48250,48567,48110.3,48510,506910,3269940
1741062600000,48505.2,48619.85,48333,48469.95,190080,3254160
1741065300000,48469.95,48560,48445.05,48480,69000,3255540
1741068000000,48480,48504,48352.05,48374.05,63390,3251910
1741070700000,48379.25,48490,48353,48432.5,39240,3241500
1741073400000,48434.4,48500,48379.8,48457.95,94920,3221820
1741076100000,48457.95,48586.2,48440.95,48510.6,114180,3200190
1741078800000,48514.55,48514.55,48360,48426.65,174690,3145380
1741081500000,48425.05,48540,48425.05,48492,105990,3105930
1741146300000,48492,48879.95,48433.15,48780.1,417810,3086820
1741149000000,48792.55,48829.95,48598.05,48693.55,176850,3099270
1741151700000,48695.75,48715.45,48618,48701,74820,3097350
1741154400000,48701,48812.25,48685.8,48787.35,117030,3089340
1741157100000,48787.35,48808,48673.05,48700,77670,3087090
1741159800000,48709.7,48731.35,48577.05,48615.9,103260,3068490
1741162500000,48604.05,48687,48595,48673,62580,3060840
1741165200000,48673,48757.65,48640.2,48716.1,95490,3026610
1741167900000,48716.1,48729.95,48677.05,48729.95,63270,3022950
1741232700000,48894.7,49099.9,48526,48670,459810,3103470
1741235400000,48660.55,48801,48629,48774.6,145890,3012570
1741238100000,48774.7,48864.2,48640.35,48667.7,137070,3002280
1741240800000,48667.7,48788.85,48641.9,48735,62340,2995200
1741243500000,48730,48795.25,48723.7,48744.25,60510,2995440
1741246200000,48740.5,48789.2,48728.5,48741.55,70290,3013620
1741248900000,48740,48821.95,48725.35,48768.15,124110,2991570
1741251600000,48768.25,48817,48742.85,48790.35,130740,2976690
1741254300000,48795,48795,48772,48786,88950,2964300
1741319100000,48626,48785,48536.05,48681.35,317370,2885370
1741321800000,48681.35,48896.35,48640,48822.05,246510,2902590
1741324500000,48826.35,48881.8,48712.35,48782.3,115680,2910030
1741327200000,48786.15,48819.95,48613.05,48657.5,120870,2911050
1741329900000,48652.4,48738,48587,48641.2,102540,2912940
1741332600000,48636.45,48675,48560.25,48641.15,99240,2927850
1741335300000,48640.05,48645,48510,48645,103260,2936820
1741338000000,48647,48775,48640.25,48700,153180,2886120
1741340700000,48699.8,48700,48624.6,48625,78900,2869590
1741578300000,48489.9,48702.95,48489.9,48654,263160,2895630
1741581000000,48662.85,48668,48526.5,48649.95,96810,2896590
1741583700000,48649.95,48669.7,48555.95,48575.65,40860,2894910
1741586400000,48575.65,48653.95,48560.35,48567.05,29280,2895030
1741589100000,48565.2,48650,48532,48630.75,51570,2894430
1741591800000,48637.55,48685,48602,48602,64260,2899080
1741594500000,48603.05,48636,48260.25,48264.65,293220,2896470
1741597200000,48260,48364,48220,48340.55,201960,2889090
1741599900000,48340.55,48360,48250,48260,76950,2863680
1741664700000,47999.95,48066.05,47751.6,47915,465690,2897160
1741667400000,47919.9,48013.7,47880,48013.7,107760,2906610
1741670100000,48011.8,48150,47970,48010,146220,2904870
1741672800000,48001.25,48045,47940,47969.8,65220,2906790
1741675500000,47969.8,48035,47930.55,47990.75,46620,2900040
1741678200000,47990.75,48049.5,47929.1,48049,63600,2905080
1741680900000,48048,48150,48021.8,48072.4,108480,2921670
1741683600000,48066.5,48090.6,47900,47979.95,178620,2966850
1741686300000,47980,48060,47978.3,48060,142140,3037260
1741751100000,48055.05,48301.85,48005.3,48254.95,318690,3021150
1741753800000,48254.95,48330,48159.8,48290.65,179400,3042240
1741756500000,48300,48320,48104.2,48106.95,76530,3037200
1741759200000,48119.95,48130,47960,48064.15,172440,3012960
1741761900000,48064.4,48087.65,47939.7,48049.75,95640,3021090
1741764600000,48049.75,48165.5,48030.85,48119.95,113070,3030300
1741767300000,48119.95,48253.95,48080.2,48250.35,125490,3037440
1741770000000,48251.05,48265,48144.3,48219.8,96930,3048300
1741772700000,48210,48233,48170.25,48215,60930,3036660
1741837500000,48300,48360.2,48150.35,48309.15,204510,3018810
1741840200000,48309.15,48461,48306.65,48443.7,172770,3023130
1741842900000,48443.7,48449,48310,48323.95,81180,3023400
1741845600000,48308.05,48359.3,48240,48269.95,148230,3006480
1741848300000,48269.95,48332.95,48259.8,48301.95,37560,3004410
1741851000000,48307.85,48318.9,48196.35,48235.9,84270,3010200
1741853700000,48236,48272,48162,48195.25,81630,3021090
1741856400000,48194,48206.5,48128,48191.95,141750,3039630
1741859100000,48181.9,48196.1,48100,48101,85950,3050190
1742183100000,48250.05,48545,48241.15,48480.2,408660,3075570
1742185800000,48475.2,48520,48410,48433.75,106380,3088560
1742188500000,48449.95,48529,48426.85,48515,61560,3100440
1742191200000,48520,48589.6,48464,48543.6,114900,3127350
1742193900000,48548.4,48548.5,48424.7,48479.95,64470,3135840
1742196600000,48470,48486.65,48412,48460.65,56700,3159810
1742199300000,48464.8,48535,48375.9,48490.15,82890,3120150
1742202000000,48496.3,48514.8,48442,48473,52710,3126570
1742204700000,48473,48504.95,48473,48500,66540,3120840
1742269500000,48751.05,48996.9,48664.1,48955.2,546750,3200040
1742272200000,48950.1,49090,48945.7,49089.9,307380,3322140
1742274900000,49083.9,49115,49018.55,49085.55,137130,3299790
1742277600000,49073.5,49156,49060.05,49141.15,91110,3319110
1742280300000,49141.05,49156.65,49010.05,49096.4,100650,3323820
1742283000000,49095.95,49209.3,49061.45,49206.6,113580,3276660
1742285700000,49209.3,49269,49185,49262,111750,3214860
1742288400000,49260.15,49399,49249.95,49380.6,228480,3246210
1742291100000,49378.5,49481.1,49371.7,49481.1,263970,3173700
1742355900000,49600.05,49667.2,49435.2,49593.85,365190,2976900
1742358600000,49598.75,49798.3,49563.7,49798.3,172620,2984280
1742361300000,49798.3,49824,49709.15,49770.1,114450,3002490
1742364000000,49779.95,49798,49742,49762.95,44700,3015630
1742366700000,49764.75,49867.65,49764.2,49859.8,89250,3030270
1742369400000,49850.95,49878.95,49756.95,49849.7,78990,3033090
1742372100000,49849.7,49849.7,49782.25,49829.6,51090,3032370
1742374800000,49829.15,49855,49761,49810.15,113250,3043800
1742377500000,49802.85,49825,49790,49816.25,99900,3048660
1742442300000,50000.05,50087.95,49842.05,49845,343980,2879760
1742445000000,49845,49945.1,49830,49911.65,136530,2841420
1742447700000,49911.65,49978,49890,49905.4,54090,2843340
1742450400000,49905.4,49928.35,49876.3,49914.1,28650,2834010
1742453100000,49914.1,49977.8,49890.05,49961,41400,2830590
1742455800000,49961,50115,49930.9,50092,178950,2854020
1742458500000,50092,50174.1,50054.55,50150.9,153720,2891940
1742461200000,50158,50174,50080.15,50083.6,117150,2898450
1742463900000,50092.45,50110,50070,50080,60720,2884560
1742528700000,50010.3,50243.2,49980,50230,214020,2800980
1742531400000,50230,50417,50169,50385.2,174360,2770080
1742534100000,50390.45,50570,50385.25,50512.3,206460,2731740
1742536800000,50512.3,50540,50386,50462.85,103110,2709660
1742539500000,50462.85,50560,50450,50523.75,97380,2682000
1742542200000,50525,50558.15,50420,50465,116880,2664630
1742544900000,50460,50554.35,50307,50553.9,136920,2643630
1742547600000,50550,50630,50452,50584,173370,2626920
1742550300000,50580,50630,50550,50609,111630,2625540
1742787900000,51001.25,51375,50800,51350.4,512160,2433420
1742790600000,51350.4,51649.7,51325,51555.6,341880,2405760
1742793300000,51555.6,51793,51555.6,51601.5,213180,2385750
1742796000000,51603.65,51630,51505,51595.1,104430,2383380
1742798700000,51590.9,51688.15,51575.75,51615,71250,2389950
1742801400000,51614.15,51688,51581.4,51604.35,68490,2396970
1742804100000,51604.35,51775,51560.3,51747.55,139380,2406840
1742806800000,51750,51810.9,51633.35,51700,181560,2407290
1742809500000,51700,51839.4,51700,51826.2,151320,2393010
1742874300000,51950.1,52050,51666,52032.85,418560,2152650
1742877000000,52042.15,52042.15,51770.35,51918,226770,2153130
1742879700000,51913.7,51935,51755.65,51775,130830,2144190
1742882400000,51766.8,51851,51654.55,51770,147570,2143920
1742885100000,51770,51791.45,51630.5,51716.6,146100,2146530
1742887800000,51715,51748.8,51603,51724.1,108390,2151060
1742890500000,51724.05,51832.65,51672,51672,150150,2203770
1742893200000,51672,51761.7,51672,51712.1,111420,2224290
1742895900000,51712.1,51740,51567,51568.6,172080,2211480
1742960700000,51649.85,51825,51590.85,51796,188430,1781700
1742963400000,51797.9,51958.85,51725,51789.1,210960,1811220
1742966100000,51789.1,51825,51570.3,51687.75,193980,1785570
1742968800000,51688.2,51688.2,51473.9,51528.75,180990,1784430
1742971500000,51525,51545.95,51443.35,51491.05,130710,1775070
1742974200000,51491.05,51500,51190.95,51211,269880,1774620
1742976900000,51211,51328.9,51188.35,51300,128430,1756590
1742979600000,51300,51342.9,51161,51299.4,173220,1769250
1742982300000,51306,51306,51257.4,51285.1,64920,1764420
1743047100000,51160,51634.85,51068.1,51628.4,306060,1316460
1743049800000,51634.85,51648,51530.6,51552.9,106650,1308210
1743052500000,51552.9,51688,51530,51631.95,79680,1303500
1743055200000,51631.95,51675,51603.25,51655,69840,1292070
1743057900000,51645.5,51661.1,51604.6,51653,101250,1268670
1743060600000,51653,51675,51622.05,51674,47610,1263630
1743063300000,51674,51677,51631,51635.7,50100,1250100
1743066000000,51635.7,51701.9,51555,51565,188640,1194270
1743068700000,51563.1,51592,51550,51585.9,86670,1156200
1743133500000,52050,52125,51711.55,51975,466080,2736690
1743136200000,51975,52088.3,51801.15,51986.3,190740,2744970
1743138900000,51999.35,52043,51801,51834.9,111750,2754510
1743141600000,51834.9,51886.45,51755,51856,82440,2752980
1743144300000,51856,51862.1,51631.05,51750,157230,2743770
1743147000000,51757,51818.95,51651.2,51725,119130,2738280
1743149700000,51725,51874,51660,51870,125070,2737650
1743152400000,51874,52048,51804,51863.45,261030,2726490
1743155100000,51864.05,51873.85,51813.95,51852,113790,2714250
1743479100000,51683.95,51920,51538,51877.6,291390,2712660
1743481800000,51874.15,51880,51315.35,51449.8,337950,2708850
1743484500000,51442,51488,51120.5,51230,357360,2642310
1743487200000,51218.5,51235.4,51050,51168.2,129660,2615700
1743489900000,51168.2,51273,51124.5,51142,257370,2440560
1743492600000,51142,51184,51082,51146.8,151080,2353050
1743495300000,51146.8,51199.95,51101.1,51180,99960,2290920
1743498000000,51181,51230,51149.95,51190,103920,2272290
1743500700000,51191.05,51220,51175.15,51191,80190,2252970
1743565500000,51116.25,51490,51055.55,51365.45,365280,2237370
1743568200000,51375,51478.95,51292.5,51411.75,97680,2241090
1743570900000,51418.35,51575,51409.1,51420.2,154590,2259480
1743573600000,51429.35,51510,51372,51504.8,68370,2259510
1743576300000,51504.7,51540,51390.05,51408.65,96450,2244180
1743579000000,51413.3,51520.05,51411,51441,82770,2236080
1743581700000,51441.3,51515,51435,51470,59250,2244900
1743584400000,51479.35,51606,51441.55,51581,132090,2223120
1743587100000,51580.15,51647.95,51555,51644.95,102300,2218410
1743651900000,51299.9,51644.3,51200,51480,457380,2314980
1743654600000,51481,51779.8,51475,51733.55,211260,2361360
1743657300000,51733.55,51749.9,51649,51689.75,71640,2359320
1743660000000,51685.45,51747,51668,51720,42240,2357760
1743662700000,51722,51730,51620,51709.8,68040,2341650
1743665400000,51709.8,51824.55,51631,51806.4,124920,2345250
1743668100000,51805.95,51865.3,51783.75,51811.45,142500,2349960
1743670800000,51811.45,51830.9,51771,51801.85,101520,2349690
1743673500000,51801.1,51822.35,51775,51803.15,67530,2347890
1743738300000,51710,51993,51565.6,51750,624420,2413500
1743741000000,51750,51816.95,51642.8,51691.7,194220,2396400
1743743700000,51680,51869.2,51650.05,51815.75,130800,2404050
1743746400000,51815.75,51888.9,51725.6,51789,82500,2403390
1743749100000,51789,51813.4,51710,51772.6,58050,2395560
1743751800000,51775.15,51826.6,51645.9,51645.95,140580,2403120
1743754500000,51641.05,51735,51575,51620.3,155820,2394480
1743757200000,51616,51650,51459.15,51645,239220,2353590
1743759900000,51650,51654.3,51580,51650.2,78480,2347980
1743997500000,49901.2,50784.95,49701.5,50111.05,1608930,2386290
1744000200000,50110,50162.5,49850,50100.65,535620,2384430
1744002900000,50102.65,50276.95,49800,49889.4,226170,2381190
1744005600000,49885.4,50025,49501.8,49501.8,225900,2418480
1744008300000,49501.8,49650,49366.1,49457.5,231600,2420370
1744011000000,49450,49795.2,49409,49749.25,180120,2417070
1744013700000,49739.85,49900,49670,49746.5,187410,2419380
1744016400000,49745.9,50200,49705,50151.4,263310,2377380
1744019100000,50145.15,50225.8,50060,50160.85,165360,2382180
1744083900000,50502.05,50966.55,50502.05,50599.9,497070,2238630
1744086600000,50590.3,50636.35,50264.9,50337,271440,2271300
1744089300000,50338.9,50698.75,50277.2,50469,220620,2243010
1744092000000,50469,50724,50365,50723.45,167520,2227590
1744094700000,50723,50912.85,50650,50844.5,177330,2206770
1744097400000,50844.5,50916.95,50664.7,50729.05,149160,2203770
1744100100000,50720,50838.95,50551.1,50805.4,158520,2195490
1744102800000,50805.4,50824.8,50664.7,50745.35,104820,2187420
1744105500000,50736.1,50831.95,50724.1,50811,87270,2169690
1744170300000,50600,50754.85,50450,50452.4,397560,2185380
1744173000000,50444,50585.3,50226,50270,388050,2246550
1744175700000,50256,50349,50040.3,50245,249540,2313180
1744178400000,50244.95,50407.75,50181.05,50301.95,135000,2308440
1744181100000,50314.6,50474.8,50280,50384.35,173760,2305530
1744183800000,50386.5,50525,50360.2,50397,155580,2312250
1744186500000,50397,50483.25,50371.05,50454.05,102600,2318490
1744189200000,50454,50483.25,50400.45,50479.1,127140,2329350
1744191900000,50479.1,50500,50466.65,50485,84570,2319210
1744343100000,50799,51249.75,50799,51099.1,513120,2138340
1744345800000,51084.25,51160.35,50930,51010,149640,2149740
1744348500000,51010,51225,50953,51221.1,114570,2149080
1744351200000,51221.1,51362.45,51215,51361.4,183270,2178390
1744353900000,51360.1,51385,51273,51301,129990,2204130
1744356600000,51301,51374,51209,51278.75,128430,2215770
1744359300000,51274.95,51294.95,51072,51089.8,125460,2200380
1744362000000,51089.8,51220,51055.2,51180,111900,2182890
1744364700000,51175.15,51185.8,51101.2,51165.65,106890,2203020
1744688700000,52099.6,52248.8,51802,52150,740670,2277090
1744691400000,52145.4,52310,52145.4,52265.6,176970,2316090
1744694100000,52270,52343.4,52260.2,52341,118410,2324910
1744696800000,52340.6,52429.2,52313.2,52372.8,205080,2367270
1744699500000,52371.8,52402.4,52330,52350.2,71010,2375550
1744702200000,52350.2,52412.4,52330.2,52375.2,44610,2381670
1744704900000,52375.2,52403.2,52362.6,52375,53340,2382090
1744707600000,52375.2,52404.8,52310.6,52338,153870,2380380
1744710300000,52335.4,52460,52331.8,52460,128970,2367990
1744775100000,52550,52770,52433.6,52735,383520,2249160
1744777800000,52735.4,52804,52630,52674,139950,2247360
1744780500000,52674,52744.6,52585,52710.8,90810,2263650
1744783200000,52706,52776,52701.2,52738.8,95520,2292480
1744785900000,52738.8,52803.4,52720.2,52790,53220,2301000
1744788600000,52790,52848,52711.8,52745,117210,2309880
1744791300000,52745,53143.4,52729.6,53044.2,297570,2331240
1744794000000,53050,53100,53010,53044.6,165420,2313660
1744796700000,53041,53152,53040,53136.4,121980,2308890
1744861500000,53095.8,53470,53049.8,53432.4,366090,2232390
1744864200000,53436.4,53466.2,53310,53411,131820,2243130
1744866900000,53414.8,53548.8,53345,53524.8,140130,2252040
1744869600000,53522,53725.6,53520,53699.6,186120,2250540
1744872300000,53694.8,54050,53672.4,54050,272850,2270430
1744875000000,54049.6,54373.2,54014.8,54218.4,338520,2214120
1744877700000,54215,54294,54088.6,54174.8,126390,2207370
1744880400000,54165.4,54284.8,54141,54156.8,178560,2151870
1744883100000,54165,54249.8,54155,54223.6,139950,2129760
1745207100000,54640.8,55203,54577.8,55191.4,862560,2181120
1745209800000,55190,55225,55040,55150,248880,2180640
1745212500000,55150,55348,55144.6,55341.2,222600,2095290
1745215200000,55341.2,55376,55250,55337.4,93990,2093760
1745217900000,55336,55416.6,55320,55395,98610,1979790
1745220600000,55395.6,55410.4,55201,55227,170160,2034210
1745223300000,55229.8,55338,55201.6,55267.2,126690,2065770
1745226000000,55279.8,55320,55212.6,55267,180990,2117610
1745228700000,55275,55345,55271,55280,104670,2141520
1745293500000,55360,55580,55252,55555.8,294720,1867020
1745296200000,55565,55876.4,55543.6,55811.4,302850,1931670
1745298900000,55811.4,55900,55623.2,55625,161640,1944690
1745301600000,55621,55750,55566.6,55690,155100,1957590
1745304300000,55694.8,55719.6,55601,55661.4,101250,1983330
1745307000000,55662.4,55768.6,55644.6,55712,78090,2000280
1745309700000,55724.8,55748,55641.2,55707.4,90150,2026920
1745312400000,55716.6,55725,55565.2,55630,151800,2053440
1745315100000,55631.8,55631.8,55481.8,55548.2,122970,2036340
1745379900000,55865,55900.2,55520.2,55556,336300,1622880
1745382600000,55557.6,55598,55229,55229,240060,1602270
1745385300000,55227,55370,55184.8,55286,169200,1586640
1745388000000,55286,55422.4,55270,55323.8,127020,1580430
1745390700000,55316.6,55359.6,55225.2,55356.4,100020,1583700
1745393400000,55351.8,55418.2,55318.4,55418.2,70800,1577070
1745396100000,55414.2,55488.8,55376.8,55430,105480,1548720
1745398800000,55430,55450.8,55386.8,55424.2,127950,1527690
1745401500000,55424,55431.4,55365,55385.6,93390,1472040
1745466300000,55244,55576.4,55215,55392,253500,1195920
1745469000000,55392,55450,55365.4,55383.2,107400,1185450
1745471700000,55383,55426.6,55316.2,55351,63480,1189860
1745474400000,55351,55409.2,55345,55383,56760,1180680
1745477100000,55386.6,55418.6,55365,55367,52770,1163820
1745479800000,55367,55414.8,55367,55402.4,82290,1140900
1745482500000,55402.4,55420,55375,55410.4,83550,1144740
1745485200000,55415.4,55416.8,55130,55236,234930,1086300
1745487900000,55236,55242.8,55202,55209.8,70380,1050750
1745552700000,55355,55555,54852,54937,664620,2602320
1745555400000,54940,54940,54656,54685.4,569220,2535990
1745558100000,54675.6,54752.8,54540,54594,261930,2508150
1745560800000,54594,54636,54409.4,54600,197010,2481870
1745563500000,54605,54770,54563.8,54747,158100,2460330
1745566200000,54748.4,54900,54670,54871,185730,2454120
1745568900000,54880,55099,54850,54958,283890,2464950
1745571600000,54958,54965.2,54750,54814.8,161160,2487900
1745574300000,54798.6,54810,54637.8,54658.6,201720,2503680
1745811900000,54735.2,55490,54650,55435,619620,2436780
1745814600000,55435,55541.4,55324.8,55453.2,184050,2467470
1745817300000,55453.2,55510,55316,55436.8,117330,2462010
1745820000000,55418,55640,55401.8,55578.8,202680,2521260
1745822700000,55582,55825,55576.2,55784.8,202230,2533140
1745825400000,55784.8,55800,55640,55720,85680,2520090
1745828100000,55720,55764.8,55630,55630,75000,2525340
1745830800000,55630,55724.8,55540,55655.2,155430,2502930
1745833500000,55653.6,55688,55640.2,55678.8,73320,2492610
1745898300000,55744.6,56194.8,55701.2,55902.4,684090,2452050
1745901000000,55886.4,55918.8,55556.4,55563.4,258870,2439780
1745903700000,55563.4,55700,55527.6,55577.4,113310,2441460
1745906400000,55583,55629,55460,55530,137310,2432070
1745909100000,55525,55661,55460,55658.8,97920,2413260
1745911800000,55658.8,55720.6,55581,55584.4,82830,2405010
1745914500000,55590,55649,55575,55624,48150,2406570
1745917200000,55624.6,55649,55533.2,55533.2,95040,2407350
1745919900000,55533,55548.2,55437,55440,118080,2380260
1745984700000,55440,55630,55131,55490,496020,2349420
1745987400000,55499,55500,55200,55280.4,219720,2340300
1745990100000,55282,55394,55230,55300,91440,2346330
1745992800000,55302.4,55355,55258.2,55270.4,37170,2338380
1745995500000,55270.4,55422,55258.2,55357.2,129330,2343540
1745998200000,55357.2,55418,55325.4,55407.4,39270,2342970
1746000900000,55409,55416.2,55265.4,55265.4,45150,2343540
1746003600000,55265.4,55356,55232.2,55320,82260,2337540
1746006300000,55320,55324,55172,55172,134640,2317470
1746157500000,55250.2,55929,55218.2,55774.8,572580,2343570
1746160200000,55770.2,55832.4,55611,55697.6,168720,2333040
1746162900000,55697.6,55720.6,55450,55450,221940,2341920
1746165600000,55450,55475.8,55280,55305,200220,2360220
1746168300000,55309.6,55317.8,55073.6,55209.4,229500,2353140
1746171000000,55210,55455.6,55165,55373.8,204390,2336280
1746173700000,55378.4,55411,55121,55123.2,110820,2312430
1746176400000,55122,55359,55092,55266,146970,2290890
1746179100000,55262.2,55285.8,55162.6,55191.8,100830,2272950
1746416700000,55124.8,55448,55011.2,55273,447240,2261280
1746419400000,55256,55343.8,55155,55315.4,120750,2275620
1746422100000,55316.6,55316.6,55037,55075,147750,2273490
1746424800000,55070,55131,54960,55009.8,117810,2258400
1746427500000,55003.4,55024.8,54915,55020,87450,2257320
1746430200000,55020,55115,54993,55105.2,71850,2250000
1746432900000,55115,55188,55050,55096.6,105750,2247480
1746435600000,55113.2,55215,55040,55055,92190,2239650
1746438300000,55055,55099.2,55050,55081,60930,2242470
1746503100000,55050.6,55205.8,54780,54790,334920,2197560
1746505800000,54790,54845,54650,54700,204570,2194140
1746508500000,54700,54747.8,54630,54644.6,81720,2183670
1746511200000,54640,54680,54557.2,54679.4,138120,2166720
1746513900000,54679.4,54725,54615,54615.2,65280,2161500
1746516600000,54615.2,54674.6,54607.4,54650,44910,2155080
1746519300000,54662.4,54729.8,54585,54595,87960,2138610
1746522000000,54599.4,54639.8,54386.2,54402,263640,2100960
1746524700000,54402,54408.4,54270,54270.6,143130,2081130
1746589500000,54250,54796,54037.6,54602.4,669450,2050440
1746592200000,54602.4,54626.8,54361,54467.6,246450,2065470
1746594900000,54461.6,54591.2,54380,54565,199350,2092110
1746597600000,54581.8,54629,54430,54459.4,150540,2108730
1746600300000,54459.4,54515.4,54423.2,54425,52230,2103570
1746603000000,54425,54449.8,54360,54420,65880,2103870
1746605700000,54429.8,54554,54400,54499.8,98100,2110080
1746608400000,54496.8,54632,54491,54630,135600,2094810
1746611100000,54630,54765.6,54630,54720,121950,2068320
1746675900000,54806.2,55029,54702,54788.8,279990,1912230
1746678600000,54776,54958,54755,54902.8,97530,1917000
1746681300000,54902.8,54930.2,54810,54825,57810,1930530
1746684000000,54825,54849.8,54768.6,54815.6,44790,1927620
1746686700000,54815.6,54900,54788,54869,51960,1929630
1746689400000,54880,54898,54640,54660,157290,1912020
1746692100000,54662.8,54677,54473.8,54600,267240,1916430
1746694800000,54586,54626.6,54266,54416.2,357060,1934670
1746697500000,54416.4,54416.4,54150,54184,249360,1973490
1746762300000,54400,54400,53688.2,53770,594270,1863120
1746765000000,53757.2,53932,53660,53763,222600,1865520
1746767700000,53760.2,53975,53722,53975,112320,1863150
1746770400000,53975,54020,53731,53827,147810,1863210
1746773100000,53829.4,53847.6,53740,53784.2,53250,1873080
1746775800000,53797,53808.4,53628.4,53676.2,125760,1885020
1746778500000,53674,53765,53585,53613.2,131430,1899270
1746781200000,53613.2,53738,53604.8,53705,140220,1906680
1746783900000,53705,53815.4,53680,53781.8,143760,1858950
1747021500000,54648,55450,54502.2,55394,1003590,1862160
1747024200000,55394,55420,55258,55413.6,227100,1931250
1747026900000,55414.6,55539,55360,55491.8,232860,1964160
1747029600000,55489.8,55513,55304.4,55337,134070,1979610
1747032300000,55340,55517.8,55285,55445.6,120690,1970850
1747035000000,55437,55457.8,55345.6,55388,138300,1972680
1747037700000,55387.6,55550,55338,55493.4,96090,1982610
1747040400000,55480,55550,55395.2,55505,140010,1996650
1747043100000,55505,55680.8,55505,55671,179760,1999380
1747107900000,55644,55644,55183,55236,496500,1911270
1747110600000,55237.6,55350,55128,55235,196470,1885230
1747113300000,55235,55413,55203,55365,136380,1892310
1747116000000,55380,55404.6,55242.6,55318.6,72750,1893810
1747118700000,55318.6,55339.8,55110,55119.2,156180,1873470
1747121400000,55110,55194,55080,55147.4,125010,1874070
1747124100000,55145.8,55167,55055.6,55120,119430,1885530
1747126800000,55114.8,55207,55042,55071.4,180630,1845210
1747129500000,55071.2,55140,55060,55100,100650,1831110
1747194300000,55124.4,55258.4,54968.2,55055.6,261720,1801470
1747197000000,55055.6,55192.8,55054.2,55135,105360,1805250
1747199700000,55135,55137,55021.4,55110.4,43170,1810500
1747202400000,55110.4,55120,54890.8,54940.2,109830,1820700
1747205100000,54940.2,54950.8,54576.8,54662.2,260670,1792410
1747207800000,54664.8,54795.6,54653.8,54721,128370,1785510
1747210500000,54722,54829.8,54657,54785.2,78570,1798980
1747213200000,54789.8,54924.6,54659.8,54896.4,126060,1793280
1747215900000,54896.4,54997.8,54836,54970,110640,1803090
1747280700000,54970,54991,54625,54738.2,246150,1807080
1747283400000,54737.6,55098,54656.6,54971,208860,1811670
1747286100000,54970,55032,54767,54819.6,135540,1811940
1747288800000,54801.2,54931.2,54760,54886.4,63900,1807470
1747291500000,54886.4,54972,54817.6,54889,69360,1821990
1747294200000,54887.2,55329.6,54887.2,55295,361590,1863900
1747296900000,55298,55499.6,55298,55485,277860,1858980
1747299600000,55489,55493,55345.2,55422,209700,1851780
1747302300000,55422,55427.8,55373.2,55376,108450,1845870
1747367100000,55405.4,55600,55252.6,55340,239790,1818030
1747369800000,55340,55500,55336,55450.8,88650,1805040
1747372500000,55445.2,55469.4,55364,55390.8,54540,1800000
1747375200000,55384,55460,55370,55386.6,44610,1799100
1747377900000,55386.6,55525,55353,55450.2,75780,1791450
1747380600000,55446.6,55522.8,55434,55459.6,69780,1788330
1747383300000,55460,55519.8,55425,55488,34650,1779990
1747386000000,55487.8,55525,55455,55500,66000,1765980
1747388700000,55500,55517.8,55474.4,55515,86640,1723710
1747626300000,55536.2,55642.8,55403.4,55500,197220,1735860
1747629000000,55500,55718.6,55480,55675.2,185880,1804140
1747631700000,55675.2,55799,55657,55740,135630,1838670
1747634400000,55745,55779.2,55680,55738.6,58230,1840350
1747637100000,55738.6,55831.4,55700,55787.2,69210,1862370
1747639800000,55787.2,55787.2,55650,55652.6,63270,1860870
1747642500000,55654,55662,55472,55509,195540,1789170
1747645200000,55519,55555,55422,55512,116070,1753140
1747647900000,55512,55538,55500,55512.2,61590,1755810
1747712700000,55700,55701.6,55270.6,55329.8,314340,1731990
1747715400000,55329.8,55425,55285.6,55420,90300,1732290
1747718100000,55411.8,55474.8,55301,55312,97830,1743210
1747720800000,55310,55344.8,55231.4,55290,92490,1737690
1747723500000,55299.2,55360,55201.2,55225,68220,1737570
1747726200000,55225.2,55254.2,55130.2,55153.4,135390,1754490
1747728900000,55153.4,55239,55050,55056,112650,1768410
1747731600000,55069.8,55173.2,55030,55132.8,144360,1760970
1747734300000,55132.6,55139.6,55071.8,55087,82080,1751070
1747799100000,55201,55285,55028.4,55235,274500,1718940
1747801800000,55230.2,55450,55230.2,55405.4,232590,1729650
1747804500000,55405.4,55426.4,55267,55271.4,118020,1724700
1747807200000,55280,55294.8,54869.2,54905,268350,1703970
1747809900000,54905,55096,54773,55014.6,222810,1712160
1747812600000,55014,55197,55010,55025,109320,1706010
1747815300000,55024.4,55141.2,54974.8,55110.4,54150,1703580
1747818000000,55110.4,55180,55101.2,55120,66690,1698870
1747820700000,55117.2,55163,55112.2,55130,61740,1695390
1747885500000,54944.8,55061,54850.6,54990,227820,1711110
1747888200000,54982,55017.8,54888,54915,80370,1714260
1747890900000,54907.2,54944.6,54830.4,54840,74880,1717440
1747893600000,54840.2,54854,54705,54769.8,123600,1734300
1747896300000,54769.8,54799,54700,54777.2,64950,1728000
1747899000000,54774.4,54837.8,54744.2,54780,48960,1724550
1747901700000,54780,54823.2,54721.2,54775.2,38040,1721250
1747904400000,54780,55120,54746.6,55069.4,242370,1693080
1747907100000,55061,55094.8,55036.2,55090,123390,1680840
1747971900000,55149,55319.4,54941.4,55246.2,322140,1714830
1747974600000,55240.6,55295,55075,55210,162870,1704750
1747977300000,55212.6,55488.2,55200,55471.4,217200,1697610
1747980000000,55487,55559.4,55315,55350,161850,1690650
1747982700000,55350,55519.8,55345,55460.4,87780,1697460
1747985400000,55453.2,55535,55405,55438,82200,1697400
1747988100000,55438,55531.2,55400.2,55496,52350,1689120
1747990800000,55503.4,55503.4,55413,55481.2,65520,1669860
1747993500000,55489,55520,55474.6,55519,100980,1652160
1748231100000,55586.4,55980,55586.2,55889.2,342090,1599000
1748233800000,55889.2,55900,55357,55509.8,289800,1603290
1748236500000,55505,55643.4,55444.4,55522,130890,1613340
1748239200000,55530.4,55644,55460.2,55595,79680,1632270
1748241900000,55593,55682.8,55500,55569,85260,1651650
1748244600000,55569,55625,55527.6,55596.4,58470,1666530
1748247300000,55596.4,55625,55520,55550.4,54210,1670370
1748250000000,55550.4,55710,55538,55672,130020,1658790
1748252700000,55679.6,55710,55664,55697.4,109980,1661520
1748317500000,55590.8,55644.8,55118.8,55188.2,449100,1406250
1748320200000,55180,55259,55069.2,55189.8,202170,1375860
1748322900000,55189.8,55874.8,55167,55874.8,413370,1373580
1748325600000,55879.4,55940,55636,55761.6,254640,1385100
1748328300000,55762.8,55788.8,55510,55616.2,158790,1425030
1748331000000,55616.2,55660,55480.2,55625.6,124500,1456860
1748333700000,55620.8,55719,55257,55300,169050,1446030
1748336400000,55300,55519.8,55290.2,55494.8,140340,1416690
1748339100000,55498,55510,55428.4,55432.2,70650,1394250
1748403900000,55424.4,55575,55290.4,55452.2,243960,1117680
1748406600000,55461,55470,55305,55391.8,123630,1117200
1748409300000,55391.8,55520,55376.4,55419.2,103770,1115790
1748412000000,55404.4,55420,55350,55352,66480,1120500
1748414700000,55352,55507.2,55350,55462.2,95130,1104570
1748417400000,55461.6,55564,55387.4,55400,160110,1101840
1748420100000,55400,55472,55357,55379.2,79590,1090200
1748422800000,55379.2,55498,55366.4,55432.2,147240,1050510
1748425500000,55429.2,55475,55421.8,55455,62790,1029360
1748490300000,55659.8,55747.8,55325,55457.8,306390,761070
1748493000000,55457.8,55500,55218.2,55220,154560,766590
1748495700000,55220,55303.2,55144.8,55173,114210,751920
1748498400000,55173,55206.4,55117.2,55165,57780,744810
1748501100000,55165,55270.2,55083,55242.4,98820,756390
1748503800000,55242.4,55267,55182.8,55249,61590,739530
1748506500000,55249,55295,55185.2,55245,95490,716220
1748509200000,55245,55538.4,55205.2,55530,224820,583140
1748511900000,55525,55556.4,55520,55542.2,84810,549660
1748576700000,55950,56010,55800,55860,310140,1823280
1748579400000,55860,55922.2,55720.8,55760,137190,1801530
1748582100000,55760,55894.8,55707,55863,89370,1803090
1748584800000,55862.8,55906,55775.8,55785,57990,1810500
1748587500000,55784.4,55830.4,55756.8,55807.6,33240,1810110
1748590200000,55807.6,56074,55807.6,56069,229530,1835250
1748592900000,56070,56100,55958,56090,193860,1875660
1748595600000,56090,56140.2,56015.2,56061,146580,1886130
1748598300000,56061,56110,56055.6,56082,131370,1881870
1748835900000,56100,56100,55719,55886.6,381750,1888740
1748838600000,55886.6,55993,55836.6,55978,75570,1874550
1748841300000,55978,55995,55890,55962,61440,1884510
1748844000000,55962,56041.6,55943,56010.4,114330,1900680
1748846700000,56015,56130,55980,56026.4,170040,1906380
1748849400000,56026.4,56170,56024.8,56155.4,112680,1908960
1748852100000,56157.4,56170,56027,56086.2,93690,1906590
1748854800000,56086.2,56217.2,55980,56177,179070,1885710
1748857500000,56177,56191,56147.4,56175,100950,1899540
1748922300000,56275,56355,56059.4,56127,298530,1899300
1748925000000,56131.2,56298,56086.4,56154.6,129480,1901160
1748927700000,56155,56199,56020.4,56097.6,119880,1908330
1748930400000,56094.8,56132.4,56012,56029,92250,1898760
1748933100000,56028.8,56056,55859.4,55873,224610,1905180
1748935800000,55873,55980,55824.2,55900.6,182790,1923390
1748938500000,55901.2,56009.6,55883,55952.6,89220,1945320
1748941200000,55959.8,56075,55941,55955,158250,1972770
1748943900000,55952,55990,55848,55865,102630,1975050
1749008700000,55930.8,55998.8,55700,55781.8,275610,1963230
1749011400000,55790.2,55917.2,55766,55886,103170,1969290
1749014100000,55898.8,55968,55860,55968,77010,1969470
1749016800000,55968,56017,55917.2,55979,82920,1956870
1749019500000,55979.6,55999,55926.4,55954,25230,1952730
1749022200000,55954,55980,55888.2,55912.2,38880,1944840
1749024900000,55912.2,56000,55912.2,55932,39330,1944030
1749027600000,55932,56047.8,55932,55970,103110,1969410
1749030300000,55973,55995,55969,55984.8,49320,1975350
1749095100000,56010.4,56080,55851,56035,227640,1993290
1749097800000,56034.8,56054,55960,55993,73620,2005320
1749100500000,55993,56090,55945.8,56038,54480,2006550
1749103200000,56040,56197,55970.6,56185.2,163830,1999650
1749105900000,56194,56219,56036,56080.6,128280,1985640
1749108600000,56080.6,56111,55941,55950,114720,1999470
1749111300000,55950,56020.8,55905.6,56001.8,78450,2002470
1749114000000,56000,56050,55967.2,56039,83340,1990560
1749116700000,56039,56080,56035.8,56043.4,75360,1966650
1749181500000,55999.8,56059.8,55851,55919.8,290790,2037360
1749184200000,55919.8,56656.6,55780,56596.6,1769670,2189460
1749186900000,56599.8,56745,56502.4,56635,499410,2215740
1749189600000,56643.8,56799,56635.2,56748.6,188130,2183370
1749192300000,56745,56762,56580,56737.4,173880,2206230
1749195000000,56734.4,56772,56647.4,56755,94500,2190540
1749197700000,56743,56832.8,56679.4,56797,129930,2191920
1749200400000,56795,56800,56695.6,56750.6,178950,2201220
1749203100000,56750.6,56799,56748.8,56799,111480,2195370
1749440700000,57150,57165.2,56905.4,57065,355680,2128920
1749443400000,57052.8,57146,57052.8,57138,126090,2172900
1749446100000,57140,57160,57026.4,57029.2,88320,2183610
1749448800000,57030.4,57093.8,57009,57082,61800,2169750
1749451500000,57082,57135,57046,57052,65610,2156010
1749454200000,57052,57108,57050,57075,25230,2152800
1749456900000,57062.8,57088.4,56985,57027,70380,2131500
1749459600000,57027,57048,56990,57011,77490,2122680
1749462300000,57011,57021.2,56986.6,56990,84780,2111490
1749527100000,57026.2,57099,56750,56817.6,268380,2068620
1749529800000,56818,56960,56817.6,56904,106920,2051400
1749532500000,56904,56907.4,56760,56770,75900,2050230
1749535200000,56765,56798,56729,56780,68070,2050380
1749537900000,56780,56878,56760.2,56850.2,60960,2054970
1749540600000,56859.6,56890,56801,56820,40410,2053380
1749543300000,56826.4,56850,56783.8,56791.4,32520,2054730
1749546000000,56791.4,56824.8,56742,56780.2,52110,2050230
1749548700000,56796,56800.2,56721,56735,67560,2037630
1749613500000,56755,56820.6,56607,56751.8,182250,2052840
1749616200000,56752,56860,56717,56850.8,94650,2060160
1749618900000,56850.8,56920,56825,56848.2,97380,2064630
1749621600000,56852,56925,56848.2,56888.4,65130,2083290
1749624300000,56900.2,56938,56831.4,56873,54810,2080920
1749627000000,56870,56882.8,56671.2,56690.6,115320,2053590
1749629700000,56700,56700,56570.4,56616.4,188340,2048100
1749632400000,56620,56714,56617.8,56662,71850,2032440
1749635100000,56655,56671.6,56622,56625,58080,2020920
1749699900000,56635,56742.6,56541.2,56603.4,171150,2008260
1749702600000,56612,56614,56466,56489.6,115320,2015370
1749705300000,56480,56554.8,56450,56523.8,86670,2009190
1749708000000,56512,56512,56420,56458,74970,2015160
1749710700000,56458,56540.4,56444,56464.2,54180,2009700
1749713400000,56464.2,56481.8,56292.4,56310.8,208200,1981200
1749716100000,56306.2,56350,56200,56329.8,254940,1996290
1749718800000,56328,56420,56280,56299.8,132450,2002140
1749721500000,56299.8,56300,56202.6,56208.8,109290,1981020
1749786300000,55555.6,55740,55350.6,55579.8,473880,1993680
1749789000000,55579.8,55730,55521.8,55699.4,139620,1997220
1749791700000,55699.4,55719,55547,55603.6,111540,2018220
1749794400000,55600.8,55700,55586.8,55626,66030,2030550
1749797100000,55631.6,55699,55580.2,55600.4,38550,2031960
1749799800000,55600.4,55750,55581.2,55742,58260,2020590
1749802500000,55741.4,55800,55650,55682.6,70740,2009490
1749805200000,55682.6,55704.8,55500,55623,156120,2003820
1749807900000,55623,55655.8,55590.4,55655.8,71310,1998960
1750045500000,55550,55760,55505,55570,261630,1970730
1750048200000,55575,55825,55561.6,55800,155610,1942770
1750050900000,55805,55950,55750,55830,153810,1938540
1750053600000,55834.2,55995.6,55830,55954,102870,1932180
1750056300000,55958,56040,55875.6,55951,103680,1942860
1750059000000,55958,56050,55953,56001.2,80550,1958160
1750061700000,56001.2,56065.4,55926.4,55980.6,70710,1961220
1750064400000,55992,56110,55971,56096.8,90960,1942830
1750067100000,56097.2,56165,56090,56165,94800,1938930
1750131900000,56110,56599.6,55906,55968.8,199950,1903020
1750134600000,55967.8,56060.8,55880.2,56012,82140,1885980
1750137300000,56012.2,56018.6,55868.4,55945,78690,1879800
1750140000000,55940,55940,55821,55821.8,77730,1882140
1750142700000,55821.6,55858.6,55750,55791.8,81270,1897770
1750145400000,55790,55821,55764.4,55768.4,38880,1907400
1750148100000,55768.4,55838,55750,55829,35550,1909020
1750150800000,55824.8,55861.8,55780,55793,51420,1899420
1750153500000,55808,55810,55735,55761.8,58020,1889820
1750218300000,55670,56000,55670,55938.2,223770,1889730
1750221000000,55947,56050.6,55904.4,55995,122520,1900140
1750223700000,55994.2,55999.8,55800.4,55822,104040,1900470
1750226400000,55820.4,55923.6,55734.8,55888.6,106260,1889820
1750229100000,55896,55907.4,55825,55864.4,36030,1902120
1750231800000,55864.4,55940.8,55850,55890.4,51600,1911750
1750234500000,55895,55896.8,55759.8,55798,61200,1904700
1750237200000,55799,55922.6,55792.6,55878.6,79140,1907460
1750239900000,55889.8,55916,55876.8,55878,69750,1914450
1750304700000,55884.4,56025,55786,55939.2,163530,1817040
1750307400000,55935,55935,55800,55820,141210,1812300
1750310100000,55820,55855,55711,55736.2,106530,1807890
1750312800000,55735.8,55785,55714,55755,63810,1808820
1750315500000,55751.4,55753.6,55636.2,55688.6,79260,1805250
1750318200000,55691.6,55773.6,55670,55685.4,59910,1802430
1750320900000,55685.4,55783.8,55680.2,55730,46560,1795770
1750323600000,55734.6,55772,55660,55673.6,44370,1786140
1750326300000,55673.8,55694.4,55612.8,55615,100710,1779870
1750391100000,55680,55875,55651.2,55851.4,203160,1784250
1750393800000,55859.2,56221.8,55808,56169.6,404070,1798470
1750396500000,56170.8,56271.2,56100,56227.2,155880,1813230
1750399200000,56228,56309,56180.6,56280,108240,1797660
1750401900000,56279.8,56279.8,56130,56231.2,62730,1784880
1750404600000,56232.4,56325.2,56204,56278.8,90270,1800510
1750407300000,56270.2,56300,56175.8,56175.8,34710,1795380
1750410000000,56185.8,56329,56169,56297.2,123960,1786770
1750412700000,56297,56340,56261.2,56294.4,122880,1791120
1750650300000,55899.8,56161.6,55826.2,55867.4,438510,1697910
1750653000000,55868.8,55985.2,55805,55948,140220,1706430
1750655700000,55950,55983.2,55900,55945.8,64590,1706460
1750658400000,55945,55976.2,55890,55929.8,60930,1713030
1750661100000,55932,55999,55929.2,55970.2,70470,1732980
1750663800000,55970.2,56247,55950.2,56181.8,194580,1716360
1750666500000,56185,56299.6,56102,56130,202890,1766010
1750669200000,56129.8,56148.8,56063.8,56095.2,127020,1790250
1750671900000,56095,56139.4,56073.4,56105,67770,1776360
1750736700000,56506.2,56742.2,56405.2,56594,420330,1398240
1750739400000,56594.4,56715,56565,56625,161460,1393470
1750742100000,56618.8,56810,56505,56790,147870,1393440
1750744800000,56799.2,56879.8,56760,56865,141930,1399260
1750747500000,56860.2,56869.4,56575,56723.6,178110,1389510
1750750200000,56726.4,56730,56357,56418.2,208890,1364160
1750752900000,56401.2,56510,56359.8,56466,150270,1366560
1750755600000,56465,56529,56443.2,56475,126450,1395750
1750758300000,56467.2,56525,56467.2,56500,58230,1377630
1750823100000,56600,56687.8,56440,56625,210900,1046730
1750825800000,56624.8,56646,56580,56625,81270,1075410
1750828500000,56630,56660,56571,56621.8,113550,1072740
1750831200000,56612.2,56635,56540,56566.4,61650,1067610
1750833900000,56568,56635.4,56547,56618.6,63720,1084290
1750836600000,56624,56669,56600,56633,68730,1103670
1750839300000,56633,56650,56577,56625.4,64260,1099170
1750842000000,56625.4,56675.8,56602,56618.6,98880,1116180
1750844700000,56614.6,56631.8,56602.4,56611.6,81810,1119840
1750909500000,56655.2,56789,56556.4,56769.8,183300,828330
1750912200000,56771,56774,56603.2,56633,102210,819870
1750914900000,56633.6,56664.4,56535,56605.8,105660,782550
1750917600000,56600,57109.4,56600,57017.8,313770,861630
1750920300000,57033,57054.8,56812,56877.8,129750,856020
1750923000000,56864.6,56985,56825,56950,59160,849690
1750925700000,56951.8,57231,56950,57179,190440,877410
1750928400000,57194,57251,57101,57206,141030,827550
1750931100000,57206,57232.8,57190,57215.2,72180,779640
1750995900000,57260,57513,57260,57294.8,265685,2120440
1750998600000,57285,57483,57278.4,57479.8,147630,2166220
1751001300000,57476,57564,57471.2,57518,105315,2202270
1751004000000,57519.4,57615,57504.6,57599.2,88375,2217915
1751006700000,57600,57648,57562.2,57628.4,65590,2234295
1751009400000,57628.4,57644,57563,57622,54390,2247490
1751012100000,57622,57628.2,57536,57570,56455,2248785
1751014800000,57563.6,57668.6,57545.4,57655.8,131740,2285500
1751017500000,57654.8,57660,57624.6,57637,106680,2311015
1751255100000,57636,57849.8,57620.2,57640,198450,2348465
1751257800000,57635.2,57745,57605,57663.2,91315,2361485
1751260500000,57646,57695,57601,57660,61740,2371495
1751263200000,57660,57775,57660,57765.4,38255,2371880
1751265900000,57765.4,57780.2,57651,57651,50645,2383010
1751268600000,57652,57680,57601,57633,53515,2373630
1751271300000,57616.6,57634,57480,57510.8,146195,2318960
1751274000000,57510,57606.2,57468.2,57570,108115,2313675
1751276700000,57575.6,57593,57510,57521,59080,2315495
1751341500000,57625,57625,57484.6,57524.6,157115,2323580
1751344200000,57524.6,57529.2,57415,57444.2,113330,2310245
1751346900000,57440,57468.8,57380,57455,58275,2309265
1751349600000,57460.2,57552,57440.8,57540,64400,2327465
1751352300000,57545,57662.4,57524.6,57652,142240,2345105
1751355000000,57649.4,57721,57645.6,57680.8,83405,2356235
1751357700000,57690,57750,57652,57715,65275,2373735
1751360400000,57702.2,57715,57651,57680,39375,2364320
1751363100000,57685,57710,57668,57700,44275,2357460
1751427900000,57706.6,57760.8,57500,57520.2,219730,2342375
1751430600000,57528,57546,57450,57492.4,95550,2343425
1751433300000,57489.8,57511.6,57412.2,57472,83265,2339330
1751436000000,57488,57488,57424,57433.2,50890,2328620
1751438700000,57433.2,57473.4,57355.8,57371,112665,2314690
1751441400000,57370,57435,57188.2,57193,253645,2274545
1751444100000,57193.4,57257,57175,57218.6,110740,2264325
1751446800000,57223,57378.8,57185,57308,224805,2245950
1751449500000,57307.2,57314.6,57245,57250,71155,2227995
1751514300000,57250,57435.2,57175,57435.2,204330,2154915
1751517000000,57443,57455,57356,57369.2,79730,2146795
1751519700000,57369,57424.8,57320,57350,56000,2141195
1751522400000,57350,57377.4,57243,57260,60900,2159815
1751525100000,57260,57312,57221,57266,42210,2153795
1751527800000,57269.8,57373.8,57202,57355,64890,2156560
1751530500000,57368.6,57374,57156,57175,90405,2166640
1751533200000,57171,57184.8,57105,57127.6,171710,2141090
1751535900000,57139.6,57149,57093,57111,84350,2125655
1751600700000,57088.8,57182.2,56960.4,57052,165865,2100420
1751603400000,57050,57148,57020,57133,51765,2103710
1751606100000,57134.6,57171.4,57044,57070,56175,2111900
1751608800000,57070,57076.6,56910,56950,138740,2091635
1751611500000,56939.2,56994,56923,56967.6,31640,2087435
1751614200000,56965.2,57050,56949.2,57017.8,39270,2080855
1751616900000,57017.8,57130,57000,57091,73780,2062655
1751619600000,57083.8,57340,57083.8,57291,221200,2033500
1751622300000,57288,57320,57258,57305.2,79100,2025275
1751859900000,57270,57297.6,57128,57206.2,146440,2019115
1751862600000,57197,57216.2,57105.8,57190,99785,2017645
1751865300000,57201,57419.2,57189.4,57213.4,185710,2037770
1751868000000,57213.4,57259,57152,57160,51905,2038750
1751870700000,57160,57214,57079,57088.8,115115,2047325
1751873400000,57082.4,57219.2,57063.6,57169.8,66220,2043265
1751876100000,57169.8,57269,57122,57209,76265,2035495
1751878800000,57207.6,57223.2,57136.4,57205,47425,2032065
1751881500000,57205.2,57210,57167.8,57171,44835,2012990
1751946300000,57290,57475,57149.2,57331,283290,2033080
1751949000000,57331,57430,57300,57414.4,66220,2040290
1751951700000,57415,57423.2,57280,57369,89530,2048095
1751954400000,57369,57384.8,57310,57322.8,37275,2045890
1751957100000,57322.8,57420,57321.8,57334.4,63035,2051560
1751959800000,57334,57394,57310,57368,49035,2047990
1751962500000,57368,57387.8,57314.8,57341,20370,2050020
1751965200000,57335.2,57489.4,57328,57465,133805,2068325
1751967900000,57457.6,57475,57430.4,57459.8,74270,2069655
1752032700000,57390.8,57465.2,57250,57366,172830,2074135
1752035400000,57365.8,57420,57325.6,57380.2,63035,2094050
1752038100000,57384,57426,57355.2,57413,31010,2098075
1752040800000,57415.4,57429.6,57330,57405,41195,2114630
1752043500000,57399.2,57451,57374.6,57435.2,76020,2123205
1752046200000,57448,57499,57400.2,57435,85365,2121840
1752048900000,57435,57453.4,57400,57405.2,29925,2121910
1752051600000,57402,57424.8,57346,57401,71645,2092720
1752054300000,57401,57402,57363,57370.8,42000,2082430
1752119100000,57379.8,57488.6,57320,57360.2,114170,2091460
1752121800000,57362.6,57415.6,57284,57395.4,61495,2095590
1752124500000,57382,57400,57240,57267.4,94430,2083655
1752127200000,57267.4,57280,57162.2,57218,168210,2063145
1752129900000,57200,57345.6,57171.6,57267.6,100240,2044595
1752132600000,57272.2,57274.6,57161.4,57180,61600,2056705
1752135300000,57180,57320.2,57150,57284.6,86870,2042320
1752138000000,57284.8,57284.8,57166,57180,49595,2044280
1752140700000,57176.8,57204.8,57142.2,57159.8,78400,2037700
1752205500000,57075,57225,57050,57100,134820,2037315
1752208200000,57100,57108,56884.8,56901.6,208110,2055865
1752210900000,56901,56937.6,56833,56873.4,112945,2064195
1752213600000,56873.8,56917.2,56814,56864.8,64435,2070565
1752216300000,56865,57021.8,56844.2,56950,95585,2064300
1752219000000,56950,56974.8,56868.6,56890,56210,2072280
1752221700000,56876.4,56980,56870.2,56911.8,34685,2070740
1752224400000,56911.8,56988,56904.8,56927.6,56350,2060520
1752227100000,56935,56942.8,56890,56890,84035,2038855
1752464700000,56888,57056,56769.2,57050,196070,2035530
1752467400000,57052.6,57075,56925,56964,70805,2041620
1752470100000,56955.4,56965.6,56803,56830,94640,2053730
1752472800000,56830,56870,56789,56856,70210,2072525
1752475500000,56856,56910,56837,56885.2,37730,2071125
1752478200000,56885.2,56919,56820,56852.6,43890,2072490
1752480900000,56852.6,56876.6,56802,56855.2,32480,2075745
1752483600000,56859.8,57027.8,56827.4,56990,86765,2071020
1752486300000,56990.6,57029.4,56963.6,57001,81445,2070845
1752551100000,56999.8,57160.4,56999.8,57120,159355,2070565
1752553800000,57120,57277.2,57120,57274.8,243985,2128420
1752556500000,57275,57339.8,57248.6,57255,130305,2152395
1752559200000,57258.2,57310.2,57216,57255.6,55335,2163070
1752561900000,57255.6,57310,57205.2,57258.2,40915,2173815
1752564600000,57259.4,57269.8,57126,57145,70420,2165415
1752567300000,57147.4,57218,57126.6,57169.4,44170,2165205
1752570000000,57169.6,57258,57110,57252.4,109165,2160095
1752572700000,57251.6,57260,57222.6,57250,43015,2151485
1752637500000,57235.8,57278,57111.6,57161.6,139895,2143225
1752640200000,57161.4,57204.8,57080,57085,67725,2154425
1752642900000,57085.6,57149,57060,57134,68880,2140635
1752645600000,57130.4,57237.6,57084,57206.6,70945,2135245
1752648300000,57207,57325.8,57191,57305.2,112630,2155965
1752651000000,57304.2,57340,57266,57307.8,90370,2188305
1752653700000,57307.8,57340,57245.8,57245.8,59710,2186100
1752656400000,57242.2,57319,57242.2,57285,61810,2174165
1752659100000,57281,57296.6,57231.2,57246.8,57085,2169405
1752723900000,57380.2,57380.2,57079,57150,219450,2128070
1752726600000,57146.8,57163.8,57026,57059.8,137620,2135840
1752729300000,57055,57114.2,57022.8,57099.8,73850,2148580
1752732000000,57094,57147.2,57058.6,57063.6,69825,2131255
1752734700000,57063.2,57074,57000,57031.6,70700,2144065
1752737400000,57026.6,57068.8,57013,57043.6,59850,2153865
1752740100000,57046.4,57085.6,57000,57010,70560,2162685
1752742800000,57015,57069,56974.4,56997.2,106120,2170945
1752745500000,56997.2,57016.8,56923.6,56928.2,113715,2172100
1752810300000,56744,56900,56601,56671.8,276570,2189915
1752813000000,56670.8,56670.8,56393,56406.2,308490,2288720
1752815700000,56405.4,56519,56365,56481.6,132685,2320325
1752818400000,56481.6,56509.8,56416.8,56420.4,80500,2329985
1752821100000,56418,56453.2,56394,56428.2,76545,2361940
1752823800000,56429.2,56497,56389,56441.2,66325,2394035
1752826500000,56442.2,56518.8,56392.2,56518,103950,2407300
1752829200000,56518,56549.6,56415,56431.8,142730,2405235
1752831900000,56430.8,56460,56354.2,56354.2,161000,2407825
1753069500000,56640,56789.8,56350,56743.4,475755,2227470
1753072200000,56735,56849,56716.4,56792,219555,2193730
1753074900000,56805,56875,56783.6,56835,105140,2177140
1753077600000,56830.4,56905.6,56729,56834.6,160545,2164680
1753080300000,56837,56991,56771.4,56975,155400,2144800
1753083000000,56967.6,57030,56953,56960,121135,2151240
1753085700000,56960,56972.8,56817,56898.8,90860,2158870
1753088400000,56898.8,56996.8,56835.8,56976,106505,2155300
1753091100000,56977.6,57000.8,56962.4,56994,98175,2141720
1753155900000,57205.2,57211.6,56980,57035.8,220290,2026640
1753158600000,57035.8,57146.4,57000,57006,83545,2012745
1753161300000,57002,57035,56900,56963,74970,2023420
1753164000000,56947,56970,56885,56930,53760,2023035
1753166700000,56930,57019.8,56930,56973.2,43505,2022300
1753169400000,56975.2,57003.6,56856.8,56868,88865,2023630
1753172100000,56866,56923.8,56800,56822.4,118370,2016700
1753174800000,56824.8,56899,56808.4,56822.8,70630,2034970
1753177500000,56823,56844.8,56750,56750,60935,2028355
1753242300000,56866,56915.2,56780,56826.2,125685,2034025
1753245000000,56829.8,56890,56757.8,56890,47565,2032100
1753247700000,56890,56956.4,56871,56892,85330,2002490
1753250400000,56892,57025,56887.4,57010,99295,1978375
1753253100000,57010,57179,57010,57118.4,142240,1971480
1753255800000,57122.4,57180,57115,57170.2,59640,1977185
1753258500000,57170.2,57249,57163.8,57181,132510,1951250
1753261200000,57168.2,57294,57160,57231.4,98840,1929445
1753263900000,57230.2,57246.4,57214,57237.4,72660,1915340
1753328700000,57410.2,57410.2,57056.6,57106.4,170940,1877610
1753331400000,57109.6,57168.8,57054,57149.8,79800,1874495
1753334100000,57148,57166,57021,57060.8,64400,1878240
1753336800000,57061,57069.2,56931.8,56971.4,174370,1909950
1753339500000,56970.8,57045,56951.2,56951.2,48755,1918560
1753342200000,56950,57111.6,56935.4,57097.6,86310,1915970
1753344900000,57104,57189.8,57065,57095,139965,1881530
1753347600000,57095,57180,57095,57124.2,49630,1859655
1753350300000,57125,57149.8,57090,57115.4,59780,1830675
1753415100000,57068.2,57185,56932.2,57062.4,211470,1822450
1753417800000,57062.4,57083.4,56749.6,56797.8,330750,1854650
1753420500000,56792.6,56830,56670.2,56739.8,136290,1880060
1753423200000,56740,56800,56603,56629,125195,1904805
1753425900000,56625,56643.2,56529,56592,156625,1942780
1753428600000,56590.6,56640,56511,56625,91630,1976765
1753431300000,56625,56675,56570.2,56583.6,54740,1988350
1753434000000,56594,56650,56571.2,56624.2,59745,1989295
1753436700000,56624.2,56636.8,56538.8,56555,110040,1997065
1753674300000,56298.4,56596,56265.6,56450,249830,1799665
1753677000000,56458.8,56670,56448,56531,149030,1807505
1753679700000,56531,56615,56426,56506,61460,1798685
1753682400000,56506,56549,56425,56431.8,39375,1814645
1753685100000,56431.8,56491,56326,56346.2,102690,1830500
1753687800000,56323.2,56338.2,56070,56114.4,197365,1818250
1753690500000,56113.4,56164.8,56061,56119.8,68075,1799560
1753693200000,56119.8,56250,56118.2,56177.6,69895,1804425
1753695900000,56177.6,56190.2,56154,56187.4,66605,1789550
1753760700000,55999.2,56225,55999.2,56150,154210,1598660
1753763400000,56151.8,56215,56000.2,56032.2,132510,1613955
1753766100000,56032.2,56137,55955,56094.2,116760,1588020
1753768800000,56080.6,56140.8,56011,56100.4,82495,1574685
1753771500000,56109.4,56129,56050,56080,60935,1568035
1753774200000,56082.6,56249,56067.8,56219.4,123270,1551690
1753776900000,56229,56400,56229,56352,158375,1519175
1753779600000,56352,56368,56199,56313,118230,1504580
1753782300000,56321.4,56390,56313.6,56327.2,80675,1475425
1753847100000,56339.6,56339.8,56144,56265.4,133875,1314425
1753849800000,56249,56265.6,56157,56181.2,74515,1316560
1753852500000,56181,56356,56106,56340,105035,1301580
1753855200000,56340,56355.4,56233.6,56267,67830,1290555
1753857900000,56262.6,56334.8,56250,56300,56525,1288140
1753860600000,56290,56306,56196,56260.6,84105,1270045
1753863300000,56259.8,56280,56211.2,56280,127225,1247085
1753866000000,56266,56318.2,56200.2,56208.4,158900,1214745
1753868700000,56215.4,56228.8,56185,56201.6,58835,1205085
1753933500000,55946.6,55977.6,55682,55697.8,328755,1101100
1753936200000,55687.8,55693.2,55528.2,55599.8,250635,1105930
1753938900000,55602.4,55960,55593.6,55918,249445,1120035
1753941600000,55930,56133.8,55884.6,56106,119630,1019340
1753944300000,56108.2,56350,56080,56337.2,167125,877695
1753947000000,56335,56450,56289.6,56318.4,127225,873810
1753949700000,56311.4,56419,56185,56193,79940,811020
1753952400000,56192.4,56263,55970.2,55985,122605,771155
1753955100000,55985,55987.6,55956.8,55958.4,59185,743050
1754019900000,56200,56200,55976.8,56055.8,190435,1887865
1754022600000,56055.8,56249.8,56018,56224.4,144270,1908235
1754025300000,56213.2,56230.8,56025.4,56058.8,96705,1914920
1754028000000,56065.6,56082,55950,56000,203560,1959895
1754030700000,55992,56080,55941.8,56003.4,151480,2035285
1754033400000,56003.2,56079.8,55950,56007.2,57365,2052365
1754036100000,56004,56008.8,55900,55918.8,78960,2072035
1754038800000,55906,55963,55730,55768.8,139475,2108260
1754041500000,55770,55814,55750.6,55796.4,86625,2130660
1754279100000,55780.2,55948.2,55622.2,55710,195720,2143015
1754281800000,55710,55869.8,55690,55805,88095,2163595
1754284500000,55799,55850,55676,55816.8,56385,2167900
1754287200000,55816.8,55900,55770.6,55875.2,58310,2173325
1754289900000,55860.2,55922.8,55824.8,55845,56175,2175985
1754292600000,55845,55894.8,55752,55824.8,37975,2188970
1754295300000,55824,55900,55790.2,55829.6,46130,2197545
1754298000000,55828,55904.4,55811.8,55838.6,87115,2224110
1754300700000,55838.8,55900.4,55837.2,55895.6,90405,2264745
1754365500000,55879.2,55900,55621.4,55662.2,230160,2350005
1754368200000,55658.6,55718,55594,55633.4,125090,2440340
1754370900000,55633.4,55675.2,55567,55659.6,70245,2471700
1754373600000,55653.8,55723,55611,55700.2,44975,2487100
1754376300000,55700,55720.2,55604.2,55623.4,62230,2501205
1754379000000,55625.8,55632.8,55410.6,55445.2,177380,2594585
1754381700000,55445.2,55485.2,55390.8,55473.4,102655,2654435
1754384400000,55473.8,55575,55449,55562,87850,2661855
1754387100000,55563.4,55572.2,55516.4,55551,62090,2656955
1754451900000,55551,55666.6,55465.2,55620,174475,2645440
1754454600000,55620,55695,55430.8,55461.6,215285,2655310
1754457300000,55460.4,55491.2,55407.2,55474.2,62160,2683800
1754460000000,55479.6,55550,55425.4,55525.2,61005,2694825
1754462700000,55535,55648,55524.8,55600,73920,2665215
1754465400000,55600,55749,55600,55701,133105,2643025
1754468100000,55701,55711.8,55585,55587.8,68985,2647890
1754470800000,55585.2,55589.4,55506.2,55569.8,80395,2646035
1754473500000,55556.8,55617,55555,55570,47530,2642185
1754538300000,55490,55503.2,55405.6,55415,142100,2643585
1754541000000,55412,55421.4,55268,55294.2,141995,2704555
1754543700000,55300,55335,55269,55320,51905,2734795
1754546400000,55316,55376,55291.2,55370.4,44415,2751315
1754549100000,55375,55376,55305,55340.2,34825,2741270
1754551800000,55340,55340,55151,55186.2,118090,2764160
1754554500000,55186.2,55478,55180,55435,147490,2749145
1754557200000,55434.2,55780,55422.2,55735.2,297360,2698500
1754559900000,55736.6,55841.6,55725.8,55811,205065,2645895
1754624700000,55799.8,55799.8,55511,55511.8,173040,2645440
1754627400000,55512,55531.2,55400,55421.2,151375,2691815
1754630100000,55421,55437,55350,55360,117950,2726990
1754632800000,55360,55371.6,55274,55323,98595,2771265
1754635500000,55316.6,55474,55298.6,55402.2,82600,2805460
1754638200000,55412.6,55419,55250,55380,103460,2844940
1754640900000,55378,55379.8,55265,55297,45850,2865695
1754643600000,55287.2,55375,55105,55150.2,133385,2899260
1754646300000,55159.6,55197.6,55070,55071,111755,2918300
1754883900000,55150.2,55388,55079.8,55257.6,194425,2910950
1754886600000,55257.6,55470,55257.6,55430.6,140140,2897755
1754889300000,55430,55455,55354,55418,85855,2891140
1754892000000,55429.6,55450,55279.6,55321,54845,2897475
1754894700000,55320.4,55420,55303.2,55414.8,41125,2902025
1754897400000,55415,55480,55360,55465,71575,2904020
1754900100000,55465,55549,55422.6,55533.6,159845,2871330
1754902800000,55534.2,55590,55483.4,55552.8,135765,2859955
1754905500000,55553,55565,55499.2,55519,65520,2846025
1754970300000,55500,55675,55400,55671,193130,2812075
1754973000000,55671,55698,55371.2,55445,146965,2813790
1754975700000,55442,55472.4,55371,55402.2,96530,2821175
1754978400000,55400,55475.6,55382.6,55475.2,34825,2831815
1754981100000,55461,55582,55453.6,55510,107870,2823555
1754983800000,55500,55548,55381.6,55403.4,48825,2832900
1754986500000,55403.4,55475,55289,55374.4,137025,2854845
1754989200000,55374.4,55375,55255.4,55288.8,104615,2890020
1754991900000,55300,55330,55260,55260.2,54460,2892365
1755056700000,55450.2,55490.4,55360,55452.8,182805,2895725
1755059400000,55452.8,55468.8,55301,55310,82740,2916585
1755062100000,55310,55414,55285.8,55316,80885,2940385
1755064800000,55319.8,55375.2,55270,55349,48440,2960755
1755067500000,55343.8,55450,55321.6,55435,77770,2953720
1755070200000,55439,55464,55350,55400,47530,2954875
1755072900000,55410,55489,55399,55437.4,66325,2952600
1755075600000,55437.4,55475,55416,55416,45395,2953090
1755078300000,55413.6,55446,55413.6,55422.2,30975,2950360
1755143100000,55417.8,55588,55353,55502,191030,2922045
1755145800000,55502,55624,55499,55544.2,74410,2911545
1755148500000,55544.2,55558.2,55460,55479.4,37800,2914450
1755151200000,55479.4,55508.8,55413.2,55492,52850,2927750
1755153900000,55492,55583,55492,55583,47530,2919875
1755156600000,55583,55593,55475,55524.6,52710,2900625
1755159300000,55510.8,55529.8,55432.2,55472.2,38290,2899645
1755162000000,55479,55580.8,55431,55518,132650,2874970
1755164700000,55506.8,55519,55455.4,55479,55055,2866465
1755488700000,56000,56245,55950,56202,579530,2789605
1755491400000,56202,56225,56110.4,56150.2,166110,2760240
1755494100000,56156,56156,56017.4,56095,94255,2748830
1755496800000,56095,56095,55806,55806,122290,2736125
1755499500000,55806,55904.8,55720,55890,188475,2752890
1755502200000,55890,55906,55822,55857.8,50575,2753485
1755504900000,55857.8,55894.6,55801,55880.8,34195,2746975
1755507600000,55881.4,55920,55831,55849.6,60830,2721110
1755510300000,55850,55880,55845.2,55870,63245,2700775
1755575100000,55789.8,55913.8,55760.8,55831.2,183575,2698815
1755577800000,55817.2,55868,55748.8,55855,52010,2688140
1755580500000,55855,55938,55840,55938,62510,2680720
1755583200000,55936.4,56008.4,55925.2,56008,99540,2641170
1755585900000,56008,56047,55953.2,56000,85190,2626680
1755588600000,56000,56029,55925,55960.6,33740,2613695
1755591300000,55960.6,55988,55883.4,55983,46970,2613415
1755594000000,55975.2,56008.2,55938.6,55965.2,39795,2597770
1755596700000,55974.8,55985,55941,55960,40915,2587515
1755661500000,55735,55904.8,55701.6,55788,187320,2585660
1755664200000,55788,55830,55755.2,55802.6,53795,2597700
1755666900000,55802.6,55819,55725.2,55792,46655,2611875
1755669600000,55792,55816,55753,55802,26005,2624580
1755672300000,55802,55849,55792.2,55842.8,35630,2624965
1755675000000,55845,55868,55780.6,55811,39970,2627835
1755677700000,55810,55894,55810,55831.8,51835,2619085
1755680400000,55832.8,55850,55796,55811.2,60165,2631440
1755683100000,55814.6,55830,55800,55803.6,46515,2626435
1755747900000,55921.2,56000,55843,55994.2,153650,2613800
1755750600000,55995,56094.8,55993.8,56061.8,149590,2604700
1755753300000,56053.4,56074,56010,56010,42315,2605960
1755756000000,56010,56023,55942.2,55946,69510,2622200
1755758700000,55945,55984.8,55905.6,55964.6,49210,2633085
1755761400000,55964.6,55979.8,55853,55895.2,56035,2639595
1755764100000,55900,56014.8,55892.8,55999,45010,2639630
1755766800000,56000,56006.8,55893.8,55896.2,36505,2626575
1755769500000,55898.8,55918.8,55830.6,55841.6,49770,2619505
1755834300000,55799.6,55821.6,55500,55500,327320,2674665
1755837000000,55504.4,55505.6,55370,55399.4,181615,2747080
1755839700000,55399.4,55465,55366,55453.6,81935,2748970
1755842400000,55454.6,55485.2,55420.4,55420.4,59780,2722475
1755845100000,55420.4,55448.2,55388.6,55407,37065,2715615
1755847800000,55407,55465.2,55405,55445.2,26600,2709210
1755850500000,55445.2,55465,55236,55292.6,179410,2693355
1755853200000,55291.2,55340,55225,55292.6,113785,2716105
1755855900000,55295,55299,55239.4,55260,95585,2710330
1756093500000,55368.8,55418,55202.4,55264.6,201635,2675925
1756096200000,55264.6,55295,55168.2,55213.6,105875,2652755
1756098900000,55213.6,55296.2,55206,55243.2,42595,2648555
1756101600000,55243.2,55325,55234,55314.4,52395,2634450
1756104300000,55317.8,55345,55295,55319,42070,2617475
1756107000000,55319,55350,55272.4,55310.2,33600,2587305
1756109700000,55310.2,55335,55262.6,55262.8,67270,2568370
1756112400000,55266.4,55334.6,55216.6,55247.8,101850,2556575
1756115100000,55256.4,55267.2,55235,55235.2,41685,2547440
1756179900000,55149.8,55149.8,54552.2,54651.8,373905,2318680
1756182600000,54650.2,54689.8,54617.6,54653.4,191170,2270590
1756185300000,54653.4,54799,54601.2,54769.2,169610,2229395
1756188000000,54769.2,54774.4,54670,54684.8,125300,2185575
1756190700000,54685,54719.6,54635,54658.6,112245,2162545
1756193400000,54658.6,54704.8,54656.4,54690.6,104755,2121245
1756196100000,54691.8,54692,54525,54596.2,154490,2074975
1756198800000,54588,54595.4,54500,54505.2,135730,2022475
1756201500000,54507,54542.2,54455.2,54470,147210,1938580
1756352700000,54398.6,54424.2,53948.8,54193.8,578585,1472520
1756355400000,54191,54284,54056.2,54210.8,184065,1384180
1756358100000,54210.8,54390,54206.2,54297.8,137095,1263185
1756360800000,54293.6,54375,54169.2,54237.8,152565,1189475
1756363500000,54244.8,54250,54110,54130.2,105665,1128645
1756366200000,54129.8,54129.8,53975.2,54013.2,198835,1094590
1756368900000,54013.2,54075,53938.8,53978.4,215495,1059660
1756371600000,53975.2,54004.6,53779,53815.8,288330,886585
1756374300000,53817,53836,53803.8,53817.2,135835,783895
1756439100000,54284,54414.6,54156.6,54314.4,221970,2807175
1756441800000,54314.4,54479,54253.8,54470,120505,2814455
1756444500000,54465,54476.8,54361.6,54433.6,66850,2821315
1756447200000,54434.2,54443,54320,54370,68635,2822190
1756449900000,54370.2,54380,54248,54258.8,55125,2831080
1756452600000,54255.4,54276,54200,54212,63560,2842455
1756455300000,54212,54239,54100,54161,81130,2859220
1756458000000,54141.8,54171.2,54005.2,54008,101080,2884035
1756460700000,54009,54110,54009,54100,66045,2893205
1756698300000,54158,54367.2,54116.6,54330.8,222180,2849980
1756701000000,54331.4,54332.8,54166,54218,101185,2866780
1756703700000,54210,54268.4,54200,54243.6,49840,2877140
1756706400000,54243.6,54256,54116.4,54191,58170,2892680
1756709100000,54191,54281.4,54167.6,54268,62860,2889880
1756711800000,54270,54333,54260.2,54297.6,60375,2875075
1756714500000,54295.8,54329,54244.2,54251,54670,2876020
1756717200000,54253.4,54385,54253.4,54367.8,73675,2881760
1756719900000,54367.8,54380,54360,54373.6,43505,2872905
1756784700000,54399.8,54446.8,54260,54440,185850,2836470
1756787400000,54434,54500,54374.6,54440,131250,2829225
1756790100000,54440,54458.4,54361.4,54377,55300,2835315
1756792800000,54380,54428.2,54354.2,54369,36925,2837905
1756795500000,54369,54442,54340,54398.4,47075,2838675
1756798200000,54408.4,54408.8,54170,54171,107170,2853725
1756800900000,54170,54209,53950,54031.2,218050,2940140
1756803600000,54046.8,54120,54025,54046,91245,2968280
1756806300000,54050.2,54077.4,54011,54011,50050,2974510
1756871100000,54011.4,54148,53915,54096.6,243460,2954490
1756873800000,54096.6,54208.6,54032,54040,115220,2937620
1756876500000,54040,54095.2,54011.6,54046,54040,2957150
1756879200000,54050.2,54133,54017.2,54124.2,37940,2965760
1756881900000,54124,54175,54002,54031.6,66430,2965620
1756884600000,54020,54099,54010.2,54099,34965,2975175
1756887300000,54100,54221,54099,54210,86555,2961000
1756890000000,54210,54428.4,54209.2,54391,213500,2901255
1756892700000,54391,54404.8,54356,54391,77560,2890965
1756957500000,54526.2,54670,54444,54614.8,365750,2865450
1756960200000,54610.4,54643,54375,54420.2,152355,2874760
1756962900000,54420.2,54485,54393.6,54459.8,83125,2882670
1756965600000,54455,54480.8,54380,54409.8,40950,2872870
1756968300000,54409.8,54499,54342.2,54471.8,71960,2875880
1756971000000,54483.2,54495,54421,54427,38080,2876405
1756973700000,54422,54443,54211.8,54260,107275,2888515
1756976400000,54260.2,54372.2,54241.4,54268.8,115920,2885505
1756979100000,54269.2,54330,54262.2,54324.6,69090,2882985
1757043900000,54366.2,54475.6,54259,54295.2,153370,2868600
1757046600000,54299,54322.8,53977.6,54140,241150,2892190
1757049300000,54140,54181,54090,54160,48615,2903880
1757052000000,54155.4,54194.8,54076,54081,45535,2903355
1757054700000,54076,54091.8,53983.8,54056.6,65205,2924705
1757057400000,54056.6,54240,54040,54221,81830,2922955
1757060100000,54225,54434.8,54225,54392,187110,2891875
1757062800000,54381.2,54420,54305.2,54350,80395,2867410
1757065500000,54355,54388.4,54340,54347.6,76125,2854845
1757303100000,54444,54549,54335.2,54411.8,188720,2807420
1757305800000,54406,54502.6,54359.4,54420,58870,2812495
1757308500000,54420,54528.2,54367.8,54516.6,47565,2811795
1757311200000,54516.6,54575,54495.8,54544.6,80500,2808295
1757313900000,54555,54615,54505.8,54587.4,65905,2796885
1757316600000,54588.4,54625,54540,54563.6,56910,2784285
1757319300000,54555.2,54610,54491.2,54609,50610,2778055
1757322000000,54609,54786.6,54460.4,54506,322735,2767940
1757324700000,54502,54525,54475,54502,54355,2777845
1757389500000,54555,54700,54425,54477,116165,2772945
1757392200000,54477,54480,54390,54439.8,68040,2791880
1757394900000,54439.8,54480,54405.2,54445,35140,2803815
1757397600000,54445,54458.6,54332.6,54389,83335,2826705
1757400300000,54390,54444.6,54370.4,54411.8,41265,2831395
1757403000000,54411.8,54464.4,54385.2,54427,25620,2832970
1757405700000,54441.8,54498,54410.2,54488,56000,2827195
1757408400000,54490,54510,54421,54460,48650,2818410
1757411100000,54460.2,54482.4,54450,54479,54460,2804060
1757475900000,54730,54802,54570.6,54708.8,225925,2748130
1757478600000,54709,54948,54685,54825.6,303870,2757020
1757481300000,54830,54898.4,54785,54800,68740,2754920
1757484000000,54808.6,54850,54785,54833,43575,2718520
1757486700000,54833,54859.4,54778.6,54797,30485,2714145
1757489400000,54791,54810,54710,54799,76230,2705080
1757492100000,54804.6,54845,54750,54777,49630,2708650
1757494800000,54777,54803,54719.8,54797.6,72135,2719430
1757497500000,54797.6,54810.8,54771.8,54795,71330,2717645
1757562300000,54723,54870.8,54664.8,54820,144340,2676275
1757565000000,54825,54826,54736,54811.8,54075,2684080
1757567700000,54800,54851,54780.6,54818.8,43050,2676520
1757570400000,54818.6,54867.2,54773.6,54859.2,42350,2681420
1757573100000,54865.4,54928,54863.8,54906.4,110460,2675610
1757575800000,54909.6,54922.4,54865,54915.8,42770,2669100
1757578500000,54915,54941.6,54884,54900,52885,2641345
1757581200000,54900,54911.6,54827,54873,73815,2626610
1757583900000,54875.6,54894.6,54850.8,54879.6,42280,2613170
1757648700000,54949.8,54970,54817.6,54931.2,134085,2587130
1757651400000,54931,54964.8,54888,54945,48440,2584855
1757654100000,54945,55028.4,54924.2,55025,77910,2577190
1757656800000,55032,55071,54968.2,55000.4,74025,2555350
1757659500000,55013.8,55040,54980,54986.8,39515,2543975
1757662200000,54983.4,55040,54974.8,55000,29225,2531725
1757664900000,55000,55047.8,54971,55020,32900,2523570
1757667600000,55019.6,55036,55000,55010,46410,2498335
1757670300000,55007.8,55020,55000,55008,64435,2490180
1757907900000,55070,55134.2,55021.2,55100,127330,2483775
1757910600000,55100,55150,55052.6,55118,67165,2494100
1757913300000,55121.8,55145,55084.8,55145,32410,2503585
1757916000000,55145,55193.6,55119.2,55174,72660,2513910
1757918700000,55174,55180,55124.4,55145,24640,2512545
1757921400000,55141.8,55169.8,55068.8,55109.8,29365,2504740
1757924100000,55096.2,55140,55080,55134.6,30380,2504845
1757926800000,55138,55168,55109.6,55115,40460,2498370
1757929500000,55115,55127.8,55100.8,55103.4,44975,2489025
1757994300000,55073.4,55255,55055,55250,195755,2490565
1757997000000,55250,55300,55226,55262.8,89425,2478945
1757999700000,55268.4,55292,55220.8,55291,38360,2469740
1758002400000,55291,55346,55276.6,55305.8,71645,2455810
1758005100000,55305.6,55348,55290.2,55319,47810,2445940
1758007800000,55319,55326,55235,55289,55125,2418675
1758010500000,55289,55320,55231,55304,45850,2412270
1758013200000,55302.4,55340,55300,55335.6,94325,2391200
1758015900000,55330.6,55359.8,55320,55350,76300,2370690
1758080700000,55370.2,55552,55360,55517.2,233170,2384130
1758083400000,55516.8,55579.4,55421,55504.6,130690,2352000
1758086100000,55514.8,55585.6,55500,55540,50960,2345700
1758088800000,55540,55565,55525,55558,26565,2346855
1758091500000,55556.6,55630,55550,55613.6,90510,2351755
1758094200000,55613.6,55650,55600,55636,85155,2341710
1758096900000,55635.6,55649,55565.2,55617,86625,2300165
1758099600000,55615.4,55744.4,55590,55700,164325,2266075
1758102300000,55692.4,55715,55666.8,55702,103845,2210565
1758167100000,55900,55900,55771.2,55899,260050,2126320
1758169800000,55899,55987,55886.6,55960,114345,2104095
1758172500000,55960,55994,55943.8,55955.2,67025,2109555
1758175200000,55960,55970,55888,55941.6,70420,2097655
1758177900000,55941.6,55944,55832.2,55835,65520,2085370
1758180600000,55833,55833,55652.6,55817,199360,2085265
1758183300000,55816.6,55843.6,55725.2,55750,45360,2094295
1758186000000,55750,55900,55723.2,55875.4,149380,2070495
1758188700000,55875.2,55907.4,55873.2,55875,80080,2094400
1758253500000,55848.6,55857.4,55669.6,55705,165340,2055025
1758256200000,55709.8,55749,55607,55638,131180,2059575
1758258900000,55633.8,55652,55556,55604,160545,2004905
1758261600000,55600,55629.8,55550,55618,55370,2007530
1758264300000,55619.8,55624.8,55570,55617,27615,2011135
1758267000000,55626,55687.8,55613.4,55672,59115,2014495
1758269700000,55672,55706.6,55581.2,55601,54355,2014985
1758272400000,55605.2,55661.4,55601,55650,52885,2006970
1758275100000,55650,55680,55640,55655,68915,1997205
1758512700000,55594.8,55795.8,55521.8,55740,189070,1991535
1758515400000,55740.2,55841.6,55734.8,55810.2,73675,2002420
1758518100000,55815.2,55818.6,55715,55744.8,39480,2000600
1758520800000,55732.6,55774,55680,55736.2,46305,1989680
1758523500000,55736.2,55778.4,55725.2,55778.4,15680,1988875
1758526200000,55775,55790,55714.8,55736.2,23660,1989155
1758528900000,55738,55745,55626.4,55636.2,98770,1961155
1758531600000,55637,55650,55427.6,55478.8,246750,1899625
1758534300000,55478.8,55494,55454.2,55460,47495,1901270
1758599100000,55460.2,55529.4,55355.4,55425.2,121345,1893780
1758601800000,55411.2,55514,55382,55447,59325,1890035
1758604500000,55447,55475,55357.4,55392.2,40390,1890840
1758607200000,55388.8,55487,55387.4,55481,28350,1890280
1758609900000,55481,55739,55470,55666.2,193795,1917370
1758612600000,55671.8,55794.4,55666.8,55762.2,135520,1944040
1758615300000,55765,55823,55651.2,55733.8,133245,1957585
1758618000000,55733.8,55775.6,55692.2,55736.6,73150,1970360
1758620700000,55718.2,55749,55712,55747.8,51555,1957655
1758685500000,55698.2,55698.2,55375,55468.2,284025,1885870
1758688200000,55468.6,55494,55310,55332.2,153685,1876140
1758690900000,55329.6,55350,55165.2,55274.6,224000,1871940
1758693600000,55269.2,55299,55215,55296.8,72345,1861965
1758696300000,55297.8,55347.4,55259,55330,56455,1852515
1758699000000,55330,55441.2,55313.4,55364.4,87850,1851570
1758701700000,55361,55382.6,55248.6,55265,67760,1858640
1758704400000,55269.2,55300,55191.2,55268,90265,1874355
1758707100000,55265,55278,55240.8,55252,46410,1860915
1758771900000,55181,55375,55070,55311.8,175770,1636845
1758774600000,55320.8,55347.8,55238.4,55262,56210,1638455
1758777300000,55250,55348.4,55238.4,55331.2,58870,1646680
1758780000000,55331.2,55347.2,55175,55208,72730,1652385
1758782700000,55208,55326,55200,55301,44345,1660330
1758785400000,55310.8,55439,55310.8,55403,121800,1670725
1758788100000,55410,55426.4,55321.4,55340,67795,1678740
1758790800000,55344.4,55356.6,55101.6,55130,214410,1705830
1758793500000,55133.2,55165,55086,55103,92400,1691690
1758858300000,54949.2,55046,54700,54811.6,234010,1594845
1758861000000,54810,54830.4,54744.8,54820.4,99400,1572900
1758863700000,54821.2,54823,54666,54697,159355,1597610
1758866400000,54697,54717.2,54655,54686,75285,1615530
1758869100000,54690.8,54738,54652.2,54684.6,57960,1628865
1758871800000,54684.6,54721,54530.2,54544,131985,1631455
1758874500000,54544,54554.8,54404.6,54436.8,157675,1606920
1758877200000,54438.8,54520,54432,54480,85750,1598170
1758879900000,54480,54495,54442.2,54479,77385,1590120
1759117500000,54545.6,54720.4,54486.2,54676.2,206150,1413265
1759120200000,54676.2,54822,54661.2,54728,123795,1381170
1759122900000,54728,54765.6,54538,54567.4,135275,1324820
1759125600000,54555,54560.2,54336,54350,171430,1309490
1759128300000,54350,54437.6,54301.2,54359.8,89355,1309105
1759131000000,54366.2,54669.4,54360.8,54605.6,187740,1247085
1759133700000,54607.6,54730,54600.2,54669.8,128800,1232700
1759136400000,54662,54688,54463.8,54559.6,228935,1198260
1759139100000,54561.2,54631,54523.8,54610,79730,1200115
1759203900000,54700,54825,54618,54662.8,175595,817285
1759206600000,54669.8,54718.8,54520.2,54565.8,123305,804265
1759209300000,54565.8,54700,54540.2,54612.4,90475,797265
1759212000000,54612.4,54700,54601,54678.4,66430,774095
1759214700000,54678.4,54765,54674,54699.4,88725,747425
1759217400000,54692,54759.2,54623,54653.4,70210,730555
1759220100000,54648.4,54698.8,54538.2,54602,103425,715890
1759222800000,54602,54739.4,54583.4,54641,155260,645645
1759225500000,54637.2,54650,54630,54634,68670,591255
1759290300000,55099.8,55234.8,54940,55175.2,220675,1882475
1759293000000,55180,55310.8,55035.4,55265.4,354375,1945370
1759295700000,55266.4,55439.6,55222,55416.4,185150,1955730
1759298400000,55425,55649,55425,55574,236250,1941905
1759301100000,55576.2,55598,55460,55478.4,109480,1941450
1759303800000,55481,55648.8,55470,55623,97370,1946700
1759306500000,55617,55679.8,55565.2,55641.4,123550,1940365
1759309200000,55633.4,55672.4,55587.2,55625,112140,1925735
1759311900000,55627.8,55709,55620,55662,114975,1924860
1759463100000,55620.6,55819.8,55590,55810.2,228865,1928990
1759465800000,55810.2,55850,55671,55690,83195,1957795
1759468500000,55689,55800,55657,55731.2,40390,1960140
1759471200000,55735,55849,55731.8,55808,50435,1961435
1759473900000,55815.8,55833.6,55760,55789.4,32095,1961400
1759476600000,55811.4,55840,55760,55810,34370,1957865
1759479300000,55810,55820,55780,55808.8,26740,1959335
1759482000000,55810,55890,55791.2,55850.6,97405,1965775
1759484700000,55859,55860,55824,55856,56210,1946490
1759722300000,55951.2,56174,55916.2,56140.4,279825,1903160
1759725000000,56140.8,56200,56106.6,56189.8,88725,1896370
1759727700000,56189.8,56250,56166,56231.6,68775,1894690
1759730400000,56251,56285,56190,56285,72905,1900535
1759733100000,56285,56335.8,56262.4,56327.6,84560,1908130
1759735800000,56325,56375.8,56305.8,56330.4,65310,1909390
1759738500000,56327,56327,56252.4,56275,51870,1900745
1759741200000,56275,56331.6,56266,56310.2,54565,1905050
1759743900000,56318.8,56318.8,56277.2,56300,74970,1892170
1759808700000,56300,56548.4,56230,56518,250460,1882615
1759811400000,56518,56551.8,56471.6,56525.4,92645,1861790
1759814100000,56530,56530.2,56370,56450,104300,1843765
1759816800000,56449.8,56600,56391,56571.8,80570,1847265
1759819500000,56571,56599.2,56538,56565.2,54390,1850625
1759822200000,56571.8,56650,56555,56650,73955,1854195
1759824900000,56651.2,56682,56566.2,56566.2,75320,1848490
1759827600000,56566.2,56598.8,56453.6,56458.8,108780,1818250
1759830300000,56456,56472.6,56425,56472.6,63490,1798580
1759895100000,56460.2,56514.6,56280,56360,179165,1745730
1759897800000,56360,56380,56281,56308.6,87500,1737925
1759900500000,56296.6,56304.6,56043,56130,199850,1712515
1759903200000,56125,56196.6,56090.2,56147.8,73570,1715000
1759905900000,56154.8,56329.6,56082,56329.6,101045,1735545
1759908600000,56330,56435,56270,56404.6,119350,1770650
1759911300000,56405,56440.2,56256.6,56282,81340,1780625
1759914000000,56280,56310,56200,56205,81410,1759205
1759916700000,56205,56230,56190,56207,67970,1739010
1759981500000,56205,56330.4,56138,56166.6,143885,1683955
1759984200000,56165.4,56299,56106,56280,70105,1683325
1759986900000,56283.2,56419,56221.6,56414.6,112980,1672580
1759989600000,56410,56499,56385,56395.2,110565,1695085
1759992300000,56395.2,56446.4,56329.2,56335.2,54915,1676535
1759995000000,56335.2,56448,56316,56428.2,37065,1676885
1759997700000,56428.2,56495,56340.2,56360,72975,1694770
1760000400000,56367.8,56447.6,56355,56400,60830,1699950
1760003100000,56395,56424,56375,56397.6,42595,1691165
1760067900000,56397.8,56770,56389.4,56730,252455,1748355
1760070600000,56729.6,56899,56720,56826,170940,1786015
1760073300000,56830,56910,56814,56868,85575,1784720
1760076000000,56858.8,56891.2,56842,56873,40985,1781325
1760078700000,56872.8,56984,56862.6,56964,81305,1802605
1760081400000,56964,57009,56928,56975,75950,1818740
1760084100000,56990.2,56990.2,56910,56956.8,41965,1822275
1760086800000,56956.8,56956.8,56810,56858.8,146720,1783145
1760089500000,56859,56918,56840,56897.2,52430,1776565
1760327100000,56578,56782,56575,56745,235830,1786855
1760329800000,56746.8,56879.2,56673.2,56815,111160,1803200
1760332500000,56810.2,56845.2,56730,56781.2,57960,1799070
1760335200000,56793,56850,56768,56805.6,38640,1802465
1760337900000,56805.6,56852.2,56743.8,56847,22785,1802850
1760340600000,56844.4,56847.4,56780.2,56816.6,27475,1802780
1760343300000,56815.4,56950,56784,56921.4,77875,1790810
1760346000000,56921.2,56950,56825.2,56838,72695,1787695
1760348700000,56838,56891.4,56831,56891.4,47810,1786645
1760413500000,56891.2,56935.2,56769.6,56782.8,175980,1725815
1760416200000,56785.6,56815,56716,56799.4,97370,1746360
1760418900000,56799.4,56847.6,56531.2,56575,202545,1683850
1760421600000,56570,56650,56486.6,56499,107520,1664670
1760424300000,56498,56557.2,56461.2,56545,75145,1671005
1760427000000,56545,56587.8,56474.2,56572,42210,1668940
1760429700000,56572,56645.8,56510,56605.2,68600,1685565
1760432400000,56605.2,56774.6,56605,56725,155785,1680735
1760435100000,56724,56725,56649.4,56654.4,41650,1678740
1760499900000,56784.8,56921.8,56727.4,56804.2,160475,1653015
1760502600000,56804.2,57060,56786.2,56999,189980,1687525
1760505300000,56986,57075,56975,57041,71155,1696135
1760508000000,57041,57041,56984.2,57003.2,30695,1707055
1760510700000,57003.2,57060,56946.6,57060,50750,1707615
1760513400000,57056.8,57098,57033,57056,81200,1734110
1760516100000,57056,57063.2,56970,57018,44940,1725535
1760518800000,57019,57026.2,56921.4,56982,65310,1709190
1760521500000,56983,57002.2,56974,56995,57295,1699880
1760586300000,57250,57285.4,57130.2,57193.8,270270,1686685
1760589000000,57192.8,57268.2,57139.2,57234,80745,1682485
1760591700000,57234,57250,57213.2,57248,28105,1684375
1760594400000,57249.8,57271.2,57201,57271.2,30590,1682730
1760597100000,57271.2,57380,57271.2,57350,143570,1696485
1760599800000,57350,57499.8,57340,57499.8,121870,1706180
1760602500000,57498.2,57580,57455.4,57558.6,145145,1739500
1760605200000,57550,57591.8,57450,57470,118475,1730295
1760607900000,57479.8,57515,57466.6,57484,69440,1728825
1760672700000,57469.8,57568,57400,57508.4,215040,1692250
1760675400000,57492.6,57695,57492.6,57670,149940,1731310
1760678100000,57657,57917,57650,57894.8,207445,1769285
1760680800000,57888.8,57920.2,57735,57837.4,86135,1781430
1760683500000,57839.2,57885,57600.4,57640.8,106365,1685950
1760686200000,57636.2,57675,57412.4,57500,161455,1662115
1760688900000,57494.2,57713,57444,57620,153475,1628585
1760691600000,57620,57799,57606.4,57738.4,120015,1650005
1760694300000,57732,57783.8,57721,57780.2,87325,1665965
1760931900000,57835,58250,57835,57949.8,334180,1646400
1760934600000,57945,58180.6,57924.6,58168.6,92295,1647485
1760937300000,58172,58220,58130.2,58156.8,119700,1647940
1760940000000,58156.8,58197,58105.6,58169,61705,1678810
1760942700000,58161,58183.2,58120,58148.8,42105,1683990
1760945400000,58148.8,58209,58145.4,58187,67725,1702330
1760948100000,58184,58196.8,57967,57991.6,114520,1684515
1760950800000,57978.4,58105.6,57967.4,58079.8,77735,1674925
1760953500000,58076.4,58133.8,58076.4,58117,69160,1693685
1761034500000,58098.8,58160,58005,58005,120085,1670095
1761037200000,58008.6,58024,57881.4,57894.6,122220,1642270
1761191100000,58305.2,58500,58123,58435,347165,1659805
1761193800000,58436.8,58558.4,58435,58469.4,112245,1652455
1761196500000,58472.2,58535,58444,58520,51065,1654800
1761199200000,58521,58570,58481.4,58543.8,65345,1664810
1761201900000,58550,58576.6,58485.8,58492,110950,1668555
1761204600000,58475,58520,58404,58422,97685,1648465
1761207300000,58423,58448.4,58088,58108.4,201670,1610700
1761210000000,58105.6,58325,58100,58101,129185,1610455
1761212700000,58100,58130,57980.2,57983.2,107765,1578290
1761277500000,58090.2,58159.8,58004.4,58058,163520,1516935
1761280200000,58046.4,58088,57835,57835.8,126105,1491490
1761282900000,57835,57896.2,57761,57804.8,102935,1471715
1761285600000,57804.8,57898.8,57778,57876.6,105840,1444765
1761288300000,57878.6,57933.8,57700,57705,121555,1437450
1761291000000,57705,57742,57498.4,57510.6,171395,1434160
1761293700000,57505.2,57690.8,57502.6,57665.2,171535,1482915
1761296400000,57665,57730,57575.2,57705.8,176820,1541575
1761299100000,57707,57741.8,57684.8,57708.8,58625,1540875
1761536700000,57762.2,58069.8,57740.8,58015,234255,1289365
1761539400000,58024,58227.6,57982.2,58192.2,182630,1302525
1761542100000,58191.2,58228.4,58149.8,58172.8,83230,1304275
1761544800000,58172.8,58274.2,58082.6,58246.8,131740,1302490
1761547500000,58243.2,58255.4,58140,58151.4,82635,1300285
1761550200000,58151.4,58164.6,57979.6,58076.4,159740,1317540
1761552900000,58076.4,58188,58030.4,58180,115675,1326080
1761555600000,58180,58180,58080.2,58131.6,97860,1341200
1761558300000,58130.4,58266,58120,58263.4,95690,1341725
1761623100000,58143,58341.4,58100,58126.2,185010,927745
1761625800000,58120,58130,57832.6,57899.6,192920,873600
1761628500000,57901.8,57947,57725,57900.6,119000,835450
1761631200000,57900.6,57977,57829,57922.2,97615,856730
1761633900000,57922.2,58220,57903,58150,120470,838390
1761636600000,58144.6,58240.4,58037,58051.6,84700,791595
1761639300000,58048.8,58171,57928.4,57997,117460,792400
1761642000000,57997,58231.6,57957.4,58214.8,145635,657510
1761644700000,58216.8,58240,58209,58224.8,56840,632100
1761709500000,58620,58656,58459.2,58549.2,204295,1846355
1761712200000,58549.2,58690,58475.2,58607.8,123795,1822065
1761714900000,58611.2,58642,58539.4,58615,55125,1834035
1761717600000,58615,58722,58572.2,58697.8,107870,1854545
1761720300000,58699,58726,58662.6,58696.4,85365,1876805
1761723000000,58700,58830,58657.2,58763.2,162855,1911315
1761725700000,58770,58798,58692,58778.8,75250,1913730
1761728400000,58778.8,58787,58706,58760,133000,1976835
1761731100000,58762.2,58795.4,58750,58790,119665,2012150
1761795900000,58600.2,58677,58375,58394,238875,1740025
1761798600000,58395.2,58650,58375,58530,125965,1752835
1761801300000,58530,58619,58500,58573,35000,1753605
1761804000000,58573,58580,58477.2,58509,34055,1752765
1761806700000,58510.2,58556.6,58451,58505,57715,1745380
1761809400000,58507.8,58587.8,58451,58484.8,52045,1741705
1761812100000,58484.8,58520,58430,58489.6,51450,1736770
1761814800000,58494.2,58509.6,58398.6,58428,88025,1712900
1761817500000,58427.8,58445,58417.2,58426.8,42560,1709785
1761882300000,58362,58589.6,58300,58500,195020,1696135
1761885000000,58488.6,58509,58111,58199,173285,1694350
1761887700000,58197.8,58220,58050.2,58166,90055,1697185
1761890400000,58166.4,58360,58149.8,58277.6,75670,1692950
1761893100000,58270.6,58316.8,58204.8,58260.2,44030,1693930
1761895800000,58262.2,58310,58170,58188,35350,1697115
1761898500000,58188,58275,58160,58265,42245,1702750
1761901200000,58265,58330,58162.4,58173.4,92890,1699775
1761903900000,58174.6,58205,58169.8,58189,54845,1709470
1762141500000,58141.8,58379.8,58080,58320.4,228130,1740865
1762144200000,58320.4,58424,58229,58424,102585,1741145
1762146900000,58425.6,58444.4,58350,58378.6,88655,1762250
1762149600000,58373.6,58400,58268.6,58325,46655,1758680
1762152300000,58324,58420.8,58322.8,58397.2,45885,1766380
1762155000000,58409,58475,58377.2,58440.2,71995,1788605
1762157700000,58451,58499,58389.4,58440,64050,1800330
1762160400000,58440,58457,58354.2,58391.2,70945,1788395
1762163100000,58394.2,58437.8,58392.6,58429,53130,1777230
1762227900000,58409.8,58409.8,58112,58209.8,285565,1738170
1762230600000,58203.6,58250,58100,58187,77875,1749335
1762233300000,58172.6,58279,58143,58169.6,51835,1761795
1762236000000,58172.6,58179.8,58074.8,58172.8,52605,1762880
1762238700000,58172.8,58178.8,58101,58156.4,21490,1759065
1762241400000,58156.4,58220,58091.4,58194.4,58380,1757000
1762244100000,58194.4,58209,58088,58151.4,41580,1755145
1762246800000,58160,58168.8,58107.2,58126,51415,1754445
1762249500000,58134.4,58145,58096.4,58100,73395,1748530
1762400700000,58099.4,58194.4,57945,58050,170205,1766345
1762403400000,58050,58070,57897,57960,92435,1783880
1762406100000,57963,58004.6,57834.4,57866,86975,1809255
1762408800000,57866,57948.2,57838.6,57884,63210,1836940
1762411500000,57887,58035,57852.6,57986.8,60585,1833405
1762414200000,57986.8,58066,57944.4,57956,55335,1836030
1762416900000,57950,57966.6,57880.4,57915.4,42595,1847405
1762419600000,57933,57978,57867.2,57880,73395,1871625
1762422300000,57882.4,57904.4,57867,57887.8,47915,1868615
1762487100000,57800,57800,57450.4,57580,300265,1855700
1762489800000,57580,57816.4,57540,57787.8,133140,1849645
1762492500000,57787.8,57988,57670,57975,154210,1866655
1762495200000,57975,58125,57969,58021.4,159390,1875930
1762497900000,58020.8,58200,57992.6,58179.8,118160,1871555
1762500600000,58179.8,58299,58129.4,58258.6,131495,1852935
1762503300000,58258.6,58292,58066,58234,107240,1850100
1762506000000,58230.4,58266,58105,58171,70665,1852830
1762508700000,58169,58229,58169,58218,57260,1857800
1762746300000,58200,58358,58158.8,58242.4,150430,1848140
1762749000000,58241,58349,58200.2,58282.8,72065,1878835
1762751700000,58270,58383.8,58240,58344.6,59080,1892240
1762754400000,58350,58350,58271.4,58288.2,29155,1900850
1762757100000,58288.2,58365,58282.8,58351,27440,1909215
1762759800000,58351,58360,58250,58250,35840,1920170
1762762500000,58250,58356,58227.4,58341.2,54495,1922165
1762765200000,58340,58348,58250,58256.2,77455,1956465
1762767900000,58266,58273,58218,58220.6,81025,1979040
1762832700000,58220.6,58289.8,57942,58033.2,223965,1975680
1762835400000,58032,58040,57862.2,57888,129955,2026815
1762838100000,57897,57995,57873,57985,50925,2029545
1762840800000,57985,58124.4,57952.2,58080,60235,2013060
1762843500000,58080,58200,58073.4,58150,89670,1995315
1762846200000,58155,58364.6,58131.2,58310.8,147210,1978200
1762848900000,58328.2,58400,58278,58366.6,81760,1975540
1762851600000,58368.8,58380.8,58298.4,58365,68635,1972005
1762854300000,58362.6,58398.8,58344.2,58392,66745,1968295
1762919100000,58606,58650,58500.4,58590,215390,1951355
1762921800000,58590,58605,58462.8,58577.2,89880,1947785
1762924500000,58597,58599.8,58525.2,58552.2,66045,1952020
1762927200000,58552.2,58611.8,58515.4,58565,67900,1949290
1762929900000,58565,58692.2,58550,58675,104475,1934695
1762932600000,58682,58692,58580,58639.4,52010,1921535
1762935300000,58639.4,58654.8,58538,58566.6,49070,1917755
1762938000000,58566.6,58606.8,58525,58529.8,55615,1895110
1762940700000,58526.2,58535,58490,58490,70210,1889265
1763005500000,58449.8,58594,58360,58585,164360,1874915
1763008200000,58585,58725,58580.2,58704,152390,1849400
1763010900000,58704,58774.8,58671.6,58719.2,119035,1806105
1763013600000,58719.2,58775,58690.2,58761.6,54600,1786855
1763016300000,58761.4,58772,58650.2,58713.4,49455,1771175
1763019000000,58721.6,58751.6,58712.4,58714.8,30905,1761305
1763021700000,58714.8,58738.2,58500,58620,125055,1737015
1763024400000,58623,58623.2,58505,58532.4,60795,1740270
1763027100000,58539.8,58597,58515.2,58527.2,62475,1733410
1763091900000,58384,58661,58300.2,58528.4,234710,1710940
1763094600000,58526,58546,58400,58454.8,109270,1708420
1763097300000,58449,58650,58428,58544.2,98140,1702890
1763100000000,58543.4,58600.2,58491.6,58600,59430,1700160
1763102700000,58601.8,58625,58535,58550,37310,1702330
1763105400000,58550,58567,58410,58420,88655,1731380
1763108100000,58410.8,58499,58376,58478.4,68705,1745310
1763110800000,58480,58679,58430,58657.8,142660,1734355
1763113500000,58657.8,58690,58633,58682,101255,1721755
1763351100000,58761.2,59036.2,58695.8,59018.6,302015,1735825
1763353800000,59018.6,59058,58951,58980,101850,1745800
1763356500000,58989,59020,58925,58957.6,45605,1743280
1763359200000,58957.6,59010,58913.4,58994.6,42665,1739710
1763361900000,58994.6,59067.4,58975.8,59039.8,63245,1752100
1763364600000,59030.8,59040,59000.2,59025.2,29610,1751085
1763367300000,59025.2,59055,58973,59004.6,49525,1751295
1763370000000,59001,59020,58988,59008.6,53480,1755110
1763372700000,59015,59058.8,59006,59058.4,67585,1752415
1763437500000,59009,59049,58899,58935,152880,1729665
1763440200000,58930,59015.6,58916.4,58970,60305,1726970
1763442900000,58974,59099.8,58944,59020,92855,1734390
1763445600000,59010.4,59091,59010.4,59035,33355,1734775
1763448300000,59035,59074,59001,59040.2,34615,1727390
1763451000000,59048.6,59123,59037,59113.4,56805,1739955
1763453700000,59117.8,59132.4,59051,59051,31150,1737435
1763456400000,59045,59065.6,58955.4,58989,96040,1714860
1763459100000,58988.4,58999,58940,58950,58030,1716855
1763523900000,58970.6,59039.8,58773,58865,209440,1714265
1763526600000,58862,58974.6,58814,58890,101185,1718710
1763529300000,58890,58910,58833.6,58880.2,43050,1716715
1763532000000,58880.2,58995,58871,58986,37905,1709330
1763534700000,58993.2,59146.4,58968.6,59117.8,168980,1702575
1763537400000,59120,59174.2,59015,59084.8,57575,1694280
1763540100000,59084.8,59200,59055,59190,73535,1695190
1763542800000,59196.8,59263,59171.2,59223.8,125125,1700755
1763545500000,59218.6,59254,59212.6,59247,68145,1689380
1763610300000,59300,59330,59212,59230,166740,1680980
1763613000000,59234.8,59282.6,59200,59245,73675,1680910
1763615700000,59245,59295,59240,59271.8,35350,1685775
1763618400000,59277,59310,59261.2,59280.2,31045,1684865
1763621100000,59270.6,59448.8,59250.2,59415.4,111755,1675940
1763623800000,59415.4,59435,59352.2,59415,65520,1673630
1763626500000,59413,59466.8,59395.2,59402,87780,1678005
1763629200000,59401.6,59439,59362.6,59390.2,71890,1665965
1763631900000,59400,59427.2,59383.8,59402,47740,1659840
1763696700000,59250,59289,59032,59105.2,288960,1605135
1763699400000,59110,59111.4,58905,58960,237895,1616090
1763702100000,58945,59020,58885,59015.2,123340,1632505
1763704800000,59015.2,59055.4,58962.2,59054.2,109025,1692040
1763707500000,59040.2,59175,59036,59142.4,136850,1669080
1763710200000,59160,59167.8,58988.2,59035,122115,1716435
1763712900000,59028,59148.8,59011.2,59091.4,85470,1727565
1763715600000,59091.4,59111.8,58848.4,58886,285915,1851920
1763718300000,58885.8,58923.6,58824.2,58876.4,138880,1893325
1763955900000,58905,59062,58903.2,59000,207375,1331050
1763958600000,58984.4,59250,58984.4,59217,180390,1255380
1763961300000,59220.4,59268.4,59161.2,59259.4,74165,1231125
1763964000000,59259.4,59299,59183,59213.6,82635,1206310
1763966700000,59207.6,59252,59150,59225,56770,1193640
1763969400000,59225,59249.6,59186,59231.4,31115,1193045
1763972100000,59235,59240,59105,59141.2,104335,1175755
1763974800000,59133.8,59168,58897.8,58913,151165,1157345
1763977500000,58913,58925.4,58712.6,58770.8,122990,1133090
1764042300000,58826.2,58966.6,58770,58955,141120,960575
1764045000000,58950.4,59071,58933.8,58963,100310,927395
1764047700000,58952.6,58970,58756,58875.6,86100,886095
1764050400000,58875.6,59002.4,58821.4,58970,75320,861630
1764053100000,58979.6,58979.6,58819,58906,38325,842135
1764055800000,58906,59020,58862.6,58986.8,57785,803565
1764058500000,58986.8,59165.6,58955,59006.4,137585,752605
1764061200000,59006,59012.6,58738.6,58822.4,164325,657020
1764063900000,58828.6,58837.4,58813.8,58834.2,41090,629405
1764128700000,59300,59774,59265,59773,478835,1390830
1764131400000,59771.8,59891,59735.2,59825,187705,1442105
1764134100000,59825,59862.4,59760,59777,50995,1458555
1764136800000,59777,59800,59679.2,59762,49910,1445290
1764139500000,59776.8,59789,59707,59753,66290,1453550
1764142200000,59750,59838.4,59744.6,59771.8,64785,1465415
1764144900000,59771.8,59844,59756,59771,40180,1475985
1764147600000,59771,59823,59756,59822.6,81375,1480080
1764150300000,59821,59840,59800.2,59835,79660,1501675
1764215100000,59889.8,60050,59845,60023,221760,1454250
1764217800000,60015,60079,59950,60040.6,71470,1471645
1764220500000,60041.2,60164,60041.2,60104.2,94010,1503285
1764223200000,60098.8,60102.8,59990.6,60039,58450,1518790
1764225900000,60039,60125,59992,60092,55125,1549100
1764228600000,60091.2,60091.2,59762.4,59835.4,209685,1541015
1764231300000,59830,60040,59830,60035.2,101220,1581475
1764234000000,60023.8,60031.8,59930,59995,54670,1597960
1764236700000,59991,60070.2,59970,60066.8,63560,1578185
1764301500000,59605.4,60090.4,58900,60060,118440,1573040
1764304200000,60056.4,60100,59990,60084,35630,1580460
1764306900000,60085,60165.6,60066.6,60088,82355,1597925
1764309600000,60101.6,60125.8,60052.2,60067,21385,1590995
1764312300000,60067,60116,60025,60078.2,31185,1587880
1764315000000,60078.2,60097.4,60003.6,60048.2,24780,1582770
1764317700000,60048.2,60052.6,59982,60034.8,35350,1582840
1764320400000,60034.8,60109.8,60030.2,60042.8,80430,1612135
1764323100000,60060.2,60087.6,60032.6,60080,52675,1596770
1764560700000,60230,60299.8,60118.2,60237.2,234920,1562435
1764563400000,60232.4,60353.2,60230,60297.2,88830,1597155
1764566100000,60298.8,60298.8,60190.4,60225,46970,1594670
1764568800000,60222,60242.8,59892.4,59955,219975,1599920
1764571500000,59950,60025,59890,60000,78785,1590505
1764574200000,60000,60030,59919.8,59976,52710,1599990
1764576900000,59976,60042,59943,59950,33810,1600795
1764579600000,59947,59980,59834,59959,136080,1567405
1764582300000,59964.8,59970,59888,59891,66185,1563800
1764647100000,59790.8,59847.8,59711,59775,174405,1555540
1764649800000,59775,59885,59722.2,59845,84315,1548750
1764652500000,59828.4,59950,59800,59808,55825,1549905
1764655200000,59808,59861.8,59775.2,59832.2,27545,1548820
1764657900000,59814.8,59914.2,59792,59799,46410,1552460
1764660600000,59799,59839.4,59740,59749.6,88410,1560685
1764663300000,59750,59819.8,59720.2,59754.8,52780,1548120
1764666000000,59754.8,59765,59622,59676,218120,1521520
1764668700000,59675.8,59700,59636.8,59695,86450,1511265
1764733500000,59690,59694.4,59405.6,59498.2,305060,1552740
1764736200000,59500,59500,59337.4,59348,158200,1590260
1764738900000,59345.8,59387.8,59314.8,59372.8,88760,1624875
1764741600000,59370.2,59585,59364.4,59549.6,129850,1634605
1764744300000,59549.8,59565.8,59460,59505.6,51170,1642305
1764747000000,59504.2,59535,59464,59470.2,36470,1647800
1764749700000,59472.6,59528,59383,59475.2,77245,1663830
1764752400000,59475.2,59799,59459.2,59751.4,262220,1614095
1764755100000,59753,59780,59728.8,59767,96215,1630440
1764819900000,59764.6,59764.6,59561,59700.6,146650,1608110
1764822600000,59700.6,59865.8,59683.2,59835,111545,1611225
1764825300000,59835,59848,59710.6,59710.6,49280,1612625
1764828000000,59690,59733.6,59591.8,59612.6,108045,1627780
1764830700000,59612.6,59655,59489,59523.4,111335,1662955
1764833400000,59523.4,59610,59440,59495,77630,1680840
1764836100000,59489.8,59575.6,59455.6,59556.4,101185,1700615
1764838800000,59557,59689.4,59518,59630.2,101710,1712480
1764841500000,59639.8,59659,59605,59647.2,59255,1705655
1764906300000,59647.2,59768.6,59556.4,59722.4,259490,1656340
1764909000000,59723,60063.2,59701.6,59891.8,621635,1729630
1764911700000,59888.6,59990,59864.6,59945,95655,1732815
1764914400000,59944.2,59973.6,59886.6,59891,63770,1743070
1764917100000,59881,60119.2,59856,60052.8,165795,1729000
1764919800000,60040.8,60089.8,60024.8,60080,49210,1727530
1764922500000,60080,60098.8,59970,60012.6,44975,1727390
1764925200000,60026.2,60058,59911,60041.6,83930,1717170
1764927900000,60041.6,60084,60030,60080,96495,1739045
1765165500000,60110,60110,59856.8,59873.2,173810,1489355
1765168200000,59870,59960,59836.2,59880.2,116550,1521660
1765170900000,59878,59908,59697.6,59731,196630,1547140
1765173600000,59730,59805.6,59711.4,59719,73780,1580215
1765176300000,59721,59739.6,59500,59639.8,218330,1630510
1765179000000,59637.6,59698.2,59400,59466,178815,1677725
1765181700000,59473.6,59518,59400,59474,116970,1740200
1765184400000,59475,59640,59455,59574.2,123235,1776845
1765187100000,59575,59575,59465,59472,76090,1802500
1765251900000,59400,59414.2,59220.6,59266.2,249550,1812055
1765254600000,59258.2,59534,59236.6,59454,154665,1818915
1765257300000,59466.8,59625,59421,59535,92575,1842960
1765260000000,59545,59619.4,59443.4,59600,83020,1845865
1765262700000,59605,59640,59493,59539.4,48825,1850135
1765265400000,59535.2,59640,59512.8,59609.6,40740,1845375
1765268100000,59617.4,59680,59514.8,59530,117740,1842645
1765270800000,59519.4,59578.8,59480.4,59536.4,76195,1801520
1765273500000,59535.4,59550,59517.6,59546,62965,1801170
1765338300000,59556,59678,59430,59605,152215,1759660
1765341000000,59613,59692,59600,59626.2,47460,1758680
1765343700000,59626.2,59626.2,59330,59340,134750,1776425
1765346400000,59330,59339,59222.8,59305,114485,1795255
1765349100000,59305,59320,59170,59260,72380,1819230
1765351800000,59252,59375,59225,59303.2,51730,1814855
1765354500000,59303.2,59303.2,59150,59177.8,87570,1839110
1765357200000,59186,59311.6,59185.2,59226.8,100660,1874810
1765359900000,59248.6,59263,59200,59208,48895,1873935
1765424700000,59310,59422,59085,59138.2,208250,1856155
1765427400000,59147.8,59530.4,59136.4,59481.6,183575,1832040
1765430100000,59490,59539,59380,59479.8,77420,1823535
1765432800000,59482.8,59719.2,59450.2,59660,163765,1804285
1765435500000,59664,59690,59585.6,59615.6,59780,1791860
1765438200000,59615.6,59617.6,59373.2,59475.8,131145,1778420
1765440900000,59475.8,59558.8,59425.2,59558.8,42525,1776285
1765443600000,59558.8,59576,59430,59497.8,63385,1757735
1765446300000,59497.8,59517.2,59481,59495,45185,1755950
1765511100000,59610,59800,59585.4,59730.8,243320,1739605
1765513800000,59748.4,59763.2,59512,59535,146440,1749720
1765516500000,59524.6,59689.8,59455.6,59666.2,126035,1758050
1765519200000,59670,59700.2,59562.6,59625,50960,1758050
1765521900000,59630,59670,59600,59645.2,10325,1760115
1765524600000,59645.2,59656.6,59571,59629.2,20825,1760185
1765527300000,59629.2,59698.4,59610,59639.8,40180,1755915
1765530000000,59639.8,59681,59609.2,59656,41265,1745625
1765532700000,59658.4,59676.8,59635.2,59645,56105,1743140
1765770300000,59599.8,59599.8,59348,59440,199080,1756825
1765773000000,59435.6,59475,59356.2,59414.4,56770,1767395
1765775700000,59409,59521.2,59409,59514,39060,1765750
1765778400000,59515,59734,59451,59713.2,190890,1711885
1765781100000,59713.2,59723,59650,59674.4,47320,1717695
1765783800000,59674.4,59750,59658.2,59679,59325,1724450
1765786500000,59667.8,59712,59634,59691,33810,1725850
1765789200000,59691,59712.8,59661,59692,29925,1719760
1765791900000,59691.6,59694.2,59655.2,59680,37660,1714895
1765856700000,59550,59600,59325,59346.6,341565,1764840
1765859400000,59348,59398,59282.2,59380,121240,1783565
1765862100000,59380,59383,59325,59369,21665,1788990
1765864800000,59355.4,59366,59243.4,59300,82880,1818950
1765867500000,59300,59373.8,59286.8,59329.8,64015,1840650
1765870200000,59329.8,59364.4,59290,59335,19600,1840895
1765872900000,59335,59394.4,59254,59330,83895,1857870
1765875600000,59330,59360,59304.8,59311.4,58240,1869595
1765878300000,59312.6,59318,59225,59231.2,72345,1882370
1765943100000,59280,59355,59118.6,59205.8,170310,1897560
1765945800000,59190.2,59213.6,59100,59124.4,79625,1916320
1765948500000,59124.4,59227.2,59117.6,59141,49910,1901620
1765951200000,59141,59218.8,59101.4,59117.2,34685,1905155
1765953900000,59117.2,59152.4,59028,59065.6,83755,1917230
1765956600000,59065.6,59135.8,59035,59047,48895,1896020
1765959300000,59047,59111,59025,59100,38395,1889195
1765962000000,59095,59152.6,59082.2,59123,85190,1880095
1765964700000,59116.6,59185,59093.2,59183,53515,1869280
1766029500000,59109.6,59109.6,58913.2,58997.2,136360,1858570
1766032200000,58990.4,59334,58980.6,59299.6,186235,1792525
1766034900000,59299.6,59319,59205,59280,53095,1789865
1766037600000,59280,59330,59227.2,59330,58800,1780030
1766040300000,59330,59372.2,59271.2,59281.6,93240,1742265
1766043000000,59281.6,59315.6,59200,59212.2,37800,1735265
1766045700000,59212,59240,59040,59069.8,123515,1764805
1766048400000,59076,59115,59058.6,59079.6,74165,1790355
1766051100000,59080,59089.6,59059,59079.4,53410,1803795
1766115900000,59200,59299,59158,59263,128380,1784055
1766118600000,59256,59295,59160,59260.2,51485,1794275
1766121300000,59263,59277.2,59144.8,59172,42910,1795395
1766124000000,59172,59220,59087.2,59186.2,80150,1810585
1766126700000,59186.2,59212.4,59143,59197.2,23660,1803760
1766129400000,59194.4,59248.8,59109.4,59230,46235,1779330
1766132100000,59235,59275.6,59206.8,59210,79310,1739465
1766134800000,59224.6,59259.2,59208,59230.2,70525,1708525
1766137500000,59239.8,59240.2,59215,59225,49770,1701770
1766375100000,59424.8,59499.2,59343,59476.4,175980,1641640
1766377800000,59475.2,59492.6,59402.2,59427.2,35105,1635025
1766380500000,59427.2,59473,59400.8,59439,23240,1632015
1766383200000,59439,59460,59401,59424.8,21175,1629915
1766385900000,59420.6,59454.2,59371.2,59382.8,33075,1624840
1766388600000,59382.8,59435,59382.8,59414.8,15015,1626520
1766391300000,59414.8,59440,59396.2,59431.4,24710,1623020
1766394000000,59440,59450.6,59414.2,59434.4,43400,1614550
1766396700000,59434,59445,59423.6,59434,54880,1618015
1766461500000,59434,59514.8,59356.6,59445,103425,1585360
1766464200000,59450,59501,59400,59450,48440,1596525
1766466900000,59450,59463.4,59419.2,59434.2,13895,1596385
1766469600000,59421.8,59436,59346.4,59400,49140,1587845
1766472300000,59390.2,59415,59380,59409,13265,1589455
1766475000000,59409,59443,59408.6,59425.4,21700,1589350
1766477700000,59425.4,59461.2,59410,59441.2,27125,1583085
1766480400000,59446,59446,59385,59424.8,48720,1583785
1766483100000,59416.2,59426.2,59383.2,59386.6,39025,1583505
1766547900000,59437,59590,59370,59520,207830,1513610
1766550600000,59519.4,59556.2,59480,59502,42840,1508360
1766553300000,59500,59525,59477.6,59491.4,22225,1501430
1766556000000,59491.4,59515,59441,59452.6,49875,1492505
1766558700000,59451.2,59469,59413.4,59425,57050,1504405
1766561400000,59425,59426.6,59240,59274.2,165235,1528415
1766564100000,59272.4,59319.8,59252.6,59280.8,53340,1526175
1766566800000,59280.8,59335.4,59275,59278,45815,1503460
1766569500000,59275.4,59293.2,59221,59221,91070,1487150
1766720700000,59200,59230.6,59131.8,59170.8,108430,1364405
1766723400000,59184,59202,59150.2,59200,55615,1354780
1766726100000,59200,59207.6,59111.8,59133.8,67480,1341865
1766728800000,59130,59134.8,59040.4,59099.2,110355,1336755
1766731500000,59096,59109.8,59028.4,59069.4,69300,1339800
1766734200000,59070,59103.2,59050.8,59083,56140,1327410
1766736900000,59082.8,59094,59010,59042.2,85645,1320690
1766739600000,59049.8,59095,59030,59074,53620,1304310
1766742300000,59077.4,59077.4,59045,59055,42595,1293740
1766979900000,59114.8,59116.8,58956.2,58958.6,110740,977900
1766982600000,58966.4,58991.6,58911.6,58920.6,79940,955080
1766985300000,58926.2,58950.6,58831.8,58863.4,92435,935690
1766988000000,58859.2,58895,58840.6,58889.4,65275,934885
1766990700000,58889.4,58890.2,58846.8,58876.4,62580,951860
1766993400000,58865,58904.6,58836,58880,56140,943145
1766996100000,58880,59002.6,58873.4,58989.4,67515,908495
1766998800000,58996.8,59009.4,58930,58954,75565,880845
1767001500000,58942.2,58959,58928,58952.8,59080,882280
1767066300000,58820,58915.8,58761,58870,165165,635180
1767069000000,58869.2,59073,58835.8,58932.4,131040,591360
1767071700000,58932.4,58998.8,58888,58958.8,104440,570605
1767074400000,58948.8,58982,58855,58862.4,87535,550130
1767077100000,58861.4,58967.8,58860,58909.6,41650,508970
1767079800000,58909.6,59066,58886.6,59040.4,81270,478835
1767082500000,59050,59149.4,59018,59040.6,118300,442890
1767085200000,59030,59184,59030,59163.4,177345,432565
1767087900000,59165,59179,59157.8,59167.8,65520,407960
1767152700000,59615,59714.6,59555.2,59687.4,148560,1188510
1767155400000,59670.4,59799,59658,59778,123030,1217580
1767158100000,59790,59829,59735,59741.2,78660,1233330
1767160800000,59745.2,59820,59730,59818.8,39060,1238910
1767163500000,59815,60043,59803.6,60011,157950,1254150
1767166200000,60020,60034.8,59877.2,59937,72120,1247700
1767168900000,59937,60000,59931.2,59943,41010,1250940
1767171600000,59943,59992.8,59821.4,59880,122190,1229490
1767174300000,59880.2,59930,59870.2,59915,87750,1264950
1767239100000,59920,59976,59802.8,59872.2,70290,1262250
1767241800000,59872,59975,59825.2,59955,55770,1262220
1767244500000,59959.2,59992.2,59940.2,59975.2,36420,1276380
1767247200000,59975,59980,59920.8,59925,29670,1283400
1767249900000,59921.8,59955,59894.8,59941.4,26700,1284390
1767252600000,59941.4,59952,59915,59944.4,20610,1289730
1767255300000,59944.4,59965,59930,59935,26310,1295520
1767258000000,59935,59964.2,59929.2,59953.6,54030,1322490
1767260700000,59953,59964,59933.2,59962.2,33000,1323210
1767325500000,60020,60319.8,59971,60255,246240,1404810
1767328200000,60267.8,60300,60250,60290.6,64020,1405350
1767330900000,60290.6,60303,60258,60295.6,25110,1414890
1767333600000,60303,60400,60302,60395.6,81000,1410870
1767336300000,60399,60399,60314.4,60344.8,32160,1413030
1767339000000,60338,60377.2,60333.6,60338,18660,1412460
1767341700000,60338,60375.8,60323.4,60331.2,26520,1409760
1767344400000,60331,60347.6,60273,60327.8,130710,1410630
1767347100000,60320,60390,60310.2,60390,69000,1422300
1767584700000,60430,60500,60330,60477,196860,1420080
1767587400000,60474.6,60538.4,60422,60485,66750,1431870
1767590100000,60482.6,60518,60375.2,60402.2,41100,1440180
1767592800000,60401,60460,60388.8,60427.4,23760,1444260
1767595500000,60427.4,60461.8,60390,60396.6,15270,1445400
1767598200000,60390,60399.8,60178.4,60215.2,128940,1396410
1767600900000,60215,60215,60016,60069,172890,1346550
1767603600000,60055.4,60249,60055.4,60190.6,88680,1351800
1767606300000,60191.2,60195,60126.8,60157,62160,1372320
1767671100000,60201,60415,60142.2,60414.2,177810,1413420
1767673800000,60410.6,60460,60370.4,60405.4,85740,1457220
1767676500000,60404.8,60425,60285,60351,53820,1476420
1767679200000,60358,60425,60329,60405.2,31170,1486710
1767681900000,60405.2,60407.8,60322.6,60369.4,18450,1487220
1767684600000,60380,60405,60256.6,60329,47850,1477470
1767687300000,60329,60342.4,60215.6,60254.4,41880,1477440
1767690000000,60254.4,60317.8,60200,60310,44250,1477020
1767692700000,60303,60327,60300,60320,24630,1472400
1767757500000,60299.8,60299.8,60075,60118,183000,1402860
1767760200000,60120.8,60215,60090,60166.2,51990,1402830
1767762900000,60166.2,60249.8,60140.2,60192,42000,1394130
1767765600000,60192.6,60270.2,60117.6,60136,45060,1388460
1767768300000,60136.8,60161.4,60055,60093,94740,1352160
1767771000000,60091,60113.8,59966,59998.4,101820,1329330
1767773700000,59998.4,60078,59985,60078,33060,1322880
1767776400000,60077.8,60210,60037.8,60210,86760,1310550
1767779100000,60210,60215,60142.2,60170,58590,1303350
1767843900000,60110,60252.8,60033,60164.2,139410,1310130
1767846600000,60164.2,60185,60098.8,60123.2,48690,1301340
1767849300000,60123.2,60153.8,59817,59900,213750,1260960
1767852000000,59900,59962.2,59755,59894.8,107340,1259430
1767854700000,59890,59939.4,59813.8,59879.8,52350,1252410
1767857400000,59879.8,59940.2,59850,59886.2,31410,1250220
1767860100000,59886.2,60000,59885.2,59920,75990,1242540
1767862800000,59918.6,60000,59880,59904.8,64530,1225110
1767865500000,59895,59906.8,59850.4,59874.2,67440,1204560
1767930300000,59890,59930.4,59680,59826,208320,1189020
1767933000000,59831,59870.2,59733,59790,50070,1189770
1767935700000,59781,59822.8,59625,59690,94770,1191300
1767938400000,59681,59722.2,59626.6,59641,63360,1203570
1767941100000,59632,59659.6,59510,59578.6,127050,1204320
1767943800000,59576.6,59617,59525.2,59537.2,56520,1213710
1767946500000,59535.6,59557.8,59441,59490.6,109200,1242150
1767949200000,59490.2,59600,59441.8,59565.6,103380,1244430
1767951900000,59565.8,59565.8,59499.8,59525,58260,1247310
1768189500000,59600,59600,59265,59321,197130,1245990
1768192200000,59329,59462.8,59320,59366.8,64290,1251540
1768194900000,59366.8,59396,59220,59232.2,49470,1267410
1768197600000,59240,59335,59127.6,59334.2,90870,1280670
1768200300000,59330.2,59812.6,59307.8,59711.4,263610,1264470
1768203000000,59711.2,59783.8,59625,59732.2,83850,1266990
1768205700000,59729.8,59756.8,59657.2,59681,56580,1283040
1768208400000,59686.2,59760,59568,59693.2,74730,1288830
1768211100000,59700,59771.4,59693.6,59760,62250,1288920
1768275900000,59880,59930,59637,59657.6,181470,1259880
1768278600000,59669.6,59837.2,59648.6,59765.8,58560,1259430
1768281300000,59754.6,59850,59742.8,59847.4,51360,1259460
1768284000000,59842.8,59878.2,59705,59705,54510,1246980
1768286700000,59710,59760,59491,59497.6,95910,1242060
1768289400000,59497.6,59589,59450,59577.4,84900,1244880
1768292100000,59575,59670,59491.8,59514.4,51510,1259640
1768294800000,59514.4,59800,59497.6,59725.2,100290,1248600
1768297500000,59733.6,59779.8,59720,59739,47730,1251060
1768362300000,59690,59837,59600.2,59740,121080,1220310
1768365000000,59740,59746.4,59580.2,59615,57900,1226490
1768367700000,59610.2,59888,59581.2,59878,86760,1235730
1768370400000,59878.2,59889.6,59760,59771,57210,1256760
1768373100000,59760,59843.2,59732,59822.6,24060,1259910
1768375800000,59822.6,59950,59801,59805,74310,1250730
1768378500000,59802,59845.2,59680,59695,74310,1254060
1768381200000,59709.8,59860.6,59668,59775.6,55260,1259130
1768383900000,59775.4,59800.8,59765.6,59766.2,29430,1249980
1768535100000,59833,60126.4,59800,60075.6,237720,1259790
1768537800000,60075,60280,60062,60173.8,222810,1305210
1768540500000,60178.6,60230,60111.6,60197,63750,1301400
1768543200000,60197.2,60236,60125,60213.6,56700,1296840
1768545900000,60213.6,60220,60045.2,60133.4,80070,1294230
1768548600000,60132.4,60189.6,60057,60137,87690,1292490
1768551300000,60139.6,60184.4,60085,60148.8,56310,1311060
1768554000000,60148,60203.8,60126,60185.4,105840,1349850
1768556700000,60187.8,60240,60172,60210,65790,1356810
1768794300000,60055,60058,59746.4,59763.8,281340,1248120
1768797000000,59764,59813.8,59692.8,59760,103350,1231020
1768799700000,59760,59849.8,59751,59787.4,41280,1219800
1768802400000,59787.4,59838,59750.6,59805,24300,1217850
1768805100000,59805,59920.2,59805,59892,44130,1211460
1768807800000,59910.6,59933.8,59839.6,59870,37080,1211070
1768810500000,59875,60045,59860.2,59923.6,77220,1200600
1768813200000,59922.6,59999.8,59900,59909.2,43800,1199850
1768815900000,59903.2,59919,59862.4,59875,51210,1185750
1768880700000,59944,59975,59718.6,59766.4,153540,1161600
1768883400000,59773.6,59817.4,59750,59777.2,43470,1155090
1768886100000,59777,59810,59717.6,59790.8,53730,1138440
1768888800000,59791,59875,59750.2,59775,86100,1160100
1768891500000,59775,59791.8,59703.8,59760.4,62490,1131360
1768894200000,59760.2,59798,59656.6,59684,42810,1127940
1768896900000,59672.8,59689.8,59557.4,59645,120510,1144110
1768899600000,59640.8,59655,59460,59465,147690,1179090
1768902300000,59465,59518.6,59402.8,59459.4,114510,1206900
1768967100000,59458.8,59543.4,59211,59215.2,163440,1119120
1768969800000,59210,59210,58900,58909,159990,1117260
1768972500000,58909,58915,58350,58676.8,263490,1091280
1768975200000,58676.8,58936,58671.2,58930.6,125280,1106640
1768977900000,58928.8,59343,58820,59291.6,218550,1089090
1768980600000,59291.2,59394.8,58985.6,59017.8,143190,1084020
1768983300000,59021.6,59041.2,58848,58860,96810,1105710
1768986000000,58860.2,58985,58835,58864.4,89280,1146540
1768988700000,58842.2,58873.4,58794.8,58854.8,41190,1152750
1769053500000,59160,59631.8,59121.2,59490,372240,1100160
1769056200000,59478.8,59525,59000,59226.4,194430,1076280
1769058900000,59226.4,59226.4,58970,59081,124710,1083000
1769061600000,59080,59123.4,58913,59108.4,60480,1097160
1769064300000,59100,59287,59073.6,59095,71640,1105020
1769067000000,59095.2,59225,59040,59169.8,47670,1114500
1769069700000,59169.8,59271.4,59138.4,59263,61590,1130910
1769072400000,59290,59389.8,59180,59320.4,109050,1085340
1769075100000,59320.6,59424.8,59317,59390,51720,1081560
1769139900000,59463,59464,59132,59175,122640,938370
1769142600000,59180,59296.6,59119.8,59240.6,96930,955980
1769145300000,59248,59350,59170.2,59220.2,58020,964320
1769148000000,59235.8,59238.4,59000,59025,119550,985350
1769150700000,59025.6,59244.8,59025.6,59091.4,66030,976320
1769153400000,59098.8,59110,58651,58656.6,156570,983460
1769156100000,58653.6,58740,58538,58624.8,107190,974580
1769158800000,58649,58775.4,58585.4,58634,162450,961470
1769161500000,58634,58655,58370,58470.2,156090,967290
1769485500000,58559.6,58720.8,58132.8,58560,233010,764730
1769488200000,58570,58787,58430.6,58440.2,103080,745920
1769490900000,58450.4,58657,58368.2,58630.6,94110,733620
1769493600000,58635,58841.2,58604.2,58749.8,116190,709380
1769496300000,58749.8,58799.4,58579.6,58722.6,62760,693330
1769499000000,58722.6,58890,58615.6,58670.8,93930,686520
1769501700000,58670.8,58779.8,58625,58736,55410,665730
1769504400000,58720,59149,58710,59136,161850,632460
1769507100000,59135,59226.2,59130,59205,52830,608910
1769571900000,59880,59906,59681.2,59790,365370,1300740
1769574600000,59794.8,59843,59655.6,59793.8,99270,1309140
1769577300000,59798.6,59977,59760.2,59925.2,84060,1321770
1769580000000,59931.8,59945,59800,59803.6,49590,1329360
1769582700000,59804,59833.2,59738,59774.2,32550,1322550
1769585400000,59768.4,59850,59576,59596.2,93180,1321650
1769588100000,59587.6,59662,59532.2,59647.4,60210,1325340
1769590800000,59649.8,59896,59630.6,59835.8,130710,1349430
1769593500000,59847.6,59889.2,59833,59840,59790,1371630
1769658300000,59900,59900,59705,59785.8,164430,1373250
1769661000000,59788.6,59899,59731.4,59837,90150,1401060
1769663700000,59826,60045,59820,60025,130950,1420890
1769666400000,60030,60081.8,59937.6,60021.2,68760,1428480
1769669100000,60021.4,60152,60000,60127.4,73650,1435590
1769671800000,60136.2,60200,60053,60182.4,72720,1434420
1769674500000,60182.4,60224.6,60109.2,60198.8,82620,1435020
1769677200000,60199,60260.6,60120,60160,119550,1425480
1769679900000,60159.2,60255,60151.8,60246,91530,1449150
1769744700000,60050,60114.2,59850,60062,229590,1426410
1769747400000,60050,60170,60008.4,60092.8,90030,1411680
1769750100000,60092.8,60137,59958,60040,59610,1424520
1769752800000,60036,60059.4,59945,60035.8,39510,1420290
1769755500000,60047,60080,59980.4,60020.4,28800,1423050
1769758200000,60020.4,60020.4,59750,59972,169020,1368960
1769760900000,59972,60059.8,59926,59992.6,58860,1386930
1769763600000,59992.6,60024.8,59863.2,59935.8,69060,1379370
1769766300000,59930,59960,59869.2,59900,66930,1359630
1769917500000,59950,59983,59700,59853.2,164700,1326720
1769920200000,59864,60059.8,59853.6,59975.2,72120,1342440
1769922900000,59975,60095,59889.8,60032,190170,1360740
1769925600000,60037.8,60070,59500,59564.8,263430,1386330
1769928300000,59551.4,59569.2,58046,59255,635580,1429800
1769931000000,59255.8,59330.2,59057,59143.8,127800,1445370
1769933700000,59154.6,59186.2,58994,59148.8,127470,1479840
1769936400000,59135,59194.8,58751.4,58752.2,163230,1549980
1769939100000,58751,58752,58595,58612.4,138960,1617180
1770003900000,58611,58818.2,58500,58547,313890,1557060
1770006600000,58547,58623,58380,58485,171270,1599000
1770009300000,58486.8,58507.4,58151,58272.8,204030,1693500
1770012000000,58278.4,58556,58214.6,58542.8,121620,1723650
1770014700000,58542.8,58641.2,58437.2,58574.4,72240,1693920
1770017400000,58574.6,58647.4,58339.6,58645.4,94260,1705290
1770020100000,58632,58740,58545.8,58660.8,95970,1667280
1770022800000,58652.8,58870,58550,58820.8,139950,1641570
1770025500000,58816.4,58889.8,58816.4,58841.8,55410,1639290
1770090300000,60999,61299.8,59960,60136.4,1366320,1367430
1770093000000,60146,60334.6,60010.2,60286,242730,1347450
1770095700000,60286,60390,60230.2,60330,150630,1405800
1770098400000,60332.8,60432,60301,60339.6,89550,1411740
1770101100000,60342,60350.6,60212.2,60290.6,70440,1406970
1770103800000,60286.8,60343.2,60181.8,60330,47100,1414770
1770106500000,60330.6,60341.2,60241.8,60297.6,43110,1400760
1770109200000,60297.8,60321.8,60142,60201.4,99420,1385280
1770111900000,60199.2,60245,60181.2,60200,82470,1409190
1770176700000,60180,60478.4,60061.4,60406,344010,1455060
1770179400000,60414.2,60455.6,60304.4,60350,61860,1454160
1770182100000,60347.4,60427.2,60287,60337.2,53430,1435590
1770184800000,60340.8,60409.8,60312.4,60399.8,52440,1434060
1770187500000,60400,60414,60277,60292,33690,1439550
1770190200000,60288,60455,60280,60420,75630,1451820
1770192900000,60420,60589.4,60401,60523.2,98250,1472910
1770195600000,60523.2,60530,60411,60440,94140,1521840
1770198300000,60442.4,60459.8,60375.2,60398.2,61050,1529190
1770263100000,60439,60439,60235.2,60285,135990,1524780
1770265800000,60287,60398,60190,60191.2,73140,1522830
1770268500000,60185,60270,60161,60225.2,49680,1512120
1770271200000,60223.2,60284.4,60192.6,60205,15330,1511100
1770273900000,60205,60251.8,60151,60241.6,23670,1508700
1770276600000,60241.6,60260,60184.2,60216,24840,1509990
1770279300000,60230.6,60240,60121,60163,67350,1503690
1770282000000,60178.2,60300,60162,60269,49680,1490310
1770284700000,60269,60278,60210,60227.4,43710,1476330
1770349500000,60140,60275.2,60115.4,60185,88800,1463550
1770352200000,60175.4,60198.8,59836,59875.6,183420,1443480
1770354900000,59876.8,60029.4,59845,60000,67920,1438890
1770357600000,60000,60175,59978.4,60094.8,92100,1435650
1770360300000,60083,60095,59921,60037.4,39840,1435470
1770363000000,60037.2,60059.6,59962,60038.4,19680,1432980
1770365700000,60039,60176,60026.2,60121.4,39780,1430970
1770368400000,60118.6,60290.2,60115,60258.6,76410,1432710
1770371100000,60258.6,60275,60216.4,60223.6,41790,1427580
1770608700000,60458,60819.2,60458,60761.4,394440,1536630
1770611400000,60752.8,60787.4,60680,60772.2,114300,1612620
1770614100000,60770.8,60809,60730.2,60746,58680,1644510
1770616800000,60745.2,60768.6,60685,60746.6,43380,1650990
1770619500000,60742,60755.4,60631.6,60687.8,50820,1647690
1770622200000,60696.8,60733,60663.6,60697.4,21270,1651830
1770624900000,60697.4,60759.8,60681.4,60744.8,23220,1648560
1770627600000,60740.2,60750,60684.8,60733.4,59190,1651590
1770630300000,60734.8,60745.6,60707,60728.8,49200,1664670
1770695100000,60775,60830,60700.2,60759,95910,1623930
1770697800000,60759.2,60856.8,60737.6,60814.6,66990,1627770
1770700500000,60826.6,60842.4,60782.2,60797.2,78870,1641210
1770703200000,60797.2,60818.8,60780,60799.4,19560,1642680
1770705900000,60799.4,60850,60795,60838.2,28020,1647120
1770708600000,60838.2,60838.2,60680.2,60725.8,56160,1637190
1770711300000,60725.8,60743.8,60640,60720,65070,1628880
1770714000000,60720,60755,60706,60725,37350,1626840
1770716700000,60720,60722,60670,60683.6,47790,1636620
1770781500000,60800,60800,60600,60675.2,119910,1610310
1770784200000,60675.2,60796,60614,60763.8,68310,1617810
1770786900000,60760,60788,60714,60770,45780,1623930
1770789600000,60770,60838,60725.2,60735,57720,1613730
1770792300000,60738,60776.8,60701,60752.6,46650,1621440
1770795000000,60750.2,60818,60720.2,60796.4,29100,1618350
1770797700000,60790,60835,60760.2,60795,29880,1623690
1770800400000,60791.4,60818,60757,60800,41040,1632630
1770803100000,60811.2,60822.2,60802.2,60820,33750,1626540
1770867900000,60850,60895.4,60733,60865,96840,1616850
1770870600000,60875,60920,60832,60842,49140,1631550
1770873300000,60842,60891,60811,60816,30210,1635750
1770876000000,60810.2,60825.6,60761,60772.8,73620,1639770
1770878700000,60771.4,60850,60770.2,60825.2,37530,1618410
1770881400000,60826.8,60870,60795.6,60837.6,30720,1610520
1770884100000,60837.6,60855,60797.2,60800,34140,1620900
1770886800000,60800,60847.4,60682,60803.2,194310,1575810
1770889500000,60807.4,60823.4,60771,60785,42960,1585410
1770954300000,60675,60675,60521,60568,199530,1404360
1770957000000,60568,60590.2,60461.2,60541.2,97590,1397310
1770959700000,60541.2,60541.2,60365,60422.6,98100,1376130
1770962400000,60424.2,60444,60385.2,60425.8,47310,1363050
1770965100000,60426.2,60519.8,60410.4,60422.2,40560,1364670
1770967800000,60422.2,60476.8,60407.2,60424,21870,1359270
1770970500000,60423.2,60458.8,60375,60430,42660,1344030
1770973200000,60430,60448.6,60382.4,60382.4,76050,1318440
1770975900000,60382.6,60398.8,60217,60267,124410,1307160
1771213500000,60225,60399,60121.4,60382.2,143610,1290000
1771216200000,60384,60531.2,60373,60430,87300,1298190
1771218900000,60430,60550,60422,60481.4,40170,1304940
1771221600000,60484,60544,60450.4,60517.2,30660,1316310
1771224300000,60525.6,60830.4,60500,60730,190410,1365270
1771227000000,60730,60849.4,60729.8,60834.8,64110,1389990
1771229700000,60832,60850,60752,60824,63300,1403400
1771232400000,60824,60987.6,60806.6,60976.2,165960,1444770
1771235100000,60972,61034.2,60942.6,61029,99840,1470720
1771299900000,60910,60910,60632,60790,161940,1407540
1771302600000,60785,61178,60762,60955.4,146430,1413180
1771305300000,60974.8,61065,60941,61035,40170,1409550
1771308000000,61035,61127.6,61022.2,61109,34050,1413690
1771310700000,61109.2,61150,61045.2,61103,46800,1425720
1771313400000,61102,61198,61075.2,61145.8,51570,1431360
1771316100000,61145.8,61160,61015,61060.8,36060,1430220
1771318800000,61060.8,61128,61042,61119.4,32400,1436040
1771321500000,61119.2,61124.4,61100,61110.4,37110,1439730
1771386300000,61110,61281.4,61053.2,61128,164730,1453320
1771389000000,61129.2,61227,61114.8,61150.2,62700,1471380
1771391700000,61142.6,61238,61122,61206.6,30810,1480170
1771394400000,61206.8,61250,61190.4,61229,28860,1486440
1771397100000,61230.2,61298.2,61206,61290,55830,1477830
1771399800000,61279,61320,61255,61267.8,43320,1487010
1771402500000,61272.8,61499,61230.4,61464.8,88890,1492590
1771405200000,61464,61568.2,61421.4,61483,92910,1509780
1771407900000,61481.4,61515.8,61475.6,61497.2,74580,1546230
1771472700000,61590,61590,61353.8,61403.6,117120,1430340
1771475400000,61403.8,61423.2,61219,61280,114720,1391610
1771478100000,61280,61344,61187.6,61217.8,62520,1373190
1771480800000,61212,61234.4,61050,61050,104550,1350540
1771483500000,61053,61150,60965,61031.2,141150,1317660
1771486200000,61028.6,61127.2,61004.4,61061,92700,1302990
1771488900000,61060.8,61073.8,60918,60965,69000,1293240
1771491600000,60965,61021.4,60735,60735.8,177270,1249440
1771494300000,60749.8,60750,60616.2,60640,113940,1212240
1771559100000,60632,61141,60632,61112,210870,1136100
1771561800000,61120,61219,61000.8,61195,166770,1119510
1771564500000,61195,61250,61112,61200,124710,1085670
1771567200000,61200,61249,61170.8,61210.6,43230,1057320
1771569900000,61208.6,61400,61137.6,61182.2,141120,1058970
1771572600000,61159.8,61250,60977,61179.8,118230,1057680
1771575300000,61187.4,61294.8,61171.2,61183.8,81450,1058010
1771578000000,61183.8,61327.6,61124.2,61175.4,91740,1077060
1771580700000,61192,61220.6,61101,61161.2,49410,1082130
1771818300000,61266,61500,61112.2,61305,177000,890580
1771821000000,61311.8,61371,61177.6,61181,75510,898080
1771823700000,61175.4,61315.2,61100.2,61216.4,85800,899340
1771826400000,61210.6,61220,61084.4,61133.6,57120,876540
1771829100000,61155,61219.6,61020.2,61109,63630,880620
1771831800000,61109,61199,61030,61150,40980,888030
1771834500000,61164.8,61166.8,61025.8,61155.8,65490,874440
1771837200000,61175,61277.8,61133.8,61240,82020,870360
1771839900000,61243.4,61290,61202.8,61219,33330,861810
1771904700000,61110,61333,61050,61246.2,113490,678270
1771907400000,61249,61312.8,61180,61276.8,82380,678210
1771910100000,61261.6,61410,61176,61372,104670,668940
1771912800000,61372,61435,61201,61235.6,84810,668640
1771915500000,61235.6,61235.6,60934.8,60967.2,95580,627150
1771918200000,60967.2,61090,60805,60899.6,75450,601950
1771920900000,60899.6,61161,60881,61050,59520,587370
1771923600000,61063.4,61160,60939,61031.8,115560,562980
1771926300000,61030.8,61065.6,61029.6,61042.2,45030,531630
1771991100000,61549.8,61680,61473.2,61562.8,154350,1347780
1771993800000,61564.6,61659.4,61547,61563,51720,1351050
1771996500000,61563,61570,61450,61513,59310,1352940
1771999200000,61502,61513.2,61418.8,61427.2,29970,1351890
1772001900000,61427.2,61487.4,61196,61240,148710,1375410
1772004600000,61245,61284.6,61158,61220,128550,1424340
1772007300000,61220,61354,61151,61255,69660,1416720
1772010000000,61258,61400.6,61256.2,61365.8,57900,1405890
1772012700000,61370,61399,61342,61369.2,31080,1406580
1772077500000,61401,61570,61400,61452.2,113640,1378770
1772080200000,61455.2,61518.8,61330,61399.8,50160,1380480
1772082900000,61399.8,61470,61345,61395,24240,1382100
1772085600000,61385,61410,61282,61288,40830,1388280
1772088300000,61281,61306.8,61156.2,61211,58080,1392270
1772091000000,61210.2,61280.8,61200,61275,16860,1391100
1772093700000,61275,61290.6,61188,61276.6,28020,1386180
1772096400000,61276.6,61555,61264.8,61499.8,129150,1361910
1772099100000,61500,61515,61465.2,61477,39630,1377030
1772163900000,61467,61467,61007.2,61011.8,268650,1397490
1772166600000,61007.2,61136.8,60975,61050.2,103380,1418760
1772169300000,61050.2,61120,61014.6,61035.2,25320,1421790
1772172000000,61038.4,61146,60956,61054.4,69150,1428960
1772174700000,61050.2,61087.8,61010,61029.8,28680,1430220
1772177400000,61034.4,61070,60992.2,61040.8,34440,1433160
1772180100000,61040.8,61181,61032.2,61060,49710,1428060
1772182800000,61060,61148.6,60824.4,60913.6,206310,1488810
1772185500000,60913.8,60927.8,60828.8,60870,109410,1497270
1772423100000,60340,60622.2,60054.6,60441,535500,1645320
1772425800000,60441,60456,60156,60156,151650,1702500
1772428500000,60158.2,60305.2,60141,60220,71160,1742370
1772431200000,60205.6,60293.8,60130,60130,99750,1796760
1772433900000,60125,60189.8,60005,60076.8,91050,1827990
1772436600000,60082,60099,59918.4,59964.8,84000,1859010
1772439300000,59953.8,60160,59749.8,60052.2,164100,1901580
1772442000000,60053.4,60284.8,60035.2,60239.8,118740,1911000
1772444700000,60244.6,60260.2,60197.4,60255,71010,1919310
1772595900000,59455,59455,58921,58924.8,635340,1816470
1772598600000,58922.2,59098.2,58899.2,58960.2,155520,1859070
1772601300000,58960.2,59059.4,58826,58895,118530,1898370
1772604000000,58891,58941,58850,58851.8,52020,1911360
1772606700000,58854.2,58970,58846.4,58960.2,45030,1921380
1772609400000,58960,59103,58943.4,59046,88200,1914180
1772612100000,59050,59382.6,58983.8,59202.2,143460,1895670
1772614800000,59201.6,59396.8,59032.8,59078.4,131880,1901790
1772617500000,59078.6,59120,59003.6,59109.2,70470,1915620
1772682300000,59300,59388,59160.4,59224.8,199020,1950840
1772685000000,59213.2,59310,59167.4,59307.6,60600,1962150
1772687700000,59309.6,59419.8,59220,59260.2,94020,1971990
1772690400000,59272,59272,59010,59090,119280,2008110
1772693100000,59085,59237,59034,59166,71100,2000010
1772695800000,59166,59189.2,58975.2,59015,64950,2011590
1772698500000,59000,59089.8,58840,59054.4,131310,2027490
1772701200000,59067.4,59640,58903.4,59246.2,413040,1973460
1772703900000,59250.6,59353,59180,59280,82200,1980930
1772768700000,58988.6,59077.2,58784,58811,247920,2017410
1772771400000,58820,58834.4,58657,58750,141030,2063940
1772774100000,58750,58814.8,58638,58685,72480,2060160
1772776800000,58685,58800,58636,58694.2,63930,2079240
1772779500000,58681,58709,58561,58651,59580,2087940
1772782200000,58651,58679,58570,58604,43470,2098650
1772784900000,58604,58648.4,58511,58577.2,87600,2132520
1772787600000,58577.2,58593.6,58000,58025,287940,2194830
1772790300000,58019.8,58117.4,57950.2,58020,195390,2202420
1773027900000,56400,56901,55527.4,55701,709800,2295990
1773030600000,55720.2,55882.2,55562.8,55650.8,160770,2354280
1773033300000,55670.4,56187,55595,56141.8,272910,2332590
1773036000000,56141.8,56289,55950.2,56010,132240,2347470
1773038700000,56008.2,56145.4,55930,56134,75120,2383620
1773041400000,56134,56250,55982.4,56142.2,70050,2393310
1773044100000,56135.2,56135.2,55870,56005.4,64800,2404620
1773046800000,56012.6,56427,55960.2,56406.2,215250,2367270
1773049500000,56407.6,56420,56278.2,56278.4,71460,2366100
1773114300000,56950,57014.6,56636.2,56740,279930,2296170
1773117000000,56737.6,57179.8,56728,57108,200070,2266950
1773119700000,57117.4,57199,57023.2,57135.2,101670,2253090
1773122400000,57135.2,57229,57030,57030,58470,2245560
1773125100000,57023.2,57190,56870,57146.6,111600,2232720
1773127800000,57152.6,57230,57018.8,57170.8,71670,2244150
1773130500000,57170.6,57397,57123,57236.2,113760,2242590
1773133200000,57232.8,57280,57060.2,57243.8,88260,2241000
1773135900000,57242,57379,57240,57341.6,116130,2224590
1773200700000,57250,57279.2,56862,56928,236940,2177220
1773203400000,56910,56947,56641.6,56665.6,133260,2187090
1773206100000,56665,56747,56350,56409.2,182400,2219010
1773208800000,56411.2,56450.8,56255.2,56394,174360,2238630
1773211500000,56375.6,56474,56251,56338,68190,2239200
1773214200000,56334,56368.2,56116.2,56215.4,153750,2260170
1773216900000,56215.4,56336.2,56060,56323.8,89820,2274600
1773219600000,56323.8,56331,55900,55925,163890,2295060
1773222300000,55927.4,55980,55825.6,55834.2,177000,2302260
1773287100000,55000,55532.6,55000,55531.8,395310,2268990
1773289800000,55538,55583,55227.8,55484.4,224220,2286150
1773292500000,55483.6,55635,55304,55392.2,108300,2280000
1773295200000,55380,55490,55284,55473.6,67800,2282370
1773297900000,55485,55600,55380.2,55426.8,73290,2268660
1773300600000,55436.2,55923,55328.8,55773.4,155280,2264130
1773303300000,55780.6,55847.8,55514.2,55602,117270,2268870
1773306000000,55601.8,55667.4,55225.8,55360,153900,2266020
1773308700000,55376.8,55440,55360,55438.6,52380,2275680
1773373500000,55025,55025,54362,54369.4,374730,2255070
1773376200000,54364.2,54458.8,54235,54287.8,184140,2266710
1773378900000,54297.2,54450,54191,54446.4,119880,2287650
1773381600000,54446.4,54527.6,54266,54302.4,130920,2289990
1773384300000,54303.2,54319.2,53934.8,54156.6,160980,2302560
1773387000000,54166.8,54173.2,53870.2,53945.6,122100,2331480
1773389700000,53950,54230,53841.2,54117.8,143160,2338680
1773392400000,54112.4,54297.8,53905.6,53955,186930,2348370
1773395100000,53941,53954.2,53850,53862,85950,2321520
1773632700000,53900,54412,53880,54090,303690,2271600
1773635400000,54088.8,54225,53678.8,53736,192750,2290680
1773638100000,53746.4,54139.2,53460.6,54002.8,194190,2262120
1773640800000,54010,54159.2,53875,53901,91530,2250660
1773643500000,53901,54000,53720.2,53796,68760,2244540
1773646200000,53796,53950,53713.4,53840,45330,2250600
1773648900000,53840,54384.6,53757,54316,138000,2240010
1773651600000,54320.4,54780.6,54275.8,54645.8,343080,2213100
1773654300000,54650,54674,54385.8,54485.8,90630,2219910
1773719100000,54604,54699.8,54221.2,54515,232800,2212980
1773721800000,54507.2,54830,54413.8,54506,172530,2209680
1773724500000,54522,54691.2,54327.2,54348.2,75540,2213340
1773727200000,54352.4,54548,54298.2,54500,84930,2221860
1773729900000,54508.2,54624,54351.2,54587.2,51240,2222070
1773732600000,54595,54813.8,54550,54660,89880,2228100
1773735300000,54660,54881.6,54650,54740,113310,2245230
1773738000000,54740,55089,54740,55039.6,165300,2234910
1773740700000,55033.6,55045,54964,55008.8,87570,2200620
1773805500000,55109.8,55220,54897.2,54987.2,259080,2155440
1773808200000,54981.4,55070,54790,55000,140640,2161470
1773810900000,54991.4,55275,54990,55270,122400,2153160
1773813600000,55270,55479.8,55231.2,55323.8,153360,2165400
1773816300000,55333.4,55399.6,55194.8,55239,92130,2188560
1773819000000,55239,55539.6,55206,55525.2,84510,2183160
1773821700000,55518.4,55660,55405,55580,149760,2171400
1773824400000,55578.4,55598.8,55388,55447,91770,2170440
1773827100000,55448.6,55460,55331.6,55420,46860,2166480
1773891900000,54200,54297.6,53638.4,53714.4,646290,2182530
1773894600000,53700,53977.8,53594,53977.2,198090,2209830
1773897300000,53979.6,54025,53728.2,53827.2,91560,2214690
1773900000000,53827.2,54128,53800.2,54127,74640,2206470
1773902700000,54124,54259.8,54050,54228,106170,2200080
1773905400000,54225,54237.4,53900,53990,97800,2197470
1773908100000,54003,54003,53713.2,53750,105810,2191680
1773910800000,53752.8,53839.8,53290,53501.8,247110,2182110
1773913500000,53500,53803.8,53480,53778.6,127830,2197230
1773978300000,53750,54533.8,53743.4,54294.8,340320,1972890
1773981000000,54298.4,54303.6,54060,54239.6,101490,1965090
1773983700000,54239.8,54413.8,54190.4,54278,81150,1961400
1773986400000,54278,54331,53904.6,53969.2,134370,1972680
1773989100000,53962.8,54074.8,53600,53934,195420,1989930
1773991800000,53934,54144.2,53890.6,53951,89910,1986030
1773994500000,53951,53995,53655.2,53660.4,125490,2009790
1773997200000,53654,53750.4,53467.4,53531.4,210270,2013750
1773999900000,53513.6,53580,53420.2,53562,106050,2022000
1774237500000,52700,52850,51912,51920.4,345300,1990440
1774240200000,51920.4,52040,51784,51875,143640,1991520
1774242900000,51875,51894,51640.2,51871.2,106350,2000940
1774245600000,51853.2,51911,51710.4,51789.8,45390,2005410
1774248300000,51783.4,51900,51656.6,51734,92100,2035710
1774251000000,51728.6,51976,51620.2,51955.2,82170,2040180
1774253700000,51963.2,52124.8,51875,51900,136320,2025150
1774256400000,51900,51948,51482,51482,201900,2026740
1774259100000,51493.4,51493.4,51331.8,51372.8,121680,1984830
1774323900000,52004,52585.8,52000,52294,393750,1948770
1774326600000,52284.4,52305.6,51885.2,52011,140340,1975440
1774329300000,52020,52165,51875,52057.2,115470,1966800
1774332000000,52070,52245,52017.8,52030.6,109560,1964970
1774334700000,52030.6,52948,52011.2,52760,355860,1924500
1774337400000,52760,52999,52565,52946.4,161370,1834560
1774340100000,52943.6,52970,52710,52748,167400,1831830
1774342800000,52748,52777,52561.2,52620,155280,1841430
1774345500000,52625,52844,52562,52844,61410,1793760
1774410300000,53100,53777.6,53030,53679.2,373470,1547850
1774413000000,53680,53900,53533.4,53880,126270,1548090
1774415700000,53880,54042.6,53848.4,53910,124320,1537890
1774418400000,53910,54122,53701,54122,111810,1526130
1774421100000,54108.8,54167.6,53857.6,53870.6,91650,1513260
1774423800000,53870,54043.8,53844.2,54037,58980,1509840
1774426500000,54037,54134,53760,53845.4,114240,1475940
1774429200000,53839.6,53917.4,53661.6,53692,132360,1457070
1774431900000,53706.4,53765.8,53684,53725.8,68010,1460370
1774583100000,53455,53455,52676,52706,328770,1345710
1774585800000,52709.4,52808,52636.6,52729,97140,1338660
1774588500000,52700.6,52715.2,52471.4,52481.6,120480,1332450
1774591200000,52490,52593.2,52473.4,52515.6,88170,1279920
1774593900000,52514.8,52696,52450.4,52590,110490,1261620
1774596600000,52594.8,52743,52520.6,52547.8,128490,1267920
1774599300000,52534.4,52571.4,52404.4,52422.2,143670,1256430
1774602000000,52422.2,52437,52250,52326,151230,1232640
1774604700000,52336.6,52336.6,52232.8,52237,112980,1190910
1774842300000,51598.8,51598.8,50905.2,51095.6,362100,918330
1774845000000,51097.4,51240,50917.2,50939.4,174360,832020
1774847700000,50930,50990,50783,50830.6,115680,809160
1774850400000,50830.6,50984,50761.6,50948.8,136380,768810
1774853100000,50948.8,51019.8,50786.4,50815.2,108750,751920
1774855800000,50815.2,50844.6,50682,50700,129780,743130
1774858500000,50700,50744.8,50460.2,50491.6,191310,676770
1774861200000,50487.8,50577.4,50093.2,50276.8,285000,576090
1774863900000,50272,50300,50253,50275,74640,542250
1775015100000,51750,52050,51576.2,51855,355950,2605860
1775017800000,51855,51951,51440,51549,274410,2514540
1775020500000,51550,51694,51479,51680,141630,2455350
1775023200000,51680,52000,51640,52000,139020,2450880
1775025900000,52000,52250,51948.8,52219.2,145710,2425560
1775028600000,52210,52398.8,51714.2,51772.8,221280,2417430
1775031300000,51760,52084.2,51690.4,52022.8,94320,2421690
1775034000000,52022.8,52028.6,51685.2,51777.2,96690,2421960
1775036700000,51782,51821,51750,51780,43530,2410980
1775101500000,50760,50935,50260,50362.2,307710,2421240
1775104200000,50362.2,50400,50210,50350,142470,2451000
1775106900000,50350,50369.6,50172,50259,71850,2460360
1775109600000,50266,50480,50224.2,50316.4,60570,2461710
1775112300000,50316.4,50650.4,50250,50640,142440,2460300
1775115000000,50645,51148.8,50501.2,51085,201990,2449290
1775117700000,51083,51678.8,50940,51494.6,262650,2449200
1775120400000,51494.6,51993.4,51182.4,51934.4,284760,2482830
1775123100000,51937.2,51980,51700,51910.2,125310,2484930
1775447100000,51800,52073.2,51400,51610,280050,2455950
1775449800000,51610,51884,51584,51880,90240,2443350
1775452500000,51880,51936.6,51600,51810,68460,2445630
1775455200000,51820,52000,51713,51890.4,55110,2448030
1775457900000,51900,52296,51841,52290,132480,2450400
1775460600000,52290,52600,52158.2,52493.2,192330,2449860
1775463300000,52493.2,52742,52450.6,52643.4,92370,2450190
1775466000000,52643.4,52980,52605,52969,128970,2436930
1775468700000,52969,52985,52850,52850,109590,2426730
1775533500000,52645,52645,52138,52392,234690,2398740
1775536200000,52392,52579,52305,52490,88950,2391840
1775538900000,52500,52515,52164.8,52433.4,96990,2386710
1775541600000,52420,52500,52320,52368.2,54180,2388690
1775544300000,52368.2,52408,52260,52276.2,38940,2397180
1775547000000,52270,52793,52230,52779,117810,2391150
1775549700000,52777,52836.8,52555.2,52662.6,80880,2397300
1775552400000,52659.4,52940,52550,52850,142320,2362800
1775555100000,52849,52900,52815,52849,95550,2336910
1775619900000,55299.8,55435,54805.4,55323.6,729180,2199060
1775622600000,55318.4,55539,55260.8,55504.6,174000,2206650
1775625300000,55504.6,55729,55471.2,55636.6,134370,2224710
1775628000000,55636.6,55655,55466.4,55610,73200,2219850
1775630700000,55610,55666.2,55459.4,55655,55770,2208240
1775633400000,55652,55702,55569.8,55642.4,62220,2210190
1775636100000,55638.6,55769,55582,55765,77760,2213700
1775638800000,55765,55960,55730.2,55885.2,154260,2209200
1775641500000,55885.2,55999.6,55881,55990,111750,2198370
1775706300000,55600,55735.2,55285,55338.4,331950,2095500
1775709000000,55325.4,55733,55265.4,55510,132780,2087550
1775711700000,55510,55675,55450,55515,55800,2093310
1775714400000,55527.6,55563,55415.6,55475,46590,2102070
1775717100000,55479,55499,55218.6,55277.8,75840,2117070
1775719800000,55277.8,55304.2,55035.6,55062,101490,2125260
1775722500000,55056.2,55178,54905.6,54940,101970,2131710
1775725200000,54939.8,55150,54838,55125,115110,2133210
1775727900000,55110,55133,55043,55059.8,49950,2128290
1775792700000,55226,55950,55226,55940.8,351450,2067990
1775795400000,55945,56083.2,55811.6,55950,159330,2075310
1775798100000,55950,56043.2,55893.4,55912,65340,2085360
1775800800000,55930,56000,55860,55915.2,51780,2092170
1775803500000,55925,56022.8,55920,55974,42420,2101740
1775806200000,55972.4,56048,55942.4,56048,39180,2107710
1775808900000,56048.8,56129.8,55785,55860.2,152910,2092320
1775811600000,55860,56127.6,55776,56080,114660,2102010
1775814300000,56080,56113.2,56050.2,56105.6,60840,2106600
1776051900000,55310,55310,54606.6,54909.2,325890,2135730
1776054600000,54905.6,55100,54819,55045,109560,2127180
1776057300000,55050,55150,55018,55025,55500,2126280
1776060000000,55025,55345,55008,55340.4,69090,2116650
1776062700000,55345,55591,55324.2,55460.2,103170,2099490
1776065400000,55465,55699,55367.8,55629,74670,2089410
1776068100000,55610.2,55875,55578,55780,95160,2089410
1776070800000,55784,55850,55660,55788,78480,2084400
1776073500000,55780,55782.8,55688.2,55748,69870,2071620
1776224700000,56784,56995,56470,56589.8,312930,2103540
1776227400000,56600,56750,56565,56570,110370,2143800
1776230100000,56566,56613,56247,56305,142230,2151420
1776232800000,56320,56515.8,56309.2,56485,47100,2160570
1776235500000,56485,56487.6,56328.2,56340.6,46530,2175060
1776238200000,56340.6,56490,56311.4,56400,29820,2177550
1776240900000,56400,56465,56346.8,56423.2,17730,2180730
1776243600000,56423.2,56550.6,56350.4,56384.2,63180,2173170
1776246300000,56391,56420,56370.8,56380,39150,2174670
1776311100000,56755,56904.2,56554,56580,164550,2134350
1776313800000,56556.2,56750.4,56552.6,56653.4,63540,2129880
1776316500000,56643.6,56720,56501,56560,51240,2129010
1776319200000,56550,56559.8,56150,56244.8,151950,2142360
1776321900000,56244.8,56255,56035.8,56133,81900,2157900
1776324600000,56139,56180,56037,56156,50520,2158620
1776327300000,56154.4,56319.8,56133.8,56270,49620,2160300
1776330000000,56285,56444,56151,56223,100620,2144400
1776332700000,56216,56225,56120.4,56145,37080,2139150
1776397500000,56140,56333,55898.4,56224.4,93900,2080800
1776400200000,56247.6,56433.2,56170,56285,88170,2108010
1776402900000,56281,56345.6,56225.6,56335,19890,2110680
1776405600000,56335,56497.6,56320.2,56430,63870,2102070
1776408300000,56418.8,56506.4,56400,56441,36420,2103390
1776411000000,56441,56584,56406,56540,42960,2096520
1776413700000,56540,56588,56479.8,56561.6,30840,2092020
1776416400000,56561.6,56794.4,56545,56670.2,136770,2067540
1776419100000,56669.8,56705.4,56625,56705,90450,2063730
1776656700000,56750,56950,56451,56750,233040,1968810
1776659400000,56750.2,57079,56720.2,57059.8,146370,1964850
1776662100000,57060,57148.4,56950,57115.2,96000,1972680
1776664800000,57115,57143,56877.2,56890,67890,1970070
1776667500000,56890,57075,56850,56971.4,46710,1969620
1776670200000,56966,56998.8,56500,56655,178890,1961880
1776672900000,56657.2,56769,56558.2,56735.2,58650,1960290
1776675600000,56735.2,56750,56585,56640,46080,1960470
1776678300000,56640,56647.8,56510,56530,87810,1946850
1776743100000,56700,57261.4,56658.2,57196,227580,1803420
1776745800000,57196.6,57290.2,57150,57285,75360,1819320
1776748500000,57270,57332.2,57225,57250,62490,1821660
1776751200000,57244,57299,57162.6,57293.4,41340,1817490
1776753900000,57293.4,57300,57210,57298,31230,1817820
1776756600000,57290.2,57362,57254,57285,57030,1813740
1776759300000,57296.8,57400,57278.6,57384,58290,1813920
1776762000000,57375,57420,57256,57376,80520,1808070
1776764700000,57381,57416,57316,57372,80220,1807080
1776829500000,57167,57371,57075,57075,177750,1810050
1776832200000,57075.8,57307.6,57007,57305,102390,1794120
1776834900000,57299,57477,57265.2,57418.2,124170,1781520
1776837600000,57405,57450,57305,57355.4,41340,1775880
1776840300000,57354.4,57378.8,57260.2,57350,34890,1772580
1776843000000,57350,57378.8,57250,57375,23160,1769280
1776845700000,57378,57420,57188,57234,59400,1756230
1776848400000,57245,57307.6,57118,57122.6,61140,1741290
1776851100000,57122.6,57168.4,57105,57165,49440,1719750
1776915900000,56750,56890.8,56526.2,56827.8,195390,1715370
1776918600000,56827.8,56869,56615,56615,78600,1709490
1776921300000,56615,56625,56508.8,56561.2,129630,1691010
1776924000000,56561.2,56621,56500,56580,42780,1672380
1776926700000,56570,56620,56300,56383.2,109350,1698030
1776929400000,56383.2,56550,56326.2,56343.2,79290,1666380
1776932100000,56343.2,56425,56275,56275,62910,1671180
1776934800000,56275,56443,56258.4,56276,106110,1633410
1776937500000,56275.4,56380,56258,56368,58440,1615320
1777002300000,56401,56490,55896,55943.8,181890,1559040
1777005000000,55943.8,56149,55943.8,55968,76290,1562940
1777007700000,55967,56097,55960,56058.8,76410,1540770
1777010400000,56058.8,56234,56021,56225,90180,1534650
1777013100000,56234,56250,56008,56087.2,78810,1456440
1777015800000,56089.8,56108,55806,55845,73560,1463040
1777018500000,55830,56089.8,55825,56070,94770,1472010
1777021200000,56085,56298.8,56043.8,56170,95280,1420620
1777023900000,56193.8,56299,56160,56172.2,51450,1410870
1777261500000,56390,56570,56205,56380,126360,1233600
1777264200000,56370,56390,56010,56093,93630,1233570
1777266900000,56093,56249,56040,56070,114300,1245390
1777269600000,56070,56131,55940.2,56116.4,81690,1253640
1777272300000,56116.4,56205.2,56062.8,56120,71340,1260780
1777275000000,56120,56445,56120,56384.6,88590,1257480
1777277700000,56384.6,56438,56325.8,56350.6,56940,1275900
1777280400000,56350.6,56399,56255,56388.8,72810,1276470
1777283100000,56372,56398.4,56330.8,56390,40320,1256490
1777347900000,56066,56140,55866.6,56115.8,122670,857010
1777350600000,56124,56158,55960.4,55980,76830,856170
1777353300000,55980,56080,55760,55761,91560,811620
1777356000000,55760,55813.6,55630,55670,77160,782160
1777358700000,55670,55750,55617,55617,37470,719070
1777361400000,55617,55725.2,55520,55606,59970,712620
1777364100000,55606,55659,55455.8,55489,49980,669270
1777366800000,55509.4,55629,55400,55414.8,95640,627000
1777369500000,55417.6,55423.8,55376,55396.6,52950,600990
1777434300000,55875,55986.8,55650,55960,172410,1943220
1777437000000,55960,56264,55960,56155,165570,1928070
1777439700000,56145.8,56330,56121,56240,78930,1925070
1777442400000,56250,56340,56180,56325,36900,1921140
1777445100000,56325,56502,56313.2,56412.2,124020,1894890
1777447800000,56412.2,56489,56180.2,56210.2,83280,1898820
1777450500000,56225,56255.4,55728.2,55804,173280,1897380
1777453200000,55804,55899.8,55655.6,55655.6,78750,1903020
1777455900000,55655,55690.2,55506.2,55560.2,111000,1935510
1777520700000,55100,55100,54750,54810,240660,1967070
1777523400000,54810,54810,54605,54760.2,136590,2004090
1777526100000,54793.2,54794.2,54674,54789,44940,2012550
1777528800000,54789,54949,54653.4,54949,93120,2018730
1777531500000,54950,55123.4,54881.2,55103,113580,2032770
1777534200000,55105.8,55298.8,55011,55298,82770,2038650
1777536900000,55298.8,55325,55095.6,55213,91590,2045370
1777539600000,55223.2,55350,55050,55144,101670,2028360
1777542300000,55154.8,55319.8,55129,55300,46320,2019870
1777866300000,55500,55933,55408.8,55752.8,255510,2064720
1777869000000,55751.4,55796.8,55560,55685.6,83730,2083320
1777871700000,55685,55755.2,55551,55709.8,43830,2090850
1777874400000,55705,55784,55359,55360,65280,2107590
1777877100000,55359,55440,55150,55150.2,167460,2124960
1777879800000,55161,55258,54966,55169.8,123300,2125140
1777882500000,55165.8,55323,55050,55228.8,75810,2138160
1777885200000,55224,55243.8,55008,55177.4,67110,2132280
1777887900000,55209.8,55224,55096.4,55100,52020,2123850
1777952700000,54899,54945.2,54705.2,54935.8,153810,2148000
1777955400000,54935.8,54945,54633.2,54687.8,97830,2146800
1777958100000,54661,54728,54525,54597,104010,2156100
1777960800000,54597,54665.6,54430,54577,62040,2168040
1777963500000,54577,54880,54551.8,54850,86220,2179080
1777966200000,54850,55177.4,54840,55010,141360,2191800
1777968900000,55010,55098.8,54880,55048,82080,2215800
1777971600000,55046.2,55089.2,54752.4,54828,61680,2222700
1777974300000,54840,54866,54775.2,54790,50910,2212350
1778039100000,55300,55581.4,55280,55380,221040,2199630
1778041800000,55375,55487,55240,55448.2,96450,2219310
1778044500000,55448.2,55449.6,55150,55266.4,69690,2233890
1778047200000,55269,55310,55100,55131,47520,2239200
1778049900000,55130,55161.4,54900.2,54970,105690,2242650
1778052600000,54948.2,55288,54850,55266,107520,2242170
1778055300000,55265,56206.6,55229.8,56166.8,337740,2233950
1778058000000,56162.8,56389.8,56087.8,56319,332340,2230200
1778060700000,56320,56449,56310,56430,126780,2236320
1778125500000,56400,56450,56065,56200,197370,2193720
1778128200000,56200,56335,56110.4,56313.2,60810,2198640
1778130900000,56316.8,56360,56050,56089,83130,2198700
1778133600000,56084,56246,55952,56231,95010,2183790
1778136300000,56231,56590,56199,56385.2,201480,2201010
1778139000000,56387,56415,56125,56239,63090,2202930
1778141700000,56239,56348,56212.4,56300,24810,2205180
1778144400000,56300,56355,56200,56225,45060,2204970
1778147100000,56225,56340,56220,56320,40410,2206860
1778211900000,56189.8,56189.8,55737,55879.4,190500,2216970
1778214600000,55879.4,55930,55750,55825,54810,2232600
1778217300000,55825,55887.8,55746,55781.8,41430,2246220
1778220000000,55757,55824.2,55701,55725,65700,2263830
1778222700000,55742.8,55768.4,55555,55590,85170,2283870
1778225400000,55590,55764.4,55560.2,55666,67320,2299830
1778228100000,55666,55687,55300,55405,163050,2364030
1778230800000,55405,55647,55395,55548.8,149670,2370030
1778233500000,55549,55600,55457,55500.8,83490,2366700
1778471100000,54924,55050.8,54550,54550,309360,2375310
1778473800000,54550,54680,54475,54615,88320,2390820
1778476500000,54615,54899,54548.8,54814.6,67500,2391300
1778479200000,54819,54975,54782.2,54959,48960,2382120
1778481900000,54959,55044.2,54811.8,55022,46230,2376510
1778484600000,55022,55184.8,54860,55025,84810,2359590
1778487300000,55020,55165.8,54926.6,54951.2,51900,2360460
1778490000000,54958,54989,54550.6,54592.8,117930,2353470
1778492700000,54557.6,54644,54550,54572.8,77640,2370690
1778557500000,54388,54478.2,54120,54328.8,185100,2307600
1778560200000,54328.8,54435.4,54166,54200,77970,2319120
1778562900000,54200,54217.8,54022.6,54057,84510,2334210
1778565600000,54057,54150,54001,54060,50490,2345700
1778568300000,54060,54118.8,53780,53825.8,89970,2363430
1778571000000,53825.8,54032,53819.6,53861.2,72750,2373480
1778573700000,53861.2,53952.6,53741.2,53873,63030,2375850
1778576400000,53873,53912.6,53594.2,53689.2,114600,2379930
1778579100000,53689.2,53855,53677.4,53831.8,62040,2370840
1778643900000,53750,54029.8,53397.6,53603,186930,2328630
1778646600000,53599,54020,53551.8,53960,124920,2336220
1778649300000,53960,53998,53666.8,53786.2,66570,2352810
1778652000000,53782.6,54271.2,53778.2,54209.4,120060,2363460
1778654700000,54208.6,54325,53850,54271.2,120390,2361690
1778657400000,54295,54298.8,53956,54040,67830,2364030
1778660100000,54040,54084.8,53901.2,53990.8,47460,2374260
1778662800000,53955,54018.6,53550,53675,106650,2374680
1778665500000,53675,53690,53547.8,53604,51150,2367480
1778730300000,53890,54098,53631.8,53700,174240,2336100
1778733000000,53700,53796,53560,53560,53460,2349870
1778735700000,53557,53888,53260.2,53810,152880,2369970
1778738400000,53820,54378,53820,54305,281130,2332980
1778741100000,54311.2,54520.2,54286.4,54400,140400,2294670
1778743800000,54391.2,54550,54376.6,54497.8,69240,2280990
1778746500000,54499,54522,54335.4,54489.2,56760,2262510
1778749200000,54486.8,54512.6,54118,54150.8,98070,2245500
1778751900000,54150,54350,54134.4,54348,39420,2242860
1778816700000,54240,54459,53925,54342,181770,2214810
1778819400000,54330,54419.8,54216.8,54333,55560,2202870
1778822100000,54349.8,54424,54020.6,54037.8,96390,2191290
1778824800000,54025,54264,53960,54210,59790,2185530
1778827500000,54208.8,54360.8,54058.8,54350,44130,2181720
1778830200000,54348.8,54450,54220,54262.8,62100,2175240
1778832900000,54269.6,54298.8,54070.4,54080.4,54570,2173080
1778835600000,54099.8,54100,53770.2,53840,162600,2197920
1778838300000,53839.2,53924.8,53758.4,53895.4,55710,2202330
1779075900000,53350,53408.2,52930.4,53020,238020,2210550
1779078600000,53020,53120,52872.6,53035.2,109380,2229780
1779081300000,52992.6,53300.8,52955,53202,76530,2223330
1779084000000,53190,53400,53030,53189,95970,2221620
1779086700000,53198,53650,53149.8,53633.4,116160,2219310
1779089400000,53665.8,53770,53500,53624.6,91830,2206110
1779092100000,53624.6,53740,53540,53616.8,42750,2207310
1779094800000,53616.8,53838.8,53468.8,53665.4,93270,2190150
1779097500000,53626.2,53750,53600,53730,86250,2201280
1779162300000,53750.2,53950,53520,53592.6,188220,2188320
1779165000000,53580,53810,53578,53774.8,73740,2211090
1779167700000,53768.6,53839,53580,53627.8,94500,2214510
1779170400000,53640.8,53789,53587.2,53789,25410,2208150
1779173100000,53786,53800,53665,53690,33240,2203440
1779175800000,53680,53828.8,53680,53698.4,34110,2203620
1779178500000,53703.8,53800,53588,53731,37260,2196750
1779181200000,53738.4,53770.2,53437.2,53521,107880,2188830
1779183900000,53521,53541.8,53458.4,53494.8,48990,2180220
1779248700000,53190,53190,52900,53150.2,171630,2136480
1779251400000,53160,53269,52980,53141,78510,2144220
1779254100000,53155,53405,53020,53405,76020,2141940
1779256800000,53400,53529.8,53331,53331.2,63720,2138760
1779259500000,53338,53460,53324,53370.4,39180,2152410
1779262200000,53390.4,53390.4,53151,53241,48450,2132370
1779264900000,53241,53650,53200,53622,99420,2106720
1779267600000,53622,53819.8,53570,53765,91110,2090100
1779270300000,53774.4,53800,53711.2,53755.2,35430,2079570
1779335100000,54090,54199.4,53767,53920.2,182100,2039100
1779337800000,53924,53989,53825.2,53914,43950,2030610
1779340500000,53910,53950,53605,53839.8,116880,2050200
1779343200000,53830.2,53845,53690,53690.2,66810,2032200
1779345900000,53690,53705.8,53290,53332.2,208710,2011320
1779348600000,53332,53500,53200,53492.8,117300,2018310
1779351300000,53490,53549.8,53347.8,53420.6,101310,1969860
1779354000000,53441.6,53648.6,53420.6,53500.4,118620,1961400
1779356700000,53513.8,53600,53465,53590,60990,1909800
1779421500000,53648,54123.4,53600,54062.6,273420,1759170
1779424200000,54060.4,54189.2,54020.2,54169.8,126810,1760670
1779426900000,54170,54177,54033,54041.8,89700,1757100
1779429600000,54041.8,54200,54015,54155.4,108660,1787400
1779432300000,54155.4,54339.8,54022.2,54271.4,158040,1816560
1779435000000,54291,54292.2,54225,54228.2,81330,1798740
1779437700000,54228.2,54297.4,54080.6,54085,101040,1759890
1779440400000,54094.6,54197.2,53972.4,54192,136050,1764900
1779443100000,54190.2,54353.6,54190.2,54341,89760,1744560
1779680700000,54650,55006.2,54634.6,54960,224940,1385130
1779683400000,54960,55148.2,54955.2,55125,144420,1404960
1779686100000,55125,55143,55075.6,55118,65520,1372230
1779688800000,55118,55199,55060,55074,109530,1378680
1779691500000,55062.8,55126.2,54935,55006,92400,1364250
1779694200000,55015,55100,54970,54998.8,58830,1366710
1779696900000,54979.6,55080,54978.4,55056.2,51540,1323900
1779699600000,55075,55400,55056.8,55390,153090,1299000
1779702300000,55390,55600,55371.6,55575,81660,1297890
1779767100000,55431,55559.8,55189,55281.2,205950,1129590
1779769800000,55290,55475,55280,55435.8,54360,1068390
1779772500000,55427,55501.6,55305.4,55312.8,47220,1055580
1779775200000,55312.8,55416,55210,55216.4,79470,1049880
1779777900000,55225,55268.2,55077,55120,56490,983280
1779780600000,55139.8,55172,55020,55070,63540,942330
1779783300000,55070.2,55139,55010,55088,70080,906210
1779786000000,55082.2,55140.6,55008,55091.6,102960,861990
1779788700000,55092.6,55099,55080.8,55086.4,65220,841140
1779853500000,55385,55419,55205,55229,232080,2499720
1779856200000,55225,55571,55190,55429.4,121230,2505090
1779858900000,55430,55511,55355,55496.2,43710,2513400
1779861600000,55496.6,55499.4,55272.4,55338.8,51480,2522040
1779864300000,55338.8,55420,55280,55280,24240,2524350
1779867000000,55280,55294,55150,55161,83550,2550540
1779869700000,55161,55288.8,55123,55170.4,59580,2559150
1779872400000,55164,55225,55080,55199.6,109020,2568960
1779875100000,55203.4,55270,55200,55230,54780,2560710
1780026300000,55299.8,55500,55100,55165.8,175170,2508900
1780029000000,55167.2,55529.4,55139.4,55361.4,115590,2488890
1780031700000,55361.4,55446.8,55305,55350.8,42300,2501520
1780034400000,55349,55500,55162.8,55221.4,109500,2479410
1780037100000,55200,55250,55025,55080,112980,2504700
1780039800000,55080,55080,54756.2,54833.4,168600,2511120
1780042500000,54834,54907.6,54757.2,54901,81600,2494950
1780045200000,54904,55044,54601,54756.8,224490,2548320
1780047900000,54755,54850.4,54660.8,54770,196620,2625600
1780285500000,54782,54971,54334,54357.4,220380,2550540
1780288200000,54345.6,54369.4,54095,54190,130710,2580180
1780290900000,54191,54511,54190,54316,90660,2553600
1780293600000,54316,54360,54111,54221.2,73620,2558280
1780296300000,54211,54245.8,54051.2,54106.6,63630,2570010
1780299000000,54120,54160.4,53905.2,53984,106650,2590530
1780301700000,53984,54020,53826.8,53852,87390,2613840
1780304400000,53852,54095.4,53811,53980,99120,2623590
1780307100000,53974.8,54029,53910,53947.8,55560,2617980
1780371900000,53500,53830.8,53401,53830.8,279180,2633430
1780374600000,53839.2,53890,53550.2,53686,161250,2712060
1780377300000,53692,53838.6,53550.2,53740,122340,2786010
1780380000000,53725.2,53760,53580,53626.6,23010,2661030
1780382700000,53626.6,54273,53500.2,54232,167670,2562150
1780385400000,54234.8,54404.8,54174.8,54270,160410,2557410
1780388100000,54251,54354.4,54177,54255,49950,2553420
1780390800000,54255,54281.4,53961,54155,96630,2562810
1780393500000,54165,54230,54125,54164.8,39630,2556630
1780458300000,54000,54000,53428,53563.4,307860,2609760
1780461000000,53550,53648,53385,53472,101280,2618790
1780463700000,53468,53569.8,53365,53505.6,78240,2615220
1780466400000,53505.6,53564.4,53287.6,53376.4,76470,2628180
1780469100000,53381,54133,53376.4,53953.2,260070,2600700
1780471800000,53930,54189,53902,54061.6,135000,2646690
1780474500000,54054,54460,54046,54311,322710,2585220
1780477200000,54319,54649.8,54302.4,54475,314280,2579370
1780479900000,54497.4,54600,54461.2,54524,104010,2553000
1780544700000,54270,54620,54126,54540,259560,2514780
1780547400000,54534.8,54610,54365.6,54501,69180,2516850
1780550100000,54510,54649.8,54430,54482.8,53400,2517390
1780552800000,54460.2,54681.8,54380,54573.2,61740,2521320
1780555500000,54580,54608,54466.6,54550,26580,2523600
1780558200000,54560,54578.8,54224,54350,75090,2513610
1780560900000,54350,54515,54290.2,54498.8,48450,2511750
1780563600000,54490.6,54750,54468.6,54590,118170,2516760
1780566300000,54583.4,54685,54562.4,54674.6,77520,2504190
1780631100000,54660,54877.4,54585,54834.8,259200,2532480
1780633800000,54841.6,55049.8,54471.8,54525,520860,2582730
1780636500000,54525,55166.2,54412.2,54896.6,339090,2587650
1780639200000,54917.8,54999,54801.6,54943.8,97080,2615430
1780641900000,54940,54999,54637.2,54731.8,93660,2604420
1780644600000,54710,54764,54367.4,54481.8,176430,2568000
1780647300000,54450,54649,54411,54630,83490,2574990
1780650000000,54637,54895.2,54530,54777.6,174780,2579730
1780652700000,54794,54834,54725,54799,66870,2571510
1780890300000,54280,54650,54195.2,54569,272160,2509620
1780893000000,54575,54584,54369.6,54450,62940,2526630
1780895700000,54450,54535,54281.8,54318.4,56910,2547000
1780898400000,54318.4,54525,54298,54520,41430,2539980
1780901100000,54520,54698,54500,54567.2,108510,2504100
1780903800000,54585,54634.8,54400,54400,41430,2505240
1780906500000,54400,54425,54250,54295.6,105090,2519610
1780909200000,54295.4,54416,54225.2,54292,66690,2509980
1780911900000,54310,54324,54164,54170,69720,2501610
1780976700000,54398,54950,54391.6,54889.6,361020,2511330
1780979400000,54889.8,54894.6,54770,54830,63900,2506770
1780982100000,54834,54871.8,54662,54715,56040,2508420
1780984800000,54733.2,55040,54681,55014.2,97920,2512530
1780987500000,55011.2,55150,55000,55080,193530,2522280
1780990200000,55080,55277,55070,55275,189360,2483490
1780992900000,55250.4,55275,55159,55253,71100,2462280
1780995600000,55255,55470,55229,55385,199110,2425500
1780998300000,55360.4,55444,55341.2,55442,84990,2392470
1781063100000,55351,55489.8,55191.8,55370.6,321390,2476320
1781065800000,55371.6,55448.6,55250,55371.2,139890,2502990
1781068500000,55379.8,55550,55370,55449.2,171540,2524680
1781071200000,55451.8,55573.4,55422.4,55553,77220,2515860
1781073900000,55553,55588,55350,55505.4,72390,2509590
1781076600000,55509.8,55607,55460,55467,87270,2510730
1781079300000,55465.2,55505,55350,55437.8,71580,2507250
1781082000000,55430.6,55437.2,55135.8,55151.4,304680,2474370
1781084700000,55151,55239.4,55125,55210,135090,2478930
1781149500000,54931,55350,54900,55162.6,183630,2450130
1781152200000,55172,55325,55125,55291.2,42750,2460600
1781154900000,55300,55360,55130.6,55359,58710,2437680
1781157600000,55360,55505,55275,55500,93720,2442690
1781160300000,55500.2,55630,55430,55597,100260,2450700
1781163000000,55599,55650,55270,55290,109680,2425200
1781165700000,55279.6,55458,55267,55438,44850,2421390
1781168400000,55441.6,55442.2,55185.8,55285,82200,2421030
1781171100000,55285,55331.4,55242,55315,63420,2420250
1781235900000,55975,56020,55840.4,55900,227250,2357400
1781238600000,55900,55969,55800,55923.4,70380,2360790
1781241300000,55900,55995,55855,55933.4,45810,2368170
1781244000000,55941.2,55983.8,55834,55835,35190,2373150
1781246700000,55834,55943,55825,55892.4,45840,2381880
1781249400000,55892.4,56400,55880,56375,200280,2441370
1781252100000,56379.8,56713,56340.4,56690,217380,2492190
1781254800000,56700,56926.4,56621.2,56901,237780,2475690
1781257500000,56905,56916,56830,56898,72750,2465100
1781495100000,57800,57800,57370,57392.2,331140,2407860
1781497800000,57386.4,57526.4,57350,57506.4,94140,2402700
1781500500000,57506.4,57600,57419.8,57475,68550,2400300
1781503200000,57475,57519,57330.4,57364.2,72660,2377440
1781505900000,57364.2,57382.4,57240,57321.6,73380,2353650
1781508600000,57321.6,57429.8,57273,57290,45930,2345700
1781511300000,57314.6,57360,57180,57332.4,59940,2339520
1781514000000,57331.8,57439,57203.6,57270,67530,2319660
1781516700000,57285,57320,57207.8,57211.2,60330,2311440
1781581500000,57280,57420,57140,57227.2,168840,2266260
1781584200000,57227.2,57300.4,57121.4,57240.8,78030,2255400
1781586900000,57240.8,57309.4,57107.6,57152.6,42120,2256540
1781589600000,57141.6,57236,57079,57141,29640,2258880
1781592300000,57141,57197,57082,57126,22860,2259420
1781595000000,57135.2,57327.2,57126,57236,35910,2265600
1781597700000,57260,57327.2,57178,57260,28140,2269260
1781600400000,57264.4,57327.2,57219.6,57320,31590,2261910
1781603100000,57318.2,57360,57296.6,57357,31620,2258160
1781667900000,57372,57449,57261,57375,91410,2201490
1781670600000,57377.6,57575,57280.2,57530,102540,2188530
1781673300000,57565,57615,57506.6,57599,59040,2178600
1781676000000,57599,57639,57502.6,57530.2,51390,2159070
1781678700000,57530,57586.2,57483.2,57483.2,38280,2152710
1781681400000,57483.2,57584,57481,57540.4,72150,2125080
1781684100000,57540,57621,57467,57501.6,72060,2111820
1781686800000,57501.6,57625,57467,57576,61440,2111460
1781689500000,57580,57610,57558,57565,39840,2101110
1781754300000,57591,57880,57525.2,57841,194970,2081970
1781757000000,57850,57860,57691.2,57702.8,63990,2083320
1781759700000,57702.8,57799,57700,57755.6,61050,2093940
1781762400000,57747,57893,57734,57843,64350,2102730
1781765100000,57866.2,57940,57826.4,57921.4,55650,2113170
1781767800000,57921.4,57957,57850,57905.2,43980,2123910
1781770500000,57905.2,57954.6,57824.2,57867.8,48810,2119020
1781773200000,57840.2,58020,57801,58019,87600,2128500
1781775900000,58017.6,58049,57980,58048,61380,2123940
1781840700000,57750,57940.6,57724.2,57800,173040,2129220
1781843400000,57801,57818.4,57710,57768.8,105810,2180550
1781846100000,57768.8,57785,57655,57754,50280,2168670
1781848800000,57742.6,57800.4,57701,57749,25140,2166540
1781851500000,57749,57800,57661.2,57684.2,52890,2200140
1781854200000,57680,57776,57653,57764.2,45120,2186070
1781856900000,57769,57890,57740.2,57878,62760,2171700
1781859600000,57880,57978,57682.2,57877.4,111330,2161680
1781862300000,57867.4,57910,57824,57838,51270,2152410
1782099900000,57999.8,58075,57888,57960,131670,2059740
1782102600000,57962,58049,57900,58028,56820,2044170
1782105300000,58026.8,58038.4,57980,58031.2,25890,2042040
1782108000000,58022,58099,57982,57998.2,74280,2006100
1782110700000,57997.6,58045,57959.6,57970,25860,1999440
1782113400000,57970,57990,57919,57960,32670,1985880
1782116100000,57960,58045,57937.6,58032,31110,1980030
1782118800000,58013,58097.6,58000,58050,69660,1995420
1782121500000,58047,58050,57976,57980,51750,1982070
1782186300000,58075,58075,57885.8,58038.8,97110,1961100
1782189000000,58038.8,58040,57958,57993,56400,1954080
1782191700000,58004.8,58018,57950,57970.2,25140,1955580
1782194400000,57970,57974,57537.6,57605,207600,1954170
1782197100000,57605,57650,57420,57499,88290,1948830
1782199800000,57485,57576,57334.8,57400,89280,1963110
1782202500000,57400,57462,57306.4,57415,60120,1953540
1782205200000,57415,57480,57302,57320,62520,1931010
1782207900000,57317.2,57329.4,57152,57185,93330,1921020
1782272700000,57160,57629,57160,57450,191640,1827210
1782275400000,57450,57775,57450,57701,136140,1833720
1782278100000,57717.2,57948,57717.2,57919.2,129810,1849560
1782280800000,57925,58130,57901,58060,177900,1883940
1782283500000,58060,58174.6,58010,58098.2,95970,1910370
1782286200000,58113.8,58265,58025,58219.8,200130,2016720
1782288900000,58219.8,58250,58101.2,58161.6,99090,2026680
1782291600000,58167.2,58251,58111.6,58136.2,82710,2007180
1782294300000,58136.2,58230,58120,58230,37530,2003490
1782359100000,58379,58490,58350,58468.2,165090,1665450
1782361800000,58468.2,58480,58360,58435,75420,1671150
1782364500000,58435,58470,58380,58430,70110,1658910
1782367200000,58430,58675,58402.4,58649.8,116640,1659540
1782369900000,58649.8,58675,58437.6,58520.4,100410,1630320
1782372600000,58520.4,58583.2,58448.8,58548,96690,1633800
1782375300000,58548,58572.2,58174.2,58235,227100,1536390
1782378000000,58229,58317.6,58150,58260,140640,1518300
1782380700000,58267,58284,58237.6,58255,58110,1512330
1782704700000,58240,58336,57927.2,58086,132960,1282020
1782707400000,58055,58280,58000,58250,90840,1278330
1782710100000,58262.6,58280,58080,58100,77610,1279740
1782712800000,58098,58118.2,57867.4,57875.2,99750,1272570
1782715500000,57881.6,57882.2,57701,57763.6,108960,1275840
1782718200000,57763.6,57880,57740.2,57817,80340,1315140
1782720900000,57817,57968.8,57777.2,57903.8,104820,1331430
1782723600000,57908.6,57989,57730.6,57790,109920,1341930
1782726300000,57798.8,57910,57770,57851,38970,1330530
1782791100000,57572.6,58050,57572.6,57826.2,152100,986640
1782793800000,57800.2,57935,57718,57751,65010,966930
1782796500000,57783.6,57934.8,57658.4,57881.4,54780,946320
1782799200000,57881.4,57881.4,57700.8,57714.8,35340,933990
1782801900000,57713.2,57840.8,57650,57770,49650,877800
1782804600000,57765.6,57795,57605,57694.8,61590,852360
1782807300000,57693,57750,57472.8,57716.2,100380,803700
1782810000000,57728,57751.2,57469.6,57552,106590,733650
1782812700000,57558,57560,57525,57538.2,55080,705690
1782877500000,57991,58080,57859.8,58050,120870,2234790
1782880200000,58059,58298.8,58001,58099.8,114120,2249310
1782882900000,58100,58287,58090.4,58272,44580,2252010
1782885600000,58260.4,58349,58212,58310,59280,2263350
1782888300000,58309.8,58390,58272,58302,48720,2268120
1782891000000,58302,58356,58225,58313.2,39660,2271330
1782893700000,58313.6,58339.4,58240,58259,31140,2277120
1782896400000,58255,58380,58142,58315,94680,2252550
1782899100000,58322,58322,58250,58283.8,37320,2223390
1782963900000,58421.2,58679,58390,58547,134070,2200140
1782966600000,58565,58565,58400,58477.6,60600,2211480
1782969300000,58467,58489,58305,58331.6,46980,2212560
1782972000000,58308.6,58349.8,58191.8,58349,78690,2199660
1782974700000,58339.8,58450,58302,58324.2,33270,2196810
1782977400000,58320.8,58420,58310,58348.6,17610,2195400
1782980100000,58339.8,58399.8,58209,58240,36690,2201340
1782982800000,58242.2,58420,58240,58360,44640,2191860
1782985500000,58376.6,58380,58300,58320,23370,2190690
1783050300000,58554,58554,58316,58371.2,130500,2249250
1783053000000,58390.2,58480,58362.2,58425.4,32070,2249400
1783055700000,58420,58424.8,58251,58301,41010,2251470
1783058400000,58328,58399,58289.2,58362.8,40980,2237700
1783061100000,58365.8,58384.6,58271,58271.2,22440,2243310
1783063800000,58271.2,58298,58125,58195,70380,2255430
1783066500000,58195,58239,58106.4,58160.2,47250,2258880
1783069200000,58160.2,58240,58146,58220,39870,2248920
1783071900000,58211,58261,58200,58255,39510,2238780
1783309500000,58300,58558,58225.6,58537,180540,2223270
1783312200000,58540,58598,58500,58506.2,65400,2220240
1783314900000,58523,58600,58491,58576.8,39120,2224410
1783317600000,58576.2,58682,58450,58650.2,81750,2229930
1783320300000,58680,58690,58560,58620.2,55350,2237910
1783323000000,58623,58660.6,58596.6,58599,34410,2245680
1783325700000,58595,58622.4,58521,58525,41400,2260650
1783328400000,58538.4,58555,58450,58520,48150,2263770
1783331100000,58515,58524,58486.8,58519,24360,2258550
1783395900000,58599.8,58666,58470.4,58578,108150,2225880
1783398600000,58599,58622,58535,58549,24150,2226540
1783401300000,58552,58598,58500.2,58567.8,26700,2229360
1783404000000,58567.8,58630,58550,58550,26070,2220090
1783406700000,58554.8,58569,58455,58491.8,84000,2242140
1783409400000,58517.8,58519,58374.6,58470,88560,2252280
1783412100000,58470,58492.8,58400,58490,37710,2248410
1783414800000,58494,58525,58385,58417.8,50040,2249280
1783417500000,58390.2,58422.2,58352,58385.4,39000,2249520
1783482300000,58100.2,58190,57811,57997,342450,2271510
1783485000000,58000,58245,57941.6,58193.6,84510,2281230
1783487700000,58193.4,58216,58066.8,58134.2,47340,2297250
1783490400000,58134.2,58134.4,57976,57986.6,42420,2309610
1783493100000,57970,58028.8,57889,58020,68880,2326260
1783495800000,58000,58070,57983.2,58003,30960,2326860
1783498500000,58003.2,58035,56918.2,56918.2,518940,2382180
1783501200000,56915.6,57029,56704,56945.8,313470,2361300
1783503900000,56918.6,57048.2,56912,56980,81600,2355060
1783568700000,57122,57485,57095,57399.2,196050,2260290
1783571400000,57420,57660,57266,57520,151620,2257590
1783574100000,57500,57670,57219,57653,103650,2252100
1783576800000,57653,57655,57463.2,57505.6,38100,2246730
1783579500000,57505.6,57570,57411,57472.6,26160,2245650
1783582200000,57471,57640,57456,57590,43170,2249160
1783584900000,57590,57600,57473.8,57548.4,26310,2245980
1783587600000,57548.4,57625,57335.2,57478,81420,2257140
1783590300000,57470.2,57539.8,57470.2,57508.6,49140,2262390
1783655100000,57700,58094.6,57672,58022.2,234720,2194260
1783657800000,58035,58125.6,58004,58098.6,64830,2190810
1783660500000,58095,58134,58030,58030.4,47340,2190030
1783663200000,58031.2,58072,57992,58004.2,23640,2184240
1783665900000,58004.2,58179,58000,58175,52200,2189910
1783668600000,58162.6,58361.4,58122,58257.8,102990,2189070
1783671300000,58263.8,58275,58165.8,58250,33960,2187120
1783674000000,58264.8,58270,58162.4,58188,47700,2183970
1783676700000,58185,58240,58175,58234.6,42360,2181900
1783914300000,57880,58015,57626,58002,231210,2141370
1783917000000,58002,58188,57952.6,58135,84660,2145750
1783919700000,58135,58148.4,57994,58031.8,53880,2147580
1783922400000,58030,58095,57920.4,58070,46500,2150970
1783925100000,58070,58263,58027,58129,79020,2130780
1783927800000,58121,58159.8,58000,58105,41970,2135220
1783930500000,58104,58360,58104,58324.6,88710,2128380
1783933200000,58330,58360,58232.6,58280.2,81840,2126550
1783935900000,58283.4,58328,58250.4,58305.4,32610,2130660
1784000700000,58000,58000,57512,57575.4,362070,2088240
1784003400000,57575.4,57644.6,57476,57588.8,119940,2115450
1784006100000,57578,57724.8,57567,57698.4,54960,2126160
1784008800000,57698.4,57720,57550.6,57581.4,35940,2130570
1784011500000,57580,57595,57499.8,57570,45240,2147850
1784014200000,57570,57591.6,57410,57427.8,64980,2157570
1784016900000,57428,57550.6,57428,57484.8,34170,2158710
1784019600000,57481,57625.2,57425,57551.8,75540,2155200
1784022300000,57552.2,57582.6,57453,57520,57360,2146710
1784087100000,57695,58200,57622.8,58125.6,327390,2074200
1784089800000,58130,58200,58105.8,58180,38340,2075580
1784092500000,58180,58189,58096,58149,18450,2073750
1784095200000,58150,58176,57950,58157,44130,2067090
1784097900000,58157,58180,57666,57788,94590,2075130
1784100600000,57787.8,57878,57582.8,57770,167100,2088000
1784103300000,57770,57870,57701,57789.4,40020,2093700
1784106000000,57789.4,57865,57723.2,57825,45330,2099040
1784108700000,57825,57909.8,57807,57874,57510,2080230
1784173500000,57989,57989.8,57829,57870,75510,2029890
1784176200000,57881.8,57882.4,57744.8,57830,35730,2035260
1784178900000,57828,58060,57827.4,57849.6,70050,2026500
1784181600000,57847.2,57920,57775,57834.4,22680,2029110
1784184300000,57812.2,57890,57770,57790.8,23880,2034060
1784187000000,57790.8,57822.8,57615,57615,61110,2046120
1784189700000,57619.2,57749,57610,57703,33480,2043120
1784192400000,57709,57848,57681,57789.4,47760,2042730
1784195100000,57787.8,57828,57761,57823.8,33600,2044200
1784259900000,57800,58000,57702,57980,149940,2007030
1784262600000,57985,58200,57904.2,58081.4,159750,1996800
1784265300000,58095,58177.4,58040.2,58091.6,108480,2010810
1784268000000,58091.6,58158,58064.2,58120,52590,2002560
1784270700000,58131.4,58170,58074.4,58138.2,35580,2002320
1784273400000,58138.2,58150,57962.2,58020.6,57510,2007690
1784276100000,57990,58543,57933,58419.6,161370,2001660
1784278800000,58424.4,58520,58380,58475,172290,2035980
1784281500000,58473.4,58600,58447.8,58599.8,180240,2084100
1784519100000,58100,58100,57675,57756.8,463920,2037120
1784521800000,57753.8,57895.8,57725.2,57820,96510,2034810
1784524500000,57820,57850.2,57740.8,57764.2,47220,2029230
1784527200000,57774.8,57799.6,57739,57794.8,29010,2032950
1784529900000,57794.8,57830,57643.4,57824.6,95520,2038590
1784532600000,57805,58025,57803,57997,74490,2011200
1784535300000,58005,58225,57988.4,58174,124260,1990590
1784538000000,58173.8,58173.8,58070.8,58131.2,48870,1987290
1784540700000,58131.2,58151,58101,58125,78360,2017710
1784605500000,58080,58265,58014.2,58095,153000,2009850
1784608200000,58093.2,58141,57978,58030,63720,2028720
1784610900000,58031.4,58077.8,57968.4,58006,26640,2038020
1784613600000,58006.4,58045,57941,58014.6,31950,2049690
1784616300000,58014.6,58098.8,57924.6,57940,38760,2050530
1784619000000,57941,58075,57911,58015,20730,2052330
1784621700000,58011.2,58050,57967,58012,9360,2050290
1784624400000,58012,58031,57922,57961,36270,2045490
1784627100000,57974.8,57990,57938.4,57965,46470,2054910
1784691900000,57800,57890,57338,57365.8,270000,2077590
1784694600000,57400,57470,57255.8,57280,97470,2100210
1784697300000,57280,57390,57267,57378.4,34230,2093490
1784700000000,57378.4,57378.8,57160,57160.4,68220,2108040
1784702700000,57160,57219.8,57056,57183,82620,2110620
1784705400000,57183,57220,57075.2,57149,73140,2109450
1784708100000,57149,57161.6,57057,57121.6,49110,2102100
1784710800000,57121.6,57240,57100,57229.8,57480,2075070
1784713500000,57215,57240,57171,57174.6,45330,2071350
1784778300000,56900.2,57040,56775,56929,224460,1985550
1784781000000,56931.2,57006,56900,56936.4,71340,1991280
1784783700000,56936.4,56975,56750,56770,120930,2007120
1784786400000,56770,56816.8,56687,56735,170340,1998090
1784789100000,56722,56740,56465,56518.8,234960,2005680
1784791800000,56518.8,56572,56451,56530,110850,1989510
1784794500000,56530,56675,56530,56634,75900,2018340
1784797200000,56634,56721,56512,56655,73680,2008650
1784799900000,56639.6,56690,56635,56673.8,38580,1990950
1784864700000,56300,56420,56155,56247.2,161820,1787580
1784867400000,56208,56314.6,56170.4,56300,96630,1814910
1784870100000,56293.8,56340,56180,56285,55500,1776450
1784872800000,56262,56494,56250.8,56400,96480,1779600
1784875500000,56400,56899,56379.8,56809.2,189330,1811400
1784878200000,56809.2,56874.8,56666,56739.4,113220,1811100
1784880900000,56710.8,56932,56688.4,56836,88440,1796250
1784883600000,56830,56900,56786,56850,72450,1797510
1784886300000,56830,56899,56821,56862,40110,1794420
1785123900000,57075,57389,57052,57190,186270,1380690
1785126600000,57190,57225,57025,57120,62850,1377840
1785129300000,57098.6,57179.2,57071.6,57138.8,68430,1366110
1785132000000,57138.8,57190,57025,57113.4,69990,1380660
1785134700000,57140,57170,57070.4,57097.4,83970,1411950
1785137400000,57097.4,57149,56959,57028.6,52710,1387890
1785140100000,57028.6,57220,57009,57205,73140,1404870
1785142800000,57205,57218,57134.6,57165.2,63510,1390890
1785145500000,57166,57192,57160.2,57169,35310,1385460
1785210300000,57061,57099.8,56820,56858.8,112530,1063200
1785213000000,56859,56997.8,56829.6,56997.8,79320,1030170
1785215700000,56997.8,57017,56936.6,56983,40500,990990
1785218400000,56983,57045,56946.6,56995,60210,959580
1785221100000,56995,57010,56858.4,56868.4,69060,933780
1785223800000,56894.8,56906,56800,56815,60990,892050
1785226500000,56815,56880,56800,56810,68610,823290
1785229200000,56810,56848.2,56688.2,56700,113850,788730
1785231900000,56700,56810,56695,56751.6,44610,762510
1785296700000,57333,57333,57151.4,57223,179730,2167230
1785299400000,57223.8,57376,57223.8,57306,62400,2163150
1785302100000,57306,57349,57239,57319.8,26970,2162370
1785304800000,57302,57439,57285,57406,64470,2150820
1785307500000,57407.8,57412,57311.2,57357,24840,2144790
1785310200000,57357,57398.8,57290,57290,27030,2142690
1785312900000,57289.2,57458,57280,57444,68400,2115030
1785315600000,57444,57447.2,57350,57355,40560,2102520
1785318300000,57355,57360,57305,57305,43200,2090580
1785383100000,57125,57200,56925,57080,159480,2120370
1785385800000,57078.2,57080,56925,57010.4,71640,2157480
1785388500000,57010,57096.8,57001,57087.8,38250,2152290
1785391200000,57086.6,57113.4,57000,57048,31710,2158050
1785393900000,57052.2,57350,57048,57255,112320,2148300
1785396600000,57273.2,57273.2,57155,57230,27510,2140920
1785399300000,57230,57249,57100,57140,17100,2140710
1785402000000,57136,57340,57135,57264.8,67320,2135670
1785404700000,57264.8,57315.4,57237.6,57300,49410,2137650
1785469500000,57460,57576,57361,57451.4,174780,2109690
1785472200000,57453,57495,57390.4,57450,44490,2129340
1785474900000,57450,57455,57378,57429.2,13890,2131080
1785477600000,57411.2,57452,57370.4,57452,26910,2138790
1785480300000,57458,57475,57414,57460,23550,2141730
1785483000000,57455,57551,57450,57491,48330,2124570
1785485700000,57491,57524,57460.4,57505,16200,2121360
1785488400000,57505,57505,57430,57441.6,27510,2115540
1785491100000,57441.4,57442.2,57390,57412,37770,2117700
1785728700000,57750.2,58015,57712.4,58000.2,302700,2122440
1785731400000,58008,58028,57940,57980,80490,2138130
1785734100000,57980,58065.8,57965.2,58025,58560,2144670
1785736800000,58025,58033,57986,58002,30000,2149410
1785739500000,58002,58039,57816,57873.2,65910,2152950
1785742200000,57867,57941,57818.4,57910,24630,2149050
1785744900000,57910,57930,57866,57921.6,17520,2143710
1785747600000,57921.6,57959.2,57816,57850,45210,2142570
1785750300000,57852,57920,57825,57880,32670,2133060
1785815100000,57830,58033.4,57738,58027.8,95520,2102400
1785817800000,58028,58074,57885,57901.8,65340,2107740
1785820500000,57900,57924,57830,57835,32070,2116770
1785823200000,57833.2,57841.2,57650,57709,76020,2135910
1785825900000,57709,57771.4,57603,57625,42300,2146140
1785828600000,57608,57668.2,57581,57591,55680,2165370
1785831300000,57591,57712,57581.2,57676,30930,2171010
1785834000000,57676,57725,57662.2,57714.6,31920,2162370
1785836700000,57714.6,57734,57698.6,57710,31260,2150280
1785901500000,57980,58184,57864.2,58085,246540,2138370
1785904200000,58098.6,58171,57831.2,58013.6,94170,2161440
1785906900000,58010,58124,57980,57992.8,35670,2163600
1785909600000,57994.8,57994.8,57850,57922,38940,2165100
1785912300000,57903,57934,57772.2,57772.2,45000,2178180
1785915000000,57772.2,57819,57703,57705.8,47760,2194560
1785917700000,57704,57840.8,57704,57760,23040,2206230
1785920400000,57760,57860,57740,57856,40170,2209140
1785923100000,57856,57860,57783.2,57803,33690,2194020
1785987900000,57940,58069.8,57860,57990.4,103530,2135340
1785990600000,57990,58085,57950,58050,42600,2136270
1785993300000,58049.8,58099,58033.2,58077.8,35100,2131020
1785996000000,58077.8,58115.6,58013.4,58086,33930,2127900
1785998700000,58088.8,58123.2,58041.2,58081,43860,2123970
1786001400000,58081,58176,58056.8,58141.8,105720,2132610
1786004100000,58142,58212,58120,58181.4,130560,2139720
1786006800000,58176.2,58196.4,58140,58166.2,77370,2154570
1786009500000,58166.2,58205.2,58161,58191,38280,2129190
1786074300000,58010,58089.8,57977.2,58070.4,69270,2116590
1786077000000,58056.2,58095,57910,57973,47280,2122380
1786079700000,57973,58020,57910,58008,32700,2132460
1786082400000,58000,58000,57902,57902,34590,2137590
1786085100000,57903,57996,57869.2,57938.8,29610,2129850
1786087800000,57938.8,57974.6,57871.6,57883.4,28170,2124570
1786090500000,57878.6,58130,57874.2,58041,83400,2098440
1786093200000,58055,58055,57950,58030,29640,2094180
1786095900000,58030,58049,57990.2,58013,24060,2092590
1786333500000,57999,58112.2,57751,57771.2,115050,2086080
1786336200000,57772.6,57915,57771,57915,29820,2092080
1786338900000,57915,57939,57866.8,57892,12750,2091390
1786341600000,57892,57907.6,57831,57895.2,14880,2087190
1786344300000,57891,57925,57840,57861.2,7260,2088990
1786347000000,57861.2,57895,57801,57895,18390,2094570
1786349700000,57895,57895,57833,57865.8,7200,2096100
1786352400000,57865.8,57886.8,57801,57859.8,31350,2095920
1786355100000,57863.8,57900,57846.8,57860.2,25440,2083350
1786419900000,57750,57787.8,57360,57442.8,193920,2116260
1786422600000,57413,57540,57400,57510.2,46020,2132880
1786425300000,57510.2,57562,57455.2,57520,30930,2127960
1786428000000,57520,57552,57480.6,57505,14700,2123850
1786430700000,57505,57600,57485,57558,22320,2116500
1786433400000,57559.2,57710,57540,57609,49470,2104260
1786436100000,57630,57630,57580.6,57600,22740,2098500
1786438800000,57600,57620,57563.4,57596.8,26280,2086260
1786441500000,57596.8,57600,57555.8,57571.4,25650,2072520
1786506300000,57576,57900,57464.2,57791.8,138720,2069760
1786509000000,57805,57945.6,57770,57870.8,73020,2075010
1786511700000,57878,57880,57753,57755.6,65430,2093820
1786514400000,57755,57829,57690,57741,55890,2116110
1786517100000,57736.6,57797,57710.2,57770.8,19170,2118900
1786519800000,57770.8,57799,57726.6,57730,28740,2135970
1786522500000,57720,57775.4,57708,57745,10740,2137710
1786525200000,57760.8,58088.8,57760.8,58019,157140,2114430
1786527900000,58020,58040,57986.8,58000,61620,2081790
1786592700000,58099,58099,57755,57878.2,97830,2095830
1786595400000,57878.2,57906.8,57765.2,57810.8,24330,2102700
1786598100000,57803.8,57862,57760,57807.4,22800,2111880
1786600800000,57808,57940,57800,57885,24540,2113530
1786603500000,57890,57905,57805,57824,11850,2116530
1786606200000,57824,57895,57806,57895,10140,2116260
1786608900000,57895,57920,57840,57888,14460,2112570
1786611600000,57890,57900,57851,57861,20490,2111250
1786614300000,57860,57885.2,57830.4,57874,14790,2104170
1786679100000,57821,57848.4,57654.8,57789,84210,2122560
1786681800000,57789,57878,57697,57710,45780,2133720
1786684500000,57718,57748.4,57600,57601.6,51840,2145300
1786687200000,57601.2,57639.8,57557.8,57627.6,60090,2140140
1786689900000,57627.6,57670,57596.8,57627.8,23130,2140440
1786692600000,57613.8,57649,57580,57632,17790,2131950
1786695300000,57632,57803,57632,57741.6,53580,2121240
1786698000000,57742.4,57770,57705,57723,25200,2109630
1786700700000,57709,57723,57651,57670,20040,2101320
1786938300000,57571.2,57597.8,57321.8,57402.2,112560,2132310
1786941000000,57435.6,57449,57274.8,57299.8,90930,2104800
1786943700000,57299.8,57375.4,57294,57340,23400,2105790
1786946400000,57340,57416,57325.2,57390,27840,2103870
1786949100000,57390,57795,57390,57792.2,104130,2103960
1786951800000,57795,57900.4,57795,57875,85620,2089800
1786954500000,57875,57896.2,57770,57804,23700,2090280
1786957200000,57804,57895,57789.8,57864,87840,2061660
1786959900000,57875,57895,57750,57755,43530,2059380
1787024700000,57595,57720,57431,57435,106170,2059890
1787027400000,57435,57506,57400.8,57424,48300,2085030
1787030100000,57435,57450.8,57341,57400,57840,2096610
1787032800000,57394,57500,57345,57460,62460,2073600
1787035500000,57479.8,57498,57411,57455,8070,2075340
1787038200000,57451,57460.8,57396.4,57432,16230,2072490
1787040900000,57432,57478,57397,57463,17430,2076960
1787043600000,57463.2,57505,57430,57448,64530,2088690
1787046300000,57450,57454.4,57372,57400,20580,2086620
1787111100000,57402,57402,57151,57300.2,132150,2096940
1787113800000,57293,57381.2,57227,57235,42360,2106150
1787116500000,57235,57275,57201,57226.8,16560,2109060
1787119200000,57226.8,57360.6,57216.4,57241.6,39540,2092650
1787121900000,57241.6,57284.8,57227.2,57249,14910,2088420
1787124600000,57250,57304.6,57228.6,57269.6,11790,2085030
1787127300000,57269.6,57380.6,57250,57325,44190,2080710
1787130000000,57325,57499,57325,57341,61470,2067000
1787132700000,57349.8,57365,57325,57355,22680,2064270
1787197500000,57588.2,57900,57520,57815,268680,1991940
1787200200000,57815,57849,57769.6,57788.6,52020,1981620
1787202900000,57788.6,57830.8,57752.2,57763.6,39810,1994220
1787205600000,57763.6,57810,57761.2,57767.4,14520,1976940
1787208300000,57765,57855,57704.6,57815,56970,1978260
1787211000000,57815,57825,57743.6,57765,21480,1977900
1787213700000,57748.6,57800,57681.2,57706.4,51600,1981740
1787216400000,57703.6,57750,57630.2,57662.6,58170,1970250
1787219100000,57662.6,57682.2,57602.6,57620,41220,1973310
1787283900000,57638.6,57858,57585.2,57812.4,161430,1870140
1787286600000,57814.2,57825,57750,57825,62760,1861920
1787289300000,57825,57835,57771,57814.4,67950,1869150
1787292000000,57814.4,57837.2,57756.8,57760,102420,1866870
1787294700000,57750,57791.2,57711.6,57770.8,98190,1860930
1787297400000,57770.8,57815,57722.2,57750,103350,1892490
1787300100000,57750,57768.6,57722.6,57759.8,76680,1874550
1787302800000,57759.8,57775,57711,57730.2,93930,1873530
1787305500000,57730,57750,57700,57705,24180,1864920
1787543100000,57800,57889.8,57755,57764.2,120270,1372920
1787545800000,57764,57816,57725,57730,86550,1383120
1787548500000,57727.2,57735,57404.4,57453.4,163620,1327590
1787551200000,57450,57475,57386,57445,116280,1346670
1787553900000,57445,57459.6,57400,57421.8,81990,1261680
1787556600000,57421.8,57440.8,57224.2,57410,107490,1250970
1787559300000,57404.8,57447.4,57366.6,57433.4,103290,1271490
1787562000000,57433.4,57472,57403.2,57419.8,98370,1265010
1787564700000,57438.2,57464,57381.6,57384.2,18390,1257270
1787629500000,57300,57650,57259.4,57515,150120,761790
1787632200000,57515,57550,57407.4,57492,82560,755910
1787634900000,57479.6,57599,57452,57500,58860,730410
1787637600000,57500,57540,57433.6,57540,38280,720510
1787640300000,57540,57540,57441.8,57451.2,57660,698640
1787643000000,57454.2,57454.2,57303.2,57346,56640,683130
1787645700000,57346,57460,57322,57409.8,60660,662280
1787648400000,57409.8,57528.8,57408.6,57486.6,151350,585930
1787651100000,57490,57580,57390,57514.6,65070,566430
1787715900000,58010,58380,57900,58372.2,300450,1955730
1787718600000,58371.2,58377,58220,58303.4,74610,1978560
1787721300000,58308.2,58320,58235,58260.6,40800,1996830
1787724000000,58275,58310.8,58230,58280.6,26910,2002230
1787726700000,58284.4,58325,58265,58292.2,18180,2007690
1787729400000,58292.2,58308.2,58180,58206,40800,2015850
1787732100000,58205,58245,58190,58215,17220,2011590
1787734800000,58210,58300,58200,58241,33450,2011230
1787737500000,58240,58255,58189.6,58220,27990,2003010
1787802300000,58220,58298,58058,58110,83400,2023860
1787805000000,58110,58145.8,58077.6,58082,21720,2028930
1787807700000,58082,58100.4,58001,58002,33720,2029710
1787810400000,58005,58088.2,58000,58005,19290,2035020
1787813100000,58008,58044.4,57942.2,58037.8,64440,2046390
1787815800000,58030,58147,58006,58064,30330,2044110
1787818500000,58060,58060,57925,58000,54990,2030190
1787821200000,57997.6,58013.8,57925,57949,26730,2033250
1787823900000,57949.4,57975,57847.8,57883.8,47850,2023620
1787888700000,57885.2,57890,57671,57845,111150,2020950
1787891400000,57845,57976,57802,57934,49740,2023620
1787894100000,57933.4,57975,57830,57845.4,18630,2022300
1787896800000,57825,57848.8,57701,57730,39390,2027940
1787899500000,57730,57789,57720,57724.2,15600,2026770
1787902200000,57724.2,57790,57700,57786.4,22710,2032710
1787904900000,57780,57836,57721.6,57812,17940,2032530
1787907600000,57815,57875,57775,57845.6,21870,2020770
1787910300000,57855,57890,57831.8,57860,21060,2013030
1788147900000,57751,57888.6,57592,57687,116430,2017200
1788150600000,57672,57737.6,57600,57630.4,39990,2037420
1788153300000,57630,57695,57601,57659.8,21000,2041710
1788156000000,57660,57900,57660,57830,57570,2028510
1788158700000,57853.2,57875.4,57784.8,57827.4,14970,2029080
1788161400000,57823.8,57858,57800,57815,10530,2022630
1788164100000,57815,57848.2,57701,57706,16230,2022090
1788166800000,57706,57966,57702,57847.8,56280,2005170
1788169500000,57833.8,57947.8,57820,57886.2,43950,1987380
1788234300000,57876.2,57876.2,57694.2,57732,69000,1979880
1788237000000,57737.6,57830,57720,57790,21480,1980720
1788239700000,57790,58100.8,57770,58100.8,111240,2003340
1788242400000,58100,58101,57964,57980.2,34830,2009370
1788245100000,57983.2,58015,57940.2,57940.2,15780,2009400
1788247800000,57950,57963,57650,57707.2,108750,1997880
1788250500000,57707.2,57711,57484.2,57556.4,189000,2011260
1788253200000,57580,57601.2,57542.6,57595,41760,2004660
1788255900000,57598.8,57628,57550,57566.2,34230,1999290
1788320700000,57300,57480,57211,57453,129480,2003070
1788323400000,57442,57593.6,57435,57531.4,53730,2005980
1788326100000,57531.4,57558.6,57401,57402,24120,2008770
1788328800000,57401,57500,57350,57490.8,41310,2018700
1788331500000,57499.8,57575,57402.8,57532.2,25560,2024610
1788334200000,57532.2,57559.8,57430,57469.8,19080,2028690
1788336900000,57469.8,57599,57433.8,57516,24180,2030100
1788339600000,57515,57568,57412,57499.4,27660,2031360
1788342300000,57499.6,57520,57470,57498.6,21480,2030760
1788407100000,57788,58050,57782,57993.8,234390,2004210
1788409800000,57993.8,58040,57895.4,57906.6,49560,2000820
1788412500000,57920,57945.4,57838,57901.2,29070,2007360
1788415200000,57901.2,57950,57867.2,57894,18120,2010990
1788417900000,57894,57900.4,57812.4,57817.4,28350,2014830
1788420600000,57817.4,57900,57760,57846.6,22350,2018040
1788423300000,57879,57890,57781,57850,19770,2024190
1788426000000,57840,57855.8,57702.8,57762.8,29970,2021220
1788428700000,57750.2,57764.8,57665,57670,53970,2018970
1788493500000,57795,57844,57685,57768.6,57990,2030970
1788496200000,57768.6,57877.6,57731,57836,39510,2042700
1788498900000,57821,57928,57815,57915,32430,2043810
1788501600000,57914,57953.4,57870.2,57880,30450,2046090
1788504300000,57880,57894,57818,57850,14190,2045910
1788507000000,57832.6,57941.8,57832.6,57870,15420,2043090
1788509700000,57870,57890,57801.4,57865,37890,2039970
1788512400000,57865,57899.2,57769.2,57788,37080,2027370
1788515100000,57781,57800.4,57753,57775,26010,2018700
1788752700000,57700,57722.8,57360,57430,148200,2036790
1788755400000,57430,57450,57324.2,57406.6,98790,1999710
1788758100000,57406.6,57442.8,57351.2,57412,33150,2001660
1788760800000,57412,57460,57391,57449.6,10620,2005110
1788763500000,57449.6,57483.2,57365,57409,12690,2008830
1788766200000,57409,57472.2,57384.6,57445,21270,2015460
1788768900000,57445,57525.4,57440,57524.4,24900,2008560
1788771600000,57524.4,57545,57388,57390.8,54660,1984050
1788774300000,57395.4,57410,57352,57379.6,23940,1976730
1788839100000,57255,57307.6,57179.2,57180,92790,1990050
1788841800000,57185,57343,57172,57234.8,73020,1978530
1788844500000,57229.6,57274.8,57205,57214.8,29520,1992690
1788847200000,57236.8,57236.8,57095,57154.4,65100,2014170
1788849900000,57154.4,57200,57121.4,57130.6,21690,2022480
1788852600000,57130.6,57141.6,57057.8,57069,26880,2021820
1788855300000,57069,57170,57069,57145,38790,2034630
1788858000000,57145,57183.6,57080,57139.8,33030,2035530
1788860700000,57140,57156.6,57073,57099,21540,2037930
1788925500000,56674,56938.4,56674,56844.8,170340,2095500
1788928200000,56844.8,56970,56784.4,56901.6,59760,2099580
1788930900000,56901.6,56970,56876.2,56930,15870,2103150
1788933600000,56930,56969.8,56804.2,56845,31230,2113740
1788936300000,56845,57129.8,56801,57075,64800,2116260
1788939000000,57070.2,57075,56985.8,57060,14400,2118450
1788941700000,57049.8,57125,57003,57040,22740,2120190
1788944400000,57040,57040,56680,56735,77670,2133120
1788947100000,56740,56740,56625,56681,75690,2136390
1789011900000,56693,56846,56655,56760,80340,2130930
1789014600000,56760,56839,56675.6,56839,27570,2131320
1789017300000,56839,56879.8,56736,56790.6,27780,2135610
1789020000000,56790.6,56854.4,56761,56842.8,15420,2134650
1789022700000,56843,56850,56712,56712,12690,2137020
1789025400000,56709,56764.8,56660,56727,16830,2141310
1789028100000,56727,56734,56582.8,56624,29730,2150940
1789030800000,56640,56725,56550,56573.8,50730,2166270
1789033500000,56575.2,56668.2,56567,56619,19710,2166750
1789098300000,56275,56299.8,55969.8,56171,189390,2237700
1789101000000,56171,56357,56152.6,56310,49890,2226690
1789103700000,56310,56558,56221,56471.2,60000,2221380
1789106400000,56466.2,56532.6,56353.8,56380.2,27450,2222070
1789109100000,56397.6,56605.2,56361.6,56546.8,32100,2213400
1789111800000,56546.8,56650,56455,56608,39180,2208270
1789114500000,56608,56869,56544,56830.8,75870,2189040
1789117200000,56841.4,56925,56775,56866,80220,2185200
1789119900000,56868.4,56921,56836,56921,23910,2173680
1789443900000,56890.4,57089.8,56505,56530.6,203460,2100510
1789446600000,56530.2,56580,56415.6,56415.6,78270,2099850
1789449300000,56412,56420,56286.6,56322,80220,2124270
1789452000000,56320,56421,56315.2,56380,25980,2131590
1789454700000,56387.6,56463.8,56345.6,56389,31110,2143650
1789457400000,56389,56430,56251,56316,36480,2157660
1789460100000,56318,56370,56165,56193.6,64200,2189790
1789462800000,56200,56248,56050,56126.8,57690,2205060
1789465500000,56139.8,56175,55990,56015,43800,2210430
1789530300000,56180,56395,56082.8,56294.8,165720,2233320
1789533000000,56300,56440,56192,56419.2,75630,2252610
1789535700000,56419.2,56524,56303,56315,43050,2244750
1789538400000,56315,56428.8,56301,56415,17610,2244240
1789541100000,56415,56488,56371.2,56456,15390,2240700
1789543800000,56456,56600,56380,56408,41220,2230920
1789546500000,56386,56499,56381.2,56476.2,24480,2230170
1789549200000,56469,56525,56380,56417,70200,2210040
1789551900000,56401.8,56450,56381.2,56390,28230,2205300
1789616700000,56371,56748,56290,56600,106560,2132220
1789619400000,56600,56695.2,56471.4,56480.8,30630,2130390
1789622100000,56473.2,56473.6,56230,56287,55620,2134350
1789624800000,56282,56620,56280,56606,44700,2125590
1789627500000,56613.2,56648,56502,56525.2,23310,2123190
1789630200000,56526.2,56549.8,56246.8,56288,53280,2130930
1789632900000,56288,56365,56265,56357.8,16230,2131620
1789635600000,56357.8,56424.6,56283.6,56360.8,19410,2135280
1789638300000,56333,56356.6,56290,56329,22380,2125020
1789703100000,56302,56500,56302,56449,50820,2115300
1789705800000,56449,56475,56330,56374,19200,2116110
1789708500000,56343.4,56379.2,56299,56337.2,14910,2122860
1789711200000,56354.4,56440,56336.6,56415,14700,2119620
1789713900000,56415,56560,56399,56533.6,50970,2112990
1789716600000,56533.6,56588,56450,56453,28140,2109960
1789719300000,56453,56588,56415,56579.4,25680,2101500
1789722000000,56588,56642,56525,56536.4,81870,2061540
1789724700000,56536.4,56556.4,56491,56539,43530,2049420
1789962300000,56525,56675,56488,56585.6,89010,2020560
1789965000000,56585.6,56585.6,56502.2,56543,24150,2020590
1789967700000,56543,56610,56531,56585.4,12030,2019570
1789970400000,56585.4,56609.8,56550.6,56572,20310,2013390
1789973100000,56599,56608,56555,56591.2,34560,2017860
1789975800000,56591.2,56730,56568.8,56713.8,54570,2001870
1789978500000,56710.2,56783.6,56684.6,56702.6,38640,1992150
1789981200000,56723.4,56727.8,56638.6,56655,22740,1979160
1789983900000,56645,56665.4,56614,56630.4,21810,1975620
1790048700000,56690,56775,56650,56730.2,63690,1973490
1790051400000,56730.2,56760,56482.4,56521,57030,1995450
1790054100000,56520,56542.6,56430,56513.6,47100,1991490
1790056800000,56490.2,56490.2,56375,56419,33870,1999710
1790059500000,56419,56462.2,56350,56365,34350,1966800
1790062200000,56365,56410,56325,56361.2,25530,1970430
1790064900000,56357.6,56564,56163,56529,86220,1941720
1790067600000,56529,56557,56395,56480,26100,1928940
1790070300000,56485,56578,56404.2,56570,26160,1928790
1790135100000,56450,56610,56450,56588,48390,1913820
1790137800000,56622,56698,56582,56698,63810,1901490
1790140500000,56698,56740.6,56643.8,56687,40680,1887990
1790143200000,56687,56730,56660,56715.2,12510,1884360
1790145900000,56706,56724,56640.2,56650.2,14670,1875690
1790148600000,56650.2,56738,56626.8,56677.2,17160,1875810
1790151300000,56702.4,56740,56651.8,56715.6,20460,1872630
1790154000000,56735,56735,56601,56681,42960,1856790
1790156700000,56680,56720,56671,56687.2,29820,1853700
1790221500000,56000,56188,55680,55753.8,263340,1911840
1790224200000,55730,55841.8,55711.2,55770.4,85410,1856040
1790226900000,55773.6,55837.8,55724.2,55763,21420,1846680
1790229600000,55763,55800,55740,55775,16170,1843200
1790232300000,55775,55811.2,55740,55759.8,18330,1841940
1790235000000,55759.8,55820,55545,55587.8,54690,1850250
1790237700000,55607.6,55628.6,55445.2,55555,67980,1845330
1790240400000,55555,55735,55545,55600,34050,1839900
1790243100000,55600,55698,55562.8,55563.2,29610,1832430
1790307900000,55650,55800,55539,55610,100290,1757220
1790310600000,55610,55834,55593.8,55650.2,109290,1759590
1790313300000,55650.2,55775,55620.2,55720,88440,1796880
1790316000000,55720,55772.8,55680,55720,65970,1815330
1790318700000,55720,55741.8,55570,55625.6,69660,1817730
1790321400000,55630,55669.2,55578,55626.4,40980,1818900
1790324100000,55626.4,55899,55608,55816.2,76950,1819740
1790326800000,55813,55864,55630.2,55673,64650,1818750
1790329500000,55695,55700,55644.4,55687.4,45720,1737780
1790567100000,55405,55462.8,54795.8,54866,176310,1296690
1790569800000,54866,54866,54649,54665,96720,1263600
1790572500000,54656.8,54729.6,54617.4,54683.4,74820,1250820
1790575200000,54683.4,54751,54650,54693.2,49200,1223760
1790577900000,54693.2,54748,54635.6,54664.2,40560,1201050
1790580600000,54664.2,54736,54630.2,54694.8,50460,1190160
1790583300000,54660,54699.2,54535.6,54580,65310,1141860
1790586000000,54580,54615,54505.8,54559.6,89430,1131060
1790588700000,54553.6,54588,54526,54560,40620,1114620
1790653500000,54328,54461,53829.6,53893,189990,921570
1790656200000,53914.6,53991,53810,53975,96960,912750
1790658900000,53975,54238.6,53890,54210,91230,912360
1790661600000,54210,54420.4,54210,54366.8,97830,903300
1790664300000,54380,54407.6,53949.6,54280,108000,871500
1790667000000,54280,54346,54150,54203,38010,835650
1790669700000,54203,54340,54203,54290,79620,796650
1790672400000,54290,54390,54254,54370,125280,749430
1790675100000,54370,54399,54184,54255.6,69030,724530
1790739900000,54897.4,55085,54780,55035.8,123240,2302440
1790742600000,55030,55200,54959,55010,113430,2322810
1790745300000,55002.8,55145,55000,55124.4,49320,2330670
1790748000000,55124.4,55234.4,55111.2,55215,62160,2335260
1790750700000,55217.4,55461.2,55180,55419,119370,2356140
1790753400000,55419,55455,55283,55283,57270,2372250
1790756100000,55283,55362.4,55100,55122.8,98490,2428320
1790758800000,55120,55137.6,54940.2,54976.2,72780,2435940
1790761500000,54970,55040,54955.4,54990,26640,2426070
1790826300000,54840,55243,54811.4,55210,123120,2394600
1790829000000,55210,55365,55118.4,55280,78360,2390130
1790831700000,55275,55298,55068.4,55147.4,41880,2392290
1790834400000,55147.4,55324.8,55077,55134,43650,2395950
1790837100000,55120.8,55150,54477,54551.2,139530,2412330
1790839800000,54518,54815,54515,54585,105090,2415630
1790842500000,54585,54613.6,54312.6,54542,161790,2425440
1790845200000,54575,54805.2,54543.4,54800,113910,2443110
1790847900000,54800,54848,54768,54800,37320,2439990