datetime,open,high,low,close,volume,oi
1704080700000,48580,48625.1,48431.4,48466.4,185370,2108860
1704082500000,48470,48641.1,48455,48580,138645,2127000
1704084300000,48575.3,48691,48516.6,48683.6,152010,2142330
1704086100000,48689.1,48725,48635,48685,107805,2162460
1704087900000,48685,48695.5,48630,48644.6,39825,2170240
1704089700000,48644.6,48715,48622,48709.6,63435,2182480
1704091500000,48714.8,48720,48618.9,48656.4,47580,2188230
1704093300000,48655.9,48700,48654.1,48660,29850,2192970
1704095100000,48660,48712.6,48635.9,48675,36870,2184940
1704096900000,48675,48740,48664.8,48726.4,73830,2186000
1704098700000,48734,48869,48719.8,48846.4,245250,2136460
1704100500000,48846.4,48849.4,48514.2,48533.6,338550,2093560
1704102300000,48539,48566.1,48389.4,48405.1,347160,2071530
1704167100000,48375,48489.9,48346.2,48446.6,402390,2071400
1704168900000,48446.6,48475,48186.4,48233.1,431475,2081620
1704170700000,48243,48258.6,48025.4,48121.2,366885,2096220
1704172500000,48121.2,48188.8,48110,48113.5,113220,2103510
1704174300000,48113.5,48213.3,48072.4,48150.3,150360,2127860
1704176100000,48153.9,48162.1,48092.5,48120.3,64410,2140160
1704177900000,48120.3,48209.2,48119.1,48156.4,73095,2137480
1704179700000,48151.5,48196.4,48011,48106.2,127800,2158180
1704181500000,48102.5,48138.8,48063.1,48119.9,90660,2170360
1704183300000,48119.9,48185,48066.1,48173.5,80850,2161710
1704185100000,48173.5,48210,48081,48145.4,110460,2158680
1704186900000,48145.4,48188.3,47893.3,47958.9,329175,2232940
1704188700000,47958.9,47999,47877.4,47882.6,329910,2305420
1704253500000,47849.9,47888.4,47763.8,47781,366285,2297430
1704255300000,47775.8,47918.9,47765,47849.9,186000,2277180
1704257100000,47852.3,47975,47817,47912.6,277620,2179710
1704258900000,47919.3,47967.4,47885.3,47940,135855,2167590
1704260700000,47944,48063.1,47928.5,48053.6,205050,2163640
1704262500000,48053.6,48086.9,47940,47960.1,191640,2145940
1704264300000,47961.9,47973.1,47844.9,47922.9,189675,2139880
1704266100000,47922.9,48034.1,47910,48022.3,148740,2109960
1704267900000,48022.3,48052.1,47993,48006.6,91455,2109240
1704269700000,48010,48078,47975,48036.4,98760,2102900
1704271500000,48033.9,48036.9,47950.6,47958.4,126255,2090200
1704273300000,47958.4,48020,47853.8,47916.5,363600,2101440
1704275100000,47916.6,48032.8,47900,48013.8,204030,2100750
1704339900000,48062.3,48165,47995.6,48146.9,357645,2036820
1704341700000,48143.1,48250,48092.9,48219.3,225090,2044650
1704343500000,48215,48287,48188.5,48229.4,180405,2033910
1704345300000,48231.8,48382.9,48176.9,48368.1,238800,2049560
1704347100000,48379.1,48470.4,48340,48355,204330,2042460
1704348900000,48355,48409.9,48338,48395.9,62370,2046480
1704350700000,48400.3,48439.6,48365,48407.7,72960,2052840
1704352500000,48407.7,48498.9,48384.7,48493.8,146625,2075680
1704354300000,48492.9,48500,48352.1,48374.2,189300,2086230
1704356100000,48371.9,48412.4,48319.2,48365.3,130440,2081730
1704357900000,48365.3,48420,48310,48383.1,73605,2081480
1704359700000,48383.1,48486.9,48355,48454.2,139050,2068290
1704361500000,48450,48581.3,48440.6,48560,298710,2062280
1704426300000,48502.1,48625,48502.1,48538.9,242250,2065840
1704428100000,48538.1,48560,48458.1,48504.2,107700,2063480
1704429900000,48505,48522.1,48365,48399,168045,2042440
1704431700000,48399,48399,48278.6,48345,275190,2052600
1704433500000,48345,48354.3,48222.5,48301.1,196125,2044920
1704435300000,48290,48329,48231,48282.6,79410,2036880
1704437100000,48282.6,48389,48274.8,48300,67200,2028860
1704438900000,48303,48337.9,48250,48309.1,60825,2031220
1704440700000,48313.6,48348.9,48159.7,48222.8,145020,2044240
1704442500000,48215.1,48271.9,48073.4,48085,198195,2044220
1704444300000,48085,48150.4,47982,48150,314715,2037040
1704446100000,48150,48538.4,48136.6,48379,587295,1994420
1704447900000,48373,48373.3,48242.2,48301,205725,1962270
1704685500000,48490,48490,48150.1,48193.6,267555,1935760
1704687300000,48195.8,48214,48130,48193.5,134640,1969360
1704689100000,48194.9,48320,48103,48234.1,243435,2037680
1704690900000,48234.1,48256.9,48028,48084.9,216075,2064920
1704692700000,48084.9,48129.9,48060,48119.8,115260,2098040
1704694500000,48115.1,48123,47939.1,47983.1,287370,2192200
1704696300000,47985,48094.6,47978.2,48077.3,110685,2215920
1704698100000,48077.3,48079,47955,47987,68370,2224840
1704699900000,47987,48057.2,47945.1,47988,71130,2226750
1704701700000,47984.6,48075.9,47964.8,48000,81030,2228220
1704703500000,48000.1,48023.9,47602.6,47668.9,746880,2331040
1704705300000,47665,47733.3,47586.2,47600,324000,2378940
1704707100000,47613.1,47653,47567,47630,217185,2412400
1704771900000,47811.1,47999,47772.2,47810,486825,2286920
1704773700000,47808.2,47900,47766.2,47894.9,171165,2316090
1704775500000,47901,48099.1,47872.2,48084.6,321405,2224520
1704777300000,48077.6,48146.9,48010.6,48112.4,200415,2181570
1704779100000,48112.4,48117.4,48007.7,48051,51030,2189300
1704780900000,48051,48093.2,47970.2,47999.6,97860,2181140
1704782700000,47999.6,48093.2,47994.5,48046.2,57180,2181920
1704784500000,48046.2,48072.1,48030.4,48069.9,50355,2187800
1704786300000,48069.9,48087.7,48003.6,48021.9,40335,2183760
1704788100000,48021.9,48038.6,47808,47831.2,226260,2179470
1704789900000,47830,47858.7,47436.1,47449.9,659685,2267910
1704791700000,47449.9,47508,47351,47396.9,339510,2305660
1704793500000,47399.9,47428.9,47341.1,47406.1,238665,2310220
1704858300000,47280,47509.5,47201,47490.9,508890,2282980
1704860100000,47510,47541.8,47390,47511.9,232425,2302440
1704861900000,47516.7,47572.4,47432.9,47471.4,183465,2263050
1704863700000,47471.4,47489,47410,47480,89580,2272400
1704865500000,47480,47559.6,47454.8,47515.2,75870,2264060
1704867300000,47515.2,47532.1,47425,47476,92085,2279800
1704869100000,47476.4,47504.9,47432,47440.2,60375,2286420
1704870900000,47440.1,47500,47319.2,47460.6,134280,2294660
1704872700000,47460.6,47487,47402,47449.9,66870,2300180
1704874500000,47454.1,47595,47402.9,47541.1,196635,2286750
1704876300000,47540.4,47649.9,47474.9,47599.3,232140,2270760
1704878100000,47599.3,47666,47491.6,47567,238395,2275360
1704879900000,47567,47652.2,47560.1,47638.9,170490,2282820
1704944700000,47767.4,47822.6,47603.1,47645,336645,2260700
1704946500000,47649.4,47723.9,47617,47672,94515,2250560
1704948300000,47659.6,47706.1,47615.1,47663.9,60990,2260800
1704950100000,47661.6,47697.7,47550,47642.2,126975,2302020
1704951900000,47641.9,47678.3,47600,47675.1,44205,2304440
1704953700000,47675.1,47692.4,47606,47609.6,44220,2312240
1704955500000,47609.6,47725,47585,47714.1,76260,2324970
1704957300000,47716.1,47740,47640.5,47686.9,75810,2330240
1704959100000,47686.9,47710,47627,47653.1,46110,2339840
1704960900000,47660.6,47680,47372,47410,264210,2370700
1704962700000,47402.6,47614.4,47340.6,47575,274890,2389460
1704964500000,47575,47656.9,47520.9,47556.6,102465,2377760
1704966300000,47562.6,47595,47552,47580,138825,2352780
1705031100000,47656.8,47709.9,47568.6,47620.9,229770,2332240
1705032900000,47620.9,47800,47598.9,47785.4,299130,2295680
1705034700000,47785.4,47874.9,47758.1,47857.8,346215,2195550
1705036500000,47854,47945,47825,47831.1,271290,2115380
1705038300000,47831.1,47881,47825,47850,53685,2113170
1705040100000,47850,47886.4,47772.7,47812,84870,2115990
1705041900000,47814,47839,47779.6,47798,38850,2118570
1705043700000,47798,47927.9,47788.9,47880.1,118035,2114120
1705045500000,47880.1,48024.1,47850,47971.9,216660,2085090
1705047300000,47971.9,48000,47900,47949.3,100080,2078040
1705049100000,47948.8,48047,47892.6,47992.4,132315,2072600
1705050900000,47990,48011,47741.1,47814.4,284385,2052860
1705052700000,47804.6,47923.4,47785.5,47900.2,158220,2040800
1705290300000,48002.2,48220.5,47970,48152.6,406305,2021620
1705292100000,48152.1,48170.1,47933.2,48058.6,258225,2014460
1705293900000,48058.6,48150,48039.1,48123.1,102015,2023890
1705295700000,48120.2,48171.1,48090.4,48155,83265,2019780
1705297500000,48155.6,48176.9,48071,48140,75150,2024340
1705299300000,48140,48201.3,48126,48176.3,67545,2019270
1705301100000,48176.3,48332.9,48170.2,48260.2,306645,2030260
1705302900000,48260.2,48287,48185.3,48270,67920,2026710
1705304700000,48270,48286.5,48208.7,48220.3,50370,2025360
1705306500000,48220.3,48268.6,48158.9,48223.1,78000,2039560
1705308300000,48223.1,48237,48131.4,48177.9,106515,2029820
1705310100000,48177.9,48264.2,48173.9,48260,127335,2036760
1705311900000,48259.6,48380,48255,48369,249165,2037020
1705376700000,48255.4,48316.9,48192,48287,224835,2052440
1705378500000,48280.1,48412.5,48280,48392.6,240855,2091640
1705380300000,48387.2,48440,48338,48383.4,131790,2131160
1705382100000,48382.9,48422,48376.4,48390.2,108780,2137240
1705383900000,48390.2,48400,48280,48306.6,105375,2115520
1705385700000,48305.8,48431.9,48296.9,48316.1,150045,2092040
1705387500000,48316.1,48367.8,48280.1,48309.8,90885,2099420
1705389300000,48309.8,48334.1,48207.4,48241.4,210645,2127780
1705391100000,48241.4,48278.9,48078.9,48146.3,267855,2124480
1705392900000,48147.1,48300.1,48130,48263,179655,2112380
1705394700000,48269.3,48273.9,48140.1,48212.1,101940,2073840
1705396500000,48212.1,48273,48183.8,48227.7,82815,2069600
1705398300000,48227.7,48243.2,48190.6,48215.7,97050,2053420
1705463100000,47015.2,47600,46900,47209.9,1604040,2288700
1705464900000,47211.1,47278.9,47068.4,47130.9,309600,2289680
1705466700000,47123.1,47150,46717.1,46861.8,549810,2309100
1705468500000,46861.9,46900,46754.8,46777.1,311715,2389320
1705470300000,46775.5,46784.4,46402,46492.9,498720,2366380
1705472100000,46485.5,46549.9,46425,46529.4,318180,2388300
1705473900000,46534.4,46625,46440.8,46470,313365,2328520
1705475700000,46473.8,46583.6,46430,46461.1,245580,2376420
1705477500000,46464.1,46560,46436.6,46540.9,211305,2424690
1705479300000,46540.6,46599,46440.1,46520.4,275415,2494600
1705481100000,46520.4,46540.4,46321,46330.4,326010,2575420
1705482900000,46334.8,46344,46050.7,46212.8,639360,2644110
1705484700000,46208.9,46221.9,46142,46200.3,343410,2727960
1705549500000,45699.9,45977.7,45600,45914,934425,2482200
1705551300000,45910,46118.9,45746.8,45914.4,411840,2428200
1705553100000,45926.1,46080,45830.4,46080,209025,2433760
1705554900000,46080,46218.4,46029.9,46144.6,343440,2418260
1705556700000,46150,46218,46050,46120.2,133125,2372670
1705558500000,46120.2,46358.4,46072,46333.4,206010,2351420
1705560300000,46335,46352,45940.4,45968.1,354360,2325420
1705562100000,45951.7,46021.1,45730.7,45835.6,471960,2363440
1705563900000,45836.8,45902.5,45700,45738.3,174225,2388080
1705565700000,45740,45848.9,45702.1,45784.2,199530,2417060
1705567500000,45786.4,45916.5,45633.4,45840.5,229560,2385940
1705569300000,45840.5,45961.6,45736.1,45850,220035,2362740
1705571100000,45849.1,45930,45822.6,45880.4,115560,2338680
1705635900000,46155.6,46300,46106.1,46158,502680,2156980
1705637700000,46154.4,46246.1,46099,46185.6,184245,2184390
1705639500000,46184.2,46337.9,46104.7,46288.1,336780,2201400
1705641300000,46297,46305.1,45922.7,45958.8,379320,2177940
1705643100000,45965,46104.5,45930,46007.8,159525,2175040
1705644900000,46013.1,46067,45870,45972.1,152550,2166690
1705646700000,45972.1,45979.3,45850,45923,130980,2160270
1705648500000,45923,45977,45895.1,45968.9,115410,2174220
1705650300000,45968.9,46020.4,45682,45818.6,294090,2202380
1705652100000,45816.4,45826.9,45625,45626.1,209370,2205620
1705653900000,45623.1,45872,45584.4,45829.3,280065,2214560
1705655700000,45829.3,45858.4,45700,45791.1,264555,2215640
1705657500000,45799.6,45839.8,45785,45835,143205,2198490
1705722300000,46050,46059.1,45861.8,45928.9,380370,2152520
1705724100000,45921,45939.1,45800.2,45903.3,123990,2171500
1705725900000,45903.3,45976.9,45890.1,45950,77325,2164120
1705727700000,45950,46048.8,45950,45985.2,102765,2157180
1705729500000,45985.2,45997.7,45906.8,45965.4,55380,2140710
1705731300000,45965.4,45982.4,45922.6,45965,27345,2139450
1705733100000,45959.6,45983.9,45760,45817.7,136860,2150120
1705734900000,45817.7,46116.1,45800,46090.2,255405,2112630
1705736700000,46090.2,46178,46066.4,46116.4,172425,2068640
1705738500000,46115.8,46169.8,46070.7,46138.5,71940,2057100
1705740300000,46138.5,46190,46091.6,46114.1,109110,2039190
1705742100000,46119.9,46186.4,46000,46141.6,138855,2004140
1705743900000,46153.9,46210,46139.8,46200,128880,1971300
1705981500000,46506.1,46525.5,46267.9,46305.5,511755,1893690
1705983300000,46310.6,46325,45965.2,46044.4,348135,1935520
1705985100000,46044.5,46100,45667.8,45705.1,359490,1992630
1705986900000,45705.1,45770.1,45630,45708.8,261525,2066130
1705988700000,45707.2,45722.4,45266.4,45320.5,363510,2137530
1705990500000,45319,45355,45026.6,45084.6,462525,2245480
1705992300000,45087.4,45383.6,45083,45328.6,303105,2216550
1705994100000,45328.6,45341.6,45164,45216,143625,2210730
1705995900000,45218.4,45256.6,45087,45141.6,117645,2220020
1705997700000,45151.9,45165,45012.4,45030,163065,2253420
1705999500000,45030,45045.4,44847.7,44870.7,247440,2261280
1706001300000,44881.6,45109.6,44835.2,44900.3,264645,2268880
1706003100000,44901.9,44962.7,44876.4,44933,163785,2246910
1706067900000,44500,45198,44499.9,45156.1,713505,1905080
1706069700000,45169.9,45430,45162.8,45325,565980,1776660
1706071500000,45320.1,45550,45314.6,45317.3,383445,1660660
1706073300000,45320,45419.2,45225.6,45304.4,184365,1637700
1706075100000,45304.4,45352.9,44826,45061.2,307560,1599990
1706076900000,45061.2,45061.2,44601.6,44654.1,329220,1632200
1706078700000,44658.8,44780.4,44553.9,44591.1,325290,1745360
1706080500000,44591.1,44860,44587.2,44757.6,392565,1835970
1706082300000,44757.6,44892.8,44637.8,44690.8,275040,1989440
1706084100000,44694.8,44800.1,44584.6,44755.9,311820,2092110
1706085900000,44749.3,45185.9,44695.4,45172.8,378525,1971140
1706087700000,45175.8,45233.1,44979.5,45179.2,286890,1883010
1706089500000,45163.5,45223.1,45111.7,45132,132195,1870800
1706154300000,45096.9,45138.8,44825,44868.3,349215,1671580
1706156100000,44851.4,44975,44760.8,44780.2,204555,1645600
1706157900000,44780.2,44802.1,44512.6,44595.6,239595,1643360
1706159700000,44595.6,44665,44534.1,44573.4,114930,1618360
1706161500000,44573.4,44762.8,44550.8,44651.2,149475,1598200
1706163300000,44651.2,44654.1,44472.9,44534.4,209760,1622130
1706165100000,44534.4,44599.8,44460,44537.5,137985,1618900
1706166900000,44537.5,44620,44404,44510.2,206550,1581560
1706168700000,44514.2,44527,44431.4,44499,136215,1500360
1706170500000,44490.1,44617.6,44490.1,44497.9,175305,1436240
1706172300000,44494.1,44602,44466.9,44530,186615,1388940
1706174100000,44530,44805,44515,44792.2,444615,1245660
1706175900000,44787.6,44869,44787.6,44861.9,256260,1168640
1706499900000,45500,45890,45453.9,45783.7,1017315,3578300
1706501700000,45789.1,45949,45760.3,45899.8,424845,3678860
1706503500000,45899.8,46039,45897.9,45927.4,432645,3633420
1706505300000,45927.9,45964.1,45857,45915.9,168600,3603780
1706507100000,45907.1,45925,45671.1,45814.1,338925,3580080
1706508900000,45814.1,45867.4,45770.5,45846.5,113340,3566460
1706510700000,45845.1,45907.6,45759.1,45829.9,118155,3567960
1706512500000,45831.6,45899,45698.6,45769.4,181260,3535890
1706514300000,45771.1,45780,45635.9,45719.2,189510,3478600
1706516100000,45722.1,45830,45700,45746,140925,3450080
1706517900000,45746,45821,45681.1,45747.4,174105,3445710
1706519700000,45747.4,45860,45464.8,45830.1,637845,3336450
1706521500000,45832.4,45898.9,45831.4,45850.6,229515,3344680
1706586300000,45850.2,45930,45635,45762.5,483510,3361680
1706588100000,45760.9,45770.6,45550,45635,248145,3362040
1706589900000,45637.6,45745,45582,45661.6,139755,3350540
1706591700000,45661.6,45743,45560.6,45620.8,104805,3347860
1706593500000,45620.8,45686.5,45592.1,45678.5,67365,3334230
1706595300000,45678.1,45865.9,45657.2,45748.6,183300,3303220
1706597100000,45748.6,45818.9,45740.3,45748.1,71730,3308280
1706598900000,45748.1,45807.9,45710,45749.4,71250,3303570
1706600700000,45749.4,45785.4,45649.2,45740,91770,3294440
1706602500000,45740,45782.4,45660.2,45765.8,81420,3290000
1706604300000,45777.8,45796.1,45422.4,45564.4,442620,3284200
1706606100000,45564.2,45774.9,45518.4,45728,353175,3337740
1706607900000,45733.6,45749.9,45559.8,45579,167580,3329370
1706672700000,45579,45801.9,45405.6,45754.1,519810,3311240
1706674500000,45755.4,46162.4,45704.1,46117.4,624270,3355620
1706676300000,46132.4,46397.9,46068.4,46290.8,719370,3367920
1706678100000,46291,46384,46235.4,46335.7,277425,3361280
1706679900000,46330,46444.5,46292.7,46344.1,200400,3335080
1706681700000,46350,46428,46301,46311,131730,3320430
1706683500000,46313.8,46342.9,46122,46169.1,276525,3295860
1706685300000,46165,46279,46127.4,46268.1,135840,3286830
1706687100000,46265.2,46291.9,46184.1,46230.9,113835,3263180
1706688900000,46237.1,46320,46210,46287.8,134880,3222280
1706690700000,46287.8,46344,46194.2,46328.6,175665,3172900
1706692500000,46328.6,46400,46282,46322,357060,3134910
1706694300000,46320.6,46347,46270,46305.6,227955,3142480
1706759100000,46351.1,46444.4,45952.1,46038.2,554595,3162090
1706760900000,46044.2,46206.2,45966.1,46158.9,294045,3099060
1706762700000,46158.9,46343.2,46088.6,46278.4,225330,3096900
1706764500000,46278,46391.9,46128.9,46323.1,230190,3096060
1706766300000,46316.1,46324.9,46035,46152.9,196335,3111840
1706768100000,46145.4,46437.3,45882.2,46338.4,737670,3120520
1706769900000,46329.5,46381.9,46158.6,46325.5,249000,3116160
1706771700000,46325.5,46581,46325.5,46417.1,512745,3103200
1706773500000,46422.4,46460.8,46186.6,46265.1,285285,3098560
1706775300000,46265.1,46395,46218.1,46370.1,203655,3094120
1706777100000,46370.1,46410.9,46277.1,46303.7,154785,3077760
1706778900000,46301.2,46468.4,46300,46391.1,261270,3061020
1706780700000,46386.2,46508.1,46386.2,46458.5,233055,3061680
1706845500000,46725,46929,46696,46843.2,707805,3094920
1706847300000,46843.2,46912.1,46790,46854.1,210750,3077010
1706849100000,46854.1,46862.9,46692,46765.1,233340,3086070
1706850900000,46766.3,46860.4,46713.7,46833.7,153735,3097660
1706852700000,46834.4,47145.5,46833.1,47069,476040,3116360
1706854500000,47066,47087.9,46991.6,46994.1,188250,3106160
1706856300000,46994.1,47033.9,46640.2,46813.3,474450,3106440
1706858100000,46809.9,46818.3,46553,46579.1,307230,3095220
1706859900000,46572.8,46675,46474.5,46544.2,345000,3134620
1706861700000,46544.2,46645,46503.6,46610,150765,3119490
1706863500000,46610,46671,46540.1,46615.6,121755,3099450
1706865300000,46615.6,46649.3,46203.9,46221.2,725685,2979460
1706867100000,46227.2,46246.7,46160,46199,306975,2925930
1707104700000,46100,46207.1,45867.1,46066.6,630150,2809680
1707106500000,46066.6,46295,46035.9,46148.4,292305,2781700
1707108300000,46152.6,46169.3,45942.6,46061,250230,2742160
1707110100000,46055,46162,45980,46152,139500,2738800
1707111900000,46153.2,46230,46052.4,46052.4,126435,2745210
1707113700000,46050.1,46266,46037.6,46157.9,134670,2756400
1707115500000,46154,46236.7,46124,46233.3,90990,2753680
1707117300000,46225.1,46348.9,46200,46275,238755,2753240
1707119100000,46273.9,46323.1,46187.8,46202.1,101925,2754820
1707120900000,46208.3,46328.6,46114.2,46224.6,121905,2750250
1707122700000,46224.6,46260,45974.2,46007.6,297630,2753370
1707124500000,46007.6,46166.6,45916.9,46047.1,362385,2805840
1707126300000,46055.5,46059.9,45958.1,45958.4,147435,2819360
1707191100000,45959.6,46097,45869,45994.7,341400,2881100
1707192900000,45993.6,46072.2,45962.4,45994.9,181725,2900120
1707194700000,45999.9,46009.5,45740,45831.9,416085,3004260
1707196500000,45845,45921,45805,45862.5,136185,3026550
1707198300000,45864.2,46004,45826,45958,162825,2999430
1707200100000,45958,46165,45930,46078.9,341250,2996130
1707201900000,46070.2,46085.1,45900.2,46022.6,151170,3003760
1707203700000,46015.6,46085,45935,45993.7,103515,3027140
1707205500000,45993.7,46057.9,45870,45989.9,162030,3045300
1707207300000,45990,46055.5,45853.4,45920,127020,3064220
1707209100000,45920,46050.6,45866.8,46020.4,122700,3080540
1707210900000,46026.6,46028.6,45881.2,45923.1,131415,3075930
1707212700000,45929,46031.9,45901,46029.9,154110,3038780
1707277500000,46201.1,46296,46139.8,46185,541830,2921610
1707279300000,46189.5,46210,46079.1,46147.9,178755,2927560
1707281100000,46147.9,46172.8,46070.3,46110.9,101025,2943980
1707282900000,46109,46146.8,46074,46127.6,107475,2959780
1707284700000,46121.9,46129.7,45901,45959.8,274515,3006380
1707286500000,45954.6,46016.4,45930.5,45969.1,192015,3071850
1707288300000,45967.2,46018.1,45959,45995,72435,3070460
1707290100000,45995,46017.8,45944.1,45990.7,88575,3076710
1707291900000,45990.7,46087.3,45950,46051,146835,3069480
1707293700000,46045.1,46088.4,45994.8,46060,75660,3060360
1707295500000,46057.4,46124.1,46021.2,46065.4,253035,3054720
1707297300000,46069.1,46129.9,46040,46123.5,270420,3059600
1707299100000,46125,46249.9,46092.2,46230,406485,3210140
1707363900000,46276.2,46387.1,46225,46300,426105,3204500
1707365700000,46301.8,46475.7,46190,46291.6,482130,3208380
1707367500000,46285,46307.8,46116.2,46131.1,282525,3165440
1707369300000,46120.8,46206.9,45463.2,45637.6,989265,3177500
1707371100000,45640,45695,45563.2,45609.7,255825,3237270
1707372900000,45605.6,45747,45578.6,45691,169815,3271420
1707374700000,45691,45709.4,45556.1,45650.4,125970,3294030
1707376500000,45650.4,45734.6,45639.6,45683.1,75060,3299500
1707378300000,45682.4,45761,45636.4,45689.8,134925,3329480
1707380100000,45689.8,45710,45573.8,45598.6,106185,3340580
1707381900000,45598.6,45650,45280,45369.4,344970,3388950
1707383700000,45370.6,45410.5,45053.2,45185,416295,3398370
1707385500000,45195.3,45334.8,45140.2,45278.8,249495,3380250
1707450300000,45179.9,45438,45110.1,45337.6,498495,3321450
1707452100000,45334.2,45550,45211,45540.1,368445,3253180
1707453900000,45550,45550,45380,45422.3,152715,3247780
1707455700000,45422.3,45480,45235.2,45361.2,177285,3224860
1707457500000,45361.1,45699,45310,45575.5,342420,3174900
1707459300000,45578.4,45656.9,45535.5,45583.4,124335,3174460
1707461100000,45583.4,45687.9,45562.6,45606.5,86745,3172620
1707462900000,45606.5,45685,45505,45679.9,119415,3169840
1707464700000,45667.8,45688,45452,45535,186030,3180760
1707466500000,45536.6,45618.9,45475,45560.5,119775,3164820
1707468300000,45560.5,45975,45536.4,45872,643590,3113480
1707470100000,45874.1,45924.6,45790.9,45860.1,273630,3153380
1707471900000,45860.1,45965.6,45853.7,45958.6,205905,3165900
1707709500000,45949.9,45999.9,45660,45664.9,438915,3205580
1707711300000,45664.5,45681.8,45511,45562.2,289050,3226340
1707713100000,45565.6,45590.6,45344.4,45425,319500,3245520
1707714900000,45425,45530,45393.6,45519,134730,3260540
1707716700000,45513.8,45525,45401,45421.5,138570,3260180
1707718500000,45422.8,45438.9,45142,45217.7,336075,3309020
1707720300000,45217.7,45250,45116.1,45178.3,198480,3304020
1707722100000,45180,45187.1,44842,44921.6,423900,3275500
1707723900000,44920.5,45067,44827.6,44985.9,212220,3262720
1707725700000,44985.8,45168.4,44803.8,45135.1,256695,3283660
1707727500000,45135.6,45176.4,44970.1,45050,169305,3270540
1707729300000,45046.2,45193,44967.1,45030.1,245700,3278320
1707731100000,45030.1,45110,44995.8,45087.6,178095,3261800
1707795900000,45205.4,45355,45011.3,45330,598530,3204500
1707797700000,45322.7,45619.6,45268.5,45594.7,502170,3127650
1707799500000,45590.1,45688,45531.6,45600,217845,3130180
1707801300000,45599.1,45643.2,45524.6,45575,163485,3167220
1707803100000,45575.6,45581.4,45314.5,45351.3,305505,3184650
1707804900000,45352.6,45456,45220.6,45224.6,261690,3176430
1707806700000,45234.9,45262.1,45126,45230.3,239190,3200790
1707808500000,45230.3,45543.1,45210,45482.7,321345,3220500
1707810300000,45484.1,45870,45477.2,45854.6,557310,3292980
1707812100000,45855.4,46012,45780,45839,516000,3372940
1707813900000,45842.3,45842.3,45642.1,45685.1,267330,3393460
1707815700000,45685.1,45879.9,45680,45817.1,239085,3430340
1707817500000,45817.9,45830.1,45617.9,45650,292080,3427420
1707882300000,45199.9,45323.1,45021.1,45254.6,947250,3310260
1707884100000,45258.1,45439,45166.2,45439,446790,3304880
1707885900000,45439.2,45527.8,45375,45413,355530,3297500
1707887700000,45422.2,45637,45382.5,45537.1,359955,3252440
1707889500000,45536.9,45593.9,45403.8,45505.5,197745,3227720
1707891300000,45502.9,45665.5,45469.4,45585.4,224565,3176180
1707893100000,45570,45760,45570,45720,302985,3204660
1707894900000,45720,45933,45668.1,45838.3,438900,3231640
1707896700000,45838.3,45846.6,45594,45661.9,250650,3228270
1707898500000,45661.9,45866,45649,45866,266820,3189980
1707900300000,45866.4,46299.5,45835.2,46269.4,941640,3167730
1707902100000,46267.3,46350,45873.9,45977.3,687405,3188790
1707903900000,45976.2,46190.4,45935.6,46163,336810,3155010
1707968700000,46250,46250,45740.4,45760.7,734070,3024260
1707970500000,45758.6,45975,45678.9,45940.6,483270,2916990
1707972300000,45947.2,46079,45886.9,45987.7,253260,2898210
1707974100000,46002.2,46098,45911.6,45998,130200,2891540
1707975900000,45998,46069.9,45922.1,46018.4,90600,2896500
1707977700000,46018.4,46206.9,46018.4,46160,205785,2895300
1707979500000,46159.9,46218,45981.8,46091.3,164340,2899500
1707981300000,46093.5,46140.1,46041.4,46113.9,59865,2913040
1707983100000,46113.9,46347.8,46060.8,46334.4,205950,2922360
1707984900000,46330.8,46369.6,46204.1,46219.8,274530,2936670
1707986700000,46223.9,46293.9,46130.4,46278.6,125595,2937900
1707988500000,46272.6,46397.8,46238.1,46350.9,266850,2893780
1707990300000,46340.6,46465.2,46287.1,46440.1,289170,2873480
1708055100000,46580,46624.6,46370.9,46419.8,358755,2808660
1708056900000,46419.9,46575,46350,46565.2,225600,2798790
1708058700000,46568.9,46578.2,46471,46530,91365,2819720
1708060500000,46530,46597,46490,46527.3,108255,2844160
1708062300000,46527.3,46536.9,46431,46491.9,95460,2840720
1708064100000,46491.9,46587.8,46415.6,46568.4,121800,2844020
1708065900000,46568.4,46590,46490,46568.1,84870,2848700
1708067700000,46568.1,46644,46543.9,46582,121170,2854140
1708069500000,46582,46739,46527.4,46723.9,236715,2856990
1708071300000,46725.5,46885.8,46433.2,46537.1,535410,2864550
1708073100000,46523,46714,46468.3,46575,264465,2849550
1708074900000,46584.9,46638.6,46466.6,46490.4,164115,2850150
1708076700000,46490.4,46517,46452.8,46472.5,198405,2865720
1708314300000,46599,46649,46430,46472.75,243855,2809500
1708316100000,46472.75,46579.3,46403,46550,175740,2810700
1708317900000,46552.35,46667.4,46505.85,46610.95,162330,2804430
1708319700000,46615.8,46785,46606.25,46765.5,251250,2826300
1708321500000,46769.6,46882.3,46680,46764.8,232140,2883540
1708323300000,46764.75,46835,46732.05,46798.35,106080,2882790
1708325100000,46798.35,46849.5,46750,46800,127500,2873445
1708326900000,46800,46863,46770,46839.35,101265,2901465
1708328700000,46840.9,46851.95,46710,46789.3,162825,2870295
1708330500000,46786.05,46885,46760,46795.65,144405,2857440
1708332300000,46795.65,46848.9,46720.7,46765.6,129195,2826300
1708334100000,46765.6,46765.6,46545.95,46634.7,324210,2740215
1708335900000,46634.7,46718.75,46620.4,46652,134445,2724060
1708400700000,46648,46755,46464.35,46715,325200,2709990
1708402500000,46713.3,46933,46622.65,46931.6,325275,2706645
1708404300000,46930.75,47049,46858.2,46868.65,413865,2701410
1708406100000,46876.95,46978.1,46867.3,46955,127095,2706465
1708407900000,46955,47047,46895.7,46930,143130,2697405
1708409700000,46930,47078,46915.7,47014.15,149715,2701350
1708411500000,47014.25,47048.95,46970,47017.35,117345,2722515
1708413300000,47015,47063,46980,47000,100710,2732925
1708415100000,46999.5,47154,46975.05,47057.95,200580,2743410
1708416900000,47071.15,47071.15,46841.5,46965.25,299790,2744385
1708418700000,46974.2,47178.75,46961.25,47105.05,252930,2751825
1708420500000,47116.7,47210,47078.9,47175.05,218520,2746560
1708422300000,47170.1,47225.2,47161.45,47224.05,205680,2731305
1708487100000,47400.05,47400.05,47120.1,47357.85,466455,2726700
1708488900000,47354.95,47392.4,47112.7,47165,311460,2729475
1708490700000,47163.8,47204.1,46970,47000.7,460905,2709165
1708492500000,46997.55,47114.05,46964,47054.85,215820,2717385
1708494300000,47049.05,47215,47020.1,47188.45,178725,2721645
1708496100000,47188.4,47200,47108.25,47156.45,78540,2713530
1708497900000,47156.4,47263.15,47150,47230.55,135750,2701965
1708499700000,47236.15,47330,47233.3,47290.35,182145,2696880
1708501500000,47293.25,47325,47200.9,47303.1,129180,2705910
1708503300000,47303.1,47304.75,47069.8,47127.55,313065,2737665
1708505100000,47128.7,47199.6,47010,47064.95,281775,2789835
1708506900000,47064,47170,47040,47111.75,262845,2798505
1708508700000,47111.75,47123.85,46900.85,46922,328470,2769075
1708573500000,46999.9,47089,46880,46970,403440,2675160
1708575300000,46965,47018.65,46666,46726,490065,2661915
1708577100000,46729.55,46746.55,46577,46683.65,334335,2645475
1708578900000,46680,46716,46550,46635,168915,2639955
1708580700000,46635,46651.4,46506,46623.75,216855,2625735
1708582500000,46630,46750,46581.2,46681.55,124380,2627880
1708584300000,46679.05,46715.5,46625,46666.3,72270,2645760
1708586100000,46660.25,46687,46570.5,46625,108480,2626950
1708587900000,46627.55,46825.2,46611.45,46815,160440,2606595
1708589700000,46807.5,47020.4,46807.5,46880,489375,2518620
1708591500000,46875,46945,46792.6,46916,231600,2561040
1708593300000,46914.55,47000,46845,46980,223095,2528325
1708595100000,46982.5,47021.35,46965.05,46989.25,214680,2492895
1708659900000,47100,47243,46992.05,47201.75,441465,2372475
1708661700000,47201,47314.85,47174.2,47314.85,292950,2392335
1708663500000,47309,47399,46936.45,47084.2,563130,2424450
1708665300000,47084.5,47239.85,47010.65,47166,228780,2487180
1708667100000,47166,47217.8,47125,47155,78780,2489310
1708668900000,47154.7,47169.95,47032.3,47082.55,90465,2482035
1708670700000,47079.3,47195,47032.05,47178.75,88020,2486955
1708672500000,47176,47210,47103.35,47148.25,83745,2490870
1708674300000,47153.5,47160,46829.05,46944.9,331260,2465220
1708676100000,46945.75,47005,46816,46828,161580,2453505
1708677900000,46822.5,47065,46783.65,47046.3,280785,2464320
1708679700000,47048,47057.95,46851.5,46892.1,154020,2470680
1708681500000,46892.1,46904.55,46764.55,46799.95,259755,2474055
1708919100000,46694.7,46922,46664.2,46913.75,366705,2300340
1708920900000,46904.2,46934.6,46596.1,46720,332175,2288745
1708922700000,46715.65,46789.4,46647.8,46687.7,113640,2285340
1708924500000,46680.05,46730,46616.25,46672.7,93435,2303025
1708926300000,46675.85,46718.95,46641,46698,84870,2312400
1708928100000,46698.1,46713.5,46567,46615.4,155340,2298135
1708929900000,46615.4,46722.95,46526,46664.1,189165,2310405
1708931700000,46666.15,46880,46642.15,46858.7,279345,2303220
1708933500000,46851.95,46895,46685,46695.05,205365,2302515
1708935300000,46695,46843.85,46682.65,46782,119850,2266695
1708937100000,46782,46850,46695.75,46745.8,141795,2256420
1708938900000,46747.5,46774.95,46585,46605.1,237000,2240625
1708940700000,46605.15,46619,46565.05,46575,152145,2222985
1709005500000,46545,46642,46463.1,46602.85,295440,2078580
1709007300000,46602.4,46670,46368,46399.2,240270,2101875
1709009100000,46398.65,46450,46310.3,46445.6,266475,2181225
1709010900000,46444.6,46529.5,46425.05,46464.1,138120,2148810
1709012700000,46465,46559,46422,46495.4,107430,2111445
1709014500000,46495.15,46520,46411,46469.25,81420,2122935
1709016300000,46470,46498.5,46384.9,46488.35,85290,2129700
1709018100000,46489.8,46696,46478,46689.55,305625,2118720
1709019900000,46689.45,46745,46608.8,46626.2,266535,2081190
1709021700000,46628.2,46648.65,46508.3,46637.1,138765,2049615
1709023500000,46637.1,46698,46552.15,46640,132135,2045925
1709025300000,46640,46647.55,46516.05,46564.25,154350,1960695
1709027100000,46568.1,46630,46550.6,46605,124545,1926450
1709091900000,46602.05,46671.8,46532.55,46604.1,269265,1845450
1709093700000,46605.45,46730,46492.75,46690,325935,1830885
1709095500000,46690,46767.1,46616.65,46641.25,195540,1810455
1709097300000,46647.85,46652.9,45980,46170.05,939450,1864995
1709099100000,46169,46289.7,46137.95,46153.3,191235,1829370
1709100900000,46153.3,46246.15,46105,46213.3,113370,1751085
1709102700000,46209.4,46238.2,46122.4,46203.7,84000,1732995
1709104500000,46203.7,46206,45843.25,45894.15,273945,1735965
1709106300000,45880.7,46255,45875.15,46184.3,220065,1687140
1709108100000,46187.45,46268.9,46132.35,46210,113790,1676265
1709109900000,46210,46228.4,45915,45970.2,196725,1688505
1709111700000,45969.8,46088,45792.3,45858.05,269730,1689915
1709113500000,45859.15,45859.8,45774.45,45777,293775,1596825
1709178300000,45827.9,45974.45,45677.1,45862.9,236415,1319250
1709180100000,45855.5,46140.5,45616.65,45718.6,405225,1284810
1709181900000,45706.65,45835,45660.65,45785.05,140175,1284105
1709183700000,45786.75,45879.85,45720,45879.85,104505,1280925
1709185500000,45879.95,45891,45757.45,45838.35,123315,1279815
1709187300000,45836.15,45921.35,45799.2,45856.75,94665,1266000
1709189100000,45858.05,46035.65,45770.05,45994.3,154995,1232070
1709190900000,45994.35,46085,45932.25,46065.25,180795,1182855
1709192700000,46065.25,46136.35,46002,46039.95,236325,1148355
1709194500000,46039.95,46225,46029.9,46155.25,189270,1128720
1709196300000,46150,46325,46018.1,46325,283515,1114800
1709198100000,46324.95,46387.85,45949.1,46116.95,364905,1022985
1709199900000,46119.6,46152.1,46087.45,46119.5,153000,978345
1709264700000,46675,46930.95,46629.8,46890,612615,2392080
1709266500000,46895.9,46940.4,46815.35,46887,229995,2354055
1709268300000,46887,46949,46851.1,46894.8,188355,2346540
1709270100000,46888.1,46999.95,46856,46969.15,192990,2337840
1709271900000,46978,47269.6,46971.3,47175.05,502785,2363970
1709273700000,47184.6,47240,47167.05,47201.75,131475,2365485
1709275500000,47208.5,47348,47178.05,47328.45,257280,2366475
1709277300000,47330,47375,47256.05,47289,189705,2357250
1709279100000,47289,47346,47260,47321,76815,2369175
1709280900000,47322.4,47486.6,47301.05,47479.3,303660,2398185
1709282700000,47480.2,47598.8,47459.05,47543.7,301305,2407410
1709284500000,47544.4,47637.4,47514.05,47617.25,255675,2395995
1709286300000,47616.6,47623.75,47510,47580,270285,2335515
1709351100000,47625,47700,47512,47612.55,151905,2321295
1709352900000,47613.65,47630,47565,47592.6,42975,2321790
1709358300000,47355.55,47610,47355.55,47600.4,29850,2329245
1709360100000,47600,47678.35,47594.8,47656,111015,2355720
1709361900000,47656,47677.4,47650,47665,55890,2341155
1709363700000,47665,47665,47665,47665,0,2341155
1709365500000,47665,47665,47665,47665,0,2341155
1709367300000,47665,47665,47665,47665,0,2341155
1709369100000,47665,47665,47665,47665,0,2341155
1709370900000,47665,47665,47665,47665,0,2341155
1709372700000,47665,47665,47665,47665,0,2341155
1709523900000,47625,47745,47574.65,47650,401580,2397390
1709525700000,47645,47716,47543.15,47668.95,151665,2375565
1709527500000,47672.3,47780,47668,47737.3,170010,2376345
1709529300000,47746.1,47746.1,47424.1,47559.6,329700,2346210
1709531100000,47565.45,47617.35,47472.4,47540.1,102840,2338770
1709532900000,47540.2,47579.1,47464.05,47514.1,76035,2337840
1709534700000,47508.25,47606.05,47508.25,47581,77055,2351340
1709536500000,47581.1,47589,47475.7,47525.05,87240,2350035
1709538300000,47525.05,47650,47521.05,47612.8,99480,2340480
1709540100000,47621,47724.7,47547,47710,158745,2341470
1709541900000,47710,47748.35,47540,47615.05,176715,2312460
1709543700000,47608.8,47749,47600,47708.15,129555,2324655
1709545500000,47702,47734.1,47582.7,47685.65,123990,2319390
1709610300000,47535.05,47658.95,47497.15,47623.55,256185,2320605
1709612100000,47621,47656,47533,47573.55,143280,2322405
1709613900000,47573.25,47596,47487,47585.4,161340,2310675
1709615700000,47581.3,47677.2,47555,47600,111450,2310255
1709617500000,47600,47625,47515.65,47618,83820,2318790
1709619300000,47618,47714,47609,47635,160980,2323035
1709621100000,47639.25,47705.35,47609,47700,59850,2318970
1709622900000,47700,48048.2,47685.9,47970.95,483315,2358300
1709624700000,47973.2,48016.75,47922.05,47940.5,158385,2390580
1709626500000,47935,47962.8,47767.6,47875.5,232290,2390280
1709628300000,47871.95,47996.75,47848.9,47927.95,167355,2431185
1709630100000,47936.45,47981.55,47859.4,47910.7,206385,2524200
1709631900000,47914.7,47929.55,47879.05,47906.85,107655,2522205
1709696700000,47705.3,48150,47705.3,48142.25,521220,2551980
1709698500000,48148.35,48273.4,47980,48218.35,533265,2589585
1709700300000,48231.2,48344.95,48106.6,48190.65,382530,2604810
1709702100000,48200,48265,48094,48182.1,173520,2583975
1709703900000,48181.7,48242,48119.7,48155.6,160035,2546325
1709705700000,48155.6,48195.8,48084.6,48193.1,144690,2554410
1709707500000,48190.25,48259.45,48147.15,48213.65,241575,2519295
1709709300000,48211.8,48276,48168.45,48273.95,292695,2493630
1709711100000,48273.3,48278.5,48185.4,48244.15,303975,2470170
1709712900000,48240.6,48311.25,48236.5,48283.85,235335,2406525
1709714700000,48283.85,48324,48238,48275.25,245025,2430315
1709716500000,48275,48280,48034,48097.4,393630,2326635
1709718300000,48092.5,48167.45,48074.55,48115,265365,2363670
1709783100000,48200,48202.35,48025,48077.55,335805,2275065
1709784900000,48083,48123.55,47981,48104.35,189420,2268405
1709786700000,48096.75,48150,47961.55,47963.35,148665,2265030
1709788500000,47970.35,48090.35,47905,48040.35,276390,2261010
1709790300000,48036.1,48084,47984.65,48034.25,66195,2206350
1709792100000,48032,48060.9,47977.4,48002.1,67380,2198700
1709793900000,48002.1,48035,47934,47992.4,97770,2206545
1709795700000,47990,48036.65,47951.5,48022.25,155055,2167380
1709797500000,48021,48074.2,47977.85,48030.1,74265,2180145
1709799300000,48032.95,48090,48015,48026,86805,2176950
1709801100000,48030,48182.95,48009.5,48079.5,187245,2153985
1709802900000,48078.9,48113.5,47945.1,47995.5,156945,2135670
1709804700000,47999.95,48002.5,47880.3,47900,254250,2136075
1710128700000,47898,47978.4,47813.05,47865,242370,1992150
1710130500000,47867.55,47884.35,47756,47756.3,160365,1991520
1710132300000,47756,47869,47750,47795,141930,2011635
1710134100000,47795,47835,47758.15,47790,86940,2029935
1710135900000,47784.05,47804.55,47616.6,47679.55,248460,2033700
1710137700000,47678.65,47705.2,47488,47517.4,275160,2034690
1710139500000,47518.55,47578.95,47460.05,47566.25,217950,2069505
1710141300000,47568,47569.9,47441,47494.55,152625,2042730
1710143100000,47494.6,47585.3,47461,47521.85,139485,2073510
1710144900000,47521.5,47565,47456,47470.7,63300,2066625
1710146700000,47468.3,47562.9,47403.3,47553,235380,2026905
1710148500000,47553.95,47606.25,47473.65,47502.75,227625,1999035
1710150300000,47502.75,47507.85,47449,47468,126645,1980180
1710215100000,47499.9,47915.7,47410.5,47908.9,638985,1989270
1710216900000,47909,48034,47861.75,47948.2,465045,1993140
1710218700000,47960,47999,47456.75,47461.15,352005,1986840
1710220500000,47460.5,47583.7,47162.55,47551.55,997695,1900920
1710222300000,47555.6,47562.3,47400.05,47460,148230,1896810
1710224100000,47460,47626.75,47387,47465.4,208545,1900605
1710225900000,47461.1,47584.05,47443,47569.2,99945,1908030
1710227700000,47576.05,47619.8,47473.05,47608.2,113145,1904295
1710229500000,47606.5,47715,47560.6,47632.2,202155,1926795
1710231300000,47632.2,47738.9,47605,47624.8,175995,1988325
1710233100000,47632.7,47684.7,47481.55,47515.75,167640,1999830
1710234900000,47506.2,47610.5,47475.25,47503.6,164985,2007705
1710236700000,47506.85,47539.95,47497.1,47523,123855,1990050
1710301500000,47600,47658.5,47508.15,47570,274605,1953945
1710303300000,47575.85,47661.8,47425,47638.15,336540,1920480
1710305100000,47637.4,47684.3,47480.65,47546.05,170580,1927440
1710306900000,47558.1,47571.75,47380,47455,172770,1919685
1710308700000,47452.15,47474.65,47261,47333.15,253110,1912365
1710310500000,47339.75,47387.95,47281.15,47294.35,171765,1922235
1710312300000,47290.7,47370.3,47265,47306.7,156180,1944345
1710314100000,47297.65,47360,47274.3,47321.9,77040,1949235
1710315900000,47319.15,47375,47280.05,47310.05,73560,1944390
1710317700000,47314.1,47324.95,47085,47105.1,317070,1977345
1710319500000,47102.35,47171.1,47043.3,47144.85,426450,2033145
1710321300000,47141.4,47277.4,47003.7,47008,398955,2062260
1710323100000,47007.25,47083.8,46947.55,47022,270255,2015970
1710387900000,47000,47064.95,46791,46976.7,458550,2012085
1710389700000,46976.7,47092,46920.1,46954.55,169680,1995990
1710391500000,46943.4,47275,46917.65,47237.4,245220,1990725
1710393300000,47240,47345.45,47131.25,47315,261285,1984215
1710395100000,47315.8,47447,47225,47420.25,248490,1973070
1710396900000,47421.05,47439.25,47306.6,47368.8,152115,1981470
1710398700000,47369.3,47420,47195.75,47195.75,121635,1990275
1710400500000,47199.1,47322.85,47129.95,47263.2,170985,1998765
1710402300000,47268.6,47295,47102,47122,98895,1986135
1710404100000,47121.75,47188.6,46971.65,47001.6,275430,1988805
1710405900000,47008.1,47135,46945,46958.25,169125,1980885
1710407700000,46954.8,47040,46918,47023.1,148425,2005710
1710409500000,47020,47066,46942.5,47000,133890,2012925
1710474300000,46825,46987.2,46661.5,46745.15,400515,2031315
1710476100000,46750,46799,46555,46628,305430,2066220
1710477900000,46630,46649.85,46440.25,46571.35,293190,2135835
1710479700000,46570,46747,46515,46566.7,237015,2147340
1710481500000,46576.3,46645.5,46551.25,46612.4,84465,2169390
1710483300000,46605.45,46664.55,46498,46543.75,121365,2180655
1710485100000,46547.25,46590.15,46515,46557.6,60975,2152080
1710486900000,46555,46710.85,46545.8,46639,206145,2165100
1710488700000,46633.9,46771.5,46580.5,46735.7,130860,2151210
1710490500000,46743.15,46940,46721,46758.9,332280,2121255
1710492300000,46766.2,46793,46528,46599.5,217035,2154780
1710494100000,46599.35,46786.65,46560.5,46647.3,211920,2108205
1710495900000,46648.2,46732,46640,46680.85,172965,2065560
1710733500000,46649.95,46802.15,46555,46608.85,294060,1990170
1710735300000,46612.3,46719.5,46475,46532.65,260565,2000880
1710737100000,46527.3,46659.9,46503.25,46568.6,116115,2000655
1710738900000,46568.6,46635,46375,46375,128190,1997355
1710740700000,46357,46460,46210,46456.65,301455,2032515
1710742500000,46456.15,46808.9,46391.8,46728.4,333360,1989870
1710744300000,46733.75,46889.1,46685,46700,273810,1975425
1710746100000,46697.85,46796.3,46655.5,46782.7,90015,1976475
1710747900000,46775.85,46813.35,46720,46737.85,54870,1990050
1710749700000,46735.4,46799.95,46685,46723.7,61830,1993950
1710751500000,46723.7,46900,46720.2,46837.25,220395,1992915
1710753300000,46834.85,46843.15,46652,46714.9,137880,1985760
1710755100000,46710.25,46792.85,46710.25,46785,104970,1950675
1710819900000,46679.55,46777,46593,46743.15,243285,1951755
1710821700000,46745.5,46746.55,46490,46556.4,266685,1953105
1710823500000,46557.95,46667.65,46450,46585.35,250965,1958745
1710825300000,46590,46597,46505.05,46579.7,101370,1980150
1710827100000,46574,46697.65,46532,46536.45,137565,1990485
1710828900000,46535,46590,46519.55,46569.75,76275,1981125
1710830700000,46563.65,46631.2,46557.55,46586.6,70665,1985325
1710832500000,46586.65,46638.9,46563.05,46599.6,52155,1989615
1710834300000,46607,46612.75,46547.7,46566,56760,1996455
1710836100000,46571.6,46587.95,46423.25,46451.6,149025,1995210
1710837900000,46451.55,46541.3,46364,46495.9,195360,1991460
1710839700000,46490.35,46559.15,46380,46410.2,162030,1988640
1710841500000,46414.45,46450,46407.15,46429.9,106305,1962285
1710906300000,46475,46699,46462.8,46622.9,317280,1952475
1710908100000,46624.35,46641.15,46266.6,46290,373515,2007030
1710909900000,46288.65,46320,46002,46080.1,331860,2051370
1710911700000,46070,46343.4,46022.3,46302.35,347205,2088690
1710913500000,46302.3,46408.75,46200.95,46405.9,147780,2065560
1710915300000,46400.55,46439,46358.4,46420,155895,2016465
1710917100000,46420,46625,46402.6,46596.35,259380,1992885
1710918900000,46596.4,46718.4,46510.1,46670,278475,1960005
1710920700000,46675,46789.55,46640,46740,371040,1981860
1710922500000,46735.4,46770,46482,46512.1,199665,1983450
1710924300000,46502.45,46586,46375,46469,317340,2026860
1710926100000,46463.1,46503.8,46410,46456.9,194940,2028000
1710927900000,46458.5,46490.65,46411.2,46464.6,178560,2066760
1710992700000,46726.25,46986.95,46700.5,46934,507210,1946325
1710994500000,46946.55,47142,46881.6,47091.6,363495,1962510
1710996300000,47091.6,47125.35,46832.15,46876.6,349890,2027205
1710998100000,46872.15,47013.8,46865.05,46970.85,114555,2020680
1710999900000,46970.85,46995,46892.75,46907.6,73770,2031690
1711001700000,46900.75,46939,46675,46685.5,268665,2037435
1711003500000,46687,46847.7,46629.85,46822,208740,2017320
1711005300000,46821.85,46840,46760,46815,64680,2031735
1711007100000,46815,46891,46767.05,46799.85,101940,2008245
1711008900000,46800,46839,46738,46787.75,102060,2031705
1711010700000,46787.75,46845,46745,46793.05,57600,2027970
1711012500000,46799,46819.7,46760,46793.8,125745,2025915
1711014300000,46793,46811,46783.05,46805,138600,2024580
1711079100000,46719.7,46914.95,46610,46795.05,523800,1907640
1711080900000,46790.9,46930.95,46665,46890.5,261450,1912980
1711082700000,46890.5,47025,46845,46938.9,289110,1942365
1711084500000,46943.6,46975,46885.05,46925,83040,1913145
1711086300000,46928.1,47010,46918.3,46975.2,105300,1936335
1711088100000,46977.95,46990,46886.8,46918,92685,1939830
1711089900000,46921.7,46942.95,46865,46905,95145,1915155
1711091700000,46897,46988.85,46894.3,46960.7,72870,1901100
1711093500000,46953.7,46980,46870,46913.65,68505,1887000
1711095300000,46911.35,46958.65,46890,46946.1,50460,1883160
1711097100000,46946.1,47062.3,46945.1,47015,191145,1871835
1711098900000,47015,47075,46886,46903.6,160980,1837860
1711100700000,46905.8,46950,46902.25,46930,97065,1811775
1711424700000,46805.4,46878.1,46610.3,46771.25,337455,1779960
1711426500000,46771.1,46809,46685.25,46721.6,204585,1730460
1711428300000,46721.4,46847.55,46697.75,46715.45,126900,1734630
1711430100000,46720,46773.95,46710.5,46750,57720,1731930
1711431900000,46750,46858,46730,46827,72870,1732620
1711433700000,46827,46840,46750.6,46769,92190,1771560
1711435500000,46768.75,46815.8,46754.4,46785.65,58440,1782465
1711437300000,46783.05,46836.3,46780,46795.4,68820,1780440
1711439100000,46789.2,46809.8,46709,46730.55,101295,1802070
1711440900000,46720.05,46777.5,46671.1,46719.6,150135,1814550
1711442700000,46717.45,46750,46650.55,46686.85,121005,1844130
1711444500000,46686.55,46730,46666.45,46710,174150,1875975
1711446300000,46710,46730,46705,46728,151515,1875960
1711511100000,46708.3,46864,46705.35,46837.85,288690,1365930
1711512900000,46840.45,46958,46810.7,46915,228420,1337295
1711514700000,46915,46960.9,46850,46889.5,183720,1376655
1711516500000,46887.2,46890,46717,46757.9,206070,1388805
1711518300000,46760.7,46810.8,46745.15,46793.05,107715,1365795
1711520100000,46792.9,46808.9,46744.15,46764,63525,1332870
1711521900000,46764.7,46782.45,46728.8,46752.9,56160,1324575
1711523700000,46740.35,46799,46731.5,46758.15,73050,1332780
1711525500000,46759.95,46782,46722.2,46771,52740,1243665
1711527300000,46771,46790,46722.8,46733.95,59640,1219725
1711529100000,46737.55,46763.45,46649.05,46753.05,199065,1155855
1711530900000,46755,46757.2,46705.55,46755,300870,1103550
1711532700000,46755.7,46804.65,46752.6,46783.35,285855,1022145
1711597500000,47549.5,47554,47264.8,47533.5,663855,3222615
1711599300000,47533.5,47595,47456.6,47572.95,346485,3301875
1711601100000,47578.25,47722.2,47576.95,47690,392700,3341970
1711602900000,47690,47748.85,47653.95,47744,210105,3350595
1711604700000,47744,47755,47621.2,47657.3,152490,3344850
1711606500000,47655,47679.6,47582,47620,117630,3334125
1711608300000,47620,47728.85,47592.75,47724,102225,3317100
1711610100000,47725,47763,47662.2,47709,112920,3309255
1711611900000,47705.1,47725,47681.5,47701.95,98955,3311955
1711613700000,47706.85,47748,47675,47744.05,98310,3309750
1711615500000,47743.95,47761.9,47710.1,47750,133200,3325905
1711617300000,47751.5,47751.8,47405.5,47491.85,385515,3299955
1711619100000,47492.25,47608,47475,47600,230670,3270210
1711943100000,47702.95,47944.7,47647.65,47835.3,456510,3252465
1711944900000,47837.55,47917.95,47812.2,47880,253410,3143535
1711946700000,47880,47911,47824.2,47880,194205,3070995
1711948500000,47880,47887.05,47815,47877.75,301470,2847780
1711950300000,47880,47898.3,47852.2,47874.95,227190,2687505
1711952100000,47874.95,47908,47853.2,47865,228435,2530980
1711953900000,47865,47888,47850,47875.85,188565,2370615
1711955700000,47875.45,47877.3,47790.05,47822.55,213210,2319000
1711957500000,47822.55,47895,47822.05,47869.95,148110,2220675
1711959300000,47870,47884,47828.45,47856.95,84030,2190270
1711961100000,47850.45,47875,47826.15,47832.1,247650,2020530
1711962900000,47831.4,47898,47830,47897.75,168120,1958685
1711964700000,47885,47947.25,47882.6,47942.85,245205,1950660
1712029500000,47805.4,48009.75,47750.15,48002.5,408825,1944540
1712031300000,48007,48014.7,47883.35,47921.45,147720,1964925
1712033100000,47920.7,47970,47909.95,47955,64590,1980840
1712034900000,47952,48051,47904,47989,267030,2000805
1712036700000,47980.45,48024.1,47959.45,47982.9,81510,1977690
1712038500000,47987.85,48008.1,47965.05,47984.55,56235,1971720
1712040300000,47985.7,48024.95,47972.35,48017.45,87690,1970190
1712042100000,48017.45,48020,47924.1,47953.9,71415,1974780
1712043900000,47955.3,47990.8,47935,47941.55,65265,1976370
1712045700000,47941.55,47947.9,47837.7,47877,129690,1978215
1712047500000,47880.05,47937.95,47860.05,47897.95,71280,1977240
1712049300000,47890,47919,47857.25,47899.8,75435,1980360
1712051100000,47895.35,47904.3,47880,47880,76035,1973430
1712115900000,47699,47776.95,47580,47625.8,352665,1959360
1712117700000,47623,47813.2,47615.05,47770.6,182460,1936200
1712119500000,47770,47839.9,47737.6,47763.7,161205,1955895
1712121300000,47763.65,47829.95,47730,47790.3,120750,1976355
1712123100000,47783.65,47839.9,47778,47813.7,127155,1998315
1712124900000,47813.7,47936,47785,47934.75,138060,2018985
1712126700000,47928.75,47948.3,47863.4,47915,128145,2060160
1712128500000,47912.6,47919,47876.45,47887.35,99855,2087670
1712130300000,47885,47967,47885,47923.75,74100,2095530
1712132100000,47923,47927.95,47838.1,47898.25,117795,2118660
1712133900000,47892.35,47919.9,47855,47872.85,77820,2111670
1712135700000,47877.4,47921,47871.3,47902.95,123795,2095035
1712137500000,47895.15,47940.65,47895.15,47931.1,163845,2071875
1712202300000,48185,48323.5,48080.7,48107.3,630735,2070450
1712204100000,48100.35,48179.9,47945.55,47960.95,357585,2040465
1712205900000,47955.05,48089.85,47955,48054.55,121695,2031300
1712207700000,48042.4,48099.45,47920,48090.6,167235,2033070
1712209500000,48098,48105,48000,48050,84945,2025510
1712211300000,48050.4,48074.8,48012,48024,41655,2022660
1712213100000,48017.9,48200,48015.85,48186.6,113355,2032215
1712214900000,48198.45,48202.5,48106,48157.1,117885,2048505
1712216700000,48148,48288,48114.25,48208,214545,2067840
1712218500000,48214.35,48220,48031,48125,174015,2041800
1712220300000,48128,48235,48100,48233.2,133875,2011215
1712222100000,48235,48249.25,48105.5,48179.45,207330,1972185
1712223900000,48179.6,48270,48177.05,48268.45,170565,1945500
1712288700000,48170,48224.4,48014.05,48187.95,292230,1846485
1712290500000,48188.15,48275,48129.6,48187.85,182310,1867050
1712292300000,48190,48295,48145,48259.95,134580,1892100
1712294100000,48267.85,48375,48245,48341.75,187305,1882380
1712295900000,48347.7,48377,48260,48316.65,128160,1897620
1712297700000,48310,48400,48310,48351.4,95325,1896870
1712299500000,48361.45,48375,48302.95,48328.8,63630,1900365
1712301300000,48335,48365.65,48281.4,48310.05,176175,1972980
1712303100000,48299.45,48387,48297.1,48350,65790,1981215
1712304900000,48349.5,48486.05,48328.25,48400,193365,2007315
1712306700000,48400,48494.3,48399.5,48443.15,127620,2032320
1712308500000,48445.5,48725,48440,48679.35,400890,2087235
1712310300000,48680.4,48707.65,48651,48690,245715,2109810
1712547900000,48705.1,48783.95,48603,48670.55,403830,2094090
1712549700000,48670.55,48689,48567.05,48669,119970,2080935
1712551500000,48669,48705.85,48631,48653.5,67965,2075190
1712553300000,48650.6,48690,48630,48685,54630,2076735
1712555100000,48685,48716.75,48651,48715.65,51375,2062320
1712556900000,48713.55,48720,48680,48693.75,41550,2063145
1712558700000,48693.7,48820,48688.2,48802.95,148170,2065575
1712560500000,48802.95,48847,48772.25,48820.05,97950,2084925
1712562300000,48820.05,48843,48616.85,48726.6,178545,2076930
1712564100000,48726.6,48730,48654.45,48687.25,54060,2073825
1712565900000,48687.25,48745,48683.05,48690.2,44490,2066580
1712567700000,48691.45,48725,48670.9,48708.95,77205,2048700
1712569500000,48701.55,48708.95,48677,48678.1,72060,2027175
1712634300000,48857,48857,48716.1,48822.45,217995,2015070
1712636100000,48828.9,48975,48806.85,48945.8,268110,2034315
1712637900000,48945.8,49074.95,48911.25,49020.15,244845,2056215
1712639700000,49020.15,49026.75,48927.4,48945.25,95295,2078340
1712641500000,48942.95,49047,48931.65,49015.6,67650,2080410
1712643300000,49018.55,49064.05,48975.8,49013.25,80220,2079720
1712645100000,49015,49031.95,48916.8,48964.95,86385,2084700
1712646900000,48968.05,49001.9,48952.6,48955.2,50070,2087070
1712648700000,48955.7,48971.75,48852.6,48852.6,108480,2082480
1712650500000,48858.7,48858.7,48635.3,48654,364845,2031345
1712652300000,48650,48855.5,48622.05,48800,179205,2037720
1712654100000,48800,48839,48764,48794.6,84225,2023380
1712655900000,48794.65,48825,48785,48805.05,82935,2022345
1712720700000,48901.1,48987,48760.05,48945.05,305670,1986750
1712722500000,48945.25,48992,48860,48945,164460,2005170
1712724300000,48945,49017.6,48905.3,48986.25,117075,2008530
1712726100000,48987,49028,48955.05,48980.05,86100,2023350
1712727900000,48980,48996.05,48930,48965.55,55290,2026305
1712729700000,48965.55,48977.25,48910,48971.5,84720,2013690
1712731500000,48971.5,48974.8,48914,48945,63570,2010000
1712733300000,48944.85,48990,48912,48973.7,89685,2015715
1712735100000,48973.7,48998.3,48960.5,48992.55,65685,2029410
1712736900000,48994.5,49013.1,48951,48974.3,58905,2008905
1712738700000,48978,49086,48970,49060.35,220005,2054400
1712740500000,49061.85,49085.15,48979.15,49009.8,384720,2228385
1712742300000,49009.9,49017.55,48968,48975,195030,2259330
1712893500000,48751,48914.75,48699.8,48787.15,363120,2182395
1712895300000,48782.25,48798.7,48711.15,48742,245685,2154120
1712897100000,48745,48785.75,48666.1,48761.15,171945,2145330
1712898900000,48762.85,48775,48730.5,48750,51060,2138205
1712900700000,48752.55,48815,48743.85,48799.95,59370,2147550
1712902500000,48799.85,48898.9,48795.05,48882.05,118665,2156745
1712904300000,48881.5,48888.7,48701.1,48741,185145,2138265
1712906100000,48735.85,48777,48676.65,48750,102870,2133945
1712907900000,48750,48769.8,48702,48725,48600,2130075
1712909700000,48724,48794.95,48670.1,48686.2,72630,2125155
1712911500000,48680.7,48820,48677,48726,102000,2108220
1712913300000,48726.8,48760,48686.9,48715,141015,2078265
1712915100000,48718.25,48743,48680.1,48700.45,127065,2043735
1713152700000,47573.75,48449.85,47573.75,48111.7,702900,1894140
1713154500000,48114,48200,48078.8,48166.85,243300,1892910
1713156300000,48165.4,48214.55,48124,48209.35,109965,1901175
1713158100000,48206.3,48320,48192.25,48208.25,172935,1910685
1713159900000,48205,48239.1,48186,48217,48825,1883430
1713161700000,48219.2,48250.85,48179.45,48243.4,68385,1888500
1713163500000,48240,48258.7,48191.45,48212.45,41505,1891620
1713165300000,48212.45,48230,48125.05,48133.45,73575,1892775
1713167100000,48138.6,48175,48090,48116.65,72825,1901340
1713168900000,48125.6,48158.1,48100,48102,65685,1913190
1713170700000,48102,48115,47930,47937.95,308880,1907760
1713172500000,47936.45,47948.95,47820.65,47861.75,299640,1943160
1713174300000,47862.5,47894.8,47823.75,47828.95,111765,1948065
1713239100000,47750,47750,47422,47543.85,439785,1929255
1713240900000,47537.65,47700.8,47518.85,47655,278085,1894995
1713242700000,47653.5,47664.25,47552.65,47629.3,124185,1900590
1713244500000,47629.7,47682.75,47620,47652.65,64200,1913745
1713246300000,47652.25,47686,47589.15,47611.25,72210,1921755
1713248100000,47611.9,47619.25,47515.7,47596,131085,1911345
1713249900000,47598.95,47605,47543.25,47550,67845,1894380
1713251700000,47546.45,47595,47542.95,47561.65,42780,1902360
1713253500000,47560,47624.1,47530,47588.8,101790,1907175
1713255300000,47585,47648.45,47581.95,47622,79365,1899285
1713257100000,47622,47634.9,47570,47587.1,67140,1893345
1713258900000,47587.3,47660.7,47531.9,47660,175725,1888065
1713260700000,47659.35,47734.9,47659.35,47711,198480,1877925
1713411900000,47750,47953.85,47666,47701.6,361860,1865955
1713413700000,47698.7,47789,47627,47696,155805,1876770
1713415500000,47702.8,47707.25,47551.05,47650.1,163635,1918110
1713417300000,47650.1,47859.9,47624,47822.6,170160,1911915
1713419100000,47820,47845,47723,47757,77745,1897995
1713420900000,47755,47809.9,47686.4,47700,72390,1895655
1713422700000,47700,47793,47693.05,47780,39105,1899915
1713424500000,47775,47784.8,47720,47749.1,22425,1901940
1713426300000,47761.65,47789,47205,47390.7,568260,1941240
1713428100000,47389.45,47515,47382.7,47447.55,201420,1963785
1713429900000,47449.4,47514.7,47073.55,47100,295230,1959540
1713431700000,47108.3,47261.15,47040,47067,376875,1967085
1713433500000,47074.55,47297.55,47070.55,47180,242250,1949265
1713498300000,46865,46945.95,46611.2,46889.6,558120,1880775
1713500100000,46875.3,47049,46850.05,46992.3,217035,1825545
1713501900000,46988.5,46994.45,46884.75,46914.6,89940,1845030
1713503700000,46910.6,46994.4,46869.1,46953.65,97080,1865670
1713505500000,46956.25,47125,46932.05,47069.5,169275,1828815
1713507300000,47075.05,47082,46945,47013.75,101955,1834005
1713509100000,47010.2,47314.8,46991.25,47295,276270,1798035
1713510900000,47299.9,47430,47238.15,47331.45,269730,1803630
1713512700000,47335,47348.6,47223.6,47300,94125,1804020
1713514500000,47300,47682.35,47293.7,47574.35,396420,1778625
1713516300000,47578.65,47584.35,47382,47394.85,139920,1765455
1713518100000,47400.9,47618.95,47381.6,47601.15,211515,1746825
1713519900000,47601.15,47645,47561,47631.05,135735,1722300
1713757500000,47990,48000,47701,47715.5,471225,1722990
1713759300000,47713.45,47785,47639.15,47711.45,302565,1758345
1713761100000,47701.55,47742,47596.45,47716.85,142605,1726650
1713762900000,47723,47814.8,47692,47777,132750,1674690
1713764700000,47778,47837.6,47747.2,47770,102090,1672995
1713766500000,47770,47858,47768.05,47798.95,93120,1670190
1713768300000,47798.95,47828.95,47735.95,47772.6,63180,1683015
1713770100000,47763,47770,47685.05,47741.85,133905,1719885
1713771900000,47744.1,47827,47713.75,47819.9,69690,1703055
1713773700000,47814.25,47877.8,47800,47814.15,108315,1663035
1713775500000,47813.65,47984.2,47798,47976,186465,1635330
1713777300000,47977.5,48020.05,47888,48013.2,311415,1595070
1713779100000,48005,48037.85,47968.25,48030,171060,1561470
1713843900000,48175.55,48175.55,47978.2,48018.55,310770,1402110
1713845700000,48018.8,48086,47925,48085,201855,1393035
1713847500000,48087.95,48090.25,47970.25,47974.25,87450,1390335
1713849300000,47974.25,48008.45,47941,47994.8,80850,1395495
1713851100000,47994.8,48047.6,47993.7,48021,54810,1390140
1713852900000,48018.2,48098.5,47978.05,48075.35,86565,1401000
1713854700000,48077.85,48092,48040.85,48053.9,92640,1440270
1713856500000,48051.7,48085,47971.5,48008.4,104280,1380180
1713858300000,48002.95,48055.1,47895.05,48024.15,154785,1373640
1713860100000,48024.15,48042.6,47960,48014.7,74055,1320510
1713861900000,48014.75,48039.65,47981,48025,72660,1311945
1713863700000,48022.4,48073.25,47950.2,48008.3,112080,1291725
1713865500000,48004.8,48023.9,47961,47962.2,89925,1274295
1713930300000,48102.1,48117.95,48000,48100,191085,1010730
1713932100000,48099.85,48200.65,48095.4,48156.55,229740,1014840
1713933900000,48156.55,48232.25,48150,48213.15,158400,1042410
1713935700000,48206.3,48218.95,48157,48183,60555,1044330
1713937500000,48184.75,48199.95,48140.1,48183,66795,1006065
1713939300000,48189.7,48197,48155,48182.3,39630,986880
1713941100000,48174.4,48209,48170,48190.75,57900,960030
1713942900000,48190.5,48213.05,48166.6,48197.95,51330,948765
1713944700000,48197.95,48236.7,48182.2,48215.7,104280,943560
1713946500000,48206.55,48230,48200,48214,69855,943395
1713948300000,48214,48225.9,48162.65,48176.3,91710,918615
1713950100000,48180,48210,48166,48192,303345,866565
1713951900000,48199.05,48199.05,48185.5,48189,140925,795675
1714016700000,48005.4,48350,47999.9,48305.1,449745,1669260
1714018500000,48300.05,48481,48240,48477,275745,1773675
1714020300000,48480,48527.5,48388.65,48406.25,172635,1818840
1714022100000,48407.35,48460,48252.3,48444.65,178215,1808940
1714023900000,48445.25,48457.65,48335,48354.2,80955,1821075
1714025700000,48352.75,48376.7,48304.75,48340,49665,1817670
1714027500000,48336.55,48443.6,48317.25,48393,61995,1818780
1714029300000,48398,48499.7,48370.9,48480,101385,1829430
1714031100000,48486.35,48565.3,48453.15,48561.7,119655,1840560
1714032900000,48562.7,48688,48525.5,48653.75,244875,1872435
1714034700000,48654.85,48732.6,48628,48715,189705,1900050
1714036500000,48714.85,48714.85,48625,48635.25,136005,1914900
1714038300000,48635,48657.2,48572.5,48643.15,143040,1885875
1714103100000,48660,48798.9,48601.5,48754.6,331215,1862430
1714104900000,48754.65,48764.95,48560.3,48618,155265,1837530
1714106700000,48615.4,48670,48483.1,48555.25,196260,1816410
1714108500000,48555.2,48590,48488.75,48528.9,143670,1816035
1714110300000,48526,48599,48521.5,48573.15,66750,1821825
1714112100000,48573.15,48579.95,48524.7,48548.45,42375,1806795
1714113900000,48548.45,48638,48537.6,48595,65025,1816590
1714115700000,48595,48660,48583.35,48645.9,68775,1822500
1714117500000,48640.7,48650,48429.8,48476.4,191355,1795320
1714119300000,48476.95,48500,48415,48490.25,88575,1811970
1714121100000,48498,48555,48460,48494.1,79950,1809585
1714122900000,48493.45,48530,48265.15,48335.8,228450,1788645
1714124700000,48339.05,48499.95,48337.55,48490,166275,1775910
1714362300000,48555,48756.6,48497.5,48678.5,424485,1798410
1714364100000,48678.5,48750,48577,48721.95,175080,1778460
1714365900000,48725.05,48940,48705.7,48880,375900,1845510
1714367700000,48891.05,48920,48863.3,48920,90240,1860120
1714369500000,48916.05,49060.5,48900.8,49028.15,214620,1897125
1714371300000,49025.85,49126.1,49005.55,49090,186180,1948665
1714373100000,49090,49180,49068,49151.3,129975,1976565
1714374900000,49155,49170,49115.1,49145,94545,1988595
1714376700000,49145,49464,49126,49431.7,368460,2031630
1714378500000,49433.9,49486.5,49348.05,49434,351120,2117010
1714380300000,49434,49485.65,49348.65,49438.3,226125,2150430
1714382100000,49435,49581.45,49425,49570,434145,2255655
1714383900000,49568,49570,49525,49563.85,222915,2284380
1714448700000,49600,49631.95,49437.05,49472.65,316290,2211615
1714450500000,49472.6,49675.8,49421,49533.8,413025,2172780
1714452300000,49533.8,49594.05,49493.8,49539.6,135630,2179185
1714454100000,49540,49612.3,49465.85,49558,143790,2200635
1714455900000,49558,49586.75,49506.2,49564.75,64020,2199720
1714457700000,49565,49566.2,49480,49543,90045,2220720
1714459500000,49543,49568,49445.8,49504.8,64005,2215395
1714461300000,49500.8,49549.3,49434.2,49461.5,112260,2228130
1714463100000,49453.85,49550,49422,49515.15,171120,2238810
1714464900000,49517.9,49900,49491.5,49860,709710,2357130
1714466700000,49858.6,49927.45,49760.4,49760.4,328710,2396895
1714468500000,49769.35,49784.15,49429.1,49447.15,598335,2354910
1714470300000,49432.2,49441.35,49380,49391.3,299625,2330385
1714621500000,49300.2,49531.9,49300.2,49445,316635,2270670
1714623300000,49448.25,49588,49350,49504.8,237555,2296455
1714625100000,49508.05,49531.6,49410.55,49451.55,108105,2277240
1714626900000,49451.55,49479,49311,49350.1,113370,2279775
1714628700000,49350,49431.35,49170.85,49331.45,297255,2237880
1714630500000,49326.15,49350.45,49287.8,49333.7,60525,2246310
1714632300000,49344.05,49409,49290.05,49329.15,56040,2247195
1714634100000,49329.15,49366.85,49260.8,49341.25,52500,2230305
1714635900000,49341.25,49414.1,49321.7,49378.9,44175,2234310
1714637700000,49379.85,49450,49321,49355.3,83715,2251575
1714639500000,49355.3,49369.05,49280,49318.95,77520,2255280
1714641300000,49319.7,49408.1,49301.15,49374.05,108255,2235015
1714643100000,49374.4,49434.95,49366.05,49390,113055,2204010
1714707900000,49506.05,49650,49500,49571.35,315210,2219670
1714709700000,49568.5,49577.45,49400,49402.4,171045,2201715
1714711500000,49402.4,49448.5,49222,49294.5,273285,2198565
1714713300000,49293.05,49330,49190.05,49277.5,180705,2194980
1714715100000,49277,49278.8,49007,49100.75,349605,2210145
1714716900000,49103.6,49164.35,49025,49101.05,157740,2199165
1714718700000,49102.95,49329.85,49078.75,49319.05,173850,2203215
1714720500000,49322.3,49329.85,48918.45,48958.05,346140,2178240
1714722300000,48955,49090,48870,48933.35,217740,2171295
1714724100000,48927.55,49050,48925,49039.9,132495,2143170
1714725900000,49033.3,49079.95,48951,49067.15,127470,2126685
1714727700000,49067.45,49158,49000,49115,182685,2102670
1714729500000,49111.85,49166,49045.45,49055,204555,2085345
1714967100000,49240,49420,49034,49240.2,708915,2087640
1714968900000,49237.3,49296.85,49127.95,49250,198525,2118015
1714970700000,49255,49358,49150,49320,150480,2119905
1714972500000,49315.15,49393,49243.35,49257.05,124380,2125140
1714974300000,49257.05,49307.95,49170,49220,81570,2127375
1714976100000,49220.1,49297.95,49185,49268.15,49320,2122995
1714977900000,49259.35,49269.1,49089.7,49134.8,145035,2129700
1714979700000,49132.45,49144.95,49018,49050.05,144675,2138280
1714981500000,49049.15,49096,48953.8,49092.45,174945,2128515
1714983300000,49088,49088,48956.3,48961.75,86475,2142600
1714985100000,48961.75,49071.6,48885,49001.45,143250,2123160
1714986900000,49000.15,49159.1,48978.4,49049.1,172935,2111565
1714988700000,49049.3,49064.2,49031.35,49053,61260,2089680
1715053500000,49075.05,49099.4,48925,48986.4,180780,2070165
1715055300000,48986.15,49018.75,48665.15,48720.05,434355,2096100
1715057100000,48720.05,48730.5,48485.75,48506,412980,2109180
1715058900000,48505.6,48590,48463.3,48485,234195,2103585
1715060700000,48486.3,48498.45,48311.2,48382,332790,2167950
1715062500000,48382,48460,48358,48411,122550,2201040
1715064300000,48407.55,48471,48339,48360,83640,2204835
1715066100000,48360,48449.9,48350.85,48400,87015,2227905
1715067900000,48400,48575.5,48381.5,48548,153180,2224665
1715069700000,48545.5,48559.1,48480,48515,80160,2220810
1715071500000,48515,48522.7,48340,48444.2,141270,2222940
1715073300000,48450,48484,48285.5,48374.1,191385,2229765
1715075100000,48372.6,48422,48320,48330.05,169710,2213415
1715139900000,48299,48333.35,48143.15,48329.45,380295,2246025
1715141700000,48329.45,48354.1,48206.7,48270.6,177630,2280945
1715143500000,48261.75,48271.7,48011.4,48091.35,326250,2313360
1715145300000,48081,48206.8,48071,48121.05,116805,2313915
1715147100000,48121.7,48326.75,48102.15,48187.7,208425,2306610
1715148900000,48196.35,48293.15,48183.65,48250.25,93945,2301240
1715150700000,48258,48309,48210.3,48260,104115,2302650
1715152500000,48255.15,48345.2,48235.9,48280,91965,2284665
1715154300000,48282,48340,48157.45,48222.8,148110,2264370
1715156100000,48227,48235.75,48125.8,48170.75,125280,2264790
1715157900000,48169.8,48209,48111.2,48194,128940,2265300
1715159700000,48194,48229.95,48120.25,48175.75,239565,2274075
1715161500000,48176.25,48230,48157.15,48221,268050,2308380
1715226300000,48235,48367.25,48105.3,48252.7,249645,2187105
1715228100000,48244.35,48302.2,48114.8,48116.85,165060,2194800
1715229900000,48119.55,48150,47935.95,47977.6,282705,2251485
1715231700000,47987.9,48037.7,47880,47905.7,184785,2281725
1715233500000,47900,47935,47787,47923,174225,2313615
1715235300000,47923,48032.5,47914.85,48006.6,97290,2308155
1715237100000,48008.05,48050.8,47938,47970,95775,2303640
1715238900000,47970,47985,47769,47852.55,217950,2314695
1715240700000,47852.85,47939,47812,47900,117600,2324025
1715242500000,47900,48021.7,47750.3,47925.7,249495,2345535
1715244300000,47932.4,47943.2,47649.9,47671.65,206550,2361795
1715246100000,47662.9,47784.25,47636,47636,243360,2400120
1715247900000,47640.35,47703.9,47636,47668,172440,2446860
1715312700000,47706,47888,47605,47868,420855,2449320
1715314500000,47875.5,48090,47803.85,48012.75,347580,2468400
1715316300000,48009.35,48030,47840,47954.35,131400,2431395
1715318100000,47954.15,47954.15,47791.3,47873.8,104760,2428350
1715319900000,47876.15,47986.95,47860,47909,73620,2421015
1715321700000,47909.4,47909.75,47820,47850,45885,2414355
1715323500000,47850,47874,47762,47785.75,63360,2416935
1715325300000,47785,47789.6,47479.85,47596.2,316740,2424870
1715327100000,47589.35,47742,47550,47706.35,117285,2402985
1715328900000,47705.35,47769,47605,47643,80385,2393475
1715330700000,47643,47695,47516.3,47601.15,108345,2413800
1715332500000,47603.95,47670.4,47553.1,47586.85,113925,2430180
1715334300000,47590.05,47624.15,47580.1,47618.7,101475,2420580
1715571900000,47600,47644,47275.55,47314.05,411870,2434455
1715573700000,47308.4,47386,47252,47376.15,197145,2458785
1715575500000,47372.1,47378.55,47200,47240.35,158535,2483730
1715577300000,47231.3,47459,47217.05,47382.5,175815,2496810
1715579100000,47380.4,47612.05,47377.25,47532.55,263655,2454525
1715580900000,47543,47565.2,47470.1,47539.15,101970,2451750
1715582700000,47538.25,47775,47520.1,47699,280515,2394285
1715584500000,47697.1,47743.55,47618,47721.2,98385,2393580
1715586300000,47721.8,47745,47381.9,47485,176910,2396625
1715588100000,47488.25,48000,47450,47931.15,454425,2356530
1715589900000,47933.35,48039.3,47871,47976.05,193050,2351805
1715591700000,47976.05,48061,47910.05,47965.15,192375,2351640
1715593500000,47958,48075,47955.05,48063,131955,2340540
1715658300000,48075,48123.15,47825.1,47947.85,366345,2323590
1715660100000,47948.85,48105,47836.5,47870.75,210795,2333520
1715661900000,47879.65,48021.9,47872,48021.9,83790,2334645
1715663700000,48014.35,48026.7,47913.95,48016.15,74865,2336760
1715665500000,48016.2,48040,47927.35,48004.8,81360,2332275
1715667300000,48005.8,48049.8,47970,47992.1,65775,2336730
1715669100000,47996.55,48038,47954.1,47990.9,65010,2341950
1715670900000,47991,48225,47984.75,48076.1,261570,2361225
1715672700000,48070,48100,48000,48098.05,88875,2358285
1715674500000,48098.05,48150,48065,48077.3,94485,2352465
1715676300000,48078.95,48115,47960.15,48046.65,104670,2348865
1715678100000,48040.7,48100,48025,48082,95160,2358960
1715679900000,48080.05,48127.2,48072.3,48074.95,133530,2372970
1715744700000,48091.65,48145.15,48001,48071.25,274125,2398440
1715746500000,48080,48134.15,47875,47919.75,251580,2419905
1715748300000,47914.9,47955,47846.8,47890,167625,2425410
1715750100000,47890.05,47974.8,47850,47910,126300,2445855
1715751900000,47912.05,47941.8,47770.05,47814.8,208410,2470170
1715753700000,47810.4,47898.7,47808.1,47864,88320,2484945
1715755500000,47864,47875.15,47805.95,47836,49395,2486070
1715757300000,47838.65,47860,47785.15,47818.95,54465,2496360
1715759100000,47815,47854,47731,47777.3,104925,2508000
1715760900000,47783.25,47863.95,47736.3,47844.75,108045,2529810
1715762700000,47840,47880,47800.1,47844.7,104325,2540100
1715764500000,47848,47944.4,47844.25,47920,250575,2529285
1715766300000,47920,47929.6,47887,47907.95,189585,2552340
1715831100000,48047.9,48175,47960,47989.45,488925,2456670
1715832900000,47980,48088.85,47975,48031.3,100815,2458815
1715834700000,48042.95,48045.65,47800.6,47892.8,230460,2492925
1715836500000,47891.45,47894.65,47063.65,47640.45,437490,2568195
1715838300000,47643.35,47698.6,47566.3,47660,191085,2609925
1715840100000,47667.4,48019.95,47620,48019.95,270000,2564940
1715841900000,48020,48060,47678.1,47754,240990,2528970
1715843700000,47754,47777.65,47637,47691.9,98025,2554380
1715845500000,47691.9,47694.1,47565.95,47595,197325,2618820
1715847300000,47597.05,47720,47525,47599.75,179670,2614725
1715849100000,47600.6,47894,47597.95,47882.9,196710,2605770
1715850900000,47879.4,48105,47844.15,48067.9,404940,2499105
1715852700000,48065.15,48164.85,48065.15,48140,269820,2461395
1715917500000,48140.05,48140.05,47930,47960.5,230685,2439930
1715919300000,47953.35,48199.85,47942.1,48106.3,246945,2427330
1715921100000,48109.4,48348,48085,48220,324105,2476455
1715922900000,48220.2,48268.3,48164.8,48250.2,104265,2478390
1715924700000,48254.5,48259.25,48160,48213.8,84210,2490105
1715926500000,48213.8,48292.4,48122.1,48131.05,111885,2474175
1715928300000,48131.05,48223.95,48130,48178.1,60375,2472435
1715930100000,48177.85,48205,48123.5,48172,57300,2467440
1715931900000,48172,48219.25,48088.7,48158.85,85035,2465565
1715933700000,48158.85,48255,48152.65,48235,99465,2463930
1715935500000,48235.05,48275,48207.85,48225.1,88680,2463705
1715937300000,48224.8,48245,48100.2,48197.65,121560,2450130
1715939100000,48191.65,48252,48191.65,48231,109740,2441055
1716003900000,48299,48300.05,48200.2,48258.7,66075,2411955
1716005700000,48258.7,48273.5,48235,48252.35,29370,2409225
1716007500000,48252.35,48252.35,48252.35,48252.35,0,2409225
1716009300000,48252.35,48252.35,48252.35,48252.35,0,2409225
1716011100000,48252.35,48297.55,48167,48275.75,20610,2403165
1716012900000,48275.75,48295,48271.05,48285.4,42420,2395275
1716014700000,48286.2,48299,48280,48280.9,34575,2389635
1716016500000,48280.9,48280.9,48280.9,48280.9,0,2389635
1716018300000,48280.9,48280.9,48280.9,48280.9,0,2389635
1716020100000,48280.9,48280.9,48280.9,48280.9,0,2389635
1716021900000,48280.9,48280.9,48280.9,48280.9,0,2389635
1716023700000,48280.9,48280.9,48280.9,48280.9,0,2389635
1716025500000,48280.9,48280.9,48280.9,48280.9,0,2389635
1716263100000,48174.1,48330,48136.75,48202.4,201825,2392680
1716264900000,48200.35,48230,48076.05,48105,182775,2357220
1716266700000,48105,48188,48054,48135,105345,2358765
1716268500000,48137.6,48260,48119,48233.5,97200,2353140
1716270300000,48236,48285,48217.65,48262,67185,2360460
1716272100000,48262,48347.5,48253.8,48301.3,91095,2359605
1716273900000,48301.3,48318.7,48235.3,48309.85,54255,2363220
1716275700000,48309.95,48420,48302.6,48385,148050,2357160
1716277500000,48385,48392.75,48240.3,48283.85,84300,2363880
1716279300000,48283.85,48324.9,48245,48264.85,44745,2369505
1716281100000,48256,48292.65,48201,48275.15,94770,2354715
1716282900000,48278.7,48286.55,48116.9,48151.25,250440,2365770
1716284700000,48151.75,48179.85,48094.05,48097,432180,2456085
1716349500000,48190,48193,47800,47949.9,856200,2463315
1716351300000,47950,47988.25,47841.2,47942.9,579510,2498355
1716353100000,47947.95,47970,47867.6,47883.85,113745,2526375
1716354900000,47883.95,47930,47800,47832.2,163350,2567580
1716356700000,47836.5,47865.8,47778.65,47820.45,173175,2583780
1716358500000,47820,47900,47810.9,47871,94095,2579640
1716360300000,47869,47912.9,47801,47818.85,76020,2595795
1716362100000,47817.6,47843.35,47790,47822.65,98940,2616960
1716363900000,47822.65,47899,47814.05,47841.35,103305,2611050
1716365700000,47837.65,47950,47828.6,47881.95,159645,2577630
1716367500000,47880.85,47915,47856.9,47905,68820,2565870
1716369300000,47906.8,47983.95,47611.1,47978.95,691650,2525175
1716371100000,47976.65,48104.55,47975.25,48088.3,411120,2488005
1716435900000,48055.3,48242,48000,48215.55,456075,2281200
1716437700000,48219.3,48374.95,48204.75,48327.85,334395,2263020
1716439500000,48327.85,48544.65,48311.8,48442.3,523230,2298030
1716441300000,48437.65,48519.85,48415.05,48466.2,96375,2298570
1716443100000,48475.45,48590,48468.3,48531.45,169320,2287635
1716444900000,48532.4,48619.95,48506.15,48599,138855,2280720
1716446700000,48598.4,48725,48592.6,48698.55,221775,2260290
1716448500000,48698.55,48748,48632.65,48663.85,153945,2254845
1716450300000,48660.4,48695,48570.55,48668.7,122250,2239545
1716452100000,48668.7,48802,48641,48802,153660,2264190
1716453900000,48802,48909.3,48707.1,48795.45,238845,2266170
1716455700000,48793.95,48924.45,48695.1,48878.7,349365,2235630
1716457500000,48879.3,48890.5,48804.05,48860,377250,2215680
1716522300000,48838.65,49017.95,48761.1,48892,466290,2262900
1716524100000,48892,48954.5,48705.05,48716.25,392670,2368605
1716525900000,48715.75,48867.05,48702.05,48785.05,201660,2416890
1716527700000,48785.05,48924,48772.65,48834.65,165000,2399970
1716529500000,48836.7,48906.7,48825,48874.8,75810,2391825
1716531300000,48878.75,48899.1,48820,48881.75,59100,2401935
1716533100000,48881.3,48920,48832,48903.55,74055,2365440
1716534900000,48900,48996,48875,48915.45,134115,2351400
1716536700000,48913.5,48988.95,48912.2,48964.3,48975,2342205
1716538500000,48955.7,49020,48907,48998.6,75000,2329995
1716540300000,49008.95,49115.9,48980.6,49071.5,173520,2299665
1716542100000,49078.5,49115,48906.7,49063.9,198735,2267025
1716543900000,49063.9,49081,49030,49044.9,135720,2263575
1716781500000,49124,49329.45,49073.05,49300.95,270495,2131395
1716783300000,49300.95,49338.25,49216,49265,157905,2113665
1716785100000,49272,49400,49251,49400,118095,2100045
1716786900000,49400,49448.4,49369.9,49409.7,100245,2102610
1716788700000,49407.55,49476,49388,49465.2,116730,2074560
1716790500000,49465.6,49703.6,49451,49688.5,286800,2005920
1716792300000,49684.2,49840,49669,49767.3,204465,1994415
1716794100000,49770.05,49796.75,49654.15,49700.05,110280,1992240
1716795900000,49701.1,49775,49678.05,49724,78765,1961565
1716797700000,49724,49784.9,49620.15,49750.5,69225,1943280
1716799500000,49754.8,49790,49655.95,49656.05,68850,1940505
1716801300000,49650.5,49679.45,49050,49344.95,646305,1897230
1716803100000,49347.6,49387,49260,49335,155250,1939080
1716867900000,49400,49537.4,49300.5,49362.9,304485,1777800
1716869700000,49360.05,49399,49225.95,49315,232980,1838835
1716871500000,49315,49418.4,49298.75,49333.5,106350,1863585
1716873300000,49325.95,49376.5,49277.3,49319.5,81390,1837155
1716875100000,49319.5,49338.9,49164,49261.5,136380,1851630
1716876900000,49261.5,49307.7,49188.45,49194.2,99180,1854795
1716878700000,49194.2,49231.3,49106.3,49170,176205,1807590
1716880500000,49168.85,49379.65,49160.65,49332.35,125160,1789275
1716882300000,49332.35,49371.35,49225.05,49321.2,96555,1805985
1716884100000,49321.2,49334.95,49233,49287.85,49620,1790595
1716885900000,49276.9,49315,49207.95,49241,50145,1786770
1716887700000,49241,49267.9,49157.3,49193.8,267195,1909860
1716889500000,49195.3,49209.95,49117.95,49131.65,211560,1983405
1716954300000,49344.85,49411.25,49220,49230.15,342345,1478670
1716956100000,49225,49248.1,49075.5,49089.8,226500,1589085
1716957900000,49089.8,49104.1,49005,49080.1,182145,1653090
1716959700000,49081.25,49098,49025,49030,144585,1720155
1716961500000,49030,49125,48965.65,49045.95,157275,1775475
1716963300000,49045.95,49087.35,49021.4,49050,147045,1857300
1716965100000,49052.8,49093.35,49010.15,49074,102510,1912395
1716966900000,49074,49140,49028.6,49056.8,159105,1946250
1716968700000,49059,49160,49045.3,49119.15,144825,1989300
1716970500000,49124.75,49131.5,48991,49036.4,244140,2053965
1716972300000,49036.4,49060,48970,48985.65,233850,2168970
1716974100000,48978.5,49044,48905.95,49027.25,474150,2232360
1716975900000,49023.2,49100.2,48935.95,49089,341445,2288895
1717040700000,48990,49317.5,48810,49150.9,696300,2255280
1717042500000,49153,49217.1,49021,49029.2,215040,2253735
1717044300000,49030,49178.85,49006,49115.3,216675,2270055
1717046100000,49115.3,49147.95,49030,49033.65,137490,2280585
1717047900000,49030,49060,48915,48941.05,224775,2262990
1717049700000,48944.75,49105,48924.8,49035,163515,2282235
1717051500000,49035.1,49203,49007,49135,166290,2291370
1717053300000,49139.85,49282.75,49139,49241.8,193275,2321985
1717055100000,49241.3,49345,49160,49310,166890,2322420
1717056900000,49305.25,49480,49256.05,49285.5,332295,2363190
1717058700000,49278.5,49325,49070.1,49140.05,301755,2398950
1717060500000,49132.05,49213.75,48877.05,49035.35,470070,2464740
1717062300000,49035.35,49188.4,49020,49144.45,241635,2477415
1717127100000,49200,49340,49155.55,49223.05,504990,2457915
1717128900000,49227.85,49237.1,48983,48983,327660,2453670
1717130700000,48982,49099,48901,49089.05,235980,2462070
1717132500000,49083.2,49140,48925,49000,164025,2487660
1717134300000,49000,49060,48850.25,49048.9,215010,2507490
1717136100000,49049,49073,48956,48964,93660,2495430
1717137900000,48956.1,49017.55,48936.75,49000.05,58305,2493465
1717139700000,49000,49158.4,48964.9,49109.4,156885,2480955
1717141500000,49109.75,49294.05,49109.75,49278.05,236535,2461410
1717143300000,49278.85,49440,49263.9,49355.7,420240,2433210
1717145100000,49356.1,49358.4,49100,49209.7,329205,2463900
1717146900000,49210.8,49358,49176,49285.9,276345,2400600
1717148700000,49290.6,49444,49290.6,49380,303195,2427915
1717386300000,50606.05,51000,50352,50445,1295520,2335905
1717388100000,50446.15,50749.6,50384.85,50721,448365,2346270
1717389900000,50712.65,50800,50642.85,50687,224745,2359080
1717391700000,50687,50769,50651,50762.65,132000,2356275
1717393500000,50768.95,50974.85,50758.95,50960,332670,2397840
1717395300000,50960.25,51145,50960,51100,351930,2440140
1717397100000,51093.4,51135,51000.95,51050.6,144540,2421000
1717398900000,51050.6,51180,51020,51168.3,160620,2422635
1717400700000,51169.85,51172.4,50933.4,51115.95,198120,2417715
1717402500000,51107.2,51155,51030.65,51064.25,142770,2437260
1717404300000,51066.4,51131.65,51010.2,51105.2,183975,2425380
1717406100000,51108.85,51225,51060.15,51223.8,370065,2359440
1717407900000,51222,51486,51222,51475,374175,2354040
1717472700000,50800,51098,49003.1,49394.8,2255580,2299065
1717474500000,49399.5,49987.55,49351,49812.6,706185,2385165
1717476300000,49791.2,49805.25,48947.55,49061.45,594735,2447820
1717478100000,49059.85,49198,47555,47945.2,1202745,2481855
1717479900000,47963.95,48683.9,47901.05,47930.2,734940,2495280
1717481700000,47945.45,48143,46322.15,46933.1,989220,2587650
1717483500000,46938.3,47394.4,46184.95,47304.95,866550,2608080
1717485300000,47310.15,47600,46928.05,47493.5,666240,2626260
1717487100000,47499.1,47777.65,47125.6,47549.95,508245,2653830
1717488900000,47550,48222,47310,47722.05,615660,2627265
1717490700000,47700,47800,47243.2,47613.35,363555,2628060
1717492500000,47613.35,47636.05,46818.75,47156.55,517005,2655570
1717494300000,47173.35,47299,47081.25,47299,273750,2653860
1717559100000,47400,47884.8,46950,47149.3,1116390,2534955
1717560900000,47163.25,47332.95,46781.7,47288.05,833550,2706510
1717562700000,47294.5,47375.1,46790.05,47091.7,438915,2791695
1717564500000,47093.2,48114,47050,48105.45,753435,2759865
1717566300000,48103.2,48224.1,47916.05,47982.7,537555,2828430
1717568100000,47954.25,48009.9,47619.8,47915.2,379410,2841855
1717569900000,47911.95,48174.95,47897.55,48051.4,257280,2852145
1717571700000,48050.6,48432.45,47900,48287.2,658200,2952270
1717573500000,48286.1,48500,48205,48457.45,439230,2907525
1717575300000,48460,48870,48320,48719.6,620295,2978115
1717577100000,48717,49342.6,48590.05,49218.25,853425,3060585
1717578900000,49220.85,49473.75,49084.15,49161.55,890295,3056535
1717580700000,49160.55,49194.95,48921.55,48992.9,410325,2969700
1717645500000,49335.3,49565,49140.25,49401.8,643080,2889975
1717647300000,49406.75,49478.4,49230.25,49412.95,293355,2866950
1717649100000,49412.95,49745,49412.95,49694.25,371565,2876745
1717650900000,49692.6,49751.5,49605,49719.5,199950,2839320
1717652700000,49722.4,49739.65,49458.65,49532.2,217425,2824575
1717654500000,49541.45,49626.15,49288.4,49350.05,311760,2816775
1717656300000,49344.95,49525,49300,49310.3,191025,2834055
1717658100000,49309,49442.15,49060,49182.45,332385,2829930
1717659900000,49182.45,49541.5,49171.15,49520,216720,2823165
1717661700000,49518.35,49520,49270,49358.65,139830,2825655
1717663500000,49354.6,49368.75,49125,49267.15,157470,2819145
1717665300000,49267.15,49494,49226.2,49472,238575,2805780
1717667100000,49470,49477,49321.4,49435.25,217875,2802090
1717731900000,49130,49578,48547,49500.65,534540,2712645
1717733700000,49515.45,49619.55,49400,49523.45,304845,2716230
1717735500000,49523.45,49750,49333,49662,464745,2741895
1717737300000,49658.95,49770,49616,49740,191520,2761335
1717739100000,49744.2,49892.15,49635.75,49878.15,266895,2781105
1717740900000,49883.9,50025,49851,49911.15,327975,2810415
1717742700000,49921.65,49950,49815,49930.3,158715,2809830
1717744500000,49934.5,50006,49830,49916.2,156705,2779275
1717746300000,49904.8,49924,49742.5,49915.95,183600,2788830
1717748100000,49915.95,49950,49807,49902.3,126720,2789535
1717749900000,49902.3,49998.7,49840,49870.3,235920,2766390
1717751700000,49870.95,49970,49830,49878.3,223800,2753415
1717753500000,49875,49946.75,49861,49930,239085,2735805
1717991100000,49995.5,50289.75,49808,49960,709770,2698680
1717992900000,49971,50005,49680,49936.05,446820,2686530
1717994700000,49939.9,50039.95,49847.3,49872.7,149835,2682855
1717996500000,49871.05,49970,49817.1,49913.4,97470,2605365
1717998300000,49912.95,50071,49902.25,49976.35,100755,2608500
1718000100000,49985,50008.75,49862.95,49893.1,81270,2613390
1718001900000,49891.05,49965,49885,49955,51330,2617560
1718003700000,49951.05,50014.75,49925,49956.05,50775,2618910
1718005500000,49956.05,50135,49933,50135,122565,2612610
1718007300000,50125.9,50160,50025,50094,194115,2615340
1718009100000,50085,50104.7,49722.35,49912.35,309540,2611005
1718010900000,49912.6,49917.9,49761.4,49801.75,156660,2559030
1718012700000,49803,49807.2,49616.9,49655,216690,2538825
1718077500000,49639.9,49782,49572,49714.25,352650,2512770
1718079300000,49718.45,49968.1,49718.45,49955.35,351375,2543880
1718081100000,49944.55,50020,49900.05,49935.3,189930,2550285
1718082900000,49935.45,49979,49882.6,49953.05,105045,2545080
1718084700000,49944.65,49965,49851,49905,97695,2546325
1718086500000,49906.15,49920.15,49816,49882.7,97200,2558730
1718088300000,49882,49899,49828,49872.05,64440,2567580
1718090100000,49872.15,49980,49851,49925.15,95280,2568825
1718091900000,49925.15,50040,49918.4,50028,167610,2606715
1718093700000,50034,50080,49880,49906.15,193530,2604840
1718095500000,49914,49944.85,49810.4,49900.05,104670,2594520
1718097300000,49906.8,49934,49777,49780,171930,2572080
1718099100000,49780,49782.6,49716.95,49735,245985,2550885
1718163900000,49791.95,49893.8,49739.8,49891.1,221925,2507805
1718165700000,49887.75,50269.95,49879,50224.8,593535,2595585
1718167500000,50224.8,50289.95,50155,50275.15,250110,2661420
1718169300000,50275.15,50281.35,50175.8,50200,120180,2669010
1718171100000,50195,50207.9,50020,50077.1,191925,2631540
1718172900000,50080.05,50140.65,50025,50059.8,108675,2622570
1718174700000,50066,50080,49985.5,50022.05,112065,2620470
1718176500000,50020,50050,49937.8,50014,151245,2616390
1718178300000,50015.85,50038.5,49945.35,49995,108720,2616075
1718180100000,49996.7,50009.95,49890.05,49925,222810,2601990
1718181900000,49924.3,50015,49903.5,50012.05,147960,2556570
1718183700000,50017.85,50045.3,49881,49941.7,323355,2553300
1718185500000,49942,49956.45,49850,49870,332385,2561040
1718250300000,50101,50155.8,49980,49998.6,342255,2387580
1718252100000,49992.35,50093.05,49950,50048.55,172155,2378430
1718253900000,50048.55,50050.85,49903,49971.6,122775,2380785
1718255700000,49982.35,50041.95,49922.05,49970.05,76215,2389320
1718257500000,49965,50015.2,49900,49970.1,85890,2395635
1718259300000,49967,50084.7,49961,49991.6,79950,2394300
1718261100000,49991.6,50035,49969.95,49985.3,39090,2392275
1718262900000,49987.1,50035.6,49956,50016,37695,2390850
1718264700000,50015,50045.55,49961.2,49961.4,42975,2397300
1718266500000,49971,49998.95,49917.05,49959.45,91815,2400270
1718268300000,49943.95,49955.3,49880,49935,128190,2390610
1718270100000,49940,49955.9,49850.4,49880.85,109875,2380650
1718271900000,49881.3,49950,49881.3,49927.3,94035,2340060
1718336700000,50000,50000,49750,49754.55,248085,2361825
1718338500000,49760,50140.1,49750,50082.45,449790,2379840
1718340300000,50093.05,50175,50052.85,50139.15,216975,2436780
1718342100000,50139.15,50148.7,50066.6,50115.2,79125,2444850
1718343900000,50115.2,50130,50027.8,50076.1,65025,2440740
1718345700000,50076.1,50098.6,49983.45,50040.05,70515,2436870
1718347500000,50041.6,50044.6,49985.4,50042.95,50940,2435565
1718349300000,50036.55,50090.95,50020,50071,54270,2451255
1718351100000,50071,50075,50005,50013.5,45855,2450100
1718352900000,50013.6,50038.05,49975,49987.25,80625,2440365
1718354700000,49990,50048.3,49968,50010,83520,2440530
1718356500000,50010.05,50103,50008.95,50049,164415,2416980
1718358300000,50045,50057.1,50005,50029,93510,2390865
1718682300000,50190.85,50205,49990,50174.75,397380,2402280
1718684100000,50169.15,50314,50166.1,50237.25,290265,2387385
1718685900000,50231.75,50333.05,50105.95,50280,226440,2383620
1718687700000,50278,50336.7,50228,50285,100185,2406825
1718689500000,50290,50380.6,50290,50360.1,153195,2428560
1718691300000,50360.75,50382.8,50319.35,50340.4,101775,2451180
1718693100000,50345,50365,50300,50350,53520,2445795
1718694900000,50337.55,50375,50326,50372.4,39570,2450175
1718696700000,50371.25,50425,50335.2,50414.95,83010,2461890
1718698500000,50421.4,50449,50386.8,50418.05,168570,2481210
1718700300000,50418.15,50435,50350,50380.15,82065,2479560
1718702100000,50379.05,50432.55,50367,50408,121725,2499030
1718703900000,50408,50439.45,50405,50430,157635,2539005
1718768700000,50462.25,50930,50444.1,50927.9,765465,2530185
1718770500000,50941.3,51184.25,50875,51038.6,604215,2613450
1718772300000,51035,51038.3,50586.8,50722,697005,2493180
1718774100000,50722,51109.3,50685,50986.6,416535,2543985
1718775900000,50980,51035.1,50827,50996.45,164205,2541390
1718777700000,50992.1,51054.75,50952.05,51054.75,110385,2544135
1718779500000,51075,51150,51045,51084.7,172860,2530890
1718781300000,51084.7,51112.8,51002.05,51075.65,118170,2520000
1718783100000,51076.1,51197.55,50988.65,51132.45,228285,2546910
1718784900000,51141.15,51523.8,51100.05,51489.85,670785,2696145
1718786700000,51500,51885.55,51430.35,51716.35,775110,2808015
1718788500000,51716.35,51783.85,51240,51356.05,824130,2677815
1718790300000,51353.7,51472,51315.65,51467.8,297885,2730840
1718855100000,51630.9,51730.5,51400,51489.9,566130,2406240
1718856900000,51489.9,51516.75,51240.15,51256,379950,2395065
1718858700000,51265,51459.75,51212,51439.9,223050,2361240
1718860500000,51429.75,51600,51381.2,51470,174855,2370570
1718862300000,51470,51644.95,51445,51610,106725,2370705
1718864100000,51610,51644.5,51541.2,51594.85,84360,2369625
1718865900000,51600,51683.95,51516.35,51548,95250,2375415
1718867700000,51555,51670,51542,51635.65,72645,2386800
1718869500000,51626.9,51800,51615.65,51766.95,223590,2433570
1718871300000,51769.95,51775.05,51611.55,51728.75,121440,2428215
1718873100000,51727.25,51793.8,51700.05,51740.8,93690,2442720
1718874900000,51737.55,51769.15,51650,51724,117030,2442735
1718876700000,51722.6,51788.3,51711,51774.6,131775,2431155
1718941500000,51821,51821,51555,51560,304890,2253090
1718943300000,51563.25,51684.7,51472.7,51531,270090,2226435
1718945100000,51527.55,51615,51500,51531.7,100515,2218950
1718946900000,51530.9,51557.95,51436.15,51509.8,194490,2188785
1718948700000,51513.6,51561.75,51437.5,51529.05,89985,2184750
1718950500000,51527.6,51545,51475,51518,43575,2190960
1718952300000,51518.85,51632.25,51455,51482.8,104385,2195055
1718954100000,51482.8,51520,51273.5,51336.55,306435,2172720
1718955900000,51336.45,51465,51300,51409.15,116340,2166795
1718957700000,51413.5,51749.65,51395.3,51647.25,338835,2173635
1718959500000,51648.4,51667.8,51308,51450.15,287250,2128365
1718961300000,51450,51700,51450,51578,321780,2125890
1718963100000,51571.15,51628.85,51532,51585.5,134850,2108235
1719200700000,51294.7,51450,51150,51212.9,468525,2024850
1719202500000,51205.55,51390.15,51166,51362.1,209085,2018250
1719204300000,51362.3,51543.45,51281.8,51515.1,252240,2039640
1719206100000,51515.1,51685,51450.25,51600.8,244530,2091330
1719207900000,51601.65,51775,51571.2,51590.05,206730,2128095
1719209700000,51590.05,51724.95,51554.35,51663.65,114525,2146080
1719211500000,51666.5,51779,51642.65,51656.95,130410,2160345
1719213300000,51661.7,51755,51648.5,51750,74010,2149755
1719215100000,51749.9,51864.75,51691.3,51733.45,160425,2168010
1719216900000,51733.45,51796.4,51656.05,51689.75,90540,2150715
1719218700000,51689.75,51767,51612.75,51713.6,109845,2156205
1719220500000,51719.95,51774.2,51608.75,51742.55,141630,2149500
1719222300000,51745.7,51796.85,51732.1,51780.05,134655,2165715
1719287100000,51799.95,51964,51768.8,51950,280125,1839000
1719288900000,51948.75,52127,51939.2,52112,300885,1859340
1719290700000,52115.5,52155,52066.15,52126.6,144780,1861530
1719292500000,52126.6,52220,52120.65,52159.95,152130,1865160
1719294300000,52159.95,52159.95,52031.6,52118.7,138270,1835535
1719296100000,52118.7,52166,52092.75,52138.55,99840,1865640
1719297900000,52140.6,52496.45,52103.9,52392.1,366810,1919355
1719299700000,52394.2,52544,52378.05,52520.7,213675,1926000
1719301500000,52509.75,52646.95,52501,52606.25,221010,1982745
1719303300000,52614.95,52691.7,52542.6,52615,187065,1995900
1719305100000,52617.25,52645,52433.05,52621.55,172845,1961310
1719306900000,52621.55,52667.75,52510.15,52596.9,132375,1939410
1719308700000,52605,52718.25,52584.95,52642.55,137895,1912215
1719373500000,52626.85,52688,52255.55,52424.85,291660,1532550
1719375300000,52418.35,52537.95,52341.25,52364.75,221040,1501305
1719377100000,52364.55,52594.05,52364.55,52455,143295,1461750
1719378900000,52459.6,52767.7,52453.5,52708,152130,1424145
1719380700000,52708,52943.15,52690,52855.45,178500,1439310
1719382500000,52855.65,52990,52835.05,52919.6,88710,1436220
1719384300000,52919.6,52968.75,52850,52917.25,77940,1410300
1719386100000,52917.4,52953.3,52737.75,52900,114870,1386900
1719387900000,52900.15,52974.9,52872.2,52891.65,91380,1386570
1719389700000,52891.6,52985,52881.6,52947,104385,1371900
1719391500000,52952.6,52969.95,52869.7,52943.55,121905,1338975
1719393300000,52936.2,52975.55,52849.75,52885,436530,1246050
1719395100000,52883.2,52901.65,52865.1,52879,195270,1173765
1719459900000,52800,52889,52670,52794.3,285705,2449560
1719461700000,52800,53221,52794.3,53115.45,415680,2522610
1719463500000,53110,53155,52749.25,52777.6,304845,2509530
1719465300000,52760.05,53050,52699,53032,275385,2491350
1719467100000,53037.15,53046,52942.55,53005.85,103875,2497035
1719468900000,53008.9,53097,52952,53060.95,97995,2504445
1719470700000,53068,53084,52977.8,53007.9,76515,2511915
1719472500000,53007.9,53047,52872.95,52956.35,101145,2504355
1719474300000,52948.9,53021.9,52925,52930.85,54270,2507595
1719476100000,52930.85,52985,52832,52910.1,105690,2504550
1719477900000,52916.05,52960,52806,52953.15,121890,2501355
1719479700000,52960,53004.6,52867.35,52918.75,157170,2521815
1719481500000,52911.45,52949.9,52867.7,52880,156675,2520960
1719546300000,52899.95,53048.9,52863.4,52997.7,309945,2488920
1719548100000,52994.65,53050,52925,52990,184920,2519625
1719549900000,52988.9,53031.9,52932,53015.85,70170,2524125
1719551700000,53020.25,53021.3,52911,52940,65100,2517135
1719553500000,52940,52956.55,52741.15,52859.7,248610,2497845
1719555300000,52858.2,52881.15,52774.05,52790,68610,2495535
1719557100000,52790,52820,52601,52685.15,366030,2456430
1719558900000,52686.4,52710,52565,52636.15,214350,2477565
1719560700000,52644.75,52770,52590,52720,131370,2483070
1719562500000,52720,52880,52684.85,52818.65,173040,2501010
1719564300000,52819.35,52855.45,52570,52650,161115,2492700
1719566100000,52650,52720,52490.25,52503,254640,2499420
1719567900000,52505.05,52555,52438.15,52520,217275,2490675
1719805500000,52524,52651.25,52301,52646.3,454815,2477040
1719807300000,52635.35,52680,52520.25,52552.95,196515,2497290
1719809100000,52548,52649,52548,52573.45,90255,2505615
1719810900000,52571.5,52594.1,52465.55,52558.65,87720,2510790
1719812700000,52558.65,52779.9,52550.45,52730,209085,2525235
1719814500000,52730,52750,52675,52694.65,61500,2539440
1719816300000,52703.8,52798,52675.5,52718.3,74640,2547150
1719818100000,52710.35,52770,52710,52742.6,28320,2548725
1719819900000,52742,52780.95,52680.05,52765.7,71400,2563560
1719821700000,52762,52813.65,52712,52742.65,92805,2579940
1719823500000,52750,52780,52647.35,52674.25,87930,2567745
1719825300000,52674.6,52775,52651,52723.25,104580,2561265
1719827100000,52723.75,52744,52670,52714.9,110520,2534790
1719891900000,52850.05,52924.85,52415.55,52418.95,458625,2542740
1719893700000,52412.5,52600,52323.2,52453.25,459540,2474700
1719895500000,52449.95,52541.35,52449.95,52489.9,99105,2480895
1719897300000,52502.1,52585.35,52476.2,52570.05,66960,2490735
1719899100000,52577.8,52634.75,52284.3,52334.45,252525,2488590
1719900900000,52324.05,52439.25,52312.85,52350.45,165285,2475570
1719902700000,52350.45,52402.65,52294.9,52324.65,98265,2485590
1719904500000,52325,52378.3,52184.2,52345,327150,2503485
1719906300000,52345,52466.65,52319.7,52436,188850,2504745
1719908100000,52435,52450,52335,52350,81585,2496855
1719909900000,52345.5,52428,52336,52402.75,69960,2484090
1719911700000,52402.75,52417.05,52330,52346,104415,2471415
1719913500000,52346,52395.4,52340.7,52372.35,134280,2480580
1719978300000,52855.3,53156.2,52594.2,53143.45,1546455,2561610
1719980100000,53146.3,53220,53075,53104.1,492060,2640225
1719981900000,53105,53249,53025.65,53145.95,284250,2684745
1719983700000,53153.95,53165,53040,53057.75,190875,2752785
1719985500000,53058.3,53120,52990.95,53091.25,148545,2738325
1719987300000,53092.35,53125,53056.85,53085,64170,2744895
1719989100000,53090.7,53150.3,53083.85,53111.05,90330,2767485
1719990900000,53111.05,53134,53067,53091.1,85635,2773290
1719992700000,53091.35,53160,53080,53151.45,83475,2806125
1719994500000,53153.55,53193.15,53100,53110,249525,2851395
1719996300000,53110,53155.1,53080,53121.15,187830,2876910
1719998100000,53121.15,53130.85,53066.25,53074.6,317325,2928525
1719999900000,53074.6,53106.2,53071,53094.85,258525,2994990
1720064700000,53251.05,53301.1,53081.05,53209,293115,2805540
1720066500000,53210,53260,53173.9,53226,111450,2800305
1720068300000,53225.55,53239.95,52880,52911.25,393585,2798160
1720070100000,52916.65,52949.05,52831,52908,216585,2820780
1720071900000,52917.55,52999,52891.75,52955,89310,2830425
1720073700000,52959.7,53017.1,52921.25,52986.55,61110,2830065
1720075500000,52990,53044.8,52980.15,52992.75,56985,2835855
1720077300000,52995,53070,52988.45,53035.75,62280,2842425
1720079100000,53034.25,53055.45,52955,52987.65,52590,2839890
1720080900000,52985,53143.85,52960,53091.4,87780,2839365
1720082700000,53091.4,53250,53048.65,53250,205455,2834250
1720084500000,53249.5,53273,53111.5,53169.1,180150,2840850
1720086300000,53159.65,53190,53140.2,53180,80505,2836455
1720151100000,52998.6,52998.6,52300,52421.25,1163145,2713890
1720152900000,52429.85,52484.05,52324,52444.95,298245,2746890
1720154700000,52443.85,52594.95,52405,52570.2,182985,2744235
1720156500000,52570.2,52730,52570.2,52625,209415,2713020
1720158300000,52625,52738.65,52615,52712.05,95700,2713245
1720160100000,52717.05,52730.1,52630,52639.5,68130,2704800
1720161900000,52638,52713,52631,52684,43905,2710095
1720163700000,52683.95,52705,52567,52586,71730,2725290
1720165500000,52582.3,52688.2,52575.5,52615,56460,2733780
1720167300000,52615,52625,52572,52618,63630,2723085
1720169100000,52618,52630,52521,52595,86445,2709255
1720170900000,52586.3,52789.25,52560,52737.05,223695,2680755
1720172700000,52737.9,52760,52680.4,52718.15,104955,2682690
1720410300000,52611,52802.85,52456,52555.4,460515,2668800
1720412100000,52563.4,52737.35,52500.9,52663.35,187740,2658165
1720413900000,52663.6,52799,52592.8,52674.65,177765,2676165
1720415700000,52663,52674,52500,52564.4,130020,2678940
1720417500000,52564.4,52585,52400,52420.35,177705,2668665
1720419300000,52421.15,52550,52352,52372.3,182700,2673195
1720421100000,52372.3,52499.5,52350.1,52460.75,119130,2684610
1720422900000,52461.15,52549.9,52458.05,52510.4,62685,2683980
1720424700000,52517.65,52550,52443.3,52497,52185,2692380
1720426500000,52503.25,52630,52482.05,52563.85,101640,2682435
1720428300000,52563.85,52626.35,52501.1,52501.1,72345,2687370
1720430100000,52490,52601.35,52480.65,52536.7,122340,2685000
1720431900000,52535.25,52596.7,52530,52580,114210,2681535
1720496700000,52500,52698.55,52500,52643.1,228600,2608140
1720498500000,52644.85,52656.5,52537,52611.95,139500,2608320
1720500300000,52605.3,52678,52589.95,52662.25,65895,2604225
1720502100000,52661.55,52680,52620,52642.7,62550,2603115
1720503900000,52630.3,52733.5,52620,52724,120720,2616030
1720505700000,52719.75,52743.7,52664.1,52679.4,92160,2638770
1720507500000,52676.4,52680,52587.5,52593.35,59355,2639925
1720509300000,52595.95,52676.55,52590,52645,52620,2631675
1720511100000,52657.1,52680,52645,52656.25,27885,2640375
1720512900000,52656.25,52693,52650,52669.9,54660,2652195
1720514700000,52669.9,52674,52609.3,52640.85,59955,2636655
1720516500000,52649.75,52665,52610.85,52641.7,71805,2642775
1720518300000,52629.5,52659,52566.25,52580.65,156120,2638800
1720583100000,52542.05,52606.55,52311,52441.25,427230,2611845
1720584900000,52435.15,52520,52360.4,52423.95,270390,2596755
1720586700000,52414.6,52431.05,52204.9,52271.1,393540,2586735
1720588500000,52268.4,52297.4,52226.5,52250,188820,2594310
1720590300000,52253.05,52290.6,52210,52268,91230,2597610
1720592100000,52260.25,52305.45,52242.85,52265,83730,2598465
1720593900000,52270.75,52278.8,52240,52240.2,59925,2596800
1720595700000,52240.2,52295,52240,52253.2,90840,2584605
1720597500000,52254.85,52280.25,52231.85,52259.95,55185,2580810
1720599300000,52268.95,52270,52214.75,52253,91230,2564715
1720601100000,52250.95,52371.8,52242.05,52335.05,260220,2513475
1720602900000,52336.25,52350,52252.25,52321.9,210630,2419440
1720604700000,52323.35,52344.8,52300.15,52325,136740,2420490
1720669500000,52399.95,52470,52216.25,52246.3,277590,2376375
1720671300000,52243.7,52425,52226,52261.95,181305,2393415
1720673100000,52255.1,52270,51900,51951.1,560310,2415870
1720674900000,51957.65,51983,51860,51925,220995,2438985
1720676700000,51929.95,52061.95,51911.65,52024.05,129180,2441865
1720678500000,52024.05,52056.5,51925,52015.35,95355,2445375
1720680300000,52015.35,52090,52011,52060.8,86025,2439750
1720682100000,52052.2,52095,52017.15,52063.9,54840,2437935
1720683900000,52058,52085,52005.3,52050.05,42105,2434890
1720685700000,52057,52388,52050.5,52324,390690,2407755
1720687500000,52323.1,52364.1,52280,52290,122250,2411820
1720689300000,52290.1,52495,52275,52450.05,399840,2374845
1720691100000,52459.25,52467.5,52422.1,52450.05,128880,2320755
1720755900000,52466.4,52598.95,52280,52584.7,501120,2226855
1720757700000,52582.15,52583.25,52306.7,52340,250590,2226150
1720759500000,52332,52430,52317.05,52383.3,69135,2229450
1720761300000,52383,52847.15,52358.6,52687,555390,2236800
1720763100000,52682.35,52700.05,52505,52592,168090,2219730
1720764900000,52592,52660,52568.2,52625,68715,2225010
1720766700000,52630,52630,52555,52568,57150,2234940
1720768500000,52566.5,52650,52535.1,52629.85,38910,2241900
1720770300000,52628.6,52698,52601,52623,86760,2240970
1720772100000,52624.45,52662.75,52606,52640,43425,2244090
1720773900000,52640,52665.95,52500.05,52542.25,104085,2233005
1720775700000,52549,52550.1,52303.95,52309.95,298560,2193285
1720777500000,52311.2,52401,52270,52397.25,199845,2190525
1721015100000,52394,52513.9,52281.05,52353.45,361425,2116575
1721016900000,52349.15,52446.4,52238.05,52400,213255,2121090
1721018700000,52400,52545,52322.6,52527.55,189960,2117760
1721020500000,52530.75,52548.5,52471.5,52505,108285,2127480
1721022300000,52510.85,52512.95,52437.25,52492.4,60480,2130735
1721024100000,52494.95,52521,52275,52456.05,204555,2114790
1721025900000,52443.5,52456,52362,52393.3,70185,2124075
1721027700000,52393.3,52500,52381.95,52500,70815,2126865
1721029500000,52496.7,52691,52491.7,52602,362895,2200125
1721031300000,52604.95,52721.35,52602.85,52625.95,145185,2219040
1721033100000,52625.85,52715,52602.2,52657,94500,2210580
1721034900000,52657.4,52695,52606,52628.55,102225,2209815
1721036700000,52627.8,52651.6,52612,52641,112500,2217450
1721101500000,52650,52719.75,52532.1,52588.1,281460,2182170
1721103300000,52581.2,52596.45,52448.3,52540,196215,2195025
1721105100000,52535,52612.3,52522.15,52589.2,86520,2193645
1721106900000,52589.75,52599.9,52521.1,52585,42690,2198895
1721108700000,52595,52606.3,52549.5,52563.4,36105,2199570
1721110500000,52560.95,52568.3,52517.8,52527.6,62145,2205390
1721112300000,52519.9,52579.8,52502,52563,44025,2201790
1721114100000,52565,52596.05,52532.5,52550.75,66915,2211255
1721115900000,52545.4,52560.15,52476,52500,77640,2217870
1721117700000,52500,52538.2,52496.9,52516.65,41310,2219940
1721119500000,52520.7,52525,52450,52500.05,125160,2202240
1721121300000,52503,52550,52485.7,52535.6,110325,2160705
1721123100000,52537.9,52561.05,52488.9,52548.3,118755,2123040
1721274300000,52431.95,52548,52282.15,52524,362880,2153745
1721276100000,52525.35,52780,52515.75,52719.9,436695,2207760
1721277900000,52705.7,52733.05,52592,52652.35,170130,2260920
1721279700000,52652.9,52666,52400,52406,199140,2216145
1721281500000,52405.1,52446.1,52303,52345.65,298290,2183145
1721283300000,52348.55,52541,52305,52527.25,106425,2149605
1721285100000,52530,52580,52469,52520.75,92910,2138355
1721286900000,52520.75,52638,52461,52635,77130,2133030
1721288700000,52637.5,52705.65,52581.1,52627.65,214845,2167905
1721290500000,52639.05,52824.5,52627.85,52790,242880,2161185
1721292300000,52795,52835,52703,52766.15,141855,2164050
1721294100000,52760.35,52798,52651.05,52670,159525,2151105
1721295900000,52671.7,52705,52645,52656,97410,2148585
1721360700000,52535,52640,52416.7,52565.6,351990,2061360
1721362500000,52569.05,52569.05,52342.15,52392.65,283875,2067375
1721364300000,52385.05,52494,52363.4,52400,155445,2064240
1721366100000,52394.35,52409.4,52131.95,52277.4,436875,2103825
1721367900000,52275.65,52376.85,52235,52288.7,104010,2107125
1721369700000,52288.8,52367.65,52267.75,52345,74775,2106270
1721371500000,52346.75,52375,52227.8,52280,79815,2111655
1721373300000,52280,52295.85,52201,52252.05,93915,2091210
1721375100000,52254,52370,52225.9,52317.85,97545,2092755
1721376900000,52319.45,52378,52225,52246.45,113655,2091315
1721378700000,52240,52320.1,52208,52297.75,86985,2088210
1721380500000,52298.15,52348.75,52253,52287.1,146580,2053125
1721382300000,52287.1,52295.45,52225.4,52225.4,190290,2023020
1721619900000,52100,52330,51932.25,52284.55,539970,1894275
1721621700000,52291.95,52394,52268.35,52374.15,224850,1905405
1721623500000,52373.5,52435.35,52318.05,52392.75,135495,1916250
1721625300000,52394,52408.9,52276.6,52313.55,104565,1923090
1721627100000,52313.45,52340,52262,52305.15,52260,1910070
1721628900000,52300.7,52308.9,52213,52238,89040,1898055
1721630700000,52232,52265.75,52182,52253.05,81120,1893705
1721632500000,52253.05,52278.25,52215,52262.3,44025,1894335
1721634300000,52262.3,52335.9,52257.15,52306.55,43635,1889520
1721636100000,52305.05,52335,52240.1,52265,48885,1886355
1721637900000,52265,52313.25,52222.65,52287.4,37590,1865070
1721639700000,52292.15,52308,52232.9,52295.4,105180,1849560
1721641500000,52294.6,52317.65,52270,52307.55,86670,1817520
1721706300000,52405.3,52462.75,52133.55,52233.7,222600,1787535
1721708100000,52244.05,52301,52188.55,52231.65,144675,1785855
1721709900000,52222.55,52349.3,52172.35,52268.6,124125,1773480
1721711700000,52262.5,52450,52238,52391.8,167265,1759575
1721713500000,52387.45,52410.6,51900,52170.75,339720,1757475
1721715300000,52159.65,52269,52068,52200.15,144270,1765560
1721717100000,52190,52222.05,51558.35,51909.6,979545,1843050
1721718900000,51905.65,51912.05,51411,51433.85,462255,1836435
1721720700000,51433.95,51738.1,51431.55,51674,328920,1828035
1721722500000,51675.5,51949,51614.1,51874.3,282540,1813905
1721724300000,51871.55,52120.5,51720,52096.35,323190,1790265
1721726100000,52100,52114.75,51779.65,51780,258090,1810275
1721727900000,51776,51827.9,51717,51765,131505,1818630
1721792700000,51611.15,51974.85,51541.1,51666,526035,1651965
1721794500000,51660,51963.5,51608.1,51758,268905,1645905
1721796300000,51761.8,51872.75,51452,51538.2,249765,1657665
1721798100000,51544.75,51616,51276.7,51310.05,298065,1682550
1721799900000,51310.55,51352.3,51151.3,51184.95,358170,1685655
1721801700000,51181.35,51297,51160.95,51201,163545,1644660
1721803500000,51200.9,51205.3,50921,50996.5,303180,1657815
1721805300000,51000,51232.2,50996.4,51205,191610,1639785
1721807100000,51206.8,51550.15,51125,51545.35,439395,1607655
1721808900000,51535.6,51544.35,51112.05,51135,296130,1568085
1721810700000,51140.8,51378.95,51102,51249.9,219195,1533285
1721812500000,51243.75,51387.6,51243.75,51366.95,238005,1527360
1721814300000,51365.95,51500,51356.95,51485,195315,1476960
1721879100000,50966,51104.95,50830,50893.8,381975,1336545
1721880900000,50896.95,50896.95,50652,50694,306255,1354380
1721882700000,50698.75,50776.75,50601,50733,197835,1382400
1721884500000,50733,50814.85,50715.8,50783.7,88545,1370925
1721886300000,50794.45,50964.1,50742.9,50938.65,149865,1341030
1721888100000,50935,50962.95,50878.6,50907.9,96015,1322685
1721889900000,50917.65,50942.9,50833.7,50841.7,47790,1324035
1721891700000,50841.7,50947.4,50841.7,50881,56865,1325205
1721893500000,50881,50916.65,50806,50816.9,47595,1313265
1721895300000,50812.6,50982.75,50810,50935.3,91395,1301610
1721897100000,50934.55,50999.95,50902.05,50902.05,83805,1289205
1721898900000,50903.05,50970.9,50890,50950,66885,1260315
1721900700000,50943.45,50954.9,50905,50920,72210,1240170
1721965500000,50650,50902.05,50650,50790,318585,1292115
1721967300000,50797.85,50821.4,50605,50730,169020,1315965
1721969100000,50720,50790,50720,50741,52920,1302150
1721970900000,50740,50987.25,50707,50942.1,164895,1287720
1721972700000,50940,50960.25,50875,50957.25,112215,1290690
1721974500000,50954.15,51029.5,50913.25,50932.9,149790,1303485
1721976300000,50924.35,51118.3,50905.45,51110.6,120900,1309905
1721978100000,51114.3,51241,51065.6,51241,140700,1298355
1721979900000,51241.95,51325.95,51190.1,51275.05,177855,1254360
1721981700000,51275,51389,51201.05,51240.6,169740,1224585
1721983500000,51240.5,51265,51138.1,51246,139290,1197480
1721985300000,51248.45,51379.2,51234.25,51310.1,200220,1182645
1721987100000,51315,51318,51221.2,51318,114990,1209915
1722224700000,51557.5,51933,51380.1,51933,413850,1154520
1722226500000,51930.3,51958.8,51757,51808.7,182130,1131525
1722228300000,51808.7,51913.75,51783.65,51875.6,80295,1120335
1722230100000,51880,52248.95,51880,52180.8,294435,1133520
1722231900000,52180.8,52300,52157,52281.8,155340,1146660
1722233700000,52285.5,52381.75,51899.45,51931.4,281580,1142400
1722235500000,51916,51955.45,51240.25,51650.05,629445,1087980
1722237300000,51650.05,51766,51513.6,51530,156615,1088310
1722239100000,51538.1,51675,51508.55,51646.4,69810,1084425
1722240900000,51646.4,51656.95,51338.15,51349.1,206415,1083345
1722242700000,51344.85,51535.5,51256,51452.85,193635,1088310
1722244500000,51454.1,51565,51263.65,51368.7,134250,1091145
1722246300000,51366.15,51420,51345.05,51400.15,82290,1071420
1722311100000,51349,51564.8,51226.7,51561.5,239595,1015500
1722312900000,51562.25,51575,51260.95,51435.45,147885,1024620
1722314700000,51442,51639.9,51391.9,51604.2,164100,1002450
1722316500000,51606.8,51670.9,51507,51580.9,132300,1002135
1722318300000,51590.95,51750,51580,51705.65,120480,1019115
1722320100000,51706.1,51715,51579.05,51640.45,70815,1011150
1722321900000,51643.5,51675,51599.55,51632.95,32685,1012575
1722323700000,51632.95,51938,51625.6,51746.8,270555,1010190
1722325500000,51730.35,51789.3,51571,51789.3,142755,1002720
1722327300000,51788.8,51825,51721.45,51749.05,83670,1024470
1722329100000,51749.05,51884.5,51745,51821.45,95850,999765
1722330900000,51821.45,51822.65,51425,51501.8,198150,996285
1722332700000,51500,51537,51460.05,51472.7,81480,984420
1722397500000,51520.35,51543.55,51355,51449.3,229440,862800
1722399300000,51445,51615,51407.1,51602.75,123060,856590
1722401100000,51597.3,51657,51505,51588.65,98295,868440
1722402900000,51588.65,51602.9,51501,51531,35415,870105
1722404700000,51528.9,51566.55,51363.3,51464.8,94470,886860
1722406500000,51463.45,51480.25,51411.75,51464.95,39165,891825
1722408300000,51464.95,51487.95,51414.1,51458.5,34785,892575
1722410100000,51458.5,51565,51450,51480.35,54945,890610
1722411900000,51489.75,51525,51309.8,51421.95,76365,886650
1722413700000,51421.95,51456.2,51307.3,51358.05,109455,884595
1722415500000,51351,51496,51340,51460.8,108150,884985
1722417300000,51458.8,51560,51429,51530.6,262305,879285
1722419100000,51528.95,51557,51528.95,51550.7,99975,844035
1722483900000,51990,52080,51912.5,51991,380925,2474400
1722485700000,51996.7,52034.95,51877.4,51916.4,142440,2485155
1722487500000,51909.2,51990.95,51909.2,51951,87030,2505075
1722489300000,51951,51985.6,51868.1,51950.55,111210,2505120
1722491100000,51950.6,51974.2,51908.65,51912,46425,2501100
1722492900000,51912.05,51937.2,51887.15,51900.1,50745,2502210
1722494700000,51897.65,51910,51734,51794.75,168930,2499675
1722496500000,51791.6,51890.2,51775.65,51869.15,85425,2507850
1722498300000,51869.9,51885,51807.5,51819.05,53115,2518380
1722500100000,51819.5,51858.85,51752,51760,64140,2515680
1722501900000,51760.15,51799.5,51635,51759.95,201555,2538480
1722503700000,51755,51771.95,51667.9,51740.95,151950,2531655
1722505500000,51748.45,51809,51742.35,51773,166125,2527260
1722570300000,51405,51522.25,51151.6,51400.5,554010,2502810
1722572100000,51398.2,51449.85,51335.5,51409,203805,2490015
1722573900000,51409.8,51629,51400,51567.55,231375,2487780
1722575700000,51569.3,51711.95,51565,51638.6,218520,2525400
1722577500000,51637.55,51693.7,51567.7,51666.1,98895,2535450
1722579300000,51669.7,51727.9,51600.15,51624.5,132525,2574165
1722581100000,51614,51628,51510,51510,98955,2584575
1722582900000,51507.95,51594.4,51470.55,51572,80460,2598660
1722584700000,51566.6,51736.9,51554.75,51680.9,132795,2623425
1722586500000,51680.9,51699,51593,51615.4,95550,2634420
1722588300000,51614.7,51652.35,51531.75,51543.4,108780,2646705
1722590100000,51537,51560.15,51400.25,51430,251400,2643315
1722591900000,51430,51466,51411.15,51436,143370,2651640
1722829500000,50678,50976.95,50507,50594.55,892950,2741490
1722831300000,50590,50665.75,50476.25,50520,260505,2760525
1722833100000,50520,50589.65,50321.4,50368.75,296340,2837610
1722834900000,50373,50375.7,50045.55,50073.65,422505,2922225
1722836700000,50070.1,50180.15,49843.25,50102.8,452295,2968125
1722838500000,50106.7,50158,50025.65,50140,150825,2980035
1722840300000,50148,50210,49985.8,49995.35,174015,3019395
1722842100000,50008,50205.35,49954.6,50205.35,172980,3036615
1722843900000,50198.65,50320.2,50098,50198.65,191400,3026940
1722845700000,50192.4,50310,50162.05,50173.2,142485,3021435
1722847500000,50178.9,50320.75,50072.25,50309.35,178020,3028095
1722849300000,50317.75,50346.15,50210.1,50234.5,177420,3025230
1722851100000,50232.25,50254,50152,50152,151920,3032055
1722915900000,50499.9,50767.8,50434.9,50520,517680,2951055
1722917700000,50514.05,50599,50361.3,50405.6,201105,2957820
1722919500000,50403.1,50434,50080.8,50147.05,295725,3010830
1722921300000,50141.45,50340,50133,50301,230505,2999775
1722923100000,50304.25,50412.15,50222,50342.2,123660,3011190
1722924900000,50339,50367.7,50255,50316,57315,3015810
1722926700000,50334.6,50341.45,50206.55,50261.95,80325,3023025
1722928500000,50261.25,50329.8,50205.65,50227.75,53430,3028815
1722930300000,50227.75,50270.1,50022.2,50059.15,160485,3035085
1722932100000,50050.7,50112.35,49910,49938.6,301920,3070335
1722933900000,49939.65,50042.45,49815.8,49866.15,263550,3073890
1722935700000,49865.15,50018.9,49865.15,49917.9,167775,3094140
1722937500000,49917,49934.1,49893,49907,158445,3093795
1723002300000,50391.7,50391.7,50150,50173.55,500715,3075240
1723004100000,50162.95,50195,49951.1,49999.45,262815,3073875
1723005900000,49995.9,50318.8,49950,50200,323640,3045120
1723007700000,50203.6,50238,50013,50102.65,165180,3060585
1723009500000,50102.05,50144,50015.3,50076,125130,3062745
1723011300000,50079.55,50115,50013,50045.4,74565,3070485
1723013100000,50043.35,50250,50042.8,50117,140985,3070470
1723014900000,50124.55,50173.45,50035.9,50074.9,97125,3080865
1723016700000,50068.55,50127,50015,50068.15,130080,3134925
1723018500000,50070,50145.25,50050.1,50136.4,154005,3132690
1723020300000,50139.95,50324.3,50135.1,50251.15,326490,3076200
1723022100000,50252,50375,50168,50361.4,318480,3106995
1723023900000,50361.4,50400,50337.4,50395.1,231840,3104325
1723088700000,50240,50312.35,50175,50235,232080,3084720
1723090500000,50236,50335.95,49980,50082.3,345585,3106080
1723092300000,50077.85,50275,50052.2,50205,230625,3109065
1723094100000,50200.7,50350,50116.65,50300,186360,3091215
1723095900000,50297.2,50420,50266.3,50304.15,195840,3091200
1723097700000,50308.4,50500,50294.8,50500,178065,3082140
1723099500000,50501,50531.9,50425,50453.4,150450,3087375
1723101300000,50453.95,50461,50220,50298,174240,3068325
1723103100000,50291.55,50336,50185,50320,106245,3075180
1723104900000,50332.2,50355.55,50217,50279.7,65490,3073500
1723106700000,50274.15,50345,50242,50304,68205,3069090
1723108500000,50305,50343.7,50207.75,50215,107910,3047520
1723110300000,50220,50235.1,50175.8,50190,159360,3067425
1723175100000,50635.5,50718,50505.35,50685.05,497670,3018105
1723176900000,50679.25,50795.1,50605.05,50620,229845,3012615
1723178700000,50621,50670.5,50479.05,50525,212430,2981850
1723180500000,50520,50598.3,50505,50568.65,94605,2983920
1723182300000,50565.25,50618,50554,50607,52800,2987190
1723184100000,50607,50679.95,50594,50598.05,76455,2975970
1723185900000,50598.05,50637,50576.25,50590,44130,2978745
1723187700000,50585.7,50595,50534.05,50581.9,67650,2981685
1723189500000,50580.25,50688.9,50564.8,50675.05,94890,2959890
1723191300000,50678.15,50699,50601,50672,84030,2960790
1723193100000,50672.25,50672.65,50561,50574.4,86040,2965530
1723194900000,50574.4,50623.2,50560,50571,80325,2952210
1723196700000,50571.15,50581.65,50550,50570,108630,2950935
1723434300000,50499.95,50561.9,50341.5,50465,398070,2892945
1723436100000,50469.1,50514.15,50351,50494.2,210300,2925345
1723437900000,50481.1,50835.7,50480,50794.6,343905,2898795
1723439700000,50793.35,50920,50749.3,50909,301335,2912400
1723441500000,50900.4,50986.2,50790,50825.25,185040,2910450
1723443300000,50825.25,50908.85,50811,50819.45,64560,2915550
1723445100000,50819.45,50904.95,50773,50892.9,76215,2908830
1723446900000,50892.9,50962.45,50855,50860,95295,2900880
1723448700000,50860,50942.9,50824,50934.9,49575,2902425
1723450500000,50943.05,50998,50910,50950,100950,2899395
1723452300000,50950.4,50968.5,50840,50866.3,100410,2910435
1723454100000,50865.55,50889.95,50652.3,50729.95,324495,2893995
1723455900000,50729.85,50750,50718.05,50750,161145,2883645
1723520700000,50600,50746.1,50532.7,50650,375270,2864355
1723522500000,50650,50705,50512,50572.5,185520,2894385
1723524300000,50571,50585,50455,50466.55,232215,2956050
1723526100000,50465.55,50544.55,50440.6,50510.55,99855,2986365
1723527900000,50510,50559.95,50481.6,50536,70935,2998950
1723529700000,50536,50560,50421.2,50474.1,81000,3005535
1723531500000,50468,50476.95,50313.4,50354.9,170010,3019575
1723533300000,50350,50359.95,50156.3,50247.35,368820,3082560
1723535100000,50248.85,50336.25,50230.45,50241.15,223635,3161850
1723536900000,50233.1,50280,50047,50140,297150,3254910
1723538700000,50138,50160.7,50011.3,50027.35,200850,3276765
1723540500000,50027.35,50105.75,50005.7,50018.85,236550,3341880
1723542300000,50015,50088,50012,50088,151185,3341715
1723607100000,50099,50300,49865.9,50010.2,389370,3321855
1723608900000,50010.1,50099,49925,49940.05,199545,3358170
1723610700000,49940.55,50059.9,49919.65,50025,144345,3396495
1723612500000,50027,50030,49920.2,49938.85,68040,3398265
1723614300000,49936.1,49957.9,49885.9,49933.4,63315,3396915
1723616100000,49933.4,49994.9,49904.85,49978.05,74625,3391020
1723617900000,49978,49986.45,49911.65,49945.2,53040,3401865
1723619700000,49945.2,49994.35,49940,49981.4,60810,3405750
1723621500000,49976.45,49986.55,49929.45,49955.35,64125,3391665
1723623300000,49955.3,50015.75,49925,49979.05,101205,3407130
1723625100000,49982.5,50001.3,49931,49972.95,92730,3410145
1723626900000,49973.4,49990,49937.25,49956.05,102060,3402000
1723628700000,49955,49966,49942.35,49960,181845,3414810
1723779900000,50250.25,50977,50125,50145.15,623115,3380775
1723781700000,50150,50195.9,50035.05,50119.4,263250,3372345
1723783500000,50116,50140,49960.05,50076.3,207405,3391410
1723785300000,50069,50162,50050.4,50098.4,90690,3400050
1723787100000,50098.45,50308.75,50080.6,50297.2,192465,3370065
1723788900000,50297.2,50518.35,50291.65,50478.2,394545,3306585
1723790700000,50480,50509.45,50411,50456.2,164145,3284040
1723792500000,50453.15,50555.35,50430.1,50515,165945,3253395
1723794300000,50515,50619.35,50490.2,50614.1,176340,3214425
1723796100000,50615,50735.4,50604.05,50680.55,360075,3184830
1723797900000,50684.65,50692.3,50557.25,50573,141225,3160485
1723799700000,50575.1,50667.55,50554.6,50641.8,147720,3118065
1723801500000,50638,50647.15,50595.2,50630,173895,3060420
1724039100000,50705.55,50814.75,50627,50690.9,316290,2972670
1724040900000,50683.2,50729.65,50480,50500,289065,2986875
1724042700000,50497.05,50575,50451,50549.9,164175,3000510
1724044500000,50549,50559.8,50475,50525,69030,3013350
1724046300000,50525,50675.45,50519.85,50632.25,146535,3009705
1724048100000,50624.95,50650,50501,50534.55,118770,3036240
1724049900000,50534.4,50558.95,50438.95,50519.7,97215,3053505
1724051700000,50507.25,50564.95,50501,50545.15,43290,3062700
1724053500000,50545.15,50589.8,50427,50462.45,101190,3080055
1724055300000,50460,50510.45,50431.65,50480.4,66045,3101295
1724057100000,50475.05,50555,50472.55,50523.9,71940,3093510
1724058900000,50529.85,50533.3,50447.9,50470.6,94410,3097650
1724060700000,50471.75,50520,50470,50496,93585,3080790
1724125500000,50554.95,50755,50506.2,50742.3,328395,3027840
1724127300000,50748.95,50880,50700,50852.95,326100,3024315
1724129100000,50861.55,50934,50790.35,50850,202140,2990970
1724130900000,50855.3,50989,50801,50965.05,169920,2980410
1724132700000,50966,51018.4,50920,50947,218205,2958720
1724134500000,50946.05,51013.6,50946.05,50997.3,101970,2944050
1724136300000,50997.3,51050,50961.3,50969.4,182685,2922015
1724138100000,50969.4,51080.95,50960,51050,123255,2925285
1724139900000,51050,51050,50963.1,50986.25,82995,2913825
1724141700000,50994,51025,50966.85,50969.75,49545,2907390
1724143500000,50972.15,50996,50906.65,50993.9,118665,2876865
1724145300000,50993.05,50999.8,50871.75,50872.15,187935,2872665
1724147100000,50873.9,50903.3,50865,50870,178335,2877900
1724211900000,50832,50890,50581.35,50621,503220,2888610
1724213700000,50629.05,50688,50560,50630.6,277110,2954550
1724215500000,50631.45,50727.5,50624.85,50658.5,164880,2969310
1724217300000,50657,50680,50463,50547.75,275775,2989305
1724219100000,50550,50781.05,50544,50593.45,406110,2972670
1724220900000,50592.4,50719.9,50580.05,50680.6,103275,2959755
1724222700000,50673.25,50719.95,50620,50626.05,64470,2947875
1724224500000,50625,50670,50590.5,50624,54045,2962560
1724226300000,50620,50622.6,50476.75,50560.8,258075,3054075
1724228100000,50562.95,50627.9,50546.05,50612.5,101565,3045690
1724229900000,50612.5,50633,50528.75,50622.4,103935,3045015
1724231700000,50625,50810,50624.8,50786.85,510900,2824485
1724233500000,50786.3,50850,50782.05,50840,237735,2782965
1724298300000,50955.6,51093.55,50851.05,51006.05,418275,2734845
1724300100000,51010.3,51029.8,50915.95,51000.4,156510,2735175
1724301900000,51000.6,51070,50958.1,51044,109620,2727615
1724303700000,51041.3,51058,50961,50991.8,57660,2721195
1724305500000,50991.8,51142.45,50970.65,51092.5,124755,2729925
1724307300000,51096.7,51096.7,51025,51032.1,74880,2732250
1724309100000,51032.1,51104.1,51028,51079.95,61260,2732985
1724310900000,51073.6,51132.75,51013,51075,135135,2747190
1724312700000,51071,51125,51032.15,51101.4,98295,2755785
1724314500000,51106.75,51125,51000,51051.75,150135,2776710
1724316300000,51050,51059.5,50945.55,51030.8,111090,2753385
1724318100000,51031.95,51068,51003.3,51036.15,112515,2717805
1724319900000,51036.15,51048.25,51022.65,51035,99420,2688780
1724384700000,51049.95,51079.35,50889,50917.3,304335,2636400
1724386500000,50918.3,51154.45,50912.5,51010,246090,2615145
1724388300000,51014.55,51078,50966.4,51078,83295,2614680
1724390100000,51077.9,51112.7,51021,51040,69105,2611920
1724391900000,51040,51089.45,51013.05,51045.2,43455,2615415
1724393700000,51040.05,51077.9,51015,51038,30825,2617320
1724395500000,51032.8,51050,50985.8,51007.85,60120,2634105
1724397300000,51007.85,51068,50985.05,51061,43770,2639580
1724399100000,51060,51061.85,50988.35,51024.2,56595,2616375
1724400900000,51024.2,51028.75,50974.45,50993.05,59355,2611650
1724402700000,50993,51060,50992.9,51000,49845,2595540
1724404500000,51001.95,51009,50918.25,50968.45,167745,2577180
1724406300000,50962,50984.95,50960,50980,132000,2534490
1724643900000,51148,51295,51020,51291.55,407700,2439780
1724645700000,51291.85,51378.5,51252.2,51367.15,220320,2480895
1724647500000,51367.2,51371.2,51245,51287.3,148650,2471970
1724649300000,51278.25,51284.3,51182.15,51257.35,132075,2451945
1724651100000,51261.15,51315,51250,51288,64785,2442930
1724652900000,51292.35,51295.5,51237.55,51250.5,53250,2425785
1724654700000,51250,51337,51233.05,51275,72405,2425170
1724656500000,51275,51307.9,51266.6,51293.7,80505,2427645
1724658300000,51293.7,51296.3,51251.15,51285.25,118740,2418990
1724660100000,51283.75,51294.65,51202,51208.75,141960,2442765
1724661900000,51206.2,51262,51190,51217.85,103140,2428620
1724663700000,51217.9,51246.8,51181.5,51219,132105,2436795
1724665500000,51220.25,51250,51209.65,51219.95,101325,2428065
1724730300000,51247.7,51253.15,50931.5,51019.95,456255,2326050
1724732100000,51017.3,51263.65,50990.65,51150,278070,2297550
1724733900000,51155,51193.3,51005,51095,148350,2319960
1724735700000,51095,51245,51073.35,51186,177330,2292525
1724737500000,51186,51370,51182.55,51310.1,304800,2276280
1724739300000,51311,51330.35,51240,51274.65,108135,2274390
1724741100000,51270.15,51308.65,51240.35,51297.65,117870,2299215
1724742900000,51295.1,51365,51285.45,51331.3,93570,2165280
1724744700000,51331.3,51358.1,51272.3,51340.25,92670,2166360
1724746500000,51335.1,51388.55,51305.5,51315,102000,2167605
1724748300000,51315,51355,51275,51333.55,83280,2148645
1724750100000,51337.25,51342,51235,51260.5,162300,2093445
1724751900000,51266.7,51276.2,51210.1,51231.05,88890,2082195
1724816700000,51421,51421,51102.75,51106,294930,1708365
1724818500000,51106,51192,51065,51105,165645,1710735
1724820300000,51105,51135.35,51075,51110,103635,1715670
1724822100000,51111,51195,51086.75,51195,151785,1705530
1724823900000,51194.45,51209.4,51140.45,51185,146445,1671060
1724825700000,51185,51216.45,51170,51185.2,85395,1630695
1724827500000,51188,51256,51185.55,51203.3,119445,1623300
1724829300000,51210,51219.95,51175.05,51195.55,39765,1590540
1724831100000,51195,51213.75,51181.2,51207.05,72735,1566570
1724832900000,51207.05,51245,51198.05,51238,118755,1466415
1724834700000,51232.25,51249,51133.9,51168.9,160320,1394820
1724836500000,51168.9,51190,51130,51157.4,259005,1344150
1724838300000,51157.95,51158,51135.6,51143.7,218655,1275855
1724903100000,51395.15,51535.85,51311.6,51479.95,347955,2309955
1724904900000,51484.15,51610,51470,51588.95,260310,2365095
1724906700000,51589.3,51598.95,51520.4,51567,98220,2382840
1724908500000,51568.65,51569.95,51485.05,51525.3,60630,2385615
1724910300000,51525.3,51537.85,51468.2,51470.4,57615,2393655
1724912100000,51470,51569.95,51468.1,51566.8,72045,2402490
1724913900000,51569,51670,51558.45,51603.05,205305,2415090
1724915700000,51603.05,51625,51530,51567.05,107370,2431770
1724917500000,51567.05,51595,51540,51545.95,46065,2439090
1724919300000,51545.95,51555.1,51371.1,51464.95,259845,2448450
1724921100000,51457.65,51480,51346.4,51388.8,183765,2473020
1724922900000,51388.8,51534,51384,51477.05,195435,2467245
1724924700000,51470.75,51503.95,51468.3,51495,102780,2472705
1724989500000,51500.5,51715,51500.5,51636.85,368370,2410785
1724991300000,51627.7,51683.05,51585.4,51620,127635,2423475
1724993100000,51612.1,51649.9,51580.2,51627.85,56910,2427690
1724994900000,51635.3,51665.6,51614.05,51651.75,57405,2432670
1724996700000,51651.75,51662.55,51605,51646.8,52080,2441025
1724998500000,51642,51700,51635.5,51686.85,88095,2453970
1725000300000,51686.85,51706.95,51654.05,51661,55965,2446305
1725002100000,51664.95,51695,51641.1,51692,48120,2440800
1725003900000,51692,51709.95,51655.25,51700,66690,2427600
1725005700000,51699,51725.05,51690.05,51695,119820,2432055
1725007500000,51695,51729,51667,51697.75,95430,2426805
1725009300000,51697.75,51708.55,51645,51670,131100,2428230
1725011100000,51670.05,51677,51640,51650,201225,2424960
1725248700000,51755.05,51820,51625,51652.8,247590,2404485
1725250500000,51650.05,51671.8,51585,51612.6,133455,2394585
1725252300000,51612.6,51620,51553.25,51570,84180,2406705
1725254100000,51570,51656,51570,51644.35,51330,2413065
1725255900000,51644.9,51670,51560.3,51591.65,71010,2419515
1725257700000,51588.5,51610,51540.9,51588.35,100200,2429655
1725259500000,51583.7,51600,51555,51559.9,43245,2437830
1725261300000,51557,51583.85,51519.35,51559,81825,2430570
1725263100000,51562.5,51584.45,51540,51555.95,34200,2432445
1725264900000,51553.15,51734.05,51550,51703.15,289035,2414910
1725266700000,51704.15,51733.3,51649.95,51694.35,233400,2409585
1725268500000,51694.35,51709.2,51640,51648.05,83715,2415045
1725270300000,51648.05,51657.35,51627,51638,102915,2409420
1725335100000,51646,51692,51576.4,51640,146970,2394900
1725336900000,51641,51682.4,51580,51664.1,93750,2405970
1725338700000,51665,51685.65,51620,51679.45,48945,2413335
1725340500000,51679.45,51680,51594.95,51599.95,56865,2426460
1725342300000,51590.1,51664.8,51525,51640.65,103650,2424330
1725344100000,51634.85,51664,51611,51640.65,34530,2425095
1725345900000,51646.3,51664.65,51621.15,51648.45,23610,2425005
1725347700000,51640.05,51658,51615.5,51657.85,32085,2427225
1725349500000,51657.5,51677.3,51640,51645,57645,2420535
1725351300000,51645,51678,51600,51655.9,67320,2417910
1725353100000,51655.9,51710.7,51625,51710,103770,2400765
1725354900000,51709.05,51885,51709.05,51859.5,650490,2431170
1725356700000,51860.1,51864.55,51821,51845.2,244455,2470350
1725421500000,51535.35,51703.95,51535.35,51550,506775,2374590
1725423300000,51550.05,51648.95,51537.5,51630.85,169050,2418525
1725425100000,51630.65,51650,51581.05,51609.5,83235,2420835
1725426900000,51609.5,51689,51602,51661.1,99060,2419080
1725428700000,51663.7,51673,51631.65,51656.7,57555,2424795
1725430500000,51660.7,51684.95,51640.05,51665,39045,2432175
1725432300000,51674.9,51689.65,51650.85,51653.35,58740,2444535
1725434100000,51654.05,51671.35,51625.55,51651.3,52650,2443380
1725435900000,51651.3,51689,51646.05,51648.35,58860,2455320
1725437700000,51655,51679,51646.85,51657.1,45765,2465385
1725439500000,51657.1,51675.7,51620.5,51667.2,76860,2467335
1725441300000,51667.55,51671.2,51590.6,51620.55,237465,2434110
1725443100000,51621,51627,51593.85,51606.4,137535,2436285
1725507900000,51675,51760,51655.6,51693,227610,2392815
1725509700000,51693,51750,51688,51711.4,76005,2403075
1725511500000,51711.4,51725.55,51641.05,51671.45,89160,2397825
1725513300000,51671.45,51729,51670,51716.65,50880,2395635
1725515100000,51719,51744.95,51697,51721.2,49665,2399100
1725516900000,51721.4,51739.35,51695,51718.05,26340,2402730
1725518700000,51718.05,51750,51707.1,51744.9,31095,2399310
1725520500000,51740.15,51775,51722,51727.75,74385,2399190
1725522300000,51727.75,51749.5,51714,51729.2,24615,2399025
1725524100000,51729.15,51746,51713.15,51734.05,20760,2396940
1725525900000,51734.05,51756.8,51701,51703.65,43260,2396070
1725527700000,51702.45,51750,51700,51740,66435,2392695
1725529500000,51744.3,51747.8,51709,51720,100050,2385465
1725594300000,51530,51670,51410,51449.65,451065,2395815
1725596100000,51449.65,51449.65,51074.05,51170.4,621825,2429895
1725597900000,51171.85,51258.1,51033.05,51152.45,294750,2484855
1725599700000,51160.85,51205,51075,51100,140475,2527410
1725601500000,51097,51142,51040,51122.2,109230,2535315
1725603300000,51115,51146,51085,51121.3,64590,2538540
1725605100000,51117.9,51169.75,51100,51121,52470,2540760
1725606900000,51129.75,51129.75,50960,51019.6,171840,2557605
1725608700000,51021.9,51037.8,50933,51003.1,103485,2575995
1725610500000,51003.1,51018.8,50905.2,50988.95,88815,2584845
1725612300000,50983.55,50990,50760,50769.75,236880,2640645
1725614100000,50769.8,50790.4,50610,50763.4,306540,2666490
1725615900000,50763.8,50857.1,50760,50770,193095,2665650
1725853500000,50761,50910,50255.55,50867.35,473235,2531010
1725855300000,50869.35,50890,50725,50797.45,150330,2518575
1725857100000,50791.35,50979.8,50742.65,50964,120675,2519970
1725858900000,50964,51030,50925,50963.15,136500,2512305
1725860700000,50963.15,50998.95,50866,50939.2,55830,2509575
1725862500000,50945.55,51077,50851,50865.85,157230,2515650
1725864300000,50876,50878.7,50768.55,50830,103065,2527140
1725866100000,50829,50898.55,50803,50880,43485,2530695
1725867900000,50882.9,51096,50853.5,51008.15,164310,2508615
1725869700000,51014,51100,50976,51087.95,80250,2498595
1725871500000,51087.95,51194.9,51043.5,51165.2,190920,2476755
1725873300000,51169.95,51330,51169.95,51261,350850,2436195
1725875100000,51267.3,51300,51233.7,51293.8,190275,2396010
1725939900000,51403.2,51427.4,51231.1,51253.6,335250,2431215
1725941700000,51254.95,51269.95,51135.05,51210.85,196680,2440350
1725943500000,51205.6,51334,51192.55,51270,112665,2441490
1725945300000,51274.5,51295,51195.05,51280.7,67665,2452170
1725947100000,51284,51330,51268.05,51309.35,58275,2449050
1725948900000,51310,51390,51290,51359,89175,2440830
1725950700000,51358.95,51400,51317.1,51400,62190,2428605
1725952500000,51400,51415,51340,51401.35,91755,2418525
1725954300000,51400.05,51496,51370,51465,180555,2391825
1725956100000,51460.65,51478.75,51405,51428.45,98325,2388345
1725957900000,51428.45,51449,51363.6,51365.85,70875,2393775
1725959700000,51368,51418.2,51259.2,51380.1,214350,2400660
1725961500000,51380,51400,51366,51385,113070,2394390
1726026300000,51300,51425.25,51200,51412.75,341880,2366850
1726028100000,51411.5,51438.6,51351.1,51376.65,136140,2383110
1726029900000,51376.65,51519,51360.8,51499.9,190335,2383665
1726031700000,51502.55,51502.55,51335.45,51446.25,128190,2381580
1726033500000,51450.5,51450.5,51200.5,51303.5,133305,2376630
1726035300000,51293.9,51350,51251,51319,104955,2385060
1726037100000,51322.55,51340,51268,51282.1,58905,2385810
1726038900000,51285,51300,51228,51282.55,62490,2387895
1726040700000,51275,51325,51260,51260.05,44235,2391990
1726042500000,51260,51285.95,51180,51195,205560,2441235
1726044300000,51195,51244.5,51183.05,51186,112545,2461860
1726046100000,51185,51194,51086.7,51101.6,333450,2492445
1726047900000,51107.5,51150.35,51098.35,51135,103680,2485620
1726112700000,51320,51397,51253,51365,342990,2434740
1726114500000,51361.3,51368.6,51240,51289.3,118560,2425575
1726116300000,51286,51324.95,51248.65,51269,54195,2423415
1726118100000,51268,51319,51240,51299.95,46530,2423385
1726119900000,51302.65,51340,51150,51319,134715,2401965
1726121700000,51311.85,51338,51262,51318.6,40815,2401800
1726123500000,51317.7,51319.9,51252.75,51309.8,39735,2405280
1726125300000,51312.2,51349,51270.05,51305.95,52380,2397705
1726127100000,51305.95,51358,51288,51357.85,49890,2393010
1726128900000,51357.85,51590,51348.45,51559.75,415755,2319495
1726130700000,51570.15,51663,51551.85,51610.1,382800,2280735
1726132500000,51610.2,51880,51598.2,51827.25,579990,2220330
1726134300000,51815.75,51830.45,51650,51711,215880,2207670
1726199100000,51944.7,51944.7,51692,51784.6,322170,2212635
1726200900000,51788,51800,51713,51720.25,88035,2239365
1726202700000,51720,51824.4,51718.8,51785,101880,2264415
1726204500000,51782,51973.8,51767.15,51925.05,181470,2214120
1726206300000,51930.3,51930.3,51792.6,51841.15,111075,2238615
1726208100000,51841.15,51944,51840,51930,70215,2252850
1726209900000,51927.6,52015.4,51886.25,51940,140940,2250750
1726211700000,51937.3,52000,51900,51999,97860,2275020
1726213500000,51998.15,52000,51851,51912.05,86070,2245740
1726215300000,51913,52044,51893.7,52007,84780,2235045
1726217100000,52008.8,52029.95,51950,51962,94260,2233335
1726218900000,51962,51972.1,51880,51945,150840,2265060
1726220700000,51945.05,51954.5,51907.25,51925,108195,2236725
1726458300000,51970,52250,51970,52250,380025,2219640
1726460100000,52248.05,52271.55,52192.65,52225,142410,2199300
1726461900000,52221.1,52276.95,52206.55,52212,84855,2201805
1726463700000,52210,52232.5,52163.45,52195,87225,2173245
1726465500000,52195,52222.2,52124,52148.7,55590,2159565
1726467300000,52143.45,52185,52116.2,52160,49710,2153340
1726469100000,52151,52214.1,52101.5,52206,58830,2150805
1726470900000,52210,52235.5,52186.2,52219.9,68640,2161770
1726472700000,52220,52299,52219.35,52290.05,112965,2175630
1726474500000,52294.15,52299,52240.5,52274.5,57615,2170770
1726476300000,52274.5,52299,52230.45,52274.85,58440,2164995
1726478100000,52275.6,52280,52240,52255,65400,2145780
1726479900000,52253.45,52270,52253,52265,85245,2133090
1726544700000,52271.5,52345,52185,52315.95,231870,2096790
1726546500000,52308.7,52330.55,52187,52248.45,122385,2108580
1726548300000,52240.35,52305.45,52222,52287.6,62790,2111925
1726550100000,52290,52315,52261.9,52273.95,45870,2099925
1726551900000,52273.95,52317.25,52268.55,52293.9,65040,2102340
1726553700000,52300,52350,52287.4,52300,69555,2091855
1726555500000,52298.6,52347.2,52298.05,52344.95,64395,2079225
1726557300000,52345,52357.5,52319.35,52331.1,43635,2091285
1726559100000,52339,52347.15,52308.55,52339.95,29070,2086635
1726560900000,52331.55,52346.3,52320.9,52329.75,41160,2085855
1726562700000,52328.3,52336.4,52294.2,52302,73725,2076690
1726564500000,52302,52323.9,52290,52305,65445,2057040
1726566300000,52305.05,52308.85,52271.95,52275,112590,2027895
1726631100000,52205.15,52492.25,52205.15,52483.8,325590,2017425
1726632900000,52475,52530,52452.3,52491.45,162390,2029350
1726634700000,52487.6,52727.35,52475.1,52724.1,188385,2026935
1726636500000,52719.95,52790,52615,52708,249675,2038050
1726638300000,52708,52816.75,52685,52750,142710,2038785
1726640100000,52753,52832,52740,52811.55,93210,2052045
1726641900000,52812,52987,52810.2,52983.8,202740,2071170
1726643700000,52987,52999,52786,52830,318285,2115855
1726645500000,52832.35,52849,52701,52776.55,203670,2081325
1726647300000,52773.55,52866,52760.05,52838.3,127035,2081175
1726649100000,52842.2,52896.7,52805.8,52820.85,137280,2034360
1726650900000,52818.7,52864.65,52763.25,52796.05,264090,2020995
1726652700000,52796.5,52808,52686.05,52700,317085,1985805
1726717500000,52849,53447.05,52849,53323.6,562665,1954275
1726719300000,53323,53360.1,53035.8,53085,324555,1954125
1726721100000,53085,53173,53040.75,53114.95,89280,1945755
1726722900000,53119.9,53260,53105.15,53199.9,81570,1945155
1726724700000,53200,53210,52833.15,52933.65,272130,1956945
1726726500000,52932.35,53075,52902.55,53026.35,128265,1967445
1726728300000,53024.5,53103,52983.6,53079.25,103635,1968855
1726730100000,53078,53199,53020.05,53065.85,95520,1970550
1726731900000,53057,53121.8,53030,53072.55,48585,1985625
1726733700000,53072.55,53141.75,53006.55,53093.05,44160,1986630
1726735500000,53093,53144.3,53036.6,53072.8,43695,1984005
1726737300000,53075.85,53207.1,53046,53193.35,115275,1977720
1726739100000,53192.05,53204,53135,53184.65,103725,1962240
1726803900000,53325.15,53345,53091,53139,215895,1962135
1726805700000,53140,53404.1,53106.15,53325.2,278175,1943700
1726807500000,53329.55,53441,53265.05,53440,173115,1933950
1726809300000,53435,53467.5,53352.35,53443,146790,1947765
1726811100000,53443,53468.45,53378.35,53411.15,74880,1951965
1726812900000,53403.3,53600,53391.4,53532.3,176550,1940040
1726814700000,53535,53572.8,53479.25,53529.35,87915,1942860
1726816500000,53524.8,53604.65,53481,53544.95,126420,1948545
1726818300000,53550,53572,53141.9,53230,299355,1890900
1726820100000,53232.4,53432.3,53215.95,53335.05,191205,1901790
1726821900000,53332.95,53399.45,53222,53222.05,113415,1886760
1726823700000,53238.75,53640,53225,53640,307980,1901505
1726825500000,53638.4,53643.95,53522.2,53596,223020,1920750
1727063100000,53900.05,53959.9,53661,53848.15,346635,1782555
1727064900000,53858.9,53987.8,53825.5,53921,127725,1797255
1727066700000,53927,53945.2,53850,53893.4,110925,1820085
1727068500000,53899.9,53960.8,53872.2,53936,96570,1844250
1727070300000,53936,53965,53910,53951,74190,1763895
1727072100000,53951,53957,53890,53938.8,66405,1753635
1727073900000,53933.5,53961.45,53906.35,53947,76785,1744755
1727075700000,53950.45,54066,53927.2,54032.2,172410,1721265
1727077500000,54032.2,54108,54016.75,54080,117120,1709625
1727079300000,54080,54101,54039,54089,67620,1712175
1727081100000,54090,54252.1,54084.7,54153.7,184155,1708290
1727082900000,54160,54175,54021.35,54049.05,149355,1698105
1727084700000,54047.45,54109.9,54047.45,54070,100350,1685370
1727149500000,54058,54168.9,53980.4,54140,170520,1492155
1727151300000,54130,54194,54105.1,54116.25,194535,1549845
1727153100000,54118.8,54170,54037.4,54063,104835,1508520
1727154900000,54063,54078,53954,54015.9,132600,1480245
1727156700000,54009.05,54059.95,53960,54056.15,75060,1468560
1727158500000,54051,54095.55,54032.8,54084.4,63150,1480335
1727160300000,54080,54180.2,54073.85,54124.15,70740,1485660
1727162100000,54124.15,54175,54102,54139.3,60570,1490490
1727163900000,54142.55,54173,54102.05,54150.05,51750,1470810
1727165700000,54153.8,54200,54142.95,54155.25,89385,1486230
1727167500000,54150,54192.95,54074.9,54096.35,88740,1487370
1727169300000,54096.35,54195.35,53968,54022.6,190065,1491630
1727171100000,54022.5,54067.4,54011.05,54011.05,79425,1493730
1727235900000,53897.3,54055.9,53871.05,54005,191325,1236195
1727237700000,54004.05,54055.35,53947.45,53966.85,109500,1246200
1727239500000,53966.85,54109,53953.1,54070,96210,1240695
1727241300000,54070,54080.45,54015,54015,75465,1240950
1727243100000,54015,54060,54003,54007.75,72090,1244970
1727244900000,54007.2,54043.95,53983.7,54025.05,58785,1209525
1727246700000,54025,54059.8,54015.35,54046.5,248550,1242930
1727248500000,54046,54085.95,54030.15,54062.2,180855,1254600
1727250300000,54062.2,54104.5,54052.1,54082,57915,1217775
1727252100000,54082,54098,54060.3,54081.1,67425,1215045
1727253900000,54081.1,54113.45,54051,54075.65,82815,1173150
1727255700000,54076.8,54115.25,54062.55,54108.3,201450,1109280
1727257500000,54108.3,54109.95,54093.8,54109.2,116625,1052715
1727322300000,54280,54475.4,54280,54345.55,254910,1847670
1727324100000,54343.1,54435,54329,54396.3,71370,1861170
1727325900000,54405.3,54450,54390.05,54420.45,47925,1861590
1727327700000,54420.45,54425,54380.55,54420.05,42840,1861500
1727329500000,54413,54435,54386.05,54422.3,35895,1858515
1727331300000,54427.25,54494.05,54425.6,54480.75,82260,1855965
1727333100000,54478,54499,54430,54440,63405,1858665
1727334900000,54440.05,54474.7,54398,54429.95,47745,1869015
1727336700000,54418.35,54469,54412.65,54444.9,34920,1876095
1727338500000,54444.9,54448,54372,54434.9,60600,1875210
1727340300000,54439.15,54640,54433.6,54610,242715,1864725
1727342100000,54628.25,54640,54500.1,54545,217605,1901070
1727343900000,54541.05,54553.2,54489.55,54498,120540,1914510
1727408700000,54503,54585.8,54464.75,54526.55,225405,1923375
1727410500000,54527.05,54587.1,54522.8,54541,107235,1925220
1727412300000,54541,54579,54533.15,54558.45,40470,1922760
1727414100000,54560,54570,54467.85,54492.9,112200,1929690
1727415900000,54497.55,54497.55,54422.65,54462.95,89955,1927740
1727417700000,54454.8,54494.35,54429.05,54460.5,47850,1933875
1727419500000,54459.15,54471.45,54390,54390,83265,1931190
1727421300000,54381.2,54413.7,54228.05,54251.15,246135,1905330
1727423100000,54250.1,54271.75,54125,54229.25,207270,1920915
1727424900000,54230,54313.2,54189.4,54225.65,135060,1916520
1727426700000,54225.65,54300,54185,54264.05,62775,1909365
1727428500000,54264.05,54299,54150,54207.4,161265,1898985
1727430300000,54215.8,54255,54200,54204.1,113910,1907970
1727667900000,54000,54042.4,53700.25,53737.85,522840,1796820
1727669700000,53735.7,53737.15,53451.15,53600,432645,1792095
1727671500000,53599.95,53640,53561,53629,141330,1784880
1727673300000,53625.65,53713,53602.3,53625.2,93780,1790370
1727675100000,53625.2,53670.45,53528.05,53543.05,79215,1790955
1727676900000,53545.2,53578.6,53500,53529.3,114420,1792455
1727678700000,53529.3,53570,53480.25,53480.25,65985,1810335
1727680500000,53482.25,53524.65,53460,53489.85,84825,1811730
1727682300000,53494.2,53494.2,53366,53460.45,156900,1816200
1727684100000,53460.45,53514.55,53426.95,53434.45,93810,1834890
1727685900000,53425,53469,53400,53425,87900,1844625
1727687700000,53425,53506.25,53384.95,53452,198660,1861815
1727689500000,53453,53475,53420,53420,147735,1861050
1727754300000,53388.95,53645,53332.5,53523,359550,1826220
1727756100000,53523,53537.85,53382.8,53399.55,138615,1855485
1727757900000,53399.55,53419.85,53252.65,53285,156840,1859580
1727759700000,53282,53478.45,53252,53423.5,148050,1863840
1727761500000,53415,53510.9,53400.8,53510.85,95085,1860945
1727763300000,53507.4,53551.85,53440.05,53446.55,105225,1878450
1727765100000,53463.2,53489.7,53380.95,53388,77250,1884615
1727766900000,53388,53449,53381.3,53435.7,74265,1913160
1727768700000,53435.7,53468,53390,53419,92820,1941300
1727770500000,53419,53443.9,53391.65,53409.1,60435,1954230
1727772300000,53409.1,53413.75,53331,53334.45,114915,1976970
1727774100000,53335.25,53443.95,53330.25,53379.65,202020,2022465
1727775900000,53372,53392,53364.7,53391.85,121695,2024715
1727927100000,52905.4,53050,52750,52978.25,569220,2060550
1727928900000,52975,53044.5,52800.1,52806.65,185790,2085000
1727930700000,52806.65,52870,52700,52830,189660,2136030
1727932500000,52830.75,52873,52774.4,52800.1,71385,2162625
1727934300000,52800.1,52810,52673.75,52689.7,159675,2213655
1727936100000,52687.45,52730,52630,52683.15,124965,2272005
1727937900000,52677,52687,52560,52604,161310,2324565
1727939700000,52605,52614.55,52404.3,52440.2,164895,2364600
1727941500000,52440,52468.3,52350.1,52369,177900,2415510
1727943300000,52361.6,52372,52190,52305.1,251190,2491155
1727945100000,52303.55,52325,52200,52242.45,128670,2529075
1727946900000,52246.75,52488.6,52236.8,52391,208245,2541825
1727948700000,52390,52410,52339.55,52405.9,157065,2536140
1728013500000,52264.8,52482.3,52162,52337.1,462180,2561940
1728015300000,52328.55,52570,52300,52369.7,276135,2568405
1728017100000,52361.1,52534,52280,52512.75,132510,2582235
1728018900000,52529.85,52693,52501,52640.4,272415,2571990
1728020700000,52636,52705.9,52500.05,52567.1,95745,2566005
1728022500000,52568.35,52740,52550,52737.95,129585,2570850
1728024300000,52737.95,52741,52313.2,52331.45,206640,2559645
1728026100000,52331.45,52420,52165.5,52225,251625,2584350
1728027900000,52230,52257.85,51960,52020,281475,2638995
1728029700000,52030.9,52062,51910,51999,170115,2651220
1728031500000,52000,52056,51885.55,51910.05,135465,2671890
1728033300000,51913.15,51949,51771.2,51884.55,224655,2672145
1728035100000,51882.3,51936.1,51867.1,51900,143670,2653260
1728272700000,51999,52140,51901.1,51967.35,289365,2618580
1728274500000,51967.35,52064.25,51868,51995.95,138795,2624820
1728276300000,51995.1,52030,51899.5,51907.55,84390,2650425
1728278100000,51907.55,51912.95,51533.6,51625,264060,2665125
1728279900000,51625,51998.25,51616.35,51658.45,220110,2654520
1728281700000,51658.45,51692.95,51460.1,51561,181125,2681835
1728283500000,51561,51709.95,51500,51500,120255,2694105
1728285300000,51510.3,51510.3,51160,51232.95,285165,2732400
1728287100000,51232.25,51305,50696.2,50859.95,338850,2770560
1728288900000,50859.95,51274,50838.5,51069.95,393930,2807865
1728290700000,51069.9,51235.65,50829.95,51234.85,296400,2858805
1728292500000,51240.2,51785.3,50859.4,50900,996180,3039855
1728294300000,50908.7,51117.45,50894.7,51057.9,264690,3127935
1728359100000,51132.05,51279.95,50878.05,51245.5,396615,3070710
1728360900000,51250,51411,51091.05,51200.05,263550,3050415
1728362700000,51188.15,51484,51150,51426.05,241710,3034320
1728364500000,51426.05,51504,51339.8,51436.35,157725,3004290
1728366300000,51440,51498.65,51365.7,51443.05,70425,3004845
1728368100000,51449,51528,51301.95,51396.7,115425,2987535
1728369900000,51396.7,51429.95,51252.8,51320.7,76635,2983680
1728371700000,51320.7,51529.95,51265,51472.95,116340,2994225
1728373500000,51458.95,51532,51380,51437.25,107130,3002565
1728375300000,51442,51530,51441.35,51521.95,76425,3018045
1728377100000,51521.95,51559,51321.65,51350,125040,3008190
1728378900000,51339.65,51419.8,51270,51390,131130,3006570
1728380700000,51380.05,51442.6,51375,51402.6,76470,2998575
1728445500000,51460,51570,51311.3,51470,316545,3032745
1728447300000,51477,51939,51355.9,51921.3,526575,3067215
1728449100000,51918.15,51941,51539.65,51837.6,448440,3086700
1728450900000,51825,52037,51788.05,51833,297660,3103815
1728452700000,51833,51869.95,51614.25,51644.6,149220,3101520
1728454500000,51642.1,51676.9,51401.5,51455.1,343290,3032205
1728456300000,51454.1,51550,51413.05,51519.9,111660,3035625
1728458100000,51511,51584.8,51421,51421.7,102915,3046485
1728459900000,51420.1,51458.35,51335.35,51403.1,168180,3075450
1728461700000,51403.1,51492,51368.2,51426.85,86205,3093480
1728463500000,51426.85,51450.4,51340,51386.95,130035,3126480
1728465300000,51386.85,51446.45,51316.15,51387.7,297675,3203985
1728467100000,51387.7,51419.25,51371.7,51400.1,166830,3249105
1728531900000,51510,51584,51431,51570,211785,3203175
1728533700000,51575,51778.95,51505,51737.3,265095,3190770
1728535500000,51725.25,51765.95,51590,51641.6,103995,3180615
1728537300000,51641.6,51699.25,51600,51600,48690,3183570
1728539100000,51599,51666,51555.3,51648.7,43935,3179145
1728540900000,51653.45,51755.5,51645.3,51722.65,75225,3169980
1728542700000,51715,51761.95,51691,51718.05,39495,3166665
1728544500000,51725,51773,51680,51770,67575,3167100
1728546300000,51770,51897.15,51736.65,51839.1,165315,3167790
1728548100000,51835,51869.4,51750,51840,65145,3170730
1728549900000,51836.15,51930,51831.05,51885,139455,3153495
1728551700000,51894.65,51894.65,51750,51791.5,115335,3124890
1728553500000,51790.35,51810,51750.5,51790.2,84690,3107025
1728618300000,51897,51897,51600,51646.3,216330,3116310
1728620100000,51642.45,51818.25,51640,51816.6,115350,3116610
1728621900000,51812.5,51816,51580,51603.55,100125,3115455
1728623700000,51605,51624.45,51394.95,51433.3,246885,3142245
1728625500000,51425,51465,51219.1,51289.95,329295,3186555
1728627300000,51290,51379.55,51231.5,51331.2,92805,3193410
1728629100000,51337.95,51412.4,51326,51326,63465,3195870
1728630900000,51326,51433.9,51307.3,51400.55,61335,3203130
1728632700000,51410.05,51513.05,51351,51364,91020,3197595
1728634500000,51356.1,51470.85,51340,51410,40680,3201585
1728636300000,51409.85,51429,51340,51425,51450,3203280
1728638100000,51421,51442.5,51350,51352.25,86775,3193935
1728639900000,51352.45,51407.6,51351,51391.05,127440,3178065
1728877500000,51469.95,51816.65,51426.4,51816.6,394155,3100305
1728879300000,51816.9,51946,51813.45,51841.85,329340,3066180
1728881100000,51850,51988,51840.15,51904.85,143745,3061845
1728882900000,51904.85,51964.85,51904.85,51963.15,57585,3060000
1728884700000,51962,52055,51919.05,51964.7,135345,3047070
1728886500000,51964.7,51986.15,51920.2,51960,67695,3057120
1728888300000,51969,51990,51920,51953.95,53325,3061095
1728890100000,51956.85,51965.85,51880.6,51911,52290,3048360
1728891900000,51911,51992.6,51905,51964.9,60885,3038400
1728893700000,51960.7,52021.8,51950,52000,63990,3038325
1728895500000,51995.5,52089,51970,52006.2,129765,3037830
1728897300000,52005.75,52037.3,51985,52012.05,109485,3026055
1728899100000,52022.15,52098.5,52006.35,52080.35,177750,2965530
1728963900000,52176,52241,52104,52176.5,264930,2916240
1728965700000,52167,52178.4,51910.2,51989.95,272100,2920545
1728967500000,51989.95,52183.8,51940,52147.2,137460,2923335
1728969300000,52148.6,52169.65,52000,52016.95,74310,2925945
1728971100000,52015.75,52065,51926.2,52017.5,82305,2933010
1728972900000,52010.15,52109,51974.9,52084.6,73050,2932395
1728974700000,52071.7,52139,52035.25,52123.1,44535,2931450
1728976500000,52123.1,52145,52010.85,52025,60585,2936715
1728978300000,52030.3,52117,52020,52117,43980,2943195
1728980100000,52112.4,52135,52043.7,52100,38940,2940735
1728981900000,52100,52115.95,52002,52035.95,55410,2937855
1728983700000,52030,52108,52020.45,52099.8,66765,2936595
1728985500000,52100,52150,52088,52145,89160,2919120
1729050300000,51944.7,52206.85,51944.7,52198.05,246495,2913015
1729052100000,52177.05,52250,52136.1,52156.15,157740,2925735
1729053900000,52146.6,52175,52100,52136.95,61425,2925360
1729055700000,52136.95,52155,52092.45,52107.25,38430,2923335
1729057500000,52110.05,52115,52027,52045,100590,2927190
1729059300000,52040,52092,52030.75,52079.3,69345,2939355
1729061100000,52075.1,52113.6,52055.15,52090,38310,2926470
1729062900000,52090.5,52125,52053.5,52121.7,42765,2922405
1729064700000,52121.7,52124.6,52061.6,52075,36975,2925645
1729066500000,52071.2,52122.2,52047.7,52106.95,68085,2928480
1729068300000,52111.95,52142.3,52053.45,52070,86100,2927430
1729070100000,52058.65,52090.05,52012.5,52037.05,130260,2938350
1729071900000,52053.55,52053.95,52023,52025.65,88650,2938470
1729136700000,52099.95,52160,51634.65,51640,484125,2937840
1729138500000,51657.2,51660,51520,51582.95,295905,2971800
1729140300000,51582.95,51624.3,51411,51582.1,205275,2990175
1729142100000,51596.55,51639,51450,51455,96540,3006600
1729143900000,51456.6,51487.95,51314.65,51411.1,204000,3056190
1729145700000,51418.65,51509.5,51400.15,51478.65,61320,3066705
1729147500000,51478.65,51537.85,51401.05,51418.3,45975,3051030
1729149300000,51410.2,51470,51369.05,51416,74085,3068355
1729151100000,51407.5,51449,51350,51431.55,68205,3073020
1729152900000,51433.9,51483.9,51390,51428,43740,3075090
1729154700000,51428,51464,51377.8,51436,39990,3071895
1729156500000,51429.2,51481.45,51424.5,51474.5,72195,3055275
1729158300000,51474,51570,51470,51470,125415,3035670
1729223100000,51400,51591.1,51185.5,51566.1,360525,2977125
1729224900000,51568.4,51802.45,51552.1,51785.5,299535,2942355
1729226700000,51790.7,51880.15,51740.5,51785,189030,2927565
1729228500000,51784.75,51840.85,51681,51736,101250,2933760
1729230300000,51747.35,51971.35,51700,51969.5,138360,2914260
1729232100000,51971.75,52073.05,51900,51982.8,213060,2876970
1729233900000,51981.2,52147,51979.65,52127.2,177270,2843010
1729235700000,52125.1,52170,52070,52089,116280,2833710
1729237500000,52084.15,52373.9,52080,52359.25,278565,2815680
1729239300000,52360,52420,52243.2,52341.5,156720,2797530
1729241100000,52339.45,52415.5,52306.1,52390,139710,2748570
1729242900000,52390,52390,52241,52270,196830,2705640
1729244700000,52272.95,52360.05,52263.45,52360,183180,2658360
1729482300000,52462.05,52665,52160.3,52270.75,559185,2545425
1729484100000,52270.75,52450,52073.05,52266.65,362010,2565810
1729485900000,52266.55,52361.4,52185.05,52214,108210,2565825
1729487700000,52214,52295,52152,52217.65,84810,2566050
1729489500000,52217.65,52236.95,52035.1,52080,129630,2574735
1729491300000,52081,52140,51980,51980,77910,2568585
1729493100000,51980,52105.55,51972,52060.35,58800,2568135
1729494900000,52055,52060.45,51936.05,52051.3,83265,2565915
1729496700000,52054.3,52184,52050,52143,88740,2554380
1729498500000,52131.75,52250,52081.15,52115.15,152205,2547180
1729500300000,52102,52194,52091.05,52106.7,45765,2548140
1729502100000,52107,52140,51998.3,52060.2,110100,2529900
1729503900000,52060.7,52070.6,51990,52003.5,97545,2524995
1729568700000,52105.3,52240,51942.4,52238,194295,2520105
1729570500000,52225,52350,52129.1,52160,192735,2497485
1729572300000,52150,52180.45,51801,52005.85,295440,2493435
1729574100000,52007.65,52082.9,51934.4,52028.3,63855,2501235
1729575900000,52022.45,52033.95,51750,51760,161520,2503380
1729577700000,51757,51839.7,51680.3,51763.75,193260,2519070
1729579500000,51757.4,51886.75,51666.1,51730,137565,2541690
1729581300000,51731,51742.3,51584,51655.95,156390,2561295
1729583100000,51646.75,51698,51575.05,51640.1,79350,2578755
1729584900000,51640.1,51783.15,51613.65,51783,93015,2580870
1729586700000,51783,51784,51612.5,51670.05,54795,2582970
1729588500000,51663.55,51686,51365.65,51385.6,332580,2636430
1729590300000,51397,51439.75,51384.15,51397.8,168720,2643330
1729655100000,51305.35,51612.15,51218.4,51258.1,367410,2576910
1729656900000,51258.15,51644,51258.15,51410.7,241905,2536470
1729658700000,51410,51496.5,51283.05,51317.7,134775,2530050
1729660500000,51317.9,51495.05,51302.05,51366.65,88800,2524725
1729662300000,51366.65,51419,51341,51368,68190,2504925
1729664100000,51371.95,51409,51265.5,51321.15,64350,2506590
1729665900000,51321.15,51365.25,51276.5,51350,70875,2510730
1729667700000,51350,51371.05,51301.55,51324,89025,2508765
1729669500000,51320.1,51392.25,51291,51368.05,91755,2503800
1729671300000,51366.9,51375,51318.4,51328.1,54960,2504295
1729673100000,51328.1,51365.65,51269.3,51339.85,80910,2491350
1729674900000,51339.9,51410,51321.15,51349,117105,2473125
1729676700000,51348.75,51364.05,51316.6,51362.05,103530,2465265
1729741500000,51399.9,51567.95,51271,51333.25,360765,2382825
1729743300000,51334.45,51794.95,51302,51748,319365,2354760
1729745100000,51748.05,51896.9,51665,51806,220290,2362980
1729746900000,51819.45,51866,51637.25,51657,147375,2336880
1729748700000,51660,51788.85,51647.4,51714,78570,2322705
1729750500000,51715.85,51749.95,51680.2,51692,84090,2315805
1729752300000,51693.15,51726.1,51650,51684,49050,2314650
1729754100000,51681.4,51701.85,51570.05,51643.4,83385,2303310
1729755900000,51632.65,51685,51575,51621.1,90930,2316510
1729757700000,51621.1,51700,51617.4,51663,87720,2321430
1729759500000,51663,51692.1,51525.15,51546.95,106245,2329920
1729761300000,51546.95,51630.75,51459.6,51624.15,215250,2347890
1729763100000,51624.15,51689.95,51617.85,51689.75,74340,2357700
1729827900000,51544.7,51633.7,51080,51140.9,479055,2317845
1729829700000,51140,51188,50615,50665.05,596310,2439750
1729831500000,50672.6,50794,50540,50613.15,320280,2551305
1729833300000,50606.45,50674.25,50513,50590.45,203685,2598465
1729835100000,50586.9,50770,50580,50626.55,126030,2639985
1729836900000,50625.85,50719.9,50584.85,50675.6,108420,2585205
1729838700000,50675.6,50699,50590,50624.35,73785,2588340
1729840500000,50621.15,50715,50571.2,50690,53715,2589375
1729842300000,50690,50713.95,50550,50620.6,55230,2592645
1729844100000,50620.6,50647.05,50462.8,50480.6,86955,2537940
1729845900000,50480.6,50510,50374.75,50490.6,166665,2494380
1729847700000,50491.55,50889.9,50482.85,50849,304965,2411565
1729849500000,50857,50933.4,50855.2,50885,190500,2342205
1730087100000,51105.3,51396.65,51014.5,51162.15,453405,1985580
1730088900000,51162.15,51500,51105,51460,314700,1964820
1730090700000,51457.9,51597.7,51427.35,51492.6,216720,1970430
1730092500000,51493.8,51554.1,51248.1,51371.15,221475,1998435
1730094300000,51371.7,51414.2,51300,51411.3,122385,2019255
1730096100000,51411.3,51575,51363.2,51574.95,138675,2038050
1730097900000,51570,51588,51402.9,51412.2,139440,2074635
1730099700000,51412.2,51480,51355.15,51433,101250,2081805
1730101500000,51435,51499,51389.9,51428,55755,2093760
1730103300000,51428,51499,51318,51341,76635,2102190
1730105100000,51348,51403,51280.45,51347.5,178710,2171490
1730106900000,51344.5,51378.6,51216.4,51374.95,137145,2101485
1730108700000,51381.9,51420,51347,51400,87000,2084880
1730173500000,51405.05,51498,51297.55,51330,234225,1903380
1730175300000,51342.35,51547.95,51340.75,51529.95,139680,1905990
1730177100000,51530,51579,51372.1,51414.95,144795,1881945
1730178900000,51415,51535.25,51350,51487.9,118260,1885005
1730180700000,51491.05,51745,51396.55,51709.65,188325,1905210
1730182500000,51725,51775.45,51630,51770,128865,1899360
1730184300000,51774.4,51821,51712.1,51753.05,111450,1915200
1730186100000,51752.05,51880,51715.8,51868.7,147915,1896210
1730187900000,51863.15,51919.8,51772,51843.05,175890,1940055
1730189700000,51850.3,52235,51810.05,52214.35,307710,1873800
1730191500000,52216.15,52307.5,52160,52226.05,200040,1805430
1730193300000,52225.3,52332.95,52212,52310.05,146280,1727970
1730195100000,52316.65,52319.55,52273.3,52310.65,380985,1660830
1730259900000,52149.95,52244,51810,51824.05,350175,1422240
1730261700000,51822.85,51977.1,51793.75,51900.15,187665,1441950
1730263500000,51900.15,51938,51712.1,51927.35,166275,1447620
1730265300000,51930,52095,51905.05,51919.75,144345,1433190
1730267100000,51915,52038.85,51881,51950.85,68760,1453920
1730268900000,51950.85,51994.8,51905.25,51951,36870,1441230
1730270700000,51948,52045.6,51917.75,52009,48270,1431090
1730272500000,51997.95,52197.2,51919.05,51957.2,126390,1419930
1730274300000,51957.2,51963.9,51800.6,51822.8,86430,1333080
1730276100000,51830,51878.4,51807.55,51810.3,65415,1320300
1730277900000,51810,51849,51792.8,51819,77820,1297530
1730279700000,51813,51825,51775,51793.95,233565,1261710
1730281500000,51794.5,51806.4,51785,51805.25,220455,1205430
1730346300000,52201.85,52300,52100.25,52220,279960,2318520
1730348100000,52214.35,52440,52214.35,52306.2,254250,2350110
1730349900000,52303.1,52325,52212.1,52253.5,83925,2374305
1730351700000,52241,52258.7,52156.25,52165.45,77250,2401785
1730353500000,52169.95,52209.95,52119.7,52153.6,83880,2425890
1730355300000,52167,52167,52060,52064,130770,2434770
1730357100000,52064,52085.25,51800,51808,246435,2456100
1730358900000,51800,51915,51756.05,51875,126240,2493660
1730360700000,51874,51915,51800,51915,61245,2512635
1730362500000,51914.25,51974.9,51750,51753.65,117495,2547090
1730364300000,51753.8,51848,51704,51848,123840,2600145
1730366100000,51839.1,51940,51807.1,51917,138465,2632410
1730367900000,51917,52035.6,51917,52034.2,171450,2643600
1730463300000,51995,52075,51936.25,52000,116070,2646240
1730465100000,51985.25,52011.2,51903,51928.2,90555,2647230
1730466900000,51926.55,51938.55,51910,51925.8,68025,2652885
1730691900000,51950,51993.9,51545.85,51633,407985,2722350
1730693700000,51631.35,51724,51529.9,51565.75,170925,2741835
1730695500000,51566.15,51633,51511.1,51545,119400,2760480
1730697300000,51538.9,51571.95,51288.1,51348,214335,2766420
1730699100000,51336.45,51436,51300,51333.25,150420,2770260
1730700900000,51339.4,51443.55,51300,51327.2,93375,2782320
1730702700000,51327.2,51397.8,51301.65,51373.05,60840,2792010
1730704500000,51373.05,51425,51320,51418.9,30375,2796960
1730706300000,51421,51479.4,51371.3,51426.45,42750,2789880
1730708100000,51439.2,51525,51411.05,51519.7,88875,2782005
1730709900000,51504,51550,51450,51480.1,68430,2767305
1730711700000,51479.6,51597.75,51479.6,51557.15,114525,2737020
1730713500000,51560,51569.9,51522,51540,65475,2735055
1730778300000,51500,51617,51325,51455,209280,2742855
1730780100000,51450.9,51582.15,51400.9,51536,106875,2741025
1730781900000,51521.9,51766,51372.5,51426.2,221475,2722380
1730783700000,51436.25,51582.1,51418,51557,78435,2732445
1730785500000,51563.6,51600,51217.9,51280,172770,2756715
1730787300000,51289.8,51487.95,51250,51382.9,133575,2781495
1730789100000,51371.55,51436.8,51295,51416.9,61710,2798175
1730790900000,51407.9,51554.65,51350.05,51435,79335,2800575
1730792700000,51435,52113.65,51422.05,52018.55,490800,2747730
1730794500000,52020,52350,52000.25,52320.95,450210,2680650
1730796300000,52320,52408.75,52269.8,52355.2,316845,2589360
1730798100000,52355.2,52465.8,52327.2,52390,291330,2551665
1730799900000,52382.15,52397.95,52325.4,52333,157650,2536545
1730864700000,52588,52737,52512.6,52554.4,403455,2512515
1730866500000,52554.4,52660,52534.25,52590.1,166740,2566680
1730868300000,52594,52625,52437.5,52476.95,128565,2577045
1730870100000,52463.3,52605.1,52460,52549.6,75465,2586900
1730871900000,52549.6,52647.3,52545.05,52620,58035,2580285
1730873700000,52620,52706.9,52609.9,52650,122700,2576685
1730875500000,52644.95,52674,52600,52645,43350,2579940
1730877300000,52645,52660.15,52602,52618,38070,2582280
1730879100000,52618,52644.05,52570.3,52630,58140,2589090
1730880900000,52630,52660,52598.8,52640,65655,2592855
1730882700000,52641,52739.9,52560.3,52597.05,240750,2602995
1730884500000,52602.4,52647.6,52570,52630,141285,2617170
1730886300000,52623.25,52680,52623,52678,122280,2605500
1730951100000,52544.7,52630,52311,52427.7,338355,2566410
1730952900000,52432.85,52477.25,52072.85,52158.95,308895,2597355
1730954700000,52157.95,52199,52035.05,52156.5,156885,2612025
1730956500000,52142.65,52413.85,52129.6,52253.2,201615,2614005
1730958300000,52254.3,52268.75,52121.05,52160,74370,2618835
1730960100000,52161,52189,52055,52171.7,80340,2630010
1730961900000,52171.7,52307.8,52115.05,52288.65,67500,2629185
1730963700000,52285.8,52375,52214,52375,62610,2626935
1730965500000,52367,52375,52150,52158,69750,2618295
1730967300000,52155.2,52249,52148.9,52246.45,43605,2623065
1730969100000,52255.2,52277.7,52160,52175.4,32925,2625195
1730970900000,52175.4,52298,52157.65,52157.65,69555,2622360
1730972700000,52160.9,52224.95,52160,52175,88455,2620500
1731037500000,52110.05,52178.05,51851,52083.3,307290,2585520
1731039300000,52084.35,52275,51981.9,52084,165510,2593815
1731041100000,52089.4,52121,51900,51902.1,101910,2613825
1731042900000,51902.15,51934.95,51805,51920,158130,2635410
1731044700000,51906,51932.35,51849,51909.45,39930,2647365
1731046500000,51907.95,51907.95,51705,51751.1,177165,2681565
1731048300000,51750.65,51939,51750.15,51898.95,71535,2679540
1731050100000,51898.95,51980,51832.95,51980,54825,2672010
1731051900000,51985.1,52120,51936.05,52034.8,146025,2661420
1731053700000,52052.95,52078.15,51850,51856.9,99150,2669610
1731055500000,51856.85,51925,51723.6,51886,136530,2669715
1731057300000,51898.95,51900,51760,51779,73065,2669190
1731059100000,51788.1,51820.25,51737.35,51759,110310,2684280
1731296700000,51605.4,51825,51519.35,51732.3,338820,2705685
1731298500000,51732.3,51882,51715.05,51770,99720,2701125
1731300300000,51770,52153.15,51741,52089.45,285390,2687475
1731302100000,52089.45,52320,52062.4,52300.35,186165,2689620
1731303900000,52316.95,52384,52272.6,52382.5,164415,2675910
1731305700000,52382,52388,52233.9,52285.6,81855,2660745
1731307500000,52288.65,52315,52143.15,52252.85,85410,2652045
1731309300000,52258.25,52298.9,52215,52259.9,39090,2656485
1731311100000,52259.9,52288.9,52075,52083,103740,2644095
1731312900000,52077.8,52144,52033.1,52059.3,83340,2641545
1731314700000,52055.05,52144,51976.3,52125.15,119760,2647725
1731316500000,52125,52159.9,51987.3,52140,78135,2650920
1731318300000,52140,52154,52050.3,52060.1,64800,2646300
1731383100000,52162.1,52260,51975,52027.6,227535,2608260
1731384900000,52014.1,52349,51990,52142,206175,2611770
1731386700000,52153.1,52195,51867,51910.85,156810,2608935
1731388500000,51906.75,51993,51811.55,51974.95,117885,2634900
1731390300000,51974.55,52055,51938.25,51991,75870,2644365
1731392100000,51992.15,52054,51874.1,51915,61560,2644005
1731393900000,51909.9,51948.95,51650,51685.65,179340,2658780
1731395700000,51697.6,51704.55,51439.75,51504.95,409665,2775930
1731397500000,51512.55,51518.55,51352.55,51419,207510,2831670
1731399300000,51422.45,51577.35,51406.25,51460.5,106350,2864910
1731401100000,51460.5,51537,51275.55,51403.95,179835,2912715
1731402900000,51402.7,51494.2,51324.85,51329.85,160185,2976375
1731404700000,51339,51410,51334.55,51334.55,156795,3002670
1731469500000,51199.9,51464,51191,51315,311325,2989155
1731471300000,51315,51381.7,51020,51055,320940,2988270
1731473100000,51050,51214.5,50922.55,50930,215805,2972085
1731474900000,50922.85,51184,50880.35,50885.05,195120,2967240
1731476700000,50894.05,50928,50810,50834,147885,2954895
1731478500000,50831.4,50924.9,50792.3,50839,75930,2941080
1731480300000,50839,50973.35,50828.05,50853.85,74115,2921310
1731482100000,50843.75,50883.65,50807.2,50848.55,51855,2927175
1731483900000,50848.55,50960,50825,50960,74085,2920515
1731485700000,50958.8,51018.85,50674,50727.9,187515,2880165
1731487500000,50739,50740.3,50275.1,50331.15,398025,2854680
1731489300000,50332,50419.95,50164.05,50322.85,530250,2968050
1731491100000,50325,50564.95,50322.35,50496.05,258240,2981250
1731555900000,50386.4,50624.95,50345.65,50490.85,326925,2936925
1731557700000,50490.85,50732.55,50473.9,50614.85,204420,2919315
1731559500000,50634.45,50710,50382.1,50460.9,140115,2923560
1731561300000,50462,50480,50066.25,50100,207750,2931300
1731563100000,50111.4,50356.95,50097.3,50309.95,111510,2939250
1731564900000,50300,50505.95,50181.9,50505.65,105405,2941500
1731566700000,50500.05,50508.95,50265.2,50343.75,84000,2939580
1731568500000,50343.85,50495.75,50294.1,50407.35,126030,2942535
1731570300000,50407.35,50479.2,50250,50277.55,80610,2940870
1731572100000,50277.55,50390.65,50236.75,50309.15,98040,2977140
1731573900000,50309.15,50320,50200,50230.05,77790,2938620
1731575700000,50230.05,50386.25,50185,50291.05,113250,2926740
1731577500000,50289.8,50339.5,50282,50338.4,86580,2899080
1731901500000,50299.95,50430.6,50125,50193.6,269460,2906370
1731903300000,50192,50460,50184.8,50325,164145,2913345
1731905100000,50312.35,50419,50261.35,50261.35,79920,2930565
1731906900000,50268.65,50376.8,50230,50300.2,61080,2926980
1731908700000,50304.35,50439.75,50285.9,50410,50940,2926170
1731910500000,50404.9,50488,50379.25,50461.5,84675,2925885
1731912300000,50469.85,50560,50439,50467.35,124035,2939940
1731914100000,50465.45,50515.1,50405,50479.8,46710,2936685
1731915900000,50474.7,50482.95,50400,50402.4,50190,2922855
1731917700000,50401.25,50490,50400,50440,47445,2917545
1731919500000,50445.35,50450,50339,50400.75,90990,2901915
1731921300000,50400.1,50441.95,50370,50436.6,63465,2884350
1731923100000,50428.3,50507,50401.4,50408,70170,2863695
1731987900000,50555.55,50888,50520.2,50882.15,431490,2868330
1731989700000,50879.75,50940,50760,50855.1,178155,2845500
1731991500000,50844.45,51017.95,50826.85,50900,180735,2823240
1731993300000,50905,51000,50850,50999,80820,2805915
1731995100000,51000,51063,50946.6,50994,124005,2787405
1731996900000,50994,51029,50911,50968,50700,2766360
1731998700000,50968,51000,50931.3,50953,42975,2755350
1732000500000,50945.15,51035,50921.05,51029.95,41520,2749560
1732002300000,51034.85,51070.25,50986,51000,71760,2754570
1732004100000,51000,51020,50845.25,50877.9,83595,2744880
1732005900000,50890,50939.75,50800.65,50821.3,83895,2737515
1732007700000,50811.1,50837.15,50555.05,50577.4,592845,2740560
1732009500000,50579.8,50615.9,50465.1,50470.15,267915,2790705
1732160700000,50500.05,50579.95,49817.3,49925.95,660915,2698995
1732162500000,49918.85,50185.55,49903.25,50048.05,297975,2747655
1732164300000,50050,50199.7,50020,50056.65,112890,2741355
1732166100000,50055.75,50268.55,49999,50190.25,135825,2702355
1732167900000,50190.25,50407.45,50182.05,50400,122490,2692350
1732169700000,50400,50605.4,50328,50504.7,224220,2663535
1732171500000,50518.6,50598,50410,50519.05,101175,2676150
1732173300000,50518.35,50545.7,50180.3,50379,168690,2670060
1732175100000,50377.7,50538.9,50340,50471,89910,2671635
1732176900000,50471,50520,50385,50451.95,41865,2657460
1732178700000,50435.35,50520,50303,50373.95,94965,2646345
1732180500000,50373.95,50386.35,50245,50375,120360,2646660
1732182300000,50364.4,50495.75,50349.9,50470,116865,2612280
1732247100000,50580,51014.8,50523.2,50840,557430,2548950
1732248900000,50839.3,51030.35,50690,50955.1,228780,2570250
1732250700000,50956,50983.35,50761.55,50778.05,95670,2557185
1732252500000,50778,50839.9,50650,50730.05,122655,2584815
1732254300000,50734.15,50894.9,50693,50862.05,82005,2601855
1732256100000,50862.05,51090,50859.2,50985.15,161745,2621760
1732257900000,50987.05,51050,50932.45,51025.7,81780,2610615
1732259700000,51025.2,51083.75,50944.15,51003.85,89895,2631420
1732261500000,51003.85,51066.95,50910.05,51025,112545,2661825
1732263300000,51025,51253.9,51008.5,51167,296985,2670510
1732265100000,51160,51280,51033.25,51084.35,177330,2687715
1732266900000,51084.3,51244,51046.3,51098.4,219720,2649150
1732268700000,51087.35,51130.7,51002.1,51129.9,132180,2629260
1732506300000,52000,52272,51720,52165,864450,2097390
1732508100000,52168.2,52192.95,52041.95,52092,134445,2050665
1732509900000,52107.3,52235.6,52100.1,52171.65,106995,2030625
1732511700000,52179.9,52290,52155.05,52231.85,120780,2030115
1732513500000,52231.85,52290,52151.9,52187.8,69690,2021655
1732515300000,52187.8,52245,52138.75,52227.85,56025,2009700
1732517100000,52229.4,52235,52167.2,52172.25,37680,2000370
1732518900000,52172.25,52180,51938.8,52046.25,177735,1953615
1732520700000,52044.5,52150,52020,52047.55,84420,1936785
1732522500000,52049.9,52093,52001,52044.8,84630,1914180
1732524300000,52050,52168.9,52015,52165,64425,1893255
1732526100000,52165,52189.55,52090,52165.8,136950,1875540
1732527900000,52165.8,52219,52148,52194.8,237705,1939530
1732592700000,52399,52400.15,52205.3,52271.2,219255,1679250
1732594500000,52273.75,52288.45,52099.6,52233.25,173520,1660980
1732596300000,52233.25,52233.25,51980.1,52094,166545,1710945
1732598100000,52099.35,52146.95,52064.95,52071.6,75990,1721295
1732599900000,52066.1,52182.85,52039.05,52135,82320,1728435
1732601700000,52133.8,52165,52121,52130.4,28875,1737345
1732603500000,52130.4,52149,52081,52140,41265,1744065
1732605300000,52140,52195.6,52107.2,52109.65,48450,1753395
1732607100000,52111.1,52170,52083,52110.35,45375,1763205
1732608900000,52110.35,52165,52102,52140.45,49125,1763805
1732610700000,52141,52248.25,52135.35,52212,88530,1683900
1732612500000,52212.05,52323.1,52172.05,52250,227520,1621380
1732614300000,52250,52250,52186,52186,93930,1603020
1732679100000,52217.95,52323,52029.75,52087.35,239235,1295565
1732680900000,52087.5,52195.5,52056.15,52145,122535,1328175
1732682700000,52140.9,52180,52048,52118.8,81855,1328175
1732684500000,52131.3,52221,52064.75,52152,80115,1335960
1732686300000,52154.05,52198,52148,52168.85,64560,1320915
1732688100000,52168.85,52417,52141.05,52362.45,162675,1280130
1732689900000,52373.75,52465,52348.8,52431.55,196155,1274535
1732691700000,52431.8,52463.25,52399.95,52403.5,136785,1085760
1732693500000,52400,52429.95,52382.1,52403,71370,1051545
1732695300000,52403,52408.4,52355.35,52362.3,96645,1044420
1732697100000,52363.65,52398,52330,52340.95,77505,1007625
1732698900000,52344,52350,52291.6,52305.15,243540,919650
1732700700000,52308,52310.95,52296.95,52304,133665,828045
1732765500000,52689.95,52840,52630.05,52780.6,312825,1959150
1732767300000,52780.6,53093,52773.5,53026,387600,2096610
1732769100000,53026,53035,52450,52585.5,430530,2046135
1732770900000,52600,52649.4,52453,52530,232620,2097930
1732772700000,52512.55,52546.65,52380.45,52485.2,183555,2121690
1732774500000,52500,52603,52417.6,52503,138540,2134275
1732776300000,52486.25,52573.25,52350,52456,123060,2151255
1732778100000,52445.65,52461.95,52240,52262.1,150165,2152110
1732779900000,52260.65,52398.5,52202,52329.05,145050,2157870
1732781700000,52329.95,52493,52200,52291.55,137445,2161995
1732783500000,52291.55,52370,52211,52298.5,140070,2170395
1732785300000,52311.35,52355,52256.05,52335.6,114630,2165025
1732787100000,52333.25,52375,52325,52340,132240,2153880
1732851900000,52389.85,52486.45,52306,52400,197955,2129070
1732853700000,52400,52465,52175,52175,176430,2150820
1732855500000,52164,52383.2,52076.85,52282.6,247245,2167890
1732857300000,52298.35,52375,52233.15,52280,76695,2174640
1732859100000,52280,52329,52160,52200.3,76080,2190735
1732860900000,52198.15,52209.75,52035.45,52192.55,136425,2193435
1732862700000,52180.6,52226,52120,52160.75,55230,2212275
1732864500000,52146.6,52220,52102,52202.7,47280,2225190
1732866300000,52203.3,52334,52168.1,52291.4,108615,2242920
1732868100000,52277.8,52442,52251,52287,135180,2258295
1732869900000,52287,52429.45,52254,52387.65,86670,2262990
1732871700000,52368.8,52411.2,52311,52343.4,87615,2255010
1732873500000,52343.4,52385,52343.4,52364.65,88770,2237160
1733111100000,52340,52399,52000,52188.9,348675,2254635
1733112900000,52165,52240,52050,52110,137370,2284560
1733114700000,52105,52225,52036,52082.25,91155,2299395
1733116500000,52090.05,52152.95,52053.8,52123,72135,2297955
1733118300000,52130,52171,52099.05,52157,42765,2306910
1733120100000,52156.1,52181,52060.45,52086.35,33045,2315430
1733121900000,52085,52224,52085,52154.95,71220,2314890
1733123700000,52154.95,52195,52110.95,52137.55,38160,2325285
1733125500000,52137.5,52170,52101.2,52150,31980,2335785
1733127300000,52151.95,52348,52120,52335.8,138975,2322645
1733129100000,52331.95,52496.45,52325.2,52484.95,213210,2322960
1733130900000,52477.7,52499,52365,52427.5,97020,2335755
1733132700000,52423.5,52432.15,52329.65,52395,86655,2357985
1733197500000,52515,52714.3,52452.2,52690,441630,2347755
1733199300000,52698,52758.35,52650.7,52733.9,131610,2371785
1733201100000,52733.9,52885,52721.55,52865,201750,2407170
1733202900000,52875.25,52924,52806.05,52898.5,137595,2418075
1733204700000,52900,52959.75,52865,52873.1,117480,2422890
1733206500000,52880,52910,52810,52838,87270,2418315
1733208300000,52835,52918,52774,52912,84660,2378850
1733210100000,52908.7,52915.1,52852.4,52867,45495,2386200
1733211900000,52872.25,52928.85,52841.55,52881.4,98640,2389335
1733213700000,52881.4,52950,52867.15,52904.25,114075,2371620
1733215500000,52914.3,52992,52904.4,52945.05,113265,2356890
1733217300000,52945.9,52964,52825,52856.3,150225,2369430
1733219100000,52854.3,52889,52840,52888.85,98340,2359170
1733283900000,52855.3,53119.9,52850,53108.1,288045,2327595
1733285700000,53120,53245.95,53103.1,53199.95,184770,2342445
1733287500000,53199.95,53210,53072.7,53175,111405,2351205
1733289300000,53175.7,53310,53152.3,53260.35,161235,2384850
1733291100000,53270,53339.6,53239.4,53293.15,74145,2397615
1733292900000,53293.15,53316,53022.65,53140.85,224580,2388360
1733294700000,53130,53225,53100,53152.1,71835,2390790
1733296500000,53150,53247,53150,53245.15,45630,2399160
1733298300000,53248.95,53462.5,53239.2,53420,176190,2400765
1733300100000,53423.95,53511,53390.5,53500,109440,2401215
1733301900000,53500,53533,53365.65,53440,138855,2394345
1733303700000,53430,53469.45,53332,53374.9,164925,2416650
1733305500000,53388.25,53408,53361,53393.2,124710,2434350
1733370300000,53459.95,53472.55,53330.15,53330.15,202290,2317605
1733372100000,53318.2,53355,53203.3,53203.3,168510,2297085
1733373900000,53218,53320,53169.6,53239.8,146415,2264520
1733375700000,53237.9,53282.55,53060.05,53135.35,162420,2274120
1733377500000,53135.1,53220.4,53101,53210,55470,2289000
1733379300000,53210,53637.2,53188.8,53615.05,302850,2292420
1733381100000,53625,53806.5,53625,53689,245280,2255895
1733382900000,53691.9,53775,53619,53770,87210,2257275
1733384700000,53765,53790,53625,53734.95,79275,2246505
1733386500000,53732.8,53838.85,53685,53819.7,104835,2235120
1733388300000,53810.35,53950,53784.9,53844.55,249570,2245245
1733390100000,53858.05,53900,53477.6,53720,351300,2251590
1733391900000,53725.95,53730.6,53680,53700,102885,2274090
1733456700000,53700,53784.95,53626.05,53724.95,205425,2213670
1733458500000,53713.45,53791.4,53203,53445.55,504975,2237295
1733460300000,53445.55,53995,53289.3,53930.7,931080,2387490
1733462100000,53930.9,53950,53805.1,53829,172905,2421855
1733463900000,53829,53835,53675.4,53771.2,134415,2410590
1733465700000,53762.9,53862.7,53685,53783.95,82770,2416260
1733467500000,53784,53839.75,53720.4,53802,54990,2419035
1733469300000,53802,53848.8,53760,53817.15,45420,2401230
1733471100000,53800.95,53820,53745,53799.85,30615,2401725
1733472900000,53799.85,53820.45,53750,53782.25,48360,2405805
1733474700000,53770.9,53785,53682,53734.45,63840,2422485
1733476500000,53734.45,53780,53661.75,53736.05,99210,2432010
1733478300000,53730,53788,53690,53690,97410,2406930
1733715900000,53599.95,53779.75,53522.75,53560.2,257370,2365770
1733717700000,53568.45,53650,53465,53524.75,159540,2389980
1733719500000,53512.75,53680,53511.7,53649.85,94860,2400060
1733721300000,53649.85,53725,53624.1,53722.2,71595,2409840
1733723100000,53715,53900,53705,53842.85,206640,2419710
1733724900000,53852,53858.95,53740,53772.8,64065,2409390
1733726700000,53775.75,53800,53651,53718.85,75675,2423205
1733728500000,53719.4,53776.3,53690.15,53760.85,35220,2425245
1733730300000,53760.85,53790,53690.5,53732,27600,2421660
1733732100000,53730,53744.25,53584.45,53635,69750,2421165
1733733900000,53632.65,53686.8,53552.05,53582,95355,2420535
1733735700000,53585,53639.1,53480,53502.05,146280,2421735
1733737500000,53513.95,53585,53505.85,53535.85,99315,2390775
1733802300000,53605.3,53680,53475,53670,168210,2372745
1733804100000,53663,53734,53621,53670,107565,2388390
1733805900000,53673.45,53673.45,53530,53567.55,82395,2399340
1733807700000,53567.55,53649,53557,53644,25950,2399115
1733809500000,53649,53670,53617.3,53667.15,37935,2404545
1733811300000,53667.7,53708.65,53638.75,53652.4,64035,2411340
1733813100000,53652.4,53652.4,53409.2,53465,149760,2408715
1733814900000,53460,53570.9,53447,53524.4,81900,2409765
1733816700000,53538.3,53561,53473.15,53488,31170,2415840
1733818500000,53485.05,53569.9,53439.55,53536.65,47025,2413695
1733820300000,53535.25,53620,53505,53589,51705,2407650
1733822100000,53589,53749,53563.2,53694.4,183690,2401110
1733823900000,53680.85,53709,53665,53704,103125,2391720
1733888700000,53605,53670,53531.35,53600.05,232740,2450670
1733890500000,53594.2,53600,53479.45,53539.25,140205,2458335
1733892300000,53533,53650,53456,53650,103920,2457600
1733894100000,53649,53699,53626.4,53654,73425,2453100
1733895900000,53664.95,53799,53626.5,53779,138750,2441325
1733897700000,53780,53789,53710.25,53741.35,62025,2430210
1733899500000,53746.3,53751.25,53575.75,53616.85,85245,2427420
1733901300000,53601,53649,53583,53635,35550,2435160
1733903100000,53626,53680,53608.9,53615.3,29190,2429670
1733904900000,53615.3,53716.35,53610.55,53655.2,38100,2422890
1733906700000,53655.2,53685.95,53595,53595,63660,2420640
1733908500000,53597.55,53597.55,53512.7,53579,141930,2406690
1733910300000,53571.05,53599,53550,53550.2,68160,2386965
1733975100000,53399.55,53699,53399.55,53613.25,177150,2381085
1733976900000,53629.7,53630,53523.35,53537.55,103275,2388750
1733978700000,53545.6,53575,53512.05,53560.7,40590,2381310
1733980500000,53560.7,53614,53555,53573.65,43710,2372025
1733982300000,53573.65,53594.7,53540.05,53558,27690,2368845
1733984100000,53558,53568,53400,53437.55,151425,2357025
1733985900000,53418.05,53481.05,53384.05,53420.05,98595,2355405
1733987700000,53421.05,53470.95,53366,53422.3,62505,2353710
1733989500000,53422.3,53454,53360.5,53439.95,64995,2348145
1733991300000,53439.95,53440.7,53363.15,53434.85,53565,2336610
1733993100000,53437.95,53482,53409.6,53438.65,43830,2328240
1733994900000,53444,53452.5,53392,53444,60180,2314515
1733996700000,53440.05,53475,53425,53427.25,84120,2288490
1734061500000,53344,53350,52877.1,52920,632310,2302620
1734063300000,52920,52951.45,52761.5,52790.5,235545,2326200
1734065100000,52795,52795,52420,52507.35,401760,2359905
1734066900000,52507.75,52675,52380.1,52575,234915,2411955
1734068700000,52571,52738.3,52521.1,52725.8,130455,2409555
1734070500000,52725,53200,52693.15,53085.05,422325,2309595
1734072300000,53099.9,53242,53025,53095,229320,2249130
1734074100000,53084.35,53397.25,53035,53288.85,235995,2231265
1734075900000,53300,53450,53160,53416.9,213750,2204070
1734077700000,53424,53493,53360,53404.05,137415,2202030
1734079500000,53409.1,53560,53395.3,53540,160425,2205780
1734081300000,53545,53664,53468,53645,216315,2235165
1734083100000,53640,53675,53591.05,53657.5,197280,2263950
1734320700000,53600,53794,53505,53787.95,296295,2239680
1734322500000,53791.4,53825,53673.9,53716.1,161490,2267355
1734324300000,53705.75,53710.8,53530,53595.05,137970,2273655
1734326100000,53589,53640,53500,53508.3,75060,2276595
1734327900000,53509.5,53600,53460.4,53538.6,97275,2265405
1734329700000,53528,53599,53480.1,53489.7,80955,2280915
1734331500000,53486.25,53596.1,53480,53574,62055,2285955
1734333300000,53574,53663,53551.05,53650,70710,2276325
1734335100000,53650.45,53725,53636,53697.9,112410,2269095
1734336900000,53699,53766.15,53655,53700,76890,2255205
1734338700000,53700,53787,53645,53787,69195,2244420
1734340500000,53795,53800,53680,53691,86085,2230995
1734342300000,53691,53729.75,53650.05,53660,63540,2213640
1734407100000,53484,53657.95,53450.1,53470,199665,2215590
1734408900000,53474.95,53477.95,53276,53335,263820,2245830
1734410700000,53325,53363.2,53072.05,53215.7,332655,2297160
1734412500000,53201.05,53399,53163,53310.95,166935,2294385
1734414300000,53296.1,53331,53010,53046.2,169725,2296335
1734416100000,53032,53070,52934,52971.55,198240,2316195
1734417900000,52967.3,53144,52890,53024.4,170295,2309610
1734419700000,53021.4,53133,52959.35,52959.9,82335,2320050
1734421500000,52956.5,53024.95,52850.45,52956.35,152895,2322045
1734423300000,52956.35,53044.5,52918.85,52939.5,78795,2334570
1734425100000,52939.5,52982.25,52851.7,52925,120300,2334930
1734426900000,52925,53094.25,52923.55,52977.5,131535,2300910
1734428700000,52985,53040,52950,52964.7,133500,2255100
1734493500000,52900,52963.95,52652,52963.95,371115,2234385
1734495300000,52963.9,52976,52526.1,52545.2,338295,2312955
1734497100000,52532.55,52668,52480,52635.1,208725,2336085
1734498900000,52644.5,52671.1,52355,52437.65,209385,2364720
1734500700000,52449,52470.9,52285,52388.55,140295,2388750
1734502500000,52401.7,52430,52335.35,52339.25,91815,2394285
1734504300000,52337.25,52382.5,52255,52306.45,150495,2404215
1734506100000,52306.45,52438.2,52265,52418.65,121965,2419590
1734507900000,52418.65,52458.9,52300,52309.8,96480,2422035
1734509700000,52310,52339.9,52205,52222.05,109545,2442840
1734511500000,52222,52256.7,52112.3,52209,195570,2471925
1734513300000,52210,52286.65,52180,52219.1,114300,2449605
1734515100000,52220,52380,52220,52315,175335,2361255
1734579900000,51670.3,51765.65,51400,51740,645555,2304975
1734581700000,51741.5,51777,51531.75,51540.1,178830,2311725
1734583500000,51549.95,51684.8,51481.5,51594.45,125325,2335350
1734585300000,51580.1,51628.5,51491.05,51605.05,82965,2357385
1734587100000,51611.95,51932,51611.95,51776.35,163905,2327955
1734588900000,51775.9,51858.7,51720.3,51829.9,72960,2316300
1734590700000,51825.6,51840,51740.15,51781.5,38160,2323335
1734592500000,51780.7,51810,51735,51767.5,32115,2329290
1734594300000,51762.2,51762.2,51624,51641,77685,2333505
1734596100000,51641,51692.95,51585.35,51690,58800,2346270
1734597900000,51690,51732.55,51630.1,51664.95,61650,2349930
1734599700000,51664.95,51799.95,51634.85,51753.85,109935,2331255
1734601500000,51761.95,51790,51715.8,51763.4,112380,2315265
1734666300000,51621,51721.25,51405.15,51630,335940,2277855
1734668100000,51634.75,51650,51200,51275,293325,2288460
1734669900000,51270,51475,51250,51422.4,135975,2252025
1734671700000,51422.4,51549,51360.6,51505.8,124575,2253870
1734673500000,51510.95,51526.95,51396.65,51474.35,77730,2251320
1734675300000,51474.35,51566.85,51418.6,51425,74490,2241330
1734677100000,51417,51424.5,51290,51299.9,114240,2266830
1734678900000,51296.65,51337,51150,51204.35,151770,2288625
1734680700000,51199,51284,51000,51095,160245,2268525
1734682500000,51091.85,51145,50886.05,50920.25,227565,2268855
1734684300000,50920.7,51027.9,50725.15,50806.15,160650,2284440
1734686100000,50795,50820,50622.4,50680.05,230685,2270520
1734687900000,50695,50853,50691.85,50832.25,174930,2193795
1734925500000,51002.1,51379.25,51000.15,51280.6,397470,1971000
1734927300000,51266.45,51439.3,51174.55,51385.25,219990,1897110
1734929100000,51385.25,51462,51336,51361,117765,1872690
1734930900000,51360,51483.85,51350,51412.4,70770,1879890
1734932700000,51412.4,51444.05,51369,51394.2,73890,1887045
1734934500000,51394.1,51419.4,51272,51322.25,109815,1887600
1734936300000,51330.85,51349.95,51215,51285,93735,1893735
1734938100000,51280,51300,51152.8,51190.8,76710,1885305
1734939900000,51195.45,51298.45,51176.6,51289,76860,1875015
1734941700000,51288.1,51299.55,51195,51250,59520,1852020
1734943500000,51246.2,51344.1,51238.8,51284.05,160605,1800675
1734945300000,51280,51325,51251.45,51300.9,88005,1787235
1734947100000,51300.55,51318.4,51281.65,51300.3,83235,1759890
1735011900000,51333.35,51347.7,51118.5,51147.7,143130,1436520
1735013700000,51147.7,51272,51137.55,51216.9,132300,1423140
1735015500000,51216.95,51260,51175.2,51188.05,86880,1434375
1735017300000,51187.2,51249,51178.05,51229,66540,1419435
1735019100000,51229,51280.8,51180,51204.9,70140,1396830
1735020900000,51197,51243,51197,51223.85,61170,1398225
1735022700000,51223.85,51298,51203.6,51280.15,75825,1379190
1735024500000,51282.85,51300,51238.85,51248.5,92265,1373850
1735026300000,51249,51277.8,51206.55,51209.4,79665,1368465
1735028100000,51209.4,51270,51201,51261,126225,1354170
1735029900000,51262,51268,51217,51225.8,87435,1324200
1735031700000,51225.8,51248,51211.8,51220.15,240690,1264440
1735033500000,51219.45,51238,51219.45,51229.8,134835,1208310
1735184700000,51850.05,52185.95,51795.35,51968.7,383280,2040465
1735186500000,51965.15,51971.35,51652,51694.7,189210,2077440
1735188300000,51677.85,51776.55,51566,51601,167250,2097720
1735190100000,51599.2,51665,51430.35,51654.95,163200,2132085
1735191900000,51656.85,51732.95,51538.25,51575,79125,2130015
1735193700000,51575,51619.55,51516,51524.1,33885,2140260
1735195500000,51524.1,51562.9,51432.15,51507.65,68475,2142765
1735197300000,51515.1,51560,51489.45,51498.6,37140,2146320
1735199100000,51503.85,51539,51335,51496.1,101175,2159820
1735200900000,51490,51549.95,51434.45,51522,39150,2159550
1735202700000,51536.05,51568.95,51467.55,51510,43845,2157090
1735204500000,51511.8,51588,51493.55,51557.55,67485,2165280
1735206300000,51571.2,51609.4,51566.8,51599,86685,2165145
1735271100000,51601.6,51849.95,51520,51820,215985,2133435
1735272900000,51825,52018,51820,51990,218835,2114625
1735274700000,51996.2,52014.15,51915.05,51925.65,86625,2106615
1735276500000,51925.7,51950,51851,51950,56610,2111760
1735278300000,51950,51950,51750,51805.5,83295,2113515
1735280100000,51819.3,51819.3,51705.15,51709,53580,2110425
1735281900000,51700,51730.75,51627.75,51692.2,88305,2114505
1735283700000,51691.15,51722,51601,51690.05,51555,2113635
1735285500000,51686.15,51770,51665.15,51753.3,28680,2114655
1735287300000,51746,51775,51701,51715,28590,2112645
1735289100000,51711.2,51748,51666,51738.75,26880,2108565
1735290900000,51744.5,51762.7,51644.75,51708,48330,2100915
1735292700000,51708,51765.25,51691,51760,64230,2090115
1735530300000,51660,51719.3,51480.05,51591.45,175650,2101620
1735532100000,51584,51817.55,51575.05,51784.75,123540,2105970
1735533900000,51795,51844.4,51740.05,51820.05,65085,2101980
1735535700000,51836.35,51910,51726.15,51760.05,89355,2108220
1735537500000,51760,52138.7,51743.2,52138.7,174135,2095365
1735539300000,52138.7,52295,52100,52242.15,213645,2098530
1735541100000,52233.95,52251.8,51705.5,51830,280620,2137935
1735542900000,51821.95,51875,51615.5,51690,157425,2147145
1735544700000,51677.4,51754.8,51250,51329.05,367650,2194125
1735546500000,51331.35,51331.35,51124.9,51166.9,279780,2246475
1735548300000,51166.9,51289.95,51082.1,51260,114495,2252460
1735550100000,51258,51448.5,51242.55,51369.85,177165,2238345
1735551900000,51365.3,51488.55,51365.3,51414.5,178140,2183670
1735616700000,51084.8,51299.85,51003.4,51148.05,239190,2226120
1735618500000,51146.2,51180,51015,51085,98655,2245530
1735620300000,51082.1,51260,51081,51229.95,98640,2237490
1735622100000,51230,51345.95,51180,51331.15,69210,2234730
1735623900000,51332.55,51350,51140,51216.2,61740,2233500
1735625700000,51218.5,51233.75,51122.5,51158.75,31290,2235660
1735627500000,51158.75,51268.45,51151.25,51266.8,62685,2230635
1735629300000,51266.8,51270,51200,51234.8,26850,2237220
1735631100000,51223.75,51370,51218.65,51300,58155,2241675
1735632900000,51300,51349.5,51273,51321,42615,2246340
1735634700000,51321,51334.95,51205,51281.85,44970,2255025
1735636500000,51278.25,51306.9,51240.45,51305.25,72390,2271585
1735638300000,51304.8,51316.2,51267.3,51300.8,104220,2305380
1735703100000,51289.95,51318.75,50908.95,50965,217245,2291055
1735704900000,50965,51223.95,50850,51167.5,221430,2303865
1735706700000,51180,51269.85,51146,51228.75,110550,2282175
1735708500000,51228.75,51575.8,51228.75,51462.95,266580,2230500
1735710300000,51448.6,51530,51308,51385,91785,2229960
1735712100000,51381.05,51462.25,51323.55,51449,62940,2243430
1735713900000,51430.55,51525,51410.1,51428.95,58005,2242905
1735715700000,51444,51467,51350,51359,27240,2246835
1735717500000,51359,51491,51359,51474,26310,2246085
1735719300000,51474,51698,51457.35,51571.1,174975,2229570
1735721100000,51584.95,51595.95,51490,51490,49110,2231625
1735722900000,51490,51495.4,51362.05,51429.1,83565,2226465
1735724700000,51428.4,51495,51406,51495,56400,2230995
1735789500000,51439.95,51565.95,51329.95,51490.65,161490,2250975
1735791300000,51495,51538,51383.85,51425,71820,2257065
1735793100000,51431.9,51574.85,51413.8,51500,65715,2256420
1735794900000,51516,51600,51465,51566.4,67425,2259405
1735796700000,51568.9,51642.15,51525,51533,84645,2266545
1735798500000,51540,51540,51401,51418.85,79980,2270040
1735800300000,51418.85,51624,51375,51591.3,101370,2278665
1735802100000,51594.5,51660,51555,51636.95,76845,2277255
1735803900000,51630,51877,51625.45,51850.05,296910,2305965
1735805700000,51849.9,51875.55,51714,51796.95,87075,2286765
1735807500000,51797,51910,51790,51863.25,113655,2288355
1735809300000,51874.8,51938,51820,51860.9,109545,2280435
1735811100000,51857,51875.75,51840,51875.75,108360,2295675
1735875900000,51825.45,51928.75,51613,51618.2,231735,2287275
1735877700000,51618.2,51689.45,51480.55,51505.2,210090,2325315
1735879500000,51505.2,51598.95,51366.85,51403,183240,2351910
1735881300000,51388.9,51525,51360,51514.3,124845,2384415
1735883100000,51514.3,51639,51480,51611,103515,2363700
1735884900000,51612.2,51651,51521.75,51559.35,67335,2369880
1735886700000,51560,51560,51385,51447.9,93765,2387130
1735888500000,51447.9,51573,51412.55,51490,62640,2387745
1735890300000,51481,51515.1,51420.25,51440.55,40710,2393550
1735892100000,51435.1,51441.6,51158.75,51256.9,252840,2422350
1735893900000,51236.7,51340,51214.65,51281.05,83310,2428830
1735895700000,51280.35,51353,51182.75,51238.4,134610,2413095
1735897500000,51241.2,51320,51219.15,51246,125205,2404590
1736135100000,51184.9,51286.75,50817,50943.95,543330,2425260
1736136900000,50944,51028.25,50843.5,51025,166995,2437230
1736138700000,51023.05,51080,50721,50738.15,139995,2446785
1736140500000,50731.8,50756.25,50455.2,50505.2,240480,2474175
1736142300000,50498,50628.95,50440.55,50480,129525,2481450
1736144100000,50480,50518.4,50222,50433.15,226710,2493330
1736145900000,50432.4,50444.7,50250,50372.9,92235,2512275
1736147700000,50371.5,50413.55,50255.95,50285.8,61755,2538315
1736149500000,50274.8,50274.8,50082,50156.45,148260,2553870
1736151300000,50149.9,50163,50000,50039.55,197145,2564430
1736153100000,50029.65,50138.45,50005.5,50065.9,99390,2551425
1736154900000,50065.9,50205,50013.8,50094.45,139785,2518710
1736156700000,50105,50210,50103.35,50145.75,112440,2472780
1736221500000,50150,50624,50150,50528.05,343215,2408400
1736223300000,50528.05,50540,50201,50462.5,193665,2401500
1736225100000,50467.8,50520,50371.2,50496.05,110520,2382825
1736226900000,50482.65,50569.95,50390,50516.65,70545,2374485
1736228700000,50516.65,50720,50457.25,50599,162285,2373120
1736230500000,50595,50674.8,50535,50575,55290,2378265
1736232300000,50580,50648.9,50533.25,50581.4,46740,2377500
1736234100000,50590,50630,50530,50560,38340,2383650
1736235900000,50567,50695,50559.15,50603,67875,2389230
1736237700000,50614.95,50646.95,50428.25,50525.45,97410,2399700
1736239500000,50525.45,50563.95,50412.05,50412.05,59175,2400690
1736241300000,50410.35,50481.3,50370.1,50433.4,73635,2405610
1736243100000,50433.4,50433.4,50386,50395.5,71235,2391540
1736307900000,50389.8,50462,50227.4,50359.45,228330,2314140
1736309700000,50359.45,50441.15,50270,50310,92295,2325600
1736311500000,50316.65,50349.9,49825.05,49825.05,331095,2382360
1736313300000,49819.95,49942,49805.05,49886.25,159075,2389065
1736315100000,49878,49987.95,49775.4,49879.15,121875,2394630
1736316900000,49879.15,49900,49730,49730,94890,2395065
1736318700000,49730,49824,49711,49765.6,72330,2404260
1736320500000,49765.6,49770,49625,49659.05,105030,2423730
1736322300000,49658.6,49936.05,49632.5,49920.15,138570,2425905
1736324100000,49910.65,50140,49891,50105,195825,2393070
1736325900000,50104.2,50249.9,50080.35,50163.65,197070,2365830
1736327700000,50165.7,50195,50035.95,50100,71700,2367315
1736329500000,50091.55,50141.95,50080,50117.8,57090,2356320
1736394300000,49960.3,50018.6,49771.05,49919.95,177360,2397525
1736396100000,49925,50000,49850.05,49950,77130,2404230
1736397900000,49945.6,49950.25,49820,49824.55,63000,2431425
1736399700000,49824.55,49824.55,49501,49560,297795,2484375
1736401500000,49560,49670,49541.05,49611.9,83970,2490630
1736403300000,49611.25,49641.75,49537.35,49605,77505,2512845
1736405100000,49600.4,49765.7,49571.05,49571.05,101760,2522610
1736406900000,49576.8,49599.9,49455.55,49571.55,102795,2537505
1736408700000,49571.5,49645,49550,49617.15,44895,2540040
1736410500000,49620,49756,49602,49729.05,76395,2533320
1736412300000,49730,49799.8,49663.85,49691,67890,2526555
1736414100000,49700,49800,49650.05,49780.05,106800,2496030
1736415900000,49780.25,49828.9,49770,49794,100575,2480340
1736480700000,49421.6,49716.05,49280,49405,327345,2493795
1736482500000,49401.25,49407.35,49025,49215.25,329820,2569425
1736484300000,49214.9,49327,49126.9,49257.9,181305,2591640
1736486100000,49255.55,49484,49212.35,49484,193110,2555235
1736487900000,49492.2,49574.3,49260.95,49261.2,189120,2538045
1736489700000,49261.25,49349,49151,49255.75,108675,2563035
1736491500000,49251.7,49340.1,49169.7,49248,66660,2570880
1736493300000,49248,49285,49129.6,49151.65,72510,2587845
1736495100000,49150.05,49229.65,49044,49130,125310,2613435
1736496900000,49125,49183.6,48967.25,48968.35,107040,2630910
1736498700000,48980,49019,48789,48920,162045,2645460
1736500500000,48910,48939.55,48801.55,48822.5,136080,2641140
1736502300000,48830,48955.55,48830,48886.65,137760,2596110
1736739900000,48430,48620,48286,48451.7,478320,2606970
1736741700000,48468.7,48682,48232.2,48679.15,291075,2613720
1736743500000,48700,48822,48580,48684,171855,2612925
1736745300000,48687,48771.8,48540,48706.85,91605,2575530
1736747100000,48706.85,48789.95,48510,48550,78330,2584965
1736748900000,48550,48599.95,48450,48493.7,70560,2581140
1736750700000,48486.85,48555,48448.9,48479.25,46155,2590725
1736752500000,48479.25,48497.45,48333.15,48378.5,67380,2601765
1736754300000,48375,48415,48305.05,48324,62310,2594970
1736756100000,48324,48353,48201,48240,122040,2607450
1736757900000,48227,48283.5,48102,48187.45,157995,2595135
1736759700000,48187.5,48273.95,48147.75,48251.6,150150,2579115
1736761500000,48257.5,48344.25,48241,48242.4,138360,2553915
1736826300000,48424,48772.8,48351.1,48739.95,339600,2470440
1736828100000,48739.65,48860,48676,48745.95,168795,2440170
1736829900000,48745.95,48899,48605.7,48870.5,172320,2440200
1736831700000,48875.1,48995,48851.05,48984,122910,2436255
1736833500000,48980,48986.1,48769.05,48796.7,82320,2431020
1736835300000,48794.95,48812.75,48680.15,48721.95,76590,2425515
1736837100000,48721.95,48737.7,48604.85,48699.7,73725,2431650
1736838900000,48700.35,48790,48700,48769.95,42645,2433945
1736840700000,48765.5,48843.1,48744.05,48824.95,48480,2436195
1736842500000,48830,49179.15,48765.4,49146.2,184620,2436915
1736844300000,49157.7,49250,48900.25,48909.75,232365,2453925
1736846100000,48921.05,48978,48767,48961.7,128835,2462490
1736847900000,48959.75,49113.45,48931.45,49105,104370,2448825
1736912700000,49120,49219,48800.05,48915.15,213720,2402550
1736914500000,48916.2,49063,48886.95,49048.25,73680,2405100
1736916300000,49062,49145.45,49000,49143,76200,2410890
1736918100000,49145.45,49237.45,49060,49127,112170,2400930
1736919900000,49135,49166,48971,49040.8,53940,2401605
1736921700000,49040.8,49120,49016.05,49071.25,33345,2405010
1736923500000,49069.9,49100,49001.5,49077.9,38895,2402100
1736925300000,49063.4,49080,48920,48940,46185,2398725
1736927100000,48935,48941.3,48663.6,48673.75,240000,2412270
1736928900000,48667.6,48791.9,48630.15,48737.1,74775,2414895
1736930700000,48737.1,48921.8,48715.25,48906.5,81615,2400285
1736932500000,48906.5,48968.05,48852,48870.65,58830,2384115
1736934300000,48874.95,48919,48850,48909,44130,2374395
1736999100000,49300.1,49602.2,49134.75,49437.05,521205,2411835
1737000900000,49436.5,49500.9,49358.95,49397.25,117690,2414685
1737002700000,49399.9,49530,49399.9,49484.25,80220,2401530
1737004500000,49484.25,49507.85,49340.2,49436,65760,2396655
1737006300000,49435,49550,49400.1,49537.2,55530,2395305
1737008100000,49525.15,49539.45,49465,49488.55,36855,2394090
1737009900000,49481.85,49539.2,49425.35,49515.15,39510,2397150
1737011700000,49515.15,49670,49515.05,49625,163515,2422095
1737013500000,49640,49642,49555,49580.3,48795,2427480
1737015300000,49580.3,49594.95,49524.45,49543.9,43950,2427270
1737017100000,49528.2,49528.2,49302,49344,145455,2412840
1737018900000,49344,49433,49289,49432.95,113820,2415915
1737020700000,49433,49519.65,49426.6,49501,84855,2418735
1737085500000,49201,49288.4,48711.35,48748.1,554925,2415360
1737087300000,48751.55,48846.35,48690.9,48725.3,152325,2441835
1737089100000,48726.55,48831,48601.65,48627.55,249900,2477805
1737090900000,48619.35,48659.9,48425,48533.9,219585,2527335
1737092700000,48528.6,48664.75,48523.45,48625,73200,2524965
1737094500000,48620,48720,48541.75,48661.1,98310,2523720
1737096300000,48661.1,48756.65,48563.6,48689.85,85365,2521785
1737098100000,48695.05,48756.95,48580.05,48585,51195,2524620
1737099900000,48595.2,48630.25,48500,48533.7,70890,2534430
1737101700000,48533.7,48664.05,48530,48615,61290,2545545
1737103500000,48610.45,48743.95,48585.55,48735,67065,2533005
1737105300000,48735,48748,48632.2,48654.6,95220,2524605
1737107100000,48655,48730,48652.65,48704.35,126675,2469840
1737344700000,48902.1,49045,48774.9,49011,284385,2379510
1737346500000,49023.6,49120,48969.4,49073.8,144135,2347770
1737348300000,49079.25,49200,49054.55,49113.8,134865,2337840
1737350100000,49113.8,49184.2,49050,49180,72105,2352345
1737351900000,49175,49499.95,49174.75,49480,345705,2373720
1737353700000,49480,49491.15,49401,49461.55,58545,2364045
1737355500000,49461.6,49600,49440,49559,162540,2397090
1737357300000,49559,49729,49530,49695,238005,2452755
1737359100000,49695,49815,49650.05,49656.6,149880,2457750
1737360900000,49651,49700,49530.45,49645,74850,2449005
1737362700000,49643,49681,49550,49600.1,60915,2450700
1737364500000,49600.15,49648.9,49549.05,49564.45,98565,2434875
1737366300000,49564.05,49568.15,49435.05,49499,144540,2427105
1737431100000,49555.05,49699.95,49266,49290.15,249540,2403600
1737432900000,49284.5,49350,49090.05,49143.35,212070,2366190
1737434700000,49131.4,49139.35,48870.45,48987.45,255810,2340990
1737436500000,48987.45,49024.9,48806.1,48853.75,112155,2343810
1737438300000,48857.8,48978.6,48805.55,48955,98850,2350890
1737440100000,48955,49342.05,48955,49054.75,268110,2307255
1737441900000,49060.9,49074.1,48760,48810,168105,2333985
1737443700000,48811.25,49068,48786,48980.75,115185,2328645
1737445500000,48985,49010.65,48786,48968.8,77355,2337375
1737447300000,48968.8,48988,48840.4,48864.7,31710,2337600
1737449100000,48864.7,48912.05,48615.65,48632.05,204600,2361645
1737450900000,48632.05,48789,48606.05,48753.1,173805,2376450
1737452700000,48752.95,48824.5,48752.95,48766.05,113850,2389890
1737517500000,48860.15,48860.15,48628.65,48676.3,189825,2367795
1737519300000,48660,48845,48541.6,48820,142620,2367450
1737521100000,48831.1,48885.85,48590.15,48674.95,125295,2371530
1737522900000,48674.85,48764,48509.65,48559.35,70035,2383185
1737524700000,48556.65,48593,48436.3,48478.5,112980,2403795
1737526500000,48474,48480,48366,48409,96030,2419185
1737528300000,48415,48459.7,48282,48395,134325,2418180
1737530100000,48398,48412.35,48235.55,48380,87495,2413290
1737531900000,48380,48380,48203.3,48222.4,57495,2420220
1737533700000,48222.4,48541.15,48185,48492.85,149700,2409210
1737535500000,48513.75,48737,48479,48720,288495,2390520
1737537300000,48713.8,48950,48647.7,48941.5,343575,2433270
1737539100000,48940,48947.9,48831.4,48872.15,95820,2370885
1737603900000,48900,48900,48586.45,48690,180375,2318745
1737605700000,48690,48914,48666.9,48899.95,151980,2330055
1737607500000,48896,49022.65,48887.15,48945.75,180240,2346435
1737609300000,48947.25,48958.95,48746.1,48795.4,110715,2362725
1737611100000,48795.25,48850,48669.85,48683.55,84240,2378715
1737612900000,48675.75,48734.2,48625,48689.8,83070,2395035
1737614700000,48689.8,48864.95,48667.6,48767,84285,2419755
1737616500000,48765.55,48814.2,48683.2,48800,49515,2427930
1737618300000,48803.4,48872.9,48741.05,48865.85,46215,2424405
1737620100000,48865.05,48884.75,48695.35,48750,86070,2418285
1737621900000,48750,48750,48674,48694.75,66480,2413980
1737623700000,48684.45,48710,48649.05,48686.65,89805,2398275
1737625500000,48686.7,48720.2,48670,48671,74055,2386395
1737690300000,48750,48774.25,48521,48575.35,196770,2343870
1737692100000,48570.25,48598.7,48375,48484.05,201060,2334300
1737693900000,48483.95,48689,48385,48645.25,169890,2321115
1737695700000,48660.3,48869.55,48580.15,48849,162420,2305650
1737697500000,48842.65,48950,48705.6,48887.15,161850,2310435
1737699300000,48887.25,48890,48760.2,48850,84630,2317875
1737701100000,48850,48900.25,48649.25,48655.15,109365,2302320
1737702900000,48660.55,48710,48524,48612.7,132375,2307180
1737704700000,48610.55,48617.55,48475.1,48543.05,116925,2331975
1737706500000,48543.7,48614.05,48405.1,48411.05,106230,2341155
1737708300000,48411,48436.95,48252,48286.75,212790,2360400
1737710100000,48286.75,48395,48275,48367.95,122940,2359125
1737711900000,48372.05,48424.95,48338.05,48347.9,105930,2307825
1737949500000,47994.7,48349.9,47722.25,48144.5,278295,2269455
1737951300000,48156.2,48266.35,48080,48124.4,155340,2285505
1737953100000,48139,48151.95,47923.35,48099.8,170295,2278170
1737954900000,48099.75,48171.15,48023.05,48076.8,88605,2285340
1737956700000,48070,48219.55,48070,48145.95,94005,2297700
1737958500000,48155.25,48316.5,48124.7,48190,119850,2313690
1737960300000,48190,48349,48156.55,48158.45,133155,2336790
1737962100000,48158.45,48260.1,48130,48247.35,79965,2315250
1737963900000,48265.7,48279.35,48135,48195.75,66840,2315775
1737965700000,48199,48230,48060.25,48116.25,94335,2303415
1737967500000,48119,48214.45,48066.05,48085.7,80370,2292150
1737969300000,48080,48131,47986.95,48126,142065,2276460
1737971100000,48126,48126,48038.8,48049,96885,2266920
1738035900000,48610,48637.5,48417.7,48549.55,318765,2043105
1738037700000,48549.55,48793.75,48549.55,48722,258225,1989600
1738039500000,48723,48848.85,48709.4,48761.1,174420,1964370
1738041300000,48755.4,48882,48740.15,48866.1,113985,1912170
1738043100000,48866.1,49032.95,48831,48972.65,192345,1912800
1738044900000,48971.45,49114.85,48902,49096.95,175770,1891080
1738046700000,49099.9,49133,49007.3,49053.45,92445,1865835
1738048500000,49055.2,49174.55,49051.1,49163.95,115200,1856820
1738050300000,49163.95,49173,49063.05,49090.3,96885,1817535
1738052100000,49099.85,49114.95,49023.05,49044,87570,1775715
1738053900000,49040.8,49213.95,49036.55,49182.9,108180,1748295
1738055700000,49196,49196,48728.05,48836.45,269955,1690485
1738057500000,48830.8,48907.35,48804.6,48855.1,102150,1655280
1738122300000,48926.05,49016.2,48865.55,48948.95,179250,1471620
1738124100000,48940.8,49029.8,48871,49007.3,125805,1470735
1738125900000,49003.65,49088.8,48985.8,49038.8,112080,1454970
1738127700000,49038.8,49123.6,48971.05,48987.85,90555,1432995
1738129500000,48990,49128,48812.1,48987.45,144720,1417245
1738131300000,48987.45,49060,48956.2,49004,60585,1398105
1738133100000,49010,49120,48980.25,49023.5,79095,1349715
1738134900000,49023.5,49066.7,48911,48954.2,68925,1336095
1738136700000,48954.2,49050,48940,49005.15,80235,1289085
1738138500000,49005.45,49110,49002.85,49091.65,74820,1258800
1738140300000,49098,49128,49025.8,49112.65,95640,1248270
1738142100000,49114.1,49125,49052.2,49090,90675,1228125
1738143900000,49081.5,49120,49032.5,49110,96870,1187955
1738208700000,49080,49159.7,49031.4,49121.6,170565,1010325
1738210500000,49120,49249.85,49085,49215.05,117105,1007940
1738212300000,49215.05,49337.95,49190,49295,116445,1002540
1738214100000,49295,49300,49073.8,49200.05,112980,999105
1738215900000,49203.5,49220,49143.85,49180,48405,996870
1738217700000,49180,49235,49173.95,49220,53040,987330
1738219500000,49220,49290,49193.35,49271.1,65715,984150
1738221300000,49274.95,49299,49219,49283.7,40275,976830
1738223100000,49283.7,49377.7,49263.5,49284,92250,962220
1738224900000,49285.65,49342,49257.8,49310.55,88905,953835
1738226700000,49310.1,49326.95,49214.1,49246.5,74205,906075
1738228500000,49246.5,49297.65,49226.75,49290.5,131625,891570
1738230300000,49290.5,49314.35,49284,49309,116280,865710
1738295100000,49700,49714.95,49364.5,49477.4,331560,2951430
1738296900000,49477.4,49525,49375.05,49434.35,145920,2960220
1738298700000,49425.05,49663.85,49408.1,49663.85,175470,2966850
1738300500000,49665,49673.9,49573.6,49580.3,108120,2967450
1738302300000,49580.3,49634.65,49504.3,49611.8,61560,2965140
1738304100000,49607.35,49759.9,49607.35,49748.15,123030,2976180
1738305900000,49748.9,49880,49695,49852.3,131970,2984160
1738307700000,49852.1,49995,49820.05,49936.95,188310,2996280
1738309500000,49923.25,49988,49825.05,49856.5,151050,3049350
1738311300000,49855,49878,49627.7,49672.2,244230,3060840
1738313100000,49669.05,49821.75,49588.1,49801.05,147510,3130560
1738314900000,49809.9,49872,49770.65,49845,120030,3147360
1738316700000,49844.05,49900,49835,49882.05,92010,3140850
1738381500000,49720,49964,49720,49920,177570,3118530
1738383300000,49918.5,49995,49880.05,49954.95,115740,3132510
1738385100000,49954.95,50036,49945.15,50021,92610,3143010
1738386900000,50031,50099.9,49930.15,50097.85,109890,3147960
1738388700000,50091.65,50250,50009.2,50166,234270,3189600
1738390500000,50166,50168,49510,49523.35,623490,3208230
1738392300000,49526.5,49836.95,49400,49531.25,387120,3236910
1738394100000,49531.25,49586.65,49151.3,49352,231330,3239820
1738395900000,49355.05,49705,49233,49696,326070,3315630
1738397700000,49690.7,49783,49622.55,49778.95,176550,3341370
1738399500000,49766.95,49980,49688,49786.25,204600,3343500
1738401300000,49809.95,49868.95,49760.2,49770,127290,3337980
1738403100000,49770.45,49805,49730,49774.95,138150,3334800
1738554300000,49294.7,49541.5,49200,49327.65,474150,3198450
1738556100000,49311.65,49440,49281.05,49360,139650,3245100
1738557900000,49360,49550,49330.45,49521.3,111870,3252840
1738559700000,49530,49566,49421,49525.8,75840,3250410
1738561500000,49538.8,49558,49307.2,49350,85770,3245760
1738563300000,49340,49482.55,49312.15,49470,62700,3243300
1738565100000,49466,49520,49449,49476.75,55230,3246210
1738566900000,49475.05,49645,49401,49630.1,118980,3236610
1738568700000,49618.45,49640.5,49451.55,49556.65,74460,3227760
1738570500000,49557.65,49580.6,49440.05,49513.3,54930,3220170
1738572300000,49529.8,49555,49496.45,49548.9,24570,3217830
1738574100000,49549.95,49589.9,49475,49517.7,77640,3210540
1738575900000,49517.7,49524.9,49480.15,49505.05,53130,3198360
1738640700000,49702.05,50160,49700,50123.5,537090,3115140
1738642500000,50130,50200,50040,50073.05,213570,3083190
1738644300000,50068,50120,49839.25,49909.7,197040,3062190
1738646100000,49905,50017.2,49807.85,50013.55,127050,3061260
1738647900000,50013.55,50079.1,49940,49942.9,61500,3063750
1738649700000,49954.65,50085.05,49934.3,50020.05,55350,3053580
1738651500000,50023.1,50175,50020,50146,130920,3039660
1738653300000,50146,50250,50094.3,50223.3,177540,3019440
1738655100000,50223.35,50270,50144.3,50147.65,138330,2994840
1738656900000,50148.05,50270,50077.6,50120.15,155790,2939070
1738658700000,50110,50333,50032.4,50290,203040,2892150
1738660500000,50288,50360.95,50251,50360.95,265320,2828340
1738662300000,50360,50360,50280,50325,156960,2787270
1738727100000,50455.3,50591,50380,50583.95,280440,2709870
1738728900000,50600,50650,50527.05,50600.9,180570,2721150
1738730700000,50609,50619,50530,50598,57330,2723910
1738732500000,50598.25,50672.8,50505,50545.55,83970,2726430
1738734300000,50545.55,50610,50502.25,50588,45780,2723940
1738736100000,50570,50620.95,50476.6,50506.9,67110,2720190
1738737900000,50506.9,50611,50482,50590,39570,2717520
1738739700000,50599.95,50666,50572,50665,97260,2741700
1738741500000,50664.4,50688.6,50575,50605.55,79950,2744700
1738743300000,50600.55,50680.45,50585,50588.05,67350,2737020
1738745100000,50590,50649.9,50575.65,50638.75,42990,2724180
1738746900000,50638.75,50649,50525,50554.75,80340,2700090
1738748700000,50542,50549.8,50490.1,50495,83580,2674080
1738813500000,50500,50710.05,50411.1,50470.4,211920,2661390
1738815300000,50475,50550,50425.05,50500.3,98310,2672910
1738817100000,50511.85,50588.5,50500.75,50556.95,64110,2679690
1738818900000,50556.95,50559.4,50438.05,50480,57270,2684820
1738820700000,50479.55,50479.55,50351,50463.4,113700,2681940
1738822500000,50463.45,50505,50421,50500,41730,2673690
1738824300000,50500,50525,50430.75,50452.05,87090,2699250
1738826100000,50452.05,50491.8,50408,50489.95,33990,2636550
1738827900000,50499.95,50550,50470.05,50530,53250,2628750
1738829700000,50518.85,50548,50459.8,50495,63480,2635230
1738831500000,50499.45,50652,50495.15,50622.15,149730,2625360
1738833300000,50630,50648,50553.15,50579.6,97800,2615580
1738835100000,50579.6,50635,50569.9,50634,73500,2600670
1738899900000,50630.5,50689.7,50524.65,50650,173010,2595150
1738901700000,50650,50798.7,50450,50576.55,395010,2608800
1738903500000,50578.5,50595,50215.05,50423,505710,2635620
1738905300000,50405.05,50555,50330.05,50518,179130,2629860
1738907100000,50518,50676,50500,50610.6,159030,2622930
1738908900000,50635,50635,50313,50313,135390,2621760
1738910700000,50311.65,50420,50290.65,50375,149160,2647050
1738912500000,50375,50419,50302.35,50331.75,87390,2668050
1738914300000,50330.6,50407.6,50300,50346.9,92430,2680530
1738916100000,50346.9,50382.8,50109.05,50133,263760,2681220
1738917900000,50150,50237,50070.3,50199.75,174450,2710500
1738919700000,50199.9,50367,50180.95,50360,147630,2714070
1738921500000,50364.6,50423,50340.05,50386.25,119820,2699220
1739159100000,50280,50347,50126.25,50131.9,210060,2654580
1739160900000,50131,50237.65,49973,49982,174900,2672190
1739162700000,49980,50060,49920.05,50009.9,135690,2696400
1739164500000,50010.5,50088,49902.25,50071.3,92730,2704200
1739166300000,50080.1,50110.95,50000,50069.55,36510,2708850
1739168100000,50069.55,50110,49945.45,50005.8,59490,2716560
1739169900000,50015.2,50116.4,49970.05,50074,50100,2712540
1739171700000,50075.2,50095,50002,50050,25530,2712270
1739173500000,50050,50113,50002.3,50112,47520,2705760
1739175300000,50108.95,50189,50038,50038.05,72000,2703930
1739177100000,50040.3,50200.4,50035,50165,68670,2707890
1739178900000,50165,50288.4,50150,50240.05,144180,2700270
1739180700000,50232.2,50252.95,50215,50220,62640,2705580
1739245500000,50190,50190,49848.85,49925.85,304020,2792970
1739247300000,49923.55,49934.4,49750,49779.95,218940,2849580
1739249100000,49779.9,49882.95,49711,49728.7,130590,2866020
1739250900000,49727,49859.2,49710,49830,109620,2860560
1739252700000,49825,49864.95,49764.95,49822,49500,2871090
1739254500000,49820,49834.6,49767.15,49780,19620,2876010
1739256300000,49780,49830,49767.1,49809,33360,2880990
1739258100000,49815,49834,49529.1,49549.75,223560,2901510
1739259900000,49545.7,49665,49521.65,49640,157800,2976240
1739261700000,49640,49655,49425,49569.05,191070,3051570
1739263500000,49571.75,49615,49488.25,49610,98220,3071490
1739265300000,49616,49749.95,49613.9,49699,199260,3107550
1739267100000,49699,49716.6,49577.95,49581,104820,3117540
1739331900000,49550,49640.5,49225,49245,318720,3113010
1739333700000,49238.05,49254.65,48966,49063.7,280890,3130650
1739335500000,49065,49309.55,48988,49220,179460,3122160
1739337300000,49220,49426.7,49185.2,49230.05,149010,3106650
1739339100000,49222,49567,49195.65,49567,136200,3105000
1739340900000,49567.8,49687.95,49459.05,49610.2,191220,3068670
1739342700000,49608.75,49730,49502.65,49680,158490,3060600
1739344500000,49688,49895.1,49688,49836.25,212970,3057420
1739346300000,49836.25,49930,49750,49820.5,116280,3040500
1739348100000,49805.6,49824.1,49432.25,49537.3,184170,3024840
1739349900000,49528.05,49584.35,49465,49532.5,74850,3023370
1739351700000,49532.5,49748.4,49502.2,49740.4,94260,3030840
1739353500000,49745,49780,49712.4,49735,95100,3030270
1739418300000,49735,49940,49660,49919.95,271380,3062580
1739420100000,49919.2,49994,49869.05,49930,154200,3061080
1739421900000,49941.2,50025,49850.35,49965.05,87240,3049980
1739423700000,49965,49997.8,49868.2,49915.15,42510,3047580
1739425500000,49930,49950,49880.4,49940.9,35700,3045060
1739427300000,49950,49988,49815.05,49850,71640,3034110
1739429100000,49850,49898.95,49802,49836,46800,3024330
1739430900000,49840,49855.6,49600,49612.85,112260,3026370
1739432700000,49600.05,49700.75,49451.05,49535,217890,3040200
1739434500000,49535,49612.9,49458.6,49521,93750,3050550
1739436300000,49525.05,49569.25,49460,49540,74850,3066360
1739438100000,49535.05,49649,49523.05,49574.4,77670,3065940
1739439900000,49574.4,49609.9,49531,49531,79770,3075930
1739504700000,49705.3,49767.65,49512,49570,243270,3080220
1739506500000,49559,49666,49459.1,49555.15,126870,3081870
1739508300000,49560,49670,49226,49244,185640,3091290
1739510100000,49240,49256.2,49086.75,49219,183330,3106320
1739511900000,49231.4,49262.75,49110,49248.75,98070,3116010
1739513700000,49249.45,49298.3,49044.75,49056,91530,3117540
1739515500000,49061.85,49162.5,49010.15,49082.1,93660,3132660
1739517300000,49082.1,49130,48927.7,49030.9,112170,3169320
1739519100000,49030.7,49105,48952.5,48997.85,70920,3188670
1739520900000,48992,49016.05,48908.1,48983.4,87570,3203670
1739522700000,48985,49499.7,48966.2,49443.65,265290,3192990
1739524500000,49443.65,49470.15,49271.9,49353.95,137070,3192930
1739526300000,49353.95,49365,49267.15,49278,75780,3192990
1739763900000,49179.95,49214.95,48874.4,48938.7,316020,3180420
1739765700000,48925,49034,48709,48773.95,257100,3192960
1739767500000,48773.95,49180,48750.2,49180,213360,3176820
1739769300000,49180,49233.6,48880.05,48912.35,120510,3161430
1739771100000,48925.7,49086,48912.65,49082.55,36180,3163140
1739772900000,49088.3,49142.95,48964.05,48970,44040,3158160
1739774700000,48970.7,49041.3,48916.55,49006.9,30420,3157560
1739776500000,49010.95,49178,49010.95,49055.95,40500,3129750
1739778300000,49055.95,49457.55,49036.7,49389.1,176730,3127560
1739780100000,49389.1,49422.45,49205,49245,113400,3125520
1739781900000,49254.95,49375,49250,49344,66210,3118500
1739783700000,49344,49491.05,49305.9,49468,134220,3113730
1739785500000,49475,49517.75,49430,49501.5,91410,3093810
1739850300000,49460,49460,49005,49209.85,348180,3101640
1739852100000,49195.7,49308,49083,49086.6,119580,3109740
1739853900000,49086,49136.4,48970,49065,138660,3148620
1739855700000,49069.15,49160,48940.8,49000.05,119190,3169890
1739857500000,49000.05,49168.45,48970.95,49165,63060,3179040
1739859300000,49167,49220,49050.1,49130.15,58200,3182130
1739861100000,49139.85,49225,49113.8,49139.4,44910,3182280
1739862900000,49125,49155.7,49025,49124.55,46770,3183360
1739864700000,49126.9,49250.15,49115.05,49230.85,63630,3181230
1739866500000,49239.95,49250,49110,49171,54720,3172740
1739868300000,49171,49282.8,49162,49250,84840,3165090
1739870100000,49254.6,49270,49181,49192.05,66570,3161880
1739871900000,49194.1,49220,49176.3,49176.3,71820,3136260
1739936700000,49099.7,49390,48930.05,49390,337950,3108990
1739938500000,49383.4,49640.3,49383.4,49616.2,319980,3079140
1739940300000,49616.2,49750,49606.35,49682.85,260070,3084060
1739942100000,49686.95,49686.95,49462,49606,118950,3063450
1739943900000,49606,49660,49505,49572.45,43230,3068100
1739945700000,49580,49690,49569.25,49610,42510,3069150
1739947500000,49608.3,49657.7,49525.25,49540,43350,3075210
1739949300000,49541,49599.95,49482.1,49550.1,46860,3077340
1739951100000,49550.1,49629.95,49529.3,49570.05,35850,3061620
1739952900000,49570.05,49603,49501.8,49563.05,36240,3059760
1739954700000,49563.05,49579,49358.95,49473.5,146160,3077220
1739956500000,49470.65,49665,49467.65,49631.75,97860,3073260
1739958300000,49644.1,49644.1,49607.55,49611,106170,3066330
1740023100000,49444.7,49563.2,49320,49421.65,267900,3043260
1740024900000,49416.2,49452.35,49300,49390.15,131310,3066270
1740026700000,49393.9,49488.45,49370.75,49410.35,59430,3073740
1740028500000,49416.05,49485,49382,49478.95,41190,3068790
1740030300000,49479.7,49493,49415,49464,31350,3068040
1740032100000,49467,49471.45,49372.1,49386,34500,3064080
1740033900000,49386,49466,49370.8,49436,35070,3069390
1740035700000,49449.2,49460,49384.9,49408,28650,3075030
1740037500000,49408,49484.45,49390,49484.45,22410,3074700
1740039300000,49485,49534.95,49460,49477.4,99360,3070050
1740041100000,49477.2,49540,49465.3,49513.4,36750,3072690
1740042900000,49499.9,49540,49466.55,49474.45,85020,3077490
1740044700000,49472.75,49482,49425.05,49425.75,76380,3067890
1740109500000,49299.95,49387.9,49128.8,49143.6,293760,3047670
1740111300000,49128,49160,48925,48927.35,354450,3121080
1740113100000,48923.15,48995.75,48852,48978.3,192690,3188700
1740114900000,48984.9,49027.9,48881.95,49011,65940,3194100
1740116700000,49011,49098.1,48970,49047.6,52590,3149850
1740118500000,49042.3,49063.2,48991.05,49017.8,31560,3144300
1740120300000,49017.8,49162.25,49017.8,49093.05,71070,3131220
1740122100000,49085,49100.8,48950.05,48985.4,71100,3127710
1740123900000,48989.55,49009.85,48880.05,48905.15,104850,3144660
1740125700000,48905.15,49029,48874,49021.55,104880,3157440
1740127500000,49021.55,49088,48942,49072.75,115650,3187110
1740129300000,49080,49140,49049.1,49097.9,117630,3208230
1740131100000,49099,49099,48960,48980,143370,3201060
1740368700000,48644.7,48788.3,48305.45,48360,418770,2868330
1740370500000,48333.8,48542,48333.8,48498,147000,2832180
1740372300000,48499,48575,48452.7,48499,76230,2819970
1740374100000,48492.05,48544.05,48453.85,48480,69240,2816340
1740375900000,48479.7,48678.7,48473.75,48674.75,78870,2804400
1740377700000,48674.95,48813.75,48606,48629.2,149370,2791920
1740379500000,48628.3,48743,48624.1,48663.35,45060,2724150
1740381300000,48670,48798,48663.35,48704.1,45120,2712150
1740383100000,48704.1,48761.3,48615.15,48641.45,46350,2708580
1740384900000,48654.15,48753.15,48627.6,48709.55,86700,2695170
1740386700000,48710.1,48877,48695.3,48833.95,164970,2712780
1740388500000,48847.55,48913.95,48780,48791,151380,2719260
1740390300000,48802.55,48813,48750.05,48792,87630,2723250
1740455100000,48806.85,48917.75,48667.5,48810,167460,2239200
1740456900000,48806.8,48860,48765.1,48810,105630,2214750
1740458700000,48805.7,48820.5,48670.1,48718.15,97560,2202450
1740460500000,48717.95,48717.95,48637,48672.8,86790,2169000
1740462300000,48671.85,48721,48635,48721,51240,2173050
1740464100000,48721,48744.4,48671.55,48739.75,59340,2171400
1740465900000,48739.95,48772.65,48725.5,48735.65,83820,2178390
1740467700000,48735.4,48758.2,48724.7,48749.95,50850,2135940
1740469500000,48750,48790.8,48707.75,48773,60780,2135040
1740471300000,48784,48792,48725.7,48740,52140,2127420
1740473100000,48740,48755,48712.9,48732.55,64680,2139480
1740474900000,48732,48764,48709.25,48731.25,145920,2095680
1740476700000,48740,48740,48672.45,48675.1,82440,2079120
1740627900000,48749.95,48984.65,48740.05,48902.55,269790,1805430
1740629700000,48913.3,48950,48865.4,48922.3,136080,1759440
1740631500000,48930,48975,48904.4,48958,112620,1751610
1740633300000,48958,48964.9,48912.4,48931.5,74400,1710930
1740635100000,48931.75,48949.7,48895.4,48906.95,86580,1629630
1740636900000,48906.7,48930,48882.55,48899.25,70140,1604100
1740638700000,48905,48912.75,48861.05,48887.8,86490,1538520
1740640500000,48887.8,48890.1,48862.1,48878.95,60780,1504350
1740642300000,48875.95,48916.65,48875.2,48910,125100,1431870
1740644100000,48912.1,48916.35,48888,48893.45,140970,1366770
1740645900000,48900.5,48932.2,48891.15,48904.6,137010,1224390
1740647700000,48904.5,48907.25,48730,48780,228780,1087800
1740649500000,48781.95,48782.85,48737,48741,123330,1016820
1740714300000,48734,48943.65,48430,48472.05,421470,3410610
1740716100000,48467.6,48728.95,48452.65,48714.75,214350,3405240
1740717900000,48721,48799.6,48667.2,48760,120000,3396750
1740719700000,48753.25,48789.3,48607.6,48735.1,104220,3394140
1740721500000,48731,48830,48700,48724.45,86880,3388230
1740723300000,48715.2,48728.8,48640,48650.75,76920,3381720
1740725100000,48663.8,48723.35,48450,48455,117270,3372840
1740726900000,48457.4,48505.9,48318.3,48375.95,189210,3391620
1740728700000,48375.95,48472.65,48360,48449.95,50340,3392250
1740730500000,48443.3,48575.55,48431.7,48569.15,73980,3397860
1740732300000,48571.75,48720,48530,48719.55,100140,3366180
1740734100000,48720,48775,48630,48665.2,110190,3372690
1740735900000,48660.35,48662.7,48584.95,48600,110160,3373140
1740973500000,48775.75,48856.4,48350,48353.75,290820,3376830
1740975300000,48350.25,48363.75,48116.7,48179.6,244830,3384840
1740977100000,48188.2,48347.6,48166.45,48246.8,129840,3398820
1740978900000,48233.7,48331,48150,48224.95,64890,3405450
1740980700000,48210.35,48255,48130,48200,47460,3413910
1740982500000,48195.4,48350.4,48162.9,48350.2,44970,3409320
1740984300000,48355.95,48492,48301,48422,128460,3419100
1740986100000,48422,48511,48371,48479.95,88380,3394740
1740987900000,48484.8,48550,48311.15,48407.5,100620,3388230
1740989700000,48409.25,48482.65,48288.35,48385,74910,3389340
1740991500000,48385,48471,48358,48430.05,48660,3386790
1740993300000,48430.05,48440.7,48360,48394.45,57120,3373320
1740995100000,48400,48418.8,48350,48410,74760,3352680
1741059900000,48250,48567,48110.3,48520,456540,3267210
1741061700000,48516.1,48619.85,48333,48399,168810,3254100
1741063500000,48399,48579.95,48397,48469.95,71640,3254160
1741065300000,48469.95,48560,48445.05,48490,36360,3253320
1741067100000,48490,48520,48402.1,48410.45,50820,3254160
1741068900000,48410.05,48444,48352.05,48374.05,45210,3251910
1741070700000,48379.25,48490,48353,48450,28440,3245400
1741072500000,48451.05,48466,48379.8,48464.95,39000,3231390
1741074300000,48464.95,48500,48410,48457.95,66720,3221820
1741076100000,48457.95,48586.2,48440.95,48549.5,85830,3207720
1741077900000,48547.9,48550.9,48421.85,48424.7,81150,3182490
1741079700000,48422.15,48435,48360,48426.65,121890,3145380
1741081500000,48425.05,48540,48425.05,48492,105990,3105930
1741146300000,48492,48748.45,48433.15,48721,270870,3092070
1741148100000,48710.05,48879.95,48700.1,48715.5,201990,3093780
1741149900000,48722.3,48749,48598.05,48693.55,121800,3099270
1741151700000,48695.75,48715.45,48618,48672.45,55470,3094560
1741153500000,48670.15,48812.25,48660,48778.1,80820,3098670
1741155300000,48778.1,48810,48762.6,48787.35,55560,3089340
1741157100000,48787.35,48808,48736.65,48736.65,41700,3097230
1741158900000,48740.35,48753.45,48628.2,48690.15,73170,3074820
1741160700000,48699.9,48721.15,48577.05,48615.9,66060,3068490
1741162500000,48604.05,48687,48600.15,48655.95,34680,3066330
1741164300000,48649.25,48736.9,48595,48726.95,59280,3048420
1741166100000,48726.95,48757.65,48688.85,48716.1,64110,3026610
1741167900000,48716.1,48729.95,48677.05,48729.95,63270,3022950
1741232700000,48894.7,49099.9,48644.6,48699.65,302670,3031560
1741234500000,48709.45,48760.8,48526,48719.7,215340,3016710
1741236300000,48720,48801,48685.25,48774.6,87690,3012570
1741238100000,48774.7,48864.2,48686.5,48819,82410,2999160
1741239900000,48820,48826.05,48640.35,48715.4,72750,3003570
1741241700000,48720.2,48788.85,48720,48735,44250,2995200
1741243500000,48730,48795.25,48730,48764.55,33270,2996580
1741245300000,48768.15,48795.25,48723.7,48766.6,46920,3001230
1741247100000,48763.2,48782.65,48728.5,48741.55,50610,3013620
1741248900000,48740,48812,48725.35,48770,85950,2988690
1741250700000,48770,48821.95,48757.3,48802.6,85320,2985240
1741252500000,48802.1,48817,48742.85,48790.35,83580,2976690
1741254300000,48795,48795,48772,48786,88950,2964300
1741319100000,48626,48785,48536.05,48594.7,265950,2880660
1741320900000,48594.7,48790.35,48552,48788.6,132930,2877360
1741322700000,48783.55,48896.35,48750.75,48822.05,165000,2902590
1741324500000,48826.35,48867.95,48712.35,48842.1,78150,2899530
1741326300000,48842.05,48881.8,48751.1,48775,60360,2910210
1741328100000,48777.55,48780.55,48613.05,48657.5,98040,2911050
1741329900000,48652.4,48738,48625,48684.55,55410,2909970
1741331700000,48685.05,48693.4,48560.25,48580.4,88890,2919870
1741333500000,48580.4,48675,48575,48641.15,57480,2927850
1741335300000,48640.05,48643.2,48510,48585.7,84120,2939730
1741337100000,48592,48731.6,48575.45,48721.55,64590,2926500
1741338900000,48720.05,48775,48686.45,48700,107730,2886120
1741340700000,48699.8,48700,48624.6,48625,78900,2869590
1741578300000,48489.9,48695,48489.9,48690,213900,2887950
1741580100000,48694,48702.95,48564,48579.95,91080,2892990
1741581900000,48573.1,48650,48526.5,48649.95,54990,2896590
1741583700000,48649.95,48669.7,48568.35,48602.15,30180,2897010
1741585500000,48602.15,48653.95,48555.95,48633.25,20940,2895120
1741587300000,48633.25,48644,48560.35,48567.05,19020,2895030
1741589100000,48565.2,48650,48532,48603.5,37260,2892360
1741590900000,48605.1,48685,48590.55,48645.35,41730,2896140
1741592700000,48657.8,48674.1,48602,48602,36840,2899080
1741594500000,48603.05,48636,48562.95,48616.65,49920,2890530
1741596300000,48605.55,48616,48220,48309.3,358830,2900250
1741598100000,48307.35,48364,48270.6,48340.55,86430,2889090
1741599900000,48340.55,48360,48250,48260,76950,2863680
1741664700000,47999.95,48066.05,47751.6,47900,390450,2896170
1741666500000,47896.85,47958.6,47846,47918.25,111420,2900250
1741668300000,47918.25,48013.7,47890.8,48013.7,71580,2906610
1741670100000,48011.8,48150,47984.6,48050.2,123540,2904450
1741671900000,48050.2,48058.2,47966,48000,39330,2905500
1741673700000,47998.75,48045,47940,47969.8,48570,2906790
1741675500000,47969.8,48035,47930.55,48025,36780,2897640
1741677300000,48021.6,48032.25,47929.1,47961,30750,2896860
1741679100000,47970,48049.5,47948.55,48049,42690,2905080
1741680900000,48048,48150,48021.8,48105,91050,2918340
1741682700000,48105,48136.5,48005,48011,52260,2919930
1741684500000,48012.45,48040,47900,47979.95,143790,2966850
1741686300000,47980,48060,47978.3,48060,142140,3037260
1741751100000,48055.05,48282,48005.3,48241.6,251130,3024120
1741752900000,48242.05,48301.85,48159.8,48185.05,116100,3019170
1741754700000,48192.05,48330,48170,48290.65,130860,3042240
1741756500000,48300,48320,48173.3,48220,46620,3039540
1741758300000,48213,48220,48021,48057.6,98400,3024300
1741760100000,48057.6,48080,47960,48064.15,103950,3012960
1741761900000,48064.4,48087.65,47990,48007.95,51060,3023940
1741763700000,48007.95,48126.75,47939.7,48114.85,85290,3022740
1741765500000,48114.85,48165.5,48088.05,48119.95,72360,3030300
1741767300000,48119.95,48219.1,48080.2,48209.7,62310,3031350
1741769100000,48205,48265,48150.75,48154.9,104640,3044730
1741770900000,48150.5,48244,48144.3,48219.8,55470,3048300
1741772700000,48210,48233,48170.25,48215,60930,3036660
1741837500000,48300,48360.2,48150.35,48255,164310,3010740
1741839300000,48262.7,48350,48205.75,48338.85,89040,3027030
1741841100000,48346,48461,48343.7,48443.7,123930,3023130
1741842900000,48443.7,48449,48331.85,48400,58860,3018630
1741844700000,48400,48400,48269.2,48314.95,73710,3028140
1741846500000,48314.95,48314.95,48240,48269.95,96840,3006480
1741848300000,48269.95,48312.7,48259.8,48309.9,22140,3004470
1741850100000,48309.9,48332.95,48217,48220,37740,3004110
1741851900000,48223.9,48256.95,48196.35,48235.9,61950,3010200
1741853700000,48236,48272,48182,48210,46560,3019170
1741855500000,48212,48214.7,48158,48179.95,93090,3030210
1741857300000,48179.95,48199,48128,48191.95,83730,3039630
1741859100000,48181.9,48196.1,48100,48101,85950,3050190
1742183100000,48250.05,48545,48241.15,48513.4,347250,3066990
1742184900000,48512.3,48520,48450.05,48472,100500,3084360
1742186700000,48480.6,48520,48410,48433.75,67290,3088560
1742188500000,48449.95,48514,48426.85,48490.9,39900,3099930
1742190300000,48495.8,48589.6,48484.05,48548.5,102030,3126330
1742192100000,48548.65,48559.85,48464,48543.6,34530,3127350
1742193900000,48548.4,48548.5,48442,48492.5,47490,3126420
1742195700000,48492.5,48492.65,48412,48475.55,35580,3136980
1742197500000,48475.55,48486.65,48426,48460.65,38100,3159810
1742199300000,48464.8,48535,48375.9,48530.75,67860,3145890
1742201100000,48528.85,48534,48442,48464.8,36780,3120090
1742202900000,48470,48500,48451,48473,30960,3126570
1742204700000,48473,48504.95,48473,48500,66540,3120840
1742269500000,48751.05,48995,48664.1,48965.35,472350,3165540
1742271300000,48961.9,49050,48900.9,49029.15,230250,3267570
1742273100000,49034.8,49090,49016.15,49089.9,151530,3322140
1742274900000,49083.9,49115,49018.55,49070.5,101400,3326640
1742276700000,49085.95,49116.7,49053.05,49084.65,66870,3307650
1742278500000,49084.65,49156,49060.05,49141.15,59970,3319110
1742280300000,49141.05,49156.65,49030,49030,71040,3320550
1742282100000,49030,49112.95,49010.05,49109.25,49680,3273360
1742283900000,49109.25,49209.3,49093.25,49206.6,93510,3276660
1742285700000,49209.3,49242.25,49185,49215,79260,3239940
1742287500000,49215,49288.9,49188.35,49288,75450,3222630
1742289300000,49288,49399,49287.3,49380.6,185520,3246210
1742291100000,49378.5,49481.1,49371.7,49481.1,263970,3173700
1742355900000,49600.05,49667.2,49435.2,49540,296430,2983920
1742357700000,49540,49635.45,49513.25,49620,112200,2985360
1742359500000,49617.55,49798.3,49617.55,49798.3,129180,2984280
1742361300000,49798.3,49824,49709.15,49793.9,81780,2999760
1742363100000,49793.9,49817,49730,49765,47160,3007710
1742364900000,49765,49798,49742,49762.95,30210,3015630
1742366700000,49764.75,49846.95,49764.2,49809.25,47130,3020160
1742368500000,49800.35,49878.95,49756.95,49815.6,85710,3032100
1742370300000,49815.6,49854.1,49789.1,49849.7,35400,3033090
1742372100000,49849.7,49849.7,49789.8,49798.95,30840,3034980
1742373900000,49797.8,49852.45,49782.25,49848.5,53610,3030630
1742375700000,49848.5,49855,49761,49810.15,79890,3043800
1742377500000,49802.85,49825,49790,49816.25,99900,3048660
1742442300000,50000.05,50087.95,49892.7,49956.85,278340,2903550
1742444100000,49956.8,49956.8,49830,49860,137490,2852700
1742445900000,49854.05,49945.1,49842.7,49911.65,64680,2841420
1742447700000,49911.65,49973.95,49890,49964.25,28530,2839470
1742449500000,49964.95,49978,49885.3,49913.15,40380,2834970
1742451300000,49900.15,49928.35,49876.3,49914.1,13830,2834010
1742453100000,49914.1,49950,49890.05,49945,26400,2832720
1742454900000,49945,50030.85,49930.9,50005.4,53610,2825310
1742456700000,50006.85,50115,49995.25,50092,140340,2854020
1742458500000,50092,50174.1,50081.1,50098.5,114240,2889600
1742460300000,50098.5,50174,50054.55,50133.3,96960,2901030
1742462100000,50130.2,50160,50080.15,50083.6,59670,2898450
1742463900000,50092.45,50110,50070,50080,60720,2884560
1742528700000,50010.3,50237,49980,50237,170970,2805000
1742530500000,50234,50286.05,50169,50242.7,86670,2791890
1742532300000,50242.7,50417,50211.2,50385.2,130740,2770080
1742534100000,50390.45,50545,50385.25,50500,161190,2734200
1742535900000,50499.95,50570,50424.9,50427.95,96990,2716290
1742537700000,50425.8,50494.75,50386,50462.85,51390,2709660
1742539500000,50462.85,50545,50450,50537.1,67860,2689140
1742541300000,50537.05,50560,50456.75,50481.3,59160,2681130
1742543100000,50476.7,50558.15,50420,50465,87240,2664630
1742544900000,50460,50479,50307,50419.3,99000,2647770
1742546700000,50425.7,50558.7,50425.7,50482.45,63720,2632200
1742548500000,50481.15,50630,50452,50584,147570,2626920
1742550300000,50580,50630,50550,50609,111630,2625540
1742787900000,51001.25,51154.85,50800,51152,359280,2440560
1742789700000,51155,51423.95,51151.55,51396.2,263130,2431680
1742791500000,51400,51649.7,51375.3,51555.6,231630,2405760
1742793300000,51555.6,51793,51555.6,51672.95,170430,2379000
1742795100000,51657.9,51668.55,51505,51545,99330,2387070
1742796900000,51541.8,51630,51520.55,51595.1,47850,2383380
1742798700000,51590.9,51688.15,51575.75,51669,48900,2389050
1742800500000,51662.1,51677.7,51587,51671.05,48300,2392950
1742802300000,51658,51688,51581.4,51604.35,42540,2396970
1742804100000,51604.35,51745.95,51560.3,51730,90330,2401020
1742805900000,51732.95,51810.9,51688.65,51732.4,128370,2398950
1742807700000,51720,51778.3,51633.35,51700,102240,2407290
1742809500000,51700,51839.4,51700,51826.2,151320,2393010
1742874300000,51950.1,51988.05,51666,51940,321300,2147220
1742876100000,51940,52050,51901.1,51930.2,170340,2163510
1742877900000,51925,52035,51770.35,51918,153690,2153130
1742879700000,51913.7,51935,51816.85,51862.15,84780,2145570
1742881500000,51862.15,51877.05,51654.55,51705.35,116400,2143860
1742883300000,51705.35,51850.6,51700,51770,77220,2143920
1742885100000,51770,51791.45,51630.5,51723.55,105870,2137290
1742886900000,51723.55,51733.35,51671,51693.25,62730,2148180
1742888700000,51693.25,51748.8,51603,51724.1,85890,2151060
1742890500000,51724.05,51825.6,51697.05,51819.05,95040,2188980
1742892300000,51818.75,51832.65,51672,51729.95,90900,2207400
1742894100000,51716.95,51761.7,51676.25,51712.1,75630,2224290
1742895900000,51712.1,51740,51567,51568.6,172080,2211480
1742960700000,51649.85,51817.3,51590.85,51714.4,134160,1766910
1742962500000,51714.25,51825,51660.05,51810,92340,1791900
1742964300000,51810,51958.85,51755.05,51789.1,172890,1811220
1742966100000,51789.1,51825,51570.3,51666.25,164040,1805400
1742967900000,51660,51699.95,51542.6,51619.85,81270,1779990
1742969700000,51619.85,51647.7,51473.9,51528.75,129660,1784430
1742971500000,51525,51545.95,51443.35,51500,100140,1775550
1742973300000,51505,51544.95,51290,51344.05,146760,1784070
1742975100000,51344.05,51345.2,51190.95,51211,153690,1774620
1742976900000,51211,51328.9,51188.35,51255.05,93720,1746960
1742978700000,51255.05,51317.65,51211.55,51240.55,70140,1761870
1742980500000,51254,51342.9,51161,51299.4,137790,1769250
1742982300000,51306,51306,51257.4,51285.1,64920,1764420
1743047100000,51160,51524.8,51068.1,51508,234390,1316520
1743048900000,51520,51648,51480,51610,112020,1312620
1743050700000,51610,51639.8,51530.6,51552.9,66300,1308210
1743052500000,51552.9,51659.7,51530,51648.15,50250,1302840
1743054300000,51648.6,51688,51605,51658.8,46260,1303650
1743056100000,51670,51675,51603.25,51655,53010,1292070
1743057900000,51645.5,51661.1,51604.6,51637.75,66570,1273710
1743059700000,51637.75,51667.3,51617.85,51644.25,48630,1266630
1743061500000,51644.25,51675,51622.05,51674,33660,1263630
1743063300000,51674,51677,51631,51638.65,31560,1254030
1743065100000,51638.65,51663.1,51571.5,51651,56010,1241760
1743066900000,51655.1,51701.9,51555,51565,151170,1194270
1743068700000,51563.1,51592,51550,51585.9,86670,1156200
1743133500000,52050,52125,51753,51753,358770,2767950
1743135300000,51754.25,51995,51711.55,51879,188610,2740890
1743137100000,51872.35,52088.3,51825,51986.3,109440,2744970
1743138900000,51999.35,52043,51835.95,51835.95,65040,2750490
1743140700000,51831,51887.1,51755,51780.85,87060,2754300
1743142500000,51780.85,51886.45,51770,51856,42090,2752980
1743144300000,51856,51862.1,51631.05,51725.4,123510,2750040
1743146100000,51726.85,51780,51651.2,51676.9,77130,2742780
1743147900000,51691.35,51818.95,51660,51725,75720,2738280
1743149700000,51725,51787,51660,51782.55,59400,2741160
1743151500000,51782.55,51999.9,51770.15,51999.9,150360,2735700
1743153300000,52003,52048,51804,51863.45,176340,2726490
1743155100000,51864.05,51873.85,51813.95,51852,113790,2714250
1743479100000,51683.95,51896.8,51538,51888.9,244110,2721090
1743480900000,51890,51920,51650,51650,109050,2708040
1743482700000,51639.15,51738,51315.35,51449.8,276180,2708850
1743484500000,51442,51488,51120.5,51184.85,255180,2664000
1743486300000,51180.25,51249.35,51050,51075.45,169980,2632080
1743488100000,51070.25,51175,51050,51168.2,61860,2615700
1743489900000,51168.2,51273,51160,51219.95,153390,2545830
1743491700000,51215,51227.95,51101,51175.65,144420,2431470
1743493500000,51175.65,51184,51082,51146.8,110640,2353050
1743495300000,51146.8,51199.95,51111.05,51149.75,54300,2319720
1743497100000,51159.95,51230,51101.1,51194.1,75090,2291220
1743498900000,51199,51205,51149.95,51190,74490,2272290
1743500700000,51191.05,51220,51175.15,51191,80190,2252970
1743565500000,51116.25,51490,51055.55,51399.5,270030,2233890
1743567300000,51389.9,51405,51239,51355.45,125280,2238210
1743569100000,51376.85,51478.95,51315,51411.75,67650,2241090
1743570900000,51418.35,51575,51409.1,51488.2,124110,2248800
1743572700000,51490,51525,51372,51390,54870,2259630
1743574500000,51382,51510,51380.9,51504.8,43980,2259510
1743576300000,51504.7,51540,51420,51475.35,67890,2254950
1743578100000,51460.75,51476.6,51390.05,51475,57660,2228730
1743579900000,51476.6,51520.05,51441,51441,53670,2236080
1743581700000,51441.3,51515,51435,51468.25,35910,2240880
1743583500000,51468.25,51499.9,51441.55,51480.5,50490,2239470
1743585300000,51480.5,51606,51450.1,51581,104940,2223120
1743587100000,51580.15,51647.95,51555,51644.95,102300,2218410
1743651900000,51299.9,51644.3,51200,51539.9,397890,2310930
1743653700000,51540,51691.5,51465,51665,132450,2316720
1743655500000,51666,51779.8,51591.15,51733.55,138300,2361360
1743657300000,51733.55,51749.9,51649,51745,53010,2354640
1743659100000,51745,51748,51668,51709.85,30780,2362620
1743660900000,51720,51747,51700.1,51720,30090,2357760
1743662700000,51722,51730,51630,51656.1,35760,2355960
1743664500000,51657.7,51713.95,51620,51670,43770,2343780
1743666300000,51672,51824.55,51651,51806.4,113430,2345250
1743668100000,51805.95,51865.3,51783.75,51816.25,110400,2358090
1743669900000,51816.25,51853.4,51775,51816,66660,2349510
1743671700000,51816.15,51830.9,51771,51801.85,66960,2349690
1743673500000,51801.1,51822.35,51775,51803.15,67530,2347890
1743738300000,51710,51993,51565.6,51881.05,533160,2435220
1743740100000,51898.25,51930,51642.8,51660,175200,2405400
1743741900000,51657.75,51816.95,51645,51691.7,110280,2396400
1743743700000,51680,51869.2,51650.05,51849.95,109110,2398680
1743745500000,51833.05,51888.9,51763,51785,61620,2406540
1743747300000,51783.35,51811,51725.6,51789,42570,2403390
1743749100000,51789,51813.4,51710,51782.3,36300,2404620
1743750900000,51781.85,51826.6,51730.55,51745,51930,2399160
1743752700000,51745,51789.85,51645.9,51645.95,110400,2403120
1743754500000,51641.05,51724.95,51575,51711,123900,2400480
1743756300000,51719.95,51735,51522.15,51537.55,130020,2376660
1743758100000,51539,51650,51459.15,51645,141120,2353590
1743759900000,51650,51654.3,51580,51650.2,78480,2347980
1743997500000,49901.2,50784.95,49701.5,50185.25,1453110,2382630
1743999300000,50185.25,50287.95,49912.4,49912.4,439560,2389200
1744001100000,49912.4,50112.7,49850,50100.65,251880,2384430
1744002900000,50102.65,50276.95,49930,49935,149010,2373270
1744004700000,49935,50025,49800,49850,127950,2385810
1744006500000,49859.55,49869.05,49501.8,49501.8,175110,2418480
1744008300000,49501.8,49551.05,49366.1,49521,170820,2429550
1744010100000,49525,49650,49426,49519.05,90120,2427630
1744011900000,49520,49795.2,49409,49749.25,150780,2417070
1744013700000,49739.85,49900,49670,49756.9,142200,2417310
1744015500000,49762.65,49873.7,49684.05,49735.5,88170,2407470
1744017300000,49735.5,50200,49705,50151.4,220350,2377380
1744019100000,50145.15,50225.8,50060,50160.85,165360,2382180
1744083900000,50502.05,50966.55,50502.05,50762.55,409290,2237160
1744085700000,50753.4,50824.95,50500.1,50538.4,167970,2250360
1744087500000,50530,50636.35,50264.9,50337,191250,2271300
1744089300000,50338.9,50698.75,50277.2,50635.8,169620,2246310
1744091100000,50631.05,50656.65,50365,50436,104640,2236440
1744092900000,50422.55,50724,50419,50723.45,113880,2227590
1744094700000,50723,50912.85,50650,50819.95,145680,2210790
1744096500000,50825,50856.05,50760,50854.75,81960,2201010
1744098300000,50855,50916.95,50664.7,50729.05,98850,2203770
1744100100000,50720,50760,50551.1,50740.15,117060,2196180
1744101900000,50759,50838.95,50675,50731.85,74970,2197860
1744103700000,50730.05,50787.9,50664.7,50745.35,71310,2187420
1744105500000,50736.1,50831.95,50724.1,50811,87270,2169690
1744170300000,50600,50754.85,50465,50658,303900,2186880
1744172100000,50653.8,50670,50342.65,50374.95,259560,2197320
1744173900000,50375,50550,50226,50270,222150,2246550
1744175700000,50256,50349,50040.3,50109,194400,2295330
1744177500000,50109,50360,50073.5,50360,102720,2312550
1744179300000,50365,50407.75,50181.05,50301.95,87420,2308440
1744181100000,50314.6,50448.6,50280,50438,115680,2308080
1744182900000,50439.55,50525,50341.2,50481.2,119040,2301300
1744184700000,50487.2,50510.75,50379,50397,94620,2312250
1744186500000,50397,50458.6,50371.05,50435.65,54720,2325720
1744188300000,50433.1,50483.25,50400.45,50444.85,80070,2321610
1744190100000,50437.9,50483.25,50405.85,50479.1,94950,2329350
1744191900000,50479.1,50500,50466.65,50485,84570,2319210
1744343100000,50799,51183.45,50799,51157.75,419910,2122770
1744344900000,51160,51249.75,51056,51085,129900,2142870
1744346700000,51085,51123.2,50930,51010,112950,2149740
1744348500000,51010,51165,50953,51160,61800,2148690
1744350300000,51155,51319,51120.8,51240,163260,2171610
1744352100000,51240,51362.45,51230,51361.4,72780,2178390
1744353900000,51360.1,51385,51273,51324.95,101940,2202030
1744355700000,51324.95,51374,51291.5,51330.55,68520,2204190
1744357500000,51335,51348.15,51209,51278.75,87960,2215770
1744359300000,51274.95,51294.95,51101,51129.45,81750,2203770
1744361100000,51123.5,51158.75,51055.2,51127.6,85500,2187660
1744362900000,51142.15,51220,51129,51180,70110,2182890
1744364700000,51175.15,51185.8,51101.2,51165.65,106890,2203020
1744688700000,52099.6,52222.2,51802,52210,630570,2225430
1744690500000,52216.4,52304,52143.6,52292,212490,2303160
1744692300000,52297,52310,52215.2,52265.6,74580,2316090
1744694100000,52270,52316.8,52260.2,52286,64080,2313930
1744695900000,52286,52425,52286,52412,131940,2342850
1744697700000,52412.4,52429.2,52360.8,52372.8,127470,2367270
1744699500000,52371.8,52402.4,52331,52340,56220,2375760
1744701300000,52340,52412.4,52330,52361,33510,2380530
1744703100000,52361,52396.6,52354.4,52375.2,25890,2381670
1744704900000,52375.2,52401.2,52362.6,52401.2,34800,2385330
1744706700000,52401.2,52403.2,52332.8,52370.6,58800,2380470
1744708500000,52370.6,52404.8,52310.6,52338,113610,2380380
1744710300000,52335.4,52460,52331.8,52460,128970,2367990
1744775100000,52550,52756,52433.6,52755,320520,2255490
1744776900000,52755,52804,52701.2,52771,113010,2254290
1744778700000,52775,52789.4,52630,52674,89940,2247360
1744780500000,52674,52732.2,52585,52732.2,71580,2261070
1744782300000,52734.8,52776,52701.2,52766.8,60630,2277750
1744784100000,52771,52772.6,52725,52738.8,54120,2292480
1744785900000,52738.8,52803.4,52720.2,52800,37440,2298180
1744787700000,52800,52842,52760,52839.8,64350,2304180
1744789500000,52842.2,52848,52711.8,52745,68640,2309880
1744791300000,52745,53143.4,52729.6,53130.4,226470,2334960
1744793100000,53135.6,53135.6,53010,53050,100410,2334000
1744794900000,53044.8,53100,53020,53044.6,136110,2313660
1744796700000,53041,53152,53040,53136.4,121980,2308890
1744861500000,53095.8,53348,53049.8,53325,270810,2233140
1744863300000,53325.6,53470,53310,53347.2,155190,2240490
1744865100000,53360.8,53429.2,53320,53411,71910,2243130
1744866900000,53414.8,53445,53345,53440.2,54750,2252910
1744868700000,53444,53725.6,53432.6,53671.8,179820,2267250
1744870500000,53671.8,53721.6,53620.2,53699.6,91680,2250540
1744872300000,53694.8,53897.8,53672.4,53886.8,179010,2267280
1744874100000,53872.6,54249,53851,54249,209190,2233650
1744875900000,54249,54373.2,54111,54218.4,223170,2214120
1744877700000,54215,54294,54187.2,54187.2,69990,2210970
1744879500000,54193.2,54284.8,54088.6,54267.6,93030,2200980
1744881300000,54257.6,54275,54141,54156.8,141930,2151870
1744883100000,54165,54249.8,54155,54223.6,139950,2129760
1745207100000,54640.8,55145.4,54577.8,55128.2,728010,2152710
1745208900000,55127.6,55225,55049.8,55121,262830,2187600
1745210700000,55113.4,55168,55040,55150,120600,2180640
1745212500000,55150,55333,55144.6,55303.6,184020,2089890
1745214300000,55305,55348,55250,55271.8,83160,2098110
1745216100000,55279.4,55376,55264,55337.4,49410,2093760
1745217900000,55336,55416.6,55320,55364.6,72300,1969770
1745219700000,55360.2,55410.4,55360,55374,51390,1990470
1745221500000,55373.6,55391.6,55201,55227,145080,2034210
1745223300000,55229.8,55338,55201.6,55290,98880,2051160
1745225100000,55290,55300,55212.6,55285,63120,2072970
1745226900000,55291.4,55320,55240.6,55267,145680,2117610
1745228700000,55275,55345,55271,55280,104670,2141520
1745293500000,55360,55550,55252,55545.2,222990,1850700
1745295300000,55545,55655,55500.6,55633.8,132060,1874670
1745297100000,55634.6,55876.4,55634.4,55811.4,242520,1931670
1745298900000,55811.4,55900,55780,55834.8,96030,1940190
1745300700000,55840.8,55848,55566.6,55716.8,160230,1959300
1745302500000,55722,55750,55630,55690,60480,1957590
1745304300000,55694.8,55719.6,55601,55680,77190,1974810
1745306100000,55680,55710,55630,55709.6,45600,1987830
1745307900000,55709.6,55768.6,55694.2,55712,56550,2000280
1745309700000,55724.8,55748,55641.2,55691,61290,2018520
1745311500000,55692.6,55730,55670.6,55710,63870,2047470
1745313300000,55703.8,55703.8,55565.2,55630,116790,2053440
1745315100000,55631.8,55631.8,55481.8,55548.2,122970,2036340
1745379900000,55865,55900.2,55520.2,55649.4,267540,1645260
1745381700000,55645.2,55722.2,55321,55329,170370,1603920
1745383500000,55336.6,55437.6,55229,55229,138450,1602270
1745385300000,55227,55309.2,55184.8,55263.8,116370,1592940
1745387100000,55263.8,55370,55263.2,55359,81300,1579800
1745388900000,55360,55422.4,55270,55323.8,98550,1580430
1745390700000,55316.6,55329.8,55225.2,55325,67950,1593630
1745392500000,55325,55395,55292.4,55339.4,58620,1581210
1745394300000,55352.2,55418.2,55318.4,55418.2,44250,1577070
1745396100000,55414.2,55488.8,55376.8,55441.2,77160,1564710
1745397900000,55448.8,55465,55386.8,55395.8,61440,1534200
1745399700000,55401.8,55447.4,55390.2,55424.2,94830,1527690
1745401500000,55424,55431.4,55365,55385.6,93390,1472040
1745466300000,55244,55576.4,55215,55320,171270,1199490
1745468100000,55318,55441.4,55268.4,55416,135000,1194990
1745469900000,55416,55450,55368.8,55383.2,54630,1185450
1745471700000,55383,55426.6,55379.2,55417,36510,1194900
1745473500000,55417,55421.8,55316.2,55389,49020,1197990
1745475300000,55389,55409.2,55376.2,55383,34710,1180680
1745477100000,55386.6,55418.6,55365.2,55400,34470,1164600
1745478900000,55400,55404.8,55365,55379.2,44010,1170270
1745480700000,55379.2,55414.8,55371,55402.4,56580,1140900
1745482500000,55402.4,55410,55375,55401.8,54900,1145460
1745484300000,55401.8,55420,55366,55383,80010,1152330
1745486100000,55384,55395.6,55130,55236,183570,1086300
1745487900000,55236,55242.8,55202,55209.8,70380,1050750
1745552700000,55355,55555,54956,55004.6,462420,2630340
1745554500000,55006.4,55028,54711,54890.4,472170,2576880
1745556300000,54890.8,54927,54656,54685.4,299250,2535990
1745558100000,54675.6,54752.8,54565.6,54642.4,194880,2511690
1745559900000,54636.4,54650,54535.4,54590,118440,2503530
1745561700000,54590,54636,54409.4,54600,145620,2481870
1745563500000,54605,54739.8,54563.8,54619,114150,2459580
1745565300000,54629.8,54790.6,54618,54780,113010,2452110
1745567100000,54780,54900,54730.6,54871,116670,2454120
1745568900000,54880,55099,54850,54925,242910,2461290
1745570700000,54925,55020,54768.8,54794.6,104220,2473410
1745572500000,54794,54918.8,54750,54814.8,97920,2487900
1745574300000,54798.6,54810,54637.8,54658.6,201720,2503680
1745811900000,54735.2,55490,54650,55356.2,555420,2425500
1745813700000,55355,55499,55313,55499,127740,2443770
1745815500000,55498.8,55541.4,55360.6,55453.2,120510,2467470
1745817300000,55453.2,55510,55370.2,55390,71400,2476290
1745819100000,55379.4,55511,55316,55483.4,72450,2458950
1745820900000,55490,55640,55487.8,55578.8,176160,2521260
1745822700000,55582,55739,55576.2,55689,132030,2514900
1745824500000,55689,55825,55674.6,55722.8,123930,2540100
1745826300000,55720.4,55758.6,55640,55720,31950,2520090
1745828100000,55720,55760,55680,55750,32130,2522880
1745829900000,55750,55764.8,55558.2,55578.2,101490,2514930
1745831700000,55587.8,55724.8,55540,55655.2,96810,2502930
1745833500000,55653.6,55688,55640.2,55678.8,73320,2492610
1745898300000,55744.6,56194.8,55701.2,55765,564570,2448180
1745900100000,55765,55945,55701,55750,192840,2455620
1745901900000,55743.2,55755,55556.4,55563.4,185550,2439780
1745903700000,55563.4,55700,55527.6,55630,85740,2437110
1745905500000,55631.2,55665,55509,55620,74250,2436780
1745907300000,55620,55621.6,55460,55530,90630,2432070
1745909100000,55525,55618,55460,55580,63030,2411850
1745910900000,55580,55720.6,55548.2,55630,83340,2404560
1745912700000,55630,55665,55581,55584.4,34380,2405010
1745914500000,55590,55633,55575,55600,32550,2405580
1745916300000,55594,55649,55594,55638,29700,2407560
1745918100000,55628.2,55637,55533.2,55533.2,80940,2407350
1745919900000,55533,55548.2,55437,55440,118080,2380260
1745984700000,55440,55572.4,55131,55460.8,405420,2354250
1745986500000,55477.8,55630,55352,55370,148950,2350020
1745988300000,55370,55427.6,55200,55280.4,161370,2340300
1745990100000,55282,55383,55230,55294.6,64170,2340090
1745991900000,55305,55394,55271,55331,41820,2336880
1745993700000,55331.6,55333.8,55258.2,55270.4,22620,2338380
1745995500000,55270.4,55394,55258.2,55379,88500,2335980
1745997300000,55394,55422,55350.2,55385,57030,2345100
1745999100000,55385,55418,55325.4,55407.4,23070,2342970
1746000900000,55409,55416.2,55277,55306,30630,2343900
1746002700000,55305.2,55319.6,55232.2,55288.2,37260,2342670
1746004500000,55288.6,55356,55276.2,55320,59520,2337540
1746006300000,55320,55324,55172,55172,134640,2317470
1746157500000,55250.2,55929,55218.2,55757,510060,2333940
1746159300000,55760.6,55832.4,55712.2,55794.4,108720,2342370
1746161100000,55794.8,55800,55611,55697.6,122520,2333040
1746162900000,55697.6,55720.6,55501,55554.8,146280,2335710
1746164700000,55544.8,55597.6,55329.6,55339,187170,2351910
1746166500000,55345,55429.8,55280,55305,88710,2360220
1746168300000,55309.6,55317.8,55073.6,55230,174600,2348190
1746170100000,55232,55315,55165,55195,106200,2356230
1746171900000,55186.4,55455.6,55186.4,55373.8,153090,2336280
1746173700000,55378.4,55411,55274,55330,54600,2319390
1746175500000,55333,55366.4,55092,55203,102960,2310480
1746177300000,55203.2,55359,55180.6,55266,100230,2290890
1746179100000,55262.2,55285.8,55162.6,55191.8,100830,2272950
1746416700000,55124.8,55448,55011.2,55135,363960,2259060
1746418500000,55135,55292,55052,55189,142050,2272380
1746420300000,55194.6,55343.8,55170,55315.4,61980,2275620
1746422100000,55316.6,55316.6,55069,55115,104280,2278800
1746423900000,55115,55131,55021,55060,70410,2274150
1746425700000,55065.8,55075,54960,55009.8,90870,2258400
1746427500000,55003.4,55009.6,54929.2,54947,56940,2255400
1746429300000,54941,55088.8,54915,55036,60450,2252220
1746431100000,55036,55115,54993,55105.2,41910,2250000
1746432900000,55115,55188,55085,55130,71850,2251020
1746434700000,55136,55215,55050,55135,74370,2245890
1746436500000,55135,55166,55040,55055,51720,2239650
1746438300000,55055,55099.2,55050,55081,60930,2242470
1746503100000,55050.6,55205.8,54806.8,54837.4,264900,2196930
1746504900000,54836.8,54880.4,54751,54753.6,126930,2195280
1746506700000,54750.2,54750.2,54650,54700,147660,2194140
1746508500000,54700,54747.8,54650,54690,58290,2187090
1746510300000,54689.8,54699.8,54557.2,54600,100110,2187420
1746512100000,54600,54680,54580.2,54679.4,61440,2166720
1746513900000,54679.4,54725,54640,54644,47010,2161500
1746515700000,54644,54662,54607.4,54635.6,32880,2158920
1746517500000,54635.6,54674.6,54622,54650,30300,2155080
1746519300000,54662.4,54729.8,54642,54659.6,53850,2150850
1746521100000,54659.6,54668.8,54554.4,54587.8,85320,2115990
1746522900000,54578.6,54578.6,54386.2,54402,212430,2100960
1746524700000,54402,54408.4,54270,54270.6,143130,2081130
1746589500000,54250,54796,54037.6,54690,546390,2045130
1746591300000,54680.4,54709,54380.4,54432.8,240900,2048700
1746593100000,54434.4,54498,54361,54467.6,128610,2065470
1746594900000,54461.6,54521,54380,54475,113400,2078820
1746596700000,54473.2,54629,54455.2,54555.2,176310,2110980
1746598500000,54551.6,54558,54430,54459.4,60180,2108730
1746600300000,54459.4,54515.4,54423.2,54429.6,31890,2109540
1746602100000,54427.2,54490,54360,54419,60750,2102010
1746603900000,54420,54449.8,54389,54420,25470,2103870
1746605700000,54429.8,54554,54400,54493.2,65190,2105070
1746607500000,54500,54588,54420.2,54570,76950,2107590
1746609300000,54573,54632,54515.4,54630,91560,2094810
1746611100000,54630,54765.6,54630,54720,121950,2068320
1746675900000,54806.2,55029,54702,54839.4,240570,1912620
1746677700000,54841.8,54888,54752.4,54842,58890,1915110
1746679500000,54842,54958,54827,54902.8,78060,1917000
1746681300000,54902.8,54930.2,54850,54864.8,29250,1922730
1746683100000,54865.8,54890,54810,54821.4,42600,1929540
1746684900000,54820,54830,54768.6,54815.6,30750,1927620
1746686700000,54815.6,54855,54788,54820.4,28620,1931370
1746688500000,54820.4,54900,54806.2,54828,46020,1930980
1746690300000,54828,54866.2,54640,54660,134610,1912020
1746692100000,54662.8,54677,54473.8,54508.2,193950,1912650
1746693900000,54518.4,54626.6,54496.6,54592,112410,1917120
1746695700000,54592,54604.4,54266,54416.2,317940,1934670
1746697500000,54416.4,54416.4,54150,54184,249360,1973490
1746762300000,54400,54400,53688.2,53875.4,507360,1872510
1746764100000,53874.2,53892.8,53660,53840.2,207360,1868940
1746765900000,53859.6,53932,53760.4,53763,102150,1865520
1746767700000,53760.2,53840,53722,53821,64770,1863780
1746769500000,53815,54020,53761,53833,134610,1859010
1746771300000,53835,53835,53731,53827,60750,1863210
1746773100000,53829.4,53847.6,53745,53748,37650,1869600
1746774900000,53748,53808.4,53675,53707.2,48930,1876380
1746776700000,53707.2,53769,53628.4,53676.2,92430,1885020
1746778500000,53674,53765,53651,53694,65760,1889490
1746780300000,53694,53755,53585,53660.8,106110,1907700
1746782100000,53664.2,53738,53650,53705,99780,1906680
1746783900000,53705,53815.4,53680,53781.8,143760,1858950
1747021500000,54648,55300,54502.2,55166.4,855960,1844220
1747023300000,55166.4,55450,55166.4,55310,252360,1892490
1747025100000,55317.4,55420,55303.2,55413.6,122370,1931250
1747026900000,55414.6,55499,55360,55453.2,142140,1957680
1747028700000,55450.2,55539,55390,55423.6,149550,1986090
1747030500000,55423.6,55423.6,55304.4,55337,75240,1979610
1747032300000,55340,55517.8,55285,55444.2,96870,1967550
1747034100000,55444.2,55457.8,55345.6,55350,103200,1973700
1747035900000,55350.2,55440,55345.6,55388,58920,1972680
1747037700000,55387.6,55478.2,55338,55478.2,44730,1974150
1747039500000,55476.8,55550,55395.2,55430,88770,1981140
1747041300000,55420,55550,55403,55505,102600,1996650
1747043100000,55505,55680.8,55505,55671,179760,1999380
1747107900000,55644,55644,55183,55308.8,403110,1940970
1747109700000,55305.8,55350,55194,55318.2,143070,1896150
1747111500000,55315.8,55340,55128,55235,146790,1885230
1747113300000,55235,55413,55203,55250.6,98490,1881150
1747115100000,55250.6,55404.6,55250.6,55294.2,71070,1897590
1747116900000,55299.8,55347.2,55242.6,55318.6,39570,1893810
1747118700000,55318.6,55339.8,55166,55182,92790,1887690
1747120500000,55180.8,55217.6,55106,55173.2,107730,1876230
1747122300000,55178.8,55179.8,55080,55147.4,80670,1874070
1747124100000,55145.8,55167,55063,55104.6,65040,1874610
1747125900000,55107.8,55156.8,55055.6,55131,90780,1878210
1747127700000,55131,55207,55042,55071.4,144240,1845210
1747129500000,55071.2,55140,55060,55100,100650,1831110
1747194300000,55124.4,55258.4,55015,55157.8,198360,1797360
1747196100000,55157.8,55175,54968.2,55175,104160,1803660
1747197900000,55175,55192.8,55055,55135,64560,1805250
1747199700000,55135,55137,55021.4,55090,33240,1808910
1747201500000,55090,55120,55012,55020.2,20760,1810890
1747203300000,55031.4,55031.4,54890.8,54940.2,99000,1820700
1747205100000,54940.2,54950.8,54760.2,54800.4,94140,1822230
1747206900000,54800,54815.6,54576.8,54750,239610,1787820
1747208700000,54746.6,54795.6,54654,54721,55290,1785510
1747210500000,54722,54744.8,54657,54737.4,34560,1796580
1747212300000,54735,54830,54659.8,54777,91380,1803000
1747214100000,54777,54924.6,54760,54896.4,78690,1793280
1747215900000,54896.4,54997.8,54836,54970,110640,1803090
1747280700000,54970,54991,54669.2,54700,178140,1798770
1747282500000,54692.6,54775,54625,54737.8,102240,1815690
1747284300000,54728.6,55098,54685,54971,174630,1811670
1747286100000,54970,55032,54767,54789.2,110460,1811370
1747287900000,54796.6,54878,54760,54819.4,50490,1810380
1747289700000,54819.4,54931.2,54775,54886.4,38490,1807470
1747291500000,54886.4,54972,54817.6,54830.4,57450,1821150
1747293300000,54835,55150,54830,55144,141780,1839270
1747295100000,55144.4,55329.6,55076.4,55295,231720,1863900
1747296900000,55298,55480,55298,55464,186960,1865460
1747298700000,55460,55499.6,55345.2,55403.6,190950,1862010
1747300500000,55403.6,55449,55352.4,55422,109650,1851780
1747302300000,55422,55427.8,55373.2,55376,108450,1845870
1747367100000,55405.4,55600,55252.6,55370.6,205710,1830240
1747368900000,55369.8,55447,55305,55430.6,64860,1822020
1747370700000,55412.6,55500,55385.2,55450.8,57870,1805040
1747372500000,55445.2,55469.4,55364,55415,39300,1801590
1747374300000,55407.2,55460,55367.2,55413.2,40170,1798140
1747376100000,55420,55451.8,55382.2,55386.6,19680,1799100
1747377900000,55386.6,55485.6,55353,55483.2,42570,1787010
1747379700000,55485,55525,55430,55460.4,52800,1788120
1747381500000,55464,55522.8,55448.6,55459.6,50190,1788330
1747383300000,55460,55519.8,55425,55481.6,22470,1782660
1747385100000,55481.6,55510,55455,55506.2,26760,1776570
1747386900000,55506.2,55525,55460.2,55500,51420,1765980
1747388700000,55500,55517.8,55474.4,55515,86640,1723710
1747626300000,55536.2,55642.8,55403.4,55519.8,173370,1730910
1747628100000,55519.6,55595.4,55480,55585,62880,1753320
1747629900000,55571,55718.6,55571,55675.2,146850,1804140
1747631700000,55675.2,55790.8,55657,55741.8,106710,1832670
1747633500000,55750,55799,55725,55725.4,53100,1843440
1747635300000,55739.2,55767.8,55680,55738.6,34050,1840350
1747637100000,55738.6,55831.4,55700,55780,52350,1854780
1747638900000,55780,55809.8,55692.2,55718.4,45510,1864320
1747640700000,55711.6,55752,55650,55652.6,34620,1860870
1747642500000,55654,55662,55472,55510.6,163440,1789680
1747644300000,55523,55576.4,55491.2,55520,61830,1776060
1747646100000,55520,55552.6,55422,55512,86340,1753140
1747647900000,55512,55538,55500,55512.2,61590,1755810
1747712700000,55700,55701.6,55290,55308.2,256050,1737750
1747714500000,55308.2,55358.4,55270.6,55344.2,91410,1732710
1747716300000,55344.2,55425,55285.6,55420,57180,1732290
1747718100000,55411.8,55474.8,55342,55372.8,62160,1736640
1747719900000,55360,55368.4,55231.4,55255.4,88080,1739340
1747721700000,55260,55344.8,55244,55290,40080,1737690
1747723500000,55299.2,55360,55286.8,55331.4,26700,1736910
1747725300000,55331.4,55332.6,55156.6,55169,105090,1743390
1747727100000,55175.8,55220.2,55130.2,55153.4,71820,1754490
1747728900000,55153.4,55239,55115,55133,59640,1762440
1747730700000,55128.2,55149.4,55035,55042,84480,1771200
1747732500000,55033,55173.2,55030,55132.8,112890,1760970
1747734300000,55132.6,55139.6,55071.8,55087,82080,1751070
1747799100000,55201,55221,55028.4,55191,197160,1710390
1747800900000,55200,55373,55200,55373,157560,1715700
1747802700000,55373,55450,55326.2,55405.4,152370,1729650
1747804500000,55405.4,55426.4,55267,55321.2,91590,1721730
1747806300000,55324.8,55350,55191.4,55209.6,74040,1728930
1747808100000,55210.4,55219.4,54869.2,54905,220740,1703970
1747809900000,54905,55096,54773,55003.6,194130,1708800
1747811700000,54995,55100,54920,55085,61080,1709460
1747813500000,55090,55197,55017,55025,76920,1706010
1747815300000,55024.4,55090,54974.8,55088,35460,1704540
1747817100000,55090,55158,55064.8,55110,43230,1703880
1747818900000,55110,55180,55102.2,55120,42150,1698870
1747820700000,55117.2,55163,55112.2,55130,61740,1695390
1747885500000,54944.8,55061,54850.6,54959.8,190320,1716720
1747887300000,54960,55009.8,54906,54970,71610,1716240
1747889100000,54970,55017.8,54888,54915,46260,1714260
1747890900000,54907.2,54944.6,54882,54884.6,41640,1716240
1747892700000,54884.6,54910.4,54705,54769.2,110340,1729470
1747894500000,54759.8,54828,54731.2,54769.8,46500,1734300
1747896300000,54769.8,54799,54730,54788.8,30870,1734210
1747898100000,54788.8,54797.2,54700,54782.6,49140,1725780
1747899900000,54782.6,54837.8,54760,54780,33900,1724550
1747901700000,54780,54823.2,54765.2,54785.4,16560,1723380
1747903500000,54785.4,54930,54721.2,54902.6,73500,1708350
1747905300000,54902.6,55120,54847.4,55069.4,190350,1693080
1747907100000,55061,55094.8,55036.2,55090,123390,1680840
1747971900000,55149,55265,54941.4,55265,242340,1687890
1747973700000,55268,55319.4,55210.2,55274,149820,1717950
1747975500000,55274,55276,55075,55210,92850,1704750
1747977300000,55212.6,55449,55200,55406.2,169200,1702020
1747979100000,55427.8,55559.4,55380,55438.8,139080,1696710
1747980900000,55447.8,55447.8,55315,55350,70770,1690650
1747982700000,55350,55519.8,55345,55440,60900,1697190
1747984500000,55440,55517.4,55438.6,55465,55500,1696260
1747986300000,55465.8,55535,55405,55438,53580,1697400
1747988100000,55438,55531.2,55400.2,55486.6,36780,1698300
1747989900000,55486.6,55530,55422,55425.6,36780,1684980
1747991700000,55425.6,55499,55413,55481.2,44310,1669860
1747993500000,55489,55520,55474.6,55519,100980,1652160
1748231100000,55586.4,55971.2,55586.2,55921,262650,1614420
1748232900000,55921,55980,55805,55831.8,124110,1595400
1748234700000,55833,55869,55357,55509.8,245130,1603290
1748236500000,55505,55587.8,55444.4,55522,80580,1607400
1748238300000,55522,55643.4,55460.2,55520,72240,1626450
1748240100000,55520.8,55644,55517.2,55595,57750,1632270
1748241900000,55593,55682.8,55531.2,55531.4,51870,1643070
1748243700000,55531.4,55625,55500,55577.6,49230,1649280
1748245500000,55577.6,55613.2,55527.6,55596.4,42630,1666530
1748247300000,55596.4,55625,55548,55594.8,39090,1669620
1748249100000,55591.8,55622,55520,55586.2,37800,1667910
1748250900000,55588.6,55710,55573.2,55672,107340,1658790
1748252700000,55679.6,55710,55664,55697.4,109980,1661520
1748317500000,55590.8,55644.8,55118.8,55292.4,342840,1425720
1748319300000,55299,55299,55069.2,55192.6,235890,1385430
1748321100000,55192,55259,55130,55189.8,72540,1375860
1748322900000,55189.8,55481.4,55167,55429.8,159240,1375740
1748324700000,55429,55940,55429,55733.4,398640,1362000
1748326500000,55755.2,55815.6,55636,55761.6,110130,1385100
1748328300000,55762.8,55788.8,55510,55675.4,126090,1412790
1748330100000,55675.4,55709.8,55572.4,55613,65550,1437930
1748331900000,55615,55636,55480.2,55625.6,91650,1456860
1748333700000,55620.8,55719,55361,55425,98490,1440900
1748335500000,55428.8,55475,55257,55428.4,117270,1432770
1748337300000,55429,55519.8,55400,55494.8,93630,1416690
1748339100000,55498,55510,55428.4,55432.2,70650,1394250
1748403900000,55424.4,55575,55290.4,55512,206940,1112760
1748405700000,55516,55549.4,55350,55397.6,76140,1117560
1748407500000,55400,55425,55305,55391.8,84510,1117200
1748409300000,55391.8,55520,55380.2,55449,70320,1115580
1748411100000,55435,55487,55355,55382,57660,1117170
1748412900000,55382,55420,55350,55352,42270,1120500
1748414700000,55352,55439.8,55350,55406.2,47880,1106490
1748416500000,55406.8,55564,55398.6,55463.8,100230,1103310
1748418300000,55466.8,55480,55387.4,55400,107130,1101840
1748420100000,55400,55472,55357,55433,52710,1094400
1748421900000,55443.6,55490,55366.4,55481,108000,1074450
1748423700000,55481,55498,55419,55432.2,66120,1050510
1748425500000,55429.2,55475,55421.8,55455,62790,1029360
1748490300000,55659.8,55747.8,55325,55427.8,258000,757590
1748492100000,55427.8,55500,55310.4,55324.4,97950,764850
1748493900000,55324.4,55366.2,55218.2,55220,105000,766590
1748495700000,55220,55303.2,55177,55177,70710,768330
1748497500000,55175.2,55206.4,55130,55139,60690,753330
1748499300000,55130.6,55189.8,55117.2,55165,40590,744810
1748501100000,55165,55204.8,55083,55120.4,64920,753150
1748502900000,55126.8,55270.2,55116,55209,59850,753690
1748504700000,55209,55267,55201.2,55249,35640,739530
1748506500000,55249,55295,55185.2,55206.4,61830,721890
1748508300000,55206.4,55269,55196.6,55260,62340,688140
1748510100000,55260,55538.4,55205.2,55530,196140,583140
1748511900000,55525,55556.4,55520,55542.2,84810,549660
1748576700000,55950,56010,55800,55924.6,259950,1836030
1748578500000,55920,55948.8,55809.4,55900,81750,1823250
1748580300000,55900,55900,55720.8,55760,105630,1801530
1748582100000,55760,55835,55707,55800.2,63420,1801320
1748583900000,55811,55906,55802.2,55837,48510,1805580
1748585700000,55822.4,55875,55775.8,55785,35430,1810500
1748587500000,55784.4,55830.4,55756.8,55780,24750,1811010
1748589300000,55780,55920,55780,55899,42930,1800660
1748591100000,55899,56074,55899,56069,195090,1835250
1748592900000,56070,56100,55974.4,55990,134730,1865610
1748594700000,55990,56140.2,55958,56050.4,131010,1896720
1748596500000,56050,56104.8,56015.2,56061,74700,1886130
1748598300000,56061,56110,56055.6,56082,131370,1881870
1748835900000,56100,56100,55719,55923.6,324960,1872330
1748837700000,55923.6,55940,55829.2,55897.6,77910,1882020
1748839500000,55897.6,55993,55860.2,55978,54450,1874550
1748841300000,55978,55995,55900,55921,35340,1878030
1748843100000,55921.8,56020.2,55890,55960,72480,1907790
1748844900000,55953.6,56041.6,55950,56010.4,67950,1900680
1748846700000,56015,56130,55980,56095,100560,1911900
1748848500000,56098.6,56126.8,56021.2,56068.2,96630,1906050
1748850300000,56068.2,56170,56040,56155.4,85530,1908960
1748852100000,56157.4,56170,56040.2,56091.4,63180,1909470
1748853900000,56077.2,56110.8,55980,56041.4,67530,1889970
1748855700000,56041.4,56217.2,56027.8,56177,142050,1885710
1748857500000,56177,56191,56147.4,56175,100950,1899540
1748922300000,56275,56355,56059.4,56141.6,267000,1897830
1748924100000,56141,56219,56105,56169,48750,1904130
1748925900000,56175,56298,56086.4,56154.6,112260,1901160
1748927700000,56155,56199,56051.2,56054.6,62850,1914000
1748929500000,56054.6,56132.4,56012,56054.8,95670,1906860
1748931300000,56050,56089.8,56020,56029,53610,1898760
1748933100000,56028.8,56056,55940,56020,132690,1884780
1748934900000,56020,56038.4,55824.2,55879.6,186720,1909350
1748936700000,55868.4,55980,55825.4,55900.6,87990,1923390
1748938500000,55901.2,56008.2,55883,56001,63720,1940460
1748940300000,56006,56075,55952.6,56050.4,79140,1956390
1748942100000,56055,56063.4,55941,55955,104610,1972770
1748943900000,55952,55990,55848,55865,102630,1975050
1749008700000,55930.8,55998.8,55720,55756,221730,1961850
1749010500000,55752.2,55830,55700,55809.6,80880,1965810
1749012300000,55809.4,55917.2,55780,55886,76170,1969290
1749014100000,55898.8,55950,55860,55920.8,56340,1966620
1749015900000,55920.2,56017,55888.4,55986.8,75060,1961430
1749017700000,55987.6,55995.2,55917.2,55979,28530,1956870
1749019500000,55979.6,55999,55930,55944.6,20550,1953060
1749021300000,55941.6,55980,55926.4,55931,13560,1951080
1749023100000,55932,55938.8,55888.2,55912.2,30000,1944840
1749024900000,55912.2,56000,55912.2,55976,28020,1942950
1749026700000,55975.4,55997,55930,55979,21720,1945620
1749028500000,55979,56047.8,55955,55970,92700,1969410
1749030300000,55973,55995,55969,55984.8,49320,1975350
1749095100000,56010.4,56056,55851,56023,179430,1995390
1749096900000,56023,56080,55975,55994.4,85860,1996260
1749098700000,55994.4,56035,55960,55993,35970,2005320
1749100500000,55993,56000,55945.8,55981.6,23010,2008350
1749102300000,55995,56090,55990,56017.2,43170,2002860
1749104100000,56020,56197,55970.6,56185.2,152130,1999650
1749105900000,56194,56219,56036,56088.2,115500,1984560
1749107700000,56078,56125,56030,56046.2,34560,1989270
1749109500000,56031,56076.2,55941,55950,92940,1999470
1749111300000,55950,56000,55905.6,55967,54300,2002740
1749113100000,55968,56050,55951.2,56015,57930,2005560
1749114900000,56015,56048.6,55967.2,56039,49560,1990560
1749116700000,56039,56080,56035.8,56043.4,75360,1966650
1749181500000,55999.8,56059.8,55855.2,55855.2,224970,2020380
1749183300000,55858.8,56250,55780,55945.4,592380,2078490
1749185100000,55945.4,56656.6,55825,56596.6,1243110,2189460
1749186900000,56599.8,56733,56502.4,56727,370500,2199420
1749188700000,56727,56778,56635,56763.2,208170,2200200
1749190500000,56770,56799,56724,56748.6,108870,2183370
1749192300000,56745,56753.4,56580,56720.6,131310,2190210
1749194100000,56720.6,56762,56696,56704.2,74850,2203020
1749195900000,56704.8,56772,56647.4,56755,62220,2190540
1749197700000,56743,56777,56679.4,56754.2,55350,2177520
1749199500000,56754.2,56832.8,56695.6,56749,142710,2186880
1749201300000,56738.2,56790.4,56722.2,56750.6,110820,2201220
1749203100000,56750.6,56799,56748.8,56799,111480,2195370
1749440700000,57150,57165.2,56905.4,57040,293880,2109000
1749442500000,57040,57123.6,57000,57120,125850,2148330
1749444300000,57120,57146,57076.6,57138,62040,2172900
1749446100000,57140,57160,57069.8,57090.4,58650,2187960
1749447900000,57090,57091.4,57009,57054.6,61110,2179770
1749449700000,57054.6,57093.8,57024.4,57082,30360,2169750
1749451500000,57082,57135,57056.8,57080,37260,2169450
1749453300000,57080,57090,57046,57090,34170,2153100
1749455100000,57095,57108,57055,57075,19410,2152800
1749456900000,57062.8,57088.4,57011,57011,34500,2146530
1749458700000,57011,57048,56985,57015.2,55620,2129640
1749460500000,57015.2,57036,56990,57011,57750,2122680
1749462300000,57011,57021.2,56986.6,56990,84780,2111490
1749527100000,57026.2,57099,56750,56820.2,220620,2067090
1749528900000,56820.2,56944.2,56800,56933.2,87180,2066310
1749530700000,56930,56960,56853,56904,67500,2051400
1749532500000,56904,56907.4,56760,56816,59670,2048370
1749534300000,56810,56824.6,56729,56788,57000,2045160
1749536100000,56777.8,56798,56750,56780,27300,2050380
1749537900000,56780,56832.2,56760.2,56817,31410,2053380
1749539700000,56819.8,56890,56817,56831,51060,2053380
1749541500000,56825,56872,56801,56820,18900,2053380
1749543300000,56826.4,56850,56802,56825,20520,2056500
1749545100000,56825,56827,56783.8,56810,21750,2054850
1749546900000,56810,56815,56742,56780.2,42360,2050230
1749548700000,56796,56800.2,56721,56735,67560,2037630
1749613500000,56755,56820.6,56660,56682,111750,2053080
1749615300000,56682,56785,56607,56761.6,95160,2058510
1749617100000,56761.6,56860,56719.2,56850.8,69990,2060160
1749618900000,56850.8,56895,56825,56866.6,65580,2060910
1749620700000,56883.6,56920,56848,56865.2,59070,2075970
1749622500000,56872.8,56925,56865.4,56888.4,37860,2083290
1749624300000,56900.2,56938,56831.4,56855.6,46290,2081640
1749626100000,56855.6,56887,56829.6,56830,17490,2078700
1749627900000,56830,56830,56671.2,56690.6,106350,2053590
1749629700000,56700,56700,56570.4,56597.2,149520,2048310
1749631500000,56597.4,56665,56582,56625,56040,2049960
1749633300000,56625,56714,56621,56662,54630,2032440
1749635100000,56655,56671.6,56622,56625,58080,2020920
1749699900000,56635,56742.6,56541.2,56585,131100,2008020
1749701700000,56583,56646.4,56557.2,56580,66780,2011530
1749703500000,56575,56595,56466,56489.6,88590,2015370
1749705300000,56480,56518,56450,56470.2,59970,2006730
1749707100000,56470.2,56554.8,56452.6,56481.8,59760,2013750
1749708900000,56475,56484.8,56420,56458,41910,2015160
1749710700000,56458,56540.4,56453.6,56506,36090,2004300
1749712500000,56506,56527.2,56444,56470,27600,2010660
1749714300000,56470,56481.8,56292.4,56310.8,198690,1981200
1749716100000,56306.2,56340,56200,56254.8,185940,1989300
1749717900000,56254.8,56420,56237.6,56370,131400,2002800
1749719700000,56370,56411.2,56280,56299.8,70050,2002140
1749721500000,56299.8,56300,56202.6,56208.8,109290,1981020
1749786300000,55555.6,55740,55350.6,55563,417240,1985850
1749788100000,55564.6,55616.4,55511,55581.6,112890,2018820
1749789900000,55589.4,55730,55541,55699.4,83370,1997220
1749791700000,55699.4,55719,55552,55552.2,72240,1999320
1749793500000,55552.2,55700,55547,55667,79080,2025030
1749795300000,55666.2,55673.6,55586.8,55626,26250,2030550
1749797100000,55631.6,55699,55585.8,55610,28380,2029950
1749798900000,55610,55628,55580.2,55628,17730,2032620
1749800700000,55628,55750,55610.2,55742,50700,2020590
1749802500000,55741.4,55800,55650,55685.2,60330,2008620
1749804300000,55685.2,55704.8,55612.2,55620.2,30000,2004510
1749806100000,55625.8,55659.8,55500,55623,136530,2003820
1749807900000,55623,55655.8,55590.4,55655.8,71310,1998960
1750045500000,55550,55760,55550,55582,176790,1995330
1750047300000,55600,55638.8,55505,55600.2,129210,1955910
1750049100000,55600,55825,55600,55800,111240,1942770
1750050900000,55805,55950,55750,55895.6,114360,1928430
1750052700000,55899,55930,55811,55924,64260,1938810
1750054500000,55920,55995.6,55865.2,55954,78060,1932180
1750056300000,55958,56040,55875.6,55988.4,80310,1934130
1750058100000,55987,56033,55940.2,56000,57600,1943430
1750059900000,56000,56050,55967.6,56001.2,46320,1958160
1750061700000,56001.2,56062.8,55926.4,56044.8,49620,1962270
1750063500000,56048,56065.4,55975,55990.2,33450,1957950
1750065300000,55990.2,56110,55971,56096.8,78600,1942830
1750067100000,56097.2,56165,56090,56165,94800,1938930
1750131900000,56110,56599.6,55968,56000,149340,1901520
1750133700000,56000,56018,55880.2,55959.4,92730,1893060
1750135500000,55950,56060.8,55950,56012,40020,1885980
1750137300000,56012.2,56018.6,55895,55931.4,45390,1880370
1750139100000,55930.4,55945,55868.4,55905,48540,1879590
1750140900000,55905.4,55926,55821,55821.8,62490,1882140
1750142700000,55821.6,55858.6,55801,55802.2,39480,1895850
1750144500000,55801,55825.6,55750,55790,56520,1898640
1750146300000,55790,55821,55768.4,55768.4,24150,1907400
1750148100000,55768.4,55838,55750,55820.2,25140,1907970
1750149900000,55835,55861.8,55790.2,55820,31890,1906950
1750151700000,55820,55844.2,55780,55793,29940,1899420
1750153500000,55808,55810,55735,55761.8,58020,1889820
1750218300000,55670,55983,55670,55948,169260,1888830
1750220100000,55948,56050.6,55926.2,56000,119790,1898100
1750221900000,56009.2,56029.4,55904.4,55995,57240,1900140
1750223700000,55994.2,55999.8,55840,55880.6,64080,1899150
1750225500000,55869.4,55884.8,55734.8,55840,105390,1887900
1750227300000,55836,55923.6,55775.8,55888.6,40830,1889820
1750229100000,55896,55907.4,55852,55860,23520,1896990
1750230900000,55860,55894.8,55825,55881,20580,1904250
1750232700000,55889,55940.8,55850,55890.4,43530,1911750
1750234500000,55895,55896.8,55800,55825,34350,1910880
1750236300000,55825,55879,55759.8,55864.6,45270,1897320
1750238100000,55864.6,55922.6,55838.4,55878.6,60720,1907460
1750239900000,55889.8,55916,55876.8,55878,69750,1914450
1750304700000,55884.4,55998,55786,55975,110250,1821150
1750306500000,55980,56025,55863.4,55898.2,137520,1817310
1750308300000,55900,55909.8,55800,55820,56970,1812300
1750310100000,55820,55855,55762.2,55777.8,57210,1810650
1750311900000,55778,55785,55711,55727.2,81360,1807680
1750313700000,55727.2,55775,55714,55755,31770,1808820
1750315500000,55751.4,55753.6,55654,55671.2,51780,1803840
1750317300000,55670.2,55773.6,55636.2,55725.4,62490,1804200
1750319100000,55743.2,55744.6,55671.2,55685.4,24900,1802430
1750320900000,55685.4,55783.8,55680.2,55759,25350,1799370
1750322700000,55759,55780,55700,55722.6,37230,1794660
1750324500000,55721,55755,55660,55673.6,28350,1786140
1750326300000,55673.8,55694.4,55612.8,55615,100710,1779870
1750391100000,55680,55875,55651.2,55830,157680,1785780
1750392900000,55834,55871.2,55795,55866.6,74580,1784370
1750394700000,55866.6,56221.8,55866.6,56169.6,374970,1798470
1750396500000,56170.8,56249,56100,56248.2,89220,1806450
1750398300000,56248.2,56309,56207.2,56251,132300,1800780
1750400100000,56243.2,56280,56180.6,56280,42600,1797660
1750401900000,56279.8,56279.8,56130,56203.2,43230,1782000
1750403700000,56203.2,56265,56203.2,56250.2,32790,1787520
1750405500000,56250.2,56325.2,56241.8,56278.8,76980,1800510
1750407300000,56270.2,56300,56230,56246.4,18450,1797750
1750409100000,56253,56277,56175,56188,34770,1776060
1750410900000,56188,56329,56169,56297.2,105450,1786770
1750412700000,56297,56340,56261.2,56294.4,122880,1791120
1750650300000,55899.8,56161.6,55897.6,55912.6,295680,1733160
1750652100000,55912.6,55923.2,55805,55866.8,189900,1698210
1750653900000,55855,55985.2,55828,55948,93150,1706430
1750655700000,55950,55983.2,55911.6,55940,39030,1706610
1750657500000,55944.8,55976.2,55900,55970,47070,1711590
1750659300000,55970,55970,55890,55929.8,39420,1713030
1750661100000,55932,55996,55929.2,55984.6,53040,1732020
1750662900000,55984.6,56000,55950,55997.4,29160,1733790
1750664700000,56000,56247,55990,56181.8,182850,1716360
1750666500000,56185,56299.6,56166.8,56193.8,132660,1748070
1750668300000,56192.6,56196,56076,56110,117150,1785750
1750670100000,56101.2,56144,56063.8,56095.2,80100,1790250
1750671900000,56095,56139.4,56073.4,56105,67770,1776360
1750736700000,56506.2,56742.2,56405.2,56570.2,363750,1398630
1750738500000,56555,56640,56490,56619.2,100620,1400940
1750740300000,56618.8,56715,56578,56625,117420,1393470
1750742100000,56618.8,56720,56505,56684.8,93000,1396050
1750743900000,56684.8,56840,56645.2,56799,108510,1397490
1750745700000,56799.2,56879.8,56766,56865,88290,1399260
1750747500000,56860.2,56869.4,56575,56637.2,137370,1398750
1750749300000,56630,56785,56605.2,56639.8,77850,1382970
1750751100000,56641,56670,56357,56418.2,171780,1364160
1750752900000,56401.2,56510,56359.8,56438.2,106860,1362990
1750754700000,56438.2,56529,56409.4,56519.6,83250,1380540
1750756500000,56506.4,56529,56443.2,56475,86610,1395750
1750758300000,56467.2,56525,56467.2,56500,58230,1377630
1750823100000,56600,56687.8,56440,56648.8,165870,1038540
1750824900000,56662,56670,56569.4,56594.8,75630,1052370
1750826700000,56582.2,56646,56582.2,56625,50670,1075410
1750828500000,56630,56660,56571,56590,71790,1074630
1750830300000,56590,56635,56580.4,56619.4,57660,1075290
1750832100000,56619.4,56625.2,56540,56566.4,45750,1067610
1750833900000,56568,56635.4,56547,56615,39240,1077480
1750835700000,56609,56669,56583,56618.2,46560,1091910
1750837500000,56618,56656.6,56616.8,56633,46650,1103670
1750839300000,56633,56647.6,56577,56630,38850,1095120
1750841100000,56643.8,56671.4,56604.8,56656.2,61290,1115220
1750842900000,56663.6,56675.8,56602,56618.6,63000,1116180
1750844700000,56614.6,56631.8,56602.4,56611.6,81810,1119840
1750909500000,56655.2,56789,56556.4,56724.4,140880,832470
1750911300000,56718,56777.6,56617,56673.8,82350,825810
1750913100000,56683.8,56722,56603.2,56633,62280,819870
1750914900000,56633.6,56664.4,56535,56600,85710,786840
1750916700000,56605,56690,56554.2,56642.4,52050,788940
1750918500000,56658.4,57109.4,56643.2,57017.8,281670,861630
1750920300000,57033,57054.8,56836.6,56896,91050,862110
1750922100000,56896,56942.6,56812,56863.4,53610,852600
1750923900000,56863.4,56985,56836,56950,44250,849690
1750925700000,56951.8,57182.6,56950,57170,147660,871470
1750927500000,57190,57247,57125.2,57194.2,84510,872910
1750929300000,57196,57251,57101,57206,99300,827550
1750931100000,57206,57232.8,57190,57215.2,72180,779640
1750995900000,57260,57513,57260,57308,221025,2121945
1750997700000,57305.2,57395,57269.6,57395,99015,2143680
1750999500000,57390.2,57483,57382,57479.8,93275,2166220
1751001300000,57476,57564,57471.2,57546.8,94430,2196355
1751003100000,57548,57561,57500.2,57530.2,34370,2200240
1751004900000,57530.2,57615,57530,57599.2,64890,2217915
1751006700000,57600,57640,57562.2,57609,47600,2228590
1751008500000,57625,57648,57579,57598.2,36540,2238775
1751010300000,57608,57644,57563,57622,35840,2247490
1751012100000,57622,57628.2,57583.2,57607,25480,2251130
1751013900000,57607,57633,57536,57632.8,53025,2251935
1751015700000,57630,57668.6,57600.4,57655.8,109690,2285500
1751017500000,57654.8,57660,57624.6,57637,106680,2311015
1751255100000,57636,57849.8,57620.2,57705,172165,2347695
1751256900000,57699.8,57745,57605,57701,68530,2353225
1751258700000,57701,57745,57640,57663.2,49070,2361485
1751260500000,57646,57695,57601,57650,49210,2371075
1751262300000,57660,57700,57625,57690,18830,2368660
1751264100000,57690,57775,57680.4,57765.4,31955,2371880
1751265900000,57765.4,57780.2,57700,57701.6,35175,2383185
1751267700000,57700.4,57725,57601,57641.4,40425,2376815
1751269500000,57641.4,57680,57614.2,57633,28560,2373630
1751271300000,57616.6,57634,57480,57530.6,118090,2330475
1751273100000,57530.6,57551.2,57468.2,57524.4,62580,2294145
1751274900000,57525,57606.2,57525,57570,73640,2313675
1751276700000,57575.6,57593,57510,57521,59080,2315495
1751341500000,57625,57625,57500.2,57505.8,120960,2320920
1751343300000,57505,57550,57430.2,57434.8,74830,2323405
1751345100000,57440,57490,57415,57444.2,74655,2310245
1751346900000,57440,57468.8,57380,57436,48580,2308005
1751348700000,57444.8,57481,57424,57478,19740,2311015
1751350500000,57478,57552,57477.2,57540,54355,2327465
1751352300000,57545,57620,57524.6,57582,85575,2328690
1751354100000,57581.2,57710,57567,57692.2,94430,2350390
1751355900000,57695,57721,57650,57680.8,45640,2356235
1751357700000,57690,57745,57652,57745,43015,2364530
1751359500000,57748,57750,57660.8,57670.2,34055,2372405
1751361300000,57670.2,57697,57651,57680,27580,2364320
1751363100000,57685,57710,57668,57700,44275,2357460
1751427900000,57706.6,57760.8,57510.6,57525,168490,2347870
1751429700000,57520,57560,57472,57509.4,88655,2343005
1751431500000,57519.4,57546,57450,57492.4,58135,2343425
1751433300000,57489.8,57511.6,57420,57460,51205,2344300
1751435100000,57460,57499,57412.2,57470,46900,2339750
1751436900000,57470,57482,57424,57433.2,36050,2328620
1751438700000,57433.2,57473.4,57405,57424.8,35945,2324945
1751440500000,57419.8,57435,57355.8,57361,125370,2299220
1751442300000,57360,57375.4,57188.2,57193,204995,2274545
1751444100000,57193.4,57257,57175,57236.2,87430,2265130
1751445900000,57225,57245,57185,57200.6,65100,2264395
1751447700000,57198.6,57378.8,57192.6,57308,183015,2245950
1751449500000,57307.2,57314.6,57245,57250,71155,2227995
1751514300000,57250,57384,57175,57299.8,139230,2160725
1751516100000,57301.4,57455,57300.2,57398.4,104195,2153900
1751517900000,57386.8,57441,57356,57369.2,40635,2146795
1751519700000,57369,57413.8,57320,57358.4,31780,2148265
1751521500000,57360,57424.8,57280,57286,47670,2157645
1751523300000,57286,57300,57243,57260,37450,2159815
1751525100000,57260,57312,57221,57290,32375,2166815
1751526900000,57290,57309.8,57240.8,57256.2,19880,2155475
1751528700000,57259,57373.8,57202,57355,54845,2156560
1751530500000,57368.6,57374,57215,57216,37415,2161075
1751532300000,57212.6,57246.6,57105,57150,146020,2174235
1751534100000,57136.8,57184.8,57108,57127.6,78680,2141090
1751535900000,57139.6,57149,57093,57111,84350,2125655
1751600700000,57088.8,57182.2,56960.4,57010.8,141925,2095030
1751602500000,57016.6,57086,56983.6,57061.8,39340,2102520
1751604300000,57058.2,57148,57053,57133,36365,2103710
1751606100000,57134.6,57171.4,57100,57135,36050,2105355
1751607900000,57130,57143.6,56960,56981,55510,2116240
1751609700000,56980,56980.2,56910,56950,103355,2091635
1751611500000,56939.2,56985,56923,56964.4,21560,2089255
1751613300000,56959.2,57026,56949.2,57026,27020,2086105
1751615100000,57027,57050,57000.4,57017.8,22330,2080855
1751616900000,57017.8,57130,57000,57119.8,55930,2065700
1751618700000,57116,57300,57055.8,57299,138215,2041480
1751620500000,57300,57340,57250,57291,100835,2033500
1751622300000,57288,57320,57258,57305.2,79100,2025275
1751859900000,57270,57297.6,57128,57215,117950,2022300
1751861700000,57205,57239.2,57105.8,57165.4,96915,2024085
1751863500000,57172.2,57216.2,57150,57190,31360,2017645
1751865300000,57201,57419.2,57189.4,57260,169295,2044525
1751867100000,57254,57292,57200,57256.6,29750,2043650
1751868900000,57240,57240,57152,57160,38570,2038750
1751870700000,57160,57214,57118,57195,58695,2042530
1751872500000,57195,57219.2,57063.6,57186.8,112560,2042915
1751874300000,57186.8,57192.4,57145,57169.8,10080,2043265
1751876100000,57169.8,57269,57122,57212.8,71330,2036370
1751877900000,57212.8,57235,57136.4,57153.4,18095,2037525
1751879700000,57149.4,57223.2,57137.6,57205,34265,2032065
1751881500000,57205.2,57210,57167.8,57171,44835,2012990
1751946300000,57290,57404.8,57149.2,57402.2,184100,2003365
1751948100000,57403.8,57475,57300,57358.8,125650,2035670
1751949900000,57351.6,57430,57344.8,57414.4,39760,2040290
1751951700000,57415,57423.2,57302,57315,56875,2048585
1751953500000,57320,57384.8,57280,57330,59395,2046310
1751955300000,57325,57384,57310,57322.8,10535,2045890
1751957100000,57322.8,57420,57321.8,57364.8,55930,2052085
1751958900000,57360.2,57392.8,57310,57382,43785,2048795
1751960700000,57383,57394,57340.2,57368,12355,2047990
1751962500000,57368,57387.8,57326,57337.4,13790,2050090
1751964300000,57337.2,57375,57314.8,57336.6,15785,2050125
1751966100000,57336.6,57489.4,57328,57465,124600,2068325
1751967900000,57457.6,57475,57430.4,57459.8,74270,2069655
1752032700000,57390.8,57465.2,57250,57285.2,136115,2071860
1752034500000,57275.2,57398,57260,57397.8,65625,2089535
1752036300000,57396.6,57420,57340,57380.2,34125,2094050
1752038100000,57384,57405,57355.2,57405,13930,2094855
1752039900000,57405,57429.6,57385,57405.2,33670,2106720
1752041700000,57400,57405.8,57330,57405,24605,2114630
1752043500000,57399.2,57451,57395,57412.2,31955,2114490
1752045300000,57410.8,57465,57374.6,57457,62580,2123170
1752047100000,57465,57499,57430.6,57435,66850,2121840
1752048900000,57435,57453.4,57400,57418.4,18550,2123030
1752050700000,57419.4,57430,57382,57400.2,28245,2118025
1752052500000,57400.2,57415,57346,57401,54775,2092720
1752054300000,57401,57402,57363,57370.8,42000,2082430
1752119100000,57379.8,57488.6,57320,57350,86485,2088065
1752120900000,57350,57415,57305.6,57334,46200,2093140
1752122700000,57334,57415.6,57284,57395.4,42980,2095590
1752124500000,57382,57400,57276,57341.4,43015,2095905
1752126300000,57341.4,57345,57230.4,57234,79240,2076095
1752128100000,57232.2,57280,57162.2,57218,140385,2063145
1752129900000,57200,57345.6,57171.6,57255,92575,2042670
1752131700000,57255,57286.8,57204,57222,20510,2046940
1752133500000,57222,57274.6,57161.4,57180,48755,2056705
1752135300000,57180,57320.2,57150,57250,78995,2040990
1752137100000,57255,57290,57235.2,57244.4,13475,2042565
1752138900000,57244.4,57255,57166,57180,43995,2044280
1752140700000,57176.8,57204.8,57142.2,57159.8,78400,2037700
1752205500000,57075,57225,57050,57170,111580,2035460
1752207300000,57170,57170,56982.2,57000,98210,2043545
1752209100000,57000,57000,56884.8,56901.6,133140,2055865
1752210900000,56901,56937.6,56833,56890,73745,2058665
1752212700000,56889,56917.2,56849,56885,61075,2071265
1752214500000,56885,56915,56814,56864.8,42560,2070565
1752216300000,56865,57021.8,56844.2,56988,78225,2066400
1752218100000,56988,56998,56898.4,56910,31045,2067870
1752219900000,56923.6,56925,56868.6,56890,42525,2072280
1752221700000,56876.4,56980,56870.2,56947,25515,2071125
1752223500000,56941.4,56968,56900.6,56946.6,26075,2072315
1752225300000,56946.6,56988,56925,56927.6,39445,2060520
1752227100000,56935,56942.8,56890,56890,84035,2038855
1752464700000,56888,56994.8,56769.2,56994.8,134575,2035005
1752466500000,56994.8,57075,56951,57029.2,93835,2035390
1752468300000,57032.2,57065,56925,56964,38465,2041620
1752470100000,56955.4,56965.6,56850,56861.2,50295,2046065
1752471900000,56867.2,56879.8,56789,56818,89810,2065455
1752473700000,56820.4,56870,56805,56856,24745,2072525
1752475500000,56856,56899.6,56837,56899.6,23205,2073225
1752477300000,56899.6,56919,56820,56835,31710,2073085
1752479100000,56835,56916,56835,56852.6,26705,2072490
1752480900000,56852.6,56869.4,56802,56855,24395,2076375
1752482700000,56855,56887.6,56827.4,56887.6,20405,2082220
1752484500000,56887.4,57027.8,56871.8,56990,74445,2071020
1752486300000,56990.6,57029.4,56963.6,57001,81445,2070845
1752551100000,56999.8,57160.4,56999.8,57032.6,122220,2074590
1752552900000,57029.4,57240,57012.4,57230.4,165165,2095065
1752554700000,57231.2,57277.2,57180,57274.8,115955,2128420
1752556500000,57275,57339.8,57248.6,57274,119385,2150050
1752558300000,57274,57310.2,57245,57263.4,34335,2160340
1752560100000,57275,57276.2,57216,57255.6,31920,2163070
1752561900000,57255.6,57300,57205.2,57289.8,27265,2167970
1752563700000,57289.8,57310,57230,57235,22470,2173430
1752565500000,57235,57242.4,57126,57145,61600,2165415
1752567300000,57147.4,57218,57126.6,57174.2,36120,2163980
1752569100000,57172.6,57202.8,57142,57159.8,19110,2164505
1752570900000,57159.8,57258,57110,57252.4,98105,2160095
1752572700000,57251.6,57260,57222.6,57250,43015,2151485
1752637500000,57235.8,57278,57111.6,57220.2,120295,2142630
1752639300000,57210.6,57211.4,57125,57140.2,37205,2148440
1752641100000,57140.4,57204.8,57080,57085,50120,2154425
1752642900000,57085.6,57147.2,57060,57123.8,55965,2137345
1752644700000,57124,57149,57084,57109.4,27195,2140005
1752646500000,57124.8,57237.6,57097.2,57206.6,56665,2135245
1752648300000,57207,57300,57191,57290,75460,2145535
1752650100000,57290,57334,57265,57330,76755,2175705
1752651900000,57330,57340,57266,57307.8,50785,2188305
1752653700000,57307.8,57340,57282.4,57328,23345,2187430
1752655500000,57328,57338.4,57242.2,57284,62265,2170280
1752657300000,57284,57319,57265,57285,35910,2174165
1752659100000,57281,57296.6,57231.2,57246.8,57085,2169405
1752723900000,57380.2,57380.2,57089.4,57135.8,175665,2136890
1752725700000,57121.8,57174,57068.2,57092.6,77665,2128665
1752727500000,57092.8,57092.8,57026,57059.8,103740,2135840
1752729300000,57055,57114.2,57022.8,57064.8,62685,2150610
1752731100000,57064.8,57135,57055.2,57125,37520,2153585
1752732900000,57125,57147.2,57058.6,57063.6,43470,2131255
1752734700000,57063.2,57074,57000,57050,59920,2140810
1752736500000,57041.2,57066,57020,57029.8,37100,2139795
1752738300000,57026,57068.8,57013,57043.6,33530,2153865
1752740100000,57046.4,57085.6,57000,57026.4,57505,2160865
1752741900000,57026.4,57069,57001.8,57031.6,36575,2168530
1752743700000,57038,57060,56974.4,56997.2,82600,2170945
1752745500000,56997.2,57016.8,56923.6,56928.2,113715,2172100
1752810300000,56744,56900,56601,56660,236390,2179030
1752812100000,56662.4,56693,56542,56564.6,134295,2207030
1752813900000,56554.8,56558.2,56393,56406.2,214375,2288720
1752815700000,56405.4,56473,56365,56457.8,87220,2304715
1752817500000,56457.4,56519,56421,56429,78785,2325365
1752819300000,56429.8,56485,56416.8,56420.4,47180,2329985
1752821100000,56418,56453.2,56398,56404.6,55545,2354940
1752822900000,56403.4,56497,56394,56412.4,48230,2375695
1752824700000,56412.2,56453,56389,56441.2,39095,2394035
1752826500000,56442.2,56475,56392.2,56443.6,57750,2403730
1752828300000,56443.6,56549.6,56418.8,56439.6,98945,2398445
1752830100000,56439.6,56495,56415,56431.8,89985,2405235
1752831900000,56430.8,56460,56354.2,56354.2,161000,2407825
1753069500000,56640,56640.2,56350,56550,283815,2255085
1753071300000,56557.2,56831.8,56545,56783.4,320425,2214660
1753073100000,56783.4,56849,56724.2,56792,91070,2193730
1753074900000,56805,56875,56783.6,56848.4,77805,2176440
1753076700000,56843.2,56905.6,56747,56785.4,115955,2162895
1753078500000,56768.2,56837,56729,56834.6,71925,2164680
1753080300000,56837,56845.2,56771.4,56844,41930,2156630
1753082100000,56844,57030,56844,56995,183785,2154145
1753083900000,57000,57022,56953,56960,50820,2151240
1753085700000,56960,56972.8,56817,56880,78645,2152220
1753087500000,56880.4,56924,56835.8,56885,32130,2158800
1753089300000,56889,56996.8,56876.2,56976,86590,2155300
1753091100000,56977.6,57000.8,56962.4,56994,98175,2141720
1753155900000,57205.2,57211.6,56980,57030,193725,2025065
1753157700000,57030,57100,57000,57076.6,49175,2028180
1753159500000,57076.4,57146.4,57000,57006,60935,2012745
1753161300000,57002,57035,56912.6,56965,52080,2020690
1753163100000,56957.8,56974,56900,56929.8,35980,2023490
1753164900000,56928.4,56970,56885,56930,40670,2023035
1753166700000,56930,57019.8,56930,56989.6,30695,2023630
1753168500000,56988.6,57010,56934.6,56944.2,27755,2019885
1753170300000,56941,56952.6,56856.8,56868,73920,2023630
1753172100000,56866,56923.8,56827,56883,82880,2020970
1753173900000,56883.2,56883.2,56800,56878,54670,2020795
1753175700000,56880,56899,56808.4,56822.8,51450,2034970
1753177500000,56823,56844.8,56750,56750,60935,2028355
1753242300000,56866,56915.2,56780,56801,110460,2032520
1753244100000,56804,56838.6,56757.8,56811.6,30695,2038610
1753245900000,56811.6,56890,56788,56890,32095,2032100
1753247700000,56890,56945,56871,56925.8,44345,2019535
1753249500000,56937.2,56956.4,56885.8,56912,46935,2001230
1753251300000,56912,57025,56912,57010,93345,1978375
1753253100000,57010,57179,57010,57120,121835,1967175
1753254900000,57120,57168,57088,57126.4,33915,1972355
1753256700000,57126.4,57180,57115,57170.2,46130,1977185
1753258500000,57170.2,57241,57163.8,57237.2,96705,1973895
1753260300000,57241,57249,57160,57230,48720,1947750
1753262100000,57225.6,57294,57210.2,57231.4,85925,1929445
1753263900000,57230.2,57246.4,57214,57237.4,72660,1915340
1753328700000,57410.2,57410.2,57075,57140.8,126770,1881355
1753330500000,57140.8,57150,57056.6,57060.2,70105,1874110
1753332300000,57060,57168.8,57054,57149.8,53865,1874495
1753334100000,57148,57166,57062.2,57072.8,25200,1874950
1753335900000,57070,57128.6,57000.4,57038.4,71120,1888740
1753337700000,57038,57056.8,56931.8,56971.4,142450,1909950
1753339500000,56970.8,57045,56970.4,57015.2,37135,1914150
1753341300000,57012,57018.2,56935.4,56992,42140,1928465
1753343100000,56992,57111.6,56976,57097.6,55790,1915970
1753344900000,57104,57189.8,57065,57154.2,124040,1884365
1753346700000,57153.8,57187.8,57095,57140.2,30765,1877470
1753348500000,57144,57160,57110,57124.2,34790,1859655
1753350300000,57125,57149.8,57090,57115.4,59780,1830675
1753415100000,57068.2,57185,56932.2,57049,174545,1829275
1753416900000,57051.8,57124.2,57006,57015,64365,1826650
1753418700000,57005,57005,56749.6,56797.8,303310,1854650
1753420500000,56792.6,56830,56702.2,56710,90650,1867285
1753422300000,56711.8,56800,56670.2,56706.8,76370,1891575
1753424100000,56703.2,56709,56603,56629,94465,1904805
1753425900000,56625,56643.2,56529,56601,124425,1934065
1753427700000,56597.2,56639.2,56555,56609,52885,1944705
1753429500000,56605.4,56640,56511,56625,70945,1976765
1753431300000,56625,56675,56571,56571,36190,1982295
1753433100000,56571,56620,56570.2,56597.8,32760,1991395
1753434900000,56602.6,56650,56579.8,56624.2,45535,1989295
1753436700000,56624.2,56636.8,56538.8,56555,110040,1997065
1753674300000,56298.4,56596,56265.6,56426,223405,1798580
1753676100000,56420,56580,56412,56580,59045,1801345
1753677900000,56566.6,56670,56501,56531,116410,1807505
1753679700000,56531,56615,56426,56481.6,49700,1791860
1753681500000,56477.8,56549,56465.6,56469.8,26425,1806945
1753683300000,56467.2,56499.8,56425,56431.8,24710,1814645
1753685100000,56431.8,56491,56408.6,56414.8,24430,1821645
1753686900000,56415.2,56426,56211,56219,165725,1823780
1753688700000,56210.2,56236.2,56070,56114.4,109900,1818250
1753690500000,56113.4,56164.8,56061,56122.2,49630,1806490
1753692300000,56125.8,56250,56097.4,56248.8,44625,1799175
1753694100000,56247.2,56248.4,56148,56177.6,43715,1804425
1753695900000,56177.6,56190.2,56154,56187.4,66605,1789550
1753760700000,55999.2,56167,55999.2,56139.8,109585,1594810
1753762500000,56136.4,56225,56099,56118,82390,1600060
1753764300000,56117,56128.6,56000.2,56032.2,94745,1613955
1753766100000,56032.2,56032.2,55955,56010,77280,1618435
1753767900000,56010,56140.8,56010,56040.4,74200,1592360
1753769700000,56040.4,56121.6,56011,56100.4,47775,1574685
1753771500000,56109.4,56129,56050,56080.2,42910,1562645
1753773300000,56080.2,56170,56063.4,56166.2,48090,1571115
1753775100000,56167.8,56249,56147.4,56219.4,93205,1551690
1753776900000,56229,56400,56229,56343.8,132020,1519140
1753778700000,56358,56386.8,56216,56264,63420,1522430
1753780500000,56264,56325,56199,56313,81165,1504580
1753782300000,56321.4,56390,56313.6,56327.2,80675,1475425
1753847100000,56339.6,56339.8,56144,56291.6,100100,1314950
1753848900000,56282,56297.8,56158,56242,65240,1317330
1753850700000,56229,56265.6,56157,56181.2,43050,1316560
1753852500000,56181,56225.2,56106,56225.2,61425,1309070
1753854300000,56225.4,56356,56225.4,56295.8,69300,1293355
1753856100000,56296,56338,56265.2,56267,42140,1290555
1753857900000,56262.6,56334.8,56262.2,56278,41895,1289785
1753859700000,56278,56306,56222.4,56240.2,36400,1284850
1753861500000,56254.8,56300,56196,56260.6,62335,1270045
1753863300000,56259.8,56275.8,56211.2,56245.6,60480,1262065
1753865100000,56245.4,56318.2,56224.6,56264.4,119980,1247260
1753866900000,56258,56291.4,56200.2,56208.4,105665,1214745
1753868700000,56215.4,56228.8,56185,56201.6,58835,1205085
1753933500000,55946.6,55977.6,55766,55841.8,194285,1080065
1753935300000,55838,55863.2,55541,55578.2,258545,1094030
1753937100000,55576.6,55628,55528.2,55599.8,126560,1105930
1753938900000,55602.4,55887.6,55593.6,55788.8,187005,1130255
1753940700000,55788.8,56059,55770.8,56036.4,105560,1072050
1753942500000,56054.4,56133.8,55884.6,56106,76510,1019340
1753944300000,56108.2,56307.6,56080,56245.2,107555,1000125
1753946100000,56244,56385.8,56218.8,56315.4,98105,880950
1753947900000,56330,56450,56292.2,56318.4,88690,873810
1753949700000,56311.4,56419,56265.2,56322,57750,850395
1753951500000,56322,56329.8,56097.4,56217.2,56840,798910
1753953300000,56203.2,56211.8,55970.2,55985,87955,771155
1753955100000,55985,55987.6,55956.8,55958.4,59185,743050
1754019900000,56200,56200,55976.8,56067,168070,1878835
1754021700000,56067.6,56149,56018,56148.4,54355,1896615
1754023500000,56147,56249.8,56120.6,56224.4,112280,1908235
1754025300000,56213.2,56230.8,56075,56081.4,63525,1903090
1754027100000,56075.8,56109.2,56001.2,56008.8,87150,1934415
1754028900000,56009,56082,55950,56000,149590,1959895
1754030700000,55992,56080,55941.8,55971,69510,1988105
1754032500000,55967.6,56030,55956.4,55999.4,104055,2046905
1754034300000,56004.2,56079.8,55950,56007.2,35280,2052365
1754036100000,56004,56008.8,55918,55968,54670,2064160
1754037900000,55968,55980,55880,55899.4,49700,2077425
1754039700000,55891,55915,55730,55768.8,114065,2108260
1754041500000,55770,55814,55750.6,55796.4,86625,2130660
1754279100000,55780.2,55948.2,55713.6,55713.6,109655,2132760
1754280900000,55712.6,55800,55622.2,55728.6,110810,2147215
1754282700000,55720.8,55869.8,55720.8,55805,63350,2163595
1754284500000,55799,55819.4,55676,55797.8,34580,2167165
1754286300000,55795,55853.4,55770.6,55828.2,44450,2171015
1754288100000,55828.2,55900,55818.6,55875.2,35665,2173325
1754289900000,55860.2,55922.8,55836,55870,43400,2173150
1754291700000,55875.2,55894.8,55824.8,55842.4,21980,2177560
1754293500000,55842.4,55868,55752,55824.8,28770,2188970
1754295300000,55824,55900,55790.2,55840,36855,2195445
1754297100000,55835.4,55904.4,55811.8,55825,42105,2205455
1754298900000,55825,55875,55823.4,55838.6,54285,2224110
1754300700000,55838.8,55900.4,55837.2,55895.6,90405,2264745
1754365500000,55879.2,55900,55621.4,55684.6,158165,2318785
1754367300000,55680.4,55724.8,55630,55679.4,105735,2389065
1754369100000,55676.4,55713.8,55594,55633.4,91350,2440340
1754370900000,55633.4,55654.2,55567,55640.2,52430,2471700
1754372700000,55647.6,55675.2,55611,55650,31675,2479400
1754374500000,55650,55723,55612.6,55700.2,31115,2487100
1754376300000,55700,55720.2,55650,55667.6,44625,2493015
1754378100000,55664.4,55666.8,55580,55586.8,44030,2519195
1754379900000,55586.8,55586.8,55410.6,55445.2,150955,2594585
1754381700000,55445.2,55485.2,55390.8,55430,78540,2638405
1754383500000,55430,55520.6,55412.6,55482.4,50295,2660315
1754385300000,55482.4,55575,55449,55562,61670,2661855
1754387100000,55563.4,55572.2,55516.4,55551,62090,2656955
1754451900000,55551,55666.6,55465.2,55590,140245,2632210
1754453700000,55600.4,55695,55430.8,55530,144480,2643375
1754455500000,55528.8,55685,55434.8,55461.6,105035,2655310
1754457300000,55460.4,55491.2,55407.2,55453.8,52360,2680895
1754459100000,55437.8,55490,55418.2,55484.4,27300,2688805
1754460900000,55485,55550,55459.6,55525.2,43505,2694825
1754462700000,55535,55648,55524.8,55589.8,55370,2669240
1754464500000,55589.8,55654,55529,55639.4,37835,2662450
1754466300000,55642.2,55749,55612.6,55701,113820,2643025
1754468100000,55701,55711.8,55595,55617,46795,2647680
1754469900000,55616.2,55669,55506.2,55542.2,64750,2654295
1754471700000,55540.6,55589.4,55521,55569.8,37835,2646035
1754473500000,55556.8,55617,55555,55570,47530,2642185
1754538300000,55490,55503.2,55405.6,55425,112840,2633505
1754540100000,55426.8,55477.4,55352.2,55373.4,83090,2672600
1754541900000,55375.4,55405.2,55268,55294.2,88165,2704555
1754543700000,55300,55330,55269,55294,39970,2729055
1754545500000,55298.2,55360,55295,55307.8,30590,2742915
1754547300000,55307.8,55376,55291.2,55370.4,25760,2751315
1754549100000,55375,55376,55311.4,55335,20895,2757825
1754550900000,55335,55344.6,55290,55309.4,29645,2744735
1754552700000,55309.4,55314.6,55151,55186.2,102375,2764160
1754554500000,55186.2,55330.6,55180,55325,76510,2763180
1754556300000,55323.8,55534.8,55323.8,55512.8,158760,2735915
1754558100000,55514,55780,55480,55735.2,209580,2698500
1754559900000,55736.6,55841.6,55725.8,55811,205065,2645895
1754624700000,55799.8,55799.8,55556,55565.2,123830,2631055
1754626500000,55565,55584,55411.4,55450,124005,2664375
1754628300000,55441.4,55526.6,55400,55421.2,76580,2691815
1754630100000,55421,55437,55350,55401.6,101885,2721880
1754631900000,55416.2,55423.2,55300,55327,62860,2749110
1754633700000,55322,55371.6,55274,55323,51800,2771265
1754635500000,55316.6,55417,55298.6,55391.6,41895,2791950
1754637300000,55382,55474,55303.4,55317,75215,2825095
1754639100000,55327.2,55390.8,55250,55380,68950,2844940
1754640900000,55378,55379.8,55265,55311.8,28245,2858065
1754642700000,55311.2,55375,55267.4,55355.4,43750,2871050
1754644500000,55349,55367.2,55105,55150.2,107240,2899260
1754646300000,55159.6,55197.6,55070,55071,111755,2918300
1754883900000,55150.2,55388,55079.8,55308.2,158270,2908955
1754885700000,55308.2,55370,55189,55366.6,71680,2907310
1754887500000,55371.8,55470,55353,55430.6,104615,2897755
1754889300000,55430,55450,55354,55385,58555,2886380
1754891100000,55385,55455,55333,55344.6,46375,2889950
1754892900000,55335,55359.2,55279.6,55321,35770,2897475
1754894700000,55320.4,55385.2,55303.2,55385.2,19390,2901045
1754896500000,55383.8,55463.2,55361.4,55393.8,49455,2904965
1754898300000,55394.6,55480,55360,55465,43855,2904020
1754900100000,55465,55537,55422.6,55522,133350,2874130
1754901900000,55523,55590,55483.4,55510,104545,2866535
1754903700000,55501.6,55589,55498.2,55552.8,57715,2859955
1754905500000,55553,55565,55499.2,55519,65520,2846025
1754970300000,55500,55590,55400,55585,150395,2809030
1754972100000,55587,55698,55571.8,55587,85890,2807315
1754973900000,55593,55619,55371.2,55445,103810,2813790
1754975700000,55442,55472.4,55374,55383,71295,2821175
1754977500000,55383,55470,55371,55410.6,37590,2825410
1754979300000,55410.6,55475.6,55382.6,55475.2,22470,2831815
1754981100000,55461,55582,55453.6,55558.4,78015,2833635
1754982900000,55558.6,55572,55497.2,55500,35175,2824535
1754984700000,55495,55495,55381.6,55403.4,43505,2832900
1754986500000,55403.4,55475,55349.2,55349.2,45675,2848370
1754988300000,55347,55383,55289,55313.6,109515,2854285
1754990100000,55313.8,55345.6,55255.4,55288.8,86450,2890020
1754991900000,55300,55330,55260,55260.2,54460,2892365
1755056700000,55450.2,55490.4,55360,55422,135170,2883930
1755058500000,55430,55470,55371.4,55374,63560,2900310
1755060300000,55376,55398,55301,55310,66815,2916585
1755062100000,55310,55414,55285.8,55379,61285,2935800
1755063900000,55372.6,55413.6,55300,55308,31815,2944725
1755065700000,55310.2,55356.6,55270,55349,36225,2960755
1755067500000,55343.8,55424,55321.6,55424,42910,2963030
1755069300000,55425,55464,55400,55405,58555,2950675
1755071100000,55423.2,55429.2,55350,55400,23835,2954875
1755072900000,55410,55489,55399,55468.6,50575,2949450
1755074700000,55473,55479,55411.4,55459.6,30240,2953615
1755076500000,55459.6,55475,55416,55416,30905,2953090
1755078300000,55413.6,55446,55413.6,55422.2,30975,2950360
1755143100000,55417.8,55560,55353,55556,135695,2924600
1755144900000,55557.8,55588,55499,55521.2,69965,2922220
1755146700000,55530,55624,55513,55544.2,59780,2911545
1755148500000,55544.2,55558.2,55460,55467.8,26880,2911370
1755150300000,55466.8,55520,55420.6,55449,32725,2918965
1755152100000,55458.6,55508.8,55413.2,55492,31045,2927750
1755153900000,55492,55549,55492,55524,21350,2924355
1755155700000,55524,55593,55502,55559.6,54705,2904755
1755157500000,55559.6,55578,55475,55524.6,24185,2900625
1755159300000,55510.8,55529.8,55481.4,55500,11130,2899505
1755161100000,55500,55541.8,55431,55495.6,64365,2906785
1755162900000,55495.6,55580.8,55495.6,55518,95445,2874970
1755164700000,55506.8,55519,55455.4,55479,55055,2866465
1755488700000,56000,56225,55950,56200,488950,2793910
1755490500000,56200,56245,56116.6,56118,166705,2777355
1755492300000,56126,56198,56110.4,56150.2,89985,2760240
1755494100000,56156,56156,56017.4,56046,68075,2753240
1755495900000,56045,56120,56033.4,56069.6,42210,2744560
1755497700000,56069.6,56080.8,55806,55806,106260,2736125
1755499500000,55806,55849.6,55720,55835,160580,2750895
1755501300000,55835,55906,55825,55891,41475,2753100
1755503100000,55891,55900,55822,55857.8,36995,2753485
1755504900000,55857.8,55876,55801,55860,25585,2748480
1755506700000,55853,55920,55850.4,55875.8,22995,2742985
1755508500000,55875.6,55914.6,55831,55849.6,46445,2721110
1755510300000,55850,55880,55845.2,55870,63245,2700775
1755575100000,55789.8,55913.8,55760.8,55789.6,162575,2698080
1755576900000,55789.6,55853.8,55748.8,55825.2,47390,2694195
1755578700000,55825.2,55868,55800,55855,25620,2688140
1755580500000,55855,55917.6,55840,55905,41615,2683520
1755582300000,55902,55961.8,55888,55931,76545,2648205
1755584100000,55931,56008.4,55930.2,56008,43890,2641170
1755585900000,56008,56047,55978,55991.6,72555,2628640
1755587700000,55991.6,56020,55953.2,56005,22190,2624405
1755589500000,56005.6,56029,55925,55960.6,24185,2613695
1755591300000,55960.6,55965.8,55883.4,55905.8,32095,2613170
1755593100000,55907.2,56008.2,55900,55972.2,27195,2609915
1755594900000,55967,55989,55938.6,55965.2,27475,2597770
1755596700000,55974.8,55985,55941,55960,40915,2587515
1755661500000,55735,55904.8,55735,55820,128660,2585730
1755663300000,55820,55830,55701.6,55813,76580,2593605
1755665100000,55819,55830,55765.8,55802.6,35875,2597700
1755666900000,55802.6,55819,55725.2,55814.6,40075,2611280
1755668700000,55814.6,55817,55753.6,55771,13405,2615445
1755670500000,55771,55816,55753,55802,19180,2624580
1755672300000,55802,55849,55792.2,55806.2,28910,2625385
1755674100000,55806.2,55868,55800,55834.6,26040,2622410
1755675900000,55825,55849.2,55780.6,55811,20650,2627835
1755677700000,55810,55894,55810,55869.8,38500,2623845
1755679500000,55872.8,55881,55796,55835.2,32270,2625455
1755681300000,55835,55850,55803,55811.2,41230,2631440
1755683100000,55814.6,55830,55800,55803.6,46515,2626435
1755747900000,55921.2,55954.8,55843,55878.6,93100,2621430
1755749700000,55873,56094.8,55861.6,56044.2,161210,2606380
1755751500000,56049.8,56085,56030,56061.8,48930,2604700
1755753300000,56053.4,56070,56020,56038,25795,2605645
1755755100000,56038.2,56074,55978.4,56009,55615,2601970
1755756900000,56009,56010.2,55942.2,55946,30415,2622200
1755758700000,55945,55972.2,55905.6,55960,42945,2629865
1755760500000,55960,55984.8,55945.6,55970,9485,2633750
1755762300000,55970,55972.4,55853,55895.2,52815,2639595
1755764100000,55900,55986,55892.8,55986,20440,2641765
1755765900000,55988,56014.8,55950,55960,32935,2627205
1755767700000,55965,55975,55893.8,55896.2,28140,2626575
1755769500000,55898.8,55918.8,55830.6,55841.6,49770,2619505
1755834300000,55799.6,55821.6,55556.6,55600.6,256620,2661225
1755836100000,55600,55625,55412,55470.2,145215,2696050
1755837900000,55472,55472,55370,55399.4,107100,2747080
1755839700000,55399.4,55460.6,55383,55430,40425,2751210
1755841500000,55430,55470,55366,55463,65625,2739065
1755843300000,55462,55485.2,55420.4,55420.4,35665,2722475
1755845100000,55420.4,55448.2,55388.6,55437.6,29190,2720795
1755846900000,55437.2,55445,55403.4,55416.2,13195,2713690
1755848700000,55416.2,55465.2,55405.4,55445.2,21280,2709210
1755850500000,55445.2,55465,55388,55390.2,30730,2702980
1755852300000,55390.8,55390.8,55225,55290,176470,2691535
1755854100000,55297.8,55340,55265,55292.6,85995,2716105
1755855900000,55295,55299,55239.4,55260,95585,2710330
1756093500000,55368.8,55418,55202.4,55373.2,148295,2681700
1756095300000,55384,55385,55168.2,55186.2,100660,2659510
1756097100000,55186.8,55279.4,55170.4,55213.6,58555,2652755
1756098900000,55213.6,55296.2,55206,55240,29785,2652335
1756100700000,55240,55277.2,55231.6,55274,31150,2642990
1756102500000,55277.2,55325,55263,55314.4,34055,2634450
1756104300000,55317.8,55344.4,55295,55332.2,34370,2621185
1756106100000,55332.2,55350,55305.2,55344.4,21315,2598225
1756107900000,55344.4,55345.2,55272.4,55310.2,19985,2587305
1756109700000,55310.2,55335,55282.2,55303.6,37590,2578765
1756111500000,55306,55330.4,55216.6,55240,69440,2566060
1756113300000,55230.8,55334.6,55226.2,55247.8,62090,2556575
1756115100000,55256.4,55267.2,55235,55235.2,41685,2547440
1756179900000,55149.8,55149.8,54552.2,54598.4,310135,2320675
1756181700000,54598.4,54689.8,54590.2,54655,121870,2310910
1756183500000,54641.2,54685.4,54617.6,54653.4,133070,2270590
1756185300000,54653.4,54708,54601.2,54689.8,115325,2256205
1756187100000,54691,54799,54678,54709.2,108710,2206715
1756188900000,54707.8,54750,54670,54684.8,70875,2185575
1756190700000,54685,54719.6,54635,54650,82530,2167795
1756192500000,54650.2,54698,54635.6,54685.2,59605,2152220
1756194300000,54690,54704.8,54668,54690.6,74865,2121245
1756196100000,54691.8,54692,54555,54568.6,89320,2080050
1756197900000,54560.4,54606,54525,54575.2,106470,2067485
1756199700000,54582,54582,54500,54505.2,94430,2022475
1756201500000,54507,54542.2,54455.2,54470,147210,1938580
1756352700000,54398.6,54424.2,53948.8,54083.8,464485,1485645
1756354500000,54077.6,54247.6,54026.6,54090.2,194985,1448930
1756356300000,54098.4,54284,54056.2,54210.8,103180,1384180
1756358100000,54210.8,54390,54206.2,54290,97195,1340045
1756359900000,54282,54375,54271.6,54338,82390,1249605
1756361700000,54337.4,54344.6,54169.2,54237.8,110075,1189475
1756363500000,54244.8,54250,54118.6,54125,76020,1152725
1756365300000,54123.6,54170,54000,54030.6,98595,1115835
1756367100000,54037,54080,53975.2,54013.2,129885,1094590
1756368900000,54013.2,54075,53938.8,54051.2,113015,1055845
1756370700000,54047.6,54071,53875,53919,191310,1037680
1756372500000,53919,53923,53779,53815.8,199500,886585
1756374300000,53817,53836,53803.8,53817.2,135835,783895
1756439100000,54284,54414.6,54156.6,54349,185710,2806160
1756440900000,54349,54360,54253.8,54270.2,60200,2814105
1756442700000,54270.2,54479,54270,54470,96565,2814455
1756444500000,54465,54476.8,54366.8,54401.6,51170,2818865
1756446300000,54402.2,54441,54361.6,54419.8,31920,2815715
1756448100000,54419.8,54443,54320,54370,52395,2822190
1756449900000,54370.2,54380,54297,54320.2,34125,2826950
1756451700000,54320,54330,54200,54201,52745,2833565
1756453500000,54200,54270,54200,54212,31815,2842455
1756455300000,54212,54239,54100,54175,58485,2857645
1756457100000,54184.6,54238,54081,54098.8,47670,2860235
1756458900000,54095.4,54145,54005.2,54008,76055,2884035
1756460700000,54009,54110,54009,54100,66045,2893205
1756698300000,54158,54367.2,54116.6,54338,198485,2851695
1756700100000,54338,54362,54230.4,54257.4,56560,2855055
1756701900000,54254,54293.4,54166,54218,68320,2866780
1756703700000,54210,54268.4,54200,54228,40985,2872555
1756705500000,54228,54256,54190,54197.4,20055,2881655
1756707300000,54210,54210,54116.4,54191,46970,2892680
1756709100000,54191,54275,54167.6,54255,44205,2891070
1756710900000,54255,54310,54245,54299.2,40075,2883125
1756712700000,54300,54333,54269.2,54297.6,38955,2875075
1756714500000,54295.8,54329,54250.2,54316,41860,2874445
1756716300000,54316,54322.8,54244.2,54295,23660,2882355
1756718100000,54295,54385,54278.6,54367.8,62825,2881760
1756719900000,54367.8,54380,54360,54373.6,43505,2872905
1756784700000,54399.8,54446.8,54260,54400.4,138110,2829015
1756786500000,54404.4,54500,54387.2,54427,117670,2834265
1756788300000,54427,54440,54374.6,54440,61320,2829225
1756790100000,54440,54458.4,54400.8,54407.8,37660,2831850
1756791900000,54408.8,54428.2,54361.4,54410.8,34370,2836120
1756793700000,54410.8,54414,54354.2,54369,20195,2837905
1756795500000,54369,54442,54340,54415.6,36400,2843575
1756797300000,54412,54420,54330,54345,26600,2839760
1756799100000,54345.6,54345.6,54170,54171,91245,2853725
1756800900000,54170,54209,53950,54039.8,182140,2930935
1756802700000,54017.6,54104,54014,54087.8,58065,2949240
1756804500000,54090,54120,54025,54046,69090,2968280
1756806300000,54050.2,54077.4,54011,54011,50050,2974510
1756871100000,54011.4,54114.2,53915,54005.2,197190,2956100
1756872900000,54005.2,54208.6,54005,54186,103670,2944165
1756874700000,54195,54198,54032,54040,57820,2937620
1756876500000,54040,54095.2,54011.6,54071.8,34685,2945670
1756878300000,54061,54089,54022.6,54063.8,26845,2958935
1756880100000,54063.8,54133,54017.2,54124.2,30450,2965760
1756881900000,54124,54175,54110,54110,40425,2960965
1756883700000,54108,54128.2,54002,54042.4,41545,2972970
1756885500000,54042.4,54099,54028.8,54099,19425,2975175
1756887300000,54100,54221,54099,54185,66080,2968175
1756889100000,54189.4,54286.8,54171.6,54229.4,72800,2944305
1756890900000,54238,54428.4,54230,54391,161175,2901255
1756892700000,54391,54404.8,54356,54391,77560,2890965
1756957500000,54526.2,54670,54444,54545,298550,2861775
1756959300000,54540,54654,54452.6,54460,118370,2862860
1756961100000,54452.6,54530.4,54375,54420.2,101185,2874760
1756962900000,54420.2,54485,54419,54419.2,62930,2879030
1756964700000,54410.4,54480.8,54393.6,54419.8,37730,2878575
1756966500000,54419.8,54480,54380,54409.8,23415,2872870
1756968300000,54409.8,54467,54342.2,54467,53725,2876615
1756970100000,54467,54499,54421,54442.2,29645,2874480
1756971900000,54457.8,54495,54422,54427,26670,2876405
1756973700000,54422,54443,54361,54370,30590,2876475
1756975500000,54367,54373.8,54211.8,54325.2,107275,2890615
1756977300000,54323,54372.2,54241.4,54268.8,85330,2885505
1756979100000,54269.2,54330,54262.2,54324.6,69090,2882985
1757043900000,54366.2,54475.6,54305.4,54307.6,112035,2864295
1757045700000,54317.2,54383.2,54148.2,54155.6,115500,2870035
1757047500000,54150,54194,53977.6,54140,166985,2892190
1757049300000,54140,54181,54090,54165,38010,2906470
1757051100000,54166.8,54194.8,54098.4,54111.4,31710,2899015
1757052900000,54110,54131,54076,54081,24430,2903355
1757054700000,54076,54091.8,53983.8,54031.2,42070,2911335
1757056500000,54031.2,54100,54012.2,54097.4,36470,2926350
1757058300000,54095,54240,54090,54221,68495,2922955
1757060100000,54225,54434.8,54225,54320,164850,2893940
1757061900000,54330.6,54420,54305,54314.6,44940,2887080
1757063700000,54321.6,54416.4,54315.2,54350,57715,2867410
1757065500000,54355,54388.4,54340,54347.6,76125,2854845
1757303100000,54444,54549,54335.2,54524.6,155120,2812775
1757304900000,54525,54530,54406,54421,47810,2807665
1757306700000,54420,54462.6,54359.4,54420,44660,2812495
1757308500000,54420,54495,54367.8,54495,26040,2814840
1757310300000,54491.6,54567,54472.2,54560,56945,2806895
1757312100000,54566.2,54575,54495.8,54544.6,45080,2808295
1757313900000,54555,54600,54505.8,54585,41685,2804760
1757315700000,54585.8,54625,54575,54616,43225,2790935
1757317500000,54618.6,54620,54540,54563.6,37905,2784285
1757319300000,54555.2,54575,54491.2,54555,27440,2783130
1757321100000,54555,54786.6,54555,54745,212660,2774870
1757322900000,54752.2,54752.2,54460.4,54506,133245,2767940
1757324700000,54502,54525,54475,54502,54355,2777845
1757389500000,54555,54700,54425,54500,102235,2769095
1757391300000,54502,54520,54416.4,54437,36995,2780190
1757393100000,54437,54465,54390,54439.8,44975,2791880
1757394900000,54439.8,54480,54405.2,54465.4,25060,2801925
1757396700000,54461.2,54475.8,54415,54458.6,18970,2807315
1757398500000,54458.6,54458.6,54332.6,54389,74445,2826705
1757400300000,54390,54444.6,54370.4,54419.8,29505,2831780
1757402100000,54419.8,54441,54375,54421.4,16135,2830065
1757403900000,54421.4,54464.4,54415,54427,21245,2832970
1757405700000,54441.8,54475,54410.2,54475,24850,2836680
1757407500000,54474,54510,54420.6,54441.2,51485,2825410
1757409300000,54441.2,54489,54432.6,54460,28315,2818410
1757411100000,54460.2,54482.4,54450,54479,54460,2804060
1757475900000,54730,54802,54570.6,54730,191205,2759820
1757477700000,54730,54738.4,54670,54713.2,84665,2750335
1757479500000,54713.2,54948,54712.8,54825.6,253925,2757020
1757481300000,54830,54898.4,54811,54865.4,43435,2758735
1757483100000,54865.4,54880,54785,54825,35560,2754360
1757484900000,54821.4,54849,54787,54833,33320,2718520
1757486700000,54833,54859.4,54810.2,54822.8,20895,2715265
1757488500000,54822.8,54843.8,54730.4,54735.2,31185,2709315
1757490300000,54746.8,54800,54710,54799,54635,2705080
1757492100000,54804.6,54845,54778,54802,33635,2705255
1757493900000,54802,54802.2,54719.8,54720.4,45500,2713515
1757495700000,54725,54803,54725,54797.6,42630,2719430
1757497500000,54797.6,54810.8,54771.8,54795,71330,2717645
1757562300000,54723,54870.8,54664.8,54825,125895,2674420
1757564100000,54820.2,54854.2,54736,54758.8,46725,2681105
1757565900000,54759.2,54819.4,54758,54811.8,25795,2684080
1757567700000,54800,54847.2,54780.6,54838,32760,2686320
1757569500000,54838,54851,54773.6,54786.2,30765,2679810
1757571300000,54786.2,54867.2,54783.6,54859.2,21875,2681420
1757573100000,54865.4,54928,54863.8,54876.6,91560,2676660
1757574900000,54884.4,54920,54874,54890,30555,2673860
1757576700000,54890,54922.4,54865,54915.8,31115,2669100
1757578500000,54915,54935,54884,54930,32900,2639735
1757580300000,54930,54941.6,54827,54885,57750,2634030
1757582100000,54876.4,54911.6,54862.2,54873,36050,2626610
1757583900000,54875.6,54894.6,54850.8,54879.6,42280,2613170
1757648700000,54949.8,54970,54817.6,54888,101990,2584785
1757650500000,54887.8,54964.8,54875.2,54931,51905,2588635
1757652300000,54921.2,54963.4,54888,54945,28630,2584855
1757654100000,54945,54977,54924.2,54951,37835,2580375
1757655900000,54963.8,55071,54952.8,55013,83790,2568055
1757657700000,55010,55019.8,54968.2,55000.4,30310,2555350
1757659500000,55013.8,55040,54992,55010,25375,2550625
1757661300000,55011.4,55030.6,54974.8,55021.2,22540,2540965
1757663100000,55025,55040,55000,55000,20825,2531725
1757664900000,55000,55047.8,54971,55020,24815,2523850
1757666700000,55020,55036,54992,55026.4,21560,2518600
1757668500000,55026.4,55030,55000,55010,32935,2498335
1757670300000,55007.8,55020,55000,55008,64435,2490180
1757907900000,55070,55134.2,55021.2,55090,106330,2481290
1757909700000,55090,55133.4,55052.6,55097,37625,2481640
1757911500000,55103.2,55150,55072,55118,50540,2494100
1757913300000,55121.8,55140.8,55084.8,55119,17605,2499630
1757915100000,55120,55150,55091.6,55129,24885,2507225
1757916900000,55119.2,55193.6,55119.2,55174,62580,2513910
1757918700000,55174,55180,55145,55161,15365,2513875
1757920500000,55154.2,55169.8,55124.4,55150,13650,2511775
1757922300000,55150,55167.4,55068.8,55109.8,24990,2504740
1757924100000,55096.2,55122.2,55080,55111.8,19950,2505860
1757925900000,55111.8,55168,55085,55145.6,30135,2497985
1757927700000,55145.6,55155.8,55109.6,55115,20755,2498370
1757929500000,55115,55127.8,55100.8,55103.4,44975,2489025
1757994300000,55073.4,55175,55055,55174.6,119770,2456860
1757996100000,55175,55300,55166.2,55260.8,126070,2484090
1757997900000,55264.2,55292.8,55226,55262.8,39340,2478945
1757999700000,55268.4,55285,55220.8,55285,29155,2471455
1758001500000,55285,55345,55254,55330.4,46515,2462950
1758003300000,55323.4,55346,55276.6,55305.8,34335,2455810
1758005100000,55305.6,55348,55290.2,55317.2,34020,2450420
1758006900000,55317.2,55345,55240,55279,40075,2440725
1758008700000,55275.2,55293,55235,55289,28840,2418675
1758010500000,55289,55309.4,55231,55276.4,28105,2411430
1758012300000,55270,55330,55270,55318.4,42490,2403625
1758014100000,55317.6,55340,55300,55335.6,69580,2391200
1758015900000,55330.6,55359.8,55320,55350,76300,2370690
1758080700000,55370.2,55552,55360,55516.2,197575,2359805
1758082500000,55527.4,55528.4,55470.2,55470.2,59780,2383325
1758084300000,55470,55579.4,55421,55504.6,106505,2352000
1758086100000,55514.8,55585.6,55500,55565,42980,2345140
1758087900000,55565,55574.4,55524,55530.2,15050,2345910
1758089700000,55530.2,55565,55525.4,55558,19495,2346855
1758091500000,55556.6,55630,55550,55585.4,76300,2347450
1758093300000,55584,55625,55566,55611.8,32970,2351895
1758095100000,55612.4,55650,55604.8,55636,66395,2341710
1758096900000,55635.6,55649,55565.2,55590,58100,2300130
1758098700000,55590,55640.4,55580,55634,52255,2295650
1758100500000,55635.6,55744.4,55627,55700,140595,2266075
1758102300000,55692.4,55715,55666.8,55702,103845,2210565
1758167100000,55900,55900,55771.2,55875,221655,2146165
1758168900000,55878,55987,55866.8,55936.6,111580,2118025
1758170700000,55930,55980,55915,55960,41160,2104095
1758172500000,55960,55994,55950,55956,35385,2104655
1758174300000,55956,55976,55932.2,55945.2,52745,2106860
1758176100000,55945.2,55947.8,55888,55941.6,49315,2097655
1758177900000,55941.6,55944,55835.4,55873.2,41685,2085545
1758179700000,55860,55887.4,55652.6,55738.4,141470,2079770
1758181500000,55725.2,55820,55700,55817,81725,2085265
1758183300000,55816.6,55843.6,55725.2,55770,33145,2088240
1758185100000,55770,55784.2,55723.2,55749,38220,2063775
1758186900000,55749,55900,55749,55875.4,123375,2070495
1758188700000,55875.2,55907.4,55873.2,55875,80080,2094400
1758253500000,55848.6,55857.4,55669.6,55724.8,138005,2051175
1758255300000,55724.8,55745,55620,55690,72695,2050230
1758257100000,55684.2,55749,55607,55638,85820,2059575
1758258900000,55633.8,55652,55565,55580,112070,2018660
1758260700000,55580,55626.8,55556,55575.4,75740,2007180
1758262500000,55575.4,55629.8,55550,55618,28105,2007530
1758264300000,55619.8,55619.8,55570,55596.4,17745,2010995
1758266100000,55584,55650,55570,55650,27125,2013865
1758267900000,55650,55687.8,55635,55672,41860,2014495
1758269700000,55672,55706.6,55639.4,55685.4,31465,2015650
1758271500000,55685.4,55694,55581.2,55630,40530,2010015
1758273300000,55637,55661.4,55615.8,55650,35245,2006970
1758275100000,55650,55680,55640,55655,68915,1997205
1758512700000,55594.8,55773.6,55521.8,55751.6,159390,1990310
1758514500000,55753.8,55795.8,55711.2,55769.4,42175,1992725
1758516300000,55763,55841.6,55745.6,55810.2,61180,2002420
1758518100000,55815.2,55818.6,55738.8,55755,27090,2001265
1758519900000,55755,55760,55680,55729,42105,1992515
1758521700000,55729,55774,55725,55736.2,16590,1989680
1758523500000,55736.2,55771,55725.2,55771,10535,1989435
1758525300000,55771,55790,55750,55769,14630,1990310
1758527100000,55780,55780,55714.8,55736.2,14175,1989155
1758528900000,55738,55745,55660,55702.4,69755,1965075
1758530700000,55699.6,55699.6,55430.8,55446.8,179830,1917125
1758532500000,55446.8,55525,55427.6,55478.8,95935,1899625
1758534300000,55478.8,55494,55454.2,55460,47495,1901270
1758599100000,55460.2,55529.4,55355.4,55383,96635,1894410
1758600900000,55371.2,55514,55355.4,55484.2,49525,1890210
1758602700000,55484.2,55492.4,55382,55447,34510,1890035
1758604500000,55447,55475,55374.6,55377.6,22645,1892380
1758606300000,55376.4,55437,55357.4,55434.8,31325,1887515
1758608100000,55431.6,55487,55416.8,55481,14770,1890280
1758609900000,55481,55739,55470,55642.4,157430,1909880
1758611700000,55650,55715,55648,55681.6,61670,1916495
1758613500000,55688.2,55794.4,55681.4,55762.2,110215,1944040
1758615300000,55765,55823,55719.8,55730,92435,1960315
1758617100000,55715,55775.6,55651.2,55753,69720,1971690
1758618900000,55753,55755,55692.2,55736.6,44240,1970360
1758620700000,55718.2,55749,55712,55747.8,51555,1957655
1758685500000,55698.2,55698.2,55375,55414.8,226625,1893430
1758687300000,55414.2,55494,55382,55451.2,103810,1886430
1758689100000,55451,55480,55310,55332.2,107275,1876140
1758690900000,55329.6,55350,55165.2,55240.8,199115,1876770
1758692700000,55236.8,55293.6,55227,55260.6,57015,1869000
1758694500000,55258.6,55299,55215,55296.8,40215,1861965
1758696300000,55297.8,55347.4,55275,55287,37765,1851255
1758698100000,55287,55375,55259,55375,50190,1853915
1758699900000,55375,55441.2,55363.2,55364.4,56350,1851570
1758701700000,55361,55382.6,55280,55280,41615,1852200
1758703500000,55280,55320,55228.2,55269,57190,1870085
1758705300000,55269,55279.6,55191.2,55268,59220,1874355
1758707100000,55265,55278,55240.8,55252,46410,1860915
1758771900000,55181,55375,55070,55281,141015,1642445
1758773700000,55272,55365,55215,55314,54775,1639050
1758775500000,55315.8,55336.6,55238.4,55262,36190,1638455
1758777300000,55250,55310,55238.4,55307,40600,1640730
1758779100000,55310,55348.4,55240.8,55258.8,42700,1645910
1758780900000,55261,55270,55175,55208,48300,1652385
1758782700000,55208,55280,55200,55230.4,29750,1661940
1758784500000,55234.4,55439,55232.8,55374.6,78680,1660190
1758786300000,55389,55423.8,55341.2,55403,57715,1670725
1758788100000,55410,55426.4,55321.4,55360,44730,1676780
1758789900000,55360,55375,55270,55283,67025,1688505
1758791700000,55288,55300,55101.6,55130,170450,1705830
1758793500000,55133.2,55165,55086,55103,92400,1691690
1758858300000,54949.2,55046,54700,54793.6,182945,1596105
1758860100000,54793.6,54850,54744.8,54777,74795,1590120
1758861900000,54777,54830.4,54750.4,54820.4,75670,1572900
1758863700000,54821.2,54823,54666,54700,118090,1588895
1758865500000,54700,54726.6,54655,54695,74620,1611400
1758867300000,54695,54717.2,54670.2,54686,41930,1615530
1758869100000,54690.8,54723,54652.2,54697.8,34125,1626660
1758870900000,54694.6,54738,54676,54679.8,42490,1631280
1758872700000,54679.4,54688.6,54530.2,54544,113330,1631455
1758874500000,54544,54554.8,54404.6,54450,128415,1617490
1758876300000,54450,54520,54417,54505.2,49385,1607130
1758878100000,54505.2,54518.4,54440,54480,65625,1598170
1758879900000,54480,54495,54442.2,54479,77385,1590120
1759117500000,54545.6,54700,54486.2,54682,163940,1425445
1759119300000,54682,54720.4,54654.2,54677.6,73465,1403045
1759121100000,54694,54822,54673.4,54728,92540,1381170
1759122900000,54728,54765.6,54603,54608.6,65940,1352785
1759124700000,54621.4,54634.8,54466,54500,133490,1308020
1759126500000,54500,54521.4,54336,54350,107275,1309490
1759128300000,54350,54437.6,54325.8,54325.8,57960,1300495
1759130100000,54328.4,54580,54301.2,54575,71890,1307250
1759131900000,54566,54669.4,54518,54605.6,147245,1247085
1759133700000,54607.6,54730,54600.2,54672.6,100345,1242325
1759135500000,54681.4,54709.2,54541.6,54550,52500,1233085
1759137300000,54557.8,54585.2,54463.8,54559.6,204890,1198260
1759139100000,54561.2,54631,54523.8,54610,79730,1200115
1759203900000,54700,54825,54618,54699.8,141855,820155
1759205700000,54685.4,54719.8,54577,54599,91875,813330
1759207500000,54590.4,54676.8,54520.2,54565.8,65170,804265
1759209300000,54565.8,54700,54540.2,54673,69230,798875
1759211100000,54674,54700,54564.8,54635.4,45885,788305
1759212900000,54649.6,54699,54601,54678.4,41790,774095
1759214700000,54678.4,54765,54674,54716.8,65345,756945
1759216500000,54720,54759.2,54681.2,54721,41755,740740
1759218300000,54721,54749.8,54623,54653.4,51835,730555
1759220100000,54648.4,54698.8,54558.2,54610,71855,715995
1759221900000,54600,54732.4,54538.2,54700,88095,698600
1759223700000,54706,54739.4,54600.4,54641,98735,645645
1759225500000,54637.2,54650,54630,54634,68670,591255
1759290300000,55099.8,55200,54940,55182.4,145740,1882685
1759292100000,55167.2,55245,55035.4,55230.2,240100,1908550
1759293900000,55227.2,55310.8,55161.2,55265.4,189210,1945370
1759295700000,55266.4,55363,55222,55350,100590,1942605
1759297500000,55350,55527.4,55350,55527.4,186585,1958180
1759299300000,55527,55649,55508.8,55574,134225,1941905
1759301100000,55576.2,55598,55480,55530,81585,1951390
1759302900000,55530,55543.4,55460,55536.4,48160,1937355
1759304700000,55546.2,55648.8,55508.8,55623,77105,1946700
1759306500000,55617,55679.8,55565.2,55639.2,92435,1942815
1759308300000,55640.4,55675,55600,55655.4,70455,1927555
1759310100000,55650,55672.4,55587.2,55625,72800,1925735
1759311900000,55627.8,55709,55620,55662,114975,1924860
1759463100000,55620.6,55741,55590,55688.4,161175,1911735
1759464900000,55688.2,55850,55648,55781,108395,1947435
1759466700000,55786.6,55788.6,55671,55690,42490,1957795
1759468500000,55689,55765,55657,55765,27125,1960945
1759470300000,55763.4,55800,55731.2,55738.6,30905,1958775
1759472100000,55742,55849,55731.8,55808,32795,1961435
1759473900000,55815.8,55829.4,55760,55820,20685,1960455
1759475700000,55805.8,55840,55775.2,55826.8,24745,1957725
1759477500000,55826.8,55834.6,55760,55810,21035,1957865
1759479300000,55810,55820,55780,55792.6,18200,1959895
1759481100000,55792.6,55875,55780,55874.6,42245,1958600
1759482900000,55872.4,55890,55838.8,55850.6,63700,1965775
1759484700000,55859,55860,55824,55856,56210,1946490
1759722300000,55951.2,56133.4,55916.2,56113,231245,1901760
1759724100000,56113,56174,56080.8,56170,70070,1900535
1759725900000,56174,56200,56135.2,56189.8,67235,1896370
1759727700000,56189.8,56243.8,56166,56236.4,44310,1895355
1759729500000,56236.4,56253.2,56192.2,56231.8,47530,1899660
1759731300000,56231.8,56285,56190,56285,49840,1900535
1759733100000,56285,56299,56262.4,56295,46585,1907570
1759734900000,56290.4,56362.6,56289.8,56350.8,70245,1911350
1759736700000,56356,56375.8,56305.8,56330.4,33040,1909390
1759738500000,56327,56327,56252.4,56277.6,43400,1900745
1759740300000,56271,56321.4,56270,56287.8,19600,1900640
1759742100000,56290,56331.6,56266,56310.2,43435,1905050
1759743900000,56318.8,56318.8,56277.2,56300,74970,1892170
1759808700000,56300,56490.6,56230,56475,185290,1888215
1759810500000,56473.8,56550,56473.6,56499.8,94500,1878835
1759812300000,56500,56551.8,56471.6,56525.4,63315,1861790
1759814100000,56530,56530.2,56478.2,56479.4,38430,1862175
1759815900000,56479.4,56511.8,56370,56450.2,82215,1838970
1759817700000,56450.2,56600,56440,56571.8,64225,1847265
1759819500000,56571,56599.2,56544.6,56572,37450,1852130
1759821300000,56576.6,56607.6,56538,56588.4,40635,1854300
1759823100000,56588.4,56650,56555,56650,50260,1854195
1759824900000,56651.2,56682,56598.8,56619.4,53900,1849995
1759826700000,56619.4,56640,56510,56534,57435,1829030
1759828500000,56534,56579.8,56453.6,56458.8,72765,1818250
1759830300000,56456,56472.6,56425,56472.6,63490,1798580
1759895100000,56460.2,56514.6,56362.2,56435.2,99540,1756335
1759896900000,56431,56437.6,56280,56319.6,103320,1748950
1759898700000,56319.6,56346,56281,56308.6,63805,1737925
1759900500000,56296.6,56304.6,56081,56081,135905,1716085
1759902300000,56085,56158.4,56043,56107.4,100100,1714020
1759904100000,56107.4,56196.6,56098,56147.8,37415,1715000
1759905900000,56154.8,56170,56082,56170,37485,1725815
1759907700000,56170,56380,56170,56344.4,101850,1742510
1759909500000,56339.8,56435,56287.8,56404.6,81060,1770650
1759911300000,56405,56440.2,56285,56319.8,61775,1786260
1759913100000,56320,56325,56250,56276,34405,1781535
1759914900000,56280,56302,56200,56205,66570,1759205
1759916700000,56205,56230,56190,56207,67970,1739010
1759981500000,56205,56330.4,56138,56187.6,104405,1674435
1759983300000,56190,56220,56106,56168,68075,1681820
1759985100000,56160.2,56299,56154.6,56280,41510,1683325
1759986900000,56283.2,56409.8,56221.6,56404.4,80675,1676220
1759988700000,56404.4,56485.8,56374.6,56448,87605,1689240
1759990500000,56448,56499,56385,56395.2,55265,1695085
1759992300000,56395.2,56446.4,56329.2,56340,47495,1678145
1759994100000,56341.4,56380,56316,56349.8,21385,1678320
1759995900000,56349.8,56448,56347.4,56428.2,23100,1676885
1759997700000,56428.2,56495,56401.6,56422.6,52115,1692635
1759999500000,56428,56440,56340.2,56400.2,37695,1698235
1760001300000,56389.8,56447.6,56355,56400,43995,1699950
1760003100000,56395,56424,56375,56397.6,42595,1691165
1760067900000,56397.8,56699,56389.4,56696,164850,1719795
1760069700000,56699,56770,56696,56758,122185,1747095
1760071500000,56759,56899,56755,56826,136360,1786015
1760073300000,56830,56910,56814,56890,66885,1788990
1760075100000,56890,56908.6,56842,56876,36295,1782620
1760076900000,56876,56891.2,56850,56873,23380,1781325
1760078700000,56872.8,56912.2,56862.6,56912.2,21315,1780870
1760080500000,56912.2,56985,56911,56948,76370,1802570
1760082300000,56948,57009,56934.4,56975,59570,1818740
1760084100000,56990.2,56990.2,56910,56925,33285,1821015
1760085900000,56925,56970,56915.2,56939.8,15330,1807890
1760087700000,56939.8,56956.6,56810,56858.8,140070,1783145
1760089500000,56859,56918,56840,56897.2,52430,1776565
1760327100000,56578,56782,56575,56714.2,187215,1775340
1760328900000,56712.6,56762.4,56673.2,56719.6,65205,1789095
1760330700000,56719.6,56879.2,56692.4,56815,94570,1803200
1760332500000,56810.2,56845.2,56730,56820,38465,1805265
1760334300000,56811,56818.8,56731,56795,27020,1799875
1760336100000,56797.2,56850,56774.2,56805.6,31115,1802465
1760337900000,56805.6,56832.2,56743.8,56821.6,10990,1799315
1760339700000,56832,56852.2,56783.6,56827.2,19635,1804250
1760341500000,56840.4,56844,56780.2,56816.6,19635,1802780
1760343300000,56815.4,56865,56784,56840.2,33250,1797145
1760345100000,56840.2,56950,56825.2,56912.6,71820,1789935
1760346900000,56914.6,56916.4,56825.2,56838,45500,1787695
1760348700000,56838,56891.4,56831,56891.4,47810,1786645
1760413500000,56891.2,56935.2,56776.6,56799.2,132055,1731695
1760415300000,56797.2,56836.6,56716,56783.4,100625,1742720
1760417100000,56778.8,56815,56718.6,56799.4,40670,1746360
1760418900000,56799.4,56847.6,56635,56667.8,74165,1733025
1760420700000,56666,56666,56531.2,56587.2,164710,1671915
1760422500000,56587.2,56650,56486.6,56499,71190,1664670
1760424300000,56498,56557.2,56461.2,56519.8,64330,1668380
1760426100000,56518,56554.8,56474.2,56503.6,28140,1670340
1760427900000,56503.6,56587.8,56482.6,56572,24885,1668940
1760429700000,56572,56630,56510,56600.4,43820,1675240
1760431500000,56605.6,56754.4,56572.4,56736.8,84245,1680735
1760433300000,56736.8,56774.6,56700,56725,96320,1680735
1760435100000,56724,56725,56649.4,56654.4,41650,1678740
1760499900000,56784.8,56921.8,56727.4,56819.6,124145,1656095
1760501700000,56812,56900,56752.6,56891.8,59045,1652945
1760503500000,56900,57060,56900,56999,167265,1687525
1760505300000,56986,57075,56975,57010,55440,1697745
1760507100000,57010,57047.4,56981,57022.6,24500,1696835
1760508900000,57005.4,57030,56984.2,57003.2,21910,1707055
1760510700000,57003.2,57032.8,56946.6,57030,29295,1702295
1760512500000,57029.8,57086,57003,57047.6,57085,1728825
1760514300000,57048.2,57098,57038.2,57056,45570,1734110
1760516100000,57056,57063.2,56970,56996.8,36330,1728510
1760517900000,56990.8,57029,56981,56999.2,18935,1726655
1760519700000,57000,57007,56921.4,56982,54985,1709190
1760521500000,56983,57002.2,56974,56995,57295,1699880
1760586300000,57250,57285.4,57130.2,57228.6,245140,1693335
1760588100000,57245,57248,57139.2,57151,60305,1678740
1760589900000,57149.6,57268.2,57144.4,57234,45570,1682485
1760591700000,57234,57250,57219,57234.2,22085,1683500
1760593500000,57234.2,57254.4,57213.2,57225.2,16100,1682555
1760595300000,57225.2,57271.2,57201,57271.2,20510,1682730
1760597100000,57271.2,57380,57271.2,57340,111475,1701210
1760598900000,57340,57404.2,57310.2,57404.2,60200,1699460
1760600700000,57404,57499.8,57404,57499.8,93765,1706180
1760602500000,57498.2,57580,57455.4,57557,112630,1731275
1760604300000,57557,57591.8,57505.8,57569,64785,1723190
1760606100000,57561.8,57572.4,57450,57470,86205,1730295
1760607900000,57479.8,57515,57466.6,57484,69440,1728825
1760672700000,57469.8,57568,57400,57525.2,172340,1693370
1760674500000,57536.4,57624.8,57401.2,57621.6,91980,1707825
1760676300000,57622,57695,57589,57670,100660,1731310
1760678100000,57657,57913.6,57650,57897.8,157185,1755565
1760679900000,57900,57920.2,57801.4,57839,89880,1780765
1760681700000,57839,57850,57735,57837.4,46515,1781430
1760683500000,57839.2,57885,57763.4,57776.8,35000,1694210
1760685300000,57776.8,57800,57500,57580.6,145180,1679265
1760687100000,57580.6,57645,57412.4,57500,87640,1662115
1760688900000,57494.2,57650,57444,57625.6,121975,1624210
1760690700000,57635.2,57757,57580.2,57746.2,74060,1631525
1760692500000,57750,57799,57701,57738.4,77455,1650005
1760694300000,57732,57783.8,57721,57780.2,87325,1665965
1760931900000,57835,58250,57835,58035,257040,1650250
1760933700000,58040,58050,57900,58050,110810,1644160
1760935500000,58039.8,58180.6,58025.2,58168.6,58625,1647485
1760937300000,58172,58220,58133,58185,67060,1648465
1760939100000,58185.8,58200,58105.6,58141,66885,1650180
1760940900000,58141,58197,58136,58169,47460,1678810
1760942700000,58161,58183.2,58120,58152.2,34650,1685460
1760944500000,58152.2,58188.8,58134,58183,30975,1695050
1760946300000,58183,58209,58150,58187,44205,1702330
1760948100000,58184,58196.8,58112.6,58135,54495,1696030
1760949900000,58134.2,58162,57967,58037,94290,1681855
1760951700000,58027,58105.6,58011.2,58079.8,43470,1674925
1760953500000,58076.4,58133.8,58076.4,58117,69160,1693685
1761034500000,58098.8,58160,58011,58051,92995,1681085
1761036300000,58045.2,58069,57881.4,57894.6,149310,1642270
1761038100000,57894.6,57894.6,57894.6,57894.6,0,1642270
1761191100000,58305.2,58475,58123,58448.6,267540,1664915
1761192900000,58450,58540,58409,58526.4,138705,1657775
1761194700000,58541.4,58558.4,58435,58469.4,53165,1652455
1761196500000,58472.2,58527.4,58444,58527.4,31815,1651895
1761198300000,58527.4,58535,58481.4,58513,39900,1652070
1761200100000,58515.6,58570,58504.4,58543.8,44695,1664810
1761201900000,58550,58576.6,58528,58552,54285,1647030
1761203700000,58552,58557,58420.4,58482,97335,1662955
1761205500000,58482,58520,58404,58422,57015,1648465
1761207300000,58423,58448.4,58250,58277.6,103530,1626940
1761209100000,58276.8,58325,58088,58295,149905,1608775
1761210900000,58295,58325,58100,58101,77420,1610455
1761212700000,58100,58130,57980.2,57983.2,107765,1578290
1761277500000,58090.2,58159.8,58040,58116,131320,1522290
1761279300000,58116,58116,57972.8,57986.8,65940,1506050
1761281100000,57986.6,57993.6,57835,57835.8,92365,1491490
1761282900000,57835,57896.2,57761,57860.2,80360,1479660
1761284700000,57860.2,57884.4,57778,57826.6,60095,1461530
1761286500000,57834.8,57898.8,57798.4,57876.6,68320,1444765
1761288300000,57878.6,57933.8,57780,57811.6,57715,1432130
1761290100000,57807.6,57825.2,57682.4,57740,102900,1430730
1761291900000,57730,57740,57498.4,57510.6,132335,1434160
1761293700000,57505.2,57669,57502.6,57624.2,125825,1480010
1761295500000,57624.2,57690.8,57575.2,57629.4,105700,1507520
1761297300000,57629,57730,57614,57705.8,116830,1541575
1761299100000,57707,57741.8,57684.8,57708.8,58625,1540875
1761536700000,57762.2,58069.8,57740.8,58040.2,205380,1292935
1761538500000,58055,58150,57982.2,58137.2,109130,1291185
1761540300000,58144.8,58227.6,58136.6,58192.2,102375,1302525
1761542100000,58191.2,58228.4,58149.8,58186.6,56385,1303260
1761543900000,58192.4,58202.4,58082.6,58109,62545,1287790
1761545700000,58101.8,58274.2,58083.2,58246.8,96040,1302490
1761547500000,58243.2,58255.4,58143,58179,55755,1306200
1761549300000,58170,58194.6,58106,58149,54320,1305640
1761551100000,58151,58154,57979.6,58076.4,132300,1317540
1761552900000,58076.4,58148.8,58030.4,58059.8,83895,1318765
1761554700000,58059.4,58188,58059,58140.6,62860,1333220
1761556500000,58138.2,58163.8,58080.2,58131.6,66780,1341200
1761558300000,58130.4,58266,58120,58263.4,95690,1341725
1761623100000,58143,58341.4,58100.2,58268,135520,932295
1761624900000,58267,58275,57865,57938.2,154035,920780
1761626700000,57935,57974.6,57832.6,57899.6,88375,873600
1761628500000,57901.8,57947,57725,57824.2,89775,893655
1761630300000,57833,57942.4,57811.2,57890.8,63490,851865
1761632100000,57898.2,57977,57829,57922.2,63350,856730
1761633900000,57922.2,58175,57903,58175,89495,838460
1761635700000,58177.8,58220,58065.6,58139.2,55650,795830
1761637500000,58156.2,58240.4,58037,58051.6,60025,791595
1761639300000,58048.8,58171,58014.8,58075,89775,801535
1761641100000,58075,58097.2,57928.4,57984.2,49630,724220
1761642900000,57999,58231.6,57972.4,58214.8,123690,657510
1761644700000,58216.8,58240,58209,58224.8,56840,632100
1761709500000,58620,58656,58459.2,58491.4,159880,1823640
1761711300000,58481.4,58600,58481.2,58520,67200,1816465
1761713100000,58520,58690,58475.2,58607.8,101010,1822065
1761714900000,58611.2,58634.6,58539.4,58555,37240,1829135
1761716700000,58550,58642,58546.2,58611.4,27475,1835925
1761718500000,58611.4,58722,58604.4,58697.8,98280,1854545
1761720300000,58699,58726,58662.6,58700.4,71855,1871345
1761722100000,58717.6,58750,58657.2,58750,49840,1878765
1761723900000,58735,58830,58717.2,58763.2,126525,1911315
1761725700000,58770,58798,58692,58749,53585,1908620
1761727500000,58751,58792,58710.4,58761,37590,1918350
1761729300000,58764.4,58770.8,58706,58760,117075,1976835
1761731100000,58762.2,58795.4,58750,58790,119665,2012150
1761795900000,58600.2,58677,58469,58472.2,154455,1748880
1761797700000,58473.2,58585,58375,58580.6,141855,1742615
1761799500000,58581.6,58650,58510,58530,68530,1752835
1761801300000,58530,58600,58500,58575,23135,1753430
1761803100000,58577.2,58619,58525,58525,22645,1752485
1761804900000,58525,58542.8,58477.2,58509,23275,1752765
1761806700000,58510.2,58552.6,58451,58512.6,48860,1738415
1761808500000,58512.6,58556.6,58487.2,58527.2,31185,1739010
1761810300000,58543,58587.8,58451,58484.8,29715,1741705
1761812100000,58484.8,58495,58430,58473,40215,1738205
1761813900000,58454.8,58520,58435,58474.8,23765,1737680
1761815700000,58474.8,58479.8,58398.6,58428,75495,1712900
1761817500000,58427.8,58445,58417.2,58426.8,42560,1709785
1761882300000,58362,58589.6,58300,58460,172305,1696485
1761884100000,58470,58527,58355,58385,54670,1695190
1761885900000,58392,58392,58111,58199,141330,1694350
1761887700000,58197.8,58215.2,58050.2,58136.8,67060,1698935
1761889500000,58122,58245,58110,58245,46375,1696275
1761891300000,58247,58360,58224.6,58277.6,52290,1692950
1761893100000,58270.6,58316.8,58204.8,58290.2,33880,1697745
1761894900000,58290.2,58314.8,58251.2,58260.8,18480,1695785
1761896700000,58260.8,58300,58170,58188,27020,1697115
1761898500000,58188,58275,58160,58213.8,35070,1703100
1761900300000,58214.8,58330,58187,58286.4,28735,1708385
1761902100000,58286.4,58286.4,58162.4,58173.4,71330,1699775
1761903900000,58174.6,58205,58169.8,58189,54845,1709470
1762141500000,58141.8,58309,58080,58290.4,151970,1721965
1762143300000,58292,58379.8,58229,58289.6,103460,1733445
1762145100000,58272.2,58424,58250,58424,75285,1741145
1762146900000,58425.6,58444.4,58360,58415.2,67935,1756300
1762148700000,58415.4,58417.4,58287.2,58300,41895,1761445
1762150500000,58291.2,58356,58268.6,58325,25480,1758680
1762152300000,58324,58400,58322.8,58358.8,23135,1761130
1762154100000,58358.8,58441,58358.8,58432,41965,1770930
1762155900000,58432,58475,58405,58440.2,52780,1788605
1762157700000,58451,58468,58389.4,58455,30555,1795465
1762159500000,58459,58499,58420.2,58440,42245,1801170
1762161300000,58440,58447,58354.2,58391.2,62195,1788395
1762163100000,58394.2,58437.8,58392.6,58429,53130,1777230
1762227900000,58409.8,58409.8,58130.6,58183.8,223685,1726375
1762229700000,58181.6,58250,58112,58155,80080,1742860
1762231500000,58155,58219.8,58100,58187,59675,1749335
1762233300000,58172.6,58279,58143,58200,43995,1758575
1762235100000,58191.4,58200,58074.8,58131.8,39550,1765575
1762236900000,58131.8,58172.8,58102.8,58172.8,20895,1762880
1762238700000,58172.8,58178.8,58101,58144.8,15715,1760780
1762240500000,58144.8,58171.2,58125.2,58144,11480,1759135
1762242300000,58144,58220,58091.4,58194.4,52675,1757000
1762244100000,58194.4,58209,58100,58130,24885,1754865
1762245900000,58128,58168.8,58088,58135.2,28000,1754200
1762247700000,58135.2,58161.6,58107.2,58126,40110,1754445
1762249500000,58134.4,58145,58096.4,58100,73395,1748530
1762400700000,58099.4,58194.4,57945,57970,139440,1761200
1762402500000,57961,58070,57902,57902,69195,1768060
1762404300000,57902,57960,57897,57960,54005,1783880
1762406100000,57963,58004.6,57925.2,57925.6,28175,1791265
1762407900000,57927.8,57929.6,57834.4,57852.4,96915,1830850
1762409700000,57848,57948.2,57845.2,57884,25095,1836940
1762411500000,57887,57966.4,57852.6,57927.2,19495,1839565
1762413300000,57922.8,58066,57920,57998.4,79625,1832460
1762415100000,57998.6,58032.6,57950,57956,16800,1836030
1762416900000,57950,57966.6,57880.4,57941,36785,1848070
1762418700000,57946.2,57978,57901.6,57935.6,14035,1848735
1762420500000,57935.6,57970,57867.2,57880,65170,1871625
1762422300000,57882.4,57904.4,57867,57887.8,47915,1868615
1762487100000,57800,57800,57450.4,57609.8,225750,1865920
1762488900000,57600,57689.8,57518,57585.2,97265,1861125
1762490700000,57574,57816.4,57551.8,57787.8,110390,1849645
1762492500000,57787.8,57900,57670,57887,83195,1855560
1762494300000,57877.8,58098.6,57858.2,58079.8,165095,1858955
1762496100000,58078,58125,57982.8,58021.4,65310,1875930
1762497900000,58020.8,58101.2,57992.6,58090,67655,1877750
1762499700000,58098.2,58220,58075,58165,100520,1860740
1762501500000,58159.2,58299,58145.6,58258.6,81480,1852935
1762503300000,58258.6,58292,58066,58120.2,85225,1848455
1762505100000,58120.2,58266,58112.2,58217.2,48930,1853705
1762506900000,58216.6,58216.6,58105,58171,43750,1852830
1762508700000,58169,58229,58169,58218,57260,1857800
1762746300000,58200,58358,58158.8,58269.6,123305,1843450
1762748100000,58269.6,58330,58200.2,58274,55020,1861685
1762749900000,58281,58349,58263.2,58282.8,44170,1878835
1762751700000,58270,58317,58240,58310.8,25655,1890280
1762753500000,58310.8,58383.8,58285.2,58306.6,44205,1893290
1762755300000,58306.6,58340,58271.4,58288.2,18375,1900850
1762757100000,58288.2,58360,58282.8,58359.4,18235,1907325
1762758900000,58359.4,58365,58301.2,58305,20510,1910650
1762760700000,58305,58340.8,58250,58250,24535,1920170
1762762500000,58250,58299,58227.4,58295,35140,1929025
1762764300000,58295,58356,58295,58306.4,39060,1929970
1762766100000,58308.8,58325,58250,58256.2,57750,1956465
1762767900000,58266,58273,58218,58220.6,81025,1979040
1762832700000,58220.6,58289.8,57990,58097.2,159285,1968785
1762834500000,58097.2,58110,57942,57962,85680,1981630
1762836300000,57961.2,57985,57862.2,57888,108955,2026815
1762838100000,57897,57995,57873,57957.4,41265,2028530
1762839900000,57955,58040,57913.4,58039.2,22505,2027760
1762841700000,58039.2,58124.4,58015,58080,47390,2013060
1762843500000,58080,58200,58073.4,58159,62370,2001790
1762845300000,58159.4,58229.8,58125.2,58225,54985,1997415
1762847100000,58225,58364.6,58215.2,58310.8,119525,1978200
1762848900000,58328.2,58400,58278,58302.6,67060,1973125
1762850700000,58302.6,58380.8,58285.6,58317.4,32935,1975995
1762852500000,58317.4,58374.4,58309,58365,50400,1972005
1762854300000,58362.6,58398.8,58344.2,58392,66745,1968295
1762919100000,58606,58650,58500.4,58581.2,172725,1950235
1762920900000,58577.8,58621.8,58533.2,58540,61390,1948870
1762922700000,58551,58590,58462.8,58577.2,71155,1947785
1762924500000,58597,58599.8,58525.2,58555,40740,1951600
1762926300000,58571.4,58580,58515.4,58559,44555,1953595
1762928100000,58550.4,58611.8,58531,58565,48650,1949290
1762929900000,58565,58688,58550,58676.4,78925,1943060
1762931700000,58676.4,58692.2,58635.2,58649.6,40040,1930320
1762933500000,58662.2,58684.4,58580,58639.4,37520,1921535
1762935300000,58639.4,58654.8,58538,58572.6,37205,1918490
1762937100000,58565.6,58604,58550,58580,22645,1914185
1762938900000,58580,58606.8,58525,58529.8,44835,1895110
1762940700000,58526.2,58535,58490,58490,70210,1889265
1763005500000,58449.8,58548,58360,58545,116200,1876630
1763007300000,58549,58670,58532.4,58650,110460,1866270
1763009100000,58650,58725,58642.2,58704,90090,1849400
1763010900000,58704,58774.8,58696.8,58721.2,92925,1817060
1763012700000,58720.8,58762.4,58671.6,58738.6,40775,1800680
1763014500000,58731.4,58775,58713.8,58761.6,39935,1786855
1763016300000,58761.4,58772,58650.2,58695.8,41755,1772505
1763018100000,58695.8,58734,58651,58730,19215,1769215
1763019900000,58720,58751.6,58713.2,58714.8,19390,1761305
1763021700000,58714.8,58738.2,58500,58555.2,97195,1740025
1763023500000,58550,58629.8,58543,58580,38045,1737540
1763025300000,58580,58617.8,58505,58532.4,50610,1740270
1763027100000,58539.8,58597,58515.2,58527.2,62475,1733410
1763091900000,58384,58661,58300.2,58616.2,196560,1708595
1763093700000,58606,58629.4,58445,58484.2,73150,1701770
1763095500000,58470,58540,58400,58454.8,74270,1708420
1763097300000,58449,58630,58428,58602.2,70070,1702400
1763099100000,58609.8,58650,58491.6,58520,51905,1699670
1763100900000,58520,58600.2,58507.4,58600,35595,1700160
1763102700000,58601.8,58625,58541,58571.6,30345,1701770
1763104500000,58571.6,58590.4,58490.8,58524.6,27160,1706005
1763106300000,58515.2,58567,58410,58420,68460,1731380
1763108100000,58410.8,58470,58376,58449.8,55720,1742370
1763109900000,58435.2,58523,58409.4,58494.4,32445,1750000
1763111700000,58494.4,58679,58430,58657.8,123200,1734355
1763113500000,58657.8,58690,58633,58682,101255,1721755
1763351100000,58761.2,59000,58695.8,58980,248500,1725605
1763352900000,58983.4,59058,58935,58968,108815,1744680
1763354700000,58968,59042,58951,58980,46550,1745800
1763356500000,58989,59020,58958,59008.2,23835,1745555
1763358300000,59006.4,59020,58913.4,58950,44450,1741950
1763360100000,58951.2,59010,58937.4,58994.6,19985,1739710
1763361900000,58994.6,59016.6,58975.8,59006.4,22435,1742195
1763363700000,59006.6,59067.4,59000.2,59030,52605,1752415
1763365500000,59030,59040,59001,59025.2,17815,1751085
1763367300000,59025.2,59055,59005.2,59035.6,27615,1754725
1763369100000,59035.6,59038.2,58973,58990,32025,1753885
1763370900000,58990.2,59020,58988,59008.6,43365,1755110
1763372700000,59015,59058.8,59006,59058.4,67585,1752415
1763437500000,59009,59049,58899,59029.8,120505,1734530
1763439300000,59029.8,59040,58916.4,58945.2,64925,1727565
1763441100000,58945,59006,58936.6,58970,27755,1726970
1763442900000,58974,59058.4,58944,59055,58905,1732605
1763444700000,59055,59099.8,59008,59060,45220,1735265
1763446500000,59060,59091,59021.6,59035,22085,1734775
1763448300000,59035,59051,59001,59017,24745,1730260
1763450100000,59017,59075,59013.8,59061.2,22995,1732150
1763451900000,59061.2,59123,59060,59113.4,43680,1739955
1763453700000,59117.8,59132.4,59085.6,59119.4,20860,1739850
1763455500000,59120,59122,59011.8,59021.6,23695,1734705
1763457300000,59012.2,59034,58955.4,58989,82635,1714860
1763459100000,58988.4,58999,58940,58950,58030,1716855
1763523900000,58970.6,59039.8,58815.6,58827.8,152425,1716820
1763525700000,58841.2,58959.4,58773,58931.6,93905,1721965
1763527500000,58944.4,58974.6,58884.6,58890,64295,1718710
1763529300000,58890,58910,58833.6,58851,32305,1715840
1763531100000,58847.8,58927,58838,58910,18900,1715770
1763532900000,58910,58995,58898.6,58986,29750,1709330
1763534700000,58993.2,59146.4,58968.6,59116,131775,1701490
1763536500000,59125,59174.2,59093.2,59135,61530,1702400
1763538300000,59138,59142,59015,59084.8,33250,1694280
1763540100000,59084.8,59166,59055,59153,25200,1694910
1763541900000,59155,59239,59150,59210,89810,1695540
1763543700000,59210,59263,59192.8,59223.8,83650,1700755
1763545500000,59218.6,59254,59212.6,59247,68145,1689380
1763610300000,59300,59330,59212,59235.6,132545,1682345
1763612100000,59226,59282.8,59213.6,59270,72030,1675485
1763613900000,59263,59282,59200,59245,35840,1680910
1763615700000,59245,59295,59240,59270,26705,1685530
1763617500000,59270,59309,59256.2,59306.2,22435,1686650
1763619300000,59302,59310,59261.2,59280.2,17255,1684865
1763621100000,59270.6,59420,59250.2,59405.2,74900,1681960
1763622900000,59417.6,59448.8,59355,59361.4,52115,1672930
1763624700000,59379.8,59425,59352.2,59415,50260,1673630
1763626500000,59413,59461.2,59395.2,59448.2,61915,1681540
1763628300000,59447.2,59466.8,59382,59400,52570,1672160
1763630100000,59400,59430,59362.6,59390.2,45185,1665965
1763631900000,59400,59427.2,59383.8,59402,47740,1659840
1763696700000,59250,59289,59100,59100,181265,1599045
1763698500000,59102,59111.6,59008.6,59041.2,165375,1603630
1763700300000,59024.2,59045.4,58905,58960,180215,1616090
1763702100000,58945,59014,58885,58995,96390,1627710
1763703900000,58996,59020,58962,58984.8,88480,1678985
1763705700000,58983.6,59055.4,58962.2,59054.2,47495,1692040
1763707500000,59040.2,59117.2,59036,59079,70315,1681575
1763709300000,59079,59175,59054,59074.8,92260,1678285
1763711100000,59074.8,59078.6,58988.2,59035,96390,1716435
1763712900000,59028,59140,59011.2,59120.2,56840,1722840
1763714700000,59130,59148.8,59035,59035,59430,1729595
1763716500000,59034,59062.2,58848.4,58886,255115,1851920
1763718300000,58885.8,58923.6,58824.2,58876.4,138880,1893325
1763955900000,58905,59062,58903.2,58930.2,164815,1327235
1763957700000,58940,59137,58909.8,59137,111615,1301300
1763959500000,59137,59250,59109.6,59217,111335,1255380
1763961300000,59220.4,59225.4,59161.2,59197.4,40740,1240015
1763963100000,59204.8,59299,59176.2,59260,65485,1227380
1763964900000,59260,59274.4,59183,59213.6,50575,1206310
1763966700000,59207.6,59244.4,59150,59226,47565,1201550
1763968500000,59239,59252,59200,59222.8,21350,1194130
1763970300000,59222.8,59249.6,59186,59231.4,18970,1193045
1763972100000,59235,59240,59165,59177.4,51695,1189860
1763973900000,59177.4,59195.4,59105,59131.2,77035,1175020
1763975700000,59146.2,59157.8,58897.8,58913,126770,1157345
1763977500000,58913,58925.4,58712.6,58770.8,122990,1133090
1764042300000,58826.2,58919.6,58770,58860,101815,975275
1764044100000,58858.6,59071,58813,59035,86380,945700
1764045900000,59042.8,59065,58936.6,58963,53235,927395
1764047700000,58952.6,58970,58756,58814.2,63840,895405
1764049500000,58820,58919.8,58802,58832.2,44415,878115
1764051300000,58832.2,59002.4,58821.4,58970,53165,861630
1764053100000,58979.6,58979.6,58819,58912.8,26110,849450
1764054900000,58908,58968,58862.6,58940,27195,814345
1764056700000,58946.2,59020,58920.6,58986.8,42805,803565
1764058500000,58986.8,59145.2,58955,59116.2,101255,773710
1764060300000,59127.2,59165.6,58900.2,58978.2,80605,724325
1764062100000,58975.4,58995.6,58738.6,58822.4,120050,657020
1764063900000,58828.6,58837.4,58813.8,58834.2,41090,629405
1764128700000,59300,59627,59265,59600,310520,1347325
1764130500000,59621.4,59891,59621.4,59811,286615,1425480
1764132300000,59816.8,59840,59735.2,59825,69405,1442105
1764134100000,59825,59862.4,59760,59776.8,44695,1455475
1764135900000,59776.8,59809.6,59710,59715.4,28665,1451345
1764137700000,59715,59792.6,59679.2,59762,27545,1445290
1764139500000,59776.8,59781,59721.2,59769.2,32375,1441335
1764141300000,59769.2,59829.4,59707,59816,56700,1461740
1764143100000,59817.8,59838.4,59760,59771.8,42000,1465415
1764144900000,59771.8,59844,59756,59803.6,31605,1473255
1764146700000,59803.6,59820,59756,59770,20545,1477175
1764148500000,59768,59823,59760,59822.6,69405,1480080
1764150300000,59821,59840,59800.2,59835,79660,1501675
1764215100000,59889.8,60050,59845,59928.2,172690,1466640
1764216900000,59928.2,60079,59881,60029.8,94465,1467375
1764218700000,60029.8,60049.6,59978,60040.6,26075,1471645
1764220500000,60041.2,60164,60041.2,60126.2,77735,1496565
1764222300000,60124.8,60132,60061.2,60095.8,35665,1507520
1764224100000,60095.8,60095.8,59990.6,60039,39060,1518790
1764225900000,60039,60119.8,59992,60118.4,31850,1532160
1764227700000,60117.8,60125,59910,59910,67200,1547910
1764229500000,59901,59935.2,59762.4,59835.4,165760,1541015
1764231300000,59830,59947.2,59830,59915.2,65380,1563940
1764233100000,59918,60040,59890,60020,55580,1587950
1764234900000,60012,60031.6,59930,59995,34930,1597960
1764236700000,59991,60070.2,59970,60066.8,63560,1578185
1764301500000,59605.4,60090.4,58900,60010,106470,1569960
1764303300000,60009.6,60100,59989.8,60025,25340,1577065
1764305100000,60025,60084,59990,60084,22260,1580460
1764306900000,60085,60148,60066.6,60130,58870,1591730
1764308700000,60130,60165.6,60075,60095.8,34720,1593550
1764310500000,60095.8,60125.8,60052.2,60067,10150,1590995
1764312300000,60067,60116,60025,60074,17255,1590925
1764314100000,60074.2,60087,60025.2,60066,18025,1587880
1764315900000,60052.2,60097.4,60003.6,60048.2,20685,1582770
1764317700000,60048.2,60052.6,59982,60005,28735,1582420
1764319500000,60005,60086.8,59985,60060,19390,1583120
1764321300000,60060,60109.8,60040,60042.8,67655,1612135
1764323100000,60060.2,60087.6,60032.6,60080,52675,1596770
1764560700000,60230,60299.8,60118.2,60257.2,212940,1560125
1764562500000,60260,60294,60225,60282.4,38255,1567335
1764564300000,60285,60353.2,60250.2,60297.2,72555,1597155
1764566100000,60298.8,60298.8,60190.4,60250,39305,1592780
1764567900000,60250,60268.6,60071.2,60096,44905,1579445
1764569700000,60078.6,60103,59892.4,59955,182735,1599920
1764571500000,59950,59984,59890,59951.2,59850,1596105
1764573300000,59951.2,60025,59934.4,60021,43610,1597050
1764575100000,60021,60030,59919.8,59976,28035,1599990
1764576900000,59976,60042,59943,60009.8,26950,1600585
1764578700000,60009.8,60009.8,59870,59870.6,35315,1600900
1764580500000,59874.2,59980,59834,59959,107625,1567405
1764582300000,59964.8,59970,59888,59891,66185,1563800
1764647100000,59790.8,59847.8,59723,59750,129115,1549870
1764648900000,59746.2,59799.8,59711,59736.4,69055,1556100
1764650700000,59734.2,59885,59722.2,59845,60550,1548750
1764652500000,59828.4,59950,59800,59851,45185,1549415
1764654300000,59853,59884.8,59804.2,59820,17150,1550885
1764656100000,59820,59861.4,59775.2,59832.2,21035,1548820
1764657900000,59814.8,59914.2,59802.2,59860,28525,1546685
1764659700000,59860,59875.4,59784.2,59794.8,38535,1555890
1764661500000,59794.8,59822,59740,59749.6,67760,1560685
1764663300000,59750,59819.8,59720.2,59770,44205,1548960
1764665100000,59765.2,59781,59679,59708.8,61740,1524565
1764666900000,59700,59734.6,59622,59676,164955,1521520
1764668700000,59675.8,59700,59636.8,59695,86450,1511265
1764733500000,59690,59694.4,59405.6,59475,233310,1529675
1764735300000,59471,59523,59363,59415,143850,1568280
1764737100000,59414.6,59414.6,59337.4,59348,86100,1590260
1764738900000,59345.8,59387.8,59327.2,59376.8,57820,1616755
1764740700000,59374,59539,59314.8,59493.6,92400,1635620
1764742500000,59496.6,59585,59450,59549.6,68390,1634605
1764744300000,59549.8,59565.8,59460,59490.6,34965,1639995
1764746100000,59488.4,59507.2,59460,59473.8,25270,1643950
1764747900000,59473.8,59535,59470,59470.2,27405,1647800
1764749700000,59472.6,59490,59383,59490,64820,1663025
1764751500000,59497,59528,59459.2,59515.4,21000,1663865
1764753300000,59515,59799,59507.4,59751.4,253645,1614095
1764755100000,59753,59780,59728.8,59767,96215,1630440
1764819900000,59764.6,59764.6,59561,59734.8,125440,1597715
1764821700000,59734,59745,59670,59717,35000,1613570
1764823500000,59727,59865.8,59722,59835,97755,1611225
1764825300000,59835,59848,59712.4,59738.6,36540,1610000
1764827100000,59732.2,59748.8,59626.4,59640,53410,1615915
1764828900000,59640,59669,59591.8,59612.6,67375,1627780
1764830700000,59612.6,59655,59548.6,59575.4,52745,1644965
1764832500000,59572,59572,59489,59559.8,74970,1670760
1764834300000,59545,59610,59440,59495,61250,1680840
1764836100000,59489.8,59575.6,59455.6,59549,87815,1695610
1764837900000,59550,59568.8,59511,59544.2,27580,1705830
1764839700000,59537.4,59689.4,59518,59630.2,87500,1712480
1764841500000,59639.8,59659,59605,59647.2,59255,1705655
1764906300000,59647.2,59762.4,59556.4,59702,128205,1632750
1764908100000,59708,60025.2,59686.6,59944.2,447405,1680140
1764909900000,59948.2,60063.2,59714,59891.8,305515,1729630
1764911700000,59888.6,59962.4,59864.6,59949,62125,1737260
1764913500000,59953.6,59990,59910,59965.6,54810,1736735
1764915300000,59969.8,59973.6,59886.6,59891,42490,1743070
1764917100000,59881,60059.8,59856,60033,99470,1728370
1764918900000,60033,60119.2,60026.8,60043.4,88270,1726935
1764920700000,60043.8,60089.8,60024.8,60080,27265,1727530
1764922500000,60080,60098.8,59970,60020,38535,1727565
1764924300000,60020,60045,59972.8,60003.2,14070,1725850
1764926100000,60008.8,60058,59911,60041.6,76300,1717170
1764927900000,60041.6,60084,60030,60080,96495,1739045
1765165500000,60110,60110,59880,59948.2,130340,1486800
1765167300000,59949.8,59949.8,59836.2,59909,92960,1497615
1765169100000,59905.4,59960,59862.2,59880.2,67060,1521660
1765170900000,59878,59908,59711.6,59773.2,112490,1527330
1765172700000,59780,59791.4,59697.6,59752,111090,1559005
1765174500000,59768.8,59805.6,59711.4,59719,46830,1580215
1765176300000,59721,59739.6,59500,59588,187600,1614935
1765178100000,59590.2,59698.2,59580,59680.6,55440,1641570
1765179900000,59684.4,59684.4,59400,59466,154105,1677725
1765181700000,59473.6,59518,59410.4,59460,89460,1729420
1765183500000,59454.8,59510.2,59400,59510,48720,1752100
1765185300000,59510,59640,59493.2,59574.2,102025,1776845
1765187100000,59575,59575,59465,59472,76090,1802500
1765251900000,59400,59414.2,59220.6,59278.6,220955,1807330
1765253700000,59278.6,59462.4,59236.6,59420,91525,1808940
1765255500000,59411.6,59534,59366,59454,91735,1818915
1765257300000,59466.8,59625,59421,59600,71260,1840020
1765259100000,59600,59615,59478,59478,50330,1849715
1765260900000,59478,59619.4,59443.4,59600,54005,1845865
1765262700000,59605,59640,59526,59552,38640,1851605
1765264500000,59565.4,59600,59493,59560,21385,1849505
1765266300000,59560,59640,59551.6,59609.6,29540,1845375
1765268100000,59617.4,59680,59566,59595,71050,1827315
1765269900000,59582.4,59594.2,59485,59496,88410,1861930
1765271700000,59494.6,59578.8,59480.4,59536.4,34475,1801520
1765273500000,59535.4,59550,59517.6,59546,62965,1801170
1765338300000,59556,59675,59430,59650,120925,1760010
1765340100000,59659.8,59678,59600,59644,43295,1760745
1765341900000,59643.4,59692,59600,59626.2,35455,1758680
1765343700000,59626.2,59626.2,59375,59444.8,86450,1770440
1765345500000,59438.4,59453.4,59222.8,59250,110390,1773765
1765347300000,59245.4,59339,59225,59305,52395,1795255
1765349100000,59305,59320,59170,59189.8,52780,1811460
1765350900000,59175,59285,59170,59251,28210,1821610
1765352700000,59251,59375,59230,59303.2,43120,1814855
1765354500000,59303.2,59303.2,59160.6,59179.8,59150,1834140
1765356300000,59173,59288.8,59150,59226.4,56000,1842680
1765358100000,59215,59311.6,59209,59226.8,73080,1874810
1765359900000,59248.6,59263,59200,59208,48895,1873935
1765424700000,59310,59422,59085,59140,173565,1861510
1765426500000,59143.4,59390,59105,59390,91455,1853145
1765428300000,59399,59530.4,59370.2,59481.6,126805,1832040
1765430100000,59490,59539,59380,59440,64400,1823920
1765431900000,59440,59520,59424.8,59495.2,30170,1822170
1765433700000,59498.8,59719.2,59474.8,59660,146615,1804285
1765435500000,59664,59690,59585.6,59650,45850,1798545
1765437300000,59650,59658,59373.2,59427.6,100485,1790845
1765439100000,59425,59532,59396.6,59475.8,44590,1778420
1765440900000,59475.8,59541.6,59425.2,59462.4,24780,1773590
1765442700000,59463,59576,59463,59477.2,30765,1773170
1765444500000,59477.2,59512.4,59430,59497.8,50365,1757735
1765446300000,59497.8,59517.2,59481,59495,45185,1755950
1765511100000,59610,59785,59585.4,59764,187355,1738730
1765512900000,59765,59800,59668,59715,85260,1742370
1765514700000,59715.2,59757.8,59512,59535,117145,1749720
1765516500000,59524.6,59575,59455.6,59511,62685,1762600
1765518300000,59515.4,59700,59510.2,59665,88305,1755285
1765520100000,59665.8,59700.2,59562.6,59625,26005,1758050
1765521900000,59630,59670,59600,59625,8155,1760010
1765523700000,59625,59656.6,59581,59648,6860,1760290
1765525500000,59648,59655,59571,59629.2,16135,1760185
1765527300000,59629.2,59698.4,59610,59659.2,22435,1758680
1765529100000,59659.2,59681,59620.2,59645,27020,1755145
1765530900000,59645,59665,59609.2,59656,31990,1745625
1765532700000,59658.4,59676.8,59635.2,59645,56105,1743140
1765770300000,59599.8,59599.8,59348,59387,158865,1739780
1765772100000,59382,59450,59351.2,59448,65415,1763440
1765773900000,59440,59475,59356.2,59414.4,31570,1767395
1765775700000,59409,59499.8,59409,59481.2,30240,1766030
1765777500000,59481.2,59521.2,59450,59464.4,21245,1760920
1765779300000,59464.4,59734,59464.4,59713.2,178465,1711885
1765781100000,59713.2,59723,59650,59670.2,33180,1713425
1765782900000,59682.8,59743.4,59650,59740.6,35140,1723715
1765784700000,59739.8,59750,59658.2,59679,38325,1724450
1765786500000,59667.8,59712,59634,59654.8,26215,1725080
1765788300000,59667.8,59710,59652.8,59710,17185,1722875
1765790100000,59710,59712.8,59661.6,59692,20335,1719760
1765791900000,59691.6,59694.2,59655.2,59680,37660,1714895
1765856700000,59550,59600,59325,59395.2,300580,1759940
1765858500000,59391.2,59415,59282.2,59341.8,130585,1781500
1765860300000,59340.6,59398,59320.6,59380,31640,1783565
1765862100000,59380,59383,59325,59338,14035,1787485
1765863900000,59339.4,59370,59243.4,59270.6,53690,1799455
1765865700000,59270.6,59325,59256.2,59300,36820,1818950
1765867500000,59300,59373.8,59294.6,59340.2,33565,1821505
1765869300000,59340.2,59349,59286.8,59308.8,34300,1835015
1765871100000,59308.8,59364.4,59290,59335,15750,1840895
1765872900000,59335,59394.4,59290,59307.6,44065,1834560
1765874700000,59296.4,59345,59254,59328.2,51905,1862525
1765876500000,59330,59360,59304.8,59311.4,46165,1869595
1765878300000,59312.6,59318,59225,59231.2,72345,1882370
1765943100000,59280,59355,59180.4,59210,116935,1894200
1765944900000,59203,59241.2,59118.6,59179.4,78750,1902950
1765946700000,59179.4,59213.6,59100,59124.4,54250,1916320
1765948500000,59124.4,59193.4,59117.6,59193.4,27405,1907920
1765950300000,59193.4,59227.2,59130,59170.6,31605,1902425
1765952100000,59170.6,59218.8,59101.4,59117.2,25585,1905155
1765953900000,59117.2,59152.4,59074.6,59110,46830,1916110
1765955700000,59111,59145.4,59028,59055.8,47110,1916425
1765957500000,59055.8,59135.8,59035.2,59047,38710,1896020
1765959300000,59047,59086,59025,59086,19285,1903230
1765961100000,59086,59133.8,59060.4,59100,74270,1900815
1765962900000,59113.8,59152.6,59097.8,59123,30030,1880095
1765964700000,59116.6,59185,59093.2,59183,53515,1869280
1766029500000,59109.6,59109.6,58966,58983.2,91770,1852025
1766031300000,58967,59178.2,58913.2,59142.6,97825,1847930
1766033100000,59154,59334,59140.6,59299.6,133000,1792525
1766034900000,59299.6,59319,59206.4,59240.6,33530,1792210
1766036700000,59248.6,59298,59205,59235,31080,1787800
1766038500000,59235,59330,59227.2,59330,47285,1780030
1766040300000,59330,59362.2,59300,59344,69055,1746430
1766042100000,59344,59372.2,59271,59291.8,31990,1739080
1766043900000,59291.8,59295,59200,59212.2,29995,1735265
1766045700000,59212,59240,59109.2,59125.4,69195,1747235
1766047500000,59125,59160,59040,59083.2,81130,1778175
1766049300000,59096,59110.8,59061,59079.6,47355,1790355
1766051100000,59080,59089.6,59059,59079.4,53410,1803795
1766115900000,59200,59299,59158,59267.8,105805,1780240
1766117700000,59269.6,59295,59160,59204.8,50365,1792735
1766119500000,59204.8,59280,59185,59260.2,23695,1794275
1766121300000,59263,59277.2,59165,59214.4,27195,1792245
1766123100000,59210,59224.8,59120,59120,41230,1804005
1766124900000,59129,59220,59087.2,59186.2,54635,1810585
1766126700000,59186.2,59212.4,59143,59207,15295,1808345
1766128500000,59207,59212.2,59109.4,59130,18410,1801520
1766130300000,59130,59248.8,59116.2,59230,36190,1779330
1766132100000,59235,59270,59206.8,59221.2,66290,1746430
1766133900000,59221.2,59275.6,59208,59240,22890,1736175
1766135700000,59240,59259.2,59211.6,59230.2,60655,1708525
1766137500000,59239.8,59240.2,59215,59225,49770,1701770
1766375100000,59424.8,59499.2,59343,59458.8,147770,1648640
1766376900000,59460,59492.6,59423.2,59452,40495,1637195
1766378700000,59466,59472.6,59402.2,59427.2,22820,1635025
1766380500000,59427.2,59473,59410.4,59415,17850,1631980
1766382300000,59428.2,59446,59400.8,59411,13860,1631420
1766384100000,59411,59460,59405,59424.8,12705,1629915
1766385900000,59420.6,59454.2,59381.2,59383,18340,1627255
1766387700000,59381.6,59413.8,59371.2,59413.6,18830,1625400
1766389500000,59413.6,59435,59399.2,59414.8,10920,1626520
1766391300000,59414.8,59440,59396.2,59419.2,21455,1625330
1766393100000,59419.2,59450.6,59402.6,59436,17710,1619520
1766394900000,59436,59444,59414.2,59434.4,28945,1614550
1766396700000,59434,59445,59423.6,59434,54880,1618015
1766461500000,59434,59514.8,59360,59385,79030,1579340
1766463300000,59385,59501,59356.6,59486.4,52430,1592220
1766465100000,59484.2,59485.8,59400,59450,20405,1596525
1766466900000,59450,59463.4,59419.2,59443.4,9765,1596035
1766468700000,59427.8,59449.6,59365,59380,25305,1587810
1766470500000,59374.4,59410.4,59346.4,59400,27965,1587845
1766472300000,59390.2,59410,59380,59406.4,10500,1588965
1766474100000,59406.4,59426.4,59400.4,59413.2,8155,1589805
1766475900000,59413.2,59443,59412.2,59425.4,16310,1589350
1766477700000,59425.4,59445,59410,59435.2,9975,1589980
1766479500000,59435,59461.2,59391.8,59392.4,30450,1580005
1766481300000,59393.6,59442,59385,59424.8,35420,1583785
1766483100000,59416.2,59426.2,59383.2,59386.6,39025,1583505
1766547900000,59437,59590,59370,59557,180320,1521240
1766549700000,59560,59574.6,59480,59527.8,46690,1513225
1766551500000,59529,59556.2,59500,59502,23660,1508360
1766553300000,59500,59525,59477.6,59514.8,16835,1501850
1766555100000,59514.8,59524.2,59454,59465,15330,1501535
1766556900000,59459,59479,59441,59452.6,39935,1492505
1766558700000,59451.2,59469,59429.4,59432.4,34265,1495760
1766560500000,59432.4,59449.8,59312,59325,81690,1494710
1766562300000,59320.2,59333.4,59240,59274.2,106330,1528415
1766564100000,59272.4,59319.8,59252.6,59281.8,44065,1523935
1766565900000,59281.6,59318,59260,59315,14455,1524425
1766567700000,59317,59335.4,59275,59278,40635,1503460
1766569500000,59275.4,59293.2,59221,59221,91070,1487150
1766720700000,59200,59230.6,59131.8,59152.8,83860,1368465
1766722500000,59152.6,59200.2,59135.4,59169.8,48930,1361255
1766724300000,59169.4,59202,59150.2,59200,31255,1354780
1766726100000,59200,59207.6,59121.2,59143.4,48755,1343440
1766727900000,59143.4,59143.4,59040.4,59071.8,80220,1342775
1766729700000,59074.8,59106.2,59058.4,59099.2,48860,1336755
1766731500000,59096,59109.8,59028.4,59060.2,46795,1339800
1766733300000,59065,59089,59043.8,59085,33670,1336720
1766735100000,59080,59103.2,59059.2,59083,44975,1327410
1766736900000,59082.8,59094,59043.2,59055.6,48860,1320480
1766738700000,59055.4,59060.2,59010,59045,48265,1318450
1766740500000,59051.8,59095,59031,59074,42140,1304310
1766742300000,59077.4,59077.4,59045,59055,42595,1293740
1766979900000,59114.8,59116.8,59033.4,59097.8,80290,981085
1766981700000,59096.8,59108.6,58941.6,58979,67270,967120
1766983500000,58978.8,58991.6,58911.6,58920.6,43120,955080
1766985300000,58926.2,58950.6,58887,58905,49700,948360
1766987100000,58902,58911.2,58831.8,58864,70700,937965
1766988900000,58864,58895,58854.2,58889.4,37310,934885
1766990700000,58889.4,58890.2,58846.8,58860,41125,946645
1766992500000,58859.8,58904.6,58850,58872.4,48580,954625
1766994300000,58878,58881.4,58836,58880,29015,943145
1766996100000,58880,58980.4,58873.4,58929.8,42070,924770
1766997900000,58929.8,59009.4,58888.4,58970.2,39725,901005
1766999700000,58988.4,58988.4,58930,58954,61285,880845
1767001500000,58942.2,58959,58928,58952.8,59080,882280
1767066300000,58820,58915.8,58761,58850.8,111755,638400
1767068100000,58852.2,58957.2,58778,58933.4,89670,619570
1767069900000,58933.4,59073,58925.2,58932.4,94780,591360
1767071700000,58932.4,58998.8,58888,58928,61915,577255
1767073500000,58928,58976.4,58897.4,58975.2,62720,557025
1767075300000,58966.2,58982,58855,58862.4,67340,550130
1767077100000,58861.4,58946,58860,58920,31850,519435
1767078900000,58928,58967.8,58886.6,58930,19635,503755
1767080700000,58929.6,59066,58908,59040.4,71435,478835
1767082500000,59050,59100,59023.8,59086,79905,444465
1767084300000,59080,59149.4,59018,59095,80535,412650
1767086100000,59095,59184,59072.8,59163.4,135205,432565
1767087900000,59165,59179,59157.8,59167.8,65520,407960
1767152700000,59615,59714.6,59555.2,59627.4,129720,1185900
1767154500000,59630,59699.2,59627.4,59699.2,30990,1190460
1767156300000,59700,59799,59686.2,59778,110880,1217580
1767158100000,59790,59829,59765.2,59779.8,55380,1229460
1767159900000,59785,59803.6,59730,59785,34860,1233870
1767161700000,59785,59820,59755.6,59818.8,27480,1238910
1767163500000,59815,59909,59803.6,59909,68220,1247100
1767165300000,59909,60043,59908.2,59984,110280,1249680
1767167100000,59987.6,60019.6,59877.2,59937,51570,1247700
1767168900000,59937,60000,59934.8,59980.2,27360,1250130
1767170700000,59980,59992.8,59931.2,59983.2,28200,1248660
1767172500000,59975.2,59982.8,59821.4,59880,107640,1229490
1767174300000,59880.2,59930,59870.2,59915,87750,1264950
1767239100000,59920,59976,59802.8,59938.8,52770,1258650
1767240900000,59932.4,59938.4,59853,59876.2,37200,1266060
1767242700000,59884.2,59975,59825.2,59955,36090,1262220
1767244500000,59959.2,59985.6,59940.2,59973.8,20430,1270410
1767246300000,59973.8,59992.2,59940,59943.4,29520,1280760
1767248100000,59941,59969,59920.8,59925,16140,1283400
1767249900000,59921.8,59955,59894.8,59911,21900,1286430
1767251700000,59910,59950,59909.8,59943.6,11340,1285980
1767253500000,59943.6,59952,59915,59944.4,14070,1289730
1767255300000,59944.4,59960.2,59930,59957.6,15360,1290720
1767257100000,59957.6,59965,59929.2,59946.6,17730,1298460
1767258900000,59949,59964.2,59935.4,59953.6,47250,1322490
1767260700000,59953,59964,59933.2,59962.2,33000,1323210
1767325500000,60020,60305.8,59971,60303.2,195180,1388910
1767327300000,60303.2,60319.8,60251.2,60273.2,84690,1401900
1767329100000,60286.4,60295,60250,60290.6,30390,1405350
1767330900000,60290.6,60296.8,60258,60285,15030,1412220
1767332700000,60284,60382.6,60280,60364.2,58920,1412160
1767334500000,60364.2,60400,60335,60395.6,32160,1410870
1767336300000,60399,60399,60346.2,60349.2,21960,1413210
1767338100000,60349.2,60377.2,60314.4,60340,16290,1415280
1767339900000,60340,60370,60333.6,60338,12570,1412460
1767341700000,60338,60375.8,60323.4,60350,15810,1411350
1767343500000,60334.6,60360,60279,60295.8,41790,1403700
1767345300000,60296,60347.6,60273,60327.8,99630,1410630
1767347100000,60320,60390,60310.2,60390,69000,1422300
1767584700000,60430,60500,60330,60418.6,175740,1418070
1767586500000,60421.6,60530,60384.4,60514.8,53700,1431900
1767588300000,60529,60538.4,60448.6,60485,34170,1431870
1767590100000,60482.6,60518,60448.6,60490.2,27030,1442160
1767591900000,60490.2,60496.4,60375.2,60446.8,21420,1440840
1767593700000,60447,60460,60395.8,60427.4,16410,1444260
1767595500000,60427.4,60461.8,60390,60412.8,9900,1445670
1767597300000,60412.8,60445,60305,60305,28920,1438830
1767599100000,60302.4,60325.6,60178.4,60215.2,105390,1396410
1767600900000,60215,60215,60016,60060,125220,1361250
1767602700000,60058,60215.6,60035,60206.6,78480,1345920
1767604500000,60210,60249,60165,60190.6,57870,1351800
1767606300000,60191.2,60195,60126.8,60157,62160,1372320
1767671100000,60201,60387,60142.2,60325.2,138330,1394910
1767672900000,60330.4,60460,60328,60432,75810,1425180
1767674700000,60433.6,60453,60370.4,60405.4,49410,1457220
1767676500000,60404.8,60425,60365.2,60376.2,28290,1475460
1767678300000,60389.6,60398,60285,60395,35460,1477620
1767680100000,60395,60425,60361.4,60405.2,21240,1486710
1767681900000,60405.2,60407.8,60352,60365,10050,1489140
1767683700000,60355,60405,60322.6,60380,16890,1489410
1767685500000,60380,60380,60256.6,60329,39360,1477470
1767687300000,60329,60342.4,60240,60247.6,22140,1479630
1767689100000,60249,60284.8,60200,60257.2,41340,1475850
1767690900000,60257.2,60317.8,60257.2,60310,22650,1477020
1767692700000,60303,60327,60300,60320,24630,1472400
1767757500000,60299.8,60299.8,60100,60105,147240,1409670
1767759300000,60100,60155,60075,60148,55110,1404000
1767761100000,60155,60215,60100,60166.2,32640,1402830
1767762900000,60166.2,60249.8,60140.2,60192,31440,1396020
1767764700000,60192,60270.2,60165.2,60211.4,29490,1390530
1767766500000,60215.2,60225.8,60117.6,60136,26130,1388460
1767768300000,60136.8,60161.4,60076.2,60080,26250,1387230
1767770100000,60080,60113.8,60055,60090.2,74880,1352160
1767771900000,60090.2,60100,59966,59998.4,95430,1329330
1767773700000,59998.4,60070,59985,60026.2,27330,1324380
1767775500000,60026,60124.6,60020,60110,20790,1318620
1767777300000,60110,60210,60083,60210,71700,1310550
1767779100000,60210,60215,60142.2,60170,58590,1303350
1767843900000,60110,60252.8,60033,60210,107100,1305390
1767845700000,60209.4,60228,60102,60143.2,48450,1308900
1767847500000,60126,60185,60098.8,60123.2,32550,1301340
1767849300000,60123.2,60153.8,59926,59955,100860,1281210
1767851100000,59956.6,59966.2,59817,59920.2,139950,1262670
1767852900000,59935.6,59940,59755,59894.8,80280,1259430
1767854700000,59890,59939.4,59860,59876.4,34050,1258050
1767856500000,59876.4,59940.2,59813.8,59920,28740,1249530
1767858300000,59911,59929.4,59850,59886.2,20970,1250220
1767860100000,59886.2,59973,59885.2,59960,42090,1246140
1767861900000,59962,60000,59912.4,59985.4,52740,1241370
1767863700000,59985.4,59995,59880,59904.8,45690,1225110
1767865500000,59895,59906.8,59850.4,59874.2,67440,1204560
1767930300000,59890,59930.4,59680,59773.6,159540,1188750
1767932100000,59770.8,59855.6,59716.4,59780,65130,1190490
1767933900000,59775.8,59870.2,59733,59790,33720,1189770
1767935700000,59781,59822.8,59682,59700,39150,1192830
1767937500000,59691.4,59722.2,59625,59655,83820,1198200
1767939300000,59655,59673.8,59630,59641,35160,1203570
1767941100000,59632,59659.6,59510.6,59534.2,98220,1201110
1767942900000,59534.2,59607.2,59510,59555,44370,1208940
1767944700000,59552,59617,59525.2,59537.2,40980,1213710
1767946500000,59535.6,59557.8,59496.2,59497,48420,1224270
1767948300000,59497,59527.8,59441,59510.2,93330,1251240
1767950100000,59499.2,59600,59490,59565.6,70830,1244430
1767951900000,59565.8,59565.8,59499.8,59525,58260,1247310
1768189500000,59600,59600,59265,59329,167760,1237500
1768191300000,59341.6,59411.4,59310.2,59344.6,51510,1249800
1768193100000,59347.6,59462.8,59321,59366.8,42150,1251540
1768194900000,59366.8,59396,59286.4,59295,21240,1257990
1768196700000,59287,59287,59127.6,59140,73080,1272270
1768198500000,59140,59335,59127.6,59334.2,46020,1280670
1768200300000,59330.2,59812.6,59307.8,59773.6,232920,1264260
1768202100000,59773.6,59792,59625,59775,67590,1263900
1768203900000,59760,59783.8,59665,59732.2,46950,1266990
1768205700000,59729.8,59756.8,59673.2,59690,36240,1279530
1768207500000,59690,59739.8,59568,59657.2,49020,1284540
1768209300000,59655.6,59760,59640,59693.2,46050,1288830
1768211100000,59700,59771.4,59693.6,59760,62250,1288920
1768275900000,59880,59930,59666,59720,152940,1256430
1768277700000,59720,59807,59637,59730,51330,1260900
1768279500000,59730,59837.2,59710.6,59765.8,35760,1259430
1768281300000,59754.6,59845,59742.8,59832.8,35700,1264830
1768283100000,59832.8,59878.2,59796,59843,37890,1255110
1768284900000,59840,59849.2,59705,59705,32280,1246980
1768286700000,59710,59760,59655.2,59690,30540,1246860
1768288500000,59689,59689.8,59450,59542,119670,1246470
1768290300000,59542,59589,59500.2,59577.4,30600,1244880
1768292100000,59575,59670,59495,59510.2,40830,1258860
1768293900000,59510.2,59668.6,59491.8,59660.4,36720,1259880
1768295700000,59660.4,59800,59645,59725.2,74250,1248600
1768297500000,59733.6,59779.8,59720,59739,47730,1251060
1768362300000,59690,59837,59600.2,59719.4,99810,1220070
1768364100000,59700.4,59770,59665.2,59698.4,33660,1223820
1768365900000,59695,59695,59580.2,59615,45510,1226490
1768367700000,59610.2,59788,59581.2,59775,43170,1227930
1768369500000,59772,59889.6,59770,59825,72480,1249350
1768371300000,59828.2,59865.8,59760,59771,28320,1256760
1768373100000,59760,59843.2,59732,59794.4,15660,1261470
1768374900000,59794.4,59899,59792.2,59894.8,26160,1256310
1768376700000,59894.8,59950,59801,59805,56550,1250730
1768378500000,59802,59845.2,59748,59815,36090,1250190
1768380300000,59815,59824.4,59668,59769,61470,1256340
1768382100000,59772,59860.6,59768.6,59775.6,32010,1259130
1768383900000,59775.4,59800.8,59765.6,59766.2,29430,1249980
1768535100000,59833,59977.2,59800,59977.2,116280,1232010
1768536900000,59985,60147.4,59960,60141.2,174120,1275570
1768538700000,60141.2,60280,60140.8,60173.8,170130,1305210
1768540500000,60178.6,60230,60111.6,60143,44970,1299630
1768542300000,60138,60236,60125,60147,42960,1298370
1768544100000,60142.2,60218,60125,60213.6,32520,1296840
1768545900000,60213.6,60220,60045.2,60171.4,58890,1299840
1768547700000,60166.8,60179.2,60075,60085.2,34140,1292730
1768549500000,60085.2,60189.6,60057,60137,74730,1292490
1768551300000,60139.6,60184.4,60085,60134.2,30990,1300890
1768553100000,60131.8,60183.2,60109.8,60168.8,63120,1326510
1768554900000,60175,60203.8,60132,60185.4,68040,1349850
1768556700000,60187.8,60240,60172,60210,65790,1356810
1768794300000,60055,60058,59814.6,59830,188160,1263900
1768796100000,59838.6,59864,59692.8,59756,150120,1234380
1768797900000,59755.2,59813.8,59732,59760,46410,1231020
1768799700000,59760,59849.8,59751,59784.8,35130,1221900
1768801500000,59785.8,59817.6,59766.2,59813.8,9090,1219470
1768803300000,59813.8,59838,59750.6,59805,21360,1217850
1768805100000,59805,59888,59805,59848.8,26820,1213560
1768806900000,59843.2,59920.2,59821,59880,30720,1212810
1768808700000,59889.8,59933.8,59839.6,59870,23670,1211070
1768810500000,59875,60045,59860.2,59920.2,66930,1201200
1768812300000,59931.4,59970,59921.6,59952,22020,1200840
1768814100000,59956.6,59999.8,59900,59909.2,32070,1199850
1768815900000,59903.2,59919,59862.4,59875,51210,1185750
1768880700000,59944,59975,59792.8,59813.6,112770,1161300
1768882500000,59802.2,59814,59718.6,59765,55950,1159680
1768884300000,59763,59817.4,59750,59777.2,28290,1155090
1768886100000,59777,59797,59717.6,59779,48120,1139310
1768887900000,59768.2,59827.6,59762.6,59824.8,14100,1137000
1768889700000,59824.8,59875,59750.2,59775,77610,1160100
1768891500000,59775,59791.8,59719,59719.8,34500,1128090
1768893300000,59719.8,59777.8,59703.8,59766.2,33480,1130790
1768895100000,59752.4,59798,59656.6,59684,37320,1127940
1768896900000,59672.8,59689.8,59557.4,59571.2,99480,1142940
1768898700000,59569,59655,59561,59617.6,37260,1145520
1768900500000,59617.6,59639.6,59460,59465,131460,1179090
1768902300000,59465,59518.6,59402.8,59459.4,114510,1206900
1768967100000,59458.8,59543.4,59333,59354.8,117990,1109940
1768968900000,59344.8,59350.4,59090,59101,104910,1114530
1768970700000,59090,59097.8,58900,58909,100530,1117260
1768972500000,58909,58915,58350,58770.2,235470,1094280
1768974300000,58754.8,58799.8,58668.8,58694.2,50460,1096170
1768976100000,58694.2,58936,58694.2,58930.6,102840,1106640
1768977900000,58928.8,59169.8,58820,59117,130980,1108170
1768979700000,59117,59394.8,59095.4,59120,154920,1084080
1768981500000,59133.6,59180.2,58985.6,59017.8,75840,1084020
1768983300000,59021.6,59041.2,58848,58900,63270,1105200
1768985100000,58893.2,59030,58856,58952.2,75090,1132440
1768986900000,58952,58985,58835,58864.4,47730,1146540
1768988700000,58842.2,58873.4,58794.8,58854.8,41190,1152750
1769053500000,59160,59631.8,59121.2,59567.6,306840,1123230
1769055300000,59567.6,59603,59408,59441.4,98880,1096560
1769057100000,59431.8,59466.6,59000,59226.4,160950,1076280
1769058900000,59226.4,59226.4,58970,59021.8,92280,1076370
1769060700000,59045.2,59191,58973.2,59002.8,55500,1089360
1769062500000,58991.8,59123.4,58913,59108.4,37410,1097160
1769064300000,59100,59287,59073.6,59187.6,52860,1104930
1769066100000,59210,59243.8,59040,59089.8,37380,1106160
1769067900000,59089.8,59225,59067.4,59169.8,29070,1114500
1769069700000,59169.8,59266,59138.4,59155,38280,1121820
1769071500000,59150.6,59389.8,59142.2,59294.2,75450,1127550
1769073300000,59294.2,59355,59180,59320.4,56910,1085340
1769075100000,59320.6,59424.8,59317,59390,51720,1081560
1769139900000,59463,59464,59175.2,59194.6,86370,931110
1769141700000,59196,59256.8,59119.8,59174.6,81480,952800
1769143500000,59169,59296.6,59122.6,59240.6,51720,955980
1769145300000,59248,59350,59170.2,59286,36300,964410
1769147100000,59304.8,59315,59065,59104.6,73740,972030
1769148900000,59102,59110.6,59000,59025,67530,985350
1769150700000,59025.6,59195,59025.6,59169.6,46410,990960
1769152500000,59169.6,59244.8,59060,59100,42090,975960
1769154300000,59100,59103,58651,58656.6,134100,983460
1769156100000,58653.6,58708.8,58620,58656,59970,978330
1769157900000,58671.8,58775.4,58538,58733,120630,983820
1769159700000,58750,58773.8,58585.4,58634,89040,961470
1769161500000,58634,58655,58370,58470.2,156090,967290
1769485500000,58559.6,58667,58132.8,58667,176130,778470
1769487300000,58670,58720.8,58521,58698,85560,763890
1769489100000,58696.2,58787,58430.6,58440.2,74400,745920
1769490900000,58450.4,58624,58368.2,58551.4,65070,728880
1769492700000,58555,58838,58531.2,58832.6,92460,722040
1769494500000,58818,58841.2,58610,58749.8,52770,709380
1769496300000,58749.8,58799.4,58625.2,58673,39060,693330
1769498100000,58673,58758,58579.6,58725,33780,689490
1769499900000,58725,58890,58615.6,58670.8,83850,686520
1769501700000,58670.8,58779.8,58625,58717.4,40980,671340
1769503500000,58722.6,58924.6,58691.6,58887.4,57660,658080
1769505300000,58888,59149,58880,59136,118620,632460
1769507100000,59135,59226.2,59130,59205,52830,608910
1769571900000,59880,59906,59681.2,59780,307020,1273350
1769573700000,59779.2,59843,59699,59737.8,92520,1299840
1769575500000,59733.2,59829.8,59655.6,59793.8,65100,1309140
1769577300000,59798.6,59885,59760.2,59845,37230,1318980
1769579100000,59845.8,59977,59835.4,59835.4,71010,1329990
1769580900000,59835.4,59894,59800,59803.6,25410,1329360
1769582700000,59804,59832,59738,59804.8,25380,1323480
1769584500000,59804.8,59833.2,59730,59823.6,23700,1325520
1769586300000,59823.6,59850,59576,59596.2,76650,1321650
1769588100000,59587.6,59662,59555,59585.8,45120,1323360
1769589900000,59585,59709,59532.2,59698,32100,1323120
1769591700000,59698,59896,59698,59835.8,113700,1349430
1769593500000,59847.6,59889.2,59833,59840,59790,1371630
1769658300000,59900,59900,59705,59791.6,102240,1358010
1769660100000,59778.2,59899,59725,59855,80580,1380630
1769661900000,59855,59899,59800,59837,71760,1401060
1769663700000,59826,60000,59820,59990,91530,1407930
1769665500000,59998,60081.8,59950,59981.2,76500,1435500
1769667300000,59981.2,60034.4,59937.6,60021.2,31680,1428480
1769669100000,60021.4,60114,60000,60037,42030,1433610
1769670900000,60036,60200,60013,60169,65790,1433010
1769672700000,60173.2,60186.8,60053,60182.4,38550,1434420
1769674500000,60182.4,60224.6,60109.2,60167.6,59100,1436430
1769676300000,60173,60239.2,60129.4,60216.2,56220,1427160
1769678100000,60224.8,60260.6,60120,60160,86850,1425480
1769679900000,60159.2,60255,60151.8,60246,91530,1449150
1769744700000,60050,60050,59850,59975.2,180270,1412070
1769746500000,59966.6,60150,59955.2,60150,90930,1410300
1769748300000,60150,60170,60019.6,60092.8,48420,1411680
1769750100000,60092.8,60137,60006,60025.2,36840,1422570
1769751900000,60020.2,60086.6,59958,60041,30000,1425630
1769753700000,60041.6,60050,59945,60035.8,32280,1420290
1769755500000,60047,60080,59996,60000,17520,1422210
1769757300000,60000,60042.6,59859.8,59879.6,70290,1391700
1769759100000,59861,59995,59750,59972,110010,1368960
1769760900000,59972,60059.8,59926,60028,49380,1383750
1769762700000,60030,60050,59913,59933.2,20340,1389780
1769764500000,59938.4,59995,59863.2,59935.8,58200,1379370
1769766300000,59930,59960,59869.2,59900,66930,1359630
1769917500000,59950,59983,59791.6,59880.2,108150,1323840
1769919300000,59887.8,59938.8,59700,59893.6,64710,1328610
1769921100000,59894.8,60059.8,59885.2,59975.2,63960,1342440
1769922900000,59975,60090,59929,59994.8,157530,1362570
1769924700000,59981.4,60095,59799.4,59820.2,82890,1377000
1769926500000,59830,59869.6,59500,59564.8,213180,1386330
1769928300000,59551.4,59569.2,58046,59130,550920,1432620
1769930100000,59125,59299,58970,59213,135690,1432770
1769931900000,59221,59330.2,59057,59143.8,76770,1445370
1769933700000,59154.6,59186.2,58994,59050,99600,1466700
1769935500000,59041.6,59194.8,58997.4,59068.4,45540,1486710
1769937300000,59065,59106,58751.4,58752.2,145560,1549980
1769939100000,58751,58752,58595,58612.4,138960,1617180
1770003900000,58611,58818.2,58500,58566,240630,1530780
1770005700000,58566,58757.2,58380,58534.4,169530,1589070
1770007500000,58512.8,58623,58470.4,58485,75000,1599000
1770009300000,58486.8,58507.4,58151,58285,173700,1684320
1770011100000,58275.8,58498.4,58177,58487.6,94590,1708980
1770012900000,58487.6,58556,58397.2,58542.8,57360,1723650
1770014700000,58542.8,58641.2,58437.2,58469.2,56520,1688280
1770016500000,58469.2,58626,58450,58550,39030,1694670
1770018300000,58550,58647.4,58339.6,58645.4,70950,1705290
1770020100000,58632,58740,58557.2,58640,79350,1667400
1770021900000,58646,58677,58545.8,58592.6,31020,1659960
1770023700000,58598.2,58870,58579.6,58820.8,125550,1641570
1770025500000,58816.4,58889.8,58816.4,58841.8,55410,1639290
1770090300000,60999,61299.8,60052.6,60088.4,1251510,1381140
1770092100000,60099.6,60260,59960,60044.8,162270,1363920
1770093900000,60045,60334.6,60045,60286,195270,1347450
1770095700000,60286,60390,60230.2,60306.4,132660,1404990
1770097500000,60306.4,60432,60283.4,60385.8,66840,1413420
1770099300000,60388.6,60405.8,60310.8,60339.6,40680,1411740
1770101100000,60342,60350.6,60212.2,60274.8,53250,1406850
1770102900000,60276,60316,60236.2,60295.4,28140,1410240
1770104700000,60294.8,60343.2,60181.8,60330,36150,1414770
1770106500000,60330.6,60341.2,60241.8,60296.2,28140,1406100
1770108300000,60296.6,60328.4,60250.2,60270,42600,1394430
1770110100000,60269.6,60300,60142,60201.4,71790,1385280
1770111900000,60199.2,60245,60181.2,60200,82470,1409190
1770176700000,60180,60418.2,60061.4,60393.6,298110,1454160
1770178500000,60395.2,60478.4,60354,60427,67440,1455420
1770180300000,60425.8,60434.8,60304.4,60350,40320,1454160
1770182100000,60347.4,60427.2,60332,60366.2,27960,1450680
1770183900000,60373.4,60380,60287,60344.2,44100,1437000
1770185700000,60344.2,60409.8,60325,60399.8,33810,1434060
1770187500000,60400,60414,60332.2,60370,17070,1437090
1770189300000,60352.2,60375,60277,60361,36120,1436910
1770191100000,60365.4,60455,60340.2,60420,56130,1451820
1770192900000,60420,60500,60401,60500,43830,1459410
1770194700000,60500,60589.4,60462.4,60518.2,89670,1493850
1770196500000,60512.8,60518.4,60411,60440,58890,1521840
1770198300000,60442.4,60459.8,60375.2,60398.2,61050,1529190
1770263100000,60439,60439,60272,60305,94440,1521180
1770264900000,60300.2,60345,60235.2,60345,61530,1523670
1770266700000,60345,60398,60190,60191.2,53160,1522830
1770268500000,60185,60270,60161,60255,40140,1511610
1770270300000,60236.8,60284.4,60183.8,60260,14460,1509660
1770272100000,60260,60280,60192.6,60205,10410,1511100
1770273900000,60205,60246.4,60151,60217,18300,1508970
1770275700000,60217,60251.8,60182,60216,13620,1508130
1770277500000,60216,60260,60184.2,60216,16590,1509990
1770279300000,60230.6,60240,60130,60180.8,37560,1508400
1770281100000,60159.6,60216.6,60121,60179.8,42750,1505490
1770282900000,60177.6,60300,60175.4,60269,36720,1490310
1770284700000,60269,60278,60210,60227.4,43710,1476330
1770349500000,60140,60275.2,60115.4,60158.8,73200,1459770
1770351300000,60171.8,60199,60030.4,60075,73590,1469400
1770353100000,60075,60169.8,59836,59875.6,125430,1443480
1770354900000,59876.8,59991,59845,59971.6,51540,1437780
1770356700000,59988,60158,59935.2,60118,62310,1436280
1770358500000,60101.4,60175,60019.6,60094.8,46170,1435650
1770360300000,60083,60095,59921,59999.8,28410,1435470
1770362100000,59999.8,60050,59982.6,59989.4,17250,1434510
1770363900000,59986.6,60059.6,59962,60038.4,13860,1432980
1770365700000,60039,60175,60026.2,60126.2,30480,1431120
1770367500000,60127.8,60197.6,60102.6,60165.2,18870,1431090
1770369300000,60168,60290.2,60133,60258.6,66840,1432710
1770371100000,60258.6,60275,60216.4,60223.6,41790,1427580
1770608700000,60458,60819.2,60458,60720,349800,1514550
1770610500000,60720,60787.4,60707.2,60743.6,86460,1567050
1770612300000,60732,60786.6,60680,60772.2,72480,1612620
1770614100000,60770.8,60809,60730.2,60745,50610,1642740
1770615900000,60745,60766,60710.2,60730.2,14250,1644840
1770617700000,60735,60768.6,60685,60746.6,37200,1650990
1770619500000,60742,60755.4,60691.8,60704.8,18840,1654350
1770621300000,60699.8,60733,60631.6,60699.8,38790,1648680
1770623100000,60699.8,60728,60663.6,60697.4,14460,1651830
1770624900000,60697.4,60720,60681.4,60713.8,11850,1651650
1770626700000,60713.8,60759.8,60690,60712.2,28650,1648170
1770628500000,60712.2,60750,60684.8,60733.4,41910,1651590
1770630300000,60734.8,60745.6,60707,60728.8,49200,1664670
1770695100000,60775,60830,60722,60780,69630,1621020
1770696900000,60780,60790,60700.2,60765,44550,1623000
1770698700000,60751.8,60856.8,60740,60814.6,48720,1627770
1770700500000,60826.6,60828.2,60782.2,60820,47460,1637130
1770702300000,60828,60842.4,60780,60800,38490,1642590
1770704100000,60800,60818.2,60780.4,60799.4,12480,1642680
1770705900000,60799.4,60826,60795,60825,16170,1643520
1770707700000,60825,60850,60805,60810,17490,1648020
1770709500000,60810,60822.6,60680.2,60725.8,50520,1637190
1770711300000,60725.8,60725.8,60640,60716,53220,1630890
1770713100000,60716,60743.8,60700.4,60722.8,21420,1630320
1770714900000,60722.8,60755,60706.4,60725,27780,1626840
1770716700000,60720,60722,60670,60683.6,47790,1636620
1770781500000,60800,60800,60600,60610,91770,1611300
1770783300000,60600,60713,60600,60628,44430,1617300
1770785100000,60646.6,60796,60635,60763.8,52020,1617810
1770786900000,60760,60780,60714,60758,28230,1627500
1770788700000,60758,60838,60734.8,60775,50940,1623840
1770790500000,60774.2,60799.6,60725.2,60735,24330,1613730
1770792300000,60738,60755,60701,60725.8,34170,1618530
1770794100000,60725.8,60776.8,60703,60738,17730,1623450
1770795900000,60735.2,60818,60735.2,60796.4,23850,1618350
1770797700000,60790,60818,60760.2,60814,15570,1620990
1770799500000,60813.8,60835,60757,60792,19980,1624650
1770801300000,60799,60818,60778.4,60800,35370,1632630
1770803100000,60811.2,60822.2,60802.2,60820,33750,1626540
1770867900000,60850,60865,60733,60838.2,75540,1612200
1770869700000,60845,60901,60832,60900,38940,1623660
1770871500000,60900,60920,60842,60842,31500,1631550
1770873300000,60842,60891,60833.8,60862.4,18390,1635000
1770875100000,60865.4,60870.2,60771.8,60818.2,44040,1635990
1770876900000,60819,60825.6,60761,60772.8,41400,1639770
1770878700000,60771.4,60842.4,60770.2,60809.8,22560,1615290
1770880500000,60809.8,60864,60795.6,60799,27120,1619940
1770882300000,60799,60870,60799,60837.6,18570,1610520
1770884100000,60837.6,60855,60801,60832.6,16200,1614840
1770885900000,60830.4,60840,60771.4,60788.2,37470,1620120
1770887700000,60779,60847.4,60682,60803.2,174780,1575810
1770889500000,60807.4,60823.4,60771,60785,42960,1585410
1770954300000,60675,60675,60521,60566.2,170430,1400040
1770956100000,60562.8,60601,60502.4,60506,60270,1406370
1770957900000,60506,60579,60461.2,60541.2,66420,1397310
1770959700000,60541.2,60541.2,60380.2,60421.8,80520,1377630
1770961500000,60418,60444,60365,60423,43020,1369260
1770963300000,60423,60443,60390,60425.8,21870,1363050
1770965100000,60426.2,60519.8,60410.4,60464.4,30510,1364340
1770966900000,60464.4,60505.2,60411.2,60455,18780,1361880
1770968700000,60455,60468.4,60407.2,60424,13140,1359270
1770970500000,60423.2,60446.8,60375,60425.8,36990,1344840
1770972300000,60425.8,60458.8,60401.2,60416.8,12270,1341330
1770974100000,60429.4,60429.8,60382.4,60382.4,69450,1318440
1770975900000,60382.6,60398.8,60217,60267,124410,1307160
1771213500000,60225,60386,60121.4,60291.2,121200,1283190
1771215300000,60291.2,60492,60258,60488,60630,1295220
1771217100000,60485,60531.2,60415,60430,49080,1298190
1771218900000,60430,60525,60422,60484.4,23220,1304940
1771220700000,60484.4,60550,60450.4,60480.6,28800,1307850
1771222500000,60479.2,60544,60454.8,60517.2,18810,1316310
1771224300000,60525.6,60830.4,60500,60760,163980,1357470
1771226100000,60760.2,60805,60705.4,60794,46410,1376460
1771227900000,60795.4,60849.4,60758,60834.8,44130,1389990
1771229700000,60832,60849.2,60752,60807,35940,1398450
1771231500000,60807.2,60887.8,60806.6,60878.8,84840,1421340
1771233300000,60881.8,60987.6,60860,60976.2,108480,1444770
1771235100000,60972,61034.2,60942.6,61029,99840,1470720
1771299900000,60910,60910,60632,60777,138210,1403430
1771301700000,60768,60900,60704.6,60888,51720,1402920
1771303500000,60890,61178,60881,60955.4,118440,1413180
1771305300000,60974.8,61035,60941,61025.8,30810,1408650
1771307100000,61029,61120,61012.8,61032.8,23580,1411530
1771308900000,61036.4,61127.6,61036.4,61109,19830,1413690
1771310700000,61109.2,61145,61045.2,61125.6,27450,1419150
1771312500000,61125,61150,61075.2,61110.4,32100,1420500
1771314300000,61101,61198,61085,61145.8,38820,1431360
1771316100000,61145.8,61160,61015,61042.2,27570,1428510
1771317900000,61042,61125.2,61028.6,61099.8,16980,1430970
1771319700000,61096,61128,61064,61119.4,23910,1436040
1771321500000,61119.2,61124.4,61100,61110.4,37110,1439730
1771386300000,61110,61281.4,61053.2,61271.8,114870,1458900
1771388100000,61269.4,61272.4,61114.8,61197,81930,1468530
1771389900000,61182,61220,61139.6,61150.2,30630,1471380
1771391700000,61142.6,61238,61122,61210.8,22260,1477110
1771393500000,61210.8,61250,61134.8,61210,21270,1484370
1771395300000,61210,61250,61196.2,61229,16140,1486440
1771397100000,61230.2,61298,61206,61280,45540,1479000
1771398900000,61283.4,61300,61255,61293.8,23700,1478790
1771400700000,61296,61320,61255,61267.8,29910,1487010
1771402500000,61272.8,61315,61230.4,61306.6,23640,1487010
1771404300000,61310,61499,61290,61456,80520,1491960
1771406100000,61456,61568.2,61440,61483,77640,1509780
1771407900000,61481.4,61515.8,61475.6,61497.2,74580,1546230
1771472700000,61590,61590,61353.8,61407,85380,1434810
1771474500000,61408,61479.6,61327.8,61342,61140,1422060
1771476300000,61325,61367.8,61219,61280,85320,1391610
1771478100000,61280,61344,61249.4,61279,29010,1384740
1771479900000,61281,61320,61180,61211,70710,1363230
1771481700000,61211,61227.2,61050,61050,67350,1350540
1771483500000,61053,61150,60972.2,61007.2,110070,1325460
1771485300000,60986.8,61127.2,60965,61088,61770,1312290
1771487100000,61090.2,61124.2,61023.2,61061,62010,1302990
1771488900000,61060.8,61073.8,60918,61010.4,54570,1295970
1771490700000,61014.2,61060,60860,60860.8,57600,1272450
1771492500000,60878.2,60885,60735,60735.8,134100,1249440
1771494300000,60749.8,60750,60616.2,60640,113940,1212240
1771559100000,60632,60999.8,60632,60980,149220,1137240
1771560900000,60980,61141,60980,61032.4,92430,1126320
1771562700000,61041,61219,61041,61195,135990,1119510
1771564500000,61195,61250,61112,61121,106350,1088220
1771566300000,61139,61249,61138,61210.6,33930,1082160
1771568100000,61224.6,61245,61170.8,61210.6,27660,1057320
1771569900000,61208.6,61400,61208.6,61273.8,105540,1064580
1771571700000,61261.2,61299.6,60977,61055,87870,1054860
1771573500000,61055,61250,60995.6,61179.8,65940,1057680
1771575300000,61187.4,61289.2,61171.2,61248.6,55560,1057710
1771577100000,61254.2,61294.8,61170.2,61242,43080,1060380
1771578900000,61242,61327.6,61124.2,61175.4,74550,1077060
1771580700000,61192,61220.6,61101,61161.2,49410,1082130
1771818300000,61266,61500,61112.2,61293.2,137310,887160
1771820100000,61289.6,61360,61222,61319,68400,894690
1771821900000,61313.4,61371,61177.6,61181,46800,898080
1771823700000,61175.4,61315.2,61100.2,61296,68610,915600
1771825500000,61308.2,61308.4,61167.8,61197.2,35640,903360
1771827300000,61178,61215.8,61084.4,61133.6,38670,876540
1771829100000,61155,61199.8,61020.2,61179,46020,877890
1771830900000,61180,61219.6,61085,61090,31530,890070
1771832700000,61086.2,61199,61030,61150,27060,888030
1771834500000,61164.8,61164.8,61025.8,61070.2,41010,881640
1771836300000,61087.8,61277.8,61051,61159.4,55410,883440
1771838100000,61174.8,61264,61150,61240,51090,870360
1771839900000,61243.4,61290,61202.8,61219,33330,861810
1771904700000,61110,61250,61050,61196.4,76770,680730
1771906500000,61196.8,61333,61190.2,61215.8,69540,688980
1771908300000,61215.8,61312.8,61180,61276.8,49560,678210
1771910100000,61261.6,61295,61176,61270,46380,648390
1771911900000,61270,61435,61257.8,61326,105540,680100
1771913700000,61320,61320.4,61201,61235.6,37560,668640
1771915500000,61235.6,61235.6,60984.6,61017.4,69570,641340
1771917300000,61008.2,61090,60934.8,61043.8,48630,621000
1771919100000,61043,61043,60805,60899.6,52830,601950
1771920900000,60899.6,61108.6,60881,61095.4,39180,594150
1771922700000,61110,61161,60972.2,60983.6,39570,579330
1771924500000,60971.2,61160,60939,61031.8,96330,562980
1771926300000,61030.8,61065.6,61029.6,61042.2,45030,531630
1771991100000,61549.8,61680,61473.2,61553.8,123390,1350780
1771992900000,61557.6,61644,61502.2,61602,56040,1351080
1771994700000,61617.8,61659.4,61563,61563,26640,1351050
1771996500000,61563,61570,61465,61499.6,38460,1352460
1771998300000,61499.8,61513,61450,61474.8,29970,1352130
1772000100000,61474.8,61513.2,61418.8,61427.2,20850,1351890
1772001900000,61427.2,61487.4,61285.8,61296.8,62400,1351350
1772003700000,61300,61300,61158,61200,180870,1423710
1772005500000,61196.8,61284.6,61171.4,61220,33990,1424340
1772007300000,61220,61270,61151,61210,37560,1423050
1772009100000,61210,61354,61210,61276.4,37590,1415880
1772010900000,61276.4,61400.6,61262.4,61365.8,52410,1405890
1772012700000,61370,61399,61342,61369.2,31080,1406580
1772077500000,61401,61570,61400,61527,92910,1373850
1772079300000,61527.2,61548.8,61436.2,61485.4,32010,1378050
1772081100000,61485,61493.4,61330,61399.8,38880,1380480
1772082900000,61399.8,61441.4,61345,61400.4,14400,1380540
1772084700000,61400.4,61470,61330,61339,22800,1382130
1772086500000,61330,61370,61282,61288,27870,1388280
1772088300000,61281,61306.8,61156.2,61250,51150,1392000
1772090100000,61261,61270.4,61196,61211,10290,1392450
1772091900000,61212,61280.8,61200,61275,13500,1391100
1772093700000,61275,61282.2,61188,61270,17610,1389750
1772095500000,61270,61443,61241.4,61439,46980,1379220
1772097300000,61440,61555,61434,61499.8,92580,1361910
1772099100000,61500,61515,61465.2,61477,39630,1377030
1772163900000,61467,61467,61180,61199.4,141150,1383510
1772165700000,61194,61194,60975,61039,184830,1404870
1772167500000,61039.2,61136.8,60977,61050.2,46050,1418760
1772169300000,61050.2,61099,61014.6,61099,17040,1420680
1772171100000,61103.8,61120,60956,61037.4,44730,1434030
1772172900000,61037.4,61146,61025.6,61054.4,32700,1428960
1772174700000,61050.2,61087.8,61010,61036.6,21510,1431030
1772176500000,61036.6,61070.6,61010.2,61031.6,14730,1429350
1772178300000,61038.4,61059,60992.2,61040.8,26880,1433160
1772180100000,61040.8,61181,61032.2,61109.6,40320,1427550
1772181900000,61111,61144,61056.6,61098.8,18270,1428600
1772183700000,61095.2,61148.6,60824.4,60913.6,197430,1488810
1772185500000,60913.8,60927.8,60828.8,60870,109410,1497270
1772423100000,60340,60622.2,60054.6,60538.4,474990,1626150
1772424900000,60538.4,60542.2,60275.4,60321.8,119490,1667070
1772426700000,60322,60344,60156,60156,92670,1702500
1772428500000,60158.2,60305.2,60141,60253.2,52920,1730880
1772430300000,60261.6,60293.4,60205.6,60249.6,47760,1764060
1772432100000,60255,60293.8,60130,60130,70230,1796760
1772433900000,60125,60189.8,60035.6,60039.8,62850,1813290
1772435700000,60035.6,60131.6,60005,60041.6,51690,1836390
1772437500000,60041.6,60064.8,59918.4,59964.8,60510,1859010
1772439300000,59953.8,60160,59749.8,60138.4,123780,1885590
1772441100000,60143.2,60284.8,60035.2,60228,96570,1904820
1772442900000,60213.4,60284.8,60120,60239.8,62490,1911000
1772444700000,60244.6,60260.2,60197.4,60255,71010,1919310
1772595900000,59455,59455,59036.2,59140,552270,1789230
1772597700000,59140,59143.8,58899.2,59082,146280,1829250
1772599500000,59082,59098.2,58924.4,58960.2,92310,1859070
1772601300000,58960.2,59059.4,58826,59005,87180,1893720
1772603100000,59005,59010.6,58860,58880,57330,1904880
1772604900000,58880,58938.2,58850,58851.8,26040,1911360
1772606700000,58854.2,58925,58846.4,58897.4,28440,1918410
1772608500000,58887.8,59094,58873.2,59090,69780,1913790
1772610300000,59088,59103,58978.8,59046,35010,1914180
1772612100000,59050,59320,58983.8,59320,74190,1907670
1772613900000,59320,59382.6,59181,59312.2,94890,1899090
1772615700000,59312.2,59396.8,59032.8,59078.4,106260,1901790
1772617500000,59078.6,59120,59003.6,59109.2,70470,1915620
1772682300000,59300,59388,59160.4,59299,163800,1949700
1772684100000,59299,59358,59202,59254.4,56310,1957440
1772685900000,59250,59310,59167.4,59307.6,39510,1962150
1772687700000,59309.6,59419.8,59220,59378.4,72960,1963980
1772689500000,59378.4,59400,59166,59181.2,52500,1978380
1772691300000,59181,59181,59010,59090,87840,2008110
1772693100000,59085,59237,59034,59120,51210,2000310
1772694900000,59111.2,59220,59060.2,59145.4,30150,1998600
1772696700000,59160.4,59176,58975.2,59015,54690,2011590
1772698500000,59000,59046,58865,58890.8,87720,2035080
1772700300000,58876,59348.8,58840,59285.2,184260,1999920
1772702100000,59280.2,59640,59225.6,59246.2,272370,1973460
1772703900000,59250.6,59353,59180,59280,82200,1980930
1772768700000,58988.6,59077.2,58784,58907.6,222990,2017470
1772770500000,58903.8,58973,58735,58763,80850,2039400
1772772300000,58771,58814.4,58657,58750,85110,2063940
1772774100000,58750,58814.8,58660.6,58705,51450,2055900
1772775900000,58705,58800,58638,58725,44940,2060730
1772777700000,58725,58745.4,58636,58694.2,40020,2079240
1772779500000,58681,58709,58561,58663.2,43140,2086800
1772781300000,58663.2,58683.4,58591.2,58620,26010,2088750
1772783100000,58619.8,58679,58570,58604,33900,2098650
1772784900000,58604,58634,58511,58590,60810,2124420
1772786700000,58590,58648.4,58383.6,58400,89010,2134380
1772788500000,58400,58478,58000,58025,225720,2194830
1772790300000,58019.8,58117.4,57950.2,58020,195390,2202420
1773027900000,56400,56901,55614.2,55680,606090,2270940
1773029700000,55670,55882.2,55527.4,55783.4,173880,2312190
1773031500000,55781.6,55781.6,55562.8,55650.8,90600,2354280
1773033300000,55670.4,56187,55595,55910,232650,2334930
1773035100000,55903.8,56289,55855,56180,105420,2328390
1773036900000,56180,56190.8,55950.2,56010,67080,2347470
1773038700000,56008.2,56094,55930,56057.8,50220,2376120
1773040500000,56057.8,56145.4,55966.8,56032.4,40560,2386740
1773042300000,56037,56250,55982.4,56142.2,54390,2393310
1773044100000,56135.2,56135.2,55917,55940.4,39390,2403390
1773045900000,55968,56139,55870,56091.4,51810,2399340
1773047700000,56108.6,56427,56084.6,56406.2,188850,2367270
1773049500000,56407.6,56420,56278.2,56278.4,71460,2366100
1773114300000,56950,57014.6,56636.2,56819,235230,2299200
1773116100000,56811.8,56939.4,56700.2,56917.8,95640,2285850
1773117900000,56917.6,57179.8,56915,57108,149130,2266950
1773119700000,57117.4,57199,57023.2,57135,75990,2258460
1773121500000,57135,57229,57071.2,57209,52200,2247420
1773123300000,57219.4,57221,57030,57030,31950,2245560
1773125100000,57023.2,57054.4,56870,56955,78420,2247810
1773126900000,56955.6,57210,56931.6,57111.4,68610,2238420
1773128700000,57123,57230,57018.8,57170.8,36240,2244150
1773130500000,57170.6,57379.2,57123,57366.6,72690,2239530
1773132300000,57370,57397,57060.2,57166,77400,2241750
1773134100000,57168.4,57280,57100.6,57243.8,51930,2241000
1773135900000,57242,57379,57240,57341.6,116130,2224590
1773200700000,57250,57279.2,56910,56961,189480,2172900
1773202500000,56951.2,57018.8,56810,56838.8,86580,2185680
1773204300000,56825,56878.2,56641.6,56665.6,94140,2187090
1773206100000,56665,56747,56575.6,56608.6,68940,2192820
1773207900000,56609.6,56619.4,56255.2,56372,204000,2230320
1773209700000,56375,56410.2,56265,56394,83820,2238630
1773211500000,56375.6,56474,56251,56389.2,52710,2238450
1773213300000,56399.8,56419,56175.2,56193.4,67890,2245710
1773215100000,56193.4,56348,56116.2,56215.4,101340,2260170
1773216900000,56215.4,56286.2,56156.8,56180.2,42930,2269620
1773218700000,56193.8,56336.2,56060,56152.4,82170,2282100
1773220500000,56152.4,56198,55900,55925,128610,2295060
1773222300000,55927.4,55980,55825.6,55834.2,177000,2302260
1773287100000,55000,55336,55000,55221.6,288210,2259270
1773288900000,55233.6,55538,55200,55300,194610,2290890
1773290700000,55277.8,55583,55227.8,55484.4,136710,2286150
1773292500000,55483.6,55635,55410,55520.8,58980,2280510
1773294300000,55542,55559.4,55304,55375.8,68550,2281350
1773296100000,55375.8,55490,55284,55473.6,48570,2282370
1773297900000,55485,55600,55380.2,55435.4,61170,2266530
1773299700000,55457.4,55489.2,55328.8,55472.4,35730,2268960
1773301500000,55460,55923,55454,55773.4,131670,2264130
1773303300000,55780.6,55847.8,55514.2,55668.4,81420,2257890
1773305100000,55676.4,55748,55421,55450.8,69450,2274720
1773306900000,55425,55467.6,55225.8,55360,120300,2266020
1773308700000,55376.8,55440,55360,55438.6,52380,2275680
1773373500000,55025,55025,54624,54671.6,262500,2232510
1773375300000,54671.6,54677.2,54351,54398.2,167550,2259930
1773377100000,54398.2,54433.6,54235,54287.8,128820,2266710
1773378900000,54297.2,54429.6,54191,54310,88920,2284950
1773380700000,54310,54527.6,54279.4,54498,105690,2284620
1773382500000,54502.2,54502.2,54266,54302.4,56190,2289990
1773384300000,54303.2,54319.2,53934.8,53978.6,114990,2300910
1773386100000,53978.6,54209,53955.4,54016,70170,2304990
1773387900000,54020.2,54096.6,53870.2,53945.6,97920,2331480
1773389700000,53950,54097,53841.2,54093,87540,2342880
1773391500000,54097,54297.8,54045.8,54180.8,130410,2353800
1773393300000,54180.8,54199.8,53905.6,53955,112140,2348370
1773395100000,53941,53954.2,53850,53862,85950,2321520
1773632700000,53900,54412,53880,54283.6,253860,2263710
1773634500000,54292.8,54389.8,54000.6,54038.6,104220,2279370
1773636300000,54036,54036,53678.8,53736,138360,2290680
1773638100000,53746.4,53827.6,53460.6,53821.6,105840,2274090
1773639900000,53825,54159.2,53800,53945,138390,2247990
1773641700000,53939.8,54049.6,53875,53901,41490,2250660
1773643500000,53901,54000,53790,53875,43470,2247420
1773645300000,53870.2,53920,53713.4,53789.4,43020,2246130
1773647100000,53790,53950,53782,53840,27600,2250600
1773648900000,53840,53995,53757,53913.8,39150,2259060
1773650700000,53913.8,54640,53857.4,54563,234720,2218590
1773652500000,54582.6,54780.6,54437,54645.8,207210,2213100
1773654300000,54650,54674,54385.8,54485.8,90630,2219910
1773719100000,54604,54699.8,54221.2,54449.4,177120,2198970
1773720900000,54470,54630,54400,54591.8,100080,2214600
1773722700000,54610,54830,54413.8,54506,128130,2209680
1773724500000,54522,54691.2,54490,54500,40830,2211150
1773726300000,54495.8,54525.6,54298.2,54370,73050,2220180
1773728100000,54370,54548,54330.6,54500,46590,2221860
1773729900000,54508.2,54548.8,54351.2,54540,24690,2224650
1773731700000,54531.6,54698.8,54508,54694,49830,2224410
1773733500000,54698,54813.8,54593.8,54660,66600,2228100
1773735300000,54660,54877.8,54653,54857.8,59400,2226210
1773737100000,54857.8,54881.6,54650,54812.4,86970,2244720
1773738900000,54820,55089,54760,55039.6,132240,2234910
1773740700000,55033.6,55045,54964,55008.8,87570,2200620
1773805500000,55109.8,55220,54945.2,55045.2,161250,2158110
1773807300000,55039.8,55125,54790,54885,167550,2161980
1773809100000,54874.8,55070,54851.6,55000,70920,2161470
1773810900000,54991.4,55143.8,54990,55134,66390,2156010
1773812700000,55135,55479.8,55081.8,55419.8,148650,2158110
1773814500000,55420,55430,55300,55323.8,60720,2165400
1773816300000,55333.4,55399.6,55210,55251.6,70260,2184060
1773818100000,55246.2,55322.8,55194.8,55322.8,35940,2188530
1773819900000,55322,55539.6,55297.6,55525.2,70440,2183160
1773821700000,55518.4,55531.2,55405,55446.2,55650,2172120
1773823500000,55437,55660,55408,55408,133590,2167800
1773825300000,55405,55488.2,55388,55447,52290,2170440
1773827100000,55448.6,55460,55331.6,55420,46860,2166480
1773891900000,54200,54297.6,53800,53899.2,490560,2169420
1773893700000,53898.2,53905,53638.4,53701,226350,2191530
1773895500000,53701,53977.8,53594,53977.2,127470,2209830
1773897300000,53979.6,54025,53789,53821,57660,2213190
1773899100000,53821,53924.8,53728.2,53912.2,53220,2211270
1773900900000,53903.8,54128,53900.2,54127,55320,2206470
1773902700000,54124,54214.8,54050,54090,73860,2200380
1773904500000,54080,54259.8,53980.2,53982.8,69540,2201910
1773906300000,53999.6,54060,53900,53990,60570,2197470
1773908100000,54003,54003,53713.2,53741,84390,2189160
1773909900000,53740.2,53870,53655,53783,61050,2190180
1773911700000,53780.2,53839.8,53290,53501.8,207480,2182110
1773913500000,53500,53803.8,53480,53778.6,127830,2197230
1773978300000,53750,54533.8,53743.4,54325,292890,1978380
1773980100000,54325,54389.4,54161.6,54165,84420,1970730
1773981900000,54162,54268.8,54060,54239.6,64500,1965090
1773983700000,54239.8,54325,54190.4,54260,44790,1967040
1773985500000,54260,54413.8,54156.6,54156.6,72300,1956450
1773987300000,54153,54189,53904.6,53969.2,98430,1972680
1773989100000,53962.8,53962.8,53600,53900,157650,1991550
1773990900000,53904.8,54099,53881.8,53999.4,83340,1988040
1773992700000,53999.4,54144.2,53951,53951,44340,1986030
1773994500000,53951,53995,53801,53871.4,52560,1994190
1773996300000,53871.4,53871.6,53520,53520,140940,2016870
1773998100000,53517.4,53750.4,53467.4,53531.4,142260,2013750
1773999900000,53513.6,53580,53420.2,53562,106050,2022000
1774237500000,52700,52850,52223.2,52321.6,241200,1958310
1774239300000,52321.6,52321.6,51862.2,51900.2,156960,2005410
1774241100000,51907.8,51975,51784,51875,90780,1991520
1774242900000,51875,51894,51640.2,51854.2,86730,1996140
1774244700000,51838.6,51911,51710.4,51746.6,46890,2003100
1774246500000,51753.4,51880.4,51730,51789.8,18120,2005410
1774248300000,51783.4,51876,51656.6,51815.8,52230,2018220
1774250100000,51808.6,51900,51620.2,51685,65580,2041620
1774251900000,51710,51976,51671.6,51955.2,56460,2040180
1774253700000,51963.2,52124.8,51892,52026.4,107130,2024400
1774255500000,52026.4,52079.6,51610,51839.2,109140,2033850
1774257300000,51829.6,51948,51482,51482,121950,2026740
1774259100000,51493.4,51493.4,51331.8,51372.8,121680,1984830
1774323900000,52004,52585.8,52000,52260,317910,1927500
1774325700000,52262.8,52336.8,52046.8,52136.6,120300,1955010
1774327500000,52121.4,52300,51885.2,52011,95880,1975440
1774329300000,52020,52165,51875,52036,76530,1960170
1774331100000,52041,52174.4,51979,52099.4,68460,1970700
1774332900000,52086,52245,52017.8,52030.6,80040,1964970
1774334700000,52030.6,52783,52011.2,52693.4,231750,1944030
1774336500000,52693.4,52948,52565,52809.2,175080,1839930
1774338300000,52815.2,52999,52726.2,52946.4,110400,1834560
1774340100000,52943.6,52970,52720.2,52844.4,92790,1824930
1774341900000,52843.2,52950.8,52561.2,52634.8,161100,1835190
1774343700000,52629.2,52777,52595.2,52620,68790,1841430
1774345500000,52625,52844,52562,52844,61410,1793760
1774410300000,53100,53728,53030,53709.8,305370,1531050
1774412100000,53720,53777.6,53533.4,53738,115140,1546710
1774413900000,53745.4,53900,53659.6,53880,79230,1548090
1774415700000,53880,54013.2,53848.4,54000,81870,1547700
1774417500000,54000,54042.6,53701,53797.4,85110,1535040
1774419300000,53795,54122,53776,54122,69150,1526130
1774421100000,54108.8,54167.6,53980.2,54073.2,62370,1518660
1774422900000,54073.2,54078.2,53850,53916,50640,1514880
1774424700000,53916,54043.8,53844.2,54037,37620,1509840
1774426500000,54037,54134,53910.6,53925.2,67560,1480110
1774428300000,53925.2,53952.8,53760,53881,78600,1470150
1774430100000,53881.2,53900.4,53661.6,53692,100440,1457070
1774431900000,53706.4,53765.8,53684,53725.8,68010,1460370
1774583100000,53455,53455,52733.6,52830,270420,1366050
1774584900000,52828,52830,52659,52666,90900,1349370
1774586700000,52666,52800,52636.6,52729,64590,1338660
1774588500000,52700.6,52715.2,52580,52625.6,74640,1330800
1774590300000,52626,52659.4,52471.4,52560.2,87150,1328220
1774592100000,52566.8,52593.2,52485,52515.6,46860,1279920
1774593900000,52514.8,52650,52450.4,52635,71370,1265850
1774595700000,52640,52696,52555,52634.8,59100,1262820
1774597500000,52627.2,52743,52520.6,52547.8,108510,1267920
1774599300000,52534.4,52571.4,52421,52513.8,100650,1250490
1774601100000,52513.8,52523,52259.4,52289.2,108960,1250730
1774602900000,52289.2,52380,52250,52326,85290,1232640
1774604700000,52336.6,52336.6,52232.8,52237,112980,1190910
1774842300000,51598.8,51598.8,50905.2,51224.4,296730,962400
1774844100000,51227.8,51291,51000.2,51094.2,144930,893220
1774845900000,51096.4,51123.6,50917.2,50939.4,94800,832020
1774847700000,50930,50990,50783,50821.8,89820,812070
1774849500000,50820,50947.8,50790.6,50821,52800,803790
1774851300000,50821,50984,50761.6,50948.8,109440,768810
1774853100000,50948.8,51019.8,50820.2,50945,80490,759930
1774854900000,50942.8,50957.2,50744,50786.8,62190,746310
1774856700000,50786.8,50837.8,50682,50700,95850,743130
1774858500000,50700,50744.8,50600,50636.6,107670,705390
1774860300000,50636.6,50661.4,50394,50469.8,188310,642000
1774862100000,50469.8,50510,50093.2,50276.8,180330,576090
1774863900000,50272,50300,50253,50275,74640,542250
1775015100000,51750,52050,51576.2,51800,318600,2603310
1775016900000,51788.8,51951,51720.4,51760,77580,2606850
1775018700000,51760,51779,51440,51549,234180,2514540
1775020500000,51550,51610,51479,51535,106710,2457330
1775022300000,51535,51800,51502.6,51791,77190,2457330
1775024100000,51798.8,52000,51640,52000,96750,2450880
1775025900000,52000,52099.8,51948.8,52085.6,79590,2441850
1775027700000,52088.6,52350,52081.2,52325,148560,2421090
1775029500000,52325,52398.8,51714.2,51772.8,138840,2417430
1775031300000,51760,52084.2,51690.4,52077.2,70650,2422440
1775033100000,52075,52084.2,51752,51800,57180,2417790
1775034900000,51783,51881.2,51685.2,51777.2,63180,2421960
1775036700000,51782,51821,51750,51780,43530,2410980
1775101500000,50760,50935,50260,50470,271830,2410140
1775103300000,50457.8,50500,50210,50400,119130,2441340
1775105100000,50400,50400,50251,50350,59220,2451000
1775106900000,50350,50369.6,50172,50320.6,59370,2459730
1775108700000,50344.6,50365,50255.4,50295,21060,2459910
1775110500000,50292,50480,50224.2,50316.4,51990,2461710
1775112300000,50316.4,50630,50250,50628,71670,2451360
1775114100000,50630,50729.8,50495,50581,117030,2465580
1775115900000,50581,51148.8,50556.6,51085,155730,2449290
1775117700000,51083,51445,50940,51440,134130,2439330
1775119500000,51450,51678.8,51205,51240,211290,2462670
1775121300000,51240,51993.4,51182.4,51934.4,201990,2482830
1775123100000,51937.2,51980,51700,51910.2,125310,2484930
1775447100000,51800,52073.2,51400,51800,240210,2460540
1775448900000,51830,51900,51584,51730.4,68430,2448900
1775450700000,51735.4,51884,51612.4,51880,61650,2443350
1775452500000,51880,51936.6,51600,51644.2,45900,2439600
1775454300000,51640,51858.8,51637.8,51855,41070,2448450
1775456100000,51855,52000,51830,51890.4,36600,2448030
1775457900000,51900,52121.4,51841,51969,59700,2447700
1775459700000,51969,52500,51969,52475,159300,2448690
1775461500000,52489,52600,52400,52493.2,105810,2449860
1775463300000,52493.2,52665,52450.6,52665,46140,2452080
1775465100000,52665,52747,52561,52700,75420,2448840
1775466900000,52700,52980,52605,52969,99780,2436930
1775468700000,52969,52985,52850,52850,109590,2426730
1775533500000,52645,52645,52138,52235,206070,2397900
1775535300000,52230,52469,52210.8,52430,56460,2395800
1775537100000,52424.8,52579,52305,52490,61110,2391840
1775538900000,52500,52515,52165,52178.4,66270,2393880
1775540700000,52177,52438,52164.8,52331.8,43170,2387070
1775542500000,52331.8,52500,52320,52368.2,41730,2388690
1775544300000,52368.2,52408,52260,52364.6,26160,2395440
1775546100000,52364.6,52387.8,52230,52354,30690,2397420
1775547900000,52354,52793,52342.8,52779,99900,2391150
1775549700000,52777,52836.8,52555.2,52678,68130,2399280
1775551500000,52670,52710,52550,52634,37860,2397780
1775553300000,52648,52940,52631.2,52850,117210,2362800
1775555100000,52849,52900,52815,52849,95550,2336910
1775619900000,55299.8,55350,54805.4,55350,630390,2187720
1775621700000,55350,55445,55260.8,55320,163440,2196750
1775623500000,55325,55539,55290,55504.6,109350,2206650
1775625300000,55504.6,55718.6,55471.2,55649,102330,2221890
1775627100000,55645,55729,55591,55609.4,51960,2223870
1775628900000,55609.4,55636.2,55466.4,55610,53280,2219850
1775630700000,55610,55620,55459.4,55570,36510,2210160
1775632500000,55570,55666.2,55545.2,55620,37020,2205840
1775634300000,55619.4,55702,55580,55642.4,44460,2210190
1775636100000,55638.6,55669,55582,55585,32100,2212890
1775637900000,55599.6,55899.8,55594.2,55899,93570,2218590
1775639700000,55899,55960,55765.2,55885.2,106350,2209200
1775641500000,55885.2,55999.6,55881,55990,111750,2198370
1775706300000,55600,55735.2,55441.8,55460.2,222930,2129850
1775708100000,55465.6,55574.6,55265.4,55555,163710,2086650
1775709900000,55555,55733,55470,55510,78090,2087550
1775711700000,55510,55675,55507,55580,28560,2091600
1775713500000,55580,55580,55450,55497.2,39690,2097180
1775715300000,55497.2,55547.2,55415.6,55475,34140,2102070
1775717100000,55479,55499,55350,55375,32070,2111070
1775718900000,55398.6,55398.6,55200,55209.6,67110,2122020
1775720700000,55209.6,55220.2,55035.6,55062,78150,2125260
1775722500000,55056.2,55178,55001,55051,55350,2133510
1775724300000,55071.2,55077,54838,55020,104550,2141280
1775726100000,55020,55150,54914,55125,57180,2133210
1775727900000,55110,55133,55043,55059.8,49950,2128290
1775792700000,55226,55890,55226,55850,284340,2042580
1775794500000,55859.8,55999,55811.6,55999,129000,2069580
1775796300000,56000,56083.2,55949,55950,97440,2075310
1775798100000,55950,56043.2,55893.4,56005,51630,2080230
1775799900000,55977.4,56010,55910,55935,36000,2083560
1775801700000,55922,55987.6,55860,55915.2,29490,2092170
1775803500000,55925,56022.8,55920,55959.8,29910,2100510
1775805300000,55931,56024.2,55920,55984,24180,2102970
1775807100000,55984.4,56048,55950,56048,27510,2107710
1775808900000,56048.8,56129.8,55970,56015,71700,2112990
1775810700000,56015,56015,55776,55894.8,109860,2089380
1775812500000,55892.6,56127.6,55840,56080,86010,2102010
1775814300000,56080,56113.2,56050.2,56105.6,60840,2106600
1776051900000,55310,55310,54606.6,54850,289860,2133990
1776053700000,54845.4,54949,54774.6,54890,57510,2133330
1776055500000,54880,55100,54819,55045,88080,2127180
1776057300000,55050,55150,55030,55094,37050,2130870
1776059100000,55068.8,55141.2,55008,55100,37440,2125440
1776060900000,55100,55345,55084,55340.4,50100,2116650
1776062700000,55345,55580,55324.2,55560,75840,2107680
1776064500000,55560,55591,55367.8,55518,45930,2093460
1776066300000,55520,55699,55488.8,55629,56070,2089410
1776068100000,55610.2,55875,55578,55680,78180,2088090
1776069900000,55680,55850,55650,55780,37080,2090220
1776071700000,55780,55829,55660,55788,58380,2084400
1776073500000,55780,55782.8,55688.2,55748,69870,2071620
1776224700000,56784,56995,56470,56609.4,276450,2087850
1776226500000,56609.4,56683.4,56488.6,56659.6,59250,2110170
1776228300000,56659.6,56750,56565,56570,87600,2143800
1776230100000,56566,56613,56282,56282,109320,2146140
1776231900000,56281,56396.2,56247,56385,43740,2155200
1776233700000,56385,56515.8,56362,56485,36270,2160570
1776235500000,56485,56487.6,56328.2,56388.4,37770,2172000
1776237300000,56397.4,56455,56311.4,56455,17880,2176710
1776239100000,56451.8,56490,56320,56400,20700,2177550
1776240900000,56400,56465,56346.8,56440,12990,2180280
1776242700000,56405.4,56461,56350.4,56420,16470,2179110
1776244500000,56430,56550.6,56375,56384.2,51450,2173170
1776246300000,56391,56420,56370.8,56380,39150,2174670
1776311100000,56755,56904.2,56564,56616,137190,2136630
1776312900000,56611,56727,56552.6,56720,58590,2130600
1776314700000,56720,56750.4,56600,56653.4,32310,2129880
1776316500000,56643.6,56720,56610,56649,23640,2130840
1776318300000,56649,56666,56423,56423.2,50310,2132430
1776320100000,56423.2,56430,56150,56244.8,129240,2142360
1776321900000,56244.8,56255,56061,56141,54570,2155650
1776323700000,56141,56180,56035.8,56071,44790,2155980
1776325500000,56100,56180,56037,56156,33060,2158620
1776327300000,56154.4,56319.8,56133.8,56215,40860,2160360
1776329100000,56215,56444,56180,56357,50730,2151060
1776330900000,56357,56444,56151,56223,58650,2144400
1776332700000,56216,56225,56120.4,56145,37080,2139150
1776397500000,56140,56333,55898.4,56185,80850,2076000
1776399300000,56191,56368,56170,56310,38010,2083890
1776401100000,56329.8,56433.2,56270,56285,63210,2108010
1776402900000,56281,56345.6,56225.6,56310,15060,2110290
1776404700000,56310,56450,56293.8,56428.4,35190,2118390
1776406500000,56429.2,56497.6,56350,56430,33510,2102070
1776408300000,56418.8,56506.4,56400,56430.2,29940,2104560
1776410100000,56430.2,56499,56400,56464.8,12030,2102250
1776411900000,56464.8,56584,56419.6,56540,37410,2096520
1776413700000,56540,56564,56479.8,56512.2,16410,2095020
1776415500000,56539.2,56700,56515,56699,54660,2082780
1776417300000,56699,56794.4,56631,56670.2,96540,2067540
1776419100000,56669.8,56705.4,56625,56705,90450,2063730
1776656700000,56750,56950,56451,56700,193290,1970070
1776658500000,56681,56870,56623.8,56845.6,70830,1965930
1776660300000,56845.8,57079,56830,57059.8,115290,1964850
1776662100000,57060,57105,56950,56970,73230,1972650
1776663900000,56970,57148.4,56970,57060.4,43740,1978110
1776665700000,57055,57097.2,56877.2,56890,46920,1970070
1776667500000,56890,57040,56850,56974.2,29820,1970070
1776669300000,56974.2,57075,56702.8,56752,87360,1970520
1776671100000,56725.2,56760,56500,56655,108420,1961880
1776672900000,56657.2,56684,56558.2,56634,33690,1963320
1776674700000,56634.8,56769,56613.4,56679.4,32490,1956390
1776676500000,56679.4,56750,56585,56640,38550,1960470
1776678300000,56640,56647.8,56510,56530,87810,1946850
1776743100000,56700,57090,56658.2,57083.6,145860,1793310
1776744900000,57085,57261.4,57071.4,57209.6,105270,1810290
1776746700000,57210,57290.2,57150,57285,51810,1819320
1776748500000,57270,57332.2,57229.4,57280,47760,1821570
1776750300000,57260,57285.8,57185,57225,26580,1818120
1776752100000,57225,57299,57162.6,57293.4,29490,1817490
1776753900000,57293.4,57300,57223,57264.2,20460,1818210
1776755700000,57264.2,57325,57210,57315,28830,1814460
1776757500000,57293.8,57362,57258,57285,38970,1813740
1776759300000,57296.8,57400,57278.6,57348,40290,1817910
1776761100000,57348,57384,57260,57285,49530,1818330
1776762900000,57285,57420,57256,57376,48990,1808070
1776764700000,57381,57416,57316,57372,80220,1807080
1776829500000,57167,57371,57116.8,57176,123690,1808880
1776831300000,57179.4,57227.2,57007,57100,105480,1800090
1776833100000,57100,57307.6,57075,57305,50970,1794120
1776834900000,57299,57440,57265.2,57371,96390,1783950
1776836700000,57370.2,57477,57350,57388,41820,1783290
1776838500000,57370,57424,57305,57355.4,27300,1775880
1776840300000,57354.4,57378.8,57260.2,57352.8,29010,1773840
1776842100000,57352.8,57378.8,57270,57332.8,10050,1771440
1776843900000,57332.8,57378,57250,57375,18990,1769280
1776845700000,57378,57420,57252,57254,35370,1765110
1776847500000,57252,57307.6,57188,57240.2,33540,1755360
1776849300000,57240,57261,57118,57122.6,51630,1741290
1776851100000,57122.6,57168.4,57105,57165,49440,1719750
1776915900000,56750,56775.6,56526.2,56720.6,144840,1711290
1776917700000,56700,56890.8,56700,56771.8,85920,1712730
1776919500000,56771.6,56827.8,56615,56615,43230,1709490
1776921300000,56615,56625,56508.8,56549.4,97290,1697070
1776923100000,56549.4,56605,56520,56520,43680,1684410
1776924900000,56520,56621,56500,56580,31440,1672380
1776926700000,56570,56620,56381.6,56425,74970,1691220
1776928500000,56425,56436,56300,56420.2,56280,1700010
1776930300000,56420.2,56550,56326.2,56343.2,57390,1666380
1776932100000,56343.2,56425,56281.2,56290,40500,1671930
1776933900000,56290,56345,56258.4,56267.4,52020,1663830
1776935700000,56267.4,56443,56265,56276,76500,1633410
1776937500000,56275.4,56380,56258,56368,58440,1615320
1777002300000,56401,56490,56066,56066,114150,1553340
1777004100000,56058,56149,55896,56126,99930,1560120
1777005900000,56121,56121,55967,55968,44100,1562940
1777007700000,55967,56085.8,55960,56003.6,53910,1581630
1777009500000,56003.6,56158,55980,56086,66210,1561320
1777011300000,56086,56234,56021,56225,46470,1534650
1777013100000,56234,56250,56008,56041,65940,1519350
1777014900000,56041,56131.6,55950,56000,27720,1456050
1777016700000,56000,56049.4,55806,55845,58710,1463040
1777018500000,55830,55957.6,55825,55924,61260,1469880
1777020300000,55924,56279.8,55907.8,56253.8,77250,1462980
1777022100000,56270,56298.8,56070,56170,51540,1420620
1777023900000,56193.8,56299,56160,56172.2,51450,1410870
1777261500000,56390,56570,56205,56295,102210,1238250
1777263300000,56299,56390,56248.6,56300,48270,1232310
1777265100000,56293.8,56379.2,56010,56093,69510,1233570
1777266900000,56093,56249,56040,56132.4,95100,1240560
1777268700000,56132.4,56198,55940.2,56010,60840,1243590
1777270500000,56010,56131,55986.6,56116.4,40050,1253640
1777272300000,56116.4,56205.2,56062.8,56101,47520,1248030
1777274100000,56101.2,56299,56100,56297,51450,1260720
1777275900000,56299,56445,56248,56384.6,60960,1257480
1777277700000,56384.6,56438,56325.8,56390,42750,1270050
1777279500000,56390,56399.8,56255,56323,39540,1285980
1777281300000,56323,56399,56287.2,56388.8,47460,1276470
1777283100000,56372,56398.4,56330.8,56390,40320,1256490
1777347900000,56066,56140,55866.6,56042.4,92490,849030
1777349700000,56042.4,56158,55993.6,56072.2,60480,859890
1777351500000,56071,56120,55960.4,55980,46530,856170
1777353300000,55980,56080,55923,55957.8,46440,852060
1777355100000,55965,55965,55680,55800,75690,799770
1777356900000,55800,55809.6,55630,55670,46590,782160
1777358700000,55670,55750,55630,55718,27360,722670
1777360500000,55719,55745,55589,55646.2,21990,719040
1777362300000,55646.2,55725.2,55520,55606,48090,712620
1777364100000,55606,55659,55490.2,55525,32310,700050
1777365900000,55525,55599,55455.8,55590,37470,659580
1777367700000,55585,55629,55400,55414.8,75840,627000
1777369500000,55417.6,55423.8,55376,55396.6,52950,600990
1777434300000,55875,55986.8,55650,55838,116340,1945770
1777436100000,55838,56149.8,55827.2,56148,136950,1932960
1777437900000,56135.2,56264,56113,56155,84690,1928070
1777439700000,56145.8,56260,56121,56214.8,42360,1929150
1777441500000,56215.8,56330,56180.8,56206,52260,1924860
1777443300000,56200,56340,56180,56325,21210,1921140
1777445100000,56325,56502,56313.2,56481.6,106950,1896120
1777446900000,56463.2,56498,56351.6,56399,39030,1897740
1777448700000,56399,56400,56180.2,56210.2,61320,1898820
1777450500000,56225,56255.4,55860,55900.8,110550,1899240
1777452300000,55920.6,55920.6,55728.2,55894.2,86100,1899030
1777454100000,55885,55899.8,55655.6,55655.6,55380,1903020
1777455900000,55655,55690.2,55506.2,55560.2,111000,1935510
1777520700000,55100,55100,54750,54950,207990,1961760
1777522500000,54950,54979.8,54687,54743.6,83160,1979190
1777524300000,54752.8,54797.4,54605,54760.2,86100,2004090
1777526100000,54793.2,54794.2,54674,54729.8,27720,2008680
1777527900000,54729.8,54860.2,54680,54756,45630,2015550
1777529700000,54756,54949,54653.4,54949,64710,2018730
1777531500000,54950,55055,54881.2,54977.8,82890,2026890
1777533300000,54981.4,55144.6,54955.2,55070.4,55230,2036400
1777535100000,55070.4,55298.8,55015.2,55298,58230,2038650
1777536900000,55298.8,55325,55126,55223.2,64380,2036850
1777538700000,55227.8,55323,55095.6,55299.8,51090,2040990
1777540500000,55299.8,55350,55050,55144,77790,2028360
1777542300000,55154.8,55319.8,55129,55300,46320,2019870
1777866300000,55500,55933,55408.8,55832.4,217830,2055060
1777868100000,55837.4,55874,55635,55639.8,61200,2067330
1777869900000,55639.8,55749.6,55560,55685.6,60210,2083320
1777871700000,55685,55755.2,55551,55698.8,36000,2090100
1777873500000,55699,55784,55663.8,55746.2,22200,2094900
1777875300000,55746.2,55753.8,55359,55360,50910,2107590
1777877100000,55359,55440,55230,55236.2,107280,2117910
1777878900000,55232.4,55268.2,55115,55234,83580,2131800
1777880700000,55234,55234,54966,55169.8,99900,2125140
1777882500000,55165.8,55234,55050,55224.6,45870,2137200
1777884300000,55229,55323,55090,55140,48330,2134710
1777886100000,55117.4,55229.4,55008,55177.4,48720,2132280
1777887900000,55209.8,55224,55096.4,55100,52020,2123850
1777952700000,54899,54922,54705.2,54800,137790,2144820
1777954500000,54800,54945.2,54720,54740,48420,2149590
1777956300000,54740,54780,54633.2,54687.8,65430,2146800
1777958100000,54661,54711,54525,54645,89790,2156910
1777959900000,54645,54728,54542.6,54550,26970,2158140
1777961700000,54550,54577,54430,54577,49290,2168040
1777963500000,54577,54699.8,54551.8,54601.2,29250,2167350
1777965300000,54601.2,55100,54601,55074,144840,2194320
1777967100000,55075.2,55177.4,54952,55010,53490,2191800
1777968900000,55010,55077.8,54880,54910,53250,2210640
1777970700000,54910,55098.8,54882,55000,41490,2221140
1777972500000,54985,55000,54752.4,54828,49020,2222700
1777974300000,54840,54866,54775.2,54790,50910,2212350
1778039100000,55300,55581.4,55280,55405,178980,2191800
1778040900000,55405,55465,55240,55373.6,81540,2212650
1778042700000,55370.8,55487,55310,55448.2,56970,2219310
1778044500000,55448.2,55449.6,55180,55225,48060,2229000
1778046300000,55220.4,55310,55150,55221,39570,2232750
1778048100000,55220,55261.8,55100,55131,29580,2239200
1778049900000,55130,55161.4,54940,54940,76980,2237790
1778051700000,54931,55010,54850,55010,57930,2244450
1778053500000,55009.8,55288,55000,55266,78300,2242170
1778055300000,55265,55425,55229.8,55425,61230,2230560
1778057100000,55425.8,56250,55425.8,56188.2,436080,2238600
1778058900000,56198,56389.8,56180,56319,172770,2230200
1778060700000,56320,56449,56310,56430,126780,2236320
1778125500000,56400,56450,56065,56271,168720,2190930
1778127300000,56271,56300,56110.4,56130,59670,2194020
1778129100000,56130,56335,56130,56313.2,29790,2198640
1778130900000,56316.8,56360,56111,56144.4,45690,2193660
1778132700000,56127.8,56169.8,56007,56007,71880,2193720
1778134500000,56002,56246,55952,56231,60570,2183790
1778136300000,56231,56590,56199,56519.8,145860,2189910
1778138100000,56519.8,56550,56251.2,56293.8,83040,2201100
1778139900000,56291,56338.8,56125,56239,35670,2202930
1778141700000,56239,56348,56212.4,56310,19380,2204040
1778143500000,56310,56339,56248,56266.2,13440,2204340
1778145300000,56266.2,56355,56200,56225,37050,2204970
1778147100000,56225,56340,56220,56320,40410,2206860
1778211900000,56189.8,56189.8,55737,55785,161910,2214480
1778213700000,55780,55890,55750,55870.2,47250,2221710
1778215500000,55872,55930,55766.6,55825,36150,2232600
1778217300000,55825,55865,55746,55855,30720,2245050
1778219100000,55855,55887.8,55701,55785.4,44130,2258700
1778220900000,55785,55824.2,55701.4,55725,32280,2263830
1778222700000,55742.8,55768.4,55625,55629.6,50190,2276070
1778224500000,55625,55667.2,55555,55620,54510,2289990
1778226300000,55630.2,55764.4,55581.6,55666,47790,2299830
1778228100000,55666,55687,55300.2,55307.6,123870,2350680
1778229900000,55307.6,55647,55300,55589.4,111480,2367180
1778231700000,55609,55625,55498,55548.8,77370,2370030
1778233500000,55549,55600,55457,55500.8,83490,2366700
1778471100000,54924,55050.8,54623.8,54630,243150,2353650
1778472900000,54626.8,54697.8,54535.8,54639.6,93450,2377170
1778474700000,54634.2,54649,54475,54615,61080,2390820
1778476500000,54615,54800,54548.8,54775,44160,2392860
1778478300000,54780,54943,54758.2,54943,44130,2390040
1778480100000,54937.2,54975,54849.6,54959,28170,2382120
1778481900000,54959,54965,54811.8,54950,25110,2379300
1778483700000,54950,55184.8,54860,55103.2,65880,2368110
1778485500000,55120,55120,54929,55025,40050,2359590
1778487300000,55020,55165.8,55001,55001,40530,2360070
1778489100000,55007,55019.8,54855.6,54870,27090,2357640
1778490900000,54870,54880,54550.6,54592.8,102210,2353470
1778492700000,54557.6,54644,54550,54572.8,77640,2370690
1778557500000,54388,54478.2,54120,54222.8,150360,2311890
1778559300000,54221,54390,54200,54370,47400,2307840
1778561100000,54346.2,54435.4,54166,54200,65310,2319120
1778562900000,54200,54217.8,54025,54034.8,68010,2335950
1778564700000,54034.8,54150,54022.6,54118.4,31440,2338830
1778566500000,54108,54132.4,54001,54060,35550,2345700
1778568300000,54060,54118.8,53824.4,53866.4,66210,2359770
1778570100000,53875,53948,53780,53948,42870,2366400
1778571900000,53945,54032,53831,53861.2,53640,2373480
1778573700000,53861.2,53952.6,53741.2,53767.8,39660,2382990
1778575500000,53791.4,53912.6,53767.8,53879.8,46080,2376690
1778577300000,53880,53905,53594.2,53689.2,91890,2379930
1778579100000,53689.2,53855,53677.4,53831.8,62040,2370840
1778643900000,53750,54029.8,53397.6,53520,149010,2332980
1778645700000,53520,53799,53421.2,53720,70890,2324250
1778647500000,53710,54020,53700,53960,91950,2336220
1778649300000,53960,53998,53666.8,53800,48000,2342790
1778651100000,53807.2,54179.2,53762.8,54159,69540,2355150
1778652900000,54150,54271.2,54010,54209.4,69090,2363460
1778654700000,54208.6,54225,53850,53942,60420,2371200
1778656500000,53942,54325,53911.2,54128,89040,2357550
1778658300000,54115.2,54153.8,53956,54040,38760,2364030
1778660100000,54040,54084.8,53901.2,54040,26130,2366460
1778661900000,54040,54079.8,53860,53880,34500,2374140
1778663700000,53917.8,53917.8,53550,53675,93480,2374680
1778665500000,53675,53690,53547.8,53604,51150,2367480
1778730300000,53890,54098,53790,53800.2,130500,2327640
1778732100000,53790,53873.8,53631.8,53719,63900,2341080
1778733900000,53719,53796,53560,53560,33300,2349870
1778735700000,53557,53566.8,53260.2,53525,95760,2382540
1778737500000,53520.6,54245,53494.4,54240.6,173160,2362620
1778739300000,54241.6,54378,54143.2,54305,165090,2332980
1778741100000,54311.2,54520.2,54286.4,54470,114780,2300610
1778742900000,54440.6,54550,54329,54455.2,56820,2289690
1778744700000,54455,54518.2,54402.6,54497.8,38040,2280990
1778746500000,54499,54522,54335.4,54449.4,44490,2265240
1778748300000,54466.2,54512.6,54352.6,54420,27360,2257410
1778750100000,54420,54420,54118,54150.8,82980,2245500
1778751900000,54150,54350,54134.4,54348,39420,2242860
1778816700000,54240,54425.8,53925,54425.8,148980,2221740
1778818500000,54430,54459,54216.8,54314,61950,2208210
1778820300000,54301.6,54419.8,54281,54333,26400,2202870
1778822100000,54349.8,54424,54100,54136.4,60510,2193390
1778823900000,54126,54140,53960,54085.4,68250,2188620
1778825700000,54086,54264,54059.8,54210,27420,2185530
1778827500000,54208.8,54280,54058.8,54264.6,21390,2185470
1778829300000,54279.6,54391,54243.4,54370,39120,2178300
1778831100000,54371.2,54450,54220,54262.8,45720,2175240
1778832900000,54269.6,54298.8,54099,54176.8,41460,2173470
1778834700000,54176.8,54199,54020,54063.8,33030,2173080
1778836500000,54054.4,54054.4,53770.2,53840,142680,2197920
1778838300000,53839.2,53924.8,53758.4,53895.4,55710,2202330
1779075900000,53350,53408.2,53025,53085,168210,2200920
1779077700000,53100,53100,52930.4,53015,93660,2216760
1779079500000,53020,53120,52872.6,53035.2,85530,2229780
1779081300000,52992.6,53218,52955,53196.2,42000,2234160
1779083100000,53196.2,53400,53159,53299,68220,2220210
1779084900000,53299,53299,53030,53189,62280,2221620
1779086700000,53198,53466,53149.8,53380,60960,2218320
1779088500000,53378.4,53770,53345,53589.8,120630,2202900
1779090300000,53590,53700,53514,53624.6,26400,2206110
1779092100000,53624.6,53740,53560.2,53636.6,31710,2207010
1779093900000,53607.6,53646.6,53468.8,53558,23130,2204190
1779095700000,53550,53838.8,53480,53665.4,81180,2190150
1779097500000,53626.2,53750,53600,53730,86250,2201280
1779162300000,53750.2,53950,53520,53786.6,155340,2175690
1779164100000,53810.2,53810.2,53578,53749.6,59520,2195280
1779165900000,53749.2,53810,53690,53774.8,47100,2211090
1779167700000,53768.6,53839,53630,53630,74280,2214570
1779169500000,53625,53739.6,53580,53725,30570,2213850
1779171300000,53725.2,53789,53675,53789,15060,2208150
1779173100000,53786,53800,53700,53742.4,27600,2204130
1779174900000,53742.4,53753,53665,53713,12810,2204160
1779176700000,53701,53828.8,53686.4,53698.4,26940,2203620
1779178500000,53703.8,53764,53588,53745,24360,2201250
1779180300000,53749,53800,53558.6,53558.6,33000,2196390
1779182100000,53577.2,53599.4,53437.2,53521,87780,2188830
1779183900000,53521,53541.8,53458.4,53494.8,48990,2180220
1779248700000,53190,53190,52900,53091.8,145980,2137590
1779250500000,53062.6,53175,52980,53050,52890,2140980
1779252300000,53050,53269,52987.6,53141,51270,2144220
1779254100000,53155,53385,53020,53286.6,58050,2147520
1779255900000,53286.6,53450,53275,53377.8,39570,2138700
1779257700000,53400,53529.8,53331,53331.2,42120,2138760
1779259500000,53338,53460,53331,53376,32040,2151360
1779261300000,53376,53418.6,53250.2,53328.8,26130,2131620
1779263100000,53328.8,53331,53151,53241,29460,2132370
1779264900000,53241,53540,53200,53500,62250,2114040
1779266700000,53485.8,53720,53481,53657.6,62610,2097900
1779268500000,53659.8,53819.8,53602.4,53765,65670,2090100
1779270300000,53774.4,53800,53711.2,53755.2,35430,2079570
1779335100000,54090,54199.4,53767,53950,150240,2036580
1779336900000,53950,54022,53840,53896,46860,2036430
1779338700000,53887,53975,53825.2,53914,28950,2030610
1779340500000,53910,53950,53720.2,53731.2,65940,2038020
1779342300000,53731,53856.4,53605,53782,74130,2040360
1779344100000,53790.4,53819.6,53690,53690.2,43620,2032200
1779345900000,53690,53705.8,53374.6,53450,168900,2011230
1779347700000,53440,53467.2,53200,53353.4,101850,2009580
1779349500000,53353.4,53500,53291.2,53492.8,55260,2018310
1779351300000,53490,53549.8,53347.8,53408,78840,1974210
1779353100000,53421.4,53600,53372.6,53535,54990,1955460
1779354900000,53535,53648.6,53496,53500.4,86100,1961400
1779356700000,53513.8,53600,53465,53590,60990,1909800
1779421500000,53648,54100,53600,54049.2,215070,1763070
1779423300000,54055,54189.2,54000,54169,118920,1762410
1779425100000,54169,54185,54070,54169.8,66240,1760670
1779426900000,54170,54177,54092,54093,55620,1761390
1779428700000,54093,54148.2,54015,54147,68340,1764060
1779430500000,54135.4,54200,54126,54155.4,74400,1787400
1779432300000,54155.4,54180,54022.2,54122.2,73890,1807200
1779434100000,54123,54339.8,54109.8,54275.4,113400,1817520
1779435900000,54279.2,54292.2,54225,54228.2,52080,1798740
1779437700000,54228.2,54297.4,54080.6,54174,73890,1768020
1779439500000,54162.4,54188,53980.2,53998,73860,1750110
1779441300000,53998,54197.2,53972.4,54192,89340,1764900
1779443100000,54190.2,54353.6,54190.2,54341,89760,1744560
1779680700000,54650,55006.2,54634.6,54988,194430,1397760
1779682500000,54984.8,55081.2,54910.2,55060,84480,1393440
1779684300000,55060,55148.2,55008.2,55125,90450,1404960
1779686100000,55125,55143,55075.6,55125,42810,1408320
1779687900000,55129.8,55175,55091.8,55145,50160,1365990
1779689700000,55142,55199,55060,55074,82080,1378680
1779691500000,55062.8,55126.2,55022,55038,32730,1370460
1779693300000,55022,55100,54935,55050,80460,1362780
1779695100000,55059.8,55094.8,54970,54998.8,38040,1366710
1779696900000,54979.6,55080,54978.4,55030,25080,1318860
1779698700000,55030,55199,55005,55199,73050,1342380
1779700500000,55188.8,55400,55188.8,55390,106500,1299000
1779702300000,55390,55600,55371.6,55575,81660,1297890
1779767100000,55431,55559.8,55189,55473.4,172590,1140000
1779768900000,55470,55491.2,55250.6,55430,57660,1126260
1779770700000,55430,55475,55336,55435.8,30060,1068390
1779772500000,55427,55501.6,55397.2,55406.4,29100,1063230
1779774300000,55406.4,55416,55280,55380,34920,1044660
1779776100000,55380.4,55389.8,55210,55216.4,62670,1049880
1779777900000,55225,55268.2,55124.8,55145.2,35730,990900
1779779700000,55145.2,55175.2,55020,55089.6,47490,959670
1779781500000,55078,55172,55051.2,55070,36810,942330
1779783300000,55070.2,55106.2,55010,55053,48480,913830
1779785100000,55053,55139,55012,55033,39270,896250
1779786900000,55033,55140.6,55008,55091.6,85290,861990
1779788700000,55092.6,55099,55080.8,55086.4,65220,841140
1779853500000,55385,55419,55205,55350,201930,2487720
1779855300000,55338.2,55450,55190,55434,75810,2501580
1779857100000,55438,55571,55389.8,55429.4,75570,2505090
1779858900000,55430,55511,55355,55400.2,33660,2514420
1779860700000,55388,55499.4,55375.2,55394.2,21480,2515290
1779862500000,55394.2,55422,55272.4,55338.8,40050,2522040
1779864300000,55338.8,55420,55300,55392,16530,2522760
1779866100000,55392,55392,55220,55232,30000,2533620
1779867900000,55230.2,55270.2,55150,55161,61260,2550540
1779869700000,55161,55260,55123,55170,36480,2554980
1779871500000,55170,55288.8,55090,55128.2,63390,2574780
1779873300000,55115,55225,55080,55199.6,68730,2568960
1779875100000,55203.4,55270,55200,55230,54780,2560710
1780026300000,55299.8,55500,55125,55130,138540,2503500
1780028100000,55125.2,55400,55100,55400,76920,2499060
1780029900000,55400,55529.4,55350,55361.4,75300,2488890
1780031700000,55361.4,55446.8,55305,55362.2,33570,2500860
1780033500000,55362.2,55423.8,55250,55374.4,40830,2497440
1780035300000,55374.4,55500,55162.8,55221.4,77400,2479410
1780037100000,55200,55250,55111,55165,67890,2504280
1780038900000,55186.8,55191,54881,54881,115530,2507430
1780040700000,54874,54943.6,54756.2,54833.4,98160,2511120
1780042500000,54834,54885.8,54757.2,54840.2,64260,2494140
1780044300000,54829,55029,54780,54973.8,54360,2491770
1780046100000,54983.6,55044,54601,54756.8,187470,2548320
1780047900000,54755,54850.4,54660.8,54770,196620,2625600
1780285500000,54782,54971,54400,54430,164040,2539950
1780287300000,54425,54520,54216.8,54293.6,108540,2562330
1780289100000,54300,54316,54095,54190,78510,2580180
1780290900000,54191,54475,54190,54430,68820,2559840
1780292700000,54445.2,54511,54256,54313.2,43230,2555820
1780294500000,54313.2,54360,54111,54221.2,52230,2558280
1780296300000,54211,54245.8,54100,54154,21930,2558700
1780298100000,54164,54224,53905.2,53950,103860,2589570
1780299900000,53940,54076,53925.4,53984,44490,2590530
1780301700000,53984,54020,53866,53880,50190,2603520
1780303500000,53870.2,53979,53826.8,53969,72150,2621190
1780305300000,53969,54095.4,53811,53980,64170,2623590
1780307100000,53974.8,54029,53910,53947.8,55560,2617980
1780371900000,53500,53768.6,53401,53680,218070,2611950
1780373700000,53660,53890,53590,53592,135930,2675910
1780375500000,53590,53835,53550.2,53686,86430,2712060
1780377300000,53692,53727.4,53550.2,53686,38400,2717670
1780379100000,53699.6,53838.6,53601,53642.6,94290,2658660
1780380900000,53628,53683.4,53580,53626.6,12660,2661030
1780382700000,53626.6,53857,53500.2,53856.2,53400,2586120
1780384500000,53856,54339.8,53855,54240,178350,2557440
1780386300000,54235.6,54404.8,54190,54270,96330,2557410
1780388100000,54251,54354.4,54177,54294.6,38220,2554710
1780389900000,54299.4,54350,54020,54032.4,48450,2553480
1780391700000,54045,54188,53961,54155,59910,2562810
1780393500000,54165,54230,54125,54164.8,39630,2556630
1780458300000,54000,54000,53428,53540,247950,2595990
1780460100000,53546.2,53648,53450,53500,103530,2619690
1780461900000,53500,53600,53385,53472,57660,2618790
1780463700000,53468,53509.6,53365,53386.4,42390,2621280
1780465500000,53386.4,53569.8,53382.6,53430,51840,2621130
1780467300000,53432,53529.2,53287.6,53376.4,60480,2628180
1780469100000,53381,54120,53376.4,54044.4,218760,2598030
1780470900000,54080,54133,53902,53978,67260,2609010
1780472700000,53999,54189,53999,54061.6,109050,2646690
1780474500000,54054,54400,54046,54335,204540,2609160
1780476300000,54340,54580,54282,54540,225180,2569350
1780478100000,54549.8,54649.8,54398,54475,207270,2579370
1780479900000,54497.4,54600,54461.2,54524,104010,2553000
1780544700000,54270,54399.6,54126,54307.2,169470,2514030
1780546500000,54303,54620,54295,54540,123180,2516580
1780548300000,54550,54587,54365.6,54501,36090,2516850
1780550100000,54510,54649.8,54463.6,54514,44550,2516430
1780551900000,54517.4,54681.8,54380,54609.8,46860,2514660
1780553700000,54610,54620,54450.2,54573.2,23730,2521320
1780555500000,54580,54608,54466.6,54520,20790,2523330
1780557300000,54502,54578.8,54301,54311,34320,2517240
1780559100000,54317.2,54375,54224,54350,46560,2513610
1780560900000,54350,54509,54290.2,54452.6,34350,2509770
1780562700000,54452.6,54670,54450,54644,58680,2513190
1780564500000,54640,54750,54502.6,54590,73590,2516760
1780566300000,54583.4,54685,54562.4,54674.6,77520,2504190
1780631100000,54660,54834,54585,54767.4,171060,2512230
1780632900000,54770.4,54969.8,54702.2,54800,303210,2593500
1780634700000,54800,55049.8,54471.8,54525,305790,2582730
1780636500000,54525,55166.2,54412.2,55023.2,274980,2560530
1780638300000,55023.2,55077.4,54820,54865.4,99630,2597550
1780640100000,54886,54999,54801.6,54943.8,61560,2615430
1780641900000,54940,54999,54711,54743.6,52950,2604030
1780643700000,54744,54794.8,54637.2,54669.8,68130,2606400
1780645500000,54650.2,54750,54367.4,54481.8,149010,2568000
1780647300000,54450,54576,54450,54488.8,43530,2570610
1780649100000,54490.2,54824,54411,54808.2,90150,2570910
1780650900000,54830,54895.2,54676,54777.6,124590,2579730
1780652700000,54794,54834,54725,54799,66870,2571510
1780890300000,54280,54650,54195.2,54535,239400,2503620
1780892100000,54532.8,54592.8,54380,54411,59400,2520600
1780893900000,54410,54564,54369.6,54450,36300,2526630
1780895700000,54450,54535,54414,54414.4,18660,2534190
1780897500000,54414.4,54420,54281.8,54375,53850,2546640
1780899300000,54375,54525,54375,54520,25830,2539980
1780901100000,54520,54649,54500,54613.4,70500,2512650
1780902900000,54612.8,54698,54525.2,54557,46620,2505030
1780904700000,54556,54580,54400,54400,32820,2505240
1780906500000,54400,54425,54305,54305,72480,2516070
1780908300000,54302,54405,54250,54405,48030,2515650
1780910100000,54405,54416,54225.2,54292,51270,2509980
1780911900000,54310,54324,54164,54170,69720,2501610
1780976700000,54398,54950,54391.6,54850,309480,2498040
1780978500000,54850,54933,54811.2,54850,79080,2512950
1780980300000,54870,54894.6,54770,54830,36360,2506770
1780982100000,54834,54871.8,54725,54799,30030,2507190
1780983900000,54799,54836,54662,54816.6,40740,2507490
1780985700000,54816.4,55040,54801,55014.2,83190,2512530
1780987500000,55011.2,55150,55000,55101.8,157050,2514090
1780989300000,55100,55228,55057,55200,111570,2516130
1780991100000,55219.8,55277,55180,55275,114270,2483490
1780992900000,55250.4,55275,55175,55227,50700,2470890
1780994700000,55239.2,55443,55159,55425,93870,2460210
1780996500000,55425,55470,55322.4,55385,125640,2425500
1780998300000,55360.4,55444,55341.2,55442,84990,2392470
1781063100000,55351,55489.8,55191.8,55404,230010,2436870
1781064900000,55419,55446.2,55300,55304,136710,2485770
1781066700000,55302.8,55448.6,55250,55371.2,94560,2502990
1781068500000,55379.8,55550,55370,55431.4,85140,2510100
1781070300000,55431.4,55573.4,55371,55560.8,128160,2523240
1781072100000,55559.8,55569.6,55482.6,55553,35460,2515860
1781073900000,55553,55588,55375,55382.2,47940,2510340
1781075700000,55371,55607,55350,55570,59670,2506920
1781077500000,55557.6,55594.2,55460,55467,52050,2510730
1781079300000,55465.2,55505,55360,55371,50280,2505960
1781081100000,55360,55486.8,55191,55191,105420,2511330
1781082900000,55188.4,55252.4,55135.8,55151.4,220560,2474370
1781084700000,55151,55239.4,55125,55210,135090,2478930
1781149500000,54931,55230,54900,55229.6,136770,2444160
1781151300000,55225,55350,55125,55212.6,63990,2454750
1781153100000,55212.6,55325,55212.6,55291.2,25620,2460600
1781154900000,55300,55313,55130.6,55200,39210,2450220
1781156700000,55200,55400,55194.6,55360,40560,2436000
1781158500000,55365,55505,55352,55500,72660,2442690
1781160300000,55500.2,55620,55430,55614.8,77340,2447070
1781162100000,55607.4,55650,55416,55420,51030,2447970
1781163900000,55447,55447,55270,55290,81570,2425200
1781165700000,55279.6,55400,55267,55339.4,28350,2422710
1781167500000,55347.2,55458,55300,55300.2,33810,2422680
1781169300000,55300.2,55329.8,55185.8,55285,64890,2421030
1781171100000,55285,55331.4,55242,55315,63420,2420250
1781235900000,55975,56020,55840.4,55890,207030,2356830
1781237700000,55899.4,55937.4,55806,55840,44580,2355990
1781239500000,55854,55969,55800,55923.4,46020,2360790
1781241300000,55900,55990,55855,55977.6,31980,2365980
1781243100000,55985,55995,55886.6,55974.6,28530,2369700
1781244900000,55974.6,55983.8,55834,55835,20490,2373150
1781246700000,55834,55943,55825,55874.8,29640,2376240
1781248500000,55874.8,55962,55845,55950,30510,2386140
1781250300000,55949.2,56400,55931.2,56375,185970,2441370
1781252100000,56379.8,56580,56340.4,56562,137640,2470020
1781253900000,56564.4,56770,56556,56770,133470,2503980
1781255700000,56760,56926.4,56750,56901,184050,2475690
1781257500000,56905,56916,56830,56898,72750,2465100
1781495100000,57800,57800,57370,57460,269580,2403900
1781496900000,57438.6,57500.2,57350,57419.8,90090,2405640
1781498700000,57390.8,57526.4,57379,57506.4,65610,2402700
1781500500000,57506.4,57600,57475,57505,49680,2403510
1781502300000,57485,57500,57419.8,57441.8,36210,2396520
1781504100000,57438.4,57519,57330.4,57364.2,55320,2377440
1781505900000,57364.2,57382.4,57240,57367.8,61650,2357610
1781507700000,57367.8,57429.8,57298.8,57395.2,28080,2352420
1781509500000,57400,57400.4,57273,57290,29580,2345700
1781511300000,57314.6,57360,57180,57275.6,47400,2342250
1781513100000,57275.6,57439,57248.4,57399.6,36780,2331240
1781514900000,57397,57400,57203.6,57270,43290,2319660
1781516700000,57285,57320,57207.8,57211.2,60330,2311440
1781581500000,57280,57420,57140,57166.2,148020,2271750
1781583300000,57163,57255,57121.4,57140,55200,2263890
1781585100000,57145.2,57300.4,57144.8,57240.8,43650,2255400
1781586900000,57240.8,57309.4,57107.6,57178.2,35280,2255070
1781588700000,57188.8,57210,57116.6,57175.2,13500,2257020
1781590500000,57175.2,57236,57079,57141,22980,2258880
1781592300000,57141,57197,57082,57138.4,17940,2259840
1781594100000,57138.4,57196,57089,57161.8,13410,2261460
1781595900000,57169.4,57327.2,57169.4,57236,27420,2265600
1781597700000,57260,57327.2,57178,57306,20460,2268930
1781599500000,57295,57327.2,57219.6,57219.8,15660,2269110
1781601300000,57219.8,57327.2,57219.8,57320,23610,2261910
1781603100000,57318.2,57360,57296.6,57357,31620,2258160
1781667900000,57372,57449,57261,57380,75780,2195550
1781669700000,57382,57385,57280.2,57359.2,32880,2199060
1781671500000,57359,57575,57341,57530,85290,2188530
1781673300000,57565,57600,57506.6,57600,42360,2184540
1781675100000,57596,57639,57510.4,57570.4,41490,2166390
1781676900000,57572.6,57624,57502.6,57530.2,26580,2159070
1781678700000,57530,57586.2,57483.6,57545.2,26280,2151870
1781680500000,57545.2,57580,57481,57520,30780,2148540
1781682300000,57505,57584,57492,57540.4,53370,2125080
1781684100000,57540,57621,57513.8,57579.8,51030,2111100
1781685900000,57579.8,57579.8,57467,57540,36030,2113050
1781687700000,57520.2,57625,57490.2,57576,46440,2111460
1781689500000,57580,57610,57558,57565,39840,2101110
1781754300000,57591,57806.4,57525.2,57797.2,132000,2066820
1781756100000,57790,57880,57787.2,57855,82170,2079630
1781757900000,57860,57860,57691.2,57702.8,44790,2083320
1781759700000,57702.8,57799,57700,57726.4,25260,2087400
1781761500000,57726,57813.8,57706,57813.8,52890,2095710
1781763300000,57814.2,57893,57776,57843,47250,2102730
1781765100000,57866.2,57940,57826.4,57901.2,38310,2106900
1781766900000,57900,57944,57886.6,57929.8,29760,2119470
1781768700000,57929.8,57957,57850,57905.2,31560,2123910
1781770500000,57905.2,57954.6,57875.6,57887,22770,2126520
1781772300000,57887,57910,57801,57840,36240,2119440
1781774100000,57840,58020,57831.2,58019,77400,2128500
1781775900000,58017.6,58049,57980,58048,61380,2123940
1781840700000,57750,57940.6,57724.2,57807,151140,2127540
1781842500000,57795,57825,57710,57813,45420,2129910
1781844300000,57814.6,57818.4,57734,57768.8,82290,2180550
1781846100000,57768.8,57785,57655,57772.8,42300,2170170
1781847900000,57772.8,57800.4,57700,57755,23070,2168520
1781849700000,57755,57755,57701,57749,10050,2166540
1781851500000,57749,57800,57661.2,57711.6,38130,2193600
1781853300000,57720,57756,57653,57673.8,34290,2197620
1781855100000,57673.8,57776,57655.4,57764.2,25590,2186070
1781856900000,57769,57884,57740.2,57872,44820,2174130
1781858700000,57875,57978,57793.4,57905,51750,2175150
1781860500000,57905,57933,57682.2,57877.4,77520,2161680
1781862300000,57867.4,57910,57824,57838,51270,2152410
1782099900000,57999.8,58075,57888,57896.2,110970,2070120
1782101700000,57891,57979,57888,57969.6,36600,2052720
1782103500000,57955,58049,57930,58028,40920,2044170
1782105300000,58026.8,58038.4,57980,58019.4,16080,2045610
1782107100000,58019.8,58099,57990.2,58026.8,67770,2028360
1782108900000,58025,58045,57982,57998.2,16320,2006100
1782110700000,57997.6,58045,57969.2,57970,14790,2003100
1782112500000,57966.4,58008.6,57919,57933,29130,1991070
1782114300000,57950,57990,57928,57960,14610,1985880
1782116100000,57960,58017.4,57937.6,57984,14760,1980960
1782117900000,57984,58066.4,57949,58058,30180,1981290
1782119700000,58058,58097.6,58006.8,58050,55830,1995420
1782121500000,58047,58050,57976,57980,51750,1982070
1782186300000,58075,58075,57885.8,58024,80040,1955130
1782188100000,58024,58047.4,57975,57982,34320,1963440
1782189900000,57981.8,58030,57958,57993,39150,1954080
1782191700000,58004.8,58006,57950,57994,17580,1955220
1782193500000,57994,58018,57800,57845,61320,1957740
1782195300000,57829.8,57849.6,57537.6,57605,153840,1954170
1782197100000,57605,57650,57420,57543,68460,1958400
1782198900000,57543,57576,57444,57530.2,43200,1950600
1782200700000,57510,57541,57334.8,57400,65910,1963110
1782202500000,57400,57460,57306.4,57460,49500,1953630
1782204300000,57460,57465,57380,57465,21600,1941750
1782206100000,57464,57480,57302,57320,51570,1931010
1782207900000,57317.2,57329.4,57152,57185,93330,1921020
1782272700000,57160,57629,57160,57530.4,148680,1837020
1782274500000,57540,57725,57356.8,57693,113940,1835820
1782276300000,57700,57775,57667,57701,65160,1833720
1782278100000,57717.2,57911,57717.2,57901.4,89670,1841190
1782279900000,57901.4,58055,57860,58055,116760,1850340
1782281700000,58055,58130,58036.4,58060,101280,1883940
1782283500000,58060,58174.6,58010,58073.8,73800,1903650
1782285300000,58073.8,58136.2,58025,58092,53550,1924170
1782287100000,58082.6,58265,58076.4,58219.8,168750,2016720
1782288900000,58219.8,58250,58101.2,58177.2,73380,2056920
1782290700000,58187,58227.8,58132,58185,46920,2036940
1782292500000,58199.8,58251,58111.6,58136.2,61500,2007180
1782294300000,58136.2,58230,58120,58230,37530,2003490
1782359100000,58379,58480,58350,58420,130770,1663290
1782360900000,58420,58490,58360,58450,57120,1665480
1782362700000,58450,58480,58385,58435,52620,1671150
1782364500000,58435,58470,58380,58439,58800,1656900
1782366300000,58439.8,58450,58401.6,58449.8,25890,1663230
1782368100000,58449.8,58675,58430.6,58649.8,102060,1659540
1782369900000,58649.8,58675,58437.6,58520,79920,1634520
1782371700000,58520,58583.2,58470,58476,52950,1637280
1782373500000,58476,58572,58448.8,58548,64230,1633800
1782375300000,58548,58572.2,58250,58251,164580,1527240
1782377100000,58250,58317.6,58156,58157,111090,1534260
1782378900000,58157,58275,58150,58260,92070,1518300
1782380700000,58267,58284,58237.6,58255,58110,1512330
1782704700000,58240,58336,57927.2,58137,97650,1286370
1782706500000,58140,58146.8,58006.8,58046.8,71700,1275210
1782708300000,58032.8,58280,58000,58250,54450,1278330
1782710100000,58262.6,58280,58086.6,58132.2,51150,1278630
1782711900000,58126.2,58184.8,57956,57985,58080,1274700
1782713700000,57986.8,58037.2,57867.4,57875.2,68130,1272570
1782715500000,57881.6,57882.2,57720,57760,86520,1274850
1782717300000,57760,57844.4,57701,57801,40260,1277610
1782719100000,57800,57880,57748,57817,62730,1315140
1782720900000,57817,57946.4,57777.2,57919.2,80760,1330560
1782722700000,57945,57989,57873.2,57958,57660,1331430
1782724500000,57958,57975,57730.6,57790,76320,1341930
1782726300000,57798.8,57910,57770,57851,38970,1330530
1782791100000,57572.6,58050,57572.6,57738,69630,997470
1782792900000,57731.2,57935,57655.8,57840,107220,976020
1782794700000,57840,57850,57718,57751,40260,966930
1782796500000,57783.6,57844.4,57658.4,57830,38280,952230
1782798300000,57840,57934.8,57759,57761,25050,943080
1782800100000,57766.8,57799,57700.8,57714.8,26790,933990
1782801900000,57713.2,57790,57650,57763.2,43020,880020
1782803700000,57763.2,57840.8,57675.8,57694.6,20910,872490
1782805500000,57694.6,57719,57605,57694.8,47310,852360
1782807300000,57693,57697.6,57472.8,57530,58440,822360
1782809100000,57530,57751.2,57504.4,57729.2,61680,796530
1782810900000,57728,57728,57469.6,57552,86850,733650
1782812700000,57558,57560,57525,57538.2,55080,705690
1782877500000,57991,58050,57859.8,58037.2,99210,2230530
1782879300000,58039.6,58149,57975,58147.2,56640,2247960
1782881100000,58120,58298.8,58078.6,58099.8,79140,2249310
1782882900000,58100,58251,58090.4,58251,22860,2254260
1782884700000,58255,58287,58212,58238.4,33810,2256420
1782886500000,58237.4,58349,58237.4,58310,47190,2263350
1782888300000,58309.8,58390,58274,58305.4,42000,2266680
1782890100000,58300.2,58325,58240.2,58305,16110,2266890
1782891900000,58305,58356,58225,58313.2,30300,2271330
1782893700000,58313.6,58339.4,58240,58322.4,18240,2273790
1782895500000,58322.4,58338,58142,58218,43110,2275050
1782897300000,58198.4,58380,58185,58315,64470,2252550
1782899100000,58322,58322,58250,58283.8,37320,2223390
1782963900000,58421.2,58669,58390,58652.2,106710,2196660
1782965700000,58652.2,58679,58420,58420,57150,2208750
1782967500000,58420,58494.8,58400,58477.6,30810,2211480
1782969300000,58467,58489,58313.4,58361.2,31050,2213010
1782971100000,58355.4,58393.8,58191.8,58235,68400,2201520
1782972900000,58229.6,58349.6,58228.2,58349,26220,2199660
1782974700000,58339.8,58450,58302,58381,25290,2198190
1782976500000,58376.8,58420,58312.2,58400,13410,2195310
1782978300000,58400,58419,58310,58348.6,12180,2195400
1782980100000,58339.8,58399.8,58235.2,58240.2,21720,2199570
1782981900000,58240,58365.4,58209,58340,28950,2197830
1782983700000,58340,58420,58327,58360,30660,2191860
1782985500000,58376.6,58380,58300,58320,23370,2190690
1783050300000,58554,58554,58316,58356,107640,2239800
1783052100000,58356,58435,58334.6,58402,35220,2252640
1783053900000,58402,58480,58378.2,58425.4,19710,2249400
1783055700000,58420,58424.8,58276,58285,26040,2250000
1783057500000,58280,58371,58251,58369.8,28320,2248260
1783059300000,58369.8,58399,58314,58362.8,27630,2237700
1783061100000,58365.8,58384.6,58300,58300,13860,2239530
1783062900000,58302,58312.2,58140,58200,44400,2251260
1783064700000,58179,58219.8,58125,58195,34560,2255430
1783066500000,58195,58239,58148,58187.6,27870,2257440
1783068300000,58187.6,58240,58106.4,58200,32820,2254020
1783070100000,58201.6,58238,58146,58220,26430,2248920
1783071900000,58211,58261,58200,58255,39510,2238780
1783309500000,58300,58545,58225.6,58469.8,134460,2226150
1783311300000,58469.8,58598,58456.2,58550,81090,2224470
1783313100000,58552,58595,58500,58506.2,30390,2220240
1783314900000,58523,58577,58507,58515,18210,2225940
1783316700000,58539.4,58600,58468,58468.2,36000,2228610
1783318500000,58470,58682,58450,58650.2,66660,2229930
1783320300000,58680,58690,58589.8,58610.2,43920,2235300
1783322100000,58630,58660,58560,58656,23640,2239140
1783323900000,58650.2,58660.6,58599,58599,22200,2245680
1783325700000,58595,58622.4,58521,58545,30690,2257710
1783327500000,58540,58582,58486.2,58490.4,24540,2260650
1783329300000,58515.4,58550,58450,58520,34320,2263770
1783331100000,58515,58524,58486.8,58519,24360,2258550
1783395900000,58599.8,58666,58470.4,58560.2,97950,2227320
1783397700000,58571.8,58604.4,58545.4,58585,15630,2226210
1783399500000,58594.8,58622,58535,58549,18720,2226540
1783401300000,58552,58589,58500.2,58589,20490,2229300
1783403100000,58590,58598,58551,58582.8,11130,2228040
1783404900000,58583.8,58630,58550,58550,21150,2220090
1783406700000,58554.8,58569,58455,58500,47370,2228910
1783408500000,58514.4,58530,58402,58448.8,73290,2259540
1783410300000,58430,58479.8,58374.6,58470,51900,2252280
1783412100000,58470,58492.8,58400,58461.4,33720,2246970
1783413900000,58461.4,58525,58451,58487,10950,2246940
1783415700000,58487,58525,58385,58417.8,43080,2249280
1783417500000,58390.2,58422.2,58352,58385.4,39000,2249520
1783482300000,58100.2,58190,57811,57955,298230,2264430
1783484100000,57955,58118.2,57921,58058.2,68730,2275230
1783485900000,58058,58245,58000,58193.6,60000,2281230
1783487700000,58193.4,58216,58101,58155,30690,2293320
1783489500000,58155,58177,58025,58060,29820,2301660
1783491300000,58060,58079,57976,57986.6,29250,2309610
1783493100000,57970,58000,57889,57933.4,55320,2324820
1783494900000,57933.4,58069,57933.4,58046,23760,2324010
1783496700000,58035,58070,57983.2,58003,20760,2326860
1783498500000,58003.2,58035,57011,57018.4,368310,2382570
1783500300000,57031.6,57180.4,56873.2,56875.8,234150,2400510
1783502100000,56875,56977,56704,56945.8,229950,2361300
1783503900000,56918.6,57048.2,56912,56980,81600,2355060
1783568700000,57122,57450,57095,57393.6,149220,2263290
1783570500000,57393.6,57539,57382,57512.8,93960,2253450
1783572300000,57519,57660,57266,57520,104490,2257590
1783574100000,57500,57526.6,57219,57388.6,50610,2260230
1783575900000,57353.4,57670,57335.2,57537.2,75960,2247870
1783577700000,57537.2,57565.4,57463.2,57505.6,15180,2246730
1783579500000,57505.6,57570,57411,57442,19920,2247750
1783581300000,57442,57564.8,57421,57564,14250,2244090
1783583100000,57564,57640,57456,57590,35160,2249160
1783584900000,57590,57600,57473.8,57526.8,18420,2246100
1783586700000,57528,57625,57481,57510,26160,2248200
1783588500000,57510,57580,57335.2,57478,63150,2257140
1783590300000,57470.2,57539.8,57470.2,57508.6,49140,2262390
1783655100000,57700,58073.2,57672,58030.4,199170,2212320
1783656900000,58034,58094.6,58004,58057.6,48960,2196330
1783658700000,58057.8,58125.6,58040.2,58098.6,51420,2190810
1783660500000,58095,58134,58050,58076.6,34560,2190060
1783662300000,58079,58106.2,58010,58020,23160,2185740
1783664100000,58020,58072,57992,58004.2,13260,2184240
1783665900000,58004.2,58174,58000,58150.2,30390,2188410
1783667700000,58153.4,58361.4,58122.4,58200,92280,2189910
1783669500000,58200,58260,58122,58257.8,32520,2189070
1783671300000,58263.8,58275,58165.8,58207.8,21780,2183310
1783673100000,58220,58275,58178.2,58180.6,23130,2187210
1783674900000,58180.6,58259.8,58162.4,58188,36750,2183970
1783676700000,58185,58240,58175,58234.6,42360,2181900
1783914300000,57880,57880,57626,57840,177390,2143710
1783916100000,57835,58032,57818,57995,73890,2144700
1783917900000,57995,58188,57959.2,58135,64590,2145750
1783919700000,58135,58148.4,58035.6,58088.6,30150,2148990
1783921500000,58075,58099,57955,57955.4,35820,2149170
1783923300000,57960,58095,57920.4,58070,34410,2150970
1783925100000,58070,58139,58027,58120.2,37170,2133990
1783926900000,58120,58263,58052.2,58121.2,58740,2133360
1783928700000,58152.8,58153,58000,58105,25080,2135220
1783930500000,58104,58250,58104,58232.2,25980,2135550
1783932300000,58250,58360,58232.6,58296.6,89550,2126580
1783934100000,58293.6,58360,58260,58280.2,55020,2126550
1783935900000,58283.4,58328,58250.4,58305.4,32610,2130660
1784000700000,58000,58000,57541.6,57605,313410,2080140
1784002500000,57604.6,57644.6,57512,57609.8,80670,2095650
1784004300000,57580,57600.2,57476,57588.8,87930,2115450
1784006100000,57578,57724.8,57567,57724,46920,2124570
1784007900000,57724,57724.8,57590,57601.8,21510,2126970
1784009700000,57601,57668.8,57550.6,57581.4,22470,2130570
1784011500000,57580,57584.8,57499.8,57581.6,34770,2147670
1784013300000,57581.6,57595,57524.6,57555,26670,2148180
1784015100000,57555,57590,57410,57427.8,48780,2157570
1784016900000,57428,57550.6,57428,57527.6,28230,2160840
1784018700000,57535,57565,57477,57520,14610,2157270
1784020500000,57520.2,57625.2,57425,57551.8,66870,2155200
1784022300000,57552.2,57582.6,57453,57520,57360,2146710
1784087100000,57695,58194,57622.8,58116.2,286290,2062380
1784088900000,58120,58200,58105.8,58151.6,59520,2071770
1784090700000,58178.2,58199,58120.2,58180,19920,2075580
1784092500000,58180,58189,58102,58102,12690,2075910
1784094300000,58102,58176,57952,57964,28410,2069490
1784096100000,57950,58163.8,57950,58157,21480,2067090
1784097900000,58157,58180,58025,58067.6,27420,2070780
1784099700000,58067.6,58069.6,57582.8,57650,165720,2085060
1784101500000,57638.8,57878,57630.2,57770,68550,2088000
1784103300000,57770,57870,57701,57844,31350,2092260
1784105100000,57841.6,57869.8,57760,57826,16830,2092620
1784106900000,57826,57859.8,57723.2,57825,37170,2099040
1784108700000,57825,57909.8,57807,57874,57510,2080230
1784173500000,57989,57989.8,57829,57899.8,65370,2029380
1784175300000,57907,57920,57808,57824,20760,2030340
1784177100000,57834,57868.6,57744.8,57830,25110,2035260
1784178900000,57828,58060,57827.4,57901,52980,2028690
1784180700000,57910,57925.8,57832,57840,26130,2026740
1784182500000,57840,57874.8,57775,57834.4,13620,2029110
1784184300000,57812.2,57890,57770,57800,16770,2032710
1784186100000,57777,57822.8,57770.2,57771,19260,2039550
1784187900000,57770,57775.6,57615,57615,48960,2046120
1784189700000,57619.2,57744.8,57610,57705.4,26460,2043300
1784191500000,57705.4,57759.8,57659,57750,21270,2045040
1784193300000,57750,57848,57710,57789.4,33510,2042730
1784195100000,57787.8,57828,57761,57823.8,33600,2044200
1784259900000,57800,57979.2,57702,57953,115560,2016390
1784261700000,57953.2,58027.4,57892,57990.2,72960,2016210
1784263500000,57990.6,58200,57990,58081.4,121170,1996800
1784265300000,58095,58177.4,58040.2,58068.6,88740,2008110
1784267100000,58089.4,58124.8,58051.4,58100.2,41400,2007540
1784268900000,58100.2,58158,58080,58120,30930,2002560
1784270700000,58131.4,58149,58091.2,58118.6,19590,2002350
1784272500000,58110.8,58170,58074.4,58128,26550,2004300
1784274300000,58128,58135.8,57962.2,58020.6,46950,2007690
1784276100000,57990,58245.4,57933,58240,49650,2008680
1784277900000,58224.4,58543,58224.4,58468.2,154680,2006820
1784279700000,58467.4,58520,58410.2,58475,129330,2035980
1784281500000,58473.4,58600,58447.8,58599.8,180240,2084100
1784519100000,58100,58100,57682.2,57734.2,398550,2036940
1784520900000,57715,57819.8,57675,57770,88980,2037150
1784522700000,57764.8,57895.8,57760.8,57820,72900,2034810
1784524500000,57820,57850.2,57740.8,57775,32670,2032290
1784526300000,57772,57821.6,57743,57752.2,24570,2027670
1784528100000,57751.6,57799.6,57739,57794.8,18990,2032950
1784529900000,57794.8,57829,57725,57725,31110,2034480
1784531700000,57725.6,57940,57643.4,57938.6,83610,2035230
1784533500000,57934,58025,57880,57997,55290,2011200
1784535300000,58005,58225,57988.4,58164.8,109590,1994550
1784537100000,58170,58194.8,58095.8,58100,33270,1990440
1784538900000,58100,58140,58070.8,58131.2,30270,1987290
1784540700000,58131.2,58151,58101,58125,78360,2017710
1784605500000,58080,58265,58014.2,58120.8,132660,2006340
1784607300000,58120.8,58143,58027,58082.8,38790,2011110
1784609100000,58082.8,58117.4,57978,58030,45270,2028720
1784610900000,58031.4,58077.8,57968.4,58015,15510,2032350
1784612700000,58012,58048.2,57956,57972.8,24540,2044800
1784614500000,57973.6,58038.8,57941,58014.6,18540,2049690
1784616300000,58014.6,58098.8,57985,58011.8,23700,2048190
1784618100000,58015.4,58028.8,57911,58019.8,25410,2052690
1784619900000,58019.8,58075,57995.4,58015,10380,2052330
1784621700000,58011.2,58050,57987.4,58019,5400,2051040
1784623500000,58001,58048.8,57922,57969.8,20250,2048970
1784625300000,57968.6,58027,57952,57961,19980,2045490
1784627100000,57974.8,57990,57938.4,57965,46470,2054910
1784691900000,57800,57890,57338,57415,243090,2064120
1784693700000,57405,57470,57350,57410,43830,2080620
1784695500000,57405,57441,57255.8,57280,80550,2100210
1784697300000,57280,57360,57267,57300,25440,2111190
1784699100000,57300,57390,57300,57336,17220,2095560
1784700900000,57336,57355,57160,57160.4,59790,2108040
1784702700000,57160,57195,57056,57140,63510,2108070
1784704500000,57139,57219.8,57075.2,57105,39240,2112300
1784706300000,57105,57220,57084,57149,53010,2109450
1784708100000,57149,57161.6,57057,57080.2,39600,2101980
1784709900000,57081.4,57185,57081,57130,35340,2108130
1784711700000,57130,57240,57100.2,57229.8,31650,2075070
1784713500000,57215,57240,57171,57174.6,45330,2071350
1784778300000,56900.2,57040,56775,56848.2,178320,1986600
1784780100000,56842,57006,56811.2,56950,84150,1987050
1784781900000,56932,56972,56900,56936.4,33330,1991280
1784783700000,56936.4,56975,56895,56895,46020,1993710
1784785500000,56895,56895,56724,56760,139890,2009730
1784787300000,56759.4,56800,56687,56735,105360,1998090
1784789100000,56722,56740,56480,56522,165660,2004780
1784790900000,56522,56549.6,56451,56500,106920,2011110
1784792700000,56500,56572,56455.2,56530,73230,1989510
1784794500000,56530,56625,56530,56566.2,55950,2010960
1784796300000,56580,56698,56530,56546,44070,2028720
1784798100000,56546,56721,56512,56655,49560,2008650
1784799900000,56639.6,56690,56635,56673.8,38580,1990950
1784864700000,56300,56420,56182,56215,128280,1792200
1784866500000,56200,56291.6,56155,56182.4,47220,1787970
1784868300000,56182.4,56314.6,56182.4,56300,82950,1814910
1784870100000,56293.8,56340,56180,56190,36120,1782360
1784871900000,56190,56325,56190,56315.4,31590,1774260
1784873700000,56323,56494,56300.8,56400,84270,1779600
1784875500000,56400,56850,56379.8,56793.6,135720,1795050
1784877300000,56786,56899,56724,56808,102780,1811940
1784879100000,56794,56874.8,56666,56739.4,64050,1811100
1784880900000,56710.8,56932,56688.4,56881,54750,1811250
1784882700000,56889,56903.4,56790,56815,53940,1789350
1784884500000,56802.2,56900,56786,56850,52200,1797510
1784886300000,56830,56899,56821,56862,40110,1794420
1785123900000,57075,57389,57052,57270,155220,1376040
1785125700000,57270,57292.2,57105.4,57201.2,46410,1384500
1785127500000,57201.2,57225,57025,57120,47490,1377840
1785129300000,57098.6,57165,57082,57108.8,39090,1374240
1785131100000,57106,57179.2,57071.6,57150.2,50700,1373130
1785132900000,57150.2,57190,57025,57113.4,48630,1380660
1785134700000,57140,57170,57070.4,57107,59970,1405680
1785136500000,57107,57144.8,57084,57115,36180,1412460
1785138300000,57115,57149,56959,57028.6,40530,1387890
1785140100000,57028.6,57195,57009,57190.2,44070,1397970
1785141900000,57162,57220,57114.4,57150,49620,1403400
1785143700000,57150,57197,57150,57165.2,42960,1390890
1785145500000,57166,57192,57160.2,57169,35310,1385460
1785210300000,57061,57099.8,56875.6,56910,74220,1068180
1785212100000,56910,56913,56820,56894,70770,1035660
1785213900000,56895,56997.8,56876.4,56997.8,46860,1030170
1785215700000,56997.8,57017,56936.6,56970,27840,1028700
1785217500000,56964,57045,56960.6,57021,37230,990120
1785219300000,57021,57035,56946.6,56995,35640,959580
1785221100000,56995,57010,56927.2,56936,42480,964980
1785222900000,56936,56950,56850,56850,47070,924180
1785224700000,56850,56866.2,56800,56815,40500,892050
1785226500000,56815,56880,56800,56814,54480,829140
1785228300000,56808.6,56848.2,56762.2,56806.8,43080,815550
1785230100000,56806.4,56825,56688.2,56700,84900,788730
1785231900000,56700,56810,56695,56751.6,44610,762510
1785296700000,57333,57333,57151.4,57260.2,162990,2170200
1785298500000,57262.6,57376,57205.2,57335,58290,2160690
1785300300000,57340,57355.2,57285,57306,20850,2163150
1785302100000,57306,57349,57239,57315.8,21210,2163330
1785303900000,57315.8,57340,57281,57323.8,13560,2161530
1785305700000,57339,57439,57311,57406,56670,2150820
1785307500000,57407.8,57412,57343,57360,17940,2146530
1785309300000,57360,57398.8,57311.2,57398,16320,2144370
1785311100000,57390,57390,57290,57290,17610,2142690
1785312900000,57289.2,57424.8,57280,57409.8,38250,2132430
1785314700000,57419.6,57458,57397.4,57410,38760,2114430
1785316500000,57419,57447,57350,57355,31950,2102520
1785318300000,57355,57360,57305,57305,43200,2090580
1785383100000,57125,57200,56940,56965,121980,2109000
1785384900000,56975,57080,56925,57000,52980,2124210
1785386700000,57000,57017,56925,57010.4,56160,2157480
1785388500000,57010,57075,57001,57057,23370,2155530
1785390300000,57057,57113.4,57029.6,57068.2,26190,2151510
1785392100000,57062,57062,57000,57048,20400,2158050
1785393900000,57052.2,57350,57048,57255,89790,2155650
1785395700000,57263.6,57299.6,57155,57210,35100,2146650
1785397500000,57210,57271.2,57170,57230,14940,2140920
1785399300000,57230,57249,57150,57150,9360,2141160
1785401100000,57150,57230,57100,57225,14520,2140080
1785402900000,57225.6,57340,57225.6,57264.8,60540,2135670
1785404700000,57264.8,57315.4,57237.6,57300,49410,2137650
1785469500000,57460,57576,57361,57435,145470,2103330
1785471300000,57435,57495,57385.2,57449,41250,2121630
1785473100000,57428,57480,57390.4,57450,32550,2129340
1785474900000,57450,57455,57378,57410,10080,2130900
1785476700000,57410,57447.8,57376,57383.2,19080,2136600
1785478500000,57383.2,57452,57370.4,57452,11640,2138790
1785480300000,57458,57469,57414,57460,15840,2140590
1785482100000,57460,57548,57415,57500,30780,2134080
1785483900000,57492.2,57551,57490,57491,25260,2124570
1785485700000,57491,57524,57461.2,57497,10650,2122050
1785487500000,57492,57518.4,57446.4,57451.4,12390,2120850
1785489300000,57451.4,57480,57430,57441.6,20670,2115540
1785491100000,57441.4,57442.2,57390,57412,37770,2117700
1785728700000,57750.2,57960,57712.4,57950,237990,2124480
1785730500000,57950,58028,57940,58000,103800,2128800
1785732300000,58000,58013.2,57940,57980,41400,2138130
1785734100000,57980,58065.8,57965.2,58019,49980,2145420
1785735900000,58019,58033,58000,58000,20280,2149260
1785737700000,58000,58027.6,57986,58002,18300,2149410
1785739500000,58002,58039,57901,57940,36960,2153160
1785741300000,57940,57952.4,57816,57879,44880,2149680
1785743100000,57879,57941,57865,57910,8700,2149050
1785744900000,57910,57925,57866,57902.2,13290,2144700
1785746700000,57905,57950,57898.4,57938.6,16470,2148930
1785748500000,57938.6,57959.2,57816,57850,32970,2142570
1785750300000,57852,57920,57825,57880,32670,2133060
1785815100000,57830,57990,57738,57965,73680,2098500
1785816900000,57979,58074,57968.2,57990,60360,2106810
1785818700000,57990,58034.2,57885,57901.8,26820,2107740
1785820500000,57900,57924,57842.2,57870.6,21360,2112540
1785822300000,57870.6,57870.6,57750,57780,39360,2124660
1785824100000,57770,57780.6,57650,57709,47370,2135910
1785825900000,57709,57771.4,57651,57665,23340,2139450
1785827700000,57679.8,57706.2,57600,57625,38190,2148240
1785829500000,57629.8,57668.2,57581,57591,36450,2165370
1785831300000,57591,57694,57581.2,57685,18240,2171280
1785833100000,57685,57720.8,57670,57689.8,18990,2172300
1785834900000,57689.8,57725,57662.2,57714.6,25620,2162370
1785836700000,57714.6,57734,57698.6,57710,31260,2150280
1785901500000,57980,58143,57864.2,58129.8,185010,2121030
1785903300000,58118.2,58184,58035.2,58124,92580,2143560
1785905100000,58131,58140,57831.2,58013.6,63120,2161440
1785906900000,58010,58124,57982.2,58041.8,28200,2163930
1785908700000,58041.8,58052.4,57935,57941.6,17940,2162340
1785910500000,57941.6,57948.2,57850,57922,28470,2165100
1785912300000,57903,57934,57800,57809.4,28170,2173440
1785914100000,57801,57835,57750,57755,38610,2185860
1785915900000,57755,57817.4,57703,57705.8,25980,2194560
1785917700000,57704,57840.8,57704,57783,15990,2202360
1785919500000,57783,57802,57740,57747.4,14220,2209500
1785921300000,57748.2,57860,57744,57856,33000,2209140
1785923100000,57856,57860,57783.2,57803,33690,2194020
1785987900000,57940,58033,57860,58030.6,76170,2142780
1785989700000,58033,58069.8,57950,58027.2,39870,2134860
1785991500000,58025.6,58085,57991.2,58050,30090,2136270
1785993300000,58049.8,58099,58033.2,58090,23310,2128140
1785995100000,58095,58099,58016.2,58020.2,19890,2130120
1785996900000,58020.2,58115.6,58013.4,58086,25830,2127900
1785998700000,58088.8,58123.2,58080.8,58090.6,33210,2128320
1786000500000,58100,58110.4,58041.2,58082,20760,2122230
1786002300000,58084.6,58176,58059,58141.8,95610,2132610
1786004100000,58142,58208.4,58120,58196.2,89640,2126520
1786005900000,58196,58212,58140,58184.4,59220,2139390
1786007700000,58182.8,58196.4,58141,58166.2,59070,2154570
1786009500000,58166.2,58205.2,58161,58191,38280,2129190
1786074300000,58010,58079,57977.2,58040,52830,2116350
1786076100000,58046.6,58095,58005,58041.2,25440,2119380
1786077900000,58041.2,58062.4,57910,57973,38280,2122380
1786079700000,57973,58005.6,57910,57967.8,25590,2130600
1786081500000,57967.6,58020,57947,57960,24270,2138070
1786083300000,57958,57969.6,57902,57902,17430,2137590
1786085100000,57903,57950,57869.2,57948.2,23730,2132700
1786086900000,57948.4,57996,57911,57911,11430,2128890
1786088700000,57910,57974.6,57871.6,57883.4,22620,2124570
1786090500000,57878.6,58130,57874.2,57979.6,71940,2104260
1786092300000,58007,58058,57971.4,58020,16320,2097360
1786094100000,58020,58049.8,57950,58030,24780,2094180
1786095900000,58030,58049,57990.2,58013,24060,2092590
1786333500000,57999,58112.2,57751,57820,97590,2079720
1786335300000,57824.8,57850,57760,57805,32970,2093400
1786337100000,57805,57915,57805,57915,14310,2092080
1786338900000,57915,57939,57866.8,57910,9990,2092230
1786340700000,57910,57925,57851,57857.4,7830,2092140
1786342500000,57857.4,57907.6,57831,57895.2,9810,2087190
1786344300000,57891,57925,57866.8,57900,4170,2087280
1786346100000,57899.8,57899.8,57801,57839.2,14010,2093880
1786347900000,57810.8,57895,57810,57895,7470,2094570
1786349700000,57895,57895,57833,57869.8,4320,2096070
1786351500000,57869.8,57886.8,57830,57830.4,6570,2096520
1786353300000,57830.4,57874.8,57801,57859.8,27660,2095920
1786355100000,57863.8,57900,57846.8,57860.2,25440,2083350
1786419900000,57750,57787.8,57401,57449,139020,2109960
1786421700000,57450.6,57464.8,57360,57411,80040,2127990
1786423500000,57410,57540,57400,57510.2,20880,2132880
1786425300000,57510.2,57549,57455.2,57524.8,21540,2132310
1786427100000,57524.6,57562,57495.4,57543.4,13530,2127360
1786428900000,57543.4,57547.4,57480.6,57505,10560,2123850
1786430700000,57505,57548,57485,57548,8370,2121930
1786432500000,57550,57660,57539.6,57616,32430,2111910
1786434300000,57616,57710,57540,57609,30990,2104260
1786436100000,57630,57630,57580.6,57610.4,12750,2104620
1786437900000,57610.4,57628,57563.4,57573,17490,2095470
1786439700000,57573,57620,57564.8,57596.8,18780,2086260
1786441500000,57596.8,57600,57555.8,57571.4,25650,2072520
1786506300000,57576,57900,57464.2,57850.2,111570,2063880
1786508100000,57850.2,57850.2,57770,57838,43380,2069160
1786509900000,57838,57945.6,57811.8,57870.8,56790,2075010
1786511700000,57878,57880,57765,57776.4,52050,2092500
1786513500000,57762.2,57880,57708,57773.4,44130,2109930
1786515300000,57773.4,57806,57690,57741,25140,2116110
1786517100000,57736.6,57797,57710.2,57727,16200,2118270
1786518900000,57727,57783.2,57720,57735,5250,2119290
1786520700000,57735,57799,57726.6,57730,26460,2135970
1786522500000,57720,57775.4,57716,57722,7020,2137620
1786524300000,57722,57939,57708,57929.8,41550,2129910
1786526100000,57929.8,58088.8,57924,58019,119310,2114430
1786527900000,58020,58040,57986.8,58000,61620,2081790
1786592700000,58099,58099,57755,57835.2,76950,2093340
1786594500000,57837,57927,57809.2,57820,27330,2097660
1786596300000,57820,57838.8,57765.2,57810.8,17880,2102700
1786598100000,57803.8,57862,57790,57796,16590,2109240
1786599900000,57790,57852.8,57760,57835,9840,2109330
1786601700000,57839,57940,57820,57885,20910,2113530
1786603500000,57890,57905,57805,57870,8730,2115630
1786605300000,57870,57870,57820,57840,5460,2117100
1786607100000,57821,57895,57806,57895,7800,2116260
1786608900000,57895,57920,57850.4,57851.6,12300,2111730
1786610700000,57850,57900,57840,57877,7230,2112360
1786612500000,57873.2,57890,57851,57861,15420,2111250
1786614300000,57860,57885.2,57830.4,57874,14790,2104170
1786679100000,57821,57848.4,57654.8,57745,61440,2115510
1786680900000,57745,57878,57742,57833,37350,2126730
1786682700000,57840,57844.2,57697,57710,31200,2133720
1786684500000,57718,57748.4,57665,57675,27960,2139210
1786686300000,57669,57705.2,57557.8,57620,63180,2139930
1786688100000,57620,57639.8,57586.2,57627.6,20790,2140140
1786689900000,57627.6,57670,57596.8,57600,16650,2140620
1786691700000,57600,57646.8,57600,57645,10980,2137320
1786693500000,57645,57649,57580,57632,13290,2131950
1786695300000,57632,57803,57632,57765.4,47730,2123490
1786697100000,57790,57794,57731.4,57740,12180,2116350
1786698900000,57740,57769.8,57705,57723,18870,2109630
1786700700000,57709,57723,57651,57670,20040,2101320
1786938300000,57571.2,57597.8,57321.8,57451,97920,2129580
1786940100000,57451,57470,57401.2,57420,20070,2132880
1786941900000,57420,57425.8,57274.8,57299.8,85500,2104800
1786943700000,57299.8,57375.4,57294,57318,14850,2105340
1786945500000,57318,57365,57314,57333.8,24390,2108910
1786947300000,57334,57416,57331,57390,12000,2103870
1786949100000,57390,57572,57390,57526,34110,2093940
1786950900000,57550,57900.4,57549.8,57892.2,133350,2097990
1786952700000,57895,57899,57821,57875,22290,2089800
1786954500000,57875,57896.2,57775,57775,16080,2088000
1786956300000,57781,57850,57770,57840,44580,2062080
1786958100000,57850,57895,57815,57864,50880,2061660
1786959900000,57875,57895,57750,57755,43530,2059380
1787024700000,57595,57720,57442.6,57480,87570,2050140
1787026500000,57480,57516,57431,57440,35790,2070540
1787028300000,57440,57506,57400.8,57424,31110,2085030
1787030100000,57435,57450,57341,57424.2,51240,2093610
1787031900000,57424.2,57450.8,57345,57423.2,54060,2075880
1787033700000,57395,57500,57390,57460,15000,2073600
1787035500000,57479.8,57498,57433,57433,5580,2074770
1787037300000,57433,57469,57411,57454,6210,2076120
1787039100000,57454,57460.8,57396.4,57432,12510,2072490
1787040900000,57432,57478,57397,57460,13350,2076180
1787042700000,57460,57505,57415.2,57449.8,36450,2088240
1787044500000,57449.8,57499.8,57433,57448,32160,2088690
1787046300000,57450,57454.4,57372,57400,20610,2086620
1787111100000,57402,57402,57151,57240.8,102780,2085120
1787112900000,57240.8,57381.2,57201,57350,47520,2104200
1787114700000,57349.2,57361,57227,57235,24210,2106150
1787116500000,57235,57275,57201,57234,11850,2108070
1787118300000,57230,57260,57216.4,57223.8,7530,2109060
1787120100000,57234.6,57360.6,57218,57241.6,36720,2092650
1787121900000,57241.6,57284.8,57230,57255,12840,2088300
1787123700000,57255,57298.8,57227.2,57250,4620,2087520
1787125500000,57250,57304.6,57228.6,57269.6,9240,2085030
1787127300000,57269.6,57380.6,57250,57323.6,32490,2080140
1787129100000,57335,57499,57277.2,57423.4,51720,2069190
1787130900000,57410.4,57439.8,57335,57341,21450,2067000
1787132700000,57349.8,57365,57325,57355,22680,2064270
1787197500000,57588.2,57798.6,57520,57792.6,181020,1995600
1787199300000,57797,57900,57750.8,57833,110490,1985430
1787201100000,57829.8,57849,57769.6,57788.6,29190,1981620
1787202900000,57788.6,57830.8,57780.8,57793.8,20880,1984920
1787204700000,57795,57810,57752.2,57780,28200,1996710
1787206500000,57779.8,57792,57761.2,57767.4,5250,1976940
1787208300000,57765,57779,57704.6,57770,26730,1976880
1787210100000,57770,57855,57750,57802,38820,1978620
1787211900000,57823.8,57824.6,57743.6,57765,12900,1977900
1787213700000,57748.6,57800,57720,57749.6,31830,1982520
1787215500000,57729.4,57750,57681.2,57720,31410,1976010
1787217300000,57720,57744.8,57630.2,57662.6,46530,1970250
1787219100000,57662.6,57682.2,57602.6,57620,41220,1973310
1787283900000,57638.6,57780,57585.2,57775,72150,1882260
1787285700000,57776.4,57858,57750,57779,107010,1873830
1787287500000,57780.2,57825,57755.6,57825,45030,1861920
1787289300000,57825,57835,57771,57812,37110,1861770
1787291100000,57812,57837.2,57778,57805.6,66720,1878240
1787292900000,57811.8,57825,57756.8,57760,66540,1866870
1787294700000,57750,57791.2,57711.6,57745,73050,1869720
1787296500000,57745,57815,57745,57772.6,62580,1859250
1787298300000,57772.8,57796.6,57722.2,57750,65910,1892490
1787300100000,57750,57764.6,57722.6,57740,54120,1867920
1787301900000,57727.2,57775,57727.2,57749,49680,1881630
1787303700000,57749,57760,57711,57730.2,66810,1873530
1787305500000,57730,57750,57700,57705,24180,1864920
1787543100000,57800,57889.8,57770,57810,90420,1373460
1787544900000,57796,57816,57755,57788.4,54120,1375680
1787546700000,57784.8,57790,57725,57730,62280,1383120
1787548500000,57727.2,57735,57439,57439,110850,1367640
1787550300000,57420,57469.8,57386,57424,100560,1328070
1787552100000,57424,57475,57415.4,57445,68490,1346670
1787553900000,57445,57459.6,57401,57401,47040,1248600
1787555700000,57401,57442.8,57224.2,57361.8,94320,1268760
1787557500000,57361.8,57440.8,57335.8,57410,48120,1250970
1787559300000,57404.8,57427.6,57378.2,57409,47940,1247820
1787561100000,57409,57465,57366.6,57440,82980,1275240
1787562900000,57440,57472,57409.2,57419.8,70740,1265010
1787564700000,57438.2,57464,57381.6,57384.2,18390,1257270
1787629500000,57300,57650,57259.4,57565,110520,776640
1787631300000,57565,57575,57494.8,57525,52650,757650
1787633100000,57525,57526,57407.4,57492,69510,755910
1787634900000,57479.6,57599,57467.2,57499.8,42420,732420
1787636700000,57499.8,57517,57433.6,57449.6,26220,727500
1787638500000,57447,57540,57435.2,57540,28500,720510
1787640300000,57540,57540,57444,57479,43890,715890
1787642100000,57478.8,57479,57345.2,57345.2,30150,695940
1787643900000,57345.2,57401.6,57303.2,57346,40260,683130
1787645700000,57346,57460,57322,57383.8,39660,668580
1787647500000,57383.2,57490,57355,57465,50640,636660
1787649300000,57465,57528.8,57446.8,57486.6,121710,585930
1787651100000,57490,57580,57390,57514.6,65070,566430
1787715900000,58010,58350,57900,58340,256950,1946550
1787717700000,58340,58380,58275,58295,76320,1970610
1787719500000,58290,58330,58220,58303.4,41790,1978560
1787721300000,58308.2,58320,58235,58320,35220,1994550
1787723100000,58320,58320,58248,58290,12960,1996590
1787724900000,58290,58310.8,58230,58280.6,19530,2002230
1787726700000,58284.4,58325,58265,58325,13800,2007030
1787728500000,58325,58325,58250,58258.2,8220,2008530
1787730300000,58258.2,58261.6,58180,58206,36960,2015850
1787732100000,58205,58240,58190,58225,12240,2012340
1787733900000,58225,58245,58200,58201,14580,2010930
1787735700000,58201.2,58300,58201,58241,23850,2011230
1787737500000,58240,58255,58189.6,58220,27990,2003010
1787802300000,58220,58298,58058,58140.6,68250,2013060
1787804100000,58140.6,58174.8,58090,58111,23640,2027160
1787805900000,58109,58135.6,58077.6,58082,13230,2028930
1787807700000,58082,58100.4,58014,58045,23250,2031060
1787809500000,58045,58066.6,58000.2,58052.4,16320,2031690
1787811300000,58050,58088.2,58000,58005,13440,2035020
1787813100000,58008,58044.4,57942.2,57993,55230,2045040
1787814900000,57993,58140,57980,58129.6,23940,2046120
1787816700000,58130,58147,58064,58064,15600,2044110
1787818500000,58060,58060,57925,57959.6,47460,2033040
1787820300000,57955,58013.8,57952,57967,14040,2030550
1787822100000,57967,57998.8,57925,57949,20220,2033250
1787823900000,57949.4,57975,57847.8,57883.8,47850,2023620
1787888700000,57885.2,57890,57671,57839,100170,2022750
1787890500000,57838.8,57885,57790,57884.8,25170,2018670
1787892300000,57888,57976,57879.8,57934,35550,2023620
1787894100000,57933.4,57975,57871.4,57943,12060,2020350
1787895900000,57938.8,57940.6,57775.2,57819.2,21210,2025600
1787897700000,57819.2,57822.6,57701,57730,24750,2027940
1787899500000,57730,57770,57720,57766,11790,2025450
1787901300000,57766,57789,57701,57708.8,9540,2028600
1787903100000,57708.8,57790,57700,57786.4,16980,2032710
1787904900000,57780,57836,57721.6,57820,14070,2031750
1787906700000,57820,57835,57781.6,57783,7110,2032200
1787908500000,57781,57875,57775,57845.6,18630,2020770
1787910300000,57855,57890,57831.8,57860,21060,2013030
1788147900000,57751,57888.6,57592,57700,104790,2013630
1788149700000,57700,57737.6,57658,57673.8,23100,2022300
1788151500000,57673.8,57684,57600,57630.4,28530,2037420
1788153300000,57630,57680,57601,57680,14370,2041320
1788155100000,57680,57765,57650.2,57740,20160,2037990
1788156900000,57740,57900,57730.2,57830,44040,2028510
1788158700000,57853.2,57875.4,57784.8,57830,12210,2028570
1788160500000,57830,57848,57790,57848,4740,2023980
1788162300000,57848.6,57858,57808.8,57815,8550,2022630
1788164100000,57815,57848.2,57761,57765,7020,2021850
1788165900000,57772,57862,57701,57840,16860,2021280
1788167700000,57860,57966,57833.8,57847.8,48630,2005170
1788169500000,57833.8,57947.8,57820,57886.2,43950,1987380
1788234300000,57876.2,57876.2,57700.2,57740,54900,1978770
1788236100000,57745.2,57775,57694.2,57775,22500,1979880
1788237900000,57778,57830,57767.8,57790,13080,1980720
1788239700000,57790,58000,57770,57992,53760,1998630
1788241500000,58000,58101,57964,58007.4,82770,2011050
1788243300000,58007.4,58025,57980,57980.2,9540,2009370
1788245100000,57983.2,58000,57940.2,58000,10980,2009730
1788246900000,58000,58015,57825.4,57850,23880,2009400
1788248700000,57825,57843.6,57650,57707.2,89670,1997880
1788250500000,57707.2,57711,57484.2,57510.2,136170,1996770
1788252300000,57507.8,57599,57489.2,57559.4,71760,2018790
1788254100000,57559.4,57601.2,57559.4,57595,22830,2004660
1788255900000,57598.8,57628,57550,57566.2,34230,1999290
1788320700000,57300,57460,57211,57450,111210,2002800
1788322500000,57437,57502,57367.8,57452,36780,2007900
1788324300000,57452,57593.6,57452,57531.4,35220,2005980
1788326100000,57531.4,57558.6,57401,57424,16860,2009160
1788327900000,57424,57439.2,57350,57373,26310,2016210
1788329700000,57373,57500,57360,57490.8,22260,2018700
1788331500000,57499.8,57575,57402.8,57537,18870,2023410
1788333300000,57537,57559.8,57486.2,57531.2,13410,2025630
1788335100000,57530.6,57533.8,57430,57469.8,12360,2028690
1788336900000,57469.8,57599,57433.8,57555.2,20100,2029170
1788338700000,57555.2,57568.8,57477,57500.4,9810,2029770
1788340500000,57500.6,57553.6,57412,57499.4,21930,2031360
1788342300000,57499.6,57520,57470,57498.6,21480,2030760
1788407100000,57788,58030,57782,58021.8,191880,2001270
1788408900000,58012.2,58050,57976,57990,59100,2003730
1788410700000,57990,58040,57895.4,57906.6,32970,2000820
1788412500000,57920,57945.4,57838,57865,23370,2004870
1788414300000,57855,57950,57840,57916.6,11670,2009010
1788416100000,57916.6,57940,57867.2,57894,12150,2010990
1788417900000,57894,57900.4,57830,57860,17310,2011050
1788419700000,57860,57875,57810,57850,16110,2017140
1788421500000,57850,57900,57760,57846.6,17280,2018040
1788423300000,57879,57890,57806,57820,13530,2023950
1788425100000,57809.4,57856.4,57781,57820,9210,2021400
1788426900000,57830,57839.6,57702.8,57762.8,27000,2021220
1788428700000,57750.2,57764.8,57665,57670,53970,2018970
1788493500000,57795,57844,57685,57742,52890,2028780
1788495300000,57742,57798,57710,57750,12810,2032080
1788497100000,57750,57877.6,57731,57836,31800,2042700
1788498900000,57821,57900,57815,57842.8,15360,2043420
1788500700000,57843.4,57953.4,57843.4,57890,35010,2043960
1788502500000,57885,57944.8,57870.2,57880,12510,2046090
1788504300000,57880,57894,57850,57867.4,7110,2046450
1788506100000,57867.4,57888,57818,57875,10140,2044980
1788507900000,57875,57941.8,57861.6,57870,12360,2043090
1788509700000,57870,57890,57830,57836.6,22650,2039910
1788511500000,57836.6,57899.2,57801.4,57820,21390,2039220
1788513300000,57816,57828.4,57769.2,57788,30930,2027370
1788515100000,57781,57800.4,57753,57775,26010,2018700
1788752700000,57700,57722.8,57360,57450,138510,2038740
1788754500000,57450,57470,57395,57400,23790,2034780
1788756300000,57400,57431.8,57324.2,57406.6,84690,1999710
1788758100000,57406.6,57415,57366,57370,18090,2001810
1788759900000,57370,57442.8,57351.2,57426,17790,2001150
1788761700000,57426,57460,57401,57449.6,7890,2005110
1788763500000,57449.6,57483.2,57380,57426.4,7020,2007210
1788765300000,57428.6,57428.6,57365,57390,10320,2009760
1788767100000,57390,57472.2,57384.6,57445,16620,2015460
1788768900000,57445,57512,57440,57479,17580,2010780
1788770700000,57472,57545,57425,57432,15360,2008530
1788772500000,57431,57459.2,57388,57390.8,46620,1984050
1788774300000,57395.4,57410,57352,57379.6,23940,1976730
1788839100000,57255,57307.6,57193.4,57214.4,58860,1985460
1788840900000,57214.2,57299,57172,57290,79680,1983420
1788842700000,57299.8,57343,57203.4,57234.8,27270,1978530
1788844500000,57229.6,57274.8,57206,57212,11280,1984590
1788846300000,57211,57248.8,57176,57180.8,34890,1998450
1788848100000,57180.8,57226.2,57095,57154.4,48450,2014170
1788849900000,57154.4,57200,57125.4,57125.4,15300,2019720
1788851700000,57125.4,57158.8,57101,57114.2,14850,2019060
1788853500000,57130.4,57131,57057.8,57069,18420,2021820
1788855300000,57069,57162,57069,57155,17940,2024280
1788857100000,57155,57170,57100,57135,26130,2035020
1788858900000,57135,57183.6,57080,57139.8,27750,2035530
1788860700000,57140,57156.6,57073,57099,21540,2037930
1788925500000,56674,56938.4,56674,56855.8,150690,2086920
1788927300000,56855.8,56867.2,56784.4,56852.8,36840,2098590
1788929100000,56838,56970,56818.8,56901.6,42570,2099580
1788930900000,56901.6,56970,56876.2,56955,12570,2102670
1788932700000,56954.8,56960,56911.6,56954.2,5730,2103810
1788934500000,56954.2,56969.8,56804.2,56845,28800,2113740
1788936300000,56845,57129.8,56801,57100,55560,2116620
1788938100000,57100,57105.6,56992.6,56997,16530,2116800
1788939900000,56997,57070,56985.8,57060,7110,2118450
1788941700000,57049.8,57125,57003,57030,18900,2119710
1788943500000,57030,57079.2,56863.6,56870,26580,2127810
1788945300000,56866,56919.4,56680,56735,54930,2133120
1788947100000,56740,56740,56625,56681,75690,2136390
1789011900000,56693,56846,56655,56775,72120,2129250
1789013700000,56775,56810,56675.6,56701,19470,2132460
1789015500000,56720,56839,56720,56839,16320,2131320
1789017300000,56839,56850,56736,56840,14010,2131980
1789019100000,56840,56879.8,56761,56777,20130,2135760
1789020900000,56777,56854.4,56777,56842.8,9060,2134650
1789022700000,56843,56850,56750,56776.6,7320,2136540
1789024500000,56776.6,56800,56660,56750,16140,2139000
1789026300000,56757,56764.8,56700,56727,6060,2141310
1789028100000,56727,56734,56641,56650,15900,2147610
1789029900000,56650,56659.2,56557,56615.8,28950,2154690
1789031700000,56648,56725,56550,56573.8,35610,2166270
1789033500000,56575.2,56668.2,56567,56619,19710,2166750
1789098300000,56275,56299.8,55969.8,56151.8,151680,2215440
1789100100000,56149.4,56300.4,56094.4,56294.8,65520,2231040
1789101900000,56290,56357,56230,56310,22080,2226690
1789103700000,56310,56528.8,56221,56487.6,26610,2223000
1789105500000,56487.4,56558,56413,56500,41910,2218950
1789107300000,56500,56532.6,56353.8,56380.2,18930,2222070
1789109100000,56397.6,56543,56361.6,56522.6,16230,2221020
1789110900000,56526.8,56605.2,56455,56514,24480,2212320
1789112700000,56513.8,56650,56471,56608,30570,2208270
1789114500000,56608,56869,56544,56810,59010,2191170
1789116300000,56812,56909.2,56740,56900.2,55590,2190180
1789118100000,56895,56925,56775,56866,41490,2185200
1789119900000,56868.4,56921,56836,56921,23910,2173680
1789443900000,56890.4,57089.8,56625,56681,89280,2172090
1789445700000,56681,56681,56488,56535,147060,2096280
1789447500000,56530,56540,56415.6,56415.6,45390,2099850
1789449300000,56412,56420,56286.6,56376,66630,2114700
1789451100000,56376,56421,56315.2,56372,23280,2127060
1789452900000,56397.2,56421,56340,56380,16290,2131590
1789454700000,56387.6,56454.6,56345.6,56400,21030,2140140
1789456500000,56392.8,56463.8,56356,56418.8,15990,2145000
1789458300000,56418.8,56430,56251,56316,30570,2157660
1789460100000,56318,56370,56175,56210.8,44010,2178900
1789461900000,56212.4,56248,56165,56240,31530,2190570
1789463700000,56246.8,56246.8,56050,56126.8,46350,2205060
1789465500000,56139.8,56175,55990,56015,43800,2210430
1789530300000,56180,56395,56082.8,56104,136710,2226450
1789532100000,56098.2,56330.6,56090.4,56226.2,40530,2237910
1789533900000,56225,56440,56195,56419.2,64110,2252610
1789535700000,56419.2,56524,56391.8,56391.8,30660,2247240
1789537500000,56425.4,56453.8,56303,56345,15870,2244720
1789539300000,56345,56428.8,56301,56415,14130,2244240
1789541100000,56415,56480,56371.2,56474.6,9390,2242050
1789542900000,56474.6,56600,56431,56523.8,26100,2235600
1789544700000,56525,56565,56380,56408,21120,2230920
1789546500000,56386,56480,56381.2,56480,14490,2233710
1789548300000,56480,56499,56433.2,56451.2,19920,2225820
1789550100000,56451.2,56525,56380,56417,60270,2210040
1789551900000,56401.8,56450,56381.2,56390,28230,2205300
1789616700000,56371,56748,56290,56591,98580,2133510
1789618500000,56591,56680,56570,56677.4,15900,2131980
1789620300000,56677.4,56695.2,56471.4,56480.8,22710,2130390
1789622100000,56473.2,56473.6,56230,56290,45990,2133330
1789623900000,56282.8,56401,56275.2,56400,20340,2134290
1789625700000,56400,56620,56352.8,56606,33990,2125590
1789627500000,56613.2,56648,56530,56591.8,18360,2123190
1789629300000,56581.4,56597.2,56491,56491,9960,2124900
1789631100000,56491,56491,56246.8,56288,48270,2130930
1789632900000,56288,56364.8,56265,56350,11130,2131050
1789634700000,56350,56424.6,56280.2,56313.8,13560,2133210
1789636500000,56313.8,56362,56283.6,56360.8,10950,2135280
1789638300000,56333,56356.6,56290,56329,22380,2125020
1789703100000,56302,56500,56302,56408,46650,2115510
1789704900000,56408,56475,56356.2,56450,9180,2114400
1789706700000,56450,56460,56330,56374,14190,2116110
1789708500000,56343.4,56379.2,56320,56330,7710,2120790
1789710300000,56330,56405.4,56299,56355,14490,2120340
1789712100000,56355,56440,56351.2,56415,7410,2119620
1789713900000,56415,56525,56399,56522.4,23310,2114580
1789715700000,56524,56588,56500,56560,42450,2113980
1789717500000,56560,56560,56450,56453,13350,2109960
1789719300000,56453,56574,56415,56544.6,16200,2106090
1789721100000,56544.6,56619.6,56524.2,56555.8,35670,2085240
1789722900000,56556,56642,56525,56536.4,55680,2061540
1789724700000,56536.4,56556.4,56491,56539,43530,2049420
1789962300000,56525,56675,56488,56630,59340,2034420
1789964100000,56630,56636.4,56507,56507,41160,2017260
1789965900000,56506,56560,56502.2,56543,12660,2020590
1789967700000,56543,56610,56531,56600,10200,2019840
1789969500000,56600,56600,56550.6,56590,11400,2019090
1789971300000,56590,56609.8,56555,56572,10740,2013390
1789973100000,56599,56608,56555,56600,26940,2020440
1789974900000,56600,56605,56568.8,56603,12060,2009880
1789976700000,56603,56730,56603,56713.8,50130,2001870
1789978500000,56710.2,56783.6,56684.6,56735.6,32040,1994190
1789980300000,56735.6,56765,56690,56706,13260,1989480
1789982100000,56704,56725.2,56638.6,56655,16080,1979160
1789983900000,56645,56665.4,56614,56630.4,21810,1975620
1790048700000,56690,56775,56650,56748,56010,1973340
1790050500000,56748,56774.8,56693.8,56750,13560,1975110
1790052300000,56750,56751.8,56482.4,56521,51150,1995450
1790054100000,56520,56542.6,56430,56485,40110,1988790
1790055900000,56484.6,56513.6,56386.8,56408,21810,1996080
1790057700000,56401.6,56456,56375,56419,19050,1999710
1790059500000,56419,56462.2,56381,56381,9720,1972440
1790061300000,56381,56401,56325,56370,41220,1970730
1790063100000,56394.8,56410,56337.8,56361.2,8940,1970430
1790064900000,56357.6,56510.2,56163,56510,64200,1946160
1790066700000,56529,56564,56429,56450,33630,1940040
1790068500000,56450,56495.2,56395,56480,14490,1928940
1790070300000,56485,56578,56404.2,56570,26160,1928790
1790135100000,56450,56588,56450,56554.8,33900,1915320
1790136900000,56575,56660,56501,56618.2,51750,1910790
1790138700000,56618.2,56698,56618.2,56698,26550,1901490
1790140500000,56698,56740.6,56643.8,56735,33000,1894170
1790142300000,56735.2,56735.4,56663.2,56708.2,11820,1886580
1790144100000,56708.2,56730,56660,56715.2,8370,1884360
1790145900000,56706,56724,56682,56696.6,6900,1878060
1790147700000,56696.6,56738,56640.2,56685.8,14130,1875060
1790149500000,56685.8,56709.6,56626.8,56677.2,10800,1875810
1790151300000,56702.4,56740,56651.8,56720,15510,1871790
1790153100000,56720,56735,56660.2,56662.2,14250,1869150
1790154900000,56662.2,56690,56601,56681,33660,1856790
1790156700000,56680,56720,56671,56687.2,29820,1853700
1790221500000,56000,56188,55700,55700,233430,1900140
1790223300000,55700,55841.8,55680,55760.8,86340,1899900
1790225100000,55760.8,55803.4,55711.2,55770.4,28980,1856040
1790226900000,55773.6,55828,55724.2,55771.4,15480,1846410
1790228700000,55771.4,55837.8,55740,55762.2,11220,1843980
1790230500000,55762.2,55800,55740,55775,10890,1843200
1790232300000,55775,55811.2,55740,55797.8,13230,1842060
1790234100000,55797.8,55820,55750,55817,12570,1841520
1790235900000,55817,55819,55545,55587.8,47220,1850250
1790237700000,55607.6,55628.6,55445.2,55588,60780,1852590
1790239500000,55590,55690,55507,55674.2,17820,1844280
1790241300000,55673.6,55735,55594,55600,23430,1839900
1790243100000,55600,55698,55562.8,55563.2,29610,1832430
1790307900000,55650,55800,55542.4,55600,75690,1760730
1790309700000,55599.8,55834,55539,55747,87900,1782000
1790311500000,55747,55779,55650,55650.2,45990,1759590
1790313300000,55650.2,55775,55620.2,55739.2,43200,1771350
1790315100000,55739.2,55772.8,55693.2,55748.2,68070,1802400
1790316900000,55748.2,55756,55680,55720,43140,1815330
1790318700000,55720,55741.8,55650.4,55650.4,36450,1811640
1790320500000,55650.4,55670.8,55570,55639.6,49860,1822650
1790322300000,55628.8,55647.6,55578,55626.4,24330,1818900
1790324100000,55626.4,55899,55608,55760.2,57570,1819200
1790325900000,55771,55865.8,55769,55800,36540,1820220
1790327700000,55800,55805.8,55630.2,55673,47490,1818750
1790329500000,55695,55700,55644.4,55687.4,45720,1737780
1790567100000,55405,55462.8,54795.8,54803.2,133380,1299510
1790568900000,54809.2,54867.2,54722,54750.2,84930,1276800
1790570700000,54750.2,54769.8,54649,54665,54720,1263600
1790572500000,54656.8,54729.6,54622.2,54629.2,56190,1254030
1790574300000,54627.2,54751,54617.4,54728.2,44430,1239990
1790576100000,54728.2,54748,54654.6,54693.2,23400,1223760
1790577900000,54693.2,54748,54675.2,54706,24810,1203390
1790579700000,54693,54713.4,54631.4,54664,33450,1201770
1790581500000,54664,54736,54630.2,54694.8,32760,1190160
1790583300000,54660,54699.2,54621.4,54645,30990,1133190
1790585100000,54645,54649,54505.8,54525,73980,1142730
1790586900000,54525,54590,54519.8,54559.6,49770,1131060
1790588700000,54553.6,54588,54526,54560,40620,1114620
1790653500000,54328,54461,53829.6,53899.6,151800,929970
1790655300000,53899.6,53981,53841.6,53869.2,82770,910890
1790657100000,53855,53991,53810,53975,52380,912750
1790658900000,53975,54238.6,53890,54160,70740,915060
1790660700000,54183.2,54325,54099,54295,50850,912600
1790662500000,54295,54420.4,54235,54366.8,67470,903300
1790664300000,54380,54407.6,53949.6,54124,63450,885390
1790666100000,54138.2,54350,54109.4,54280,55140,869490
1790667900000,54280,54280,54150,54203,27420,835650
1790669700000,54203,54340,54203,54319,48990,826830
1790671500000,54319,54365,54239.8,54315,56340,790950
1790673300000,54315,54390,54254,54370,99570,749430
1790675100000,54370,54399,54184,54255.6,69030,724530
1790739900000,54897.4,55044,54780,55025,98610,2301000
1790741700000,55024.8,55130,54980,55130,48390,2299500
1790743500000,55130,55200,54959,55010,89670,2322810
1790745300000,55002.8,55127.6,55000,55051.2,32430,2332140
1790747100000,55051,55179.8,55032,55155,30000,2329980
1790748900000,55158.8,55234.4,55130.2,55215,49050,2335260
1790750700000,55217.4,55381,55180,55345,82590,2362020
1790752500000,55350,55461.2,55350,55370,43800,2356020
1790754300000,55372,55455,55283,55283,50250,2372250
1790756100000,55283,55362.4,55235.4,55255,47310,2399010
1790757900000,55255,55289,54940.2,54976,82680,2429790
1790759700000,54991,55137.6,54965,54976.2,41280,2435940
1790761500000,54970,55040,54955.4,54990,26640,2426070
1790826300000,54840,55243,54811.4,55142,100230,2401050
1790828100000,55151,55250,55100,55134.6,52050,2391120
1790829900000,55134.6,55365,55128.4,55280,49200,2390130
1790831700000,55275,55298,55133.2,55161.6,22170,2387370
1790833500000,55161.6,55324.8,55068.4,55324.8,30870,2393010
1790835300000,55324.8,55324.8,55077,55134,32490,2395950
1790837100000,55120.8,55150,54900.2,54908.6,68100,2411460
1790838900000,54901.4,54901.4,54477,54759.4,119220,2429310
1790840700000,54759.4,54784.8,54515,54585,57300,2415630
1790842500000,54585,54613.6,54312.6,54531.4,123960,2409450
1790844300000,54547.2,54675,54410,54609.8,75840,2428650
1790846100000,54609.8,54805.2,54590,54800,75900,2443110
1790847900000,54800,54848,54768,54800,37320,2439990