datetime,open,high,low,close,volume
1704080700000,48203.4,48368.6,48134.9,48332.5,0
1704087900000,48329.2,48362.2,48275.3,48307.7,0
1704095100000,48311.2,48450,48164.1,48213.6,0
1704102300000,48217.2,48240.1,48044.1,48064.3,0
1704167100000,48194.8,48223.6,47814.8,47861.6,0
1704174300000,47859.9,47965.1,47765.1,47831.8,0
1704181500000,47834.1,47889.3,47689.8,47754.4,0
1704188700000,47757.2,47777.6,47697.6,47710.6,0
1704253500000,47796.3,47798.8,47481.4,47669.9,0
1704260700000,47670.9,47784.9,47555.4,47734.6,0
1704267900000,47735.6,47785.4,47657.1,47718.9,0
1704275100000,47717.4,47777.9,47676.8,47738.6,0
1704339900000,47805.4,48113.8,47738.1,48102.1,0
1704347100000,48099.3,48220.2,48075.6,48215,0
1704354300000,48213.4,48221.3,48063.7,48180.4,0
1704361500000,48176.8,48281.2,48175.9,48245.8,0
1704426300000,48245.6,48381.9,48086.4,48131.4,0
1704433500000,48132.4,48151.4,48030.2,48085.8,0
1704440700000,48086.8,48264.1,47822.9,48167.6,0
1704447900000,48167.6,48168.7,48043.1,48089.1,0
1704685500000,48096.6,48154.5,47827.1,47874.5,0
1704692700000,47875.4,47911.8,47722.8,47758,0
1704699900000,47757.3,47831.1,47387.4,47454.4,0
1704707100000,47456,47495.1,47403.2,47464,0
1704771900000,47705.4,47939.3,47590.6,47899.2,0
1704779100000,47897.4,47909.6,47760.8,47837.2,0
1704786300000,47838.8,47874.2,47206.2,47269.9,0
1704793500000,47272.8,47280.9,47156.1,47230.9,0
1704858300000,47073.9,47386.4,47010.8,47275.4,0
1704865500000,47275.4,47355.6,47126.9,47259.4,0
1704872700000,47258.6,47423.4,47207.9,47336.1,0
1704879900000,47333.1,47405.5,47328.1,47359.4,0
1704944700000,47538.6,47662.1,47408.7,47483.5,0
1704951900000,47489.4,47595.1,47444.4,47527.7,0
1704959100000,47528.4,47551.4,47237,47432.6,0
1704966300000,47432.6,47464.4,47421.6,47445.9,0
1705031100000,47572.7,47784.6,47408.5,47706.8,0
1705038300000,47707.5,47773.9,47615.7,47733.5,0
1705045500000,47732.4,47873.7,47602.8,47659.9,0
1705052700000,47661.4,47755.6,47657.5,47724.6,0
1705290300000,47891.1,48129.4,47825.4,48048.5,0
1705297500000,48049.3,48199.9,47973.7,48148.4,0
1705304700000,48149.7,48158.3,48022.6,48148.6,0
1705311900000,48147.2,48248.1,48140.6,48223.6,0
1705376700000,48109.9,48292.7,48031.2,48267.9,0
1705383900000,48264.6,48305.4,48091.5,48122.9,0
1705391100000,48122.6,48182.1,48002.9,48125.4,0
1705398300000,48125.8,48138.9,48096.3,48111.7,0
1705463100000,46573.9,47212.8,46534.3,46613.4,0
1705470300000,46609.4,46641.7,46237.4,46264.2,0
1705477500000,46264.7,46391.6,45979.6,46122.1,0
1705484700000,46119,46125.9,46028.8,46083.5,0
1705549500000,45492.8,46033.8,45430.7,45993.1,0
1705556700000,45986.5,46184.1,45650.9,45739.5,0
1705563900000,45741.9,45803.6,45507.1,45699.9,0
1705571100000,45701.4,45778,45676.4,45762,0
1705635900000,46103.5,46249.9,45895.6,45930.1,0
1705643100000,45925.9,46048.1,45826.4,45912.1,0
1705650300000,45909,45944.1,45558.1,45692.5,0
1705657500000,45692.4,45748.4,45689.6,45735.8,0
1705722300000,45989.2,46069,45749.1,45951.9,0
1705729500000,45951.1,46109.1,45640.9,46078.1,0
1705736700000,46075.6,46183.7,45940.5,46075.1,0
1705743900000,46076,46129.4,46049.9,46108.8,0
1705981500000,46495.4,46580.3,45645.3,45723.9,0
1705988700000,45724.5,45734.2,45089.6,45222.2,0
1705995900000,45225.1,45277,44886.1,45029.8,0
1706003100000,45029.4,45066.6,44976.4,45006.4,0
1706067900000,44489.4,45485.5,44489.4,45255,0
1706075100000,45255.1,45323.8,44604.5,44804.1,0
1706082300000,44802.4,45148.2,44666.2,45108.4,0
1706089500000,45108.4,45146,45055.4,45074.7,0
1706154300000,45057.9,45136.1,44547.1,44601,0
1706161500000,44602.4,44769.1,44429,44542.2,0
1706168700000,44543.6,44909.3,44444.4,44872.4,0
1706175900000,44874.9,45139.1,44869.4,44988.5,0
1706499900000,45171.5,45660.4,45110.9,45546.6,0
1706507100000,45545.9,45556.1,45323.4,45449.3,0
1706514300000,45449.1,45511.9,45203.8,45493.1,0
1706521500000,45489.2,45538.6,45470.6,45499.1,0
1706586300000,45481.5,45678.7,45264.1,45342.4,0
1706593500000,45342.6,45524.2,45314.9,45440.2,0
1706600700000,45439.7,45492.5,45206.1,45395.8,0
1706607900000,45396.1,45409.1,45290.6,45319.6,0
1706672700000,45295.6,46132.2,45071.2,46056.2,0
1706679900000,46054.1,46179.8,45872,46015.4,0
1706687100000,46014.4,46137.8,45922.4,45990.6,0
1706694300000,45989.4,46025,45943.6,45974,0
1706759100000,46164.9,46173.3,45702.4,46033.3,0
1706766300000,46046.8,46306.9,45668.4,46176.4,0
1706773500000,46179.4,46223.2,45958.1,46146.4,0
1706780700000,46146.4,46253.6,46143.4,46206.9,0
1706845500000,46568.2,46699.6,46415.4,46583,0
1706852700000,46577,46892.4,46233.8,46254.7,0
1706859900000,46252.6,46368.6,45941,45963.8,0
1706867100000,45962.6,45977.8,45901.2,45954.6,0
1707104700000,45962.2,46040.1,45615.1,45879.5,0
1707111900000,45874.8,46048.6,45811.8,45986.2,0
1707119100000,45983.9,46008.9,45710.3,45834.9,0
1707126300000,45835.1,45864.4,45745.7,45756.6,0
1707191100000,45891.2,45932.1,45527,45612.6,0
1707198300000,45615.4,45869.6,45576.2,45702.4,0
1707205500000,45704.9,45764.3,45571.2,45669,0
1707212700000,45671.1,45784.1,45644.8,45774.4,0
1707277500000,45944.6,46062.9,45787.3,45856.9,0
1707284700000,45855.6,45858.8,45620.5,45717.1,0
1707291900000,45717.7,45848.1,45680.9,45848.1,0
1707299100000,45839.9,45939.2,45787.9,45916.4,0
1707363900000,45973.9,46181.2,45227.2,45405,0
1707371100000,45398.2,45517.2,45324.3,45457.5,0
1707378300000,45460.7,45533.6,44893.8,44979.9,0
1707385500000,44986.2,45108.7,44948.9,45105.4,0
1707450300000,44986.8,45352.5,44859.1,45166.1,0
1707457500000,45167.9,45488.9,45113.2,45455.6,0
1707464700000,45456.4,45717.5,45263.9,45617.1,0
1707471900000,45617.7,45713.4,45608.4,45706.6,0
1707709500000,45664.3,45748.5,45146.3,45334.8,0
1707716700000,45334.9,45346.4,44651,44745.9,0
1707723900000,44750.9,44996.8,44633.9,44838.7,0
1707731100000,44840.6,44933.5,44807.9,44887.8,0
1707795900000,45056.8,45461.9,44819.6,45389.1,0
1707803100000,45390.1,45390.1,44984.4,45285.8,0
1707810300000,45282.9,45750.4,45282.1,45521.4,0
1707817500000,45521.9,45564.5,45383.1,45419.9,0
1707882300000,45014.6,45454.5,44860.8,45361.4,0
1707889500000,45360.3,45764.6,45227.6,45666.8,0
1707896700000,45665.9,46170.4,45430,45785.4,0
1707903900000,45780.9,45953.8,45690.8,45920.6,0
1707968700000,46027.1,46100.6,45590.2,45894.9,0
1707975900000,45895.8,46092.6,45846.4,45980.7,0
1707983100000,45982.6,46256.7,45922.1,46207.3,0
1707990300000,46211.6,46297.7,46167.9,46266,0
1708055100000,46454.3,46485.2,46264.4,46390.1,0
1708062300000,46389.8,46478.5,46290.4,46442.4,0
1708069500000,46443.1,46693.4,46314.9,46353.5,0
1708076700000,46353.1,46381.9,46310.3,46369.8,0
1708314300000,46554.9,46631.2,46317.7,46605.7,0
1708321500000,46612.6,46692.25,46534.5,46669.75,0
1708328700000,46670.2,46717.4,46453.85,46515.95,0
1708335900000,46515.95,46578.35,46495.4,46556.1,0
1708400700000,46444.9,46968.8,46367.8,46882.25,0
1708407900000,46878.45,46991.4,46828.4,46934.3,0
1708415100000,46935.05,47128.35,46806.15,47094.2,0
1708422300000,47094.4,47136.75,47081.9,47126.65,0
1708487100000,47363.4,47363.4,46925.05,47025.55,0
1708494300000,47026.05,47319.2,46985.35,47271.2,0
1708501500000,47270.65,47298.85,46967.55,47060.1,0
1708508700000,47061.85,47073.05,46886.95,46933.6,0
1708573500000,46934.55,47024.05,46462,46558,0
1708580700000,46556.45,46636.5,46426.85,46530.8,0
1708587900000,46529.05,46955.65,46513.35,46906.55,0
1708595100000,46909.1,47010.6,46889.15,46944.85,0
1708659900000,47060.7,47245.35,46851.8,47021.9,0
1708667100000,47018,47084.7,46931.55,47050.35,0
1708674300000,47049.75,47055.6,46741.85,46819.85,0
1708681500000,46820.3,46853.3,46723.15,46768.6,0
1708919100000,46615.85,46893.15,46553.05,46639.95,0
1708926300000,46639.75,46805.4,46513.55,46771.95,0
1708933500000,46770.8,46801.8,46556.65,46562.25,0
1708940700000,46564.55,46590.3,46526.55,46565.6,0
1709005500000,46529.8,46604.1,46324.9,46453.3,0
1709012700000,46452.85,46670,46398.1,46664.5,0
1709019900000,46656.7,46722.25,46522.9,46585.3,0
1709027100000,46580.85,46626.65,46551.55,46613.85,0
1709091900000,46682.05,46754.55,46040.3,46204.2,0
1709099100000,46206.4,46312.3,45913.65,45939.75,0
1709106300000,45944.1,46279.55,45920.95,45962.35,0
1709113500000,45961.65,45963.45,45852.55,45910.55,0
1709178300000,45882,46154.2,45661.75,45903.65,0
1709185500000,45904.55,46086.7,45802.35,46075.75,0
1709192700000,46073.5,46329.65,45933.15,46155.05,0
1709199900000,46152.55,46322.6,46144.7,46277,0
1709264700000,46262.2,46726.6,46218,46685.45,0
1709271900000,46685.55,47082.6,46685.55,46993.55,0
1709279100000,46992.8,47334.85,46965.6,47313.5,0
1709286300000,47312.5,47342.25,47212.75,47255.95,0
1709351100000,47377.45,47438.6,47241.1,47297,0
1709358300000,47331.55,47348.15,47237,47294.6,0
1709523900000,47318.5,47520.9,47191.65,47320.65,0
1709531100000,47319.9,47373.1,47249,47326.75,0
1709538300000,47326.4,47529.6,47325.05,47484.8,0
1709545500000,47481.35,47486,47378,47425.65,0
1709610300000,47265.7,47420.85,47196.75,47358.15,0
1709617500000,47359.4,47737.85,47273.7,47676.8,0
1709624700000,47674.8,47712.7,47512.75,47583.35,0
1709631900000,47583.3,47611.1,47560.9,47582.15,0
1709696700000,47451.65,48155.85,47442.25,48010.3,0
1709703900000,48017.25,48113.65,47921.05,48110.25,0
1709711100000,48109.45,48161.25,47876,47919.95,0
1709718300000,47916.5,48021.55,47861.2,47959.85,0
1709783100000,48035.8,48071.7,47747.2,47878.3,0
1709790300000,47876.55,47909.9,47777.25,47854.6,0
1709797500000,47846.4,47975.6,47803.95,47857,0
1709804700000,47857.3,47858.95,47759.25,47788,0
1710128700000,47792.2,47853.8,47577.45,47621.55,0
1710135900000,47618.05,47618.05,47275.1,47308.2,0
1710143100000,47308.75,47422.3,47230.65,47343.65,0
1710150300000,47340.95,47340.95,47264.25,47280.25,0
1710215100000,47351.35,47812.75,46884.45,47325.05,0
1710222300000,47331.6,47433.55,47178.1,47410.7,0
1710229500000,47412.25,47491.95,47240.1,47266.3,0
1710236700000,47261.5,47306.65,47251.5,47277.3,0
1710301500000,47341.15,47468.7,47179.45,47232.6,0
1710308700000,47234.15,47247.6,47029.3,47104.3,0
1710315900000,47099.95,47163.05,46853.75,46861.35,0
1710323100000,46862.45,46991.35,46842.15,46895.2,0
1710387900000,46825.75,47084.65,46565.55,47064.5,0
1710395100000,47065.35,47231.5,46915.4,47044.65,0
1710402300000,47043.2,47072.9,46688.35,46799.6,0
1710409500000,46795.1,46845.4,46742.55,46834.7,0
1710474300000,46572.1,46802.55,46310.5,46379.5,0
1710481500000,46384.45,46499.7,46327.6,46439.2,0
1710488700000,46437.1,46711.7,46381.7,46561.95,0
1710495900000,46559.35,46673.7,46512.8,46542.05,0
1710733500000,46458.75,46677.85,46205.85,46209.8,0
1710740700000,46200.7,46739.25,46022.15,46622.3,0
1710747900000,46626.2,46727.3,46489.45,46554.15,0
1710755100000,46549.1,46628.65,46549.1,46617.9,0
1710819900000,46421.9,46602.35,46322.5,46418.2,0
1710827100000,46415.55,46524.45,46394.9,46432.8,0
1710834300000,46434.25,46464.2,46258.75,46373.95,0
1710841500000,46368.95,46387.65,46331.15,46333.1,0
1710906300000,46392.9,46570.25,45828.8,46137.5,0
1710913500000,46138.25,46590.05,46051.3,46542.65,0
1710920700000,46551.15,46655.55,46200,46316.95,0
1710927900000,46314.85,46412,46271.5,46370.2,0
1710992700000,46674.85,46990.25,46674.85,46875.7,0
1710999900000,46873.55,46898.55,46570.15,46727.75,0
1711007100000,46724.35,46778.05,46633.35,46704.5,0
1711014300000,46698.4,46713.05,46670.75,46679.25,0
1711079100000,46634.9,46938.85,46566.8,46870.3,0
1711086300000,46870.45,46948.5,46812.75,46882.45,0
1711093500000,46881.5,46974.15,46800.45,46845.1,0
1711100700000,46848.05,46867.65,46812.25,46849.05,0
1711424700000,46552.95,46788.35,46552.95,46636.5,0
1711431900000,46635.2,46753.95,46621.95,46710.25,0
1711439100000,46711.4,46724.4,46529.05,46609.35,0
1711446300000,46608.45,46647.5,46573.05,46623.45,0
1711511100000,46643.45,46946.55,46643.45,46796.4,0
1711518300000,46795.55,46833.35,46753.85,46794.3,0
1711525500000,46791.2,46825.5,46671.9,46787.4,0
1711532700000,46789.3,46956.1,46772.2,46851.15,0
1711597500000,46827.85,47347.25,46827.85,47346.05,0
1711604700000,47346.6,47381.1,47179.25,47337.8,0
1711611900000,47337.85,47440.45,46997.55,47036.7,0
1711619100000,47038.3,47167.25,47029.15,47146.75,0
1711943100000,47391.05,47642.15,47373.1,47563.65,0
1711950300000,47566.65,47589.05,47432.3,47466.8,0
1711957500000,47468.1,47591.5,47447.9,47583.85,0
1711964700000,47585.8,47646.8,47542.6,47558.7,0
1712029500000,47490.75,47707.35,47408.55,47623.25,0
1712036700000,47619.55,47663.1,47549.95,47573.35,0
1712043900000,47576.5,47631.35,47490.6,47531.35,0
1712051100000,47530.35,47582.3,47525.25,47562.6,0
1712115900000,47350.25,47536.6,47279.8,47490.1,0
1712123100000,47490.55,47648.65,47481.2,47599.9,0
1712130300000,47594.05,47676.95,47525.7,47626.55,0
1712137500000,47626.7,47663.75,47621.95,47661.1,0
1712202300000,48086.2,48254.65,47712.7,47926,0
1712209500000,47928.75,48053.95,47804.9,48016.9,0
1712216700000,48009.2,48145.7,47896.15,48051,0
1712223900000,48053.1,48139.9,48039.25,48126.2,0
1712288700000,48104.65,48268.05,47894.5,48237.25,0
1712295900000,48236.65,48290.45,48162,48185.35,0
1712303100000,48183.5,48554.5,48173.95,48518.55,0
1712310300000,48515.35,48557.4,48480.8,48520.95,0
1712547900000,48586.75,48629.05,48424.65,48562,0
1712555100000,48561.45,48691.1,48532.2,48669.45,0
1712562300000,48672.75,48716.95,48499.8,48605.85,0
1712569500000,48606.85,48608.5,48535.35,48565.75,0
1712634300000,48810.8,48940.35,48621.85,48826.8,0
1712641500000,48827.25,48960.75,48799.3,48836.1,0
1712648700000,48834.3,48847.25,48568.25,48737.15,0
1712655900000,48736.8,48771,48699.8,48710.45,0
1712720700000,48879.55,48966.95,48669.25,48904.85,0
1712727900000,48903.7,48915.15,48808.7,48882.35,0
1712735100000,48880.95,49057.4,48856.7,49007.45,0
1712742300000,49010.6,49010.6,48899.55,48912,0
1712893500000,48671.2,48882.65,48597.65,48683.95,0
1712900700000,48683.85,48800.25,48547.65,48614.1,0
1712907900000,48614.65,48665.55,48527,48572.15,0
1712915100000,48570.05,48579.35,48477.55,48528.6,0
1713152700000,48057.5,48255.5,47904.95,48027.65,0
1713159900000,48028.3,48074.1,47956.9,47979.4,0
1713167100000,47983.6,48020.85,47745.3,47770.2,0
1713174300000,47772.45,47807.3,47725.8,47757.35,0
1713239100000,47436.7,47571.3,47316.55,47530.65,0
1713246300000,47532.85,47570.25,47395.75,47436.3,0
1713253500000,47434.6,47525.35,47392.65,47524.25,0
1713260700000,47524.75,47609,47504.3,47598.25,0
1713411900000,47592.7,47829.75,47465.3,47719.8,0
1713419100000,47716.65,47741.25,47609.8,47666.85,0
1713426300000,47663.1,47718.1,46982.95,46995.9,0
1713433500000,46995.7,47174.05,46982.15,47131.8,0
1713498300000,46744.95,46952.5,46579.05,46885.3,0
1713505500000,46885.5,47357.3,46863.65,47295.85,0
1713512700000,47294.95,47653.95,47203.25,47628.1,0
1713519900000,47631.95,47668.7,47551.85,47614.15,0
1713757500000,48145.7,48146.3,47628.45,47822.6,0
1713764700000,47822.8,47886.35,47744.35,47783.3,0
1713771900000,47782.4,47962.65,47766.7,47959.95,0
1713779100000,47954.6,48009.55,47902.5,47994.85,0
1713843900000,48299.6,48302.7,47937.45,47982.75,0
1713851100000,47985.45,48088.85,47941.15,47977.85,0
1713858300000,47981.55,48039.75,47899.3,48003.1,0
1713865500000,48004.4,48009.4,47933,47935.6,0
1713930300000,48120.9,48235.2,48028.7,48197.5,0
1713937500000,48195.75,48220,48157.25,48203.25,0
1713944700000,48202.4,48246.2,48132.75,48176.55,0
1713951900000,48178.05,48208,48152.15,48195.35,0
1714016700000,47772.65,48348.05,47737.2,48288.75,0
1714023900000,48290.2,48370.35,48128,48357.85,0
1714031100000,48360.1,48625.45,48313.3,48482.8,0
1714038300000,48482.95,48504.55,48435.5,48497.3,0
1714103100000,48660,48679.65,48340.45,48388.95,0
1714110300000,48388.2,48508.85,48361.25,48495.75,0
1714117500000,48490.3,48499,48088.25,48154.75,0
1714124700000,48155.4,48352.55,48146.55,48284.3,0
1714362300000,48359.9,48778.6,48342.7,48720.9,0
1714369500000,48721.35,49031.85,48705.5,48996.85,0
1714376700000,48995.25,49473.6,48981.2,49462.15,0
1714383900000,49462.65,49464.6,49359.15,49380.65,0
1714448700000,49477.1,49672.85,49354.35,49587.65,0
1714455900000,49598.35,49617.8,49441.9,49463.1,0
1714463100000,49466.5,49974.75,49373.3,49410.25,0
1714470300000,49409.1,49409.1,49249.9,49291.35,0
1714621500000,49262,49529.35,49221.45,49249.25,0
1714628700000,49251.9,49350.45,49123.6,49259,0
1714635900000,49258.5,49344.9,49174.3,49242.65,0
1714643100000,49237.65,49265.6,49217.85,49243.55,0
1714707900000,49375.05,49607.75,49005.3,49096.6,0
1714715100000,49093.2,49130.75,48715.95,48747.95,0
1714722300000,48740.3,48949.55,48659.7,48940.9,0
1714729500000,48939.2,48997.25,48853.9,48877.85,0
1714967100000,49174.55,49252.65,48874.65,49094.8,0
1714974300000,49094.45,49140.95,48863.8,48900.3,0
1714981500000,48900.55,49010.45,48784,48898,0
1714988700000,48897.35,48954.7,48874.25,48931.85,0
1715053500000,48965.05,49023.5,48360.75,48376.9,0
1715060700000,48378.6,48379.45,48222.2,48299.7,0
1715067900000,48300.05,48457.45,48213.75,48305.3,0
1715075100000,48309.9,48352,48249.4,48275.6,0
1715139900000,48124.2,48223.05,47851.15,47951.35,0
1715147100000,47951.9,48171.15,47944.65,48106.45,0
1715154300000,48103.65,48173.65,47959.15,48017.9,0
1715161500000,48016.7,48105.5,47992.45,48101.6,0
1715226300000,47976.35,48258.65,47764,47778.25,0
1715233500000,47775.55,47910.95,47615.7,47687.25,0
1715240700000,47685.5,47892.25,47460.75,47465.75,0
1715247900000,47469.5,47520.3,47440.65,47515.45,0
1715312700000,47555.5,47868.7,47362.7,47673,0
1715319900000,47672.45,47777.15,47313.35,47430.45,0
1715327100000,47426.65,47592.55,47362.75,47424.05,0
1715334300000,47426.8,47455.25,47411.15,47440.85,0
1715571900000,47389.8,47508.55,46983.25,47133.6,0
1715579100000,47132.55,47520.15,47129.7,47470.95,0
1715586300000,47471.35,47831.65,47155.65,47727.45,0
1715593500000,47728.55,47841.6,47714.55,47784.9,0
1715658300000,47748.85,47908.95,47607.85,47812.7,0
1715665500000,47810.6,47937.25,47721.35,47837.6,0
1715672700000,47836.7,47912.9,47751.3,47859.2,0
1715679900000,47861.1,47910.3,47842.05,47872,0
1715744700000,47923.1,47957.2,47658.5,47725,0
1715751900000,47727.85,47748.7,47586.2,47614.75,0
1715759100000,47612.3,47734.9,47534.5,47718.2,0
1715766300000,47719,47730.95,47665.75,47710.8,0
1715831100000,47945.85,48001.9,47340.35,47481.15,0
1715838300000,47480.7,47876.9,47396.45,47484.3,0
1715845500000,47484.4,47998.95,47345.1,47973.7,0
1715852700000,47974.9,48052.9,47958.05,47977.4,0
1715917500000,47842.95,48160.3,47758.8,48144.85,0
1715924700000,48145.15,48185.7,48024.6,48065,0
1715931900000,48068.35,48163.2,48003.9,48130.85,0
1715939100000,48129.3,48188.65,48111.55,48121.35,0
1716003900000,48197.3,48227.05,48111.2,48151.6,0
1716011100000,48168,48222.35,48109.9,48204,0
1716263100000,47927.1,48218.7,47927.1,48112.55,0
1716270300000,48110.8,48259.75,48108.55,48231.8,0
1716277500000,48232.85,48241.7,48001.1,48030.85,0
1716284700000,48033.5,48055.5,47968.65,47989.85,0
1716349500000,48113.9,48114.05,47634.2,47674.3,0
1716356700000,47673.2,47759.95,47625.15,47649.35,0
1716363900000,47648.15,47851.5,47435.25,47826.75,0
1716371100000,47828.5,47959.15,47825.3,47906.05,0
1716435900000,47899.35,48395.25,47873.15,48313.5,0
1716443100000,48314.05,48626.55,48309.55,48539.1,0
1716450300000,48536.2,48829.7,48454.65,48802.2,0
1716457500000,48804.4,48826.15,48731.5,48737.05,0
1716522300000,48668,48976.7,48644.8,48784.95,0
1716529500000,48783.2,48946.4,48781.25,48881.95,0
1716536700000,48880,49052.95,48858.1,48976.05,0
1716543900000,48982.2,48999.2,48928.95,48948.9,0
1716781500000,49105.9,49356.95,49051.25,49310.15,0
1716788700000,49308.9,49688.85,49287.55,49583.7,0
1716795900000,49588.6,49645.65,49059.65,49312.75,0
1716803100000,49310.25,49324.65,49215.95,49280.2,0
1716867900000,49390.9,49511.15,49223,49294.65,0
1716875100000,49294.45,49327.75,49086.4,49288.15,0
1716882300000,49288.25,49321,49135.2,49151.9,0
1716889500000,49153.8,49171.4,49043.65,49060.1,0
1716954300000,48786.7,49022.6,48601.75,48629.15,0
1716961500000,48627.65,48697.6,48549.5,48579.45,0
1716968700000,48580,48662.55,48401.55,48525.7,0
1716975900000,48518.4,48624.9,48460.75,48563.05,0
1717040700000,48313.6,48919.9,48313.6,48646.15,0
1717047900000,48642.95,48874.2,48531.05,48851.1,0
1717055100000,48850.25,49044.6,48545,48637.25,0
1717062300000,48642.25,48838.65,48642.25,48822.85,0
1717127100000,48895.15,49079.05,48612.45,48698.5,0
1717134300000,48698.35,48863.4,48569.05,48836.95,0
1717141500000,48835.7,49108.35,48722.8,48966.3,0
1717148700000,48964.15,49122.55,48937.45,48967.95,0
1717386300000,50889.85,50990,50092.65,50539,0
1717393500000,50544.85,50948.2,50535.8,50914.45,0
1717400700000,50913.15,50965.6,50611.4,50955,0
1717407900000,50957.4,51133.2,50956.6,51106.05,0
1717472700000,50667.05,50667.05,47414.4,47714.95,0
1717479900000,47712.65,48439.25,46077.85,47284.4,0
1717487100000,47284.35,48083.85,46652.15,47035.8,0
1717494300000,47035.45,47600.75,46887.1,47206.25,0
1717559100000,47486.6,47865.9,46446.8,47863.2,0
1717566300000,47861.4,48285.55,47384.4,48139,0
1717573500000,48136.55,49362.9,48067,49065.2,0
1717580700000,49063.1,49100,48801.3,48847.1,0
1717645500000,49426.4,49672.75,49063.75,49600.6,0
1717652700000,49601.4,49612.6,48906.75,49040.95,0
1717659900000,49041.05,49380,48948.3,49326.4,0
1717667100000,49326.85,49367.1,49194.65,49330.9,0
1717731900000,49316.95,49677.4,49080.45,49659.15,0
1717739100000,49658.35,49943.2,49564,49857.9,0
1717746300000,49857.65,49909.2,49665.25,49777.75,0
1717753500000,49776.5,49849.05,49752.35,49806.6,0
1717991100000,49808.15,50252.95,49654.2,49858.05,0
1717998300000,49860,50019.9,49825.7,49930.25,0
1718005500000,49926.2,50099.2,49716.8,49818.35,0
1718012700000,49814.75,49826.95,49622.75,49689.65,0
1718077500000,49751.2,49937.1,49530.45,49861.3,0
1718084700000,49863.55,49905,49750.2,49858.25,0
1718091900000,49860.55,49970.3,49682.4,49732.85,0
1718099100000,49735.85,49740.6,49615.55,49652.25,0
1718163900000,49857.45,50233.4,49697.35,50144.5,0
1718171100000,50144.2,50159.95,49913.05,50001.7,0
1718178300000,50001.55,50021.15,49825.45,49925.6,0
1718185500000,49926.55,49953.25,49772.5,49791.6,0
1718250300000,50179,50186.45,49882.75,49942.4,0
1718257500000,49939.35,50032.15,49835.25,49967.45,0
1718264700000,49965.85,49975.5,49799.65,49821.05,0
1718271900000,49818.8,49920.6,49817.95,49889.3,0
1718336700000,49993.95,50102.6,49693.35,50061.75,0
1718343900000,50061.9,50070.05,49931,50012,0
1718351100000,50013.85,50087.85,49940.8,50026.25,0
1718358300000,50028.3,50038.8,49933.2,49981.5,0
1718682300000,50194.35,50265.2,49900.2,50241.6,0
1718689500000,50241.5,50348.25,50237.85,50328.9,0
1718696700000,50326.25,50432.1,50313.45,50430.35,0
1718703900000,50432.5,50562.15,50427.65,50479.3,0
1718768700000,50607.9,51255.95,50441.75,51045.4,0
1718775900000,51046.3,51214.5,50879.05,51132.7,0
1718783100000,51133.2,51957,51031.1,51377.25,0
1718790300000,51375.1,51478.05,51322.05,51450.1,0
1718855100000,51712.9,51798,51281.5,51527.5,0
1718862300000,51525.1,51732.55,51506.55,51667.4,0
1718869500000,51666.65,51842.2,51644.2,51770.3,0
1718876700000,51770.45,51826.45,51756,51760.75,0
1718941500000,51927.3,51934.35,51350.9,51426.55,0
1718948700000,51429.2,51550.55,51224.95,51293.3,0
1718955900000,51293.65,51797.8,51256.2,51628.2,0
1718963100000,51629.4,51669.15,51524.35,51557.5,0
1719200700000,51280.25,51610.45,51138.9,51523.1,0
1719207900000,51522.8,51718.95,51510.25,51706.4,0
1719215100000,51706.65,51783.95,51562.35,51737.6,0
1719222300000,51736.95,51768.8,51686.95,51709.65,0
1719287100000,51759.45,52188.25,51747.65,52119.7,0
1719294300000,52117.55,52527,52013.85,52495.15,0
1719301500000,52490.75,52669.3,52457.15,52627.9,0
1719308700000,52628.5,52746.5,52599.25,52630.15,0
1719373500000,52653.2,52753.65,52373.7,52680.1,0
1719380700000,52674.15,52957.95,52666.35,52867.55,0
1719387900000,52863.55,52988.3,52814.95,52837.55,0
1719395100000,52832.85,52898.7,52694.2,52694.5,0
1719459900000,52980.3,53180.75,52639,52950.05,0
1719467100000,52945.6,53035.2,52800.9,52862.05,0
1719474300000,52864.3,52964.45,52694.65,52805.15,0
1719481500000,52811.65,52882.9,52759.8,52759.8,0
1719546300000,52874.95,53030.3,52783.3,52861.5,0
1719553500000,52862.05,52878.55,52419.45,52516.55,0
1719560700000,52513.45,52723.05,52279.1,52289.05,0
1719567900000,52289.85,52334.9,52242.3,52323.7,0
1719805500000,52351.15,52545.2,52166.05,52413.5,0
1719812700000,52410.85,52616.9,52395.45,52579.95,0
1719819900000,52582,52656.15,52487.95,52613.4,0
1719827100000,52611.1,52630,52504.55,52521.45,0
1719891900000,52793.75,52828.45,52120.25,52364.1,0
1719899100000,52357.5,52412.65,51996.65,52147.85,0
1719906300000,52146.15,52251.35,52109.6,52164.4,0
1719913500000,52164.5,52200.7,52131.2,52148.1,0
1719978300000,52872.3,53256.7,52482.65,53046.9,0
1719985500000,53045.5,53144.8,52967.4,53084.15,0
1719992700000,53087.75,53191.3,53047.1,53110,0
1719999900000,53108.15,53145.4,53025.7,53042.15,0
1720064700000,53357.7,53357.7,52815.9,52881.2,0
1720071900000,52881.35,53028.2,52863,52996.2,0
1720079100000,52995.25,53188.05,52923.95,53108,0
1720086300000,53107.15,53123,53072.85,53083.75,0
1720151100000,52560.1,52817.85,52290.05,52552.3,0
1720158300000,52553.9,52660.6,52485.45,52500.55,0
1720165500000,52499.85,52732.6,52431.45,52685.8,0
1720172700000,52687.05,52715.05,52621.6,52633.15,0
1720410300000,52533.1,52710.8,52321.2,52450.7,0
1720417500000,52447.85,52469.7,52246.7,52389.8,0
1720424700000,52395.25,52518.25,52333.8,52400.55,0
1720431900000,52401.1,52507.8,52377.3,52470.05,0
1720496700000,52390.5,52586.3,52292.95,52527.9,0
1720503900000,52529.75,52626.6,52483.7,52558.75,0
1720511100000,52558.05,52603,52500.95,52567,0
1720518300000,52567.25,52607.65,52488.4,52521.4,0
1720583100000,52528.8,52528.8,52077.9,52124,0
1720590300000,52123.7,52187.75,52082.15,52129.3,0
1720597500000,52128.2,52238.55,52075.4,52174.4,0
1720604700000,52172.7,52234.5,52160.15,52217.3,0
1720669500000,52316.9,52400.3,51749.45,51801.5,0
1720676700000,51796.6,51965.7,51768.35,51933.1,0
1720683900000,51933.85,52343.3,51877.95,52287.6,0
1720691100000,52288.85,52335.2,52254.85,52305.65,0
1720755900000,52272.65,52794.55,52171.15,52649.8,0
1720763100000,52647.4,52659.45,52444.65,52554.65,0
1720770300000,52555.55,52637.35,52226.05,52228.45,0
1720777500000,52224.75,52350.65,52193.3,52348.7,0
1721015100000,52330.05,52516.4,52167.25,52426.7,0
1721022300000,52426.6,52445.9,52154,52434.6,0
1721029500000,52438.5,52662.25,52424.65,52448.95,0
1721036700000,52442.9,52486.65,52422.65,52484.4,0
1721101500000,52466.7,52619.05,52357.5,52499,0
1721108700000,52497.45,52513.85,52423.7,52461.55,0
1721115900000,52461.5,52476.85,52331.6,52407.5,0
1721123100000,52407.25,52454.35,52365.85,52399.95,0
1721274300000,52215.05,52668.8,52168.65,52272.95,0
1721281500000,52273.6,52583.4,52185.7,52557.8,0
1721288700000,52562.25,52782.75,52505.95,52630.1,0
1721295900000,52631.1,52653.05,52558.25,52559.25,0
1721360700000,52531.55,52586.75,52146.3,52298.1,0
1721367900000,52297.2,52397.75,52182.3,52255.4,0
1721375100000,52250,52384.4,52217.25,52277.05,0
1721382300000,52281.6,52287.45,52195.35,52222.95,0
1721619900000,52145.6,52427,51874.55,52313.9,0
1721627100000,52314.2,52331.05,52165.8,52241.9,0
1721634300000,52242.4,52332.55,52217.65,52309.8,0
1721641500000,52312.75,52332.55,52262.75,52328.6,0
1721706300000,52511,52547.55,52088.55,52351.1,0
1721713500000,52350.5,52370.5,51342.65,51359.75,0
1721720700000,51363.45,52086.35,51363.45,51752.3,0
1721727900000,51747.8,51778.5,51661,51757.15,0
1721792700000,51657.65,51944.65,51153.6,51190.6,0
1721799900000,51190.15,51236.95,50784.25,51102.65,0
1721807100000,51103,51515.55,50994.1,51314.45,0
1721814300000,51314.7,51462.15,51260.15,51429.75,0
1721879100000,50762.3,51006.1,50559.9,50737.25,0
1721886300000,50736.35,50879.55,50696.55,50833.25,0
1721893500000,50831.35,50936.25,50776.1,50897.9,0
1721900700000,50898.55,50898.55,50853.8,50886.55,0
1721965500000,50456.1,50950.45,50438.3,50895.3,0
1721972700000,50891.45,51201.55,50851.5,51200,0
1721979900000,51205.15,51345.45,51136.95,51321.25,0
1721987100000,51319.5,51398.6,51264.9,51352.75,0
1722224700000,51546.65,52183,51433.9,52130.35,0
1722231900000,52130.45,52340.25,51186.95,51516.85,0
1722239100000,51521.9,51717.65,51264.65,51311.85,0
1722246300000,51311.35,51395.05,51293.45,51389.6,0
1722311100000,51383.9,51703,51260.05,51645.1,0
1722318300000,51645.2,51957.75,51642.25,51802.6,0
1722325500000,51797.3,51922.55,51413.2,51462.35,0
1722332700000,51460.9,51510.85,51390.6,51426.15,0
1722397500000,51583.45,51661.85,51392.85,51557.15,0
1722404700000,51555.45,51579.8,51400.1,51498.05,0
1722411900000,51491.05,51583.45,51335.7,51547.45,0
1722419100000,51549,51663.1,51542.65,51620.8,0
1722483900000,51672.6,51877.15,51646.05,51750.3,0
1722491100000,51749.6,51765.4,51580.85,51694.15,0
1722498300000,51694.4,51721.3,51456.2,51571.65,0
1722505500000,51571.3,51639.15,51570.15,51606.45,0
1722570300000,51172.25,51534.9,51087.85,51480.9,0
1722577500000,51478.05,51568.35,51364.15,51452.7,0
1722584700000,51445.25,51608.7,51308.95,51341.7,0
1722591900000,51342.1,51401.05,51325.35,51337.75,0
1722829500000,50586.25,50747.55,49902.65,49920.5,0
1722836700000,49922.6,50047.55,49719.1,50012.4,0
1722843900000,50015.65,50221.25,49942.2,50081,0
1722851100000,50081.95,50113.1,50030.6,50056,0
1722915900000,50436.9,50688.8,49907.6,50147.55,0
1722923100000,50148.4,50255.25,50079.35,50096.35,0
1722930300000,50094.1,50134.1,49659.05,49735.15,0
1722937500000,49738.45,49797.55,49708.05,49770.2,0
1723002300000,50286.2,50292.45,49782.2,49929.3,0
1723009500000,49925.85,50098.65,49841,49931.75,0
1723016700000,49932.7,50165.45,49855.6,50140.95,0
1723023900000,50139.3,50254.5,50123.35,50226.45,0
1723088700000,50051.9,50224.15,49829.6,50168.65,0
1723095900000,50170.95,50440.75,50109.8,50197.2,0
1723103100000,50195.95,50287.65,50068.85,50151.1,0
1723110300000,50148.35,50170.2,50094.65,50109.45,0
1723175100000,50612.1,50707.75,50386.45,50488.25,0
1723182300000,50491.95,50608.1,50454.1,50492.5,0
1723189500000,50493.95,50632.35,50464.05,50470.5,0
1723196700000,50478.25,50490.85,50443.15,50481.8,0
1723434300000,50412.6,50741.9,50149.25,50721.6,0
1723441500000,50716.45,50804.85,50603.85,50726,0
1723448700000,50726.65,50830.7,50525.35,50591.75,0
1723455900000,50598.9,50607.95,50543.5,50578.55,0
1723520700000,50395.35,50559.25,50226.6,50299.85,0
1723527900000,50298.35,50344,49992.65,50036.65,0
1723535100000,50037.2,50129.25,49794.7,49803.8,0
1723542300000,49805.55,49868.45,49785.1,49853.7,0
1723607100000,49887.15,49959.25,49654.65,49726.55,0
1723614300000,49725.35,49779.3,49681,49752.2,0
1723621500000,49754.95,49800.4,49692.8,49701.35,0
1723628700000,49702.5,49763.7,49697.05,49746.4,0
1723779900000,50133,50290.3,49806.05,49951,0
1723787100000,49951.85,50442.4,49938.15,50389.75,0
1723794300000,50390.5,50603.4,50361,50529.3,0
1723801500000,50534.15,50541.55,50484.8,50510.95,0
1724039100000,50683.55,50728.25,50361.85,50423.8,0
1724046300000,50427.7,50585.9,50340.65,50408.75,0
1724053500000,50408.7,50470.9,50283.55,50359.05,0
1724060700000,50356.9,50432.3,50356.65,50418.85,0
1724125500000,50417.25,50911.7,50398.6,50894.05,0
1724132700000,50893.75,51025.6,50861.8,50999.85,0
1724139900000,50998.8,51003.7,50772.65,50773.9,0
1724147100000,50775.2,50803.4,50709.4,50719.1,0
1724211900000,50666.65,50764.45,50343.85,50414,0
1724219100000,50412.05,50690.65,50409.8,50507.65,0
1724226300000,50507.25,50718.75,50333.35,50681.65,0
1724233500000,50684.1,50772.45,50661.75,50737.7,0
1724298300000,50894.8,51012.6,50794.45,50915.85,0
1724305500000,50915.7,51066,50886.2,51019.75,0
1724312700000,51017.3,51080,50910.9,51002.45,0
1724319900000,51001.65,51004.2,50941.55,50952.65,0
1724384700000,51040.05,51117.85,50856.7,51007.1,0
1724391900000,51008.05,51048.2,50962.45,51018.15,0
1724399100000,51015,51018.15,50888.95,50922.15,0
1724406300000,50917,50965.3,50904.2,50961.35,0
1724643900000,51100.65,51317.85,51061.55,51204.2,0
1724651100000,51205.3,51279.9,51184.7,51222.7,0
1724658300000,51220.75,51251.3,51106.55,51153.85,0
1724665500000,51158.9,51176.9,51139.95,51163.35,0
1724730300000,51214.05,51270.25,50938.1,51201.55,0
1724737500000,51201.1,51404.7,51196.2,51352.7,0
1724744700000,51355.25,51382.5,51203.3,51290.75,0
1724751900000,51292.35,51296.6,51150.95,51171.5,0
1724816700000,51208.95,51239.15,51085.75,51201.15,0
1724823900000,51198.6,51260.75,51160.95,51220.55,0
1724831100000,51227.35,51249.8,51126.45,51145.4,0
1724838300000,51150.3,51158.9,51033.7,51049.55,0
1724903100000,51103.75,51304.05,51028.7,51222.3,0
1724910300000,51221.65,51368.95,51145.5,51271.3,0
1724917500000,51272,51296.15,50984.4,51127.25,0
1724924700000,51123.85,51195.4,51100.25,51166.8,0
1724989500000,51437.45,51454.55,51304.3,51361.2,0
1724996700000,51362.65,51466.55,51318.2,51420.6,0
1725003900000,51420.15,51451.6,51290.85,51356,0
1725011100000,51358.6,51371,51256,51319.55,0
1725248700000,51579.5,51579.5,51334.45,51403.05,0
1725255900000,51400.5,51438.95,51295.8,51346.3,0
1725263100000,51347.1,51554.8,51304.25,51443.25,0
1725270300000,51441.65,51457.3,51380.15,51431.8,0
1725335100000,51479.75,51501.3,51288.4,51289.1,0
1725342300000,51294.45,51407.3,51240.05,51372.55,0
1725349500000,51375.15,51750.1,51293.8,51726.25,0
1725356700000,51725.9,51733.15,51664.55,51690.05,0
1725421500000,51364.65,51503.55,51259.9,51408.85,0
1725428700000,51411.5,51450.8,51375.4,51424.25,0
1725435900000,51424,51461,51343.35,51414.6,0
1725443100000,51413.25,51431,51373,51390.6,0
1725507900000,51544.25,51636.75,51389.15,51471.75,0
1725515100000,51472.05,51512.95,51421.5,51454.5,0
1725522300000,51452.65,51506.2,51405.9,51491.6,0
1725529500000,51490.6,51497.75,51445.05,51445.05,0
1725594300000,51200.4,51380.05,50868.2,50919.45,0
1725601500000,50920.15,50962.2,50785.3,50831.8,0
1725608700000,50827.5,50862.35,50447.3,50574.4,0
1725615900000,50572.35,50648.55,50569.95,50627.8,0
1725853500000,50549.25,50810.15,50369.4,50772.95,0
1725860700000,50773.4,50891.65,50563.85,50679.4,0
1725867900000,50678.05,51192.75,50651.9,51112.35,0
1725875100000,51107.7,51130.95,51072.7,51126.55,0
1725939900000,51328.3,51329.8,50958.25,51142.45,0
1725947100000,51140.5,51289.05,51130.75,51264.45,0
1725954300000,51263.25,51366,51175.75,51267.1,0
1725961500000,51265,51320.85,51251,51277.65,0
1726026300000,51218.55,51420.15,51047.8,51346.35,0
1726033500000,51344.75,51352.45,51058.45,51125.9,0
1726040700000,51124.45,51178.35,50949.65,50962.1,0
1726047900000,50968.9,51094.5,50947.7,51094.5,0
1726112700000,51271,51307.05,51091.75,51173.7,0
1726119900000,51175.5,51239.75,51025,51187.9,0
1726127100000,51188.05,51878.1,51167.65,51855.05,0
1726134300000,51849.1,51854.85,51635.65,51668.05,0
1726199100000,51952.55,51952.55,51643.95,51872.05,0
1726206300000,51872.65,51959.25,51771.95,51953.65,0
1726213500000,51952.2,51994.1,51816.95,51957,0
1726220700000,51956.75,51974.6,51879.2,51896.6,0
1726458300000,52038.7,52193.15,51921.45,52097.35,0
1726465500000,52100.1,52131.8,52007.6,52116.75,0
1726472700000,52118.2,52208.7,52094.2,52143.7,0
1726479900000,52141.3,52176.2,52138.95,52153.85,0
1726544700000,52249.05,52284.6,52085.5,52184.75,0
1726551900000,52196.7,52271.45,52179.15,52259.6,0
1726559100000,52259.7,52270.3,52164.05,52174.25,0
1726566300000,52174.2,52194.8,52128.8,52144.65,0
1726631100000,52177.1,52741.4,52154.55,52671.95,0
1726638300000,52669.65,52954.2,52660,52795.4,0
1726645500000,52794.15,52859.05,52647.55,52794.45,0
1726652700000,52788.6,52792.8,52622.8,52633.1,0
1726717500000,52929.25,53353.3,52893.3,53149.2,0
1726724700000,53150.65,53159.75,52847.9,52967.05,0
1726731900000,52968,53081.55,52882.05,53053.15,0
1726739100000,53055.05,53102.2,53013.4,53045.15,0
1726803900000,53235.8,53556.6,53037.6,53535.45,0
1726811100000,53538.25,53711.9,53453.95,53649.1,0
1726818300000,53644.3,53864.45,53095.05,53826.8,0
1726825500000,53828.1,54066.1,53778.6,53937.15,0
1727063100000,53917.9,53986.15,53741.4,53966.5,0
1727070300000,53968.55,54052.85,53891.45,54024.9,0
1727077500000,54027.05,54197.95,54008.45,54080.75,0
1727084700000,54088.85,54120.55,54042.9,54076.3,0
1727149500000,54110.65,54158.4,53962.95,53985.55,0
1727156700000,53984.4,54127.65,53940.8,54105.25,0
1727163900000,54107.05,54247.7,53904.65,53978.6,0
1727171100000,53977.1,54028.55,53951.4,53971.25,0
1727235900000,53794,54083.25,53792.85,54009.9,0
1727243100000,54013.4,54062.2,53979.95,54035,0
1727250300000,54032,54141,54028.4,54108.7,0
1727257500000,54106.05,54141.3,54060.65,54135.75,0
1727322300000,54045.85,54202.15,54010.9,54148.75,0
1727329500000,54150.2,54262.4,54122.2,54149.75,0
1727336700000,54154.55,54467.35,54084.9,54324.6,0
1727343900000,54321.9,54356.35,54243.75,54281.5,0
1727408700000,54338.7,54338.7,54172.5,54216,0
1727415900000,54217.9,54231.3,53945.65,53974.6,0
1727423100000,53971.55,53978.9,53763.2,53833,0
1727430300000,53834.75,53876.7,53787.5,53834.3,0
1727667900000,53556.95,53726.4,53107.85,53249.25,0
1727675100000,53249.95,53301.5,53039.3,53070.05,0
1727682300000,53070.65,53090.75,52926.55,53000.45,0
1727689500000,52999.75,53019,52963.75,52989.7,0
1727754300000,52844,53235.25,52817.8,52959.2,0
1727761500000,52960.4,53079.05,52923.8,52982.7,0
1727768700000,52980.6,53010.75,52859.5,52912.8,0
1727775900000,52913.6,52993.95,52882.7,52980,0
1727927100000,52314.45,52582.95,52225,52339.4,0
1727934300000,52339.3,52343.9,51931.9,51972.1,0
1727941500000,51969.95,51976.05,51683.4,51858.95,0
1727948700000,51857.05,51898.75,51815.3,51860.85,0
1728013500000,51643.75,52243.75,51643.75,52193.8,0
1728020700000,52188,52358.35,51643.25,51726.45,0
1728027900000,51726,51746.7,51347.25,51488.5,0
1728035100000,51488.15,51561.3,51483.2,51555.75,0
1728272700000,51543.2,51784.8,51112.8,51198.6,0
1728279900000,51195.3,51568.75,50689.9,50757.75,0
1728287100000,50766.05,51495.45,50194.3,50401.5,0
1728294300000,50407.9,50671.45,50387.75,50617.8,0
1728359100000,50736.1,51090.05,50466,51018.35,0
1728366300000,51018.55,51146.4,50909.2,51094.85,0
1728373500000,51093.45,51176.05,50943.15,51017.15,0
1728380700000,51017.85,51094.25,51011.75,51075.85,0
1728445500000,51161.75,51707.15,50905.55,51502.7,0
1728452700000,51494.7,51536.55,51040.65,51064.45,0
1728459900000,51057.35,51144,50903.75,51014.75,0
1728467100000,51017,51108.9,51009.65,51088.2,0
1728531900000,51195.7,51413.8,51047,51242.45,0
1728539100000,51239.55,51480.35,51216.95,51476.95,0
1728546300000,51478.4,51659.45,51446.6,51531.5,0
1728553500000,51530.35,51535.8,51493.15,51533.4,0
1728618300000,51491.9,51560,51170.9,51189.15,0
1728625500000,51187.65,51227,51005.85,51167.4,0
1728632700000,51166.35,51246.5,51111.15,51159.55,0
1728639900000,51160.55,51194.5,51151.8,51189.25,0
1728877500000,51263.25,51759.45,51220.85,51738.3,0
1728884700000,51741.25,51792.25,51670.7,51686.2,0
1728891900000,51687.3,51839.45,51669.45,51798.55,0
1728899100000,51798.85,51893,51792.85,51879.05,0
1728963900000,51975.95,52022.05,51708,51778.8,0
1728971100000,51780.35,51951.2,51698.75,51819.2,0
1728978300000,51815.8,51962.3,51797.05,51905.85,0
1728985500000,51906,51990.7,51886.9,51945.4,0
1729050300000,51711.2,52031.6,51711.2,51909.6,0
1729057500000,51905.9,51922.45,51831.6,51911.6,0
1729064700000,51911.45,51923.25,51766,51810.9,0
1729071900000,51810.35,51825.65,51770,51796.4,0
1729136700000,51849.3,51930.2,51239.2,51253.25,0
1729143900000,51254,51355.8,51150.25,51231.45,0
1729151100000,51232.95,51304,51178.35,51295.15,0
1729158300000,51291.3,51346.8,51247.9,51269.55,0
1729223100000,51261,51661.05,51000.9,51529.15,0
1729230300000,51533.6,51962.95,51489.55,51878.65,0
1729237500000,51876.8,52199.45,51868.65,52065.25,0
1729244700000,52068.3,52155.25,52059.6,52138.7,0
1729482300000,52361.1,52577.5,51947.1,52110.45,0
1729489500000,52114.6,52135.1,51879.05,51975.15,0
1729496700000,51977.85,52123.6,51919.15,51997.85,0
1729503900000,51998.9,51998.9,51855.15,51857.05,0
1729568700000,52071.35,52257.3,51721.75,51941.8,0
1729575900000,51940.9,51955.8,51444,51504,0
1729583100000,51505.1,51681.2,51179.6,51239.75,0
1729590300000,51237.9,51312.15,51189.85,51271.6,0
1729655100000,51117.8,51551.55,51107.9,51249.8,0
1729662300000,51245.85,51298.25,51165.95,51218.25,0
1729669500000,51218.85,51300.6,51164.3,51222.65,0
1729676700000,51221.6,51259.55,51158.2,51241.8,0
1729741500000,51272.3,51781.55,51201.85,51568.15,0
1729748700000,51567.6,51710.85,51504.1,51555.6,0
1729755900000,51556.25,51623.1,51411.3,51539.85,0
1729763100000,51539.05,51582.75,51522.85,51565.9,0
1729827900000,51369.75,51501.05,50440.6,50507.7,0
1729835100000,50515.4,50715.15,50510.65,50638.7,0
1729842300000,50638.6,50828.9,50382.1,50795.65,0
1729849500000,50800.85,50888.95,50798.1,50854.7,0
1730087100000,51061.35,51566.1,51012.55,51375.55,0
1730094300000,51376.25,51589.15,51305.85,51433.95,0
1730101500000,51443.4,51497,51157.45,51296.1,0
1730108700000,51293.65,51359.55,51254.45,51328.15,0
1730173500000,51404.1,51557.35,51278.9,51455.55,0
1730180700000,51456.85,51923.65,51375.85,51894.15,0
1730187900000,51903.25,52354.85,51785.95,52345.4,0
1730195100000,52343.05,52349.45,52263.2,52284.85,0
1730259900000,51988.7,52220,51733,51933.85,0
1730267100000,51934.7,52191.85,51896.6,51969.55,0
1730274300000,51967,51978,51742.7,51782.65,0
1730281500000,51778.65,51899.4,51757.25,51849.2,0
1730346300000,51649.45,52005.6,51649.45,51755.5,0
1730353500000,51755.2,51759.1,51341.1,51450.15,0
1730360700000,51450.05,51535.8,51318.1,51452.3,0
1730367900000,51452.8,51579.1,51450.55,51555.6,0
1730461500000,51550.15,51825.5,51459.4,51675.2,0
1730691900000,51764.5,51764.5,51094.25,51121.4,0
1730699100000,51121.55,51174.65,51066.8,51143.4,0
1730706300000,51143.05,51236.6,51108.6,51218.95,0
1730713500000,51218.15,51260.8,51181.15,51227.2,0
1730778300000,51052.6,51443.7,51026.9,51240.6,0
1730785500000,51238.4,51278.85,50865.45,51113.55,0
1730792700000,51112.9,52289.55,51100.2,52192.9,0
1730799900000,52190.2,52209.65,52094.4,52105.85,0
1730864700000,52440.4,52493.95,52187.35,52321.75,0
1730871900000,52320.35,52451.15,52306.4,52341.45,0
1730879100000,52338.25,52409.4,52232.35,52294.55,0
1730886300000,52294.05,52396.5,52293.75,52384.55,0
1730951100000,52258.95,52377.25,51752.25,51957.25,0
1730958300000,51958.15,52062.65,51775.95,52061.05,0
1730965500000,52061.9,52063.1,51853.1,51894.45,0
1730972700000,51893.6,51941.2,51868.95,51891.9,0
1731037500000,51869.15,52007.15,51559.2,51669.45,0
1731044700000,51668.6,51730.4,51495.05,51724.1,0
1731051900000,51725.8,51862.15,51505,51550.7,0
1731059100000,51552.65,51586.35,51494,51532.15,0
1731296700000,51562.7,52104.5,51294.2,52103.15,0
1731303900000,52098.25,52177.7,51963.5,52044.1,0
1731311100000,52046.7,52078.6,51767.75,51940.8,0
1731318300000,51945.75,51958.55,51799.25,51812.35,0
1731383100000,52053.75,52169.05,51586.35,51777.95,0
1731390300000,51773.2,51874.7,51234.75,51292.2,0
1731397500000,51292.15,51364.25,51006.85,51100.75,0
1731404700000,51103.25,51205,51100.9,51120.6,0
1731469500000,51030.95,51353.5,50700.65,50707,0
1731476700000,50705.05,50770.4,50620.65,50680.35,0
1731483900000,50688.15,50853.6,49904.4,50072.15,0
1731491100000,50070.55,50340.15,50070.55,50290.5,0
1731555900000,50053.45,50561.8,49939.35,49971.3,0
1731563100000,49972.4,50364.95,49966.3,50306,0
1731570300000,50305.75,50345.2,50078.35,50187.95,0
1731577500000,50185.5,50244.5,50172.25,50239.2,0
1731901500000,50312.45,50367.3,50074,50232.4,0
1731908700000,50232.75,50445.8,50225.7,50399.7,0
1731915900000,50399.5,50406.65,50296.25,50390.35,0
1731923100000,50389.85,50434.25,50311.05,50361.85,0
1731987900000,50580.55,50926.4,50449.45,50920.35,0
1731995100000,50918.2,50963.1,50837.15,50947.65,0
1732002300000,50943.85,50983.5,50590.2,50611.25,0
1732009500000,50608.65,50661,50440.85,50466,0
1732160700000,50625,50652.15,49787.1,50158.95,0
1732167900000,50161.9,50549.85,50145.75,50330.8,0
1732175100000,50326.3,50479.25,50249.55,50373.4,0
1732182300000,50376.5,50476.3,50364.45,50448,0
1732247100000,50512.8,50982.4,50508.25,50739.6,0
1732254300000,50733.65,51049.15,50662.45,50987.85,0
1732261500000,50985.85,51271.5,50894.05,51141.1,0
1732268700000,51141,51151.7,51043.55,51098.55,0
1732506300000,52046.35,52286.8,51774.05,52243.5,0
1732513500000,52246.95,52295.6,51944.9,52039.6,0
1732520700000,52039.85,52232.1,51986.4,52195.35,0
1732527900000,52195.05,52331.1,52159.3,52199.4,0
1732592700000,52554.9,52555.5,51999.75,52085.65,0
1732599900000,52087.15,52170.35,52055.15,52094.6,0
1732607100000,52098.2,52231.85,52069.05,52212.6,0
1732614300000,52215.15,52231.2,52158.95,52178.5,0
1732679100000,52154.3,52295.75,52019.65,52137.45,0
1732686300000,52136.35,52444.35,52112.2,52390.65,0
1732693500000,52386.15,52418.45,52265.9,52302,0
1732700700000,52300.3,52317.95,52271.3,52302.55,0
1732765500000,52389.95,52760.2,52117.9,52168.85,0
1732772700000,52169.25,52248.75,51908.3,51927.7,0
1732779900000,51924.45,52117.4,51782.9,51912.85,0
1732787100000,51913.85,51987.95,51912.35,51983.4,0
1732851900000,51984.15,52170.9,51778.6,51969.4,0
1732859100000,51975.8,52012.75,51759.45,51884.8,0
1732866300000,51885.05,52122.55,51868.4,52044,0
1732873500000,52044.95,52095.25,51998.05,52023.85,0
1733111100000,52087.65,52119,51693.95,51822.05,0
1733118300000,51822.9,51908.85,51770.05,51846.4,0
1733125500000,51846.35,52197.25,51796.7,52118.95,0
1733132700000,52118.7,52123.7,52045.55,52118.35,0
1733197500000,52357.95,52709.25,52216.85,52681.75,0
1733204700000,52679.05,52748.1,52563.2,52651.8,0
1733211900000,52650.75,52780.9,52615.7,52684.8,0
1733219100000,52685.1,52720.55,52661.15,52661.15,0
1733283900000,52775,53182.15,52685.15,53134.6,0
1733291100000,53134.8,53195.3,52884.75,53112.4,0
1733298300000,53119.3,53387.1,53110.5,53275.9,0
1733305500000,53279.05,53294.6,53223.65,53235.9,0
1733370300000,53354.45,53375.3,52850.35,52953.2,0
1733377500000,52950.35,53647.8,52909.2,53609.95,0
1733384700000,53614.8,53888.3,53271.7,53659.6,0
1733391900000,53661.45,53671.6,53581.05,53606.75,0
1733456700000,53634.2,53868.5,53160.65,53697.8,0
1733463900000,53702.45,53709.7,53544.9,53615.55,0
1733471100000,53614.45,53637.55,53492.9,53532.25,0
1733478300000,53533.5,53572.05,53472.3,53493.2,0
1733715900000,53380.75,53670.45,53326.4,53589.75,0
1733723100000,53587.2,53775.1,53554.8,53616.15,0
1733730300000,53615.25,53650.7,53363.65,53369.55,0
1733737500000,53371.4,53446.85,53370.65,53420.55,0
1733802300000,53450.05,53596.4,53345.5,53519.4,0
1733809500000,53520.1,53579.7,53302.65,53411.2,0
1733816700000,53412.1,53600.6,53303.3,53568.2,0
1733823900000,53567.8,53624.05,53550.1,53611.1,0
1733888700000,53459.3,53531.3,53302.15,53497.05,0
1733895900000,53493.75,53648.05,53444.95,53484.3,0
1733903100000,53484.65,53550.65,53341.5,53429.65,0
1733910300000,53426,53435.1,53369.15,53392.25,0
1733975100000,53201,53537.45,53201,53360.9,0
1733982300000,53360.75,53415.65,53198.9,53235.1,0
1733989500000,53234.2,53282.6,53174.4,53215.6,0
1733996700000,53213.5,53265.65,53205,53224.85,0
1734061500000,53109.8,53229.3,52264.55,52450.6,0
1734068700000,52460.65,53313.05,52409.7,53223.75,0
1734075900000,53231.6,53640.85,53080.05,53606.25,0
1734083100000,53605.3,53654,53570,53630.55,0
1734320700000,53502.5,53738.9,53386.9,53413.65,0
1734327900000,53413.75,53546.2,53335,53531.9,0
1734335100000,53532.05,53675.05,53493.85,53574.7,0
1734342300000,53573.9,53588.8,53490.9,53490.9,0
1734407100000,53394.1,53515.7,52950.3,53173.85,0
1734414300000,53174.9,53230.75,52772.25,52874.4,0
1734421500000,52870.05,52911.9,52709.4,52806.65,0
1734428700000,52805.8,52860.3,52782.85,52789.95,0
1734493500000,52696.95,52827.6,52230.9,52305.75,0
1734500700000,52305.1,52369,52142.7,52288.05,0
1734507900000,52285.1,52322.15,52010.65,52096.3,0
1734515100000,52096.8,52225.6,52095.4,52205.45,0
1734579900000,51428.45,51656.8,51263.75,51486.6,0
1734587100000,51485.95,51789.85,51485.3,51597.15,0
1734594300000,51596.75,51626.95,51461.55,51578.6,0
1734601500000,51575.9,51621,51549.65,51610.95,0
1734666300000,51401.35,51629,51112.6,51410.9,0
1734673500000,51415.7,51483.95,51076.65,51129.75,0
1734680700000,51131.95,51217.65,50609.35,50688.35,0
1734687900000,50690.95,50915.35,50686.85,50872.45,0
1734925500000,51044.4,51417.35,51030.4,51360.05,0
1734932700000,51359.3,51395.25,51118.8,51172.55,0
1734939900000,51172.7,51340.45,51144.65,51334.7,0
1734947100000,51331.3,51353.15,51287.25,51306.9,0
1735011900000,51314.95,51382.1,51137.5,51259.2,0
1735019100000,51259.6,51313.3,51176.95,51229.2,0
1735026300000,51231.15,51263.65,51168.45,51199.15,0
1735033500000,51190.85,51306.45,51190.85,51288.75,0
1735184700000,51395.8,51740,51046,51236.35,0
1735191900000,51238.9,51294.5,51061.85,51133.55,0
1735199100000,51135.3,51193.6,50951.8,51164.25,0
1735206300000,51168.05,51266.2,51157.25,51213,0
1735271100000,51268.2,51628.45,51267.35,51564.55,0
1735278300000,51565.1,51571.2,51240.1,51321.45,0
1735285500000,51320.3,51388.6,51253.05,51291.95,0
1735292700000,51294.4,51371.55,51280.25,51347.75,0
1735530300000,51255.35,51542.8,51166.4,51403.8,0
1735537500000,51399.85,51979.75,51237.35,51305.75,0
1735544700000,51306.15,51397.4,50718.35,50942.3,0
1735551900000,50946.2,51091,50897.85,50899.9,0
1735616700000,50648.2,50919.5,50599.8,50915.7,0
1735623900000,50918.35,50929.4,50758.4,50840.6,0
1735631100000,50844,50945.55,50811.95,50876,0
1735638300000,50875.95,50906.35,50852.7,50884.3,0
1735703100000,50841.9,51161.2,50485.05,51108.1,0
1735710300000,51104.6,51169.05,50971.1,51012.75,0
1735717500000,51013.4,51321.95,51001.85,51047.6,0
1735724700000,51049.2,51122.95,51031.35,51096.05,0
1735789500000,51084.95,51317.35,50992.8,51275.85,0
1735796700000,51276.95,51370.55,51081.6,51347.15,0
1735803900000,51342.6,51672.75,51339.45,51604,0
1735811100000,51602.35,51626.15,51585.2,51605.85,0
1735875900000,51567.15,51671.6,51082.8,51214.45,0
1735883100000,51215.85,51381.75,51122.75,51227.5,0
1735890300000,51227,51256.6,50904.35,50968.85,0
1735897500000,50967.65,51025.55,50947.05,50974.25,0
1736135100000,50990.65,51026.1,50212.3,50260.85,0
1736142300000,50260.2,50384.2,49987,50053.4,0
1736149500000,50048.3,50048.3,49751,49855.5,0
1736156700000,49859.35,49986.45,49857.75,49960.2,0
1736221500000,50061.2,50362.9,49969.3,50236.25,0
1736228700000,50236.05,50415.85,50189.95,50338.75,0
1736235900000,50342,50447.6,50152.9,50211.6,0
1736243100000,50211.25,50230.85,50141.1,50183.7,0
1736307900000,50201.75,50246.9,49622.2,49666.75,0
1736315100000,49664.35,49755.4,49389.75,49430.45,0
1736322300000,49431.55,49979.05,49398.05,49845.45,0
1736329500000,49847.75,49868.25,49823.5,49836.15,0
1736394300000,49712.55,49798.1,49277.85,49318.45,0
1736401500000,49319.55,49505,49230.15,49342.6,0
1736408700000,49342.3,49531.8,49320.25,49501.45,0
1736415900000,49505.45,49557.35,49490.95,49552.7,0
1736480700000,49426.5,49483.15,48838.05,49273.65,0
1736487900000,49275.85,49359.35,48951,48979.8,0
1736495100000,48982.75,49034.05,48631.2,48636.4,0
1736502300000,48637,48793.75,48637,48779.8,0
1736739900000,48264.25,48606.35,48116.4,48482.3,0
1736747100000,48483,48573.05,48154.65,48180.4,0
1736754300000,48183.65,48212.95,47898.35,48036.2,0
1736761500000,48037.45,48118.85,48021.4,48050.6,0
1736826300000,48266.9,48806.5,48235.2,48784.5,0
1736833500000,48782.9,48788.75,48430.65,48571.15,0
1736840700000,48571.1,49007.35,48555.25,48727.45,0
1736847900000,48728.15,48910.75,48717.3,48884.6,0
1736912700000,48832.75,49083.65,48653,48997.05,0
1736919900000,48996.35,49023.05,48792,48798.2,0
1736927100000,48796.25,48819.6,48522.4,48735.7,0
1736934300000,48737.3,48784.05,48699.6,48783.35,0
1736999100000,49082.9,49428.1,49038.45,49238.3,0
1737006300000,49234.3,49459,49195.35,49445.3,0
1737013500000,49445.2,49450.35,49134.35,49304.9,0
1737020700000,49305.95,49390.75,49289,49386.4,0
1737085500000,48959.5,49047.2,48309.5,48400.05,0
1737092700000,48403.9,48610.1,48389.75,48461.55,0
1737099900000,48462.95,48607.5,48375.1,48521.9,0
1737107100000,48527.05,48585.35,48521.05,48553.85,0
1737344700000,48834.15,49064.8,48683.6,49054.7,0
1737351900000,49052.45,49562.05,49051.05,49541.85,0
1737359100000,49545.3,49650.6,49359.7,49386.95,0
1737366300000,49389.35,49389.35,49295.9,49334.55,0
1737431100000,49532,49543.15,48695.1,48745.1,0
1737438300000,48745.8,49280.7,48624.45,48857.25,0
1737445500000,48852.7,48916.4,48430.95,48580.95,0
1737452700000,48581.1,48639.3,48578.4,48626.1,0
1737517500000,48689.55,48741.75,48442.9,48471.85,0
1737524700000,48471.75,48478.4,48109.4,48258.1,0
1737531900000,48259.95,48781.75,48074.05,48768.65,0
1737539100000,48762.5,48775.8,48677.7,48766.4,0
1737603900000,48770.15,48892.7,48493,48717.8,0
1737611100000,48715.55,48764.3,48559.6,48719.05,0
1737618300000,48714.75,48802.4,48551,48591.3,0
1737625500000,48593.3,48604,48563.05,48595.85,0
1737690300000,48546.05,48816.7,48347.85,48796.3,0
1737697500000,48790.35,48858.65,48505.45,48590.55,0
1737704700000,48583.2,48590.55,48203,48352.95,0
1737711900000,48352,48399.95,48340.15,48349.4,0
1737949500000,47881.65,48248.75,47844.15,48076.25,0
1737956700000,48076,48319.2,48073.05,48234,0
1737963900000,48228.75,48254.1,47981.35,48111.2,0
1737971100000,48109.15,48111.1,47997.15,48026.3,0
1738035900000,48642.5,48909.8,48449.05,48897.75,0
1738043100000,48899.65,49184.15,48832.75,49176.9,0
1738050300000,49172.1,49247.15,48755.3,48861.25,0
1738057500000,48863.95,48939.4,48832,48886.6,0
1738122300000,48997.2,49165.75,48849.8,49036.85,0
1738129500000,49034.75,49149.5,48859.7,48994.5,0
1738136700000,48994.85,49187.6,48986.45,49157.65,0
1738143900000,49154.85,49199.65,49132.35,49163.1,0
1738208700000,49206.2,49360.65,49031.8,49241.3,0
1738215900000,49236.7,49339.95,49176.45,49319.1,0
1738223100000,49322.05,49383.95,49213.9,49308.8,0
1738230300000,49305.25,49426.2,49279.95,49400.5,0
1738295100000,49259.65,49369.7,49031.8,49284.9,0
1738302300000,49285.25,49609.55,49218.8,49568.05,0
1738309500000,49565.95,49674.8,49302.1,49598.6,0
1738316700000,49594.25,49647.8,49567.35,49614.4,0
1738381500000,49592.55,49849,49488.75,49845.75,0
1738388700000,49844.5,50009.5,48925.45,49065.1,0
1738395900000,49066.3,49669,48941.85,49514.95,0
1738403100000,49515.15,49527.95,49429.15,49520.95,0
1738554300000,49074.8,49280.3,48906.05,49271.95,0
1738561500000,49270.15,49373.45,49054.65,49344.55,0
1738568700000,49347.7,49358.45,49185.8,49222.55,0
1738575900000,49225.95,49235,49183.25,49224.05,0
1738640700000,49538.8,50021.35,49482.5,49819.45,0
1738647900000,49823.3,50084.2,49767.7,50055.75,0
1738655100000,50057.75,50206.6,49888.35,50192.25,0
1738662300000,50192,50198,50083.65,50111.65,0
1738727100000,50402.3,50493.25,50215.45,50374.25,0
1738734300000,50369.45,50499.9,50320.85,50498.5,0
1738741500000,50498.4,50522.15,50325.35,50354.75,0
1738748700000,50353.7,50354.3,50280.45,50299.9,0
1738813500000,50468.35,50553.35,50203.55,50243.85,0
1738820700000,50243.25,50315.45,50149.8,50219.2,0
1738827900000,50219.35,50410.65,50199.05,50374.7,0
1738835100000,50378.35,50447.1,50362.65,50427.1,0
1738899900000,50484.45,50641.75,50042.3,50290.05,0
1738907100000,50286.7,50463.6,50055.55,50086.45,0
1738914300000,50086.3,50182.75,49871.15,50180.85,0
1738921500000,50181.7,50248.35,50145.9,50204.35,0
1739159100000,50052.5,50155.65,49703.1,49853.85,0
1739166300000,49850.4,49895.75,49760.35,49843.25,0
1739173500000,49841.55,50049.1,49791.2,49987.7,0
1739180700000,49990.75,50007.5,49951.7,49968.65,0
1739245500000,49812.15,49906.75,49477.8,49608.3,0
1739252700000,49607.25,49639.1,49274.85,49294.8,0
1739259900000,49294.25,49477.65,49177.4,49415.2,0
1739267100000,49414.2,49436.1,49344.4,49358.6,0
1739331900000,49402.25,49539.95,48734.35,49001.8,0
1739339100000,49001.05,49652.6,48975.1,49603.15,0
1739346300000,49605.7,49702.35,49236.6,49518.8,0
1739353500000,49518.25,49552.1,49491.8,49526.55,0
1739418300000,49469.35,49836.1,49434.15,49757.1,0
1739425500000,49756.6,49829.4,49478.1,49478.1,0
1739432700000,49480.8,49563.45,49276.1,49356.8,0
1739439900000,49357.75,49388.55,49320.15,49342,0
1739504700000,49485.65,49592.95,48920.1,49035.6,0
1739511900000,49034.5,49073.65,48719.75,48815.95,0
1739519100000,48815.6,49243.05,48720.25,49109.4,0
1739526300000,49109.45,49122.1,49050.6,49057.75,0
1739763900000,48880.4,49037.45,48525.6,48741.9,0
1739771100000,48738.1,48987.1,48725.4,48851.45,0
1739778300000,48854.2,49286.55,48842.3,49275.4,0
1739785500000,49276.1,49319,49247.5,49279.9,0
1739850300000,49211.85,49328.55,48814.95,48866.8,0
1739857500000,48867.55,49104.7,48850.45,48996.35,0
1739864700000,48996.75,49158.25,48994.55,49085.8,0
1739871900000,49083.4,49099.85,49053.3,49064.15,0
1739936700000,48895.35,49628.25,48804,49502.25,0
1739943900000,49503.95,49586.45,49407.9,49459.85,0
1739951100000,49464.1,49607.9,49279.6,49579.25,0
1739958300000,49580.3,49580.35,49510.95,49519.5,0
1740023100000,49314.1,49455.8,49150.95,49329.85,0
1740030300000,49329.5,49346.35,49221.65,49254.65,0
1740037500000,49253.85,49397.2,49233.5,49342.55,0
1740044700000,49342.3,49344.5,49281.85,49289.7,0
1740109500000,49127.95,49306.55,48764,48917.1,0
1740116700000,48916.75,49069.65,48878.4,48921.3,0
1740123900000,48921.15,49058.15,48799.8,49007.3,0
1740131100000,49008.25,49011.2,48885.4,48908.5,0
1740368700000,48619.8,48745.95,48281.9,48394.4,0
1740375900000,48392.5,48686.6,48384.3,48593.95,0
1740383100000,48593.65,48748.4,48514.65,48655.1,0
1740390300000,48653.6,48689.75,48619.9,48657.25,0
1740455100000,48691.2,48862.15,48576.6,48627.6,0
1740462300000,48629.75,48706.25,48582.45,48669,0
1740469500000,48668.6,48706.25,48599.05,48619.6,0
1740476700000,48623.2,48638.75,48534.15,48591.1,0
1740627900000,48732.2,48972.55,48732.2,48908.3,0
1740635100000,48908.7,48913.85,48830.2,48843.1,0
1740642300000,48844.25,48909.4,48707.85,48736.65,0
1740649500000,48734.1,48736.7,48627.1,48641.5,0
1740714300000,48437.55,48534.45,48161.15,48491.85,0
1740721500000,48491.5,48574.5,48078.7,48115.45,0
1740728700000,48118.25,48499.75,48104.9,48351.35,0
1740735900000,48351.3,48351.3,48238.6,48262.5,0
1740973500000,48478.6,48574.7,47841.3,47932.4,0
1740980700000,47929.75,48224.9,47845.8,48186.95,0
1740987900000,48187.65,48258.45,48008.5,48111.3,0
1740995100000,48110.35,48162.5,48073.75,48159.85,0
1741059900000,47942.5,48355.7,47924.75,48250.05,0
1741067100000,48249.9,48282.7,48132.55,48272.3,0
1741074300000,48267.4,48374.9,48169.05,48234.2,0
1741081500000,48235,48314.6,48226.05,48289.3,0
1741146300000,48241.3,48657.65,48190.25,48480.15,0
1741153500000,48480.65,48617.6,48445.3,48502.15,0
1741160700000,48501.15,48543.15,48389.85,48478.6,0
1741167900000,48479.45,48508.4,48453.6,48506.15,0
1741232700000,48760,48839.1,48299.4,48623.65,0
1741239900000,48623.35,48627.1,48408.5,48582.2,0
1741247100000,48584.95,48681,48559.85,48634.95,0
1741254300000,48636.7,48653.75,48596.85,48608.45,0
1741319100000,48463.8,48709.05,48369.95,48655.9,0
1741326300000,48655.6,48693.45,48409.9,48430.6,0
1741333500000,48431.25,48607.9,48359.35,48513.55,0
1741340700000,48513.8,48516.6,48432.3,48453.85,0
1741578300000,48312,48599.15,48285,48447.15,0
1741585500000,48448.1,48584,48401.7,48554.35,0
1741592700000,48551.9,48566.75,48146.8,48235.8,0
1741599900000,48237.95,48244.05,48124.65,48168.25,0
1741664700000,47874.8,48021.35,47702.9,47923.25,0
1741671900000,47923.2,47928,47783.6,47843.55,0
1741679100000,47845.9,48029.05,47786.3,47864.25,0
1741686300000,47865.55,47896,47847.3,47885.6,0
1741751100000,47894.4,48222.15,47880,48113.2,0
1741758300000,48112.7,48114.6,47844.95,48029.05,0
1741765500000,48033.55,48150.6,47979.85,48054.75,0
1741772700000,48055.75,48086.4,48018.1,48055.75,0
1741837500000,48219.15,48352.45,48064.75,48284.9,0
1741844700000,48285.95,48286.4,48109.7,48142.45,0
1741851900000,48139.4,48202.55,48009.7,48082.55,0
1741859100000,48084.75,48092.25,48006.1,48024,0
1742183100000,48219.55,48432.2,48196.1,48415.5,0
1742190300000,48414.65,48481.35,48310.35,48382.65,0
1742197500000,48382.55,48449.3,48288.3,48359.3,0
1742204700000,48358.6,48376.05,48331.5,48347.05,0
1742269500000,48792.9,49053.1,48629.45,49022.35,0
1742276700000,49022.1,49121.05,48908.2,49028.85,0
1742283900000,49030.85,49314,49024.8,49303.1,0
1742291100000,49304.25,49400.3,49291.3,49375.55,0
1742355900000,49375.4,49749,49324.8,49719.9,0
1742363100000,49720.7,49807.55,49669.25,49743.2,0
1742370300000,49743.1,49791.5,49678.55,49705.45,0
1742377500000,49705.75,49752.95,49672.85,49727.1,0
1742442300000,49947.6,50035.75,49771.65,49906.75,0
1742449500000,49908.3,49981.45,49818.25,49963.95,0
1742456700000,49970.15,50155.3,49945.2,50042.05,0
1742463900000,50041.8,50071.4,49984.7,49993.8,0
1742528700000,49927.1,50501.2,49891.95,50479.05,0
1742535900000,50480.3,50532.65,50366.85,50440.5,0
1742543100000,50439.9,50652,50270.6,50576.75,0
1742550300000,50579.9,50672.15,50532.6,50570.3,0
1742787900000,50982.7,51769.8,50795.9,51666.45,0
1742795100000,51668.25,51703.95,51526.25,51690.3,0
1742802300000,51688.9,51777.5,51567.2,51671.25,0
1742809500000,51673.65,51801.15,51673.65,51769.6,0
1742874300000,51874.2,52063.95,51646.65,51820.25,0
1742881500000,51820.5,51847.5,51572.6,51624.7,0
1742888700000,51626.2,51787.65,51534.95,51615.55,0
1742895900000,51618.35,51649.95,51429.6,51480,0
1742960700000,51640.05,51875.8,51509.7,51595.95,0
1742967900000,51596.5,51626.45,51223.95,51275.25,0
1742975100000,51277,51280.75,51069.15,51239.2,0
1742982300000,51241.55,51241.55,51171.8,51179.75,0
1743047100000,51084.7,51678.25,51050.85,51653.3,0
1743054300000,51652.6,51674.15,51561,51596.5,0
1743061500000,51596.8,51714.35,51523.1,51536.1,0
1743068700000,51531.25,51671.15,51484.1,51534,0
1743133500000,51608.4,51812.55,51454.85,51512.2,0
1743140700000,51513.05,51606.4,51335.35,51415.1,0
1743147900000,51415.8,51839.1,51391.45,51594.6,0
1743155100000,51594.2,51595.7,51518.05,51538.75,0
1743479100000,51178.15,51683.85,50827.35,50910.75,0
1743486300000,50909.7,50979.85,50742,50843.7,0
1743493500000,50844.55,50890.6,50756.15,50838.25,0
1743500700000,50836.65,50874.3,50813.35,50851,0
1743565500000,50966.9,51276.1,50908.35,51227.35,0
1743572700000,51226.95,51280.15,51110.95,51238,0
1743579900000,51234.25,51380,51189.55,51362.1,0
1743587100000,51362.3,51404.2,51342.05,51372.75,0
1743651900000,50910,51528.1,50906.65,51492.85,0
1743659100000,51495.95,51518.4,51401.8,51466.2,0
1743666300000,51470,51661.6,51434.15,51613.55,0
1743673500000,51612.9,51619.8,51571.85,51581.55,0
1743738300000,51711.6,51893.6,51474.85,51686.7,0
1743745500000,51686.65,51763.35,51600.85,51617.85,0
1743752700000,51616.75,51676.05,51360.4,51557.9,0
1743759900000,51548.45,51558.25,51488.6,51515.25,0
1743997500000,49336.1,50426.25,49242.25,49672.05,0
1744004700000,49671.55,49783,49156.95,49333.45,0
1744011900000,49336.45,49958.2,49215.95,49907.45,0
1744019100000,49909.9,50041.6,49843.2,49985.95,0
1744083900000,50388.55,50793.7,50030.8,50383.5,0
1744091100000,50383.65,50763.65,50103,50720.65,0
1744098300000,50722.1,50771.5,50321.9,50494.2,0
1744105500000,50493.7,50607.65,50477,50575.1,0
1744170300000,50487.1,50496.9,49910.85,49953,0
1744177500000,49950.7,50295.35,49935.3,50280.85,0
1744184700000,50283.85,50306.6,50180.25,50248.85,0
1744191900000,50247.75,50293.4,50231.35,50283.75,0
1744343100000,50634.1,51066.55,50634.1,50964.55,0
1744350300000,50965.05,51244.7,50953.2,51196.05,0
1744357500000,51194.35,51210.7,50900.1,51005.8,0
1744364700000,51004,51037.2,50938.2,51007.55,0
1744688700000,52299,52299,51863.3,52258.05,0
1744695900000,52260.35,52400.6,52255.05,52311.15,0
1744703100000,52312.35,52398.6,52298.55,52358.75,0
1744710300000,52360.5,52486.35,52355.55,52415.15,0
1744775100000,52690.9,52821.05,52471.35,52744.3,0
1744782300000,52747,52876.7,52720.5,52874.2,0
1744789500000,52874.85,53153.95,52728.15,53087.6,0
1744796700000,53086.15,53164.45,53079.6,53109.25,0
1744861500000,53153.75,53525.15,53084.9,53459.7,0
1744868700000,53460.85,54311.75,53447.75,54305.55,0
1744875900000,54304.5,54407.2,54182.05,54259.2,0
1744883100000,54260.1,54332.25,54214.6,54252.05,0
1745207100000,54891.25,55383.6,54674.95,55366.1,0
1745214300000,55371.85,55461.65,55296.05,55412,0
1745221500000,55405.95,55432,55228.35,55285.15,0
1745228700000,55288.55,55346.25,55286.55,55295.5,0
1745293500000,55414.3,55961.2,55243.55,55906.7,0
1745300700000,55910.45,55916.6,55603.8,55758.8,0
1745307900000,55757.05,55818.25,55601.55,55666.9,0
1745315100000,55666.25,55669.4,55529.55,55559.2,0
1745379900000,56097.1,56098.7,55162.5,55224.5,0
1745387100000,55225.2,55390.15,55185.45,55305.35,0
1745394300000,55306.95,55443.4,55255.1,55395.4,0
1745401500000,55395.3,55398.9,55297.85,55318.9,0
1745466300000,55103.9,55550.45,55086.55,55378.85,0
1745473500000,55377,55392.35,55286.35,55341.5,0
1745480700000,55347,55400.35,55100.25,55225.15,0
1745487900000,55221.75,55231.75,55104.15,55130.9,0
1745552700000,55233.55,55350.55,54321.45,54411.85,0
1745559900000,54418,54616.7,54176.45,54605.7,0
1745567100000,54605.55,54911,54579.2,54694.65,0
1745574300000,54695.05,54696.5,54535.8,54552.45,0
1745811900000,54610.3,55328.65,54582.35,55168.8,0
1745819100000,55169.55,55577.4,55121.6,55514.75,0
1745826300000,55519.7,55527.1,55316.15,55422.4,0
1745833500000,55422.25,55446.6,55377.5,55428.1,0
1745898300000,55524.35,55957.75,55370.55,55454.95,0
1745905500000,55454.75,55548.45,55288.25,55460,0
1745912700000,55459.2,55523.7,55391.8,55392.55,0
1745919900000,55390.65,55400.15,55262.4,55301.1,0
1745984700000,55382.4,55478.25,55047.3,55158.4,0
1745991900000,55159.7,55283.95,55103.95,55225.65,0
1745999100000,55222,55252.15,55092.75,55136.65,0
1746006300000,55138.2,55146.95,54723.7,54961.45,0
1746157500000,55100.95,55691.95,55099.05,55370.45,0
1746164700000,55370.2,55422,54994.4,55073.25,0
1746171900000,55072.8,55290.75,54997,55177.6,0
1746179100000,55175.25,55183.1,55037.3,55055.15,0
1746416700000,55065.8,55345.5,54891.35,54975.8,0
1746423900000,54979.7,54992.3,54786.5,54895.35,0
1746431100000,54889.8,55081.15,54859,54904.9,0
1746438300000,54904.25,54963,54895.2,54907.2,0
1746503100000,54918.25,55036.95,54487.65,54534.15,0
1746510300000,54532.8,54570.55,54400.6,54498.25,0
1746517500000,54499.25,54583.25,54244.8,54284.45,0
1746524700000,54284.35,54290.4,54172.95,54183.85,0
1746589500000,54013.4,54672.9,53919.9,54326.85,0
1746596700000,54326.75,54477.85,54226.6,54271.5,0
1746603900000,54271.05,54605,54257.85,54597.65,0
1746611100000,54597.15,54684.3,54594.25,54632.95,0
1746675900000,54801.75,54937.25,54600.5,54781.75,0
1746683100000,54781.25,54849.1,54698.65,54791.85,0
1746690300000,54788.65,54842.85,54342.4,54467.8,0
1746697500000,54466.4,54470.05,54108,54141.75,0
1746762300000,53595.95,54054.8,53525.5,53713.35,0
1746769500000,53713.8,53920.85,53584,53615.1,0
1746776700000,53614.3,53660,53483.05,53589.5,0
1746783900000,53582.65,53676.8,53573.15,53674.05,0
1747021500000,54658.75,55347.6,54558.05,55304.55,0
1747028700000,55306.15,55392.75,55123.45,55189.9,0
1747035900000,55192.6,55377,55184.2,55325,0
1747043100000,55324.7,55466.3,55320.65,55411.3,0
1747107900000,55233.5,55499.65,54944.9,55108.8,0
1747115100000,55107.7,55332,54924.9,54990.8,0
1747122300000,54986.95,55038.05,54889.2,54929.7,0
1747129500000,54932.75,54984.65,54888.5,54964.45,0
1747194300000,55008.55,55208.6,54885.15,55012.85,0
1747201500000,55008.35,55033.95,54491,54682.95,0
1747208700000,54682.85,54831.2,54578.6,54808.15,0
1747215900000,54810.8,54898.8,54759.4,54860.55,0
1747280700000,54853.7,55019.05,54442.3,54616.7,0
1747287900000,54617.1,55100.3,54570.7,55096.4,0
1747295100000,55098.8,55490.55,55017.75,55362.55,0
1747302300000,55357.5,55375.9,55319.55,55336.7,0
1747367100000,55276,55418.9,55170.25,55273.5,0
1747374300000,55271.55,55359.35,55230.2,55306.3,0
1747381500000,55306.4,55394.7,55276.1,55363.1,0
1747388700000,55367.4,55376.75,55311,55350.8,0
1747626300000,55326.05,55650.25,55296.55,55587.35,0
1747633500000,55588.35,55695.55,55522.15,55542.05,0
1747640700000,55540.45,55599.5,55303.65,55417.1,0
1747647900000,55418.3,55450.95,55376.95,55400.65,0
1747712700000,55445.3,55568.35,55120.35,55208.3,0
1747719900000,55208.1,55209.45,55005.4,55009.65,0
1747727100000,55009.4,55049.6,54829.45,54910.25,0
1747734300000,54910.85,54934.3,54854.4,54932.35,0
1747799100000,55060.2,55336.85,54931.3,55218.1,0
1747806300000,55219.25,55233.85,54690.8,55012.95,0
1747813500000,55015.2,55112.45,54891.9,55066.9,0
1747820700000,55066.6,55097.45,55036.5,55065.6,0
1747885500000,54875.9,54936.85,54719.85,54747.75,0
1747892700000,54746.45,54776.6,54576.6,54647.35,0
1747899900000,54651.8,54996.1,54587.15,54937.65,0
1747907100000,54938.75,54989.6,54889.8,54963.25,0
1747971900000,54959.3,55340.65,54854.5,55309.25,0
1747979100000,55311.85,55433.65,55192.65,55362.25,0
1747986300000,55361.7,55441.3,55302.6,55391.25,0
1747993500000,55393.55,55426.1,55379.65,55389.6,0
1748231100000,55534.9,55875.75,55307.5,55480.1,0
1748238300000,55481.35,55611.1,55406.8,55509.1,0
1748245500000,55506.15,55598.35,55447.3,55577.1,0
1748252700000,55578.25,55612.65,55548.35,55559.35,0
1748317500000,55458.95,55511.55,55037.85,55354.35,0
1748324700000,55365.65,55831.35,55340.85,55411.5,0
1748331900000,55412.55,55529.75,55110.05,55386.55,0
1748339100000,55388.25,55406.1,55319.05,55352.45,0
1748403900000,55328.6,55521.8,55235.55,55384.9,0
1748411100000,55383.6,55506.85,55303.8,55433.55,0
1748418300000,55433.2,55478.25,55335.5,55407.75,0
1748425500000,55410.05,55454.25,55395.65,55447.55,0
1748490300000,55571.4,55725.35,55196.4,55213.1,0
1748497500000,55197.25,55282.4,55096.45,55266.35,0
1748504700000,55261.6,55594.85,55177.7,55591.8,0
1748511900000,55591,55782.75,55566,55746.85,0
1748576700000,55615.55,55704.25,55356.6,55460.85,0
1748583900000,55462.95,55581.95,55401.7,55557.5,0
1748591100000,55559.25,55813.3,55559.25,55755.75,0
1748598300000,55755.45,55778.9,55729.05,55755.7,0
1748835900000,55598.25,55787.1,55400.55,55615.7,0
1748843100000,55616.55,55835.25,55572.85,55780.9,0
1748850300000,55781.25,55966.3,55702.75,55918.3,0
1748857500000,55918,55921.85,55811.5,55862.05,0
1748922300000,56104.8,56161.4,55702.8,55706.8,0
1748929500000,55709.45,55805.3,55455.8,55523.15,0
1748936700000,55523.65,55722.1,55467.7,55600.95,0
1748943900000,55598.8,55635.85,55525.35,55540,0
1749008700000,55650.35,55791,55408.35,55594.5,0
1749015900000,55600.25,55702.35,55588.65,55645.4,0
1749023100000,55645.55,55738,55597.2,55666.3,0
1749030300000,55665.55,55693.6,55656.3,55665.55,0
1749095100000,55806.75,55849.45,55580.45,55718.45,0
1749102300000,55720.25,56010.15,55694.15,55762.95,0
1749109500000,55763.75,55796.95,55629.25,55770.2,0
1749116700000,55764.5,55841.5,55753.7,55809.75,0
1749181500000,55699.45,56579.3,55534.75,56567.85,0
1749188700000,56569.35,56650.2,56454.85,56568.35,0
1749195900000,56567.75,56695,56495.95,56571.15,0
1749203100000,56569.55,56594.05,56539.9,56584.8,0
1749440700000,57049.5,57049.5,56792.7,56949.85,0
1749447900000,56946.75,56981.95,56856.65,56935.05,0
1749455100000,56937.55,56955.3,56827.05,56851.3,0
1749462300000,56850.2,56857.45,56811.4,56846.2,0
1749527100000,56993.9,57015.4,56570.3,56666.85,0
1749534300000,56670.3,56732.55,56573.4,56688.35,0
1749541500000,56676.9,56709.9,56591.85,56647.35,0
1749548700000,56648.05,56653.8,56564.15,56579.55,0
1749613500000,56639.85,56723.15,56443.85,56713.7,0
1749620700000,56711.4,56782.5,56664.3,56666.8,0
1749627900000,56667.75,56672.5,56399.4,56454.75,0
1749635100000,56454.65,56473.25,56416.35,56438.05,0
1749699900000,56480.9,56611.05,56242.1,56268.1,0
1749707100000,56267.75,56354.05,56197.3,56245,0
1749714300000,56248.5,56263.05,55968.5,56076.9,0
1749721500000,56076.1,56081.2,55980.45,55997.8,0
1749786300000,55149.3,55591.85,55149.3,55446.55,0
1749793500000,55440.75,55553.65,55419,55501.55,0
1749800700000,55498,55688,55376.2,55546.85,0
1749807900000,55545.75,55581.35,55514.35,55577.1,0
1750045500000,55554.1,55801.7,55381.45,55739.6,0
1750052700000,55736.7,55914.75,55657.35,55876.15,0
1750059900000,55876.8,55961.55,55836.65,55957.35,0
1750067100000,55957.6,55999.85,55942.35,55973.5,0
1750131900000,55975,56067.3,55788.85,55826.05,0
1750139100000,55821.2,55826.5,55652.85,55683.25,0
1750146300000,55688.2,55769.75,55643.95,55742.45,0
1750153500000,55743.5,55743.6,55660.1,55678.7,0
1750218300000,55544.95,55933.6,55511.8,55752.6,0
1750225500000,55748.75,55799.7,55612.2,55770.15,0
1750232700000,55770.5,55858.95,55641.1,55823.25,0
1750239900000,55827.2,55857.85,55775.05,55802.85,0
1750304700000,55784.85,55942.45,55661.8,55685.35,0
1750311900000,55686.5,55706.8,55539.9,55653.3,0
1750319100000,55652.95,55710.35,55562.15,55565.6,0
1750326300000,55570.25,55597.9,55475.45,55497.05,0
1750391100000,55566.7,56134.7,55566.4,56132.9,0
1750398300000,56133.95,56199.55,56027.45,56168.6,0
1750405500000,56169.35,56295.3,56067,56240.95,0
1750412700000,56241.15,56328.2,56208.7,56216.5,0
1750650300000,55832.35,56061.5,55779.25,55917.7,0
1750657500000,55917.6,55976.25,55856.9,55976.25,0
1750664700000,55975.2,56233.55,55961.3,56058.6,0
1750671900000,56058.85,56085.8,56021.55,56034.55,0
1750736700000,56529.45,56736.1,56460.85,56692.8,0
1750743900000,56691.75,56862,56488.65,56566.05,0
1750751100000,56566.45,56614.6,56276.15,56457.65,0
1750758300000,56457.75,56506.65,56440.8,56471.4,0
1750823100000,56564.5,56664.9,56420.65,56566,0
1750830300000,56566.9,56634.55,56519.95,56609.45,0
1750837500000,56612.6,56681.4,56567.05,56616.95,0
1750844700000,56617.2,56629.7,56564.3,56591,0
1750909500000,56693.55,56806.6,56558.35,56609.75,0
1750916700000,56613.55,57076.95,56567.4,56861.7,0
1750923900000,56863.45,57252.55,56843.75,57187.85,0
1750931100000,57184.05,57263.45,57143.65,57161.9,0
1750995900000,57234.7,57340.75,56993.85,57294.6,0
1751003100000,57296.05,57414.95,57263.6,57370.05,0
1751010300000,57374.15,57463.1,57312.25,57451.95,0
1751017500000,57452.05,57475.4,57380.15,57399.95,0
1751255100000,57529.95,57614.5,57297.8,57358.8,0
1751262300000,57358,57524.75,57310.65,57347.35,0
1751269500000,57349.85,57388.05,57193.8,57332.15,0
1751276700000,57331.15,57341,57261.15,57318.55,0
1751341500000,57375.8,57423,57150.35,57213.1,91281328
1751348700000,57211.55,57461.5,57189.15,57439.4,83769266
1751355900000,57440.25,57533.85,57401.5,57441.9,91666506
1751363100000,57439.05,57501.3,57425.9,57442.7,23679598
1751427900000,57558.2,57628.4,57152.35,57202.05,76305022
1751435100000,57201.4,57235.3,57042.65,57043.3,33099028
1751442300000,57042.3,57066.1,56833.8,57017.05,53430859
1751449500000,57018.7,57019.5,56951.8,56972.15,16117544
1751514300000,57050.4,57193.25,56894.65,57103.6,62468334
1751521500000,57102.6,57135.5,56949.85,56978.8,28866176
1751528700000,56978.55,57116.15,56767.05,56794.15,50261042
1751535900000,56798.95,56832.6,56764.1,56772.75,16685179
1751600700000,56825.25,56938.75,56680.05,56855.7,36877152
1751607900000,56855.5,56861.75,56623.6,56751.25,25806569
1751615100000,56747.4,57057.5,56728.35,57045.55,25718827
1751622300000,57044.85,57075.1,56997.9,57044.8,9323611
1751859900000,56938.7,57152.2,56854.05,57021.7,43608747
1751867100000,57028.4,57042.6,56838.55,56950.65,26431870
1751874300000,56947.35,57029.5,56856.1,56947.1,30666809
1751881500000,56947.85,56965.35,56913.35,56918.5,8207530
1751946300000,56942.55,57258.1,56923.05,57087.5,33468741
1751953500000,57087.4,57200,57060.7,57147.9,35415338
1751960700000,57146.05,57293.45,57074.3,57271.35,33294322
1751967900000,57272.1,57303.3,57220.6,57240.85,10892405
1752032700000,57199.75,57233.45,57037.9,57186.7,31947078
1752039900000,57180.8,57270.9,57097.2,57268.45,23668186
1752047100000,57267.45,57290.65,57154.5,57218,32606855
1752054300000,57219.6,57230.7,57170.05,57171.6,9742844
1752119100000,57339.75,57363.7,57116.45,57187.15,37704608
1752126300000,57187.1,57203.35,57023.85,57074.3,27464063
1752133500000,57075.75,57172.55,56976.5,57002.25,29765173
1752140700000,57005.85,57046.65,56886.6,56956.95,15509621
1752205500000,56843.45,57091.05,56645.35,56689.35,30964179
1752212700000,56689,56837.95,56607.75,56734.05,24440578
1752219900000,56733.95,56816.3,56679.45,56760.8,35781957
1752227100000,56760.85,56764.75,56695.7,56712.85,10586196
1752464700000,56780.75,56896.3,56653.5,56673.5,49546024
1752471900000,56672.85,56728.45,56597.45,56648.8,23644316
1752479100000,56650.2,56830.65,56594.25,56764.85,46016080
1752486300000,56763.05,56791.1,56732.45,56763.6,10350170
1752551100000,56709.2,57134.95,56707.8,57078.45,61045125
1752558300000,57077.95,57117.1,56992.05,57034.85,27876465
1752565500000,57038.45,57048.15,56908.2,57038.35,29610835
1752572700000,57043.5,57076.8,57011.85,57049.6,13245695
1752637500000,57111.25,57175.15,56937.6,57030.8,49665547
1752644700000,57030.65,57271.9,56984.65,57249.6,54641839
1752651900000,57251.85,57276.55,57153.75,57179.05,51172971
1752659100000,57181.25,57195.15,57084.15,57108.4,14709147
1752723900000,57231.95,57262.85,56914.9,56991.6,56979861
1752731100000,56992.7,57039.1,56868.4,56896.3,27104392
1752738300000,56894.6,56956.05,56812.45,56854.25,42792439
1752745500000,56849.5,56852.2,56780.15,56805.1,14096242
1752810300000,56524.25,56705.15,56204.85,56311.35,69099692
1752817500000,56316.6,56376.5,56240.8,56273.5,32327418
1752824700000,56274.75,56431.95,56245.3,56280.8,34518510
1752831900000,56280.05,56307.6,56237.9,56253.7,13316578
1753069500000,56558.9,56811,56255.7,56769.25,65489124
1753076700000,56770.1,56929.1,56639.15,56894.4,29625808
1753083900000,56898.1,56967.55,56733.3,56953.05,37967624
1753091100000,56955,56983.45,56901.3,56916.75,11694123
1753155900000,57253.35,57286.15,56863.7,56916.05,61952415
1753163100000,56917.15,56969.7,56807.25,56888.45,26963123
1753170300000,56887.75,56897.3,56730.45,56769.5,35721599
1753177500000,56771.25,56784.9,56692,56721.75,15659781
1753242300000,56918.15,56949.6,56715.8,56862.55,44541721
1753249500000,56859.45,57096.65,56785.25,57049.5,25185080
1753256700000,57050.5,57249,57025.95,57212.9,56336799
1753263900000,57210.45,57219.45,57176.2,57191.65,10514851
1753328700000,57316.6,57316.6,56978.2,57031.3,38085469
1753335900000,57029.5,57078.7,56850.9,56931.8,23533139
1753343100000,56931.9,57151.05,56913.05,57074.75,111314751
1753350300000,57075.7,57086.7,57001.55,57033.7,16376781
1753415100000,57001.85,57136.75,56644,56657.75,59067229
1753422300000,56659.55,56778.8,56465.1,56554.55,27951546
1753429500000,56554.25,56610.9,56439.4,56551.9,29386010
1753436700000,56550.05,56553.55,56475.75,56520.45,11398727
1753674300000,56215.1,56578.4,56186.85,56418,71797755
1753681500000,56418.1,56477.4,56147.3,56163,28400086
1753688700000,56162.95,56178.55,55997.45,56074.5,38731107
1753695900000,56074.4,56113.35,56051.95,56053.3,12749867
1753760700000,55881.8,56148.95,55843.25,55962.7,53070550
1753767900000,55963.9,56102.95,55955.7,56084.55,31241254
1753775100000,56083.3,56296.4,56075.05,56205.5,57038752
1753782300000,56207.45,56279.3,56202.4,56230.15,12329050
1753847100000,56310.1,56320.35,56064.55,56210.1,45259159
1753854300000,56207.7,56321.15,56156.7,56190.55,28436511
1753861500000,56189.65,56264.9,56133.25,56140.85,62209034
1753868700000,56144.8,56160.9,56098.5,56114.6,11288927
1753933500000,55728.15,55959.4,55547.35,55809.35,74651151
1753940700000,55808.85,56362.6,55789.55,56306.55,44667315
1753947900000,56304.55,56406.2,55937.9,55967.65,59975040
1753955100000,55968.2,56005.55,55906.45,55992.65,14474477
1754019900000,55897.15,56097.6,55774.7,55896.95,33005192
1754027100000,55897.65,55906.85,55729.35,55809.45,20737632
1754034300000,55809.7,55923.05,55562.1,55591.55,35345471
1754041500000,55594.5,55658.9,55570.05,55636.15,15401415
1754279100000,55557.5,55752.45,55437.3,55578.65,66104754
1754286300000,55578.75,55721.2,55541.3,55631.3,20570988
1754293500000,55631,55689.85,55511.9,55613.65,40590389
1754300700000,55613.4,55656.95,55612.9,55643.95,10786841
1754365500000,55545.05,55648.15,55370.2,55456.85,57763293
1754372700000,55460.15,55520.3,55374.1,55394.35,19016906
1754379900000,55391.8,55403.8,55202.85,55398.9,29619044
1754387100000,55399.55,55410.45,55332.4,55392.5,11262626
1754451900000,55329.8,55507.2,55227.7,55270.45,36912293
1754459100000,55270.05,55463.25,55242.25,55444.1,47050318
1754466300000,55444.7,55559.4,55310.4,55397.25,31673130
1754473500000,55396.9,55470.8,55392.15,55422.25,8971466
1754538300000,55215.65,55364.7,55076.4,55111.45,40103462
1754545500000,55113.35,55202.75,55092.25,55115.8,20360191
1754552700000,55115.4,55551.8,54973.55,55513.4,33039515
1754559900000,55514.15,55614.8,55507.2,55591.35,8481083
1754624700000,55609.35,55652.6,55157.5,55210.85,34940432
1754631900000,55213.35,55272.25,55078.6,55137.95,24909599
1754639100000,55137.45,55200.3,54927.15,54985.55,34689917
1754646300000,54987.6,55023.9,54905.6,54925.45,9651890
1754883900000,54999.35,55319.7,54927.55,55233.75,43988260
1754891100000,55236.5,55321.95,55128.8,55226.05,23612733
1754898300000,55226.25,55553.4,55208.9,55518.95,32396683
1754905500000,55515.2,55582.15,55418.5,55423.55,9685270
1754970300000,55441.1,55566.7,55188.85,55201.8,25563970
1754977500000,55201.65,55408.75,55193.7,55320.55,18760672
1754984700000,55318.95,55320.6,55001.5,55043.05,27860652
1754991900000,55043.75,55085.75,55013.2,55039.35,8917070
1755056700000,55340.05,55340.05,55026.95,55118.35,30038255
1755063900000,55117.55,55234.1,55031.8,55172.1,19988105
1755071100000,55181.5,55271.9,55110.4,55172.8,28418961
1755078300000,55174.1,55207.3,55159.7,55189.05,8393216
1755143100000,55102.55,55472.8,55074.3,55300.55,27471834
1755150300000,55306.7,55442.8,55230.05,55395.65,21204487
1755157500000,55395.45,55429.45,55254.9,55340.75,25083924
1755164700000,55340.25,55355.9,55288.5,55318.05,9165163
1755488700000,55940.6,56156.3,55822.7,55909.85,45936934
1755495900000,55910,56011.8,55647.65,55818.5,32326153
1755503100000,55818.7,55845.6,55692.8,55727.4,24123968
1755510300000,55733.7,55765.85,55701.3,55745.55,8948168
1755575100000,55622.3,55812,55608.15,55789.25,27918204
1755582300000,55793.7,55965.55,55769.1,55911.8,23981966
1755589500000,55911.5,55939.7,55724.6,55856.4,34757924
1755596700000,55855.25,55888.5,55836.9,55849.8,8801719
1755661500000,55751.5,55812.6,55577.35,55676.3,25004707
1755668700000,55672.65,55739.1,55612.7,55706.55,21408107
1755675900000,55706.9,55785.6,55650.6,55696.2,21215615
1755683100000,55694,55728.95,55677.75,55702.1,6398115
1755747900000,55972.05,55993.65,55720.45,55903.5,24058878
1755755100000,55905.05,55928.1,55754.4,55815.35,20926656
1755762300000,55814.65,55894.65,55725.95,55741.7,24171883
1755769500000,55742.5,55756.7,55708.2,55733.9,7358599
1755834300000,55669.25,55745,55218.35,55293.75,29095911
1755841500000,55293.2,55370.9,55245.35,55316.15,21879011
1755848700000,55311.95,55360.2,55137.3,55163.85,26812874
1755855900000,55162.3,55170.3,55102.6,55152.45,9243035
1756093500000,55147.75,55306,55048.4,55111.9,27586028
1756100700000,55112.2,55248.65,55100.05,55240.85,24440043
1756107900000,55241.85,55260.2,55112.1,55121,27642125
1756115100000,55122.45,55192.35,55117,55161.75,8939551
1756179900000,54999.05,55068.9,54478.4,54608.55,28308330
1756187100000,54605.6,54717.45,54551.75,54616.1,19444186
1756194300000,54615.85,54643.5,54409.2,54421.05,54046357
1756201500000,54426.25,54478.8,54396.1,54416.45,21950623
1756352700000,54256,54382.25,53916.1,54245,49766696
1756359900000,54244.35,54336.8,53967.25,53990.15,21026013
1756367100000,54000.35,54047.65,53768.45,53827.45,49747253
1756374300000,53820.7,53956.8,53805.45,53894.25,13748265
1756439100000,53660.35,54086,53660.35,53986.15,37477204
1756446300000,53985.65,54039.55,53805.65,53808.45,20972136
1756453500000,53807.8,53871.85,53606.9,53609.25,31681035
1756460700000,53613.25,53748.35,53606.45,53692.85,13737921
1756698300000,53658.15,53988.25,53658.15,53829.15,32604742
1756705500000,53828.8,53919.05,53717,53917.5,15600759
1756712700000,53916.1,54017.7,53873.25,54002.95,21577923
1756719900000,54000.9,54035.85,53984.95,53993.4,8218119
1756784700000,54038.25,54160.95,53912.2,54104.55,23972315
1756791900000,54101.2,54103.25,53961.75,53985.6,17362488
1756799100000,53987.25,53998.1,53578,53670.2,29466905
1756806300000,53675.55,53691.1,53619.9,53627.25,6710537
1756871100000,53630.75,53866.75,53561.75,53706.5,30744298
1756878300000,53705,53814.65,53633.95,53679.85,23978293
1756885500000,53680.95,54136.15,53669.45,54096.1,32313312
1756892700000,54093.7,54100.8,54028,54071.75,13013260
1756957500000,54379.6,54450.55,54145.65,54198,33581105
1756964700000,54197.65,54273.95,54107.9,54221.7,27066092
1756971900000,54222.5,54272.95,53971.85,54041,47578560
1756979100000,54044.1,54111.25,54037.3,54101.1,11772913
1757043900000,54308.05,54308.05,53746.2,53884.4,30612954
1757051100000,53884.05,53920.25,53719.55,53811.55,19894420
1757058300000,53813.95,54172.45,53798.35,54093.75,23102964
1757065500000,54094.25,54127.7,54078.7,54098.2,6284910
1757303100000,54215.4,54329.2,54067.15,54207.7,27790172
1757310300000,54210.15,54382.8,54199.05,54366.5,16607245
1757317500000,54366.65,54518.7,54137.1,54184.85,25739812
1757324700000,54182.65,54257.85,54153.95,54222.3,6104515
1757389500000,54330.55,54350.65,54133.7,54176.35,25968707
1757396700000,54173,54217.45,54079.45,54154.9,28473158
1757403900000,54156.8,54291.95,54139.7,54225.7,29463639
1757411100000,54219.9,54241.4,54176.85,54228.2,9824953
1757475900000,54554.75,54705.2,54400,54627.15,49732028
1757483100000,54627.55,54635.4,54504.3,54506.6,26661522
1757490300000,54506.65,54607.9,54432.7,54552.9,30789441
1757497500000,54553.35,54565.5,54513.1,54532.65,9728743
1757562300000,54413.05,54649.85,54402.4,54618.6,38021664
1757569500000,54621.6,54733.9,54531.05,54699,16913676
1757576700000,54699.55,54757.45,54612.8,54651.3,33484135
1757583900000,54651,54693.35,54625.9,54644.6,8423817
1757648700000,54781.55,54847.7,54580.35,54731.85,25744560
1757655900000,54733.75,54852.25,54723.45,54820.5,19612319
1757663100000,54819.5,54833.5,54749.85,54812.6,27421956
1757670300000,54811.9,54826.1,54779.65,54784.55,7272266
1757907900000,54884.05,54955.8,54808.1,54912.25,22487795
1757915100000,54908.35,55018.7,54890.05,54953.75,15933315
1757922300000,54955.25,54991.15,54807.5,54889.85,26131397
1757929500000,54888.9,54898.05,54840.4,54852.7,7432397
1757994300000,54778.4,55120.95,54777.75,55094.05,34661228
1758001500000,55095.9,55175.15,55057.65,55091.15,22300035
1758008700000,55090.6,55178,55026.35,55141.25,30568016
1758015900000,55144.5,55185.45,55121.5,55166.8,11083366
1758080700000,55158.35,55397.05,55146.55,55369.2,54087881
1758087900000,55365.25,55433.5,55307.25,55410.45,27464957
1758095100000,55410.3,55540.75,55376.7,55497.25,60651299
1758102300000,55494.4,55501.35,55444.65,55480.85,13091802
1758167100000,55797.1,55835.25,55611.55,55775.9,59605774
1758174300000,55783.6,55810.85,55490.9,55570.85,30002535
1758181500000,55569.45,55757.15,55524.35,55732.6,35242637
1758188700000,55732.65,55764.7,55700.65,55716.5,9440421
1758253500000,55647.95,55688.75,55412,55434.5,66110630
1758260700000,55433.5,55482.45,55355.3,55471.45,32999601
1758267900000,55474.25,55536.1,55413.8,55465.6,59598582
1758275100000,55466.1,55507.3,55437.65,55494.1,31235395
1758512700000,55429.3,55666.35,55315.55,55550.25,44536937
1758519900000,55550.85,55619.5,55472.7,55586.25,25482918
1758527100000,55587.9,55588.25,55215.6,55273.65,38404469
1758534300000,55273.45,55320.1,55260.3,55280.7,10179279
1758599100000,55248.7,55367.6,55159,55214.2,42853296
1758606300000,55214.85,55581.3,55181.55,55522.85,39638164
1758613500000,55522.75,55662,55474.3,55512.5,73572012
1758620700000,55512.2,55561.35,55496.65,55555.65,15070248
1758685500000,55387.1,55511.1,55051.85,55121.15,78951827
1758692700000,55121.65,55241.5,55081.35,55235.55,31510792
1758699900000,55234.4,55283.75,55040.45,55144.35,45300082
1758707100000,55146.35,55157,55111.95,55131.4,13521272
1758771900000,55061.65,55252.8,54993.55,55136.4,48596249
1758779100000,55136.95,55276.65,55020.2,55216.9,32580543
1758786300000,55221,55256.2,54928.7,54944.9,60369358
1758793500000,54946.65,54977,54903.3,54950.95,16825738
1758858300000,54797.9,54897,54538.45,54562.6,51163604
1758865500000,54566.45,54630.05,54499.95,54564.75,24818533
1758872700000,54565.95,54578.45,54310.95,54394.55,41957783
1758879900000,54393.35,54422.2,54371.2,54417.35,9710085
1759117500000,54460.4,54686.05,54366.2,54517,40574098
1759124700000,54514,54519.45,54226.6,54497.4,32300074
1759131900000,54500.35,54672.05,54383.95,54471.75,93437719
1759139100000,54473.95,54586.45,54445.25,54541.35,50289549
1759203900000,54705.5,54793.05,54502.95,54645.25,68438052
1759211100000,54645.5,54771.15,54562.55,54732.25,46216463
1759218300000,54732.2,54761.15,54538.5,54665.45,69721026
1759225500000,54661.85,54686.4,54625.8,54679.75,22441942
1759290300000,54653.9,55080.55,54582.55,55079.1,63314216
1759297500000,55078.1,55394.35,55077.6,55267.05,41019453
1759304700000,55266.5,55406.75,55226.4,55312.2,56682382
1759311900000,55313.05,55390.45,55307.05,55386.65,11901747
1759463100000,55182.6,55536.25,55177,55460.9,49638362
1759470300000,55463.4,55579.85,55413,55559.5,46999638
1759477500000,55555,55616.45,55463.1,55582.8,41280716
1759484700000,55586.4,55608.4,55543.25,55596.95,18713737
1759722300000,55834.7,56052.7,55727.25,56041.8,69632397
1759729500000,56041.45,56164.2,55953.1,56147.3,38204738
1759736700000,56144.35,56159.05,55980.9,56113.15,42617449
1759743900000,56110.45,56113.85,56052.2,56087.6,10815383
1759808700000,56126.4,56384.25,56025.05,56308.3,57022893
1759815900000,56311.35,56444.45,56171.15,56417.55,34505246
1759823100000,56415.85,56502.45,56197.55,56214.35,46980667
1759830300000,56212.4,56248.35,56159.85,56215.6,14484923
1759895100000,56098.5,56303.6,55855.8,55857.55,56586454
1759902300000,55859.2,56144.8,55821,56110.15,24112918
1759909500000,56109,56225.8,55988.75,55990.5,40659688
1759916700000,55989.5,56025.4,55927,55938.35,11135422
1759981500000,55979,56175.1,55843.9,56159.55,36656861
1759988700000,56157.85,56286.25,56035.85,56086.3,29542760
1759995900000,56088.65,56276.5,56079.55,56170.55,39701595
1760003100000,56174.15,56210.1,56121,56124.35,10994963
1760067900000,56168.6,56661.35,56152.45,56641.9,66391458
1760075100000,56641,56736.65,56567.6,56670.5,32829014
1760082300000,56672.05,56760.25,56560.25,56603.25,49966978
1760089500000,56606.55,56649.75,56588,56620.95,13053630
1760327100000,56337.05,56683.3,56327.4,56614.15,48535477
1760334300000,56611.35,56675.05,56538.55,56646.35,26133719
1760341500000,56643.7,56770.9,56537.15,56609.15,38075022
1760348700000,56612,56649.85,56605.25,56633.1,9502401
1760413500000,56598.65,56721.3,56405.1,56428.6,51707740
1760420700000,56426.2,56426.8,56230.15,56280.05,26482823
1760427900000,56280.3,56552.15,56255.7,56502.45,40692410
1760435100000,56503.6,56527,56429.35,56478.55,9680774
1760499900000,56528.95,56845.75,56491.85,56758.75,36321501
1760507100000,56759,56880.3,56695.35,56828.35,30840101
1760514300000,56828.45,56922.7,56703.1,56812.2,41817074
1760521500000,56815.45,56850.5,56793.7,56818.5,13469055
1760586300000,57139.95,57225.35,56994.7,57116.2,61623381
1760593500000,57115.85,57314.1,57078.7,57311,27499997
1760600700000,57310.15,57525.8,57275.35,57405.45,46823057
1760607900000,57401.05,57448.45,57372.3,57373.25,11458841
1760672700000,57362.9,57828.3,57238.65,57809.35,47599678
1760679900000,57807.75,57830.2,57465.3,57534.1,40718854
1760687100000,57534.2,57763.75,57396.8,57698.6,43327050
1760694300000,57699.25,57751.3,57678.55,57724,14421036
1760931900000,57872.85,58242.5,57872.85,58199.05,149816183
1760939100000,58199.8,58232.35,58118.5,58221.85,75182994
1760946300000,58219.85,58261.55,57948.85,58045.65,92376513
1760953500000,58048.85,58075.6,58017.25,58051,19962746
1761032700000,58063.4,58155.55,57887.2,57908.5,38071719
1761191100000,58314.55,58555.15,58157.6,58513,119102434
1761198300000,58512.6,58577.5,58378.15,58461.35,79068781
1761205500000,58454.2,58529.05,58020.15,58030.8,73394237
1761212700000,58032.15,58091.8,57951.45,57981.1,16231126
1761277500000,58172.75,58232.9,57777.05,57855.05,56217743
1761284700000,57853.65,57915.15,57669.35,57737.95,29716631
1761291900000,57733.9,57752.25,57482.05,57709,36142050
1761299100000,57707.55,57750.45,57691,57741.5,9249155
1761536700000,57796.45,58173.55,57652.75,58130.55,55602324
1761543900000,58125.65,58195.95,58035.6,58077.4,34011433
1761551100000,58080.85,58123.35,57951.2,58053.9,41381618
1761558300000,58051.6,58224.55,58046,58198.6,21179007
1761623100000,58006.55,58313.8,57770.35,57818.1,79348423
1761630300000,57817.55,58186.85,57797.25,58141.2,69681628
1761637500000,58138.2,58253.6,57937.85,58244.35,85013301
1761644700000,58242.6,58305,58216.4,58271.55,20197447
1761709500000,58316.25,58372.55,58087.05,58160.85,60330234
1761716700000,58158.6,58368.35,58156.1,58363.35,36649305
1761723900000,58361.95,58469.9,58321.9,58367,40590635
1761731100000,58370.85,58419.65,58367.3,58399.05,12150117
1761795900000,58152.05,58331.2,58075.55,58243.65,47117219
1761803100000,58242.45,58263.85,58121.85,58242.6,87985575
1761810300000,58240.55,58282.55,57999.2,58024.55,70800271
1761817500000,58026.65,58067.1,58007.85,58067.1,15791032
1761882300000,57942.45,58254.95,57656.95,57758.3,101514845
1761889500000,57759.35,58046.2,57726.4,57937,101237346
1761896700000,57933.35,57961.5,57751.3,57765.45,81371993
1761903900000,57764,57808.35,57743.15,57778.75,22478121
1762141500000,57726.85,58125.95,57718.4,58075.65,100652493
1762148700000,58075.5,58155.1,57939.6,58142.9,42471087
1762155900000,58142.1,58247.55,58054.35,58104.7,46571772
1762163100000,58102.8,58147.25,58092.5,58116.25,13543028
1762227900000,57966.65,58119.65,57852,57946.3,48508042
1762235100000,57950.35,57972.85,57803.1,57846.4,44612032
1762242300000,57841.05,57983.7,57801.6,57843.65,59822742
1762249500000,57839.55,57851.9,57732.95,57778.95,14627003
1762400700000,57714.8,57945.05,57598.8,57628.3,70971183
1762407900000,57628.7,57762.55,57521.95,57687.65,37812997
1762415100000,57684.25,57743.3,57527.95,57545.45,43267434
1762422300000,57544.9,57594.5,57521,57573.95,15414684
1762487100000,57391.4,57572.9,57157.85,57560.95,52781532
1762494300000,57564.2,57931.45,57553.55,57873.4,36366864
1762501500000,57874.85,58001.35,57768.2,57869.2,40996254
1762508700000,57871.4,57940.95,57871.4,57903.45,11707854
1762746300000,57846.2,58065,57846.2,58014.9,41597522
1762753500000,58020.7,58085.8,57981.9,58016.8,23057906
1762760700000,58019.6,58097.2,57924.05,57938.75,44101300
1762767900000,57938.15,57966.75,57877.45,57893,11408861
1762832700000,57962.3,58082.45,57594.25,57733.95,38769113
1762839900000,57731.2,57964.2,57691.8,57954.25,22620705
1762847100000,57959.35,58167.4,57956.7,58142.9,45052355
1762854300000,58143.65,58187.35,58121.65,58148.05,12491660
1762919100000,58505.35,58507.7,58223,58333,51339124
1762926300000,58330.75,58471.5,58293.15,58428.3,30412151
1762933500000,58429.15,58471.6,58286.55,58297.3,51131374
1762940700000,58297.3,58298.9,58171.85,58211.45,15543518
1763005500000,58158.75,58609.2,58127.1,58552.15,43844508
1763012700000,58553.55,58615.95,58477.85,58569.9,31402622
1763019900000,58574.75,58605.6,58336,58371.2,35176805
1763027100000,58369.65,58439.85,58360.5,58387.5,9524724
1763091900000,58050,58467.9,58050,58368.25,34388255
1763099100000,58373.65,58402.65,58232.65,58272.15,27849848
1763106300000,58270.6,58578.5,58152.95,58552.95,36303393
1763113500000,58552.9,58590.15,58493.3,58535.9,14988999
1763351100000,58696.3,58979.85,58605.3,58929.1,75257241
1763358300000,58929.2,58996.2,58836.15,58961.6,28236742
1763365500000,58962.3,59000.5,58899.55,58957.35,38690421
1763372700000,58957.35,59001.55,58948.95,58969.2,14408656
1763437500000,58990.5,59026.85,58850.7,59001.8,52496586
1763444700000,58995.5,59049.1,58947.3,58990.3,31952301
1763451900000,58988,59103.65,58877.1,58880.4,45911566
1763459100000,58880.4,58912.25,58798.9,58835.85,14107205
1763523900000,58908.15,58952.75,58688.55,58783.9,44830765
1763531100000,58783.95,59082.1,58767.05,59060.05,30322561
1763538300000,59059,59264.25,58930.8,59225.65,60222791
1763545500000,59228.15,59232.6,59173.65,59207.95,13541259
1763610300000,59308.2,59326.65,59125.25,59206.9,46315225
1763617500000,59208.2,59380.1,59186.6,59322.45,23048116
1763624700000,59325,59440.1,59313.8,59350.9,38803192
1763631900000,59352.1,59376.05,59310.8,59343.9,10412633
1763696700000,59116.7,59232.15,58833.15,58944.45,47322885
1763703900000,58945,59149.95,58898.9,59050.45,30394177
1763711100000,59056.35,59126.5,58861.5,58887.25,34660207
1763718300000,58884.15,58912.35,58823.65,58851.85,8206860
1763955900000,58996.9,59239.7,58891.8,59186.85,38389257
1763963100000,59186.5,59309.9,59141.9,59247.45,29392498
1763970300000,59252.7,59279.25,58829.45,58836.65,75239792
1763977500000,58836.65,58857.8,58649.5,58731.05,46505358
1764042300000,58925.65,59063.5,58746.2,58814.55,33771203
1764049500000,58815.15,59008.35,58810.7,58931.9,30492599
1764056700000,58933.6,59166.15,58747.25,58825.35,57888864
1764063900000,58825.45,58851.6,58790.35,58810.8,14259566
1764128700000,58783.05,59515.3,58783.05,59442.4,55698719
1764135900000,59442.55,59524.05,59373.65,59506.6,30005762
1764143100000,59506.5,59552.95,59432.1,59538,42119801
1764150300000,59538.75,59554.95,59508.35,59527.15,10642109
1764215100000,59605.3,59866.6,59549.45,59850.1,47767270
1764222300000,59852.6,59861.15,59649.3,59656.3,28808847
1764229500000,59658.7,59768.15,59523,59722.35,47815004
1764236700000,59726.45,59782.2,59701.7,59764.15,12826516
1764301500000,59758.7,59871.5,59598.95,59860.8,36125922
1764308700000,59863.3,59897.5,59752.6,59774.35,23866770
1764315900000,59775.15,59826.9,59712.15,59739.6,27556213
1764323100000,59741.7,59776.95,59722.8,59730.3,12150183
1764560700000,60102.05,60114.3,59888.35,60012.8,42271634
1764567900000,60010,60020.75,59633.05,59773.8,33884857
1764575100000,59773.45,59815.95,59527.6,59715,34676995
1764582300000,59714,59715.4,59632.4,59697.15,10046575
1764647100000,59354.2,59656.55,59304.25,59565.45,92173002
1764654300000,59567.3,59604.75,59469.2,59490.3,35785477
1764661500000,59491.55,59500.45,59251.95,59294.15,58762411
1764668700000,59294.65,59347.1,59256.2,59347.1,17944131
1764733500000,59158.7,59356.75,58931.05,58977.4,64074285
1764740700000,58977.75,59190,58925.7,59083.45,34818867
1764747900000,59082.45,59414.9,59007.55,59378.45,49310982
1764755100000,59379.1,59398.25,59333.15,59333.15,17134031
1764819900000,59287.1,59548.7,59180.35,59408.8,37715528
1764827100000,59410.35,59412.1,59133.4,59180.1,24618841
1764834300000,59179.4,59314.5,59062.15,59283.45,37019806
1764841500000,59280.2,59335.55,59251.75,59272.7,9232352
1764906300000,59133.2,59679.35,59106.55,59601.55,55819175
1764913500000,59604,59762.75,59505,59723.15,21962930
1764920700000,59727.7,59799.15,59599.55,59778.95,31086292
1764927900000,59778.45,59806.6,59711.3,59735.8,9026657
1765165500000,59672.05,59713.15,59395.5,59436.85,32376549
1765172700000,59435.65,59445.3,59231.5,59342.25,33466643
1765179900000,59342.35,59344.85,59030.6,59249.55,51490545
1765187100000,59248.7,59258.35,59110.8,59147.3,13096981
1765251900000,58918.85,59265.2,58878.45,59246.55,44050820
1765259100000,59246.5,59317.65,59102.55,59227.4,30341989
1765266300000,59231.85,59358.25,59170.6,59217.35,47521198
1765273500000,59219.05,59230.95,59187,59212.1,14834809
1765338300000,59281.55,59440.9,59146,59212.9,35448071
1765345500000,59214.55,59226.1,58893.35,58964.8,21865592
1765352700000,58963.9,59091.9,58853.9,58963.7,36431934
1765359900000,58964.95,58979.5,58910.3,58938.3,10130211
1765424700000,58966.2,59247.35,58799.9,59143.25,38205317
1765431900000,59140.05,59423.35,59130.8,59181.8,24027254
1765439100000,59177.8,59326.05,59135.65,59201.1,25979795
1765446300000,59200.9,59225.3,59177.5,59204.6,7313416
1765511100000,59401.5,59545.7,59224.85,59285.4,37035274
1765518300000,59291.45,59443.9,59282.6,59378.7,23829802
1765525500000,59378.4,59439.95,59310.6,59408.1,35915211
1765532700000,59405.45,59426.15,59367.15,59396.8,10275832
1765770300000,59053.7,59357.3,59052.3,59257.55,34032596
1765777500000,59259.6,59533,59223.8,59527.1,42408904
1765784700000,59527.75,59528.9,59405.9,59469.9,34497870
1765791900000,59469.9,59473.1,59414.55,59444.7,11984616
1765856700000,59288.75,59335.25,59041.1,59084.35,37182905
1765863900000,59081.8,59138.25,58983.05,59053.6,30399036
1765871100000,59053.5,59169,58991.65,59018.8,42223484
1765878300000,59018.8,59030.5,58966.35,59010.6,12649134
1765943100000,59072.8,59127.2,58864.4,58970.85,49099828
1765950300000,58969.8,59020.5,58840.1,58847.85,31754927
1765957500000,58847,58954.3,58801.4,58921.05,38824259
1765964700000,58923.75,58988.85,58892.95,58961.5,11847977
1766029500000,58712.7,59174.95,58712.7,59096.75,32404206
1766036700000,59099.55,59211,59049.25,59112.2,26811255
1766043900000,59114.75,59126.4,58882.15,58933.9,29788320
1766051100000,58932.95,58938.7,58877.55,58905.25,7288460
1766115900000,59047.4,59134.75,58947,59009.6,37082336
1766123100000,59009.5,59042.35,58897.5,58952.15,35805801
1766130300000,58949.75,59140.55,58935.85,59080,70004298
1766137500000,59080.8,59083,59026.7,59046.8,35308294
1766375100000,59224.75,59371.2,59155.5,59239.45,42526404
1766382300000,59238.2,59312.9,59183.6,59265.6,27503044
1766389500000,59273.8,59339.45,59245.45,59313.5,28088017
1766396700000,59314.05,59316.05,59274.25,59284.1,15558594
1766461500000,59334.35,59402.35,59216.75,59319.9,30002430
1766468700000,59321.9,59338.25,59230.4,59303.15,20220497
1766475900000,59303.45,59370.15,59255.2,59328.7,32555646
1766483100000,59328.7,59331.25,59255.4,59276.55,8270479
1766547900000,59322.95,59478.15,59251.65,59398.55,28249375
1766555100000,59396.9,59411.95,59239.5,59251.45,16773119
1766562300000,59252.75,59255.55,59158.55,59201.75,28905990
1766569500000,59201.75,59211,59118.25,59135.4,8117539
1766720700000,59092.85,59180.65,59070.8,59078.75,25704786
1766727900000,59078.7,59086.3,58976.35,59034.15,20710533
1766735100000,59033.25,59065.05,58947.05,59011.55,20302011
1766742300000,59011.55,59033,58970.45,58994.45,5927093
1766979900000,59007.05,59140.4,58856.3,58869.6,34533076
1766987100000,58871.05,58893.8,58810.35,58855.5,20833587
1766994300000,58858.1,58997.1,58809.55,58928.5,39505067
1767001500000,58923.5,58963.4,58916.75,58953.95,11464559
1767066300000,58885.95,59076.1,58737.6,58924.4,40391329
1767073500000,58925.15,58993.6,58860.55,58922.9,38118057
1767080700000,58923.95,59251.45,58914.75,59196,140729008
1767087900000,59198.1,59272.7,59156.4,59253.95,76027397
1767152700000,59194.6,59496.65,59187.1,59453.2,43926313
1767159900000,59450.85,59742.35,59400.35,59705.5,28267467
1767167100000,59705.55,59766.2,59541.85,59584.55,37416756
1767174300000,59587,59637.2,59557.8,59619.35,12405932
1767239100000,59674.8,59743.2,59569.65,59714.85,25257581
1767246300000,59714.9,59738.3,59600.9,59680.4,16927345
1767253500000,59680.8,59735.8,59628.35,59691.1,22281645
1767260700000,59686.6,59721.75,59670.2,59707.55,7183363
1767325500000,59757.4,60062.75,59738.25,60015.05,44353262
1767332700000,60011.05,60152.35,59994.85,60106.25,30689838
1767339900000,60106.3,60150.6,59978.15,60110.85,32986342
1767347100000,60107.35,60203.75,60102.35,60174.75,15490879
1767584700000,60360.4,60437.35,60122.35,60314.55,55431819
1767591900000,60314.65,60319.75,60127.15,60131.95,25877603
1767599100000,60127.6,60151.6,59859.8,60051.25,38919924
1767606300000,60052.55,60056.05,59988.45,60055.5,13561967
1767671100000,59957.8,60305,59834.3,60226.7,57417570
1767678300000,60225.3,60260.6,60090.4,60197.15,31641571
1767685500000,60193.7,60198.05,60006.15,60136.8,43508854
1767692700000,60134.9,60141.35,60095.8,60095.8,11720181
1767757500000,60039.7,60052.85,59861.35,59987.05,55167445
1767764700000,59989.3,60065.4,59841.05,59895.05,56101126
1767771900000,59894.85,60026,59760.65,60017.5,51449996
1767779100000,60017.9,60026,59959.8,59976.85,14331444
1767843900000,59893.15,60112.85,59749.5,59786.3,63704289
1767851100000,59785.85,59805.15,59564.8,59716.75,40406200
1767858300000,59713.65,59827.6,59635.45,59688.3,43595505
1767865500000,59688.35,59691.6,59621.9,59676.7,13726030
1767930300000,59558.15,59739.65,59409.05,59428.5,65136484
1767937500000,59427.1,59486.25,59229,59273.95,32068755
1767944700000,59272.8,59329.1,59154.2,59268.45,39167872
1767951900000,59270.6,59273.15,59215.45,59269.35,9703305
1768189500000,59217.25,59322.15,58982.75,59013.45,40690225
1768196700000,59014.65,59540.95,58864.2,59498.35,55227568
1768203900000,59494.3,59521.6,59303.75,59424.05,31578074
1768211100000,59424.05,59541.1,59422.9,59534.05,8884014
1768275900000,59767.55,59767.55,59463.75,59663.1,43576170
1768283100000,59663.25,59728.65,59324.55,59403.4,32680758
1768290300000,59404.6,59652.8,59312.05,59575.9,52523759
1768297500000,59574.4,59607.75,59535.7,59542.35,12662453
1768362300000,59330.35,59667.3,59324.2,59575,56548652
1768369500000,59577.1,59752.25,59549.05,59730.75,41670836
1768376700000,59732.9,59796.65,59457,59564.7,68069645
1768383900000,59580.6,59586.25,59546.3,59575.8,15221146
1768535100000,59590.35,60160.85,59510.5,60022.9,89133872
1768542300000,60021.15,60118.7,59899.1,59980.5,72903310
1768549500000,59981,60120.5,59916.75,60074.7,80876104
1768556700000,60075.7,60235.15,60058.5,60110.5,23595707
1768794300000,60093.3,60107.5,59594.6,59726.75,89088914
1768801500000,59727.1,59903.45,59681.15,59857.65,48759186
1768808700000,59852.7,59989.25,59774.1,59910.5,116630645
1768815900000,59910.8,59919.4,59798.45,59829.9,14778583
1768880700000,59851.4,59993.5,59621.95,59697.9,78945793
1768887900000,59696.6,59840.1,59623.1,59674.95,45315303
1768895100000,59674.8,59721.25,59382.6,59388.45,69011154
1768902300000,59388.45,59452,59283.95,59372.3,21774599
1768967100000,59142,59447.35,58278.6,58627.1,76518250
1768974300000,58629.4,59270.2,58514.45,59019.9,41857524
1768981500000,59027.3,59065.9,58732.3,58778.45,47431447
1768988700000,58778.45,58821,58728.1,58741.2,13953574
1769053500000,59194.25,59573.1,58862.45,58904.15,66545513
1769060700000,58900.2,59151.55,58823.05,58957.2,44887912
1769067900000,58956.4,59238.05,58927.25,59215,63709869
1769075100000,59211.95,59310.35,59207.55,59257.55,13922579
1769139900000,59305.15,59400.15,59027.1,59209.2,51774204
1769147100000,59207.9,59215.35,58895.5,58986.7,44177905
1769154300000,58987.35,58993.95,58445.9,58517.05,58996147
1769161500000,58517.05,58554.1,58346.25,58501.1,22543241
1769485500000,58366.05,58780.05,58121.6,58561.35,88289459
1769492700000,58562.05,58859.2,58534.65,58723.95,46312861
1769499900000,58719.6,59220.3,58620.75,59153.45,93208147
1769507100000,59150.8,59436.8,59148.25,59348.25,28641475
1769571900000,59575.65,59659.15,59390.3,59568.85,74149652
1769579100000,59570.25,59699.9,59438.4,59512.7,34723221
1769586300000,59514.5,59624.25,59240.1,59574.35,50299336
1769593500000,59571.7,59619.75,59551.7,59574.8,17036869
1769658300000,59416.25,59717.55,59339,59697.65,72838944
1769665500000,59696.4,59921.1,59611.4,59864.4,63506660
1769672700000,59870.05,60060.7,59778.55,59909.05,130772741
1769679900000,59903.9,60017.2,59883.45,59980.4,44213836
1769744700000,59542.25,59906.9,59535.4,59752.75,62700404
1769751900000,59754.4,59864.5,59602.7,59604.25,49901468
1769759100000,59603.2,59804.6,59501.8,59614.05,74399138
1769766300000,59612.4,59687.9,59557.65,59577.6,31593481
1769917500000,59607.65,59838.1,59390.5,59727.35,29261578
1769924700000,59721.6,59865.7,57783.2,58958.6,54854541
1769931900000,58960.55,59053.8,58465.75,58482.4,35384291
1769939100000,58482.4,58485.7,58248.75,58353.75,13416311
1770003900000,58239.3,58519.95,57829.85,57974.45,71402347
1770011100000,57971.9,58343.25,57848.5,58207.65,54975141
1770018300000,58206.4,58635.9,58004.5,58604.6,48382280
1770025500000,58604.6,58687.05,58552.7,58602.5,15430267
1770090300000,61411.2,61764.85,59793.2,60131.45,131695819
1770097500000,60129.9,60264.15,60049.65,60136.55,37913515
1770104700000,60134.15,60191.85,59973.95,60035.2,69233611
1770111900000,60031.8,60107.95,59972.4,59986.7,20392324
1770176700000,60163.35,60327.1,59891.75,60200.7,46657015
1770183900000,60201.4,60254.4,60102,60196.3,29422723
1770191100000,60197.2,60389.4,60176.95,60269.9,48547055
1770198300000,60271.35,60288.5,60135.3,60148.1,15420588
1770263100000,60315.35,60328.3,59990.8,60072.95,49857396
1770270300000,60070.05,60107.75,59963.35,60005.4,21882249
1770277500000,60005.8,60121.55,59881.05,60082.45,51667248
1770284700000,60083.55,60087.15,60007,60055.25,15682386
1770349500000,59967.1,60119.95,59644.55,59818.9,46094016
1770356700000,59817.85,60011.7,59717.9,59795.95,32312606
1770363900000,59796.65,60143.3,59768.25,60132.4,39095699
1770371100000,60132.4,60149.9,60078.5,60112.8,12445241
1770608700000,60805.2,60876.2,60495.7,60654,75031384
1770615900000,60654.65,60677.8,60516.2,60587.85,37993880
1770623100000,60588.75,60685.2,60543.9,60665.75,51736413
1770630300000,60665.85,60700.35,60638.25,60666.8,14809812
1770695100000,60740.8,60787.95,60597.95,60753.15,43452998
1770702300000,60752.35,60797.55,60701.7,60771.5,36184367
1770709500000,60769.75,60781.9,60531.55,60634.4,56780254
1770716700000,60633.3,60655.15,60550.85,60568.25,13884172
1770781500000,60670.25,60727.1,60444.65,60671.1,59356856
1770788700000,60673.75,60751,60613.8,60660.75,43755487
1770795900000,60663.35,60779.95,60655.35,60773.65,54297736
1770803100000,60773.65,60777.3,60717.4,60743.95,13456526
1770867900000,60786.15,60864.4,60678.75,60819.15,63853147
1770875100000,60816.7,60827.5,60685.9,60782.45,37851309
1770882300000,60784.65,60844.8,60597.65,60750.6,56406092
1770889500000,60749.55,60761.95,60696.35,60707.8,14383844
1770954300000,60504.4,60621.9,60271.85,60314.6,51141968
1770961500000,60315,60409.4,60253.35,60352.05,35989828
1770968700000,60351.15,60360.5,60233.75,60247.85,55937032
1770975900000,60247.85,60263.25,60073.55,60169.7,24816053
1771213500000,59947.8,60475.5,59861.1,60431.35,35125138
1771220700000,60429.4,60751.1,60374,60703.5,30594664
1771227900000,60705.4,60990.75,60668.4,60931.5,36046009
1771235100000,60933.95,61011.3,60913.65,60993.85,10854566
1771299900000,60821.15,61177.2,60560,61029.9,61715007
1771307100000,61029.55,61196.35,61000.85,61151.45,50417161
1771314300000,61151.85,61241.6,61034.75,61158.15,55515902
1771321500000,61158.1,61200.35,61133.05,61144.15,13806011
1771386300000,61255.35,61309.3,61100.9,61229.3,55752356
1771393500000,61230.6,61356.8,61174.65,61342.5,25897175
1771400700000,61343.45,61596.85,61246.3,61554.3,49258274
1771407900000,61554.3,61571.85,61520.4,61520.4,20054840
1771472700000,61660.85,61678.8,61255.25,61322.15,41252335
1771479900000,61321.6,61341.1,60959.6,61098.65,28145154
1771487100000,61096.65,61116.5,60710.6,60723.65,49951231
1771494300000,60723.65,60741.15,60592.9,60660.75,14103175
1771559100000,60627.85,61214.5,60562.35,61106.85,48110728
1771566300000,61116.35,61360.5,60961.25,61030.3,44284363
1771573500000,61029.55,61320.65,60987.3,61176.35,47527669
1771580700000,61176.15,61204.45,61096.15,61140.35,18231317
1771818300000,61145.55,61517.8,61067.7,61284.1,549435446
1771825500000,61278.25,61287.5,61052.85,61075.9,102699630
1771832700000,61080.2,61291.35,61029.15,61269.25,86529546
1771839900000,61269.25,61305.85,61242.5,61275,25888900
1771904700000,61392.1,61392.1,61109.15,61286.45,141533289
1771911900000,61288.65,61435.65,60925.05,61047.05,86919114
1771919100000,61047.15,61156.65,60801.85,61024.45,220736037
1771926300000,61025.5,61117.65,61018.45,61072.45,33745502
1771991100000,61175.05,61317.55,61083.55,61130.9,91053324
1771998300000,61129.8,61160.1,60834.15,60891.45,47663531
1772005500000,60894.7,61103.75,60816.75,61039.4,69371680
1772012700000,61036.4,61067.6,60997.1,61012.35,24517551
1772077500000,61193.9,61249.7,61027.15,61088.75,102022522
1772084700000,61088.95,61146.6,60813.3,60888.8,76054805
1772091900000,60889.5,61284.75,60862.75,61187.3,128586380
1772099100000,61190.05,61219.95,61064.3,61097,50321396
1772163900000,61057.45,61086.45,60664.45,60773,57050389
1772171100000,60776.7,60818,60633.6,60715.65,43144405
1772178300000,60715.5,60864.7,60439,60526.1,93998919
1772185500000,60526,60558.6,60438.95,60482.45,51044304
1772423100000,59204.3,60177.5,59148,59836.25,81454254
1772430300000,59839.85,59887,59594.95,59625.85,45603504
1772437500000,59628.2,59909.7,59345.3,59906.85,74841239
1772444700000,59906.85,59956.7,59838.7,59856.05,19391490
1772595900000,58447.15,58996.95,58393.55,58633.4,93649331
1772603100000,58631.9,58754,58468.25,58739.4,42701383
1772610300000,58737.35,59058.4,58609,58723.95,69493677
1772617500000,58723.45,58777,58657.6,58759.65,17010054
1772682300000,59008.25,59141,58809.7,59093.05,53855038
1772689500000,59087.85,59120.15,58686.3,58850.95,34693648
1772696700000,58854.25,59274.35,58506.4,58926.55,79371623
1772703900000,58926.55,59040.25,58885.1,58970.25,16008033
1772768700000,58629.6,58807.15,58332.7,58368.75,60602549
1772775900000,58369.15,58456.1,58235.35,58264.85,39061308
1772783100000,58262.95,58346.75,57727.8,57747.55,57444245
1772790300000,57751.25,57798.8,57696.4,57782.4,23269464
1773027900000,56121.4,56274.15,55270.6,55605.45,115269993
1773035100000,55607,55952.75,55542.7,55690.65,50498682
1773042300000,55689.2,56094,55596.15,56082.5,62955843
1773049500000,56084.5,56097.5,55987.95,55998.6,13994838
1773114300000,56583.85,56941.5,56387.2,56870.05,101931593
1773121500000,56872.6,56990.9,56658.65,56824.35,55904649
1773128700000,56828.5,57097.05,56745.95,56925.55,64673424
1773135900000,56923.2,57071.35,56921.9,57002.1,21368000
1773200700000,56790.4,56938.4,56306.9,56335.65,54817829
1773207900000,56337.4,56337.55,55943.5,55952.25,41059341
1773215100000,55958.3,56125.05,55712.15,55741.8,55736489
1773222300000,55747.85,55797.7,55631.95,55666.4,25206845
1773287100000,55008.2,55372.65,54760.55,55267.7,75442984
1773294300000,55267,55335.15,55047.5,55196.25,37648541
1773301500000,55204.45,55636.95,54997,55064.75,74932781
1773308700000,55067.9,55151.95,55062.15,55133.6,19159467
1773373500000,54592.05,54713.75,53962.35,54057.35,75535489
1773380700000,54053.1,54270.2,53765.85,53820.8,48171110
1773387900000,53826.15,54107,53675.7,53781.3,77286685
1773395100000,53780.2,53788.15,53684.05,53770.9,18533317
1773632700000,53721.5,54170.5,53258.15,53593.55,77814657
1773639900000,53595,53923.65,53518.55,53579.6,46936991
1773647100000,53578.1,54664.15,53563.3,54492.55,107322324
1773654300000,54493.55,54496.1,54228.85,54287.75,17402969
1773719100000,54649.1,54695.4,54113.15,54368.8,57225612
1773726300000,54369.7,54594.65,54182.8,54592.6,37891596
1773733500000,54596.75,54996,54518.75,54961.65,67426026
1773740700000,54958.9,54960.1,54816,54838.75,16445369
1773805500000,54927.05,55109.3,54689.1,55040.1,54128189
1773812700000,55041,55332.55,54985.75,55233.95,35280160
1773819900000,55232.4,55554.15,55219.95,55342.8,44090767
1773827100000,55342.8,55348.05,55229.75,55324.5,12231532
1773891900000,53474.55,54110.55,53437.25,53760.6,152026121
1773899100000,53761.5,54150.3,53675.85,53933.15,50765890
1773906300000,53932.2,53985.85,53240.6,53382.25,84411342
1773913500000,53380.95,53699.85,53366.2,53693,17786822
1773978300000,53548.2,54382.45,53548.2,54092.4,98044558
1773985500000,54092.3,54249.3,53509.2,53850.15,53560233
1773992700000,53847.05,53966.15,53356.4,53383.85,88537268
1773999900000,53385.35,53457.65,53297.55,53453.85,35871596
1774237500000,52576.1,52665.3,51568.4,51746.5,86305528
1774244700000,51748.75,51817.8,51556.45,51607.4,39791923
1774251900000,51608,52041.35,51401.2,51410.75,96971370
1774259100000,51407.05,51491.4,51323.6,51446.15,24014417
1774323900000,52384.8,52495.7,51827.5,51976.35,68097949
1774331100000,51983.7,52859.55,51924.65,52768.75,61675540
1774338300000,52765.2,52949.15,52530.75,52548,78679810
1774345500000,52549.7,52753.1,52493.15,52745.65,21596196
1774410300000,53024.75,53990.15,53024.75,53987.2,78665104
1774417500000,53985.65,54146.15,53683,53900.8,58015804
1774424700000,53899.45,54119.5,53623.85,53676.15,86756575
1774431900000,53676.1,53735.95,53653.35,53689.95,16869165
1774583100000,53244.25,53292.5,52531.15,52591.95,83090979
1774590300000,52591.75,52668.5,52427.65,52615.65,46549262
1774597500000,52617.15,52707.9,52235.5,52309.4,138274791
1774604700000,52309.4,52364.35,52211.2,52364.35,59097882
1774842300000,51527.9,51624.5,50767,50808.45,182784427
1774849500000,50804.85,51008.95,50733.2,50774.95,93738309
1774856700000,50772.55,50811.2,50105.25,50297,210010378
1774863900000,50297.65,50443.6,50262.4,50403.35,75276882
1775015100000,51433.9,51806.25,51133.55,51225.2,135945889
1775022300000,51224.3,51979.3,51181.7,51975.7,95209554
1775029500000,51977.6,52025.85,51369.8,51418.4,103370213
1775036700000,51417.45,51532.75,51411.5,51526.1,24880283
1775101500000,50625.65,50646.15,49954.85,50111.15,107955645
1775108700000,50115.85,50529.15,50030.85,50398.25,72965232
1775115900000,50398.4,51730.4,50392.4,51674.35,126161260
1775123100000,51674.35,51731.95,51487.45,51556.2,30753136
1775447100000,51747.6,51879.65,51111.1,51417.45,143034772
1775454300000,51418.6,52241.2,51400.7,52224.25,81099052
1775461500000,52224.2,52693.9,52158.45,52676.45,101965574
1775468700000,52675.4,52704.55,52555.95,52585.35,27057896
1775533500000,52258.7,52349.1,51868.45,51986.7,102578852
1775540700000,51986.6,52304.25,51962.35,52158.45,48406754
1775547900000,52162.15,52778.2,52162.15,52684.75,98213836
1775555100000,52684.25,52756,52660.55,52706.15,29386544
1775619900000,54904.45,55535.3,54797.5,55489.45,222275124
1775627100000,55488.15,55552.25,55266.3,55426.75,73736289
1775634300000,55426.4,55754.25,55393.95,55678.9,104233063
1775641500000,55678.55,55778.25,55660.95,55757.75,35684762
1775706300000,55505.95,55583.1,55078.85,55372,116655685
1775713500000,55369.45,55385.8,54937.65,54961.6,56166996
1775720700000,54959.45,54962.3,54626.85,54884.25,97648704
1775727900000,54881.65,54887.45,54790.3,54820,25604484
1775792700000,55182.25,55930.45,55145.25,55849.4,110646326
1775799900000,55848.35,55855.1,55682.1,55808.1,58145640
1775807100000,55807.45,55978.5,55649.95,55921.9,85525254
1775814300000,55921.9,55957.2,55900.1,55929.6,25023837
1776051900000,54646,55019.8,54356.2,54954.05,124484460
1776059100000,54953.2,55444.35,54882.55,55391.3,59979530
1776066300000,55394.85,55752.65,55365,55639.4,92936171
1776073500000,55640.6,55644.75,55540.75,55571.85,22931857
1776224700000,56343.45,56786.25,56139.9,56143.3,114233555
1776231900000,56143.65,56357,56109.2,56288.55,52166793
1776239100000,56291.6,56430.9,56210.05,56297.35,73467099
1776246300000,56299.05,56300.95,56223.6,56258.85,24026285
1776311100000,56657.25,56834.25,56443.65,56535.9,167592408
1776318300000,56536.4,56574.4,55898.25,55936.7,90184975
1776325500000,55939.2,56324,55912.25,56069,113940414
1776332700000,56069,56089.15,55998.55,56036.4,28435395
1776397500000,56072.4,56309.15,55841.65,56165.9,102959443
1776404700000,56167.8,56392.8,56165.6,56376.3,52768386
1776411900000,56379.2,56628.7,56328.75,56570.3,90382624
1776419100000,56569.4,56625.6,56541.55,56625.6,42962858
1776656700000,56704.05,57055.25,56356.55,56913.25,306041711
1776663900000,56917.55,57085.1,56692.4,56749.2,97465817
1776671100000,56750.25,56774.65,56505.75,56625.15,138892268
1776678300000,56625.05,56625.05,56491.9,56551.3,46904260
1776743100000,56823.6,57321.7,56696.3,57287.9,106141868
1776750300000,57284.3,57357.65,57160.05,57330.45,57421560
1776757500000,57332.4,57456.3,57271.7,57399.6,88784315
1776764700000,57394.8,57429.35,57311.65,57351.8,27616199
1776829500000,57163.35,57409.1,57002.15,57345.6,114401700
1776836700000,57346.1,57438.2,57263.5,57334.45,53366505
1776843900000,57333.35,57397.5,57103.35,57108.4,72093892
1776851100000,57111.15,57127.4,57078.45,57114.9,20563866
1776915900000,56608.95,56868.7,56491.25,56557.55,110031219
1776923100000,56561.75,56611.15,56241.4,56396.95,91074159
1776930300000,56397.4,56510.2,56217.15,56272.45,105268534
1776937500000,56272.45,56318.5,56248.7,56314.15,27540297
1777002300000,56170.2,56460.5,55850.2,55925.55,99119750
1777009500000,55922.6,56139.5,55880.45,55917.45,44605161
1777016700000,55917.4,56172.75,55750.4,56074.55,73871836
1777023900000,56074.55,56191.45,56064,56097,21033757
1777261500000,56162.6,56474.95,55968.4,56112,99795609
1777268700000,56113.35,56271.45,55911.1,56269.95,46645845
1777275900000,56272.7,56412.6,56222.85,56294.55,69273660
1777283100000,56294.7,56307.7,56241,56302.1,18010909
1777347900000,55862.5,56138.05,55851.8,55932.6,102692148
1777355100000,55934.4,55934.4,55589.6,55610.2,61930975
1777362300000,55609.45,55696.25,55364.9,55385.6,93775122
1777369500000,55385.6,55450.35,55263.75,55415.35,31407070
1777434300000,55634.5,55931.2,55332.2,55855.4,93183284
1777441500000,55863.3,56178.75,55856.1,56069,91788476
1777448700000,56071.6,56086.9,55391.65,55395.95,99377488
1777455900000,55395.95,55402.5,55290.5,55329.85,27718194
1777520700000,54880.65,54896,54440.25,54489.8,106075529
1777527900000,54489.85,54844.6,54464.85,54816.35,59441139
1777535100000,54814.05,55111.6,54724.6,54818.85,94691754
1777542300000,54823.25,55026.7,54809.5,55003.25,36465515
1777866300000,54937.9,55602.3,54929.6,55407.05,110059560
1777873500000,55407.6,55448.7,54897.45,54946.45,78396542
1777880700000,54945.85,55017.6,54723.5,54892.8,69828772
1777887900000,54896.8,54947.95,54854.95,54896.45,23731784
1777952700000,54691.3,54718.55,54333.65,54425.35,67784648
1777959900000,54423.45,54812.15,54221.65,54807.1,141369405
1777967100000,54810.25,54888.55,54501.1,54602.2,144565813
1777974300000,54598.8,54626.95,54521.55,54550.85,25233914
1778039100000,55113.4,55344.95,54944.4,54975.5,243241764
1778046300000,54967.2,55022.45,54587.2,54709,97818482
1778053500000,54703.5,56020.55,54703,55940.8,252794774
1778060700000,55940.8,56078.8,55933.1,56039.3,55427028
1778125500000,56114,56148.45,55822.65,55922.6,210173180
1778132700000,55922.65,56334.15,55783.2,56068.9,87440088
1778139900000,56068.05,56152.85,55921.45,55963.85,121733039
1778147100000,55964.35,56111.25,55959.7,56094.9,40828105
1778211900000,55783.95,55797.7,55507.45,55634.15,99789007
1778219100000,55633.25,55662.35,55368.5,55416.3,72043927
1778226300000,55420.8,55562.55,55062.5,55322.75,203693996
1778233500000,55323.35,55369.85,55256.15,55325.4,48499463
1778471100000,54832.45,54922.55,54365.6,54647.45,87408580
1778478300000,54646.75,55002.45,54643.45,54958.3,71457071
1778485500000,54960.55,54968.9,54360.7,54382.8,102670446
1778492700000,54382.8,54484.8,54379.5,54478.1,22982457
1778557500000,54178.4,54365.45,53853.1,53863.55,64933209
1778564700000,53861.15,53932.85,53628.95,53765.15,39259938
1778571900000,53764.6,53851.8,53457.5,53502.65,67921149
1778579100000,53505.05,53713.4,53503,53705.1,17828161
1778643900000,53600.4,53930,53194.25,53598.5,66344173
1778651100000,53596.1,54103.9,53564.6,53945.1,56218295
1778658300000,53944.6,53952.25,53404.75,53511.4,43757635
1778665500000,53508.45,53512.45,53385.45,53475.8,13237216
1778730300000,53639.5,53968.65,53191.6,53386.4,52214479
1778737500000,53389.1,54393.75,53386.05,54302.9,80067668
1778744700000,54306.5,54391.55,54025.4,54082.25,56651066
1778751900000,54076.4,54247.05,54044.35,54217.7,12216527
1778816700000,54207.75,54325.45,53773.5,54027.55,73396817
1778823900000,54027.85,54265.6,53872.05,54246.15,41522459
1778831100000,54248.8,54319.5,53678.65,53712.35,64727146
1778838300000,53712.45,53802.5,53628.3,53782.3,17585218
1779075900000,53282.15,53308.4,52783.45,53082.8,58950478
1779083100000,53082.15,53585.15,52956.7,53440.2,59779689
1779090300000,53437.25,53667.55,53358.05,53509.2,67514685
1779097500000,53507.8,53546.5,53440.6,53527.55,15884620
1779162300000,53553.75,53770.65,53366,53523.75,73293370
1779169500000,53526.45,53682.55,53469.1,53583.5,38027971
1779176700000,53583.65,53683.9,53337.05,53430.2,64407688
1779183900000,53427.9,53455.8,53367.15,53421.25,15968054
1779248700000,53015.7,53254.65,52836.1,53196.75,53394899
1779255900000,53194.9,53410.65,53163.6,53210.7,32113695
1779263100000,53211.1,53640.9,53069.25,53594.55,48383578
1779270300000,53594.55,53621.7,53548.55,53576.45,15136606
1779335100000,53963.1,54109.15,53654.85,53664.1,45382639
1779342300000,53668.6,53765.1,53156.15,53290.2,38327134
1779349500000,53288.75,53534.9,53239.95,53408.55,49825716
1779356700000,53408.05,53480.65,53370.95,53480.65,12831787
1779421500000,53483.85,54100.1,53483.55,53982.45,46021760
1779428700000,53976.2,54213.05,53910.85,54163.4,27042938
1779435900000,54163.5,54196.55,53880.55,54064.05,47464802
1779443100000,54066.7,54193,54061.5,54152.2,12763473
1779680700000,54610.55,55093.75,54590.7,55084.65,77394542
1779687900000,55084.45,55122.15,54908.65,55020.35,27367609
1779695100000,55019.2,55312.5,54944.05,55295.85,49481351
1779702300000,55301.5,55405.2,55266.95,55390.3,18382516
1779767100000,55311.8,55536.8,55190.25,55401.5,55751718
1779774300000,55397.4,55411.05,55018.2,55076.4,43201930
1779781500000,55074.95,55169.65,54979.75,55098.7,67877673
1779788700000,55098.45,55204.95,55082.1,55180.6,15458990
1779853500000,54992.95,55221.7,54852.7,55066.35,55691450
1779860700000,55071.35,55152.2,54907.6,54922.75,38156213
1779867900000,54920,54941.25,54738.6,54846.15,60887585
1779875100000,54846.15,54915.45,54833.8,54871.7,19470540
1780026300000,54748.3,55184.45,54748.3,54998.45,69695694
1780033500000,54997.4,55162.85,54591.05,54592.05,42325278
1780040700000,54591.65,54693.45,54151.3,54198.3,329897057
1780047900000,54198.3,54389.7,54116.15,54364.6,234617600
1780285500000,54403.85,54582.75,53841.55,54154.15,46878650
1780292700000,54155.05,54234.55,53644.45,53659.2,30212837
1780299900000,53659.35,53797.35,53470,53665.55,63974297
1780307100000,53665.55,53693.15,53591.65,53658.9,27333945
1780371900000,53265.1,53511.35,53121.85,53313.75,65466401
1780379100000,53312.7,53906,53135.8,53820.85,67735751
1780386300000,53823.6,53933.55,53587.7,53749.75,72751896
1780393500000,53752.85,53823.55,53737.85,53813.6,15810179
1780458300000,53541.1,53638.85,53070.05,53090.5,50734795
1780465500000,53091.8,53733.45,53027.15,53606.65,60709524
1780472700000,53623.95,54299.35,53622.4,54149.55,84918435
1780479900000,54156.6,54271.2,54150.75,54247.05,19860409
1780544700000,53918.85,54396.4,53829.4,54257.4,65442808
1780551900000,54254.6,54356.55,54032.15,54050.75,45469895
1780559100000,54043.15,54461,53995.2,54308.75,63018784
1780566300000,54306.95,54360.95,54276.45,54330.6,14791423
1780631100000,54405.2,54865.5,54171.6,54701.8,82656750
1780638300000,54702.45,54767.25,54345.85,54364.85,46916855
1780645500000,54367.25,54576.9,54140.6,54496.5,56362426
1780652700000,54495.65,54564.9,54467.25,54519.7,21074947
1780890300000,53853.45,54455.2,53843.3,54147.15,71230650
1780897500000,54150.3,54421.85,54017.65,54285.15,36673456
1780904700000,54290.45,54293.85,54020.1,54107.25,44109872
1780911900000,54107.45,54117.55,53949.9,54007.35,13342599
1780976700000,54265,54799.95,54242.3,54630.75,92136912
1780983900000,54629.3,55081.3,54502.95,55067.8,85129688
1780991100000,55065.6,55318.35,54998.35,55207.95,91538896
1780998300000,55207.2,55270.15,55148.4,55249.15,21653975
1781063100000,55110.5,55484.95,55086.85,55386.85,79098693
1781070300000,55385.65,55555.85,55283.85,55506.55,54409198
1781077500000,55508.45,55527.75,55052.35,55053.75,76092863
1781084700000,55059.1,55126.35,55026.15,55104.3,22278141
1781149500000,54779.65,55311.85,54753.15,55135.75,79834355
1781156700000,55135.15,55600.15,55130.3,55358.1,52836959
1781163900000,55357.65,55401.1,55097.6,55193.9,78209892
1781171100000,55191.05,55244.15,55159.35,55214.65,22418608
1781235900000,55934.1,56016.8,55726.55,55960.8,74774155
1781243100000,55964.05,55987.05,55813.1,55923.8,40424934
1781250300000,55925.65,56867.1,55910.35,56829.35,87434860
1781257500000,56828.65,56839.4,56758,56805.5,32884639
1781495100000,57679.65,57804.5,57343.2,57488.95,82939559
1781502300000,57486.65,57503.9,57220.65,57344.6,34273510
1781509500000,57337.85,57399.2,57119.2,57186,47727842
1781516700000,57186.6,57236.5,57127.1,57162.85,13709955
1781581500000,57320.1,57399.7,57101.2,57147.8,41073432
1781588700000,57147.7,57231.85,57076.25,57166.25,37394259
1781595900000,57165.1,57338.75,57141.35,57314.2,56544772
1781603100000,57317.35,57320.7,57285.85,57293.65,11557024
1781667900000,57434.05,57621,57222.4,57614.55,50881068
1781675100000,57613.1,57646.15,57472.55,57488.1,56917101
1781682300000,57487.1,57609.65,57460.95,57581.8,55302263
1781689500000,57581.65,57613.3,57533.7,57571.25,12680278
1781754300000,57596.45,57887.3,57583.2,57718.25,50834445
1781761500000,57718.8,57942,57681.6,57940.2,40386436
1781768700000,57944.05,58021.25,57792.2,57995.65,56133974
1781775900000,57996.05,58014,57957.05,57987.25,14647351
1781840700000,57754.95,57804.9,57508.7,57619.95,41685132
1781847900000,57619.8,57645.2,57464.55,57525.7,21185025
1781855100000,57520.95,57789.9,57499.05,57686.8,56826344
1781862300000,57690.35,57724.1,57645.85,57714.85,21386060
1782099900000,57906.9,57931.25,57720.1,57878.85,40542139
1782107100000,57875.9,57963.7,57810.8,57824.75,34823734
1782114300000,57828.9,58009.1,57800.65,57950.5,50248364
1782121500000,57950.5,57956.45,57870.95,57890.75,15775050
1782186300000,57886.75,57970.9,57781.25,57899.35,45731420
1782193500000,57899.35,57931.2,57366.8,57436.05,40007900
1782200700000,57440.4,57462.85,57181.5,57210.7,79925000
1782207900000,57211.75,57215.8,57078.45,57102.65,25908971
1782272700000,57074.9,57882.9,57074.9,57862.95,100438448
1782279900000,57860.85,58140.75,57830.15,58063.8,68505403
1782287100000,58061.45,58256.35,58043.1,58111.35,86660249
1782294300000,58109.05,58196.3,58093.95,58172.7,26635140
1782359100000,58493.85,58526.15,58358.65,58448.35,103232473
1782366300000,58451,58706.05,58408.15,58498.4,64947185
1782373500000,58495.05,58574.6,58109.85,58193.7,88870224
1782380700000,58190.55,58230.9,58152.85,58193.2,38390186
1782704700000,58191.45,58318.05,57888.25,58121.1,146564695
1782711900000,58120.35,58153,57637.25,57792.25,92667177
1782719100000,57791.2,57963.75,57648.55,57716.05,195895777
1782726300000,57715.9,57896.75,57684.2,57828.05,90543249
1782791100000,58011.95,58011.95,57602,57808.25,121507385
1782798300000,57813.6,57917.7,57618.7,57688.2,86978312
1782805500000,57687.05,57770.55,57456.65,57560.45,128834959
1782812700000,57557.65,57714.4,57517.9,57690.6,59362401
1782877500000,57573.35,57885.25,57487.85,57883,86223952
1782884700000,57882.35,58065,57815.75,58002.5,56351166
1782891900000,58008,58134.15,57850.65,58037,90139860
1782899100000,58040.3,58046.55,57896.35,57918.3,26104477
1782963900000,58134.5,58396.1,58032.15,58084.35,86582107
1782971100000,58084,58184.25,57930.15,58094.2,59172498
1782978300000,58084.35,58114.4,57884.6,58043.7,98797386
1782985500000,58047,58057.7,57948.45,57967.85,27084308
1783050300000,58343.25,58343.25,57953.15,57956.95,151393237
1783057500000,57959.2,58100.15,57837.65,57897.95,74818427
1783064700000,57898.9,57962.4,57799.05,57947.95,76212439
1783071900000,57947.55,57977.55,57928.9,57973.2,21961334
1783309500000,57983.9,58376.35,57938.65,58287.9,128681468
1783316700000,58288.85,58477.3,58213.55,58450.35,63608111
1783323900000,58450.6,58458.2,58244.85,58309.45,66487823
1783331100000,58309.85,58312.15,58234.15,58263,23368133
1783395900000,58567.85,58581.1,58320.75,58430.35,89118468
1783403100000,58431.95,58486.6,58214.6,58244.95,60366379
1783410300000,58247.7,58374.3,58180.95,58202.8,81850622
1783417500000,58199.3,58214.25,58110.1,58134.5,27287347
1783482300000,57918.25,58075.6,57706.75,57990.1,86248242
1783489500000,57989.15,58003.8,57722.35,57842.95,53229896
1783496700000,57845.05,57874.65,56549.4,56722.6,133659773
1783503900000,56720.95,56857.25,56718.65,56826.8,29150989
1783568700000,56871,57464.2,56867.3,57202.15,73101073
1783575900000,57199.4,57434.6,57157.55,57338.25,54040238
1783583100000,57339,57421.65,57125.6,57223.25,82207090
1783590300000,57224.15,57330.75,57222.45,57322.7,20832844
1783655100000,57592.5,57993.15,57576.7,57944,59646949
1783662300000,57949.65,58251.95,57817.6,58078.9,80698683
1783669500000,58079.9,58154.8,57964.15,58044.6,72110771
1783676700000,58046.2,58072.85,58007.2,58052.15,22039585
1783914300000,57616.7,58070.15,57492.05,57935.2,76324793
1783921500000,57932.85,58103.4,57760,58000.9,38499358
1783928700000,57997.9,58219.9,57868.7,58116.2,72829598
1783935900000,58115.15,58139.1,58076.05,58117.6,21331341
1784000700000,57832.55,57840.05,57377.75,57646.75,71655090
1784007900000,57647.2,57658.9,57388.3,57469.3,41653294
1784015100000,57468.5,57544.95,57286.9,57471.15,71157465
1784022300000,57474.4,57483.05,57387.8,57448.5,20990423
1784087100000,57643.75,58148.8,57616.95,58035.3,58486442
1784094300000,58034.25,58118.6,57545.2,57616.05,99756836
1784101500000,57615.6,57794.45,57597,57774,54438540
1784108700000,57772.3,57810.85,57716.05,57719.1,17393072
1784173500000,57831.1,57931.3,57564.2,57701.85,52201829
1784180700000,57703.65,57729.55,57563.35,57574.4,39311647
1784187900000,57573.55,57661.35,57420.15,57590.15,60281360
1784195100000,57588.75,57629.6,57547.45,57602,18582899
1784259900000,57662,58185.85,57542.15,58062.6,65232788
1784267100000,58061.5,58147.2,58032.35,58109.45,37660562
1784274300000,58104.75,58530.85,57916.1,58481.15,118612200
1784281500000,58477.45,58596.85,58451.85,58576,29374075
1784519100000,57738.25,57963.55,57557.3,57669.2,269050546
1784526300000,57669.7,57785.8,57533.1,57784.05,99770011
1784533500000,57787.25,58111,57757.05,57953.35,130268841
1784540700000,57955.2,57975.35,57921.95,57975.35,35554831
1784605500000,57842.35,58228.65,57836.2,57917.8,133675876
1784612700000,57916.9,57984,57830.55,57891.6,60809520
1784619900000,57892.25,57950,57806.75,57814.85,88275976
1784627100000,57814.85,57853.55,57803.85,57817.6,23570731
1784691900000,57768.4,57824,57188.9,57232.65,137395065
1784699100000,57236.5,57327,56970.6,57052.1,64711944
1784706300000,57055,57175.15,56994.35,57158.15,75012054
1784713500000,57162.6,57178.9,57115.4,57122.1,30313269
1784778300000,56812.95,56925.4,56648.85,56800.15,64892779
1784785500000,56800.75,56803.5,56374.9,56407,50052622
1784792700000,56407.75,56619.95,56381.4,56573.85,43547085
1784799900000,56573.85,56607.6,56537.4,56563.35,19708493
1784864700000,56169.4,56343.05,56023.6,56081.8,72787093
1784871900000,56081.75,56772.55,56077.65,56687.65,54714612
1784879100000,56689.9,56831.45,56557.5,56682.65,63925565
1784886300000,56681.15,56763.05,56674.45,56755.4,25298475
1785123900000,57116.8,57330.05,56969.2,57035.35,204081479
1785131100000,57035.35,57142.65,56946.45,57056.1,85321537
1785138300000,57058.45,57177.95,56928.65,57082.9,74006510
1785145500000,57082.1,57123.8,57065.95,57115.95,30713990
1785210300000,56883.55,57054.2,56790.9,56970.45,104055507
1785217500000,56971.15,57039.85,56820.9,56821,52114774
1785224700000,56819.3,56857.9,56686.35,56698.55,77357860
1785231900000,56699.7,56867.1,56672.4,56718.75,47305878
1785296700000,57126.6,57190,56939.35,57157.25,69900048
1785303900000,57156.5,57264.3,57122.85,57238.2,38459226
1785311100000,57239.05,57315.95,57137.05,57215.25,50775310
1785318300000,57212.9,57219.85,57161.6,57193.6,15654802
1785383100000,57127.05,57129.3,56768.6,56899.05,58261291
1785390300000,56900.75,57136.75,56821.5,57017.4,46831844
1785397500000,57020.05,57193.15,56930.45,57151.9,64981833
1785404700000,57152.1,57236.65,57071.9,57102.9,31735578
1785469500000,57225.9,57411.25,57139.6,57188.85,47551970
1785476700000,57189.25,57360.85,57144.7,57308.85,35468982
1785483900000,57309.65,57382.15,57223.1,57276.2,52901943
1785491100000,57272.7,57276.75,57196.45,57214.1,21398669
1785728700000,57569.6,57853.3,57465.95,57814.35,58535055
1785735900000,57812.35,57842,57644.7,57689.7,38973043
1785743100000,57690,57792.1,57629.7,57680.9,48597292
1785750300000,57683.7,58247.95,57683.7,58247.95,5110142
1785815100000,58068.95,58068.95,57651.15,57696.85,62454563
1785822300000,57698.1,57701.9,57425.3,57452.95,43416428
1785829500000,57457.55,57542,57352.65,57492.75,54965177
1785836700000,57492.75,57907.2,57492.75,57907.2,6116906
1785901500000,57810.05,57931.85,57593.9,57800.55,100440993
1785908700000,57803.45,57815.1,57509.15,57544.8,58350538
1785915900000,57543.15,57655.25,57456.35,57631.25,73937316
1785923100000,57629.75,57739.95,57629.75,57739.95,4151736
1785987900000,57815,57924.65,57714.7,57905.15,56639848
1785995100000,57910.6,58004.65,57850.9,57932.6,49538281
1786002300000,57933.9,58076.85,57907.75,58014.7,96649403
1786009500000,58007.95,58063.65,58007.95,58063.65,6385378
1786074300000,57882,57964.2,57740.6,57810.05,56461385
1786081500000,57813.65,57853.25,57697.8,57751.7,29073957
1786088700000,57754.45,57994.45,57686.55,57782.95,88855016
1786095900000,57801.15,57801.15,57746.45,57746.45,4369906
1786333500000,57812.3,58015.85,57527.75,57716,72777578
1786340700000,57718.6,57723.3,57560.55,57578.9,33212890
1786347900000,57580,57666.4,57542.4,57606.1,61478554
1786355100000,57606.1,57686.95,57606.1,57686.95,3325474
1786419900000,57604.35,57607.25,57158.1,57297.95,53488480
1786427100000,57297.7,57412.25,57245.95,57366.4,41936443
1786434300000,57369.25,57450.85,57311.95,57368.15,60894096
1786441500000,57366.05,57446.25,57366.05,57446.25,4453724
1786506300000,57391.8,57783.7,57254,57574.85,121523439
1786513500000,57574.75,57642.25,57470,57499.85,60119705
1786520700000,57499.85,57850.75,57471.5,57772,82563366
1786527900000,57771.35,57885.85,57771.35,57885.85,4440814
1786592700000,57799.15,57799.15,57550.25,57573.45,48377265
1786599900000,57574.15,57706.5,57548.6,57589.65,37910876
1786607100000,57592.5,57654.35,57553.25,57591,53014661
1786614300000,57591,57635.25,57591,57635.25,4334943
1786679100000,57589.75,57681.45,57438.7,57457.05,56641661
1786686300000,57458.25,57495.15,57380.45,57469.85,34645268
1786693500000,57469.2,57608.8,57381.3,57459.1,49463376
1786700700000,57459.1,57491.1,57459.1,57491.1,3361322
1786938300000,57418.3,57482.05,57119.6,57134.45,44143037
1786945500000,57134.2,57683.3,57123.3,57656.35,51333919
1786952700000,57656.55,57757.25,57539.95,57711.95,55653761
1786959900000,57716.05,57716.05,57497.8,57497.8,3570777
1787024700000,57325.55,57584.7,57230.95,57301.2,48434352
1787031900000,57302.9,57387,57217.6,57322.95,30205761
1787039100000,57323.3,57414.9,57275.75,57314.55,44925901
1787046300000,57314.55,57314.55,57262.4,57262.4,2785244
1787111100000,57260.65,57356.85,57001.75,57049.9,55728160
1787118300000,57055.35,57218.9,57028.5,57063.1,33035921
1787125500000,57064.35,57304.35,57037.55,57156.9,46303299
1787132700000,57157.75,57239.75,57157.75,57239.75,3565872
1787197500000,57507.65,57702.95,57475.7,57679.6,54572814
1787204700000,57681.95,57681.95,57538.55,57645.85,38638218
1787211900000,57648,57657,57431.8,57448.6,38706397
1787219100000,57444.05,57495.9,57444.05,57495.9,2681654
1787283900000,57613.2,57772.45,57481.55,57709.2,60568735
1787291100000,57707.95,57735.15,57622.2,57686.7,35568145
1787298300000,57687.25,57708.05,57619.95,57647.65,45593366
1787305500000,57647.65,57761.95,57647.65,57761.95,4887310
1787543100000,57828.15,57873.75,57405.65,57410.55,49093336
1787550300000,57415.95,57428.65,57245.95,57276.35,44703699
1787557500000,57280.35,57437.6,57269.8,57419.45,50279697
1787564700000,57419.45,57525.95,57419.45,57525.95,3781165
1787629500000,57360.65,57653.85,57231.25,57478.1,56672002
1787636700000,57478.65,57492.2,57285.65,57300.1,59468299
1787643900000,57296.85,57489.2,57251.65,57455.8,75288264
1787651100000,57454.1,57514.2,57454.1,57514.2,6757392
1787715900000,57628.65,57996.05,57611.85,57954.45,77892314
1787723100000,57952.45,57975.35,57848.7,57915.5,36461767
1787730300000,57918.6,57955.8,57831.4,57876.8,51774825
1787737500000,57876.8,57876.8,57783.75,57783.75,3471553
1787802300000,57985,58012.4,57698.1,57718.1,68146911
1787809500000,57717.1,57788.5,57571.3,57782.1,47946275
1787816700000,57780.85,57796.95,57534.9,57569.5,72227064
1787823900000,57569.5,57569.5,57509.95,57509.95,3644456
1787888700000,57429.75,57596.4,57264,57522.35,62859975
1787895900000,57523.3,57527.95,57311.5,57323.3,36889157
1787903100000,57328.55,57479.2,57307.95,57434.55,60775975
1787910300000,57432.25,57496.3,57432.25,57496.3,3244572
1788147900000,57353.75,57576.25,57187.35,57236.9,91149368
1788155100000,57240.05,57477.5,57235.05,57419.85,46709191
1788162300000,57424.25,57546.4,57231.3,57402.45,108267660
1788169500000,57397.35,58024.95,57397.35,58024.95,60316164
1788234300000,57560.3,57650.85,57316.6,57648.75,70811632
1788241500000,57652.25,57766.25,57498.6,57500.35,34078965
1788248700000,57501.45,57501.45,57150.7,57261.4,87439394
1788255900000,57264.15,57409.6,57264.15,57409.6,4335693
1788320700000,57006.45,57221.1,56823.2,57032,68597352
1788327900000,57031.9,57149.3,56938.45,57095.4,54125483
1788335100000,57092.05,57162.45,57013.8,57087.4,67730183
1788342300000,57087.4,57172,57087.4,57172,5438287
1788407100000,57497.85,57753.6,57467.05,57527.65,79230471
1788414300000,57525.35,57642.8,57488.65,57549.8,45250967
1788421500000,57555.7,57613.05,57396.95,57427.4,82140009
1788428700000,57433.65,57433.65,57380.6,57380.6,5591040
1788493500000,57492.65,57571.5,57324.55,57535.8,42913657
1788500700000,57539.55,57677.15,57514.35,57580.5,36413828
1788507900000,57580.55,57639.75,57411.05,57437.35,49131664
1788515100000,57440.6,57440.6,57369.65,57369.65,4219407
1788745500000,57343.3,57343.3,57343.3,57343.3,0
1788752700000,57343.3,57426.85,57018.6,57049.8,40600814
1788759900000,57046.7,57117.85,57002.95,57042,36186415
1788767100000,57043.1,57184.95,57003.6,57056.75,48297132
1788774300000,57056.75,57088.3,57056.75,57088.3,1756631
1788831900000,56990.4,56990.4,56990.4,56990.4,0
1788839100000,56990.4,57044,56850.25,56915.75,44473585
1788846300000,56917.3,56959.55,56751.5,56785.2,34268122
1788853500000,56785.8,56835.95,56720.45,56765.85,58322841
1788860700000,56765.85,56777.55,56765.85,56777.55,8167854
1788918300000,56777.55,56777.55,56498.85,56498.85,0
1788925500000,56498.85,56630.45,56414.9,56582.7,72043698
1788932700000,56585.55,56737.4,56434.6,56640.95,44542776
1788939900000,56641.05,56743.05,56343.65,56379.6,62316443
1788947100000,56379.6,56379.6,56295.55,56295.55,6324172
1789011900000,56262.75,56575.15,56252.05,56501.85,73548111
1789019100000,56501.4,56526.15,56335.1,56428.1,43008574
1789026300000,56435.15,56435.15,56231.85,56255.85,60536739
1789033500000,56262.5,56471.95,56262.5,56471.95,5098107
1789098300000,55970.15,56220.7,55699.45,56203.05,65678507
1789105500000,56202.3,56311.5,56073.9,56230.65,75284374
1789112700000,56234.5,56645.85,56198,56625.9,206614976
1789119900000,56625.9,56625.9,56606.55,56606.55,9123196
1789443900000,56884.25,56996.35,56111.2,56182.9,107263054
1789451100000,56185.25,56248.05,56110.8,56184.5,52566667
1789458300000,56193.85,56216.15,55867.6,55908.95,81115448
1789465500000,55908.95,55908.95,55794.75,55794.75,7583797
1789530300000,56007.65,56316.1,55812.2,56182.05,181571890
1789537500000,56183,56368.7,56071.1,56300.2,56971022
1789544700000,56299.45,56357.35,56177.95,56230.15,86314875
1789551900000,56226.75,56292.45,56226.75,56292.45,8512813
1789616700000,56126.6,56570.45,56055.45,56099.35,74343827
1789623900000,56102.95,56404.55,56067.4,56238.5,49530286
1789631100000,56236.5,56253,56038.5,56141.15,59103466
1789638300000,56137.45,56137.45,56055.75,56055.75,3573469
1789703100000,56172.85,56326.95,56087.55,56097.05,48288288
1789710300000,56097.9,56393.85,56073.55,56360.7,53696673
1789717500000,56359.95,56497.45,56229.1,56360.2,73062723
1789724700000,56360.2,56360.2,56358.7,56358.7,61973584
1789962300000,56361.9,56510.95,56269.55,56480.95,56015052
1789969500000,56480.6,56496.3,56394.25,56464.6,38224929
1789976700000,56461.35,56668.2,56461.35,56494.9,58185156
1789983900000,56494.9,56494.9,56470.65,56470.65,3983773
1790048700000,56489.9,56671.1,56291.65,56362.05,48466190
1790055900000,56362.65,56371.65,56154.35,56198.95,31010867
1790063100000,56200.1,56394.95,56106.95,56280.95,45889534
1790070300000,56280.95,56280.95,56215.55,56215.55,3899663
1790135100000,56209.65,56623.8,56209.65,56609.85,77023584
1790142300000,56609.7,56623.05,56515.3,56572.05,65746857
1790149500000,56572.9,56618.9,56465.4,56542.85,54827854
1790156700000,56542.85,56548.9,56542.25,56548.9,4416575
1790221500000,55710.6,55918.4,55505.85,55588.25,121777764
1790228700000,55585.9,55670.75,55549,55647.5,54111434
1790235900000,55647.55,55661.6,55341.2,55464.45,77808827
1790243100000,55464.7,55464.7,55438.5,55438.5,5428913
1790307900000,55373.75,55653.4,55373.75,55606.35,46292806
1790315100000,55607.8,55639,55424.3,55519.25,36536891
1790322300000,55514.95,55762.6,55447.35,55522.5,59407233
1790329500000,55522.5,55580.4,55522.5,55580.4,2623341
1790567100000,55347.8,55390.1,54506.7,54520.65,106692177
1790574300000,54522.85,54660.55,54494.4,54571.4,55892028
1790581500000,54570.1,54628.55,54437.7,54467.7,91152239
1790588700000,54467.7,54471.65,54467.7,54471.65,3144067
1790653500000,54283.6,54405.3,53785.7,54151.55,117106259
1790660700000,54151.55,54397.1,53977.55,54266.5,70018824
1790667900000,54263.1,54389.05,54148.85,54364.9,100168457
1790675100000,54364.9,54364.9,54259.95,54259.95,94939748
1790739900000,54175.9,54800.65,54174.3,54715.2,98529695
1790747100000,54712.65,55130.45,54677.3,55057.7,55422142
1790754300000,55055.8,55135.5,54629.55,54706.75,109065555
1790761500000,54706.75,54706.75,54633.05,54633.05,17282868
1790826300000,54583.05,55091.45,54555.1,54854.5,119909007
1790833500000,54854.25,55025.6,54250.15,54459,65880809
1790840700000,54457.25,54569.75,54066.6,54565.1,109377750
1790847900000,54565.1,54565.1,54450.75,54450.75,6208410