datetime,open,high,low,close,volume
1704080700000,48203.4,48318.9,48134.9,48250.5,0
1704084300000,48249,48368.6,48220.1,48332.5,0
1704087900000,48329.2,48361.1,48287.6,48354.8,0
1704091500000,48350.9,48362.2,48275.3,48307.7,0
1704095100000,48311.2,48369.9,48283.5,48357,0
1704098700000,48352.6,48450,48164.1,48213.6,0
1704102300000,48217.2,48240.1,48044.1,48064.3,0
1704167100000,48194.8,48223.6,47892.9,47968.6,0
1704170700000,47967.6,47984.6,47814.8,47861.6,0
1704174300000,47859.9,47965.1,47830.6,47859.6,0
1704177900000,47865.5,47928.2,47765.1,47831.8,0
1704181500000,47834.1,47874.8,47798.2,47867.8,0
1704185100000,47868.1,47889.3,47689.8,47754.4,0
1704188700000,47757.2,47777.6,47697.6,47710.6,0
1704253500000,47796.3,47798.8,47481.4,47577.4,0
1704257100000,47576.1,47690.1,47532.9,47669.9,0
1704260700000,47670.9,47784.9,47641.7,47686.8,0
1704264300000,47689.9,47744.4,47555.4,47734.6,0
1704267900000,47735.6,47785.4,47683.9,47749.8,0
1704271500000,47748.4,47753.4,47657.1,47718.9,0
1704275100000,47717.4,47777.9,47676.8,47738.6,0
1704339900000,47805.4,47993.6,47738.1,47973,0
1704343500000,47972.6,48113.8,47941.4,48102.1,0
1704347100000,48099.3,48181.2,48075.6,48115.4,0
1704350700000,48117.6,48220.2,48108.4,48215,0
1704354300000,48213.4,48221.3,48063.7,48091.8,0
1704357900000,48093.4,48198.3,48073.8,48180.4,0
1704361500000,48176.8,48281.2,48175.9,48245.8,0
1704426300000,48245.6,48381.9,48233.3,48295.6,0
1704429900000,48300.1,48309.9,48086.4,48131.4,0
1704433500000,48132.4,48142.1,48030.2,48092.2,0
1704437100000,48094.6,48151.4,48047.5,48085.8,0
1704440700000,48086.8,48103.4,47890.1,47905,0
1704444300000,47910.4,48264.1,47822.9,48167.6,0
1704447900000,48167.6,48168.7,48043.1,48089.1,0
1704685500000,48096.6,48154.5,47932.8,47985.9,0
1704689100000,47985.9,48082.1,47827.1,47874.5,0
1704692700000,47875.4,47911.8,47722.8,47751.8,0
1704696300000,47754.4,47842.4,47732.8,47758,0
1704699900000,47757.3,47831.1,47718.9,47768.7,0
1704703500000,47768.6,47784.1,47387.4,47454.4,0
1704707100000,47456,47495.1,47403.2,47464,0
1704771900000,47705.4,47798.1,47590.6,47706.4,0
1704775500000,47710.2,47939.3,47703.8,47899.2,0
1704779100000,47897.4,47909.6,47760.8,47780.8,0
1704782700000,47783,47877.1,47780.5,47837.2,0
1704786300000,47838.8,47874.2,47655.8,47674.8,0
1704789900000,47677,47689.8,47206.2,47269.9,0
1704793500000,47272.8,47280.9,47156.1,47230.9,0
1704858300000,47073.9,47325.6,47010.8,47317.9,0
1704861900000,47320.1,47386.4,47215.9,47275.4,0
1704865500000,47275.4,47355.6,47223.4,47263.6,0
1704869100000,47262.8,47307.3,47126.9,47259.4,0
1704872700000,47258.6,47396.6,47207.9,47332.3,0
1704876300000,47336.7,47423.4,47279.9,47336.1,0
1704879900000,47333.1,47405.5,47328.1,47359.4,0
1704944700000,47538.6,47662.1,47459.2,47501.6,0
1704948300000,47503.4,47558.1,47408.7,47483.5,0
1704951900000,47489.4,47540.1,47457.9,47468.9,0
1704955500000,47469.5,47595.1,47444.4,47527.7,0
1704959100000,47528.4,47551.4,47260.9,47300.2,0
1704962700000,47297.6,47508.6,47237,47432.6,0
1704966300000,47432.6,47464.4,47421.6,47445.9,0
1705031100000,47572.7,47639.6,47408.5,47629.6,0
1705034700000,47628.2,47784.6,47606.2,47706.8,0
1705038300000,47707.5,47743.7,47615.7,47664.6,0
1705041900000,47662.5,47773.9,47626.5,47733.5,0
1705045500000,47732.4,47858.1,47712.3,47811.4,0
1705049100000,47811.2,47873.7,47602.8,47659.9,0
1705052700000,47661.4,47755.6,47657.5,47724.6,0
1705290300000,47891.1,48129.4,47825.4,47949.1,0
1705293900000,47950.3,48066.9,47935.7,48048.5,0
1705297500000,48049.3,48091.1,47973.7,48084.9,0
1705301100000,48083.9,48199.9,48072.4,48148.4,0
1705304700000,48149.7,48158.3,48032.3,48083.6,0
1705308300000,48085.2,48148.6,48022.6,48148.6,0
1705311900000,48147.2,48248.1,48140.6,48223.6,0
1705376700000,48109.9,48254.7,48031.2,48241.2,0
1705380300000,48242.9,48292.7,48191.8,48267.9,0
1705383900000,48264.6,48305.4,48177.3,48214.3,0
1705387500000,48212.9,48265.8,48091.5,48122.9,0
1705391100000,48122.6,48182.1,48002.9,48151.3,0
1705394700000,48151.6,48168.4,48049.4,48125.4,0
1705398300000,48125.8,48138.9,48096.3,48111.7,0
1705463100000,46573.9,47212.8,46534.3,46953.4,0
1705466700000,46950.9,46982.1,46586.6,46613.4,0
1705470300000,46609.4,46641.7,46271.4,46381.1,0
1705473900000,46385.9,46466.9,46237.4,46264.2,0
1705477500000,46264.7,46391.6,46212.9,46320.1,0
1705481100000,46323.1,46343.1,45979.6,46122.1,0
1705484700000,46119,46125.9,46028.8,46083.5,0
1705549500000,45492.8,45925.6,45430.7,45780.9,0
1705553100000,45776.7,46033.8,45698.6,45993.1,0
1705556700000,45986.5,46180.6,45889.6,46170.8,0
1705560300000,46174.1,46184.1,45650.9,45739.5,0
1705563900000,45741.9,45803.6,45571.2,45655.4,0
1705567500000,45658.9,45787.9,45507.1,45699.9,0
1705571100000,45701.4,45778,45676.4,45762,0
1705635900000,46103.5,46183.9,46017.2,46109.4,0
1705639500000,46111.9,46249.9,45895.6,45930.1,0
1705643100000,45925.9,46048.1,45848.5,45912.2,0
1705646700000,45906.6,45920.1,45826.4,45912.1,0
1705650300000,45909,45944.1,45592.7,45595.8,0
1705653900000,45593,45767.7,45558.1,45692.5,0
1705657500000,45692.4,45748.4,45689.6,45735.8,0
1705722300000,45989.2,46069,45749.1,45840.1,0
1705725900000,45840.4,46006.1,45828.6,45951.9,0
1705729500000,45951.1,45961.9,45859,45911.2,0
1705733100000,45912.3,46109.1,45640.9,46078.1,0
1705736700000,46075.6,46183.7,46022.7,46104.3,0
1705740300000,46108.2,46150.9,45940.5,46075.1,0
1705743900000,46076,46129.4,46049.9,46108.8,0
1705981500000,46495.4,46580.3,45898.6,45993.7,0
1705985100000,45992.4,46053.1,45645.3,45723.9,0
1705988700000,45724.5,45734.2,45089.6,45143.9,0
1705992300000,45143.9,45362.9,45141.4,45222.2,0
1705995900000,45225.1,45277,45063,45073.9,0
1705999500000,45074.4,45105.9,44886.1,45029.8,0
1706003100000,45029.4,45066.6,44976.4,45006.4,0
1706067900000,44489.4,45397.7,44489.4,45261.9,0
1706071500000,45263.4,45485.5,45192.8,45255,0
1706075100000,45255.1,45323.8,44664.8,44709.1,0
1706078700000,44709.6,44891.4,44604.5,44804.1,0
1706082300000,44802.4,44916.4,44666.2,44774.1,0
1706085900000,44776.2,45148.2,44737.7,45108.4,0
1706089500000,45108.4,45146,45055.4,45074.7,0
1706154300000,45057.9,45136.1,44804,44824.4,0
1706157900000,44825.9,44836.6,44547.1,44601,0
1706161500000,44602.4,44769.1,44513.6,44558.6,0
1706165100000,44561.6,44631.9,44429,44542.2,0
1706168700000,44543.6,44648.6,44444.4,44537.6,0
1706172300000,44534.2,44909.3,44494.4,44872.4,0
1706175900000,44874.9,45139.1,44869.4,44988.5,0
1706499900000,45171.5,45499.4,45110.9,45463.9,0
1706503500000,45464.8,45660.4,45454.2,45546.6,0
1706507100000,45545.9,45556.1,45323.4,45497.6,0
1706510700000,45500.4,45554.9,45383.6,45449.3,0
1706514300000,45449.1,45511.9,45341.6,45439.4,0
1706517900000,45438.9,45507.8,45203.8,45493.1,0
1706521500000,45489.2,45538.6,45470.6,45499.1,0
1706586300000,45481.5,45678.7,45264.1,45351.4,0
1706589900000,45361.6,45445.4,45278.9,45342.4,0
1706593500000,45342.6,45524.2,45314.9,45454.3,0
1706597100000,45452.2,45481.3,45396.9,45440.2,0
1706600700000,45439.7,45472.1,45334.1,45466.2,0
1706604300000,45465.6,45492.5,45206.1,45395.8,0
1706607900000,45396.1,45409.1,45290.6,45319.6,0
1706672700000,45295.6,45859.1,45071.2,45824.4,0
1706676300000,45818.2,46132.2,45760.7,46056.2,0
1706679900000,46054.1,46179.8,46022.3,46046.4,0
1706683500000,46047.1,46082.2,45872,46015.4,0
1706687100000,46014.4,46084.4,45935.6,46041.3,0
1706690700000,46041.7,46137.8,45922.4,45990.6,0
1706694300000,45989.4,46025,45943.6,45974,0
1706759100000,46164.9,46173.3,45702.4,45899.1,0
1706762700000,45894.1,46113.6,45837.4,46033.3,0
1706766300000,46046.8,46185.1,45668.4,46098.9,0
1706769900000,46089.4,46306.9,45928.5,46176.4,0
1706773500000,46179.4,46223.2,45958.1,46123.6,0
1706777100000,46121.2,46217.3,46048.4,46146.4,0
1706780700000,46146.4,46253.6,46143.4,46206.9,0
1706845500000,46568.2,46699.6,46501.1,46612,0
1706849100000,46611.9,46611.9,46415.4,46583,0
1706852700000,46577,46892.4,46577,46744.5,0
1706856300000,46743.3,46755.3,46233.8,46254.7,0
1706859900000,46252.6,46368.6,46130.4,46307.9,0
1706863500000,46309.1,46342.9,45941,45963.8,0
1706867100000,45962.6,45977.8,45901.2,45954.6,0
1707104700000,45962.2,46040.1,45615.1,45904.6,0
1707108300000,45904.4,45935.8,45747.8,45879.5,0
1707111900000,45874.8,45977.6,45811.8,45911.1,0
1707115500000,45910.1,46048.6,45870.1,45986.2,0
1707119100000,45983.9,46008.9,45844.9,45932,0
1707122700000,45933.8,45957.1,45710.3,45834.9,0
1707126300000,45835.1,45864.4,45745.7,45756.6,0
1707191100000,45891.2,45932.1,45592.2,45729.7,0
1707194700000,45729.1,45744,45527,45612.6,0
1707198300000,45615.4,45869.6,45576.2,45793.1,0
1707201900000,45792.2,45801.8,45649.9,45702.4,0
1707205500000,45704.9,45764.3,45571.2,45619.6,0
1707209100000,45623.8,45734.3,45575.6,45669,0
1707212700000,45671.1,45784.1,45644.8,45774.4,0
1707277500000,45944.6,46062.9,45802.6,45875.4,0
1707281100000,45874.1,45901.9,45787.3,45856.9,0
1707284700000,45855.6,45858.8,45620.5,45709.6,0
1707288300000,45710.2,45756.4,45670.6,45717.1,0
1707291900000,45717.7,45821.1,45680.9,45778.6,0
1707295500000,45785.9,45848.1,45735,45848.1,0
1707299100000,45839.9,45939.2,45787.9,45916.4,0
1707363900000,45973.9,46181.2,45921.4,46020.6,0
1707367500000,46023.1,46051.3,45227.2,45405,0
1707371100000,45398.2,45517.2,45324.3,45481.2,0
1707374700000,45479.4,45501.6,45331.8,45457.5,0
1707378300000,45460.7,45533.6,45360.6,45373.9,0
1707381900000,45376.8,45416.1,44893.8,44979.9,0
1707385500000,44986.2,45108.7,44948.9,45105.4,0
1707450300000,44986.8,45352.5,44859.1,45348,0
1707453900000,45347.6,45349.9,45052.9,45166.1,0
1707457500000,45167.9,45488.9,45113.2,45387.5,0
1707461100000,45387.9,45481.7,45300.6,45455.6,0
1707464700000,45456.4,45464.4,45263.9,45360.9,0
1707468300000,45364.6,45717.5,45346,45617.1,0
1707471900000,45617.7,45713.4,45608.4,45706.6,0
1707709500000,45664.3,45748.5,45337,45376.4,0
1707713100000,45376.5,45403.7,45146.3,45334.8,0
1707716700000,45334.9,45346.4,44988.2,45050.9,0
1707720300000,45051.2,45096,44651,44745.9,0
1707723900000,44750.9,44958.4,44633.9,44939.1,0
1707727500000,44937.9,44996.8,44781.1,44838.7,0
1707731100000,44840.6,44933.5,44807.9,44887.8,0
1707795900000,45056.8,45442.9,44819.6,45402.5,0
1707799500000,45403.9,45461.9,45326.4,45389.1,0
1707803100000,45390.1,45390.1,45082.7,45082.9,0
1707806700000,45086.7,45341.3,44984.4,45285.8,0
1707810300000,45282.9,45750.4,45282.1,45601.8,0
1707813900000,45600.7,45622.2,45451.6,45521.4,0
1707817500000,45521.9,45564.5,45383.1,45419.9,0
1707882300000,45014.6,45259.1,44860.8,45255.9,0
1707885900000,45271.3,45454.5,45197.1,45361.4,0
1707889500000,45360.3,45480.5,45227.6,45396.4,0
1707893100000,45395.1,45764.6,45394.9,45666.8,0
1707896700000,45665.9,45683.9,45430,45683.9,0
1707900300000,45684.9,46170.4,45660.4,45785.4,0
1707903900000,45780.9,45953.8,45690.8,45920.6,0
1707968700000,46027.1,46100.6,45590.2,45853.2,0
1707972300000,45854.8,45976.1,45800.9,45894.9,0
1707975900000,45895.8,46080.9,45846.4,46051.6,0
1707979500000,46050.5,46092.6,45889.5,45980.7,0
1707983100000,45982.6,46232.8,45922.1,46121,0
1707986700000,46117.6,46256.7,46027.9,46207.3,0
1707990300000,46211.6,46297.7,46167.9,46266,0
1708055100000,46454.3,46485.2,46264.4,46453.1,0
1708058700000,46452.3,46461,46354.2,46390.1,0
1708062300000,46389.8,46477.8,46290.4,46451.5,0
1708065900000,46449.5,46478.5,46362.1,46442.4,0
1708069500000,46443.1,46693.4,46314.9,46413.9,0
1708073100000,46408.9,46549.8,46331.3,46353.5,0
1708076700000,46353.1,46381.9,46310.3,46369.8,0
1708314300000,46554.9,46619.05,46317.7,46455.45,0
1708317900000,46454.05,46631.2,46413.3,46605.7,0
1708321500000,46612.6,46692.25,46534.5,46622.05,0
1708325100000,46624,46676.8,46585.95,46669.75,0
1708328700000,46670.2,46717.4,46557.3,46651.8,0
1708332300000,46651.8,46694.9,46453.85,46515.95,0
1708335900000,46515.95,46578.35,46495.4,46556.1,0
1708400700000,46444.9,46878.85,46367.8,46876.5,0
1708404300000,46873.05,46968.8,46792.9,46882.25,0
1708407900000,46878.45,46980.7,46828.4,46932.15,0
1708411500000,46933.1,46991.4,46900.45,46934.3,0
1708415100000,46935.05,47059.3,46806.15,46917,0
1708418700000,46917.85,47128.35,46915.25,47094.2,0
1708422300000,47094.4,47136.75,47081.9,47126.65,0
1708487100000,47363.4,47363.4,47074.75,47138.95,0
1708490700000,47134.1,47172.65,46925.05,47025.55,0
1708494300000,47026.05,47188.1,46985.35,47138.9,0
1708497900000,47140.45,47319.2,47127.75,47271.2,0
1708501500000,47270.65,47298.85,47033.75,47086.4,0
1708505100000,47089.2,47155.7,46967.55,47060.1,0
1708508700000,47061.85,47073.05,46886.95,46933.6,0
1708573500000,46934.55,47024.05,46600.5,46652,0
1708577100000,46651.35,46664.3,46462,46558,0
1708580700000,46556.45,46636.5,46426.85,46575.4,0
1708584300000,46579.2,46612.3,46476.3,46530.8,0
1708587900000,46529.05,46909.55,46513.35,46754.65,0
1708591500000,46748,46955.65,46667.75,46906.55,0
1708595100000,46909.1,47010.6,46889.15,46944.85,0
1708659900000,47060.7,47174.25,46927.9,47173.35,0
1708663500000,47176,47245.35,46851.8,47021.9,0
1708667100000,47018,47074.7,46931.55,46992.3,0
1708670700000,46986.25,47084.7,46941.6,47050.35,0
1708674300000,47049.75,47055.6,46755.9,46776.8,0
1708677900000,46777.35,46961.45,46741.85,46819.85,0
1708681500000,46820.3,46853.3,46723.15,46768.6,0
1708919100000,46615.85,46893.15,46553.05,46645.35,0
1708922700000,46644.95,46714.55,46559.7,46639.95,0
1708926300000,46639.75,46665.9,46542.35,46583.75,0
1708929900000,46581.15,46805.4,46513.55,46771.95,0
1708933500000,46770.8,46801.8,46646.4,46696.15,0
1708937100000,46698.5,46759.25,46556.65,46562.25,0
1708940700000,46564.55,46590.3,46526.55,46565.6,0
1709005500000,46529.8,46604.1,46359.8,46384.6,0
1709009100000,46386.9,46506.75,46324.9,46453.3,0
1709012700000,46452.85,46533.7,46411.2,46454.35,0
1709016300000,46455.85,46670,46398.1,46664.5,0
1709019900000,46656.7,46722.25,46522.9,46644.35,0
1709023500000,46642.8,46687.9,46541.7,46585.3,0
1709027100000,46580.85,46626.65,46551.55,46613.85,0
1709091900000,46682.05,46731.15,46523.3,46708.1,0
1709095500000,46705.95,46754.55,46040.3,46204.2,0
1709099100000,46206.4,46312.3,46149.6,46235.15,0
1709102700000,46237.55,46259.05,45913.65,45939.75,0
1709106300000,45944.1,46279.55,45944.1,46252.9,0
1709109900000,46253.65,46254.15,45920.95,45962.35,0
1709113500000,45961.65,45963.45,45852.55,45910.55,0
1709178300000,45882,46154.2,45661.75,45738.4,0
1709181900000,45739.85,45908.05,45702.8,45903.65,0
1709185500000,45904.55,45931.3,45802.35,45889.7,0
1709189100000,45887,46086.7,45804.65,46075.75,0
1709192700000,46073.5,46189.15,46005.5,46144.1,0
1709196300000,46141.2,46329.65,45933.15,46155.05,0
1709199900000,46152.55,46322.6,46144.7,46277,0
1709264700000,46262.2,46625,46218,46604.9,0
1709268300000,46599.9,46726.6,46569.25,46685.45,0
1709271900000,46685.55,46969.55,46685.55,46911,0
1709275500000,46911.05,47082.6,46887.95,46993.55,0
1709279100000,46992.8,47174.65,46965.6,47161.6,0
1709282700000,47160.95,47334.85,47142.4,47313.5,0
1709286300000,47312.5,47342.25,47212.75,47255.95,0
1709351100000,47377.45,47438.6,47241.1,47297,0
1709358300000,47331.55,47348.15,47237,47294.55,0
1709361900000,47295.3,47314.5,47281.35,47294.6,0
1709523900000,47318.5,47461.15,47279.25,47413.3,0
1709527500000,47411.65,47520.9,47191.65,47320.65,0
1709531100000,47319.9,47355.85,47249,47309.3,0
1709534700000,47300.6,47373.1,47273.75,47326.75,0
1709538300000,47326.4,47490.65,47325.05,47485.3,0
1709541900000,47485.1,47529.6,47335,47484.8,0
1709545500000,47481.35,47486,47378,47425.65,0
1709610300000,47265.7,47390.7,47196.75,47330.45,0
1709613900000,47331.3,47420.85,47241.8,47358.15,0
1709617500000,47359.4,47429.25,47273.7,47382.9,0
1709621100000,47379.25,47737.85,47353.75,47676.8,0
1709624700000,47674.8,47712.7,47512.75,47596.65,0
1709628300000,47597.75,47701,47529.75,47583.35,0
1709631900000,47583.3,47611.1,47560.9,47582.15,0
1709696700000,47451.65,48073.8,47442.25,48016.75,0
1709700300000,48012.8,48155.85,47905.85,48010.3,0
1709703900000,48017.25,48067.35,47921.05,48035.7,0
1709707500000,48038.05,48113.65,47970.7,48110.25,0
1709711100000,48109.45,48149.25,48015.6,48121.95,0
1709714700000,48123.9,48161.25,47876,47919.95,0
1709718300000,47916.5,48021.55,47861.2,47959.85,0
1709783100000,48035.8,48071.7,47837.4,47944.8,0
1709786700000,47946.6,47986,47747.2,47878.3,0
1709790300000,47876.55,47909.9,47815.85,47836,0
1709793900000,47837.45,47861.6,47777.25,47854.6,0
1709797500000,47846.4,47901.5,47810.95,47852.65,0
1709801100000,47844.55,47975.6,47803.95,47857,0
1709804700000,47857.3,47858.95,47759.25,47788,0
1710128700000,47792.2,47853.8,47594.85,47599.85,0
1710132300000,47594.85,47680.6,47577.45,47621.55,0
1710135900000,47618.05,47618.05,47323.4,47345.7,0
1710139500000,47344.35,47415.15,47275.1,47308.2,0
1710143100000,47308.75,47388.8,47282.55,47288.15,0
1710146700000,47292.45,47422.3,47230.65,47343.65,0
1710150300000,47340.95,47340.95,47264.25,47280.25,0
1710215100000,47351.35,47812.75,47196.95,47728.75,0
1710218700000,47728.35,47768.6,46884.45,47325.05,0
1710222300000,47331.6,47407.8,47178.1,47266.05,0
1710225900000,47268,47433.55,47247.95,47410.7,0
1710229500000,47412.25,47491.95,47361.35,47387.5,0
1710233100000,47385.55,47438.25,47240.1,47266.3,0
1710236700000,47261.5,47306.65,47251.5,47277.3,0
1710301500000,47341.15,47453.3,47210.3,47430.75,0
1710305100000,47426,47468.7,47179.45,47232.6,0
1710308700000,47234.15,47247.6,47029.3,47069.95,0
1710312300000,47076.75,47151.2,47038.6,47104.3,0
1710315900000,47099.95,47163.05,46904.5,46934.1,0
1710319500000,46923.1,47128.7,46853.75,46861.35,0
1710323100000,46862.45,46991.35,46842.15,46895.2,0
1710387900000,46825.75,46868.8,46565.55,46685.15,0
1710391500000,46690.25,47084.65,46687.2,47064.5,0
1710395100000,47065.35,47231.5,47002,47128,0
1710398700000,47128.5,47192.8,46915.4,47044.65,0
1710402300000,47043.2,47072.9,46761.6,46803.55,0
1710405900000,46801.75,46905.35,46688.35,46799.6,0
1710409500000,46795.1,46845.4,46742.55,46834.7,0
1710474300000,46572.1,46802.55,46418.75,46499.55,0
1710477900000,46497.9,46574.75,46310.5,46379.5,0
1710481500000,46384.45,46474.2,46327.6,46365.2,0
1710485100000,46365.5,46499.7,46332.65,46439.2,0
1710488700000,46437.1,46711.7,46407.1,46569.2,0
1710492300000,46570.35,46675.35,46381.7,46561.95,0
1710495900000,46559.35,46673.7,46512.8,46542.05,0
1710733500000,46458.75,46677.85,46304.4,46374.25,0
1710737100000,46375.4,46530.75,46205.85,46209.8,0
1710740700000,46200.7,46699.85,46022.15,46589.45,0
1710744300000,46591.95,46739.25,46520.2,46622.3,0
1710747900000,46626.2,46649.65,46543.35,46573.9,0
1710751500000,46577.25,46727.3,46489.45,46554.15,0
1710755100000,46549.1,46628.65,46549.1,46617.9,0
1710819900000,46421.9,46602.35,46344.5,46415.75,0
1710823500000,46415.1,46553.5,46322.5,46418.2,0
1710827100000,46415.55,46524.45,46394.9,46419.9,0
1710830700000,46419.4,46480.5,46409.35,46432.8,0
1710834300000,46434.25,46456.25,46302.1,46333.15,0
1710837900000,46334.15,46464.2,46258.75,46373.95,0
1710841500000,46368.95,46387.65,46331.15,46333.1,0
1710906300000,46392.9,46570.25,46107.15,46137.05,0
1710909900000,46136.5,46181.1,45828.8,46137.5,0
1710913500000,46138.25,46308.5,46051.3,46282.9,0
1710917100000,46289.6,46590.05,46271.1,46542.65,0
1710920700000,46551.15,46655.55,46310.6,46342.15,0
1710924300000,46343.6,46417.55,46200,46316.95,0
1710927900000,46314.85,46412,46271.5,46370.2,0
1710992700000,46674.85,46979.35,46674.85,46951.45,0
1710996300000,46947.45,46990.25,46760.3,46875.7,0
1710999900000,46873.55,46898.55,46605.05,46625.2,0
1711003500000,46628.35,46768.85,46570.15,46727.75,0
1711007100000,46724.35,46778.05,46645.65,46680.75,0
1711010700000,46685.95,46740,46633.35,46704.5,0
1711014300000,46698.4,46713.05,46670.75,46679.25,0
1711079100000,46634.9,46894.5,46566.8,46848.05,0
1711082700000,46845.8,46938.85,46803.75,46870.3,0
1711086300000,46870.45,46948.5,46839.45,46859.75,0
1711089900000,46858.6,46919.15,46812.75,46882.45,0
1711093500000,46881.5,46907.95,46809.25,46855.75,0
1711097100000,46851.7,46974.15,46800.45,46845.1,0
1711100700000,46848.05,46867.65,46812.25,46849.05,0
1711424700000,46552.95,46788.35,46552.95,46638.15,0
1711428300000,46634.55,46725.65,46605.5,46636.5,0
1711431900000,46635.2,46753.95,46621.95,46680.75,0
1711435500000,46681.45,46752.1,46675.95,46710.25,0
1711439100000,46711.4,46724.4,46584.6,46634.85,0
1711442700000,46637.3,46663.25,46529.05,46609.35,0
1711446300000,46608.45,46647.5,46573.05,46623.45,0
1711511100000,46643.45,46920.6,46643.45,46871.25,0
1711514700000,46875.5,46946.55,46743.75,46796.4,0
1711518300000,46795.55,46833.35,46764.4,46792.55,0
1711521900000,46791.2,46827.35,46753.85,46794.3,0
1711525500000,46791.2,46825.5,46751.3,46763.8,0
1711529100000,46761.4,46788.3,46671.9,46787.4,0
1711532700000,46789.3,46956.1,46772.2,46851.15,0
1711597500000,46827.85,47177.1,46827.85,47161.45,0
1711601100000,47162,47347.25,47160.75,47346.05,0
1711604700000,47346.6,47350.2,47184.65,47207.4,0
1711608300000,47207.5,47381.1,47179.25,47337.8,0
1711611900000,47337.85,47422.95,47318.3,47405.7,0
1711615500000,47407.35,47440.45,46997.55,47036.7,0
1711619100000,47038.3,47167.25,47029.15,47146.75,0
1711943100000,47391.05,47642.15,47373.1,47543.55,0
1711946700000,47543.05,47612.25,47485.05,47563.65,0
1711950300000,47566.65,47589.05,47535.7,47547.7,0
1711953900000,47547.55,47572.5,47432.3,47466.8,0
1711957500000,47468.1,47562.8,47461,47498.55,0
1711961100000,47505.5,47591.5,47447.9,47583.85,0
1711964700000,47585.8,47646.8,47542.6,47558.7,0
1712029500000,47490.75,47707.35,47408.55,47575.75,0
1712033100000,47577.9,47697.35,47546.4,47623.25,0
1712036700000,47619.55,47649.2,47582.3,47598.85,0
1712040300000,47597.65,47663.1,47549.95,47573.35,0
1712043900000,47576.5,47631.35,47501.7,47543.9,0
1712047500000,47545.1,47593.7,47490.6,47531.35,0
1712051100000,47530.35,47582.3,47525.25,47562.6,0
1712115900000,47350.25,47517.95,47279.8,47493,0
1712119500000,47494.45,47536.6,47428.85,47490.1,0
1712123100000,47490.55,47625.95,47481.2,47623.6,0
1712126700000,47624.5,47648.65,47561.8,47599.9,0
1712130300000,47594.05,47676.95,47525.95,47582.15,0
1712133900000,47585.95,47647.5,47525.7,47626.55,0
1712137500000,47626.7,47663.75,47621.95,47661.1,0
1712202300000,48086.2,48254.65,47772.4,47777.95,0
1712205900000,47769.5,47934.3,47712.7,47926,0
1712209500000,47928.75,47943.05,47804.9,47849.7,0
1712213100000,47850.2,48053.95,47842.55,48016.9,0
1712216700000,48009.2,48145.7,47896.15,47992.75,0
1712220300000,47990.45,48125.6,47975.55,48051,0
1712223900000,48053.1,48139.9,48039.25,48126.2,0
1712288700000,48104.65,48163.75,47894.5,48091.85,0
1712292300000,48092.2,48268.05,48051.15,48237.25,0
1712295900000,48236.65,48290.45,48164.3,48266.4,0
1712299500000,48265.75,48267.35,48162,48185.35,0
1712303100000,48183.5,48363.4,48173.95,48268.8,0
1712306700000,48269,48554.5,48254.7,48518.55,0
1712310300000,48515.35,48557.4,48480.8,48520.95,0
1712547900000,48586.75,48629.05,48424.65,48524.5,0
1712551500000,48529.6,48565.5,48496.1,48562,0
1712555100000,48561.45,48595.15,48532.2,48563.85,0
1712558700000,48562.9,48691.1,48561.7,48669.45,0
1712562300000,48672.75,48716.95,48499.8,48567.3,0
1712565900000,48570.2,48624.55,48548.4,48605.85,0
1712569500000,48606.85,48608.5,48535.35,48565.75,0
1712634300000,48810.8,48856.65,48621.85,48823.55,0
1712637900000,48824.8,48940.35,48791.7,48826.8,0
1712641500000,48827.25,48960.75,48816.95,48907.5,0
1712645100000,48908,48929,48799.3,48836.1,0
1712648700000,48834.3,48847.25,48571.05,48593.75,0
1712652300000,48593.4,48768.6,48568.25,48737.15,0
1712655900000,48736.8,48771,48699.8,48710.45,0
1712720700000,48879.55,48942.05,48669.25,48883.4,0
1712724300000,48880,48966.95,48839.05,48904.85,0
1712727900000,48903.7,48915.15,48827.5,48889.6,0
1712731500000,48884.2,48902.45,48808.7,48882.35,0
1712735100000,48880.95,48937.05,48856.7,48893.1,0
1712738700000,48895.1,49057.4,48885.55,49007.45,0
1712742300000,49010.6,49010.6,48899.55,48912,0
1712893500000,48671.2,48882.65,48648,48677.1,0
1712897100000,48677.65,48732.35,48597.65,48683.95,0
1712900700000,48683.85,48800.25,48674.8,48786.65,0
1712904300000,48787.25,48797.35,48547.65,48614.1,0
1712907900000,48614.65,48646.6,48527,48552.8,0
1712911500000,48547.95,48665.55,48541.55,48572.15,0
1712915100000,48570.05,48579.35,48477.55,48528.6,0
1713152700000,48057.5,48255.5,47904.95,47981.95,0
1713156300000,47982.4,48119.65,47953.2,48027.65,0
1713159900000,48028.3,48074.1,47998.95,48065.8,0
1713163500000,48064.55,48071.3,47956.9,47979.4,0
1713167100000,47983.6,48020.85,47933.55,47960.7,0
1713170700000,47960.05,47970.95,47745.3,47770.2,0
1713174300000,47772.45,47807.3,47725.8,47757.35,0
1713239100000,47436.7,47571.3,47316.55,47523.9,0
1713242700000,47522.4,47544.15,47435.2,47530.65,0
1713246300000,47532.85,47570.25,47395.75,47468.6,0
1713249900000,47468.95,47475.1,47413.3,47436.3,0
1713253500000,47434.6,47517.65,47406.7,47487.85,0
1713257100000,47486.65,47525.35,47392.65,47524.25,0
1713260700000,47524.75,47609,47504.3,47598.25,0
1713411900000,47592.7,47829.75,47527.55,47577.15,0
1713415500000,47575.5,47748.95,47465.3,47719.8,0
1713419100000,47716.65,47741.25,47610.55,47614.95,0
1713422700000,47616.25,47714.75,47609.8,47666.85,0
1713426300000,47663.1,47718.1,47133.15,47351,0
1713429900000,47349.15,47414.8,46982.95,46995.9,0
1713433500000,46995.7,47174.05,46982.15,47131.8,0
1713498300000,46744.95,46952.5,46579.05,46903.75,0
1713501900000,46904.35,46927.9,46792.5,46885.3,0
1713505500000,46885.5,47045.4,46863.65,46966.3,0
1713509100000,46963.7,47357.3,46939.45,47295.85,0
1713512700000,47294.95,47653.95,47203.25,47542.45,0
1713516300000,47550.95,47635.45,47375.35,47628.1,0
1713519900000,47631.95,47668.7,47551.85,47614.15,0
1713757500000,48145.7,48146.3,47671.25,47750.45,0
1713761100000,47751.85,47842.6,47628.45,47822.6,0
1713764700000,47822.8,47886.35,47787.7,47825.7,0
1713768300000,47821.9,47850.7,47744.35,47783.3,0
1713771900000,47782.4,47882.35,47766.7,47837.45,0
1713775500000,47834.45,47962.65,47782.65,47959.95,0
1713779100000,47954.6,48009.55,47902.5,47994.85,0
1713843900000,48299.6,48302.7,47942.75,48069.6,0
1713847500000,48069.4,48084.5,47937.45,47982.75,0
1713851100000,47985.45,48054.5,47976.5,48047.6,0
1713854700000,48046.85,48088.85,47941.15,47977.85,0
1713858300000,47981.55,48023,47899.3,47977.15,0
1713861900000,47977,48039.75,47929.3,48003.1,0
1713865500000,48004.4,48009.4,47933,47935.6,0
1713930300000,48120.9,48199.15,48028.7,48166.3,0
1713933900000,48171.25,48235.2,48161.6,48197.5,0
1713937500000,48195.75,48220,48160.75,48200.15,0
1713941100000,48198.2,48209.3,48157.25,48203.25,0
1713944700000,48202.4,48228.05,48182.55,48205.85,0
1713948300000,48204.8,48246.2,48132.75,48176.55,0
1713951900000,48178.05,48208,48152.15,48195.35,0
1714016700000,47772.65,48320.1,47737.2,48302.45,0
1714020300000,48299.5,48348.05,48087,48288.75,0
1714023900000,48290.2,48302.45,48128,48161.75,0
1714027500000,48164.75,48370.35,48151.45,48357.85,0
1714031100000,48360.1,48566.15,48313.3,48531.3,0
1714034700000,48531.35,48625.45,48481.1,48482.8,0
1714038300000,48482.95,48504.55,48435.5,48497.3,0
1714103100000,48660,48679.65,48411.45,48475.3,0
1714106700000,48469.9,48524.6,48340.45,48388.95,0
1714110300000,48388.2,48453.6,48361.25,48400.85,0
1714113900000,48399.9,48508.85,48379.05,48495.75,0
1714117500000,48490.3,48499,48220.45,48288.2,0
1714121100000,48293.8,48359.55,48088.25,48154.75,0
1714124700000,48155.4,48352.55,48146.55,48284.3,0
1714362300000,48359.9,48592.65,48342.7,48556.8,0
1714365900000,48552.05,48778.6,48520.8,48720.9,0
1714369500000,48721.35,48979.1,48705.5,48952.1,0
1714373100000,48946.7,49031.85,48902.7,48996.85,0
1714376700000,48995.25,49399.3,48981.2,49348.45,0
1714380300000,49347.6,49473.6,49253.75,49462.15,0
1714383900000,49462.65,49464.6,49359.15,49380.65,0
1714448700000,49477.1,49672.85,49354.35,49504.45,0
1714452300000,49522.15,49659.05,49476.4,49587.65,0
1714455900000,49598.35,49617.8,49505.4,49562.6,0
1714459500000,49561.2,49576.65,49441.9,49463.1,0
1714463100000,49466.5,49953.45,49421.2,49913.2,0
1714466700000,49914.35,49974.75,49373.3,49410.25,0
1714470300000,49409.1,49409.1,49249.9,49291.35,0
1714621500000,49262,49529.35,49221.45,49476.05,0
1714625100000,49465.1,49475.65,49232,49249.25,0
1714628700000,49251.9,49350.45,49123.6,49254.35,0
1714632300000,49251.15,49314.35,49178.15,49259,0
1714635900000,49258.5,49344.9,49214.6,49254.1,0
1714639500000,49251.6,49275.55,49174.3,49242.65,0
1714643100000,49237.65,49265.6,49217.85,49243.55,0
1714707900000,49375.05,49607.75,49246.05,49253.7,0
1714711500000,49253.3,49299.45,49005.3,49096.6,0
1714715100000,49093.2,49099.35,48816.8,48914.45,0
1714718700000,48913.3,49130.75,48715.95,48747.95,0
1714722300000,48740.3,48874.55,48659.7,48821.6,0
1714725900000,48817.05,48949.55,48731,48940.9,0
1714729500000,48939.2,48997.25,48853.9,48877.85,0
1714967100000,49174.55,49252.65,48874.65,49103.8,0
1714970700000,49107.5,49231.6,49026.05,49094.8,0
1714974300000,49094.45,49140.95,49014.85,49080.8,0
1714977900000,49079.5,49091.15,48863.8,48900.3,0
1714981500000,48900.55,48955.6,48821.1,48841.35,0
1714985100000,48835.3,49010.45,48784,48898,0
1714988700000,48897.35,48954.7,48874.25,48931.85,0
1715053500000,48965.05,49023.5,48522.55,48598.05,0
1715057100000,48598.2,48609.6,48360.75,48376.9,0
1715060700000,48378.6,48379.45,48230.4,48286.1,0
1715064300000,48280.9,48345.3,48222.2,48299.7,0
1715067900000,48300.05,48457.45,48291.85,48393.9,0
1715071500000,48390.4,48399,48213.75,48305.3,0
1715075100000,48309.9,48352,48249.4,48275.6,0
1715139900000,48124.2,48223.05,48038.45,48100.6,0
1715143500000,48108,48108,47851.15,47951.35,0
1715147100000,47951.9,48171.15,47944.65,48084.15,0
1715150700000,48085.75,48162.85,48038.9,48106.45,0
1715154300000,48103.65,48173.65,47973.55,48020.5,0
1715157900000,48020,48090.45,47959.15,48017.9,0
1715161500000,48016.7,48105.5,47992.45,48101.6,0
1715226300000,47976.35,48258.65,47964.85,47992.45,0
1715229900000,47987.55,48024.55,47764,47778.25,0
1715233500000,47775.55,47868.45,47661.05,47849.75,0
1715237100000,47850.65,47910.95,47615.7,47687.25,0
1715240700000,47685.5,47892.25,47609.65,47783.35,0
1715244300000,47776.8,47806,47460.75,47465.75,0
1715247900000,47469.5,47520.3,47440.65,47515.45,0
1715312700000,47555.5,47868.7,47362.7,47790.85,0
1715316300000,47791.95,47824.6,47563.2,47673,0
1715319900000,47672.45,47777.15,47601.65,47651.85,0
1715323500000,47650.5,47670.9,47313.35,47430.45,0
1715327100000,47426.65,47592.55,47387.35,47479.9,0
1715330700000,47479.15,47515.65,47362.75,47424.05,0
1715334300000,47426.8,47455.25,47411.15,47440.85,0
1715571900000,47389.8,47508.55,47021.9,47128.05,0
1715575500000,47126.35,47194.65,46983.25,47133.6,0
1715579100000,47132.55,47339.55,47129.7,47313.15,0
1715582700000,47313.9,47520.15,47298.5,47470.95,0
1715586300000,47471.35,47774.35,47155.65,47720.75,0
1715589900000,47721.5,47831.65,47662.7,47727.45,0
1715593500000,47728.55,47841.6,47714.55,47784.9,0
1715658300000,47748.85,47908.95,47607.85,47666.05,0
1715661900000,47666,47828.6,47657.6,47812.7,0
1715665500000,47810.6,47832.45,47721.35,47792.2,0
1715669100000,47793.9,47937.25,47740.2,47837.6,0
1715672700000,47836.7,47912.9,47780.4,47858.95,0
1715676300000,47857.95,47902.6,47751.3,47859.2,0
1715679900000,47861.1,47910.3,47842.05,47872,0
1715744700000,47923.1,47957.2,47690.7,47735.45,0
1715748300000,47733.9,47790.1,47658.5,47725,0
1715751900000,47727.85,47748.7,47586.7,47681.1,0
1715755500000,47679.95,47696.2,47586.2,47614.75,0
1715759100000,47612.3,47655.35,47534.5,47629.8,0
1715762700000,47629,47734.9,47584.4,47718.2,0
1715766300000,47719,47730.95,47665.75,47710.8,0
1715831100000,47945.85,48001.9,47741.4,47791.2,0
1715834700000,47789.05,47796.5,47340.35,47481.15,0
1715838300000,47480.7,47837.85,47396.45,47833.35,0
1715841900000,47841.2,47876.9,47440.7,47484.3,0
1715845500000,47484.4,47535.8,47345.1,47404.9,0
1715849100000,47407.65,47998.95,47395.05,47973.7,0
1715852700000,47974.9,48052.9,47958.05,47977.4,0
1715917500000,47842.95,48025.35,47758.8,47952.8,0
1715921100000,47949.15,48160.3,47922.9,48144.85,0
1715924700000,48145.15,48185.7,48028.25,48040.85,0
1715928300000,48043.8,48134.65,48024.6,48065,0
1715931900000,48068.35,48143.55,48003.9,48115.3,0
1715935500000,48110.85,48163.2,48022.55,48130.85,0
1715939100000,48129.3,48188.65,48111.55,48121.35,0
1716003900000,48197.3,48227.05,48111.2,48151.6,0
1716011100000,48168,48209,48109.9,48194.3,0
1716014700000,48197.35,48222.35,48178.1,48204,0
1716263100000,47927.1,48218.7,47927.1,48000.55,0
1716266700000,48003.2,48126.8,47961.2,48112.55,0
1716270300000,48110.8,48204.1,48108.55,48170.75,0
1716273900000,48169.1,48259.75,48116.2,48231.8,0
1716277500000,48232.85,48241.7,48098.15,48113.75,0
1716281100000,48112.65,48144.65,48001.1,48030.85,0
1716284700000,48033.5,48055.5,47968.65,47989.85,0
1716349500000,48113.9,48114.05,47702.15,47801.9,0
1716353100000,47805.45,47828.95,47634.2,47674.3,0
1716356700000,47673.2,47757.3,47633.3,47717.95,0
1716360300000,47716.6,47759.95,47625.15,47649.35,0
1716363900000,47648.15,47803.55,47643.9,47706.9,0
1716367500000,47708.25,47851.5,47435.25,47826.75,0
1716371100000,47828.5,47959.15,47825.3,47906.05,0
1716435900000,47899.35,48204.45,47873.15,48190.1,0
1716439500000,48188.55,48395.25,48179.4,48313.5,0
1716443100000,48314.05,48463.3,48309.55,48428.55,0
1716446700000,48430.95,48626.55,48427.45,48539.1,0
1716450300000,48536.2,48711.9,48454.65,48709.6,0
1716453900000,48705.75,48829.7,48607.2,48802.2,0
1716457500000,48804.4,48826.15,48731.5,48737.05,0
1716522300000,48668,48976.7,48644.8,48679.15,0
1716525900000,48680.9,48874.65,48675.1,48784.95,0
1716529500000,48783.2,48857.55,48781.25,48851.8,0
1716533100000,48853.4,48946.4,48801.25,48881.95,0
1716536700000,48880,48938.45,48858.1,48933.3,0
1716540300000,48932.35,49052.95,48870.7,48976.05,0
1716543900000,48982.2,48999.2,48928.95,48948.9,0
1716781500000,49105.9,49296.25,49051.25,49217.6,0
1716785100000,49214.8,49356.95,49206.2,49310.15,0
1716788700000,49308.9,49524.65,49287.55,49520.75,0
1716792300000,49518.2,49688.85,49505,49583.7,0
1716795900000,49588.6,49645.65,49502.45,49612.95,0
1716799500000,49614.35,49640.35,49059.65,49312.75,0
1716803100000,49310.25,49324.65,49215.95,49280.2,0
1716867900000,49390.9,49511.15,49223,49310.5,0
1716871500000,49308.45,49388,49253.1,49294.65,0
1716875100000,49294.45,49315.85,49164.3,49172.7,0
1716878700000,49173.75,49327.75,49086.4,49288.15,0
1716882300000,49288.25,49321,49186.9,49250.4,0
1716885900000,49245.15,49291.1,49135.2,49151.9,0
1716889500000,49153.8,49171.4,49043.65,49060.1,0
1716954300000,48786.7,49022.6,48689.5,48705.85,0
1716957900000,48709.15,48729.2,48601.75,48629.15,0
1716961500000,48627.65,48697.6,48549.5,48620.6,0
1716965100000,48615.7,48670.75,48560.45,48579.45,0
1716968700000,48580,48662.55,48502.65,48549.5,0
1716972300000,48556.25,48580.15,48401.55,48525.7,0
1716975900000,48518.4,48624.9,48460.75,48563.05,0
1717040700000,48313.6,48919.9,48313.6,48654,0
1717044300000,48649.3,48788.65,48632.15,48646.15,0
1717047900000,48642.95,48713.2,48531.05,48644.1,0
1717051500000,48644.9,48874.2,48614.7,48851.1,0
1717055100000,48850.25,49044.6,48766.1,48852.4,0
1717058700000,48850.5,48905.4,48545,48637.25,0
1717062300000,48642.25,48838.65,48642.25,48822.85,0
1717127100000,48895.15,49079.05,48719.5,48719.5,0
1717130700000,48717.85,48821.2,48612.45,48698.5,0
1717134300000,48698.35,48792.15,48569.05,48688.5,0
1717137900000,48684.65,48863.4,48681.25,48836.95,0
1717141500000,48835.7,49108.35,48831.8,49030.75,0
1717145100000,49034.65,49035.9,48722.8,48966.3,0
1717148700000,48964.15,49122.55,48937.45,48967.95,0
1717386300000,50889.85,50990,50092.65,50471.35,0
1717389900000,50472.55,50579.8,50387.3,50539,0
1717393500000,50544.85,50948.2,50535.8,50852.05,0
1717397100000,50850.3,50932.35,50723.35,50914.45,0
1717400700000,50913.15,50921.85,50611.4,50791.7,0
1717404300000,50787.85,50965.6,50709.55,50955,0
1717407900000,50957.4,51133.2,50956.6,51106.05,0
1717472700000,50667.05,50667.05,48741.55,49525.65,0
1717476300000,49526.7,49526.7,47414.4,47714.95,0
1717479900000,47712.65,48439.25,46138.35,46701.45,0
1717483500000,46693.6,47399.9,46077.85,47284.4,0
1717487100000,47284.35,48083.85,46943.2,47512.6,0
1717490700000,47509.35,47670.55,46652.15,47035.8,0
1717494300000,47035.45,47600.75,46887.1,47206.25,0
1717559100000,47486.6,47502,46473.6,47004.45,0
1717562700000,47006.8,47865.9,46446.8,47863.2,0
1717566300000,47861.4,48000.6,47384.4,47673.3,0
1717569900000,47672.9,48285.55,47671.65,48139,0
1717573500000,48136.55,48799.95,48067,48659.95,0
1717577100000,48667.25,49362.9,48515.45,49065.2,0
1717580700000,49063.1,49100,48801.3,48847.1,0
1717645500000,49426.4,49477.5,49063.75,49319,0
1717649100000,49317.95,49672.75,49310.5,49600.6,0
1717652700000,49601.4,49612.6,49160.8,49231.15,0
1717656300000,49232.7,49366.25,48906.75,49040.95,0
1717659900000,49041.05,49380,49024.35,49199,0
1717663500000,49197.9,49335.4,48948.3,49326.4,0
1717667100000,49326.85,49367.1,49194.65,49330.9,0
1717731900000,49316.95,49506.25,49080.45,49409.9,0
1717735500000,49408.2,49677.4,49228.05,49659.15,0
1717739100000,49658.35,49932.15,49564,49832,0
1717742700000,49833.9,49943.2,49730.95,49857.9,0
1717746300000,49857.65,49897.45,49665.25,49814,0
1717749900000,49817.3,49909.2,49711.25,49777.75,0
1717753500000,49776.5,49849.05,49752.35,49806.6,0
1717991100000,49808.15,50252.95,49654.2,49910.65,0
1717994700000,49911.05,49986.4,49772.1,49858.05,0
1717998300000,49860,50019.9,49825.7,49861.3,0
1718001900000,49862.75,49980.9,49844.75,49930.25,0
1718005500000,49926.2,50099.2,49898.1,50046.5,0
1718009100000,50046.3,50065.9,49716.8,49818.35,0
1718012700000,49814.75,49826.95,49622.75,49689.65,0
1718077500000,49751.2,49891.75,49530.45,49861.4,0
1718081100000,49860.9,49937.1,49806.05,49861.3,0
1718084700000,49863.55,49871.55,49750.2,49801.4,0
1718088300000,49801.65,49905,49751.75,49858.25,0
1718091900000,49860.55,49970.3,49768.8,49814.55,0
1718095500000,49814.3,49851.75,49682.4,49732.85,0
1718099100000,49735.85,49740.6,49615.55,49652.25,0
1718163900000,49857.45,50222,49697.35,50162.9,0
1718167500000,50166.8,50233.4,50099.6,50144.5,0
1718171100000,50144.2,50159.95,49968.55,50023.5,0
1718174700000,50026.25,50042.45,49913.05,50001.7,0
1718178300000,50001.55,50021.15,49877.1,49901.1,0
1718181900000,49899.4,50006.3,49825.45,49925.6,0
1718185500000,49926.55,49953.25,49772.5,49791.6,0
1718250300000,50179,50186.45,49919.6,50037.3,0
1718253900000,50033.7,50037.3,49882.75,49942.4,0
1718257500000,49939.35,50032.15,49835.25,49939.25,0
1718261100000,49940.75,49984.8,49921.5,49967.45,0
1718264700000,49965.85,49975.5,49860.7,49902.9,0
1718268300000,49902.85,49905.7,49799.65,49821.05,0
1718271900000,49818.8,49920.6,49817.95,49889.3,0
1718336700000,49993.95,50070.2,49693.35,50024.85,0
1718340300000,50022.95,50102.6,49994.15,50061.75,0
1718343900000,50061.9,50070.05,49942.4,49980.8,0
1718347500000,49980.85,50026.6,49931,50012,0
1718351100000,50013.85,50022.65,49940.8,49962.75,0
1718354700000,49963.7,50087.85,49946,50026.25,0
1718358300000,50028.3,50038.8,49933.2,49981.5,0
1718682300000,50194.35,50246.65,49900.2,50174.65,0
1718685900000,50177.6,50265.2,50068.15,50241.6,0
1718689500000,50241.5,50348.25,50237.85,50309.6,0
1718693100000,50308.2,50338.45,50277.75,50328.9,0
1718696700000,50326.25,50425.65,50313.45,50402.95,0
1718700300000,50403.3,50432.1,50339.8,50430.35,0
1718703900000,50432.5,50562.15,50427.65,50479.3,0
1718768700000,50607.9,51255.95,50441.75,51091.6,0
1718772300000,51097.55,51179.9,50594.85,51045.4,0
1718775900000,51046.3,51113.75,50879.05,51113.75,0
1718779500000,51129.2,51214.5,51046.75,51132.7,0
1718783100000,51133.2,51580.8,51031.1,51571.9,0
1718786700000,51574.9,51957,51232.35,51377.25,0
1718790300000,51375.1,51478.05,51322.05,51450.1,0
1718855100000,51712.9,51798,51300.7,51337.1,0
1718858700000,51336.05,51647.6,51281.5,51527.5,0
1718862300000,51525.1,51698.95,51506.55,51664.65,0
1718865900000,51665.2,51732.55,51587.9,51667.4,0
1718869500000,51666.65,51842.2,51644.2,51744.25,0
1718873100000,51748.6,51815.4,51647.75,51770.3,0
1718876700000,51770.45,51826.45,51756,51760.75,0
1718941500000,51927.3,51934.35,51478.7,51500.3,0
1718945100000,51501.1,51558.95,51350.9,51426.55,0
1718948700000,51429.2,51504.7,51357.4,51467.45,0
1718952300000,51467.75,51550.55,51224.95,51293.3,0
1718955900000,51293.65,51754.35,51256.2,51660.35,0
1718959500000,51660.8,51797.8,51282.05,51628.2,0
1718963100000,51629.4,51669.15,51524.35,51557.5,0
1719200700000,51280.25,51394.75,51138.9,51318.25,0
1719204300000,51321.25,51610.45,51251.65,51523.1,0
1719207900000,51522.8,51718.95,51510.25,51616.7,0
1719211500000,51618.75,51718.2,51596.95,51706.4,0
1719215100000,51706.65,51783.95,51592.15,51620.65,0
1719218700000,51619.95,51762.6,51562.35,51737.6,0
1719222300000,51736.95,51768.8,51686.95,51709.65,0
1719287100000,51759.45,52096.7,51747.65,52084.2,0
1719290700000,52083.05,52188.25,52051.35,52119.7,0
1719294300000,52117.55,52121.65,52013.85,52087.85,0
1719297900000,52095.2,52527,52062.7,52495.15,0
1719301500000,52490.75,52669.3,52489.25,52609.9,0
1719305100000,52613.2,52662.55,52457.15,52627.9,0
1719308700000,52628.5,52746.5,52599.25,52630.15,0
1719373500000,52653.2,52701.7,52373.7,52399.3,0
1719377100000,52398.3,52753.65,52398.3,52680.1,0
1719380700000,52674.15,52957.95,52666.35,52885.05,0
1719384300000,52888.9,52950.05,52730,52867.55,0
1719387900000,52863.55,52958.75,52851,52938.55,0
1719391500000,52940.3,52988.3,52814.95,52837.55,0
1719395100000,52832.85,52898.7,52694.2,52694.5,0
1719459900000,52980.3,53180.75,52639,53100.1,0
1719463500000,53100.5,53136.9,52668.65,52950.05,0
1719467100000,52945.6,53010.35,52849.35,53010.35,0
1719470700000,53005.15,53035.2,52800.9,52862.05,0
1719474300000,52864.3,52935.45,52751.05,52843.35,0
1719477900000,52839.25,52964.45,52694.65,52805.15,0
1719481500000,52811.65,52882.9,52759.8,52759.8,0
1719546300000,52874.95,53030.3,52783.3,52972.85,0
1719549900000,52970.3,53000.85,52842.3,52861.5,0
1719553500000,52862.05,52878.55,52674.9,52740.1,0
1719557100000,52742.4,52752.1,52419.45,52516.55,0
1719560700000,52513.45,52723.05,52455.15,52672.4,0
1719564300000,52673.75,52706.7,52279.1,52289.05,0
1719567900000,52289.85,52334.9,52242.3,52323.7,0
1719805500000,52351.15,52545.2,52166.05,52396.1,0
1719809100000,52396.05,52483.1,52338.8,52413.5,0
1719812700000,52410.85,52607.55,52395.45,52549.55,0
1719816300000,52549.3,52616.9,52524.8,52579.95,0
1719819900000,52582,52638.45,52532.1,52582.95,0
1719823500000,52583.75,52656.15,52487.95,52613.4,0
1719827100000,52611.1,52630,52504.55,52521.45,0
1719891900000,52793.75,52828.45,52120.25,52256.55,0
1719895500000,52255.15,52371.45,52252.9,52364.1,0
1719899100000,52357.5,52412.65,52057.3,52142,0
1719902700000,52141,52190,51996.65,52147.85,0
1719906300000,52146.15,52251.35,52109.6,52132.6,0
1719909900000,52136.8,52227.1,52125.75,52164.4,0
1719913500000,52164.5,52200.7,52131.2,52148.1,0
1719978300000,52872.3,53201.5,52482.65,53074.4,0
1719981900000,53078.95,53256.7,53008.65,53046.9,0
1719985500000,53045.5,53119.5,52967.4,53078.35,0
1719989100000,53079.5,53144.8,53057.95,53084.15,0
1719992700000,53087.75,53191.3,53070.95,53096.5,0
1719996300000,53101.1,53143,53047.1,53110,0
1719999900000,53108.15,53145.4,53025.7,53042.15,0
1720064700000,53357.7,53357.7,53044.5,53180.05,0
1720068300000,53180.8,53202.3,52815.9,52881.2,0
1720071900000,52881.35,52959.95,52863,52942,0
1720075500000,52941.15,53028.2,52922.15,52996.2,0
1720079100000,52995.25,53092.85,52923.95,53031.85,0
1720082700000,53032.85,53188.05,52984.8,53108,0
1720086300000,53107.15,53123,53072.85,53083.75,0
1720151100000,52560.1,52817.85,52290.05,52385.8,0
1720154700000,52384.4,52663.55,52339.2,52552.3,0
1720158300000,52553.9,52660.6,52547.8,52551.05,0
1720161900000,52548.3,52624.05,52485.45,52500.55,0
1720165500000,52499.85,52581.2,52465.7,52512.65,0
1720169100000,52512.5,52732.6,52431.45,52685.8,0
1720172700000,52687.05,52715.05,52621.6,52633.15,0
1720410300000,52533.1,52710.8,52321.2,52561.35,0
1720413900000,52561.9,52688,52388.75,52450.7,0
1720417500000,52447.85,52469.7,52252.45,52283.65,0
1720421100000,52285.1,52437.1,52246.7,52389.8,0
1720424700000,52395.25,52518.25,52333.8,52430.85,0
1720428300000,52436.45,52508.95,52348.75,52400.55,0
1720431900000,52401.1,52507.8,52377.3,52470.05,0
1720496700000,52390.5,52586.3,52292.95,52490.15,0
1720500300000,52490.85,52574.55,52475,52527.9,0
1720503900000,52529.75,52626.6,52512.8,52560.8,0
1720507500000,52557.9,52573.15,52483.7,52558.75,0
1720511100000,52558.05,52595.5,52534.1,52581.15,0
1720514700000,52578.7,52603,52500.95,52567,0
1720518300000,52567.25,52607.65,52488.4,52521.4,0
1720583100000,52528.8,52528.8,52175.2,52284.55,0
1720586700000,52278.7,52300.95,52077.9,52124,0
1720590300000,52123.7,52187.75,52082.15,52153.75,0
1720593900000,52156.25,52168.8,52107.75,52129.3,0
1720597500000,52128.2,52147.85,52075.4,52120.35,0
1720601100000,52121.7,52238.55,52100.1,52174.4,0
1720604700000,52172.7,52234.5,52160.15,52217.3,0
1720669500000,52316.9,52400.3,52110,52140.65,0
1720673100000,52141.55,52142.85,51749.45,51801.5,0
1720676700000,51796.6,51928.35,51768.35,51882.85,0
1720680300000,51883.5,51965.7,51863.5,51933.1,0
1720683900000,51933.85,52244.7,51877.95,52168.7,0
1720687500000,52170.5,52343.3,52131.25,52287.6,0
1720691100000,52288.85,52335.2,52254.85,52305.65,0
1720755900000,52272.65,52510.75,52171.15,52237,0
1720759500000,52232.15,52794.55,52224.9,52649.8,0
1720763100000,52647.4,52659.45,52448.4,52551.5,0
1720766700000,52554.85,52586.5,52444.65,52554.65,0
1720770300000,52555.55,52637.35,52532,52562.15,0
1720773900000,52562.3,52582.3,52226.05,52228.45,0
1720777500000,52224.75,52350.65,52193.3,52348.7,0
1721015100000,52330.05,52444.9,52167.25,52313,0
1721018700000,52313.5,52516.4,52228.8,52426.7,0
1721022300000,52426.6,52445.9,52154,52358.3,0
1721025900000,52357.85,52441.9,52256.3,52434.6,0
1721029500000,52438.5,52662.25,52426.8,52545.2,0
1721033100000,52542.05,52614.15,52424.65,52448.95,0
1721036700000,52442.9,52486.65,52422.65,52484.4,0
1721101500000,52466.7,52619.05,52357.5,52448.1,0
1721105100000,52450.05,52526.4,52435.75,52499,0
1721108700000,52497.45,52512.7,52426.2,52436,0
1721112300000,52436.9,52513.85,52423.7,52461.55,0
1721115900000,52461.5,52476.85,52375.5,52416.1,0
1721119500000,52419.05,52456.7,52331.6,52407.5,0
1721123100000,52407.25,52454.35,52365.85,52399.95,0
1721274300000,52215.05,52668.8,52168.65,52608,0
1721277900000,52602.4,52631.05,52267.65,52272.95,0
1721281500000,52273.6,52436.35,52185.7,52427.85,0
1721285100000,52424.05,52583.4,52352.7,52557.8,0
1721288700000,52562.25,52754.05,52505.95,52734.6,0
1721292300000,52730.95,52782.75,52607.05,52630.1,0
1721295900000,52631.1,52653.05,52558.25,52559.25,0
1721360700000,52531.55,52586.75,52317.5,52362.4,0
1721364300000,52360.65,52475.45,52146.3,52298.1,0
1721367900000,52297.2,52397.75,52257.95,52344.1,0
1721371500000,52342.9,52376.1,52182.3,52255.4,0
1721375100000,52250,52384.4,52217.25,52263.9,0
1721378700000,52264.8,52341.15,52234.75,52277.05,0
1721382300000,52281.6,52287.45,52195.35,52222.95,0
1721619900000,52145.6,52369.05,51874.55,52365.45,0
1721623500000,52364.6,52427,52267.55,52313.9,0
1721627100000,52314.2,52331.05,52230,52263.55,0
1721630700000,52264.45,52272.15,52165.8,52241.9,0
1721634300000,52242.4,52324.85,52231.45,52243.75,0
1721637900000,52244.85,52332.55,52217.65,52309.8,0
1721641500000,52312.75,52332.55,52262.75,52328.6,0
1721706300000,52511,52547.55,52088.55,52219.95,0
1721709900000,52215.1,52427.45,52124.45,52351.1,0
1721713500000,52350.5,52370.5,51801.1,52163.4,0
1721717100000,52167.8,52197.25,51342.65,51359.75,0
1721720700000,51363.45,51917.8,51363.45,51849.15,0
1721724300000,51850.35,52086.35,51670.5,51752.3,0
1721727900000,51747.8,51778.5,51661,51757.15,0
1721792700000,51657.65,51944.65,51469.8,51703.35,0
1721796300000,51701.05,51831.4,51153.6,51190.6,0
1721799900000,51190.15,51236.95,51009.1,51071.15,0
1721803500000,51071.85,51120.55,50784.25,51102.65,0
1721807100000,51103,51515.55,51006.95,51034.95,0
1721810700000,51039.35,51334.8,50994.1,51314.45,0
1721814300000,51314.7,51462.15,51260.15,51429.75,0
1721879100000,50762.3,51006.1,50572,50636.05,0
1721882700000,50638.05,50768.25,50559.9,50737.25,0
1721886300000,50736.35,50879.15,50696.55,50839.65,0
1721889900000,50837.25,50879.55,50778.9,50833.25,0
1721893500000,50831.35,50921.7,50776.1,50890.4,0
1721897100000,50894.4,50936.25,50841.45,50897.9,0
1721900700000,50898.55,50898.55,50853.8,50886.55,0
1721965500000,50456.1,50876.4,50438.3,50722.15,0
1721969100000,50722.4,50950.45,50706.4,50895.3,0
1721972700000,50891.45,50987.25,50851.5,50878.85,0
1721976300000,50878.15,51201.55,50863,51200,0
1721979900000,51205.15,51322.2,51160.3,51222.75,0
1721983500000,51223.8,51345.45,51136.95,51321.25,0
1721987100000,51319.5,51398.6,51264.9,51352.75,0
1722224700000,51546.65,51954.4,51433.9,51798.95,0
1722228300000,51798.5,52183,51778.75,52130.35,0
1722231900000,52130.45,52340.25,51737,51833.8,0
1722235500000,51829.15,51866.9,51186.95,51516.85,0
1722239100000,51521.9,51717.65,51343.75,51345.35,0
1722242700000,51345.9,51617.85,51264.65,51311.85,0
1722246300000,51311.35,51395.05,51293.45,51389.6,0
1722311100000,51383.9,51601.55,51260.05,51470.1,0
1722314700000,51472.05,51703,51448.15,51645.1,0
1722318300000,51645.2,51784.6,51642.25,51689.15,0
1722321900000,51690.6,51957.75,51671.75,51802.6,0
1722325500000,51797.3,51866.5,51627.75,51795.5,0
1722329100000,51795.85,51922.55,51413.2,51462.35,0
1722332700000,51460.9,51510.85,51390.6,51426.15,0
1722397500000,51583.45,51621.75,51392.85,51606.85,0
1722401100000,51603.35,51661.85,51523.2,51557.15,0
1722404700000,51555.45,51571.85,51400.1,51475.9,0
1722408300000,51475.6,51579.8,51444.9,51498.05,0
1722411900000,51491.05,51541.25,51335.7,51385.7,0
1722415500000,51385.65,51583.45,51363.4,51547.45,0
1722419100000,51549,51663.1,51542.65,51620.8,0
1722483900000,51672.6,51877.15,51646.05,51692.55,0
1722487500000,51688.8,51779.25,51667.6,51750.3,0
1722491100000,51749.6,51765.4,51685.7,51711,0
1722494700000,51706.65,51723.3,51580.85,51694.15,0
1722498300000,51694.4,51721.3,51565.7,51569.1,0
1722501900000,51568.55,51595.8,51456.2,51571.65,0
1722505500000,51571.3,51639.15,51570.15,51606.45,0
1722570300000,51172.25,51376.8,51087.85,51247.65,0
1722573900000,51246.65,51534.9,51241.35,51480.9,0
1722577500000,51478.05,51568.35,51425.35,51469.9,0
1722581100000,51468.7,51495.5,51364.15,51452.7,0
1722584700000,51445.25,51608.7,51432.85,51500.95,0
1722588300000,51496.9,51542,51308.95,51341.7,0
1722591900000,51342.1,51401.05,51325.35,51337.75,0
1722829500000,50586.25,50747.55,50346.7,50389.1,0
1722833100000,50381.9,50441.65,49902.65,49920.5,0
1722836700000,49922.6,50006.4,49719.1,49992.95,0
1722840300000,49992.9,50047.55,49808.1,50012.4,0
1722843900000,50015.65,50164.6,49942.2,50055.65,0
1722847500000,50051,50221.25,49964.8,50081,0
1722851100000,50081.95,50113.1,50030.6,50056,0
1722915900000,50436.9,50688.8,50237.95,50263.75,0
1722919500000,50270.65,50297.3,49907.6,50147.55,0
1722923100000,50148.4,50255.25,50079.6,50188.15,0
1722926700000,50183.45,50199.6,50079.35,50096.35,0
1722930300000,50094.1,50134.1,49725.2,49776.4,0
1722933900000,49776.1,49875.5,49659.05,49735.15,0
1722937500000,49738.45,49797.55,49708.05,49770.2,0
1723002300000,50286.2,50292.45,49794.5,49836.2,0
1723005900000,49835.15,50159.2,49782.2,49929.3,0
1723009500000,49925.85,49977.05,49841,49883.6,0
1723013100000,49891.15,50098.65,49874.15,49931.75,0
1723016700000,49932.7,49980.9,49855.6,49968.4,0
1723020300000,49967.9,50165.45,49945.6,50140.95,0
1723023900000,50139.3,50254.5,50123.35,50226.45,0
1723088700000,50051.9,50185.55,49829.6,49928.3,0
1723092300000,49928,50224.15,49901.55,50168.65,0
1723095900000,50170.95,50407.15,50150.75,50405.45,0
1723099500000,50408.25,50440.75,50109.8,50197.2,0
1723103100000,50195.95,50281.15,50068.85,50198.05,0
1723106700000,50199.85,50287.65,50134.35,50151.1,0
1723110300000,50148.35,50170.2,50094.65,50109.45,0
1723175100000,50612.1,50707.75,50386.45,50545.6,0
1723178700000,50546.45,50601.2,50420.95,50488.25,0
1723182300000,50491.95,50608.1,50481.1,50543.1,0
1723185900000,50541.3,50567.4,50454.1,50492.5,0
1723189500000,50493.95,50632.35,50478.15,50588.5,0
1723193100000,50586.1,50593,50464.05,50470.5,0
1723196700000,50478.25,50490.85,50443.15,50481.8,0
1723434300000,50412.6,50460.15,50149.25,50277.35,0
1723437900000,50278.95,50741.9,50278.95,50721.6,0
1723441500000,50716.45,50792.9,50631.8,50641.1,0
1723445100000,50640.3,50804.85,50603.85,50726,0
1723448700000,50726.65,50830.7,50673.5,50797.8,0
1723452300000,50797.4,50814.1,50525.35,50591.75,0
1723455900000,50598.9,50607.95,50543.5,50578.55,0
1723520700000,50395.35,50559.25,50308.6,50355.75,0
1723524300000,50354.75,50373.8,50226.6,50299.85,0
1723527900000,50298.35,50344,50200.95,50260.8,0
1723531500000,50260.4,50268.55,49992.65,50036.65,0
1723535100000,50037.2,50129.25,49877.3,49961.9,0
1723538700000,49961.65,49970.1,49794.7,49803.8,0
1723542300000,49805.55,49868.45,49785.1,49853.7,0
1723607100000,49887.15,49959.25,49654.65,49728.05,0
1723610700000,49728.4,49857.6,49703.25,49726.55,0
1723614300000,49725.35,49779.3,49681,49756.15,0
1723617900000,49754.85,49774.65,49702.6,49752.2,0
1723621500000,49754.95,49800.4,49703.5,49763.55,0
1723625100000,49761.4,49778.1,49692.8,49701.35,0
1723628700000,49702.5,49763.7,49697.05,49746.4,0
1723779900000,50133,50290.3,49873.9,49981.8,0
1723783500000,49982.75,50016.75,49806.05,49951,0
1723787100000,49951.85,50415.65,49938.15,50370.05,0
1723790700000,50365.2,50442.4,50291.8,50389.75,0
1723794300000,50390.5,50603.4,50361,50578.9,0
1723797900000,50575.2,50580.55,50432.85,50529.3,0
1723801500000,50534.15,50541.55,50484.8,50510.95,0
1724039100000,50683.55,50728.25,50386.1,50406.55,0
1724042700000,50407.25,50490.75,50361.85,50423.8,0
1724046300000,50427.7,50585.9,50407.05,50453.45,0
1724049900000,50451,50467.25,50340.65,50408.75,0
1724053500000,50408.7,50470.9,50298.65,50330.75,0
1724057100000,50334.1,50413.2,50283.55,50359.05,0
1724060700000,50356.9,50432.3,50356.65,50418.85,0
1724125500000,50417.25,50807.1,50398.6,50785,0
1724129100000,50788.95,50911.7,50721.25,50894.05,0
1724132700000,50893.75,50959.05,50861.8,50940.35,0
1724136300000,50944.25,51025.6,50908.65,50999.85,0
1724139900000,50998.8,51003.7,50915.85,50926.1,0
1724143500000,50927.1,50942.5,50772.65,50773.9,0
1724147100000,50775.2,50803.4,50709.4,50719.1,0
1724211900000,50666.65,50764.45,50421.65,50504.85,0
1724215500000,50505.35,50613.8,50343.85,50414,0
1724219100000,50412.05,50690.65,50409.8,50561.4,0
1724222700000,50563.5,50605.2,50464.9,50507.65,0
1724226300000,50507.25,50509.65,50333.35,50491.45,0
1724229900000,50491,50718.75,50392.2,50681.65,0
1724233500000,50684.1,50772.45,50661.75,50737.7,0
1724298300000,50894.8,51012.6,50794.45,50918.7,0
1724301900000,50918.75,50983.4,50880.2,50915.85,0
1724305500000,50915.7,51042.45,50886.2,50972.65,0
1724309100000,50973.95,51066,50961.05,51019.75,0
1724312700000,51017.3,51080,50974.45,51017.4,0
1724316300000,51018.3,51030.6,50910.9,51002.45,0
1724319900000,51001.65,51004.2,50941.55,50952.65,0
1724384700000,51040.05,51117.85,50856.7,50960.6,0
1724388300000,50962.9,51047.25,50925.65,51007.1,0
1724391900000,51008.05,51048.2,50976.65,50998.8,0
1724395500000,50998.35,51031.15,50962.45,51018.15,0
1724399100000,51015,51018.15,50930.55,50958.9,0
1724402700000,50958.5,51017.75,50888.95,50922.15,0
1724406300000,50917,50965.3,50904.2,50961.35,0
1724643900000,51100.65,51313,51061.55,51295.65,0
1724647500000,51296.55,51317.85,51148.5,51204.2,0
1724651100000,51205.3,51249.35,51184.7,51204.3,0
1724654700000,51204.7,51279.9,51185.9,51222.7,0
1724658300000,51220.75,51251.3,51151.25,51166.6,0
1724661900000,51166.65,51193.55,51106.55,51153.85,0
1724665500000,51158.9,51176.9,51139.95,51163.35,0
1724730300000,51214.05,51266.1,50938.1,51143.65,0
1724733900000,51140.9,51270.25,50980.4,51201.55,0
1724737500000,51201.1,51404.7,51196.2,51306.5,0
1724741100000,51307.05,51392.05,51262.1,51352.7,0
1724744700000,51355.25,51382.5,51273.95,51322.05,0
1724748300000,51319.4,51352.35,51203.3,51290.75,0
1724751900000,51292.35,51296.6,51150.95,51171.5,0
1724816700000,51208.95,51239.15,51085.75,51122.05,0
1724820300000,51120.8,51203.15,51094.85,51201.15,0
1724823900000,51198.6,51235.9,51160.95,51212.45,0
1724827500000,51210.5,51260.75,51190.2,51220.55,0
1724831100000,51227.35,51247.05,51191.3,51236.05,0
1724834700000,51235.2,51249.8,51126.45,51145.4,0
1724838300000,51150.3,51158.9,51033.7,51049.55,0
1724903100000,51103.75,51304.05,51028.7,51260.2,0
1724906700000,51259.85,51270.3,51177.45,51222.3,0
1724910300000,51221.65,51266.6,51145.5,51262.65,0
1724913900000,51262.15,51368.95,51223.8,51271.3,0
1724917500000,51272,51296.15,51018.5,51114.7,0
1724921100000,51112.95,51250.45,50984.4,51127.25,0
1724924700000,51123.85,51195.4,51100.25,51166.8,0
1724989500000,51437.45,51454.55,51304.3,51336.6,0
1724993100000,51333.55,51389.9,51319.6,51361.2,0
1724996700000,51362.65,51444.65,51318.2,51428.25,0
1725000300000,51427.95,51466.55,51391.4,51420.6,0
1725003900000,51420.15,51443.85,51372.6,51406.75,0
1725007500000,51403,51451.6,51290.85,51356,0
1725011100000,51358.6,51371,51256,51319.55,0
1725248700000,51579.5,51579.5,51354.95,51390,0
1725252300000,51385.9,51415.15,51334.45,51403.05,0
1725255900000,51400.5,51438.95,51295.8,51353.95,0
1725259500000,51359.8,51388.55,51305.75,51346.3,0
1725263100000,51347.1,51554.8,51304.25,51509.65,0
1725266700000,51508.4,51548.1,51406.75,51443.25,0
1725270300000,51441.65,51457.3,51380.15,51431.8,0
1725335100000,51479.75,51501.3,51305.15,51413.15,0
1725338700000,51412.85,51436.75,51288.4,51289.1,0
1725342300000,51294.45,51404.45,51240.05,51373.25,0
1725345900000,51373.3,51407.3,51319.7,51372.55,0
1725349500000,51375.15,51421,51293.8,51397.35,0
1725353100000,51393.85,51750.1,51354.2,51726.25,0
1725356700000,51725.9,51733.15,51664.55,51690.05,0
1725421500000,51364.65,51503.55,51259.9,51371.05,0
1725425100000,51370.05,51443.65,51316.4,51408.85,0
1725428700000,51411.5,51437.5,51375.4,51420.85,0
1725432300000,51419.45,51450.8,51393.45,51424.25,0
1725435900000,51424,51459.9,51395.65,51409.95,0
1725439500000,51408.7,51461,51343.35,51414.6,0
1725443100000,51413.25,51431,51373,51390.6,0
1725507900000,51544.25,51636.75,51433.7,51480.9,0
1725511500000,51480.5,51493.55,51389.15,51471.75,0
1725515100000,51472.05,51477.85,51421.5,51463.35,0
1725518700000,51464.5,51512.95,51433,51454.5,0
1725522300000,51452.65,51473.3,51425.95,51465.05,0
1725525900000,51466.3,51506.2,51405.9,51491.6,0
1725529500000,51490.6,51497.75,51445.05,51445.05,0
1725594300000,51200.4,51380.05,50898.25,50987.5,0
1725597900000,50987.8,51070.15,50868.2,50919.45,0
1725601500000,50920.15,50962.2,50846.25,50897.4,0
1725605100000,50896.15,50953.4,50785.3,50831.8,0
1725608700000,50827.5,50862.35,50739.85,50816.95,0
1725612300000,50813.25,50822.5,50447.3,50574.4,0
1725615900000,50572.35,50648.55,50569.95,50627.8,0
1725853500000,50549.25,50691.45,50369.4,50593.55,0
1725857100000,50590.6,50810.15,50547.05,50772.95,0
1725860700000,50773.4,50891.65,50669.7,50687.85,0
1725864300000,50686.4,50715.65,50563.85,50679.4,0
1725867900000,50678.05,50971.8,50651.9,50954.7,0
1725871500000,50955.85,51192.75,50919.25,51112.35,0
1725875100000,51107.7,51130.95,51072.7,51126.55,0
1725939900000,51328.3,51329.8,50958.25,51063.6,0
1725943500000,51067.25,51194.4,51046.15,51142.45,0
1725947100000,51140.5,51253.85,51130.75,51211.45,0
1725950700000,51215.5,51289.05,51174.15,51264.45,0
1725954300000,51263.25,51366,51250.3,51317.95,0
1725957900000,51313.95,51340.25,51175.75,51267.1,0
1725961500000,51265,51320.85,51251,51277.65,0
1726026300000,51218.55,51317.6,51047.8,51266.45,0
1726029900000,51267.55,51420.15,51211.35,51346.35,0
1726033500000,51344.75,51352.45,51058.45,51181.1,0
1726037100000,51182.45,51207.8,51076.65,51125.9,0
1726040700000,51124.45,51178.35,51031.6,51050.15,0
1726044300000,51048.6,51103.2,50949.65,50962.1,0
1726047900000,50968.9,51094.5,50947.7,51094.5,0
1726112700000,51271,51307.05,51115.25,51176.55,0
1726116300000,51175.6,51210.4,51091.75,51173.7,0
1726119900000,51175.5,51225.25,51025,51201.15,0
1726123500000,51201.55,51239.75,51116.9,51187.9,0
1726127100000,51188.05,51549.85,51167.65,51518.1,0
1726130700000,51516.55,51878.1,51514.55,51855.05,0
1726134300000,51849.1,51854.85,51635.65,51668.05,0
1726199100000,51952.55,51952.55,51643.95,51679.55,0
1726202700000,51682.9,51895.9,51676.3,51872.05,0
1726206300000,51872.65,51905.3,51771.95,51884.4,0
1726209900000,51883.35,51959.25,51840.2,51953.65,0
1726213500000,51952.2,51983.3,51816.95,51948.3,0
1726217100000,51950.5,51994.1,51872.05,51957,0
1726220700000,51956.75,51974.6,51879.2,51896.6,0
1726458300000,52038.7,52193.15,51921.45,52129.8,0
1726461900000,52126.9,52169.5,52073.85,52097.35,0
1726465500000,52100.1,52131.8,52046.95,52065.6,0
1726469100000,52064.45,52123.3,52007.6,52116.75,0
1726472700000,52118.2,52203.65,52113.65,52157.7,0
1726476300000,52158.9,52208.7,52094.2,52143.7,0
1726479900000,52141.3,52176.2,52138.95,52153.85,0
1726544700000,52249.05,52284.6,52085.5,52166.3,0
1726548300000,52166.95,52232.95,52115.45,52184.75,0
1726551900000,52196.7,52268.55,52179.15,52216.3,0
1726555500000,52209.25,52271.45,52208.4,52259.6,0
1726559100000,52259.7,52270.3,52207.9,52233.45,0
1726562700000,52229.85,52262.45,52164.05,52174.25,0
1726566300000,52174.2,52194.8,52128.8,52144.65,0
1726631100000,52177.1,52484.55,52154.55,52442.5,0
1726634700000,52440.55,52741.4,52433.4,52671.95,0
1726638300000,52669.65,52795.35,52660,52773.8,0
1726641900000,52767.45,52954.2,52761.7,52795.4,0
1726645500000,52794.15,52830.2,52647.55,52810,0
1726649100000,52807.7,52859.05,52727.8,52794.45,0
1726652700000,52788.6,52792.8,52622.8,52633.1,0
1726717500000,52929.25,53353.3,52893.3,53060.8,0
1726721100000,53064.95,53203.35,53024.95,53149.2,0
1726724700000,53150.65,53159.75,52847.9,52977,0
1726728300000,52978.7,53110.35,52885.85,52967.05,0
1726731900000,52968,53021.15,52882.05,52970.05,0
1726735500000,52969,53081.55,52916.35,53053.15,0
1726739100000,53055.05,53102.2,53013.4,53045.15,0
1726803900000,53235.8,53434.25,53037.6,53348.2,0
1726807500000,53352.9,53556.6,53296.85,53535.45,0
1726811100000,53538.25,53639.65,53453.95,53598,0
1726814700000,53598.55,53711.9,53545.95,53649.1,0
1726818300000,53644.3,53676.6,53095.05,53410.2,0
1726821900000,53414.4,53864.45,53246,53826.8,0
1726825500000,53828.1,54066.1,53778.6,53937.15,0
1727063100000,53917.9,53986.15,53741.4,53934.35,0
1727066700000,53935.5,53983.75,53868.35,53966.5,0
1727070300000,53968.55,53994.6,53891.45,53954.45,0
1727073900000,53953.45,54052.85,53935.5,54024.9,0
1727077500000,54027.05,54092.15,54008.45,54075.65,0
1727081100000,54078.6,54197.95,54039.85,54080.75,0
1727084700000,54088.85,54120.55,54042.9,54076.3,0
1727149500000,54110.65,54158.4,53962.95,54069.95,0
1727153100000,54066.8,54119.85,53966.45,53985.55,0
1727156700000,53984.4,54033.6,53940.8,54021.4,0
1727160300000,54021.7,54127.65,54016.7,54105.25,0
1727163900000,54107.05,54151.4,54055.5,54108.4,0
1727167500000,54100.6,54247.7,53904.65,53978.6,0
1727171100000,53977.1,54028.55,53951.4,53971.25,0
1727235900000,53794,54030.75,53792.85,53953.75,0
1727239500000,53955.4,54083.25,53949.6,54009.9,0
1727243100000,54013.4,54056.55,53979.95,54026.45,0
1727246700000,54021.1,54062.2,53989.85,54035,0
1727250300000,54032,54093.3,54029.7,54076.85,0
1727253900000,54077.2,54141,54028.4,54108.7,0
1727257500000,54106.05,54141.3,54060.65,54135.75,0
1727322300000,54045.85,54179.3,54010.9,54140.55,0
1727325900000,54141.05,54202.15,54111.7,54148.75,0
1727329500000,54150.2,54242.05,54122.65,54233.9,0
1727333100000,54231.4,54262.4,54122.2,54149.75,0
1727336700000,54154.55,54225.8,54084.9,54176.15,0
1727340300000,54174.45,54467.35,54174.45,54324.6,0
1727343900000,54321.9,54356.35,54243.75,54281.5,0
1727408700000,54338.7,54338.7,54172.6,54295.65,0
1727412300000,54290.45,54327.45,54172.5,54216,0
1727415900000,54217.9,54231.3,54148.05,54184.7,0
1727419500000,54184.4,54188.15,53945.65,53974.6,0
1727423100000,53971.55,53978.9,53830.6,53903.25,0
1727426700000,53895.5,53945.1,53763.2,53833,0
1727430300000,53834.75,53876.7,53787.5,53834.3,0
1727667900000,53556.95,53726.4,53107.85,53240.85,0
1727671500000,53242.85,53357.6,53184.3,53249.25,0
1727675100000,53249.95,53301.5,53075.05,53103.15,0
1727678700000,53097.95,53141.55,53039.3,53070.05,0
1727682300000,53070.65,53090.75,52954.15,53022.55,0
1727685900000,53011.05,53073.1,52926.55,53000.45,0
1727689500000,52999.75,53019,52963.75,52989.7,0
1727754300000,52844,53235.25,52844,52960.8,0
1727757900000,52965.7,53026.4,52817.8,52959.2,0
1727761500000,52960.4,53079.05,52943.8,52987.1,0
1727765100000,52984.55,53020.15,52923.8,52982.7,0
1727768700000,52980.6,53010.75,52949,52967,0
1727772300000,52965.75,52987.65,52859.5,52912.8,0
1727775900000,52913.6,52993.95,52882.7,52980,0
1727927100000,52314.45,52582.95,52300.5,52321.4,0
1727930700000,52323,52397,52225,52339.4,0
1727934300000,52339.3,52343.9,52139.2,52187.05,0
1727937900000,52187.1,52193.4,51931.9,51972.1,0
1727941500000,51969.95,51976.05,51693.35,51796.35,0
1727945100000,51795.15,51966.2,51683.4,51858.95,0
1727948700000,51857.05,51898.75,51815.3,51860.85,0
1728013500000,51643.75,52057.75,51643.75,51839.95,0
1728017100000,51834.65,52243.75,51770.35,52193.8,0
1728020700000,52188,52356.2,52035.45,52353.35,0
1728024300000,52351.65,52358.35,51643.25,51726.45,0
1728027900000,51726,51746.7,51460.15,51528.25,0
1728031500000,51527,51619.45,51347.25,51488.5,0
1728035100000,51488.15,51561.3,51483.2,51555.75,0
1728272700000,51543.2,51784.8,51416.85,51565.15,0
1728276300000,51563.95,51615.6,51112.8,51198.6,0
1728279900000,51195.3,51568.75,51006.55,51117.9,0
1728283500000,51114.3,51255.95,50689.9,50757.75,0
1728287100000,50766.05,50869.55,50194.3,50578.85,0
1728290700000,50573.15,51495.45,50323.4,50401.5,0
1728294300000,50407.9,50671.45,50387.75,50617.8,0
1728359100000,50736.1,51025.05,50466,50826.35,0
1728362700000,50826.2,51090.05,50779.25,51018.35,0
1728366300000,51018.55,51104.15,50941.5,51012.5,0
1728369900000,51005.85,51146.4,50909.2,51094.85,0
1728373500000,51093.45,51160.85,51038.05,51143.85,0
1728377100000,51143.75,51176.05,50943.15,51017.15,0
1728380700000,51017.85,51094.25,51011.75,51075.85,0
1728445500000,51161.75,51605.95,50905.55,51603.5,0
1728449100000,51593.65,51707.15,51177.05,51502.7,0
1728452700000,51494.7,51536.55,51047.2,51086.4,0
1728456300000,51091.6,51231.7,51040.65,51064.45,0
1728459900000,51057.35,51144,50986.85,51076.6,0
1728463500000,51079.4,51129,50903.75,51014.75,0
1728467100000,51017,51108.9,51009.65,51088.2,0
1728531900000,51195.7,51413.8,51047,51374.3,0
1728535500000,51375.3,51390.9,51224,51242.45,0
1728539100000,51239.55,51444.6,51216.95,51393,0
1728542700000,51393.1,51480.35,51363.85,51476.95,0
1728546300000,51478.4,51630.35,51446.6,51566.2,0
1728549900000,51561.2,51659.45,51515.95,51531.5,0
1728553500000,51530.35,51535.8,51493.15,51533.4,0
1728618300000,51491.9,51560,51272.6,51538.65,0
1728621900000,51537.9,51543.35,51170.9,51189.15,0
1728625500000,51187.65,51227,51005.85,51087.9,0
1728629100000,51088.5,51191.4,51083.45,51167.4,0
1728632700000,51166.35,51246.5,51111.15,51164.25,0
1728636300000,51167.45,51222.4,51113.25,51159.55,0
1728639900000,51160.55,51194.5,51151.8,51189.25,0
1728877500000,51263.25,51738.15,51220.85,51617.2,0
1728881100000,51615,51759.45,51615,51738.3,0
1728884700000,51741.25,51792.25,51695.4,51752.15,0
1728888300000,51752.1,51770.95,51670.7,51686.2,0
1728891900000,51687.3,51796.7,51669.45,51782.05,0
1728895500000,51784.85,51839.45,51747.95,51798.55,0
1728899100000,51798.85,51893,51792.85,51879.05,0
1728963900000,51975.95,52022.05,51708,51753.85,0
1728967500000,51756.4,51963.85,51737.75,51778.8,0
1728971100000,51780.35,51892.65,51698.75,51873.35,0
1728974700000,51874,51951.2,51815.05,51819.2,0
1728978300000,51815.8,51946.9,51807.95,51909.8,0
1728981900000,51909.3,51962.3,51797.05,51905.85,0
1728985500000,51906,51990.7,51886.9,51945.4,0
1729050300000,51711.2,52031.6,51711.2,51944.3,0
1729053900000,51942.55,51964.75,51882.95,51909.6,0
1729057500000,51905.9,51913.75,51831.6,51867.65,0
1729061100000,51867.2,51922.45,51856.3,51911.6,0
1729064700000,51911.45,51923.25,51840.3,51856.15,0
1729068300000,51854.5,51893.1,51766,51810.9,0
1729071900000,51810.35,51825.65,51770,51796.4,0
1729136700000,51849.3,51930.2,51351.25,51401,0
1729140300000,51398.05,51437.95,51239.2,51253.25,0
1729143900000,51254,51325.3,51150.25,51302.25,0
1729147500000,51308.6,51355.8,51186.7,51231.45,0
1729151100000,51232.95,51297.8,51178.35,51260.35,0
1729154700000,51257.95,51304,51209.3,51295.15,0
1729158300000,51291.3,51346.8,51247.9,51269.55,0
1729223100000,51261,51566.9,51000.9,51555.3,0
1729226700000,51555,51661.05,51459,51529.15,0
1729230300000,51533.6,51855,51489.55,51763.4,0
1729233900000,51767.4,51962.95,51767.25,51878.65,0
1729237500000,51876.8,52173.05,51868.65,52121.25,0
1729241100000,52117.6,52199.45,52021.95,52065.25,0
1729244700000,52068.3,52155.25,52059.6,52138.7,0
1729482300000,52361.1,52577.5,51947.1,52155.1,0
1729485900000,52157.1,52231.7,52042.3,52110.45,0
1729489500000,52114.6,52135.1,51910.95,51915.5,0
1729493100000,51913.7,52014,51879.05,51975.15,0
1729496700000,51977.85,52123.6,51968.5,52020.1,0
1729500300000,52019,52081.15,51919.15,51997.85,0
1729503900000,51998.9,51998.9,51855.15,51857.05,0
1729568700000,52071.35,52257.3,51853.95,52070.7,0
1729572300000,52069.8,52083.9,51721.75,51941.8,0
1729575900000,51940.9,51955.8,51513.65,51629.95,0
1729579500000,51627.3,51770.45,51444,51504,0
1729583100000,51505.1,51681.2,51411.2,51672.05,0
1729586700000,51676.25,51679.15,51179.6,51239.75,0
1729590300000,51237.9,51312.15,51189.85,51271.6,0
1729655100000,51117.8,51551.55,51107.9,51295.9,0
1729658700000,51298,51371.65,51167.1,51249.8,0
1729662300000,51245.85,51298.25,51167.4,51197.05,0
1729665900000,51198.25,51261.1,51165.95,51218.25,0
1729669500000,51218.85,51291.05,51191.45,51214.85,0
1729673100000,51216.75,51300.6,51164.3,51222.65,0
1729676700000,51221.6,51259.55,51158.2,51241.8,0
1729741500000,51272.3,51679.1,51201.85,51647.55,0
1729745100000,51647.3,51781.55,51554.45,51568.15,0
1729748700000,51567.6,51710.85,51559.95,51608.35,0
1729752300000,51609.6,51648.35,51504.1,51555.6,0
1729755900000,51556.25,51623.1,51493.75,51583.95,0
1729759500000,51583.15,51598.9,51411.3,51539.85,0
1729763100000,51539.05,51582.75,51522.85,51565.9,0
1729827900000,51369.75,51501.05,50587,50641.35,0
1729831500000,50647.25,50748.9,50440.6,50507.7,0
1729835100000,50515.4,50715.15,50510.65,50613.5,0
1729838700000,50617.75,50687.9,50542,50638.7,0
1729842300000,50638.6,50662.4,50450.3,50473.95,0
1729845900000,50481.05,50828.9,50382.1,50795.65,0
1729849500000,50800.85,50888.95,50798.1,50854.7,0
1730087100000,51061.35,51454.6,51012.55,51423.65,0
1730090700000,51421.2,51566.1,51254.9,51375.55,0
1730094300000,51376.25,51586.9,51305.85,51569.15,0
1730097900000,51568.55,51589.15,51350,51433.95,0
1730101500000,51443.4,51497,51296.9,51328.25,0
1730105100000,51328.4,51361.45,51157.45,51296.1,0
1730108700000,51293.65,51359.55,51254.45,51328.15,0
1730173500000,51404.1,51540.4,51278.9,51521.85,0
1730177100000,51522.9,51557.35,51331.75,51455.55,0
1730180700000,51456.85,51765,51375.85,51759.5,0
1730184300000,51761.3,51923.65,51701.9,51894.15,0
1730187900000,51903.25,52271.15,51785.95,52252.9,0
1730191500000,52253.05,52354.85,52188.4,52345.4,0
1730195100000,52343.05,52349.45,52263.2,52284.85,0
1730259900000,51988.7,52220,51814.3,51930.3,0
1730263500000,51928.55,52100.75,51733,51933.85,0
1730267100000,51934.7,52049.8,51896.6,51960.6,0
1730270700000,51959.05,52191.85,51941.45,51969.55,0
1730274300000,51967,51978,51805.5,51807.85,0
1730277900000,51810.35,51839,51742.7,51782.65,0
1730281500000,51778.65,51899.4,51757.25,51849.2,0
1730346300000,51649.45,52005.6,51649.45,51861.45,0
1730349900000,51859,51870.7,51736.15,51755.5,0
1730353500000,51755.2,51759.1,51629.8,51640.95,0
1730357100000,51640.75,51644.7,51341.1,51450.15,0
1730360700000,51450.05,51535.8,51339.55,51340.7,0
1730364300000,51341.75,51480.45,51318.1,51452.3,0
1730367900000,51452.8,51579.1,51450.55,51555.6,0
1730461500000,51550.15,51825.5,51459.4,51771.45,0
1730465100000,51770.3,51795.65,51631.3,51675.2,0
1730691900000,51764.5,51764.5,51272.65,51301.55,0
1730695500000,51301.35,51355.35,51094.25,51121.4,0
1730699100000,51121.55,51174.65,51066.8,51102.65,0
1730702700000,51096.4,51165,51069.9,51143.4,0
1730706300000,51143.05,51224.75,51108.6,51210.85,0
1730709900000,51207.65,51236.6,51141.8,51218.95,0
1730713500000,51218.15,51260.8,51181.15,51227.2,0
1730778300000,51052.6,51279.9,51050,51207.95,0
1730781900000,51206.95,51443.7,51026.9,51240.6,0
1730785500000,51238.4,51278.85,50865.45,51029.1,0
1730789100000,51030.55,51230.85,50922.75,51113.55,0
1730792700000,51112.9,52130.35,51100.2,52110.1,0
1730796300000,52112.5,52289.55,52059.65,52192.9,0
1730799900000,52190.2,52209.65,52094.4,52105.85,0
1730864700000,52440.4,52493.95,52256.35,52340.15,0
1730868300000,52341.45,52365.7,52187.35,52321.75,0
1730871900000,52320.35,52451.15,52306.4,52395.95,0
1730875500000,52393.7,52409.8,52326.7,52341.45,0
1730879100000,52338.25,52377.25,52284.25,52352.9,0
1730882700000,52355.1,52409.4,52232.35,52294.55,0
1730886300000,52294.05,52396.5,52293.75,52384.55,0
1730951100000,52258.95,52377.25,51769.4,51835.45,0
1730954700000,51839.15,52090.75,51752.25,51957.25,0
1730958300000,51958.15,51958.45,51775.95,51869.3,0
1730961900000,51870.8,52062.65,51824.65,52061.05,0
1730965500000,52061.9,52063.1,51853.1,51948.45,0
1730969100000,51950.8,51977.5,51858.9,51894.45,0
1730972700000,51893.6,51941.2,51868.95,51891.9,0
1731037500000,51869.15,52007.15,51609.05,51826.45,0
1731041100000,51825.35,51853.2,51559.2,51669.45,0
1731044700000,51668.6,51683.25,51495.05,51550.8,0
1731048300000,51550,51730.4,51542.95,51724.1,0
1731051900000,51725.8,51862.15,51606.8,51631.35,0
1731055500000,51630.65,51673.75,51505,51550.7,0
1731059100000,51552.65,51586.35,51494,51532.15,0
1731296700000,51562.7,51674.15,51294.2,51545.95,0
1731300300000,51545.3,52104.5,51522.35,52103.15,0
1731303900000,52098.25,52177.7,52042.95,52091.2,0
1731307500000,52091.55,52109.5,51963.5,52044.1,0
1731311100000,52046.7,52078.6,51831.7,51832.95,0
1731314700000,51830.6,51965.1,51767.75,51940.8,0
1731318300000,51945.75,51958.55,51799.25,51812.35,0
1731383100000,52053.75,52169.05,51782.6,51964.25,0
1731386700000,51966.6,52008.05,51586.35,51777.95,0
1731390300000,51773.2,51874.7,51686.7,51725.35,0
1731393900000,51724.45,51765.1,51234.75,51292.2,0
1731397500000,51292.15,51364.25,51123.95,51230.55,0
1731401100000,51226.45,51337.15,51006.85,51100.75,0
1731404700000,51103.25,51205,51100.9,51120.6,0
1731469500000,51030.95,51353.5,50866.2,50895.6,0
1731473100000,50895.5,51047.9,50700.65,50707,0
1731476700000,50705.05,50746.4,50620.65,50665.85,0
1731480300000,50665.95,50770.4,50629.55,50680.35,0
1731483900000,50688.15,50853.6,50540.2,50587.3,0
1731487500000,50590.25,50593.6,49904.4,50072.15,0
1731491100000,50070.55,50340.15,50070.55,50290.5,0
1731555900000,50053.45,50561.8,50049.25,50471.5,0
1731559500000,50465.25,50544.5,49939.35,49971.3,0
1731563100000,49972.4,50364.95,49966.3,50353.75,0
1731566700000,50354.8,50357.7,50165.2,50306,0
1731570300000,50305.75,50345.2,50145.45,50212.55,0
1731573900000,50214.55,50245.75,50078.35,50187.95,0
1731577500000,50185.5,50244.5,50172.25,50239.2,0
1731901500000,50312.45,50367.3,50074,50256.9,0
1731905100000,50250.85,50320.5,50176.95,50232.4,0
1731908700000,50232.75,50408.1,50225.7,50387,0
1731912300000,50387.4,50445.8,50324.75,50399.7,0
1731915900000,50399.5,50406.65,50320.35,50372.95,0
1731919500000,50372.4,50398.65,50296.25,50390.35,0
1731923100000,50389.85,50434.25,50311.05,50361.85,0
1731987900000,50580.55,50839.15,50449.45,50780.05,0
1731991500000,50778.55,50926.4,50754.95,50920.35,0
1731995100000,50918.2,50963.1,50837.15,50883.3,0
1731998700000,50881.55,50957.4,50861.6,50947.65,0
1732002300000,50943.85,50983.5,50805.9,50835.5,0
1732005900000,50835.85,50876.45,50590.2,50611.25,0
1732009500000,50608.65,50661,50440.85,50466,0
1732160700000,50625,50652.15,49787.1,50026.05,0
1732164300000,50024.9,50218.65,49981.7,50158.95,0
1732167900000,50161.9,50549.85,50145.75,50459.45,0
1732171500000,50460.5,50531.7,50162.65,50330.8,0
1732175100000,50326.3,50479.25,50297.2,50404,0
1732178700000,50402.55,50470.55,50249.55,50373.4,0
1732182300000,50376.5,50476.3,50364.45,50448,0
1732247100000,50512.8,50982.4,50508.25,50913.7,0
1732250700000,50913,50937.6,50608.7,50739.6,0
1732254300000,50733.65,51032.7,50662.45,50951.8,0
1732257900000,50951.3,51049.15,50914.3,50987.85,0
1732261500000,50985.85,51250.9,50894.05,51162.45,0
1732265100000,51166.45,51271.5,51040.05,51141.1,0
1732268700000,51141,51151.7,51043.55,51098.55,0
1732506300000,52046.35,52255.7,51774.05,52119.45,0
1732509900000,52119.85,52286.8,52117,52243.5,0
1732513500000,52246.95,52295.6,52172,52243.6,0
1732517100000,52243.35,52249.85,51944.9,52039.6,0
1732520700000,52039.85,52116.85,51986.4,52036.75,0
1732524300000,52036.1,52232.1,51998.25,52195.35,0
1732527900000,52195.05,52331.1,52159.3,52199.4,0
1732592700000,52554.9,52555.5,52118.5,52240.5,0
1732596300000,52237.1,52237.1,51999.75,52085.65,0
1732599900000,52087.15,52170.35,52055.15,52113.5,0
1732603500000,52114.7,52163.45,52075.75,52094.6,0
1732607100000,52098.2,52163.45,52069.05,52116.15,0
1732610700000,52116.1,52231.85,52111.25,52212.6,0
1732614300000,52215.15,52231.2,52158.95,52178.5,0
1732679100000,52154.3,52295.75,52019.65,52125.7,0
1732682700000,52125.9,52188.9,52034.55,52137.45,0
1732686300000,52136.35,52392.15,52112.2,52331.45,0
1732689900000,52331.05,52444.35,52319.1,52390.65,0
1732693500000,52386.15,52418.45,52324.45,52330.25,0
1732697100000,52333.05,52388,52265.9,52302,0
1732700700000,52300.3,52317.95,52271.3,52302.55,0
1732765500000,52389.95,52760.2,52364.3,52706.85,0
1732769100000,52706.55,52718.2,52117.9,52168.85,0
1732772700000,52169.25,52248.75,52022.7,52153.55,0
1732776300000,52154.1,52224.55,51908.3,51927.7,0
1732779900000,51924.45,52117.4,51782.9,51908.55,0
1732783500000,51906.3,52005.65,51821.6,51912.85,0
1732787100000,51913.85,51987.95,51912.35,51983.4,0
1732851900000,51984.15,52170.9,51824.5,51825.8,0
1732855500000,51824.9,52085.8,51778.6,51969.4,0
1732859100000,51975.8,52012.75,51759.45,51889.6,0
1732862700000,51889,51926.5,51811.6,51884.8,0
1732866300000,51885.05,52071.75,51868.4,51977.55,0
1732869900000,51977.15,52122.55,51951.25,52044,0
1732873500000,52044.95,52095.25,51998.05,52023.85,0
1733111100000,52087.65,52119,51693.95,51807.25,0
1733114700000,51805.35,51927.35,51736.7,51822.05,0
1733118300000,51822.9,51880.35,51770.05,51794.45,0
1733121900000,51796.95,51908.85,51789.85,51846.4,0
1733125500000,51846.35,52011,51796.7,52005.9,0
1733129100000,52004.65,52197.25,51999.35,52118.95,0
1733132700000,52118.7,52123.7,52045.55,52118.35,0
1733197500000,52357.95,52538.15,52216.85,52515.2,0
1733201100000,52517.65,52709.25,52512.3,52681.75,0
1733204700000,52679.05,52748.1,52599.65,52635.8,0
1733208300000,52634.2,52698.5,52563.2,52651.8,0
1733211900000,52650.75,52733.05,52615.7,52706.25,0
1733215500000,52706.5,52780.9,52655.25,52684.8,0
1733219100000,52685.1,52720.55,52661.15,52661.15,0
1733283900000,52775,53075.75,52685.15,53031.8,0
1733287500000,53032.05,53182.15,52927.85,53134.6,0
1733291100000,53134.8,53195.3,52884.75,53018.6,0
1733294700000,53018.2,53128.65,52969.7,53112.4,0
1733298300000,53119.3,53373.35,53110.5,53358.05,0
1733301900000,53364.5,53387.1,53204.3,53275.9,0
1733305500000,53279.05,53294.6,53223.65,53235.9,0
1733370300000,53354.45,53375.3,53006.95,53032.6,0
1733373900000,53038.3,53159.95,52850.35,52953.2,0
1733377500000,52950.35,53507.1,52909.2,53484.5,0
1733381100000,53475.8,53647.8,53452.65,53609.95,0
1733384700000,53614.8,53733.85,53461.35,53704.25,0
1733388300000,53708.6,53888.3,53271.7,53659.6,0
1733391900000,53661.45,53671.6,53581.05,53606.75,0
1733456700000,53634.2,53691.65,53160.65,53318.1,0
1733460300000,53313.55,53868.5,53178.25,53697.8,0
1733463900000,53702.45,53709.7,53544.9,53631.3,0
1733467500000,53631.9,53664.95,53549.95,53615.55,0
1733471100000,53614.45,53637.55,53544.8,53578.6,0
1733474700000,53575.4,53598.45,53492.9,53532.25,0
1733478300000,53533.5,53572.05,53472.3,53493.2,0
1733715900000,53380.75,53670.45,53326.4,53408.7,0
1733719500000,53412.15,53598.7,53406.9,53589.75,0
1733723100000,53587.2,53775.1,53573.65,53632.4,0
1733726700000,53630.8,53667.5,53554.8,53616.15,0
1733730300000,53615.25,53650.7,53470.15,53500.4,0
1733733900000,53499.85,53536.25,53363.65,53369.55,0
1733737500000,53371.4,53446.85,53370.65,53420.55,0
1733802300000,53450.05,53596.4,53345.5,53531.7,0
1733805900000,53532.65,53550.7,53417.85,53519.4,0
1733809500000,53520.1,53579.7,53494.6,53526.4,0
1733813100000,53528.1,53528.1,53302.65,53411.2,0
1733816700000,53412.1,53432.15,53303.3,53403.8,0
1733820300000,53403.9,53600.6,53369.5,53568.2,0
1733823900000,53567.8,53624.05,53550.1,53611.1,0
1733888700000,53459.3,53530.15,53330.65,53393.2,0
1733892300000,53393.85,53531.3,53302.15,53497.05,0
1733895900000,53493.75,53648.05,53455.55,53559.25,0
1733899500000,53557.5,53593.15,53444.95,53484.3,0
1733903100000,53484.65,53550.65,53463.85,53513.95,0
1733906700000,53515.5,53541.35,53341.5,53429.65,0
1733910300000,53426,53435.1,53369.15,53392.25,0
1733975100000,53201,53537.45,53201,53374,0
1733978700000,53373.1,53444.5,53334.9,53360.9,0
1733982300000,53360.75,53415.65,53227.85,53248.2,0
1733985900000,53247.85,53298.9,53198.9,53235.1,0
1733989500000,53234.2,53275.7,53174.4,53246.25,0
1733993100000,53246.35,53282.6,53181.2,53215.6,0
1733996700000,53213.5,53265.65,53205,53224.85,0
1734061500000,53109.8,53229.3,52669.55,52684.75,0
1734065100000,52685.3,52685.3,52264.55,52450.6,0
1734068700000,52460.65,53119.65,52409.7,53019.9,0
1734072300000,53019.35,53313.05,52936.15,53223.75,0
1734075900000,53231.6,53454.95,53080.05,53367.8,0
1734079500000,53362.2,53640.85,53353.9,53606.25,0
1734083100000,53605.3,53654,53570,53630.55,0
1734320700000,53502.5,53738.9,53386.9,53633.8,0
1734324300000,53632.35,53633.85,53402.95,53413.65,0
1734327900000,53413.75,53501.6,53358.7,53363.65,0
1734331500000,53364.5,53546.2,53335,53531.9,0
1734335100000,53532.05,53639.05,53493.85,53578.2,0
1734338700000,53579.45,53675.05,53541.85,53574.7,0
1734342300000,53573.9,53588.8,53490.9,53490.9,0
1734407100000,53394.1,53515.7,53165.6,53240.8,0
1734410700000,53240.7,53276.55,52950.3,53173.85,0
1734414300000,53174.9,53230.75,52802.9,52839.6,0
1734417900000,52838.95,53038.25,52772.25,52874.4,0
1734421500000,52870.05,52906.25,52735.95,52791.35,0
1734425100000,52794.7,52911.9,52709.4,52806.65,0
1734428700000,52805.8,52860.3,52782.85,52789.95,0
1734493500000,52696.95,52827.6,52378.7,52388.9,0
1734497100000,52386.55,52541.25,52230.9,52305.75,0
1734500700000,52305.1,52369,52183.35,52218.75,0
1734504300000,52223.55,52339.15,52142.7,52288.05,0
1734507900000,52285.1,52322.15,52084.7,52113.6,0
1734511500000,52114.2,52155.1,52010.65,52096.3,0
1734515100000,52096.8,52225.6,52095.4,52205.45,0
1734579900000,51428.45,51656.8,51263.75,51460,0
1734583500000,51463.55,51586.3,51397,51486.6,0
1734587100000,51485.95,51789.85,51485.3,51683.55,0
1734590700000,51682.5,51697.2,51574.3,51597.15,0
1734594300000,51596.75,51599.35,51461.55,51540.35,0
1734597900000,51544.6,51626.95,51474.9,51578.6,0
1734601500000,51575.9,51621,51549.65,51610.95,0
1734666300000,51401.35,51629,51112.6,51196.05,0
1734669900000,51194.2,51450.75,51166.6,51410.9,0
1734673500000,51415.7,51483.95,51314.65,51366.1,0
1734677100000,51363.9,51363.9,51076.65,51129.75,0
1734680700000,51131.95,51217.65,50878.75,50906.9,0
1734684300000,50904.3,50999.9,50609.35,50688.35,0
1734687900000,50690.95,50915.35,50686.85,50872.45,0
1734925500000,51044.4,51411.95,51030.4,51354.5,0
1734929100000,51361.65,51417.35,51270.75,51360.05,0
1734932700000,51359.3,51395.25,51218,51275.65,0
1734936300000,51274.75,51301.5,51118.8,51172.55,0
1734939900000,51172.7,51265.55,51144.65,51219.15,0
1734943500000,51221.5,51340.45,51211.5,51334.7,0
1734947100000,51331.3,51353.15,51287.25,51306.9,0
1735011900000,51314.95,51382.1,51137.5,51249,0
1735015500000,51249.55,51292.2,51199.15,51259.2,0
1735019100000,51259.6,51297.7,51176.95,51231.35,0
1735022700000,51234.2,51313.3,51194.4,51229.2,0
1735026300000,51231.15,51263.45,51168.45,51246.2,0
1735029900000,51244.6,51263.65,51172.75,51199.15,0
1735033500000,51190.85,51306.45,51190.85,51288.75,0
1735184700000,51395.8,51740,51247.65,51265.5,0
1735188300000,51263.2,51348.1,51046,51236.35,0
1735191900000,51238.9,51294.5,51120.55,51150.9,0
1735195500000,51153.75,51174.55,51061.85,51133.55,0
1735199100000,51135.3,51193.6,50951.8,51165.3,0
1735202700000,51164.75,51190.45,51106.1,51164.25,0
1735206300000,51168.05,51266.2,51157.25,51213,0
1735271100000,51268.2,51628.45,51267.35,51609.65,0
1735274700000,51612.4,51621.7,51478.2,51564.55,0
1735278300000,51565.1,51571.2,51340.45,51340.45,0
1735281900000,51340.9,51351.4,51240.1,51321.45,0
1735285500000,51320.3,51388.6,51281.75,51311.65,0
1735289100000,51311.5,51348.45,51253.05,51291.95,0
1735292700000,51294.4,51371.55,51280.25,51347.75,0
1735530300000,51255.35,51448.8,51166.4,51434.2,0
1735533900000,51434.55,51542.8,51371.15,51403.8,0
1735537500000,51399.85,51979.75,51389.85,51872.95,0
1735541100000,51873.4,51895.75,51237.35,51305.75,0
1735544700000,51306.15,51397.4,50754.9,50791.25,0
1735548300000,50787.9,51044.65,50718.35,50942.3,0
1735551900000,50946.2,51091,50897.85,50899.9,0
1735616700000,50648.2,50910.65,50599.8,50726.5,0
1735620300000,50731.8,50919.5,50729.45,50915.7,0
1735623900000,50918.35,50929.4,50758.4,50774,0
1735627500000,50777.95,50877.05,50765.65,50840.6,0
1735631100000,50844,50945.55,50836.7,50901,0
1735634700000,50897.6,50907.35,50811.95,50876,0
1735638300000,50875.95,50906.35,50852.7,50884.3,0
1735703100000,50841.9,50970.7,50485.05,50790.25,0
1735706700000,50790.05,51161.2,50765.15,51108.1,0
1735710300000,51104.6,51169.05,50971.1,51059.8,0
1735713900000,51059.55,51153.75,51001.6,51012.75,0
1735717500000,51013.4,51321.95,51008.3,51232.3,0
1735721100000,51234.75,51250.85,51001.85,51047.6,0
1735724700000,51049.2,51122.95,51031.35,51096.05,0
1735789500000,51084.95,51230.05,50992.8,51109.8,0
1735793100000,51110.15,51317.35,51103,51275.85,0
1735796700000,51276.95,51350.15,51110.25,51126.6,0
1735800300000,51129.5,51370.55,51081.6,51347.15,0
1735803900000,51342.6,51595.05,51339.45,51520.6,0
1735807500000,51518.6,51672.75,51518.6,51604,0
1735811100000,51602.35,51626.15,51585.2,51605.85,0
1735875900000,51567.15,51671.6,51218.5,51250.45,0
1735879500000,51249.15,51351.6,51082.8,51214.45,0
1735883100000,51215.85,51381.75,51190.9,51271,0
1735886700000,51274.55,51316.05,51122.75,51227.5,0
1735890300000,51227,51256.6,50940.1,51009.6,0
1735893900000,51013.75,51089,50904.35,50968.85,0
1735897500000,50967.65,51025.55,50947.05,50974.25,0
1736135100000,50990.65,51026.1,50522.8,50759.7,0
1736138700000,50755.9,50813.55,50212.3,50260.85,0
1736142300000,50260.2,50384.2,49987,50185.1,0
1736145900000,50182.3,50217,50027.8,50053.4,0
1736149500000,50048.3,50048.3,49787.5,49808,0
1736153100000,49803.95,49970.55,49751,49855.5,0
1736156700000,49859.35,49986.45,49857.75,49960.2,0
1736221500000,50061.2,50362.9,49969.3,50225.1,0
1736225100000,50229.85,50303.6,50133.4,50236.25,0
1736228700000,50236.05,50415.85,50189.95,50341.85,0
1736232300000,50345.35,50414.45,50306.1,50338.75,0
1736235900000,50342,50447.6,50224.1,50289.05,0
1736239500000,50292.45,50324.7,50152.9,50211.6,0
1736243100000,50211.25,50230.85,50141.1,50183.7,0
1736307900000,50201.75,50246.9,50024,50088.05,0
1736311500000,50085.7,50138,49622.2,49666.75,0
1736315100000,49664.35,49755.4,49510.95,49520.8,0
1736318700000,49515.55,49602.2,49389.75,49430.45,0
1736322300000,49431.55,49884.35,49398.05,49864.75,0
1736325900000,49865.15,49979.05,49787,49845.45,0
1736329500000,49847.75,49868.25,49823.5,49836.15,0
1736394300000,49712.55,49798.1,49486.75,49686.25,0
1736397900000,49685,49701.7,49277.85,49318.45,0
1736401500000,49319.55,49426.3,49285.75,49357.8,0
1736405100000,49359.65,49505,49230.15,49342.6,0
1736408700000,49342.3,49492.6,49320.25,49470.95,0
1736412300000,49472.2,49531.8,49395.9,49501.45,0
1736415900000,49505.45,49557.35,49490.95,49552.7,0
1736480700000,49426.5,49483.15,48838.05,49015.35,0
1736484300000,49011.1,49273.65,48939.65,49273.65,0
1736487900000,49275.85,49359.35,48955.9,49057.85,0
1736491500000,49053.5,49131.85,48951,48979.8,0
1736495100000,48982.75,49034.05,48795.6,48800.55,0
1736498700000,48800.15,48833.5,48631.2,48636.4,0
1736502300000,48637,48793.75,48637,48779.8,0
1736739900000,48264.25,48468,48116.4,48461.35,0
1736743500000,48475.35,48606.35,48339.9,48482.3,0
1736747100000,48483,48573.05,48251.45,48282.35,0
1736750700000,48279.75,48334.7,48154.65,48180.4,0
1736754300000,48183.65,48212.95,48015.95,48049.85,0
1736757900000,48048.1,48082.95,47898.35,48036.2,0
1736761500000,48037.45,48118.85,48021.4,48050.6,0
1736826300000,48266.9,48709.45,48235.2,48555.4,0
1736829900000,48556.05,48806.5,48433,48784.5,0
1736833500000,48782.9,48788.75,48496.95,48531.4,0
1736837100000,48530.55,48592.6,48430.65,48571.15,0
1736840700000,48571.1,48927.9,48555.25,48907.35,0
1736844300000,48907.45,49007.35,48588.4,48727.45,0
1736847900000,48728.15,48910.75,48717.3,48884.6,0
1736912700000,48832.75,49013.5,48653,48917.85,0
1736916300000,48914.15,49083.65,48868,48997.05,0
1736919900000,48996.35,49023.05,48833.8,48920.4,0
1736923500000,48918.8,48933.9,48792,48798.2,0
1736927100000,48796.25,48797.75,48522.4,48636.1,0
1736930700000,48636.2,48819.6,48612.5,48735.7,0
1736934300000,48737.3,48784.05,48699.6,48783.35,0
1736999100000,49082.9,49428.1,49038.45,49231.2,0
1737002700000,49231.3,49356.85,49170.95,49238.3,0
1737006300000,49234.3,49357.65,49195.35,49282,0
1737009900000,49284.95,49459,49240.75,49445.3,0
1737013500000,49445.2,49450.35,49333.75,49349.75,0
1737017100000,49345.25,49347.95,49134.35,49304.9,0
1737020700000,49305.95,49390.75,49289,49386.4,0
1737085500000,48959.5,49047.2,48564.05,48591.1,0
1737089100000,48591.85,48684.9,48309.5,48400.05,0
1737092700000,48403.9,48578.5,48389.75,48513.35,0
1737096300000,48512.95,48610.1,48439.2,48461.55,0
1737099900000,48462.95,48506.8,48375.1,48474,0
1737103500000,48472.65,48607.5,48452.3,48521.9,0
1737107100000,48527.05,48585.35,48521.05,48553.85,0
1737344700000,48834.15,48993.45,48683.6,48945.15,0
1737348300000,48943.4,49064.8,48938,49054.7,0
1737351900000,49052.45,49374.85,49051.05,49311.3,0
1737355500000,49315.9,49562.05,49291.75,49541.85,0
1737359100000,49545.3,49650.6,49399.1,49463.95,0
1737362700000,49463.95,49489.6,49359.7,49386.95,0
1737366300000,49389.35,49389.35,49295.9,49334.55,0
1737431100000,49532,49543.15,48983.6,49034.45,0
1737434700000,49035.7,49036.2,48695.1,48745.1,0
1737438300000,48745.8,49280.7,48692.6,48934.6,0
1737441900000,48934.35,48961.8,48624.45,48857.25,0
1737445500000,48852.7,48916.4,48636.9,48742.5,0
1737449100000,48741.5,48769.75,48430.95,48580.95,0
1737452700000,48581.1,48639.3,48578.4,48626.1,0
1737517500000,48689.55,48741.75,48459.55,48675.15,0
1737521100000,48673.95,48727.8,48442.9,48471.85,0
1737524700000,48471.75,48478.4,48279.95,48321.65,0
1737528300000,48323.2,48354.1,48109.4,48258.1,0
1737531900000,48259.95,48422.7,48074.05,48385.2,0
1737535500000,48388,48781.75,48353.3,48768.65,0
1737539100000,48762.5,48775.8,48677.7,48766.4,0
1737603900000,48770.15,48808.9,48493,48786.65,0
1737607500000,48788.85,48892.7,48630.5,48717.8,0
1737611100000,48715.55,48749.8,48559.6,48613.45,0
1737614700000,48613,48764.3,48590.85,48719.05,0
1737618300000,48714.75,48802.4,48618.9,48663.35,0
1737621900000,48670.85,48676.4,48551,48591.3,0
1737625500000,48593.3,48604,48563.05,48595.85,0
1737690300000,48546.05,48720.25,48349.05,48451.15,0
1737693900000,48441.1,48816.7,48347.85,48796.3,0
1737697500000,48790.35,48833.8,48653.9,48804.95,0
1737701100000,48803,48858.65,48505.45,48590.55,0
1737704700000,48583.2,48590.55,48393.75,48399.65,0
1737708300000,48398.3,48420.35,48203,48352.95,0
1737711900000,48352,48399.95,48340.15,48349.4,0
1737949500000,47881.65,48248.75,47844.15,48129.2,0
1737953100000,48127.45,48148.7,47924.75,48076.25,0
1737956700000,48076,48273.05,48073.05,48161.2,0
1737960300000,48160.05,48319.2,48124.25,48234,0
1737963900000,48228.75,48254.1,48081.9,48122.1,0
1737967500000,48118.55,48195.4,47981.35,48111.2,0
1737971100000,48109.15,48111.1,47997.15,48026.3,0
1738035900000,48642.5,48790.75,48449.05,48725.4,0
1738039500000,48724.2,48909.8,48720.6,48897.75,0
1738043100000,48899.65,49125.7,48832.75,49116.75,0
1738046700000,49119.7,49184.15,49038.05,49176.9,0
1738050300000,49172.1,49184.3,49047.55,49066.4,0
1738053900000,49066.85,49247.15,48755.3,48861.25,0
1738057500000,48863.95,48939.4,48832,48886.6,0
1738122300000,48997.2,49065.3,48849.8,49032.2,0
1738125900000,49031.8,49165.75,49013.55,49036.85,0
1738129500000,49034.75,49146.25,48859.7,49052.95,0
1738133100000,49053.1,49149.5,48968.45,48994.5,0
1738136700000,48994.85,49162.5,48986.45,49145.3,0
1738140300000,49148.75,49187.6,49094.85,49157.65,0
1738143900000,49154.85,49199.65,49132.35,49163.1,0
1738208700000,49206.2,49274.9,49031.8,49247,0
1738212300000,49247.45,49360.65,49114.05,49241.3,0
1738215900000,49236.7,49269.5,49176.45,49238.75,0
1738219500000,49238.45,49339.95,49211.05,49319.1,0
1738223100000,49322.05,49383.95,49263.55,49314.1,0
1738226700000,49315.65,49336.2,49213.9,49308.8,0
1738230300000,49305.25,49426.2,49279.95,49400.5,0
1738295100000,49259.65,49315.85,49031.8,49104.85,0
1738298700000,49105.4,49369.7,49099,49284.9,0
1738302300000,49285.25,49412.65,49218.8,49388.85,0
1738305900000,49391.9,49609.55,49348.95,49568.05,0
1738309500000,49565.95,49674.8,49339.5,49370.95,0
1738313100000,49367.05,49605.55,49302.1,49598.6,0
1738316700000,49594.25,49647.8,49567.35,49614.4,0
1738381500000,49592.55,49775.25,49488.75,49737.75,0
1738385100000,49740.4,49849,49719.1,49845.75,0
1738388700000,49844.5,50009.5,49273.1,49286.45,0
1738392300000,49294.25,49540.9,48925.45,49065.1,0
1738395900000,49066.3,49535.3,48941.85,49516.4,0
1738399500000,49524.15,49669,49442.6,49514.95,0
1738403100000,49515.15,49527.95,49429.15,49520.95,0
1738554300000,49074.8,49277.85,48906.05,49084,0
1738557900000,49081.45,49280.3,49050.45,49271.95,0
1738561500000,49270.15,49286.85,49054.65,49198.55,0
1738565100000,49198.95,49373.45,49123.3,49344.55,0
1738568700000,49347.7,49358.45,49188.15,49257.65,0
1738572300000,49255.95,49297.7,49185.8,49222.55,0
1738575900000,49225.95,49235,49183.25,49224.05,0
1738640700000,49538.8,50021.35,49482.5,49859.15,0
1738644300000,49859.2,49922.85,49611.35,49819.45,0
1738647900000,49823.3,49919.7,49767.7,49848.05,0
1738651500000,49846.05,50084.2,49841.7,50055.75,0
1738655100000,50057.75,50113.6,49912.95,49967.85,0
1738658700000,49959.8,50206.6,49888.35,50192.25,0
1738662300000,50192,50198,50083.65,50111.65,0
1738727100000,50402.3,50481.75,50215.45,50431.25,0
1738730700000,50429.15,50493.25,50341.3,50374.25,0
1738734300000,50369.45,50453.35,50320.85,50342.25,0
1738737900000,50343.3,50499.9,50326.1,50498.5,0
1738741500000,50498.4,50522.15,50422.55,50433.85,0
1738745100000,50433.6,50494.4,50325.35,50354.75,0
1738748700000,50353.7,50354.3,50280.45,50299.9,0
1738813500000,50468.35,50553.35,50203.55,50305,0
1738817100000,50305.3,50371.05,50211.6,50243.85,0
1738820700000,50243.25,50286.45,50149.8,50273.25,0
1738824300000,50276.7,50315.45,50173.25,50219.2,0
1738827900000,50219.35,50316.15,50199.05,50260.8,0
1738831500000,50256.05,50410.65,50246.55,50374.7,0
1738835100000,50378.35,50447.1,50362.65,50427.1,0
1738899900000,50484.45,50641.75,50296.3,50411.8,0
1738903500000,50409.7,50436,50042.3,50290.05,0
1738907100000,50286.7,50463.6,50114.25,50114.25,0
1738910700000,50112.6,50217.9,50055.55,50086.45,0
1738914300000,50086.3,50166.65,49888.95,49915,0
1738917900000,49915.2,50182.75,49871.15,50180.85,0
1738921500000,50181.7,50248.35,50145.9,50204.35,0
1739159100000,50052.5,50155.65,49769.25,49776.55,0
1739162700000,49774.55,49867.05,49703.1,49853.85,0
1739166300000,49850.4,49895.75,49760.35,49822.55,0
1739169900000,49819.55,49894.55,49779.1,49843.25,0
1739173500000,49841.55,49960.7,49791.2,49826.1,0
1739177100000,49823.5,50049.1,49806.85,49987.7,0
1739180700000,49990.75,50007.5,49951.7,49968.65,0
1739245500000,49812.15,49906.75,49535.25,49582.7,0
1739249100000,49583,49663.3,49477.8,49608.3,0
1739252700000,49607.25,49639.1,49526.1,49550.5,0
1739256300000,49550.35,49600.2,49274.85,49294.8,0
1739259900000,49294.25,49411.05,49177.4,49311.25,0
1739263500000,49310.2,49477.65,49226.9,49415.2,0
1739267100000,49414.2,49436.1,49344.4,49358.6,0
1739331900000,49402.25,49539.95,48738.7,48810.95,0
1739335500000,48811.95,49196.15,48734.35,49001.8,0
1739339100000,49001.05,49449.6,48975.1,49376.6,0
1739342700000,49378.85,49652.6,49286.05,49603.15,0
1739346300000,49605.7,49702.35,49248.7,49332.5,0
1739349900000,49334.4,49521.6,49236.6,49518.8,0
1739353500000,49518.25,49552.1,49491.8,49526.55,0
1739418300000,49469.35,49789.2,49434.15,49721.95,0
1739421900000,49724.15,49836.1,49652.05,49757.1,0
1739425500000,49756.6,49829.4,49668,49698.75,0
1739429100000,49698.8,49743.6,49478.1,49478.1,0
1739432700000,49480.8,49563.45,49283.45,49349,0
1739436300000,49349.05,49429,49276.1,49356.8,0
1739439900000,49357.75,49388.55,49320.15,49342,0
1739504700000,49485.65,49592.95,49286.35,49385,0
1739508300000,49385.05,49482.35,48920.1,49035.6,0
1739511900000,49034.5,49073.65,48846.6,48865.1,0
1739515500000,48865.4,48941.8,48719.75,48815.95,0
1739519100000,48815.6,48891.05,48720.25,48777.45,0
1739522700000,48776.35,49243.05,48765.95,49109.4,0
1739526300000,49109.45,49122.1,49050.6,49057.75,0
1739763900000,48880.4,48995.8,48525.6,48569.2,0
1739767500000,48565.7,49037.45,48541.4,48741.9,0
1739771100000,48738.1,48948.45,48725.4,48788.95,0
1739774700000,48791.25,48987.1,48729.45,48851.45,0
1739778300000,48854.2,49225.15,48842.3,49052,0
1739781900000,49053.35,49286.55,49051.1,49275.4,0
1739785500000,49276.1,49319,49247.5,49279.9,0
1739850300000,49211.85,49328.55,48908.3,48980.35,0
1739853900000,48980.05,49027.45,48814.95,48866.8,0
1739857500000,48867.55,49088.9,48850.45,49012.65,0
1739861100000,49008.55,49104.7,48908.55,48996.35,0
1739864700000,48996.75,49136.2,48994.55,49047.05,0
1739868300000,49038.1,49158.25,49035.95,49085.8,0
1739871900000,49083.4,49099.85,49053.3,49064.15,0
1739936700000,48895.35,49509.75,48804,49504.85,0
1739940300000,49509.55,49628.25,49350.4,49502.25,0
1739943900000,49503.95,49586.45,49407.9,49511.35,0
1739947500000,49510.1,49560.75,49419.15,49459.85,0
1739951100000,49464.1,49538.5,49430.5,49485.95,0
1739954700000,49485.15,49607.9,49279.6,49579.25,0
1739958300000,49580.3,49580.35,49510.95,49519.5,0
1740023100000,49314.1,49455.8,49150.95,49251.65,0
1740026700000,49251.8,49337.8,49240.4,49329.85,0
1740030300000,49329.5,49346.35,49234.6,49235.5,0
1740033900000,49233.3,49302.1,49221.65,49254.65,0
1740037500000,49253.85,49396.45,49233.5,49338.5,0
1740041100000,49337.7,49397.2,49321.15,49342.55,0
1740044700000,49342.3,49344.5,49281.85,49289.7,0
1740109500000,49127.95,49306.55,48822.4,48827.35,0
1740113100000,48826.85,48930.9,48764,48917.1,0
1740116700000,48916.75,49001.8,48878.4,48944.7,0
1740120300000,48945.35,49069.65,48881.3,48921.3,0
1740123900000,48921.15,48962,48799.8,48951.8,0
1740127500000,48952.5,49058.15,48862.45,49007.3,0
1740131100000,49008.25,49011.2,48885.4,48908.5,0
1740368700000,48619.8,48745.95,48281.9,48425.8,0
1740372300000,48426.1,48495.9,48371.6,48394.4,0
1740375900000,48392.5,48686.6,48384.3,48521.9,0
1740379500000,48521.7,48661.35,48508.45,48593.95,0
1740383100000,48593.65,48635.65,48514.65,48573.65,0
1740386700000,48575.55,48748.4,48564.4,48655.1,0
1740390300000,48653.6,48689.75,48619.9,48657.25,0
1740455100000,48691.2,48862.15,48648.75,48787.05,0
1740458700000,48787.5,48794.05,48576.6,48627.6,0
1740462300000,48629.75,48666.2,48582.45,48651.95,0
1740465900000,48650.35,48706.25,48639.35,48669,0
1740469500000,48668.6,48706.25,48629.1,48654.8,0
1740473100000,48651.2,48661.9,48599.05,48619.6,0
1740476700000,48623.2,48638.75,48534.15,48591.1,0
1740627900000,48732.2,48972.55,48732.2,48895,0
1740631500000,48894.1,48951.25,48873.6,48908.3,0
1740635100000,48908.7,48913.85,48849.8,48875.6,0
1740638700000,48874.45,48896.7,48830.2,48843.1,0
1740642300000,48844.25,48902.9,48840.9,48863.75,0
1740645900000,48865,48909.4,48707.85,48736.65,0
1740649500000,48734.1,48736.7,48627.1,48641.5,0
1740714300000,48437.55,48517.25,48161.15,48432.3,0
1740717900000,48435.3,48534.45,48364.4,48491.85,0
1740721500000,48491.5,48574.5,48405.05,48416.15,0
1740725100000,48419.15,48498.4,48078.7,48115.45,0
1740728700000,48118.25,48318.2,48104.9,48307.2,0
1740732300000,48307.5,48499.75,48270.35,48351.35,0
1740735900000,48351.3,48351.3,48238.6,48262.5,0
1740973500000,48478.6,48574.7,47841.3,47885.75,0
1740977100000,47891.15,48051.2,47871.7,47932.4,0
1740980700000,47929.75,48053,47845.8,48053,0
1740984300000,48051.45,48224.9,48008.9,48186.95,0
1740987900000,48187.65,48258.45,48008.5,48101.3,0
1740991500000,48096.3,48201.55,48054.95,48111.3,0
1740995100000,48110.35,48162.5,48073.75,48159.85,0
1741059900000,47942.5,48355.7,47924.75,48176.05,0
1741063500000,48175.8,48342.9,48172.8,48250.05,0
1741067100000,48249.9,48282.7,48132.55,48163.2,0
1741070700000,48162.55,48272.3,48145.7,48272.3,0
1741074300000,48267.4,48374.9,48223.3,48332.8,0
1741077900000,48332.6,48347.5,48169.05,48234.2,0
1741081500000,48235,48314.6,48226.05,48289.3,0
1741146300000,48241.3,48657.65,48190.25,48529.1,0
1741149900000,48528.35,48556.25,48409.2,48480.15,0
1741153500000,48480.65,48612.65,48460.85,48600.7,0
1741157100000,48600.5,48617.6,48445.3,48502.15,0
1741160700000,48501.15,48522.35,48389.85,48466.6,0
1741164300000,48466.65,48543.15,48406.4,48478.6,0
1741167900000,48479.45,48508.4,48453.6,48506.15,0
1741232700000,48760,48839.1,48299.4,48493.65,0
1741236300000,48498.5,48674.2,48475.65,48623.65,0
1741239900000,48623.35,48627.1,48408.5,48542.15,0
1741243500000,48541.35,48611.2,48529.15,48582.2,0
1741247100000,48584.95,48649.25,48559.85,48616.2,0
1741250700000,48618.75,48681,48589.85,48634.95,0
1741254300000,48636.7,48653.75,48596.85,48608.45,0
1741319100000,48463.8,48617.5,48369.95,48616.65,0
1741322700000,48618.5,48709.05,48548.05,48655.9,0
1741326300000,48655.6,48693.45,48433.6,48483.75,0
1741329900000,48484,48559.9,48409.9,48430.6,0
1741333500000,48431.25,48505.55,48359.35,48427.85,0
1741337100000,48429.35,48607.9,48419.9,48513.55,0
1741340700000,48513.8,48516.6,48432.3,48453.85,0
1741578300000,48312,48599.15,48285,48477.55,0
1741581900000,48478.75,48543.8,48431.65,48447.15,0
1741585500000,48448.1,48531.3,48419.55,48437.5,0
1741589100000,48434.95,48584,48401.7,48554.35,0
1741592700000,48551.9,48566.75,48445.25,48507.65,0
1741596300000,48506.1,48510.25,48146.8,48235.8,0
1741599900000,48237.95,48244.05,48124.65,48168.25,0
1741664700000,47874.8,48021.35,47702.9,47840.8,0
1741668300000,47841.2,47990.45,47793.75,47923.25,0
1741671900000,47923.2,47928,47793.95,47814.1,0
1741675500000,47814.5,47900.55,47783.6,47843.55,0
1741679100000,47845.9,48029.05,47817.35,47979.4,0
1741682700000,47980,47995.25,47786.3,47864.25,0
1741686300000,47865.55,47896,47847.3,47885.6,0
1741751100000,47894.4,48211.65,47880,48093.25,0
1741754700000,48089.1,48222.15,48064.2,48113.2,0
1741758300000,48112.7,48114.6,47844.95,47941.25,0
1741761900000,47941.55,48042.75,47849.1,48029.05,0
1741765500000,48033.55,48113.3,47979.85,48109.3,0
1741769100000,48109.05,48150.6,48002.75,48054.75,0
1741772700000,48055.75,48086.4,48018.1,48055.75,0
1741837500000,48219.15,48286.5,48064.75,48278.1,0
1741841100000,48275.8,48352.45,48236.5,48284.9,0
1741844700000,48285.95,48286.4,48109.7,48153.7,0
1741848300000,48154.75,48240.3,48128.95,48142.45,0
1741851900000,48139.4,48202.55,48090.4,48123.65,0
1741855500000,48124.35,48130.1,48009.7,48082.55,0
1741859100000,48084.75,48092.25,48006.1,48024,0
1742183100000,48219.55,48432.2,48196.1,48384.5,0
1742186700000,48386.25,48420.55,48293.7,48415.5,0
1742190300000,48414.65,48481.35,48367.85,48458.05,0
1742193900000,48457.65,48457.9,48310.35,48382.65,0
1742197500000,48382.55,48449.3,48288.3,48427.85,0
1742201100000,48430,48438.1,48331.55,48359.3,0
1742204700000,48358.6,48376.05,48331.5,48347.05,0
1742269500000,48792.9,49009.3,48629.45,48994.95,0
1742273100000,48997.15,49053.1,48963.45,49022.35,0
1742276700000,49022.1,49104.15,48982.1,49089.4,0
1742280300000,49090.25,49121.05,48908.2,49028.85,0
1742283900000,49030.85,49174.45,49024.8,49125.55,0
1742287500000,49128.8,49314,49109.75,49303.1,0
1742291100000,49304.25,49400.3,49291.3,49375.55,0
1742355900000,49375.4,49607.55,49324.8,49546.6,0
1742359500000,49548.5,49749,49547.9,49719.9,0
1742363100000,49720.7,49755.25,49669.25,49689.9,0
1742366700000,49691.1,49807.55,49690.95,49743.2,0
1742370300000,49743.1,49787,49730.1,49743.8,0
1742373900000,49742.75,49791.5,49678.55,49705.45,0
1742377500000,49705.75,49752.95,49672.85,49727.1,0
1742442300000,49947.6,50035.75,49771.65,49819.2,0
1742445900000,49818.5,49922.4,49808.15,49906.75,0
1742449500000,49908.3,49923.6,49818.25,49855.75,0
1742453100000,49855.85,49981.45,49827.6,49963.95,0
1742456700000,49970.15,50129.6,49945.2,50048.4,0
1742460300000,50045,50155.3,50026.95,50042.05,0
1742463900000,50041.8,50071.4,49984.7,49993.8,0
1742528700000,49927.1,50236.8,49891.95,50221.55,0
1742532300000,50220.15,50501.2,50195.45,50479.05,0
1742535900000,50480.3,50532.65,50366.85,50423.95,0
1742539500000,50423.45,50516.25,50410.6,50440.5,0
1742543100000,50439.9,50510.75,50270.6,50382.6,0
1742546700000,50381.1,50652,50377.4,50576.75,0
1742550300000,50579.9,50672.15,50532.6,50570.3,0
1742787900000,50982.7,51416.05,50795.9,51407.35,0
1742791500000,51404.05,51769.8,51391.6,51666.45,0
1742795100000,51668.25,51676.5,51526.25,51596.1,0
1742798700000,51594.5,51703.95,51585.45,51690.3,0
1742802300000,51688.9,51720,51567.2,51707.7,0
1742805900000,51706.35,51777.5,51625.25,51671.25,0
1742809500000,51673.65,51801.15,51673.65,51769.6,0
1742874300000,51874.2,52063.95,51646.65,51929.85,0
1742877900000,51918.75,52052.7,51759.45,51820.25,0
1742881500000,51820.5,51847.5,51623.8,51715.65,0
1742885100000,51711.5,51726.3,51572.6,51624.7,0
1742888700000,51626.2,51787.65,51534.95,51777,0
1742892300000,51771.1,51787.25,51587.05,51615.55,0
1742895900000,51618.35,51649.95,51429.6,51480,0
1742960700000,51640.05,51831.2,51572.75,51749.95,0
1742964300000,51749.8,51875.8,51509.7,51595.95,0
1742967900000,51596.5,51626.45,51423.7,51473.9,0
1742971500000,51473.75,51504.15,51223.95,51275.25,0
1742975100000,51277,51280.75,51126.2,51184,0
1742978700000,51185.9,51245.65,51069.15,51239.2,0
1742982300000,51241.55,51241.55,51171.8,51179.75,0
1743047100000,51084.7,51642.4,51050.85,51597.1,0
1743050700000,51589.6,51678.25,51495.25,51653.3,0
1743054300000,51652.6,51674.15,51568.95,51615.05,0
1743057900000,51616.3,51637.9,51561,51596.5,0
1743061500000,51596.8,51666.5,51582.95,51606.95,0
1743065100000,51612.9,51714.35,51523.1,51536.1,0
1743068700000,51531.25,51671.15,51484.1,51534,0
1743133500000,51608.4,51812.55,51454.85,51546.6,0
1743137100000,51550.1,51772,51509.95,51512.2,0
1743140700000,51513.05,51606.4,51445,51587.45,0
1743144300000,51586.35,51589.65,51335.35,51415.1,0
1743147900000,51415.8,51559.6,51391.45,51552.45,0
1743151500000,51549.15,51839.1,51527.45,51594.6,0
1743155100000,51594.2,51595.7,51518.05,51538.75,0
1743479100000,51178.15,51683.85,51170.55,51393.7,0
1743482700000,51392.3,51489.2,50827.35,50910.75,0
1743486300000,50909.7,50979.85,50742,50859.5,0
1743489900000,50857.2,50963,50766.15,50843.7,0
1743493500000,50844.55,50867.4,50756.15,50807.95,0
1743497100000,50806.7,50890.6,50757.15,50838.25,0
1743500700000,50836.65,50874.3,50813.35,50851,0
1743565500000,50966.9,51240.8,50908.35,51104.1,0
1743569100000,51101.4,51276.1,51070.05,51227.35,0
1743572700000,51226.95,51267.75,51114.9,51246.4,0
1743576300000,51246.15,51280.15,51110.95,51238,0
1743579900000,51234.25,51286.9,51189.55,51218.35,0
1743583500000,51223.5,51380,51203.7,51362.1,0
1743587100000,51362.3,51404.2,51342.05,51372.75,0
1743651900000,50910,51437.7,50906.65,51400,0
1743655500000,51399.7,51528.1,51345.6,51492.85,0
1743659100000,51495.95,51518.4,51441.9,51477,0
1743662700000,51484.95,51491.75,51401.8,51466.2,0
1743666300000,51470,51661.6,51434.15,51559.8,0
1743669900000,51556.3,51632.55,51527.45,51613.55,0
1743673500000,51612.9,51619.8,51571.85,51581.55,0
1743738300000,51711.6,51893.6,51474.85,51522.85,0
1743741900000,51523.15,51734.2,51511.25,51686.7,0
1743745500000,51686.65,51763.35,51600.85,51661,0
1743749100000,51659.9,51706.15,51602.25,51617.85,0
1743752700000,51616.75,51676.05,51468.2,51617.5,0
1743756300000,51610.25,51637.65,51360.4,51557.9,0
1743759900000,51548.45,51558.25,51488.6,51515.25,0
1743997500000,49336.1,50426.25,49242.25,49668.4,0
1744001100000,49660.65,50013.35,49582.55,49672.05,0
1744004700000,49671.55,49783,49278.65,49289,0
1744008300000,49292.9,49471.45,49156.95,49333.45,0
1744011900000,49336.45,49698.05,49215.95,49581.05,0
1744015500000,49584.35,49958.2,49503.05,49907.45,0
1744019100000,49909.9,50041.6,49843.2,49985.95,0
1744083900000,50388.55,50793.7,50261.45,50290.35,0
1744087500000,50291.6,50486.4,50030.8,50383.5,0
1744091100000,50383.65,50548.75,50103,50548.75,0
1744094700000,50550.65,50763.65,50447.15,50720.65,0
1744098300000,50722.1,50771.5,50321.9,50555.1,0
1744101900000,50562.55,50672.65,50419.5,50494.2,0
1744105500000,50493.7,50607.65,50477,50575.1,0
1744170300000,50487.1,50496.9,50144.1,50169.6,0
1744173900000,50168.35,50355.2,49910.85,49953,0
1744177500000,49950.7,50210.85,49935.3,50129.3,0
1744181100000,50134.5,50295.35,50103.25,50280.85,0
1744184700000,50283.85,50306.6,50180.25,50249.8,0
1744188300000,50245.95,50305.7,50200.4,50248.85,0
1744191900000,50247.75,50293.4,50231.35,50283.75,0
1744343100000,50634.1,51066.55,50634.1,50927.8,0
1744346700000,50927.5,50983.75,50756.55,50964.55,0
1744350300000,50965.05,51206.25,50953.2,51203.65,0
1744353900000,51205.35,51244.7,51152.95,51196.05,0
1744357500000,51194.35,51210.7,50980.25,51011.45,0
1744361100000,51014.9,51056.75,50900.1,51005.8,0
1744364700000,51004,51037.2,50938.2,51007.55,0
1744688700000,52299,52299,51863.3,52255.2,0
1744692300000,52253.95,52276,52159.25,52258.05,0
1744695900000,52260.35,52400.6,52255.05,52327.6,0
1744699500000,52333.4,52363,52276.6,52311.15,0
1744703100000,52312.35,52374.7,52298.55,52371.35,0
1744706700000,52371.55,52398.6,52316.35,52358.75,0
1744710300000,52360.5,52486.35,52355.55,52415.15,0
1744775100000,52690.9,52821.05,52471.35,52786.2,0
1744778700000,52787.7,52805.15,52612.05,52744.3,0
1744782300000,52747,52813.9,52720.5,52771.55,0
1744785900000,52771.5,52876.7,52745.95,52874.2,0
1744789500000,52874.85,53123.7,52728.15,53116.5,0
1744793100000,53121.8,53153.95,53037.9,53087.6,0
1744796700000,53086.15,53164.45,53079.6,53109.25,0
1744861500000,53153.75,53525.15,53084.9,53380.85,0
1744865100000,53386.25,53486,53346.8,53459.7,0
1744868700000,53460.85,53814.8,53447.75,53797.45,0
1744872300000,53799.25,54311.75,53762.5,54305.55,0
1744875900000,54304.5,54407.2,54225.4,54280.2,0
1744879500000,54282,54400.45,54182.05,54259.2,0
1744883100000,54260.1,54332.25,54214.6,54252.05,0
1745207100000,54891.25,55291.05,54674.95,55167.15,0
1745210700000,55162.85,55383.6,55094.55,55366.1,0
1745214300000,55371.85,55433.6,55296.05,55386.25,0
1745217900000,55386.55,55461.65,55368.25,55412,0
1745221500000,55405.95,55432,55228.35,55321.35,0
1745225100000,55321.65,55338.15,55244.15,55285.15,0
1745228700000,55288.55,55346.25,55286.55,55295.5,0
1745293500000,55414.3,55705.55,55243.55,55696.5,0
1745297100000,55696,55961.2,55692.65,55906.7,0
1745300700000,55910.45,55916.6,55603.8,55728.4,0
1745304300000,55721.65,55768,55628,55758.8,0
1745307900000,55757.05,55818.25,55670.55,55717.6,0
1745311500000,55716.4,55766.65,55601.55,55666.9,0
1745315100000,55666.25,55669.4,55529.55,55559.2,0
1745379900000,56097.1,56098.7,55339.05,55342.85,0
1745383500000,55344.6,55440.95,55162.5,55224.5,0
1745387100000,55225.2,55390.15,55215.85,55263.3,0
1745390700000,55263.35,55369.35,55185.45,55305.35,0
1745394300000,55306.95,55443.4,55255.1,55414.6,0
1745397900000,55414.4,55424.65,55343.05,55395.4,0
1745401500000,55395.3,55398.9,55297.85,55318.9,0
1745466300000,55103.9,55550.45,55086.55,55381.7,0
1745469900000,55386.1,55409.35,55330.05,55378.85,0
1745473500000,55377,55392.35,55286.35,55347.4,0
1745477100000,55347.8,55384.15,55321.85,55341.5,0
1745480700000,55347,55388.95,55338.15,55357.2,0
1745484300000,55357.5,55400.35,55100.25,55225.15,0
1745487900000,55221.75,55231.75,55104.15,55130.9,0
1745552700000,55233.55,55350.55,54480.35,54669.75,0
1745556300000,54665.1,54698.6,54321.45,54411.85,0
1745559900000,54418,54435.25,54176.45,54377.45,0
1745563500000,54377.6,54616.7,54333.25,54605.7,0
1745567100000,54605.55,54911,54579.2,54774.15,0
1745570700000,54773.25,54870.7,54635.8,54694.65,0
1745574300000,54695.05,54696.5,54535.8,54552.45,0
1745811900000,54610.3,55293.55,54582.35,55288.2,0
1745815500000,55289.4,55328.65,55159.2,55168.8,0
1745819100000,55169.55,55390.9,55121.6,55349.35,0
1745822700000,55347.95,55577.4,55343.35,55514.75,0
1745826300000,55519.7,55520.65,55423.15,55511.05,0
1745829900000,55519.25,55527.1,55316.15,55422.4,0
1745833500000,55422.25,55446.6,55377.5,55428.1,0
1745898300000,55524.35,55957.75,55473.7,55529.05,0
1745901900000,55530.5,55549.4,55370.55,55454.95,0
1745905500000,55454.75,55482.85,55306.2,55352.25,0
1745909100000,55352.6,55548.45,55288.25,55460,0
1745912700000,55459.2,55479.3,55402.65,55446.65,0
1745916300000,55447.5,55523.7,55391.8,55392.55,0
1745919900000,55390.65,55400.15,55262.4,55301.1,0
1745984700000,55382.4,55478.25,55093.2,55247.8,0
1745988300000,55249.4,55291.75,55047.3,55158.4,0
1745991900000,55159.7,55254.2,55115.95,55131.4,0
1745995500000,55132.35,55283.95,55103.95,55225.65,0
1745999100000,55222,55252.15,55135.3,55170.85,0
1746002700000,55171.35,55233.65,55092.75,55136.65,0
1746006300000,55138.2,55146.95,54723.7,54961.45,0
1746157500000,55100.95,55691.95,55099.05,55579.9,0
1746161100000,55579.75,55594.8,55321.6,55370.45,0
1746164700000,55370.2,55422,55144.2,55173.75,0
1746168300000,55170.9,55185.9,54994.4,55073.25,0
1746171900000,55072.8,55290.75,55072.8,55227.6,0
1746175500000,55226.8,55246.85,54997,55177.6,0
1746179100000,55175.25,55183.1,55037.3,55055.15,0
1746416700000,55065.8,55345.5,54891.35,55038.9,0
1746420300000,55043.2,55180,54932.5,54975.8,0
1746423900000,54979.7,54992.3,54824.6,54875.05,0
1746427500000,54876.05,54930.55,54786.5,54895.35,0
1746431100000,54889.8,55048,54859,55005.6,0
1746434700000,55004.25,55081.15,54880.15,54904.9,0
1746438300000,54904.25,54963,54895.2,54907.2,0
1746503100000,54918.25,55036.95,54600.15,54601,0
1746506700000,54595.2,54601.2,54487.65,54534.15,0
1746510300000,54532.8,54545.75,54400.6,54515.05,0
1746513900000,54515.55,54570.55,54453.5,54498.25,0
1746517500000,54499.25,54583.25,54465.15,54512.4,0
1746521100000,54517.6,54522.5,54244.8,54284.45,0
1746524700000,54284.35,54290.4,54172.95,54183.85,0
1746589500000,54013.4,54672.9,53919.9,54307.35,0
1746593100000,54306.9,54389.7,54222.2,54326.85,0
1746596700000,54326.75,54477.85,54291.45,54337.5,0
1746600300000,54338.05,54389.45,54226.6,54271.5,0
1746603900000,54271.05,54459.8,54257.85,54410.1,0
1746607500000,54419.05,54605,54326.05,54597.65,0
1746611100000,54597.15,54684.3,54594.25,54632.95,0
1746675900000,54801.75,54937.25,54600.5,54763.5,0
1746679500000,54760.3,54870.25,54733.4,54781.75,0
1746683100000,54781.25,54802.75,54698.65,54743.1,0
1746686700000,54740.95,54849.1,54719,54791.85,0
1746690300000,54788.65,54842.85,54517,54540.2,0
1746693900000,54536.9,54653.2,54342.4,54467.8,0
1746697500000,54466.4,54470.05,54108,54141.75,0
1746762300000,53595.95,54054.8,53525.5,53769.8,0
1746765900000,53766.3,53843.7,53622.15,53713.35,0
1746769500000,53713.8,53920.85,53604.6,53716.3,0
1746773100000,53717.4,53738.25,53584,53615.1,0
1746776700000,53614.3,53660,53533.75,53590,0
1746780300000,53589.4,53643.85,53483.05,53589.5,0
1746783900000,53582.65,53676.8,53573.15,53674.05,0
1747021500000,54658.75,55292.8,54558.05,55146.4,0
1747025100000,55148.35,55347.6,55135.3,55304.55,0
1747028700000,55306.15,55392.75,55134.9,55150.55,0
1747032300000,55155.4,55336.75,55123.45,55189.9,0
1747035900000,55192.6,55291.95,55184.2,55291.25,0
1747039500000,55289.75,55377,55227.75,55325,0
1747043100000,55324.7,55466.3,55320.65,55411.3,0
1747107900000,55233.5,55499.65,54981.9,55182.05,0
1747111500000,55176.35,55314,54944.9,55108.8,0
1747115100000,55107.7,55332,55087.85,55171.35,0
1747118700000,55168.35,55211.55,54924.9,54990.8,0
1747122300000,54986.95,54997.05,54889.2,54947.3,0
1747125900000,54946.5,55038.05,54894.45,54929.7,0
1747129500000,54932.75,54984.65,54888.5,54964.45,0
1747194300000,55008.55,55208.6,54885.15,55089.3,0
1747197900000,55084.55,55094.1,54951.65,55012.85,0
1747201500000,55008.35,55033.95,54805.2,54842.85,0
1747205100000,54842.3,54845,54491,54682.95,0
1747208700000,54682.85,54711.55,54582.7,54654.95,0
1747212300000,54655.15,54831.2,54578.6,54808.15,0
1747215900000,54810.8,54898.8,54759.4,54860.55,0
1747280700000,54853.7,54935.15,54442.3,54562.75,0
1747284300000,54553.8,55019.05,54491.3,54616.7,0
1747287900000,54617.1,54807,54570.7,54711.7,0
1747291500000,54715.15,55100.3,54629.65,55096.4,0
1747295100000,55098.8,55462.85,55017.75,55427.7,0
1747298700000,55431.55,55490.55,55302.9,55362.55,0
1747302300000,55357.5,55375.9,55319.55,55336.7,0
1747367100000,55276,55418.9,55170.25,55277.45,0
1747370700000,55280.25,55350.45,55220.05,55273.5,0
1747374300000,55271.55,55315.4,55242.55,55263.05,0
1747377900000,55257.9,55359.35,55230.2,55306.3,0
1747381500000,55306.4,55381.15,55276.1,55347.3,0
1747385100000,55339.7,55394.7,55313.25,55363.1,0
1747388700000,55367.4,55376.75,55311,55350.8,0
1747626300000,55326.05,55512.95,55296.55,55480.95,0
1747629900000,55478,55650.25,55474.45,55587.35,0
1747633500000,55588.35,55671.5,55542.2,55591.7,0
1747637100000,55592.4,55695.55,55522.15,55542.05,0
1747640700000,55540.45,55599.5,55355.9,55399.6,0
1747644300000,55400.75,55457.5,55303.65,55417.1,0
1747647900000,55418.3,55450.95,55376.95,55400.65,0
1747712700000,55445.3,55568.35,55120.35,55194.4,0
1747716300000,55196.05,55344.95,55140.3,55208.3,0
1747719900000,55208.1,55209.45,55071.65,55122.2,0
1747723500000,55131.15,55209.05,55005.4,55009.65,0
1747727100000,55009.4,55049.6,54931.7,54965.5,0
1747730700000,54962.9,54975.05,54829.45,54910.25,0
1747734300000,54910.85,54934.3,54854.4,54932.35,0
1747799100000,55060.2,55266.55,54931.3,55260.3,0
1747802700000,55261,55336.85,55163.85,55218.1,0
1747806300000,55219.25,55233.85,54789.9,54813.25,0
1747809900000,54817.55,55026.7,54690.8,55012.95,0
1747813500000,55015.2,55109.35,54891.9,55007.95,0
1747817100000,55007.75,55112.45,54990.4,55066.9,0
1747820700000,55066.6,55097.45,55036.5,55065.6,0
1747885500000,54875.9,54936.85,54719.85,54849.8,0
1747889100000,54849.9,54889.6,54742.15,54747.75,0
1747892700000,54746.45,54776.6,54588.8,54644.8,0
1747896300000,54646.65,54671.8,54576.6,54647.35,0
1747899900000,54651.8,54692.1,54616.25,54653.75,0
1747903500000,54653.5,54996.1,54587.15,54937.65,0
1747907100000,54938.75,54989.6,54889.8,54963.25,0
1747971900000,54959.3,55202,54854.5,55171.15,0
1747975500000,55170.05,55340.65,55002.95,55309.25,0
1747979100000,55311.85,55432.2,55192.65,55236.4,0
1747982700000,55232.05,55433.65,55230.6,55362.25,0
1747986300000,55361.7,55441.3,55302.6,55395.75,0
1747989900000,55394.55,55420.9,55303.1,55391.25,0
1747993500000,55393.55,55426.1,55379.65,55389.6,0
1748231100000,55534.9,55875.75,55516.8,55739.55,0
1748234700000,55738.6,55760.1,55307.5,55480.1,0
1748238300000,55481.35,55576.25,55406.8,55531.1,0
1748241900000,55531.2,55611.1,55422.75,55509.1,0
1748245500000,55506.15,55555.15,55456.9,55527.1,0
1748249100000,55528.95,55598.35,55447.3,55577.1,0
1748252700000,55578.25,55612.65,55548.35,55559.35,0
1748317500000,55458.95,55511.55,55037.85,55112.45,0
1748321100000,55109.55,55449.75,55054.7,55354.35,0
1748324700000,55365.65,55831.35,55364.45,55598.8,0
1748328300000,55601.05,55623.1,55340.85,55411.5,0
1748331900000,55412.55,55529.75,55213.55,55266.95,0
1748335500000,55258.9,55393.95,55110.05,55386.55,0
1748339100000,55388.25,55406.1,55319.05,55352.45,0
1748403900000,55328.6,55521.8,55235.55,55335.6,0
1748407500000,55335.3,55463.05,55278.95,55384.9,0
1748411100000,55383.6,55432.55,55303.8,55318.5,0
1748414700000,55319.95,55506.85,55311.3,55433.55,0
1748418300000,55433.2,55464.65,55345.6,55415.05,0
1748421900000,55415.6,55478.25,55335.5,55407.75,0
1748425500000,55410.05,55454.25,55395.65,55447.55,0
1748490300000,55571.4,55725.35,55316.25,55351.55,0
1748493900000,55352.7,55385,55196.4,55213.1,0
1748497500000,55197.25,55241.3,55147.15,55191.45,0
1748501100000,55189.65,55282.4,55096.45,55266.35,0
1748504700000,55261.6,55302.25,55187.95,55201.25,0
1748508300000,55201.55,55594.85,55177.7,55591.8,0
1748511900000,55591,55782.75,55566,55746.85,0
1748576700000,55615.55,55704.25,55459.8,55559.85,0
1748580300000,55557.1,55562.15,55356.6,55460.85,0
1748583900000,55462.95,55551.45,55425.95,55431.15,0
1748587500000,55432.05,55581.95,55401.7,55557.5,0
1748591100000,55559.25,55776.95,55559.25,55624.15,0
1748594700000,55626,55813.3,55618.1,55755.75,0
1748598300000,55755.45,55778.9,55729.05,55755.7,0
1748835900000,55598.25,55787.1,55400.55,55585.25,0
1748839500000,55585.55,55686.45,55551.5,55615.7,0
1748843100000,55616.55,55752.2,55572.85,55726.1,0
1748846700000,55725.1,55835.25,55690.25,55780.9,0
1748850300000,55781.25,55873.05,55759.05,55787.15,0
1748853900000,55787.95,55966.3,55702.75,55918.3,0
1748857500000,55918,55921.85,55811.5,55862.05,0
1748922300000,56104.8,56161.4,55714.35,55841.95,0
1748925900000,55843.9,56016.4,55702.8,55706.8,0
1748929500000,55709.45,55805.3,55659.4,55680.05,0
1748933100000,55683.25,55727.25,55455.8,55523.15,0
1748936700000,55523.65,55659.45,55467.7,55647.6,0
1748940300000,55650.35,55722.1,55582.2,55600.95,0
1748943900000,55598.8,55635.85,55525.35,55540,0
1749008700000,55650.35,55791,55408.35,55522.45,0
1749012300000,55520.25,55641.6,55493.4,55594.5,0
1749015900000,55600.25,55702.35,55588.65,55686.05,0
1749019500000,55687.05,55700.2,55624.55,55645.4,0
1749023100000,55645.55,55690.05,55597.2,55670.65,0
1749026700000,55670.1,55738,55624.3,55666.3,0
1749030300000,55665.55,55693.6,55656.3,55665.55,0
1749095100000,55806.75,55849.45,55580.45,55744.6,0
1749098700000,55748.85,55781.65,55666.65,55718.45,0
1749102300000,55720.25,55972.5,55694.15,55963.25,0
1749105900000,55967.25,56010.15,55752.05,55762.95,0
1749109500000,55763.75,55796.95,55629.25,55676.85,0
1749113100000,55677.1,55783.35,55659.1,55770.2,0
1749116700000,55764.5,55841.5,55753.7,55809.75,0
1749181500000,55699.45,56002.25,55559.55,55690.55,0
1749185100000,55691.4,56579.3,55534.75,56567.85,0
1749188700000,56569.35,56650.2,56478.6,56591.9,0
1749192300000,56590.5,56627.3,56454.85,56568.35,0
1749195900000,56567.75,56638.05,56495.95,56636.7,0
1749199500000,56634.3,56695,56548.1,56571.15,0
1749203100000,56569.55,56594.05,56539.9,56584.8,0
1749440700000,57049.5,57049.5,56792.7,56996.35,0
1749444300000,56991.25,57032.55,56942.85,56949.85,0
1749447900000,56946.75,56956.05,56856.65,56933.55,0
1749451500000,56934.65,56981.95,56878.95,56935.05,0
1749455100000,56937.55,56955.3,56845.1,56850,0
1749458700000,56847.2,56893.15,56827.05,56851.3,0
1749462300000,56850.2,56857.45,56811.4,56846.2,0
1749527100000,56993.9,57015.4,56570.3,56781.7,0
1749530700000,56783.65,56804.7,56602.8,56666.85,0
1749534300000,56670.3,56676.7,56573.4,56610.1,0
1749537900000,56608.05,56732.55,56586.3,56688.35,0
1749541500000,56676.9,56709.9,56639.15,56652.05,0
1749545100000,56652.3,56679.8,56591.85,56647.35,0
1749548700000,56648.05,56653.8,56564.15,56579.55,0
1749613500000,56639.85,56669.3,56443.85,56621.35,0
1749617100000,56619.65,56723.15,56568.25,56713.7,0
1749620700000,56711.4,56780.45,56674.2,56743.25,0
1749624300000,56741.05,56782.5,56664.3,56666.8,0
1749627900000,56667.75,56672.5,56399.4,56425.75,0
1749631500000,56425.85,56507.3,56411.15,56454.75,0
1749635100000,56454.65,56473.25,56416.35,56438.05,0
1749699900000,56480.9,56611.05,56382,56395.8,0
1749703500000,56397.75,56439.05,56242.1,56268.1,0
1749707100000,56267.75,56354.05,56197.3,56257.95,0
1749710700000,56259.8,56333.55,56209.8,56245,0
1749714300000,56248.5,56263.05,55968.5,56012.75,0
1749717900000,56015,56205.7,56004.25,56076.9,0
1749721500000,56076.1,56081.2,55980.45,55997.8,0
1749786300000,55149.3,55515.2,55149.3,55455.9,0
1749789900000,55452.85,55591.85,55380.85,55446.55,0
1749793500000,55440.75,55542.55,55419,55471.8,0
1749797100000,55471.85,55553.65,55440,55501.55,0
1749800700000,55498,55688,55480.55,55560.9,0
1749804300000,55560.65,55586.45,55376.2,55546.85,0
1749807900000,55545.75,55581.35,55514.35,55577.1,0
1750045500000,55554.1,55604.3,55381.45,55477.3,0
1750049100000,55476.9,55801.7,55469.2,55739.6,0
1750052700000,55736.7,55842.85,55657.35,55809.3,0
1750056300000,55810.4,55914.75,55739.55,55876.15,0
1750059900000,55876.8,55956.65,55836.65,55947.2,0
1750063500000,55947.05,55961.55,55857.7,55957.35,0
1750067100000,55957.6,55999.85,55942.35,55973.5,0
1750131900000,55975,56067.3,55788.85,55850.4,0
1750135500000,55846.85,55958.35,55795.25,55826.05,0
1750139100000,55821.2,55826.5,55720.2,55728,0
1750142700000,55726.05,55750.2,55652.85,55683.25,0
1750146300000,55688.2,55725.6,55643.95,55715.2,0
1750149900000,55715.05,55769.75,55679.25,55742.45,0
1750153500000,55743.5,55743.6,55660.1,55678.7,0
1750218300000,55544.95,55933.6,55511.8,55889.4,0
1750221900000,55891.75,55908,55715.6,55752.6,0
1750225500000,55748.75,55799.7,55612.2,55776.2,0
1750229100000,55776.9,55793.25,55712.3,55770.15,0
1750232700000,55770.5,55831.4,55681.65,55694.7,0
1750236300000,55695.85,55858.95,55641.1,55823.25,0
1750239900000,55827.2,55857.85,55775.05,55802.85,0
1750304700000,55784.85,55942.45,55684.7,55809.95,0
1750308300000,55808.6,55818.05,55661.8,55685.35,0
1750311900000,55686.5,55694.05,55611.55,55653.9,0
1750315500000,55653.2,55706.8,55539.9,55653.3,0
1750319100000,55652.95,55710.35,55592.7,55678.25,0
1750322700000,55677.1,55705.35,55562.15,55565.6,0
1750326300000,55570.25,55597.9,55475.45,55497.05,0
1750391100000,55566.7,55833.6,55566.4,55799.7,0
1750394700000,55798.2,56134.7,55796.25,56132.9,0
1750398300000,56133.95,56199.55,56095.35,56165.75,0
1750401900000,56167,56186.9,56027.45,56168.6,0
1750405500000,56169.35,56242.4,56137.8,56155,0
1750409100000,56156.25,56295.3,56067,56240.95,0
1750412700000,56241.15,56328.2,56208.7,56216.5,0
1750650300000,55832.35,56061.5,55779.25,55828.4,0
1750653900000,55826.7,55950.8,55811.55,55917.7,0
1750657500000,55917.6,55949.1,55856.9,55914,0
1750661100000,55914.1,55976.25,55902.5,55976.25,0
1750664700000,55975.2,56233.55,55961.3,56125.45,0
1750668300000,56125.7,56129.9,56011.9,56058.6,0
1750671900000,56058.85,56085.8,56021.55,56034.55,0
1750736700000,56529.45,56736.1,56460.85,56619.6,0
1750740300000,56620.65,56711.85,56487.2,56692.8,0
1750743900000,56691.75,56862,56653.55,56826.2,0
1750747500000,56831.3,56840.35,56488.65,56566.05,0
1750751100000,56566.45,56614.6,56276.15,56370.65,0
1750754700000,56372,56513.35,56349.7,56457.65,0
1750758300000,56457.75,56506.65,56440.8,56471.4,0
1750823100000,56564.5,56664.9,56420.65,56567.25,0
1750826700000,56571.1,56646.75,56558.05,56566,0
1750830300000,56566.9,56619.8,56519.95,56564.55,0
1750833900000,56564.2,56634.55,56529.75,56609.45,0
1750837500000,56612.6,56643.4,56567.05,56625.4,0
1750841100000,56622.05,56681.4,56586.95,56616.95,0
1750844700000,56617.2,56629.7,56564.3,56591,0
1750909500000,56693.55,56806.6,56567.4,56695.7,0
1750913100000,56693.2,56743.75,56558.35,56609.75,0
1750916700000,56613.55,57076.95,56567.4,56997.75,0
1750920300000,57001.45,57027,56804.5,56861.7,0
1750923900000,56863.45,57158.15,56843.75,57150.15,0
1750927500000,57156.1,57252.55,57090.35,57187.85,0
1750931100000,57184.05,57263.45,57143.65,57161.9,0
1750995900000,57234.7,57259,56993.85,57159.5,0
1750999500000,57160.1,57340.75,57158.1,57294.6,0
1751003100000,57296.05,57381.1,57263.6,57352.45,0
1751006700000,57352.75,57414.95,57315.7,57370.05,0
1751010300000,57374.15,57436.15,57341.65,57380.5,0
1751013900000,57380.05,57463.1,57312.25,57451.95,0
1751017500000,57452.05,57475.4,57380.15,57399.95,0
1751255100000,57529.95,57614.5,57323.15,57414.5,0
1751258700000,57415.9,57470.05,57297.8,57358.8,0
1751262300000,57358,57509,57332.25,57496.5,0
1751265900000,57496,57524.75,57310.65,57347.35,0
1751269500000,57349.85,57388.05,57208.3,57248.15,0
1751273100000,57252.25,57340.6,57193.8,57332.15,0
1751276700000,57331.15,57341,57261.15,57318.55,0
1751341500000,57375.8,57423,57197.15,57205.95,59658392
1751345100000,57202.7,57262.8,57150.35,57213.1,31622936
1751348700000,57211.55,57303.45,57189.15,57283.8,30459484
1751352300000,57284.6,57461.5,57271.45,57439.4,53309782
1751355900000,57440.25,57530.35,57401.5,57530.35,44569016
1751359500000,57530.35,57533.85,57406.8,57441.9,47097490
1751363100000,57439.05,57501.3,57425.9,57442.7,23679598
1751427900000,57558.2,57628.4,57205.8,57268.35,54740571
1751431500000,57268.95,57278.75,57152.35,57202.05,21564451
1751435100000,57201.4,57235.3,57138.7,57158.3,18211261
1751438700000,57155.75,57177.65,57042.65,57043.3,14887767
1751442300000,57042.3,57050.75,56851.45,56888.15,21835562
1751445900000,56891.9,57066.1,56833.8,57017.05,31595297
1751449500000,57018.7,57019.5,56951.8,56972.15,16117544
1751514300000,57050.4,57193.25,56894.65,57119.35,45710194
1751517900000,57121.05,57158.45,57061.45,57103.6,16758140
1751521500000,57102.6,57135.5,56956.7,56989.75,16960319
1751525100000,56989.35,57048.4,56949.85,56978.8,11905857
1751528700000,56978.55,57116.15,56907.25,56923.3,16479026
1751532300000,56921.85,56945.95,56767.05,56794.15,33782016
1751535900000,56798.95,56832.6,56764.1,56772.75,16685179
1751600700000,56825.25,56938.75,56680.05,56795.6,25990734
1751604300000,56796.35,56898.2,56776.4,56855.7,10886418
1751607900000,56855.5,56861.75,56628.3,56639.05,15111265
1751611500000,56639.3,56759.35,56623.6,56751.25,10695304
1751615100000,56747.4,56872.2,56728.35,56864.45,9447422
1751618700000,56863.55,57057.5,56793.85,57045.55,16271405
1751622300000,57044.85,57075.1,56997.9,57044.8,9323611
1751859900000,56938.7,57071.2,56854.05,56919.35,25894261
1751863500000,56920.25,57152.2,56896.1,57021.7,17714486
1751867100000,57028.4,57042.6,56899.9,56909.95,11161994
1751870700000,56911.15,56985.2,56838.55,56950.65,15269876
1751874300000,56947.35,57029.5,56909.3,56965.95,11763367
1751877900000,56975.45,56986.7,56856.1,56947.1,18903442
1751881500000,56947.85,56965.35,56913.35,56918.5,8207530
1751946300000,56942.55,57258.1,56923.05,57146.8,21280590
1751949900000,57147,57220.5,57077.1,57087.5,12188151
1751953500000,57087.4,57175.8,57060.7,57103.45,18391047
1751957100000,57108.7,57200,57076.65,57147.9,17024291
1751960700000,57146.05,57169.1,57074.3,57094.3,11583255
1751964300000,57094.55,57293.45,57081.55,57271.35,21711067
1751967900000,57272.1,57303.3,57220.6,57240.85,10892405
1752032700000,57199.75,57233.45,57037.9,57193.85,21216075
1752036300000,57193.95,57217.9,57127.8,57186.7,10731003
1752039900000,57180.8,57217,57097.2,57197.45,14580636
1752043500000,57201.9,57270.9,57174.5,57268.45,9087550
1752047100000,57267.45,57290.65,57187,57212.9,12153017
1752050700000,57221.55,57246.85,57154.5,57218,20453838
1752054300000,57219.6,57230.7,57170.05,57171.6,9742844
1752119100000,57339.75,57363.7,57152.8,57184.65,23326830
1752122700000,57180.7,57280.1,57116.45,57187.15,14377778
1752126300000,57187.1,57194.05,57023.85,57058.9,13780449
1752129900000,57058.5,57203.35,57039.7,57074.3,13683614
1752133500000,57075.75,57172.55,56993.85,57098.65,12115618
1752137100000,57097.4,57150.5,56976.5,57002.25,17649555
1752140700000,57005.85,57046.65,56886.6,56956.95,15509621
1752205500000,56843.45,57091.05,56807.35,56814.6,18901148
1752209100000,56814.55,56823.15,56645.35,56689.35,12063031
1752212700000,56689,56736.2,56607.75,56661.25,10053212
1752216300000,56660.15,56837.95,56639.45,56734.05,14387366
1752219900000,56733.95,56816.3,56679.45,56760.4,18825283
1752223500000,56761.6,56799.75,56706,56760.8,16956674
1752227100000,56760.85,56764.75,56695.7,56712.85,10586196
1752464700000,56780.75,56896.3,56653.5,56848,34992263
1752468300000,56849.1,56892.5,56659.9,56673.5,14553761
1752471900000,56672.85,56699.55,56597.45,56659.45,14267959
1752475500000,56659.9,56728.45,56617.9,56648.8,9376357
1752479100000,56650.2,56726,56594.25,56665.55,20177837
1752482700000,56669.3,56830.65,56622.05,56764.85,25838243
1752486300000,56763.05,56791.1,56732.45,56763.6,10350170
1752551100000,56709.2,57063.35,56707.8,57036.5,34404531
1752554700000,57038,57134.95,56989.9,57078.45,26640594
1752558300000,57077.95,57114.75,57034.65,57054.95,14314424
1752561900000,57056.45,57117.1,56992.05,57034.85,13562041
1752565500000,57038.45,57048.15,56915.4,56983.65,11151620
1752569100000,56987.2,57042.9,56908.2,57038.35,18459215
1752572700000,57043.5,57076.8,57011.85,57049.6,13245695
1752637500000,57111.25,57175.15,56991.55,57023.1,36236277
1752641100000,57024,57085.4,56937.6,57030.8,13429270
1752644700000,57030.65,57173.55,56984.65,57109.95,23192097
1752648300000,57113.5,57271.9,57102.8,57249.6,31449742
1752651900000,57251.85,57276.55,57163.45,57237.7,27374098
1752655500000,57239.6,57252.65,57153.75,57179.05,23798873
1752659100000,57181.25,57195.15,57084.15,57108.4,14709147
1752723900000,57231.95,57262.85,56980.65,56992.6,40165507
1752727500000,56990.6,57037.45,56914.9,56991.6,16814354
1752731100000,56992.7,57039.1,56953.95,56955.8,14815751
1752734700000,56955.5,56960.7,56868.4,56896.3,12288641
1752738300000,56894.6,56956.05,56834.35,56862.8,13170188
1752741900000,56861.4,56909.1,56812.45,56854.25,29622251
1752745500000,56849.5,56852.2,56780.15,56805.1,14096242
1752810300000,56524.25,56705.15,56403.9,56408.9,44934776
1752813900000,56410.9,56411.5,56204.85,56311.35,24164916
1752817500000,56316.6,56376.45,56268.1,56275.85,14818386
1752821100000,56274.05,56376.5,56240.8,56273.5,17509032
1752824700000,56274.75,56364.5,56245.3,56303.9,11548040
1752828300000,56303.45,56431.95,56264.45,56280.8,22970470
1752831900000,56280.05,56307.6,56237.9,56253.7,13316578
1753069500000,56558.9,56761.5,56255.7,56720.6,46463873
1753073100000,56725.2,56811,56633,56769.25,19025251
1753076700000,56770.1,56827.3,56639.15,56777.9,16554926
1753080300000,56776.45,56929.1,56690.7,56894.4,13070882
1753083900000,56898.1,56923.05,56733.3,56816.9,14798304
1753087500000,56817.65,56967.55,56757.85,56953.05,23169320
1753091100000,56955,56983.45,56901.3,56916.75,11694123
1753155900000,57253.35,57286.15,56916.65,57029.1,42090605
1753159500000,57029.75,57122.3,56863.7,56916.05,19861810
1753163100000,56917.15,56923.1,56807.25,56882.6,15386923
1753166700000,56884.7,56969.7,56873.95,56888.45,11576200
1753170300000,56887.75,56897.3,56791.45,56827.2,13125342
1753173900000,56828,56841.6,56730.45,56769.5,22596257
1753177500000,56771.25,56784.9,56692,56721.75,15659781
1753242300000,56918.15,56949.6,56715.8,56761.1,29908017
1753245900000,56759.25,56881.7,56727.3,56862.55,14633704
1753249500000,56859.45,56957.65,56785.25,56939.7,13234613
1753253100000,56938.2,57096.65,56934.15,57049.5,11950467
1753256700000,57050.5,57194.3,57025.95,57192.35,14853918
1753260300000,57192.25,57249,57138.05,57212.9,41482881
1753263900000,57210.45,57219.45,57176.2,57191.65,10514851
1753328700000,57316.6,57316.6,56993,56998.05,23893407
1753332300000,56997.75,57107.25,56978.2,57031.3,14192062
1753335900000,57029.5,57078.7,56850.9,56905.95,14451689
1753339500000,56905.45,56981.75,56854.15,56931.8,9081450
1753343100000,56931.9,57148.7,56913.05,57107.75,68778028
1753346700000,57106.85,57151.05,57050.95,57074.75,42536723
1753350300000,57075.7,57086.7,57001.55,57033.7,16376781
1753415100000,57001.85,57136.75,56869.45,56941.8,41899348
1753418700000,56940.95,56940.95,56644,56657.75,17167881
1753422300000,56659.55,56778.8,56526.35,56547.7,15348374
1753425900000,56547.35,56600.3,56465.1,56554.55,12603172
1753429500000,56554.25,56610.9,56439.4,56504.15,11787855
1753433100000,56504.25,56564.15,56463.85,56551.9,17598155
1753436700000,56550.05,56553.55,56475.75,56520.45,11398727
1753674300000,56215.1,56522.2,56186.85,56478.6,48963481
1753677900000,56478.05,56578.4,56331.6,56418,22834274
1753681500000,56418.1,56477.4,56335.5,56361.05,14111645
1753685100000,56361.3,56414.15,56147.3,56163,14288441
1753688700000,56162.95,56176.4,55997.45,56060.3,16424723
1753692300000,56064.75,56178.55,56040.35,56074.5,22306384
1753695900000,56074.4,56113.35,56051.95,56053.3,12749867
1753760700000,55881.8,56148.95,55843.25,56048,31673369
1753764300000,56049.85,56067.05,55897.95,55962.7,21397181
1753767900000,55963.9,56094.45,55955.7,56037.2,15246338
1753771500000,56040.8,56102.95,55980.95,56084.55,15994916
1753775100000,56083.3,56296.4,56075.05,56251.35,30826179
1753778700000,56250.75,56282.75,56082.1,56205.5,26212573
1753782300000,56207.45,56279.3,56202.4,56230.15,12329050
1753847100000,56310.1,56320.35,56104.65,56201.95,29494472
1753850700000,56201.35,56211.6,56064.55,56210.1,15764687
1753854300000,56207.7,56321.15,56191.5,56233.15,19687094
1753857900000,56233.5,56292.75,56156.7,56190.55,8749417
1753861500000,56189.65,56264.9,56152.75,56188.2,32801076
1753865100000,56184.85,56255.35,56133.25,56140.85,29407958
1753868700000,56144.8,56160.9,56098.5,56114.6,11288927
1753933500000,55728.15,55959.4,55561.65,55607.2,35187144
1753937100000,55606.75,55877.55,55547.35,55809.35,39464007
1753940700000,55808.85,56121.75,55789.55,56091.55,22493016
1753944300000,56089.95,56362.6,56076.6,56306.55,22174299
1753947900000,56304.55,56406.2,56261.8,56308,19935469
1753951500000,56307.2,56312.2,55937.9,55967.65,40039571
1753955100000,55968.2,56005.55,55906.45,55992.65,14474477
1754019900000,55897.15,55986.45,55774.7,55982,20772822
1754023500000,55984.25,56097.6,55883.4,55896.95,12232370
1754027100000,55897.65,55906.85,55755.7,55807.2,10217374
1754030700000,55808.7,55895.55,55729.35,55809.45,10520258
1754034300000,55809.7,55923.05,55743.8,55792.85,10960462
1754037900000,55793.2,55814.65,55562.1,55591.55,24385009
1754041500000,55594.5,55658.9,55570.05,55636.15,15401415
1754279100000,55557.5,55752.45,55437.3,55528.05,44972912
1754282700000,55528.15,55652,55462.75,55578.65,21131842
1754286300000,55578.75,55670.6,55541.3,55635.65,10574670
1754289900000,55637.7,55721.2,55604.45,55631.3,9996318
1754293500000,55631,55689.85,55511.9,55614.8,17075966
1754297100000,55611.2,55657.25,55568.7,55613.65,23514423
1754300700000,55613.4,55656.95,55612.9,55643.95,10786841
1754365500000,55545.05,55648.15,55419.35,55481.3,39339209
1754369100000,55480.95,55506.2,55370.2,55456.85,18424084
1754372700000,55460.15,55520.3,55409.05,55492.55,8568815
1754376300000,55496.05,55518.95,55374.1,55394.35,10448091
1754379900000,55391.8,55396.15,55202.85,55250.35,10946800
1754383500000,55249.8,55403.8,55219.25,55398.9,18672244
1754387100000,55399.55,55410.45,55332.4,55392.5,11262626
1754451900000,55329.8,55507.2,55276.15,55354.2,21364925
1754455500000,55354.55,55499.65,55227.7,55270.45,15547368
1754459100000,55270.05,55365.85,55242.25,55338.65,11296495
1754462700000,55337.8,55463.25,55335.2,55444.1,35753823
1754466300000,55444.7,55559.4,55408.1,55420.2,13642884
1754469900000,55418.45,55488.3,55310.4,55397.25,18030246
1754473500000,55396.9,55470.8,55392.15,55422.25,8971466
1754538300000,55215.65,55364.7,55148.3,55173.25,30133070
1754541900000,55172.95,55205.8,55076.4,55111.45,9970392
1754545500000,55113.35,55202.75,55096.7,55172.4,11686218
1754549100000,55175,55196.25,55092.25,55115.8,8673973
1754552700000,55115.4,55142.45,54973.55,55124.3,13431310
1754556300000,55122.4,55551.8,55122.4,55513.4,19608205
1754559900000,55514.15,55614.8,55507.2,55591.35,8481083
1754624700000,55609.35,55652.6,55230.3,55252.35,25928643
1754628300000,55243.6,55324.1,55157.5,55210.85,9011789
1754631900000,55213.35,55221.25,55078.6,55114.1,10093401
1754635500000,55114.8,55272.25,55087.9,55137.95,14816198
1754639100000,55137.45,55200.3,55059.75,55122.05,16180165
1754642700000,55123.25,55183.7,54927.15,54985.55,18509752
1754646300000,54987.6,55023.9,54905.6,54925.45,9651890
1754883900000,54999.35,55249.4,54927.55,55215.75,27725571
1754887500000,55216.2,55319.7,55201.85,55233.75,16262689
1754891100000,55236.5,55303.85,55128.8,55167.85,14200374
1754894700000,55169.45,55321.95,55143.15,55226.05,9412359
1754898300000,55226.25,55412.8,55208.9,55403.7,11701199
1754901900000,55405.95,55553.4,55362.25,55518.95,20695484
1754905500000,55515.2,55582.15,55418.5,55423.55,9685270
1754970300000,55441.1,55566.7,55217.3,55449.35,16854249
1754973900000,55448.35,55486.5,55188.85,55201.8,8709721
1754977500000,55201.65,55298.9,55193.7,55265.2,8010463
1754981100000,55265.6,55408.75,55257.45,55320.55,10750209
1754984700000,55318.95,55320.6,55114.9,55133.9,9666051
1754988300000,55139.95,55164.6,55001.5,55043.05,18194601
1754991900000,55043.75,55085.75,55013.2,55039.35,8917070
1755056700000,55340.05,55340.05,55094.85,55119.35,18949310
1755060300000,55123.45,55170.95,55026.95,55118.35,11088945
1755063900000,55117.55,55161.1,55031.8,55099.6,10612609
1755067500000,55100.6,55234.1,55073.6,55172.1,9375496
1755071100000,55181.5,55271.9,55110.4,55256.35,11202982
1755074700000,55255.55,55263.25,55160.35,55172.8,17215979
1755078300000,55174.1,55207.3,55159.7,55189.05,8393216
1755143100000,55102.55,55419.9,55074.3,55344.8,15986625
1755146700000,55344.1,55472.8,55292.7,55300.55,11485209
1755150300000,55306.7,55361,55230.05,55328.65,12448694
1755153900000,55331.2,55442.8,55328,55395.65,8755793
1755157500000,55395.45,55429.45,55304.55,55355.3,8243926
1755161100000,55350.9,55426.2,55254.9,55340.75,16839998
1755164700000,55340.25,55355.9,55288.5,55318.05,9165163
1755488700000,55940.6,56156.3,55822.7,56030.95,31779283
1755492300000,56028.3,56070.2,55892.1,55909.85,14157651
1755495900000,55910,56011.8,55711.3,55714.75,15956784
1755499500000,55715.75,55831.6,55647.65,55818.5,16369369
1755503100000,55818.7,55836.05,55692.8,55777.7,9929421
1755506700000,55776.65,55845.6,55722.05,55727.4,14194547
1755510300000,55733.7,55765.85,55701.3,55745.55,8948168
1755575100000,55622.3,55791.8,55608.15,55700.35,15632471
1755578700000,55699.45,55812,55644.95,55789.25,12285733
1755582300000,55793.7,55915.35,55769.1,55905.5,12888407
1755585900000,55905.7,55965.55,55852.9,55911.8,11093559
1755589500000,55911.5,55939.7,55724.6,55763.95,10922806
1755593100000,55769.35,55903.6,55740.8,55856.4,23835118
1755596700000,55855.25,55888.5,55836.9,55849.8,8801719
1755661500000,55751.5,55812.6,55577.35,55724.5,16324096
1755665100000,55726.45,55739.15,55609,55676.3,8680611
1755668700000,55672.65,55686.85,55612.7,55654.75,11084263
1755672300000,55657.2,55739.1,55642.9,55706.55,10323844
1755675900000,55706.9,55785.6,55662.7,55759.9,8663962
1755679500000,55761,55768.55,55650.6,55696.2,12551653
1755683100000,55694,55728.95,55677.75,55702.1,6398115
1755747900000,55972.05,55993.65,55720.45,55915.1,14705979
1755751500000,55913.15,55965.7,55876.05,55903.5,9352899
1755755100000,55905.05,55928.1,55780.1,55786.35,9486852
1755758700000,55787.35,55838.65,55754.4,55815.35,11439804
1755762300000,55814.65,55838.4,55725.95,55836.9,8225241
1755765900000,55837.65,55894.65,55730.65,55741.7,15946642
1755769500000,55742.5,55756.7,55708.2,55733.9,7358599
1755834300000,55669.25,55745,55300.9,55342.4,16840056
1755837900000,55336.95,55342.15,55218.35,55293.75,12255855
1755841500000,55293.2,55370.9,55245.35,55314.8,12405032
1755845100000,55315.3,55344.3,55281.75,55316.15,9473979
1755848700000,55311.95,55360.2,55276.95,55284.85,9854464
1755852300000,55286.05,55287.2,55137.3,55163.85,16958410
1755855900000,55162.3,55170.3,55102.6,55152.45,9243035
1756093500000,55147.75,55306,55060.25,55076.45,17368600
1756097100000,55076.8,55164.3,55048.4,55111.9,10217428
1756100700000,55112.2,55201.2,55100.05,55183.2,12870068
1756104300000,55183.75,55248.65,55175.25,55240.85,11569975
1756107900000,55241.85,55246.05,55183.6,55219.35,7816811
1756111500000,55219,55260.2,55112.1,55121,19825314
1756115100000,55122.45,55192.35,55117,55161.75,8939551
1756179900000,54999.05,55068.9,54478.4,54596.6,17261223
1756183500000,54595,54653.85,54528.95,54608.55,11047107
1756187100000,54605.6,54717.45,54595.45,54609.9,9554133
1756190700000,54610.05,54639.85,54551.75,54616.1,9890053
1756194300000,54615.85,54643.5,54462.7,54483.55,13302283
1756197900000,54483,54545.45,54409.2,54421.05,40744074
1756201500000,54426.25,54478.8,54396.1,54416.45,21950623
1756352700000,54256,54382.25,53916.1,54058.3,35903293
1756356300000,54054.95,54353.3,54004.55,54245,13863403
1756359900000,54244.35,54336.8,54126.25,54188.1,10593769
1756363500000,54190.6,54204.9,53967.25,53990.15,10432244
1756367100000,54000.35,54047.65,53908.8,54015.75,16942727
1756370700000,54010.8,54036.8,53768.45,53827.45,32804526
1756374300000,53820.7,53956.8,53805.45,53894.25,13748265
1756439100000,53660.35,54006.95,53660.35,53887.35,22837743
1756442700000,53887.7,54086,53868.25,53986.15,14639461
1756446300000,53985.65,54039.55,53922.8,53991.65,10071272
1756449900000,53990.05,53991.7,53805.65,53808.45,10900864
1756453500000,53807.8,53871.85,53724.1,53794.5,10680627
1756457100000,53794.45,53839.9,53606.9,53609.25,21000408
1756460700000,53613.25,53748.35,53606.45,53692.85,13737921
1756698300000,53658.15,53988.25,53658.15,53864.15,22475600
1756701900000,53860.9,53896.4,53755.75,53829.15,10129142
1756705500000,53828.8,53857.7,53717,53788.95,8514283
1756709100000,53789.05,53919.05,53761.4,53917.5,7086476
1756712700000,53916.1,53949.95,53878.9,53935.3,8336156
1756716300000,53933.95,54017.7,53873.25,54002.95,13241767
1756719900000,54000.9,54035.85,53984.95,53993.4,8218119
1756784700000,54038.25,54160.95,53912.2,54096.9,15914846
1756788300000,54096.65,54140.45,54045.85,54104.55,8057469
1756791900000,54101.2,54103.25,54003.75,54016.95,8241628
1756795500000,54018.2,54093.8,53961.75,53985.6,9120860
1756799100000,53987.25,53998.1,53578,53652.5,11450106
1756802700000,53643.3,53765.95,53624.2,53670.2,18016799
1756806300000,53675.55,53691.1,53619.9,53627.25,6710537
1756871100000,53630.75,53866.75,53561.75,53853.7,18225810
1756874700000,53851.85,53855.35,53667.3,53706.5,12518488
1756878300000,53705,53755.15,53647.75,53750.95,10787456
1756881900000,53749.5,53814.65,53633.95,53679.85,13190837
1756885500000,53680.95,53892.3,53669.45,53862.8,11358019
1756889100000,53863.5,54136.15,53856.7,54096.1,20955293
1756892700000,54093.7,54100.8,54028,54071.75,13013260
1756957500000,54379.6,54450.55,54195.7,54221.2,18577450
1756961100000,54218.05,54307.25,54145.65,54198,15003655
1756964700000,54197.65,54261.25,54132.25,54181.15,14862349
1756968300000,54187.15,54273.95,54107.9,54221.7,12203743
1756971900000,54222.5,54272.95,54095.1,54112.55,20896978
1756975500000,54112.8,54175,53971.85,54041,26681582
1756979100000,54044.1,54111.25,54037.3,54101.1,11772913
1757043900000,54308.05,54308.05,53881.45,53882.9,19002405
1757047500000,53883.25,53937.35,53746.2,53884.4,11610549
1757051100000,53884.05,53920.25,53800.2,53800.2,9843771
1757054700000,53802.7,53815,53719.55,53811.55,10050649
1757058300000,53813.95,54139.9,53798.35,54028.65,11251363
1757061900000,54034.35,54172.45,54014.75,54093.75,11851601
1757065500000,54094.25,54127.7,54078.7,54098.2,6284910
1757303100000,54215.4,54329.2,54088.7,54166.95,18411131
1757306700000,54167.95,54210.5,54067.15,54207.7,9379041
1757310300000,54210.15,54315.85,54199.05,54303.8,9188731
1757313900000,54302,54382.8,54239.15,54366.5,7418514
1757317500000,54366.65,54378.2,54280.6,54326.3,8285540
1757321100000,54328.55,54518.7,54137.1,54184.85,17454272
1757324700000,54182.65,54257.85,54153.95,54222.3,6104515
1757389500000,54330.55,54350.65,54188.3,54197.05,15824269
1757393100000,54200.85,54217,54133.7,54176.35,10144438
1757396700000,54173,54217.45,54079.45,54127.25,17951734
1757400300000,54127.45,54194.65,54092.3,54154.9,10521424
1757403900000,54156.8,54252.15,54139.7,54244.9,9123462
1757407500000,54244.6,54291.95,54145.35,54225.7,20340177
1757411100000,54219.9,54241.4,54176.85,54228.2,9824953
1757475900000,54554.75,54554.75,54400,54500.95,23645704
1757479500000,54499,54705.2,54499,54627.15,26086324
1757483100000,54627.55,54635.4,54533.35,54596.55,15325058
1757486700000,54596.4,54629.35,54504.3,54506.6,11336464
1757490300000,54506.65,54607.9,54477.4,54565.5,11195791
1757493900000,54566.5,54572.6,54432.7,54552.9,19593650
1757497500000,54553.35,54565.5,54513.1,54532.65,9728743
1757562300000,54413.05,54649.85,54402.4,54547.85,25867607
1757565900000,54548.65,54630.65,54540.7,54618.6,12154057
1757569500000,54621.6,54646.25,54531.05,54642.5,8470401
1757573100000,54645.45,54733.9,54637.55,54699,8443275
1757576700000,54699.55,54750.85,54658.75,54734.5,10726364
1757580300000,54735.7,54757.45,54612.8,54651.3,22757771
1757583900000,54651,54693.35,54625.9,54644.6,8423817
1757648700000,54781.55,54847.7,54580.35,54684.95,16350666
1757652300000,54687.55,54745.4,54649.3,54731.85,9393894
1757655900000,54733.75,54852.25,54723.45,54799.3,11034398
1757659500000,54797.35,54839.9,54766.45,54820.5,8577921
1757663100000,54819.5,54833.5,54749.85,54797.35,11705715
1757666700000,54799.5,54828.85,54768.65,54812.6,15716241
1757670300000,54811.9,54826.1,54779.65,54784.55,7272266
1757907900000,54884.05,54953.15,54808.1,54895.5,13929581
1757911500000,54895.75,54955.8,54862,54912.25,8558214
1757915100000,54908.35,55018.7,54890.05,54987.6,8803528
1757918700000,54988.7,55006.25,54917.05,54953.75,7129787
1757922300000,54955.25,54969.6,54807.5,54889.6,8774059
1757925900000,54888.1,54991.15,54874.1,54889.85,17357338
1757929500000,54888.9,54898.05,54840.4,54852.7,7432397
1757994300000,54778.4,55120.95,54777.75,55073.75,21206771
1757997900000,55073.35,55117.1,55040.7,55094.05,13454457
1758001500000,55095.9,55159.1,55063.65,55109.35,11992059
1758005100000,55102.25,55175.15,55057.65,55091.15,10307976
1758008700000,55090.6,55120.8,55026.35,55080.15,9479151
1758012300000,55079.55,55178,55075.35,55141.25,21088865
1758015900000,55144.5,55185.45,55121.5,55166.8,11083366
1758080700000,55158.35,55371.6,55146.55,55286.35,16359881
1758084300000,55286.1,55397.05,55234.55,55369.2,37728000
1758087900000,55365.25,55371.6,55307.25,55368.25,12562222
1758091500000,55368.15,55433.5,55354.9,55410.45,14902735
1758095100000,55410.3,55451.55,55378.1,55396.3,30535496
1758098700000,55395.95,55540.75,55376.7,55497.25,30115803
1758102300000,55494.4,55501.35,55444.65,55480.85,13091802
1758167100000,55797.1,55835.25,55611.55,55761.05,44613227
1758170700000,55761.05,55826.45,55736.4,55775.9,14992547
1758174300000,55783.6,55810.85,55720.95,55752,13923022
1758177900000,55754.45,55777.7,55490.9,55570.85,16079513
1758181500000,55569.45,55667.05,55531.4,55604.6,12419607
1758185100000,55609.4,55757.15,55524.35,55732.6,22823030
1758188700000,55732.65,55764.7,55700.65,55716.5,9440421
1758253500000,55647.95,55688.75,55461.8,55516,40565432
1758257100000,55517.45,55598.65,55412,55434.5,25545198
1758260700000,55433.5,55471,55380.65,55444.25,19570798
1758264300000,55448,55482.45,55355.3,55471.45,13428803
1758267900000,55474.25,55536.1,55457.25,55518.6,15392453
1758271500000,55517.95,55534.45,55413.8,55465.6,44206129
1758275100000,55466.1,55507.3,55437.65,55494.1,31235395
1758512700000,55429.3,55620.9,55315.55,55581.2,29861878
1758516300000,55581.95,55666.35,55532.4,55550.25,14675059
1758519900000,55550.85,55582.35,55472.7,55541.15,14601323
1758523500000,55540.95,55619.5,55520.2,55586.25,10881595
1758527100000,55587.9,55588.25,55412.9,55480.4,11859593
1758530700000,55482.6,55484.15,55215.6,55273.65,26544876
1758534300000,55273.45,55320.1,55260.3,55280.7,10179279
1758599100000,55248.7,55367.6,55159,55317.65,25803699
1758602700000,55316.3,55329.15,55199.8,55214.2,17049597
1758606300000,55214.85,55322.3,55181.55,55317.9,18816600
1758609900000,55317.05,55581.3,55303.05,55522.85,20821564
1758613500000,55522.75,55662,55507,55544.5,30151216
1758617100000,55546.35,55604.2,55474.3,55512.5,43420796
1758620700000,55512.2,55561.35,55496.65,55555.65,15070248
1758685500000,55387.1,55511.1,55226.6,55321.5,48462369
1758689100000,55322.1,55355.6,55051.85,55121.15,30489458
1758692700000,55121.65,55158.35,55081.35,55156.7,15615527
1758696300000,55156.15,55241.5,55118.55,55235.55,15895265
1758699900000,55234.4,55283.75,55123.35,55136.2,12200003
1758703500000,55136.4,55176.8,55040.45,55144.35,33100079
1758707100000,55146.35,55157,55111.95,55131.4,13521272
1758771900000,55061.65,55252.8,54993.55,55153.05,30625768
1758775500000,55153,55191.8,55071.6,55136.4,17970481
1758779100000,55136.95,55190.65,55020.2,55069.55,15576163
1758782700000,55066.25,55276.65,55055.1,55216.9,17004380
1758786300000,55221,55256.2,55137.3,55192.15,17620332
1758789900000,55186.6,55204.65,54928.7,54944.9,42749026
1758793500000,54946.65,54977,54903.3,54950.95,16825738
1758858300000,54797.9,54897,54593.2,54650.45,31440554
1758861900000,54651.95,54719.35,54538.45,54562.6,19723050
1758865500000,54566.45,54593.2,54499.95,54560.55,13252639
1758869100000,54560.4,54630.05,54528.4,54564.75,11565894
1758872700000,54565.95,54578.45,54310.95,54372.7,18876849
1758876300000,54371.3,54429.3,54324.55,54394.55,23080934
1758879900000,54393.35,54422.2,54371.2,54417.35,9710085
1759117500000,54460.4,54625.7,54366.2,54585.1,23862972
1759121100000,54584.4,54686.05,54503.8,54517,16711126
1759124700000,54514,54519.45,54253.75,54279.5,16244823
1759128300000,54278.5,54504.3,54226.6,54497.4,16055251
1759131900000,54500.35,54672.05,54421.2,54607.15,19259493
1759135500000,54610.2,54649.15,54383.95,54471.75,74178226
1759139100000,54473.95,54586.45,54445.25,54541.35,50289549
1759203900000,54705.5,54793.05,54564.65,54578.8,47646709
1759207500000,54579,54672.85,54502.95,54645.25,20791343
1759211100000,54645.5,54690.95,54562.55,54670.3,22179597
1759214700000,54670.65,54771.15,54667.5,54732.25,24036866
1759218300000,54732.2,54761.15,54560.65,54610.1,21627031
1759221900000,54614.05,54717.1,54538.5,54665.45,48093995
1759225500000,54661.85,54686.4,54625.8,54679.75,22441942
1759290300000,54653.9,54968.1,54582.55,54940.65,38114908
1759293900000,54937.25,55080.55,54855.95,55079.1,25199308
1759297500000,55078.1,55394.35,55077.6,55290.4,21574887
1759301100000,55289.9,55317.8,55179.75,55267.05,19444566
1759304700000,55266.5,55391.2,55226.4,55337.95,23292335
1759308300000,55341.7,55406.75,55294.3,55312.2,33390047
1759311900000,55313.05,55390.45,55307.05,55386.65,11901747
1759463100000,55182.6,55536.25,55177,55466.9,33195024
1759466700000,55466.05,55478.05,55331.4,55460.9,16443338
1759470300000,55463.4,55579.85,55413,55531.65,25142823
1759473900000,55529.65,55567.95,55452.85,55559.5,21856815
1759477500000,55555,55557.95,55463.1,55488.8,16241798
1759481100000,55490.65,55616.45,55489,55582.8,25038918
1759484700000,55586.4,55608.4,55543.25,55596.95,18713737
1759722300000,55834.7,55975.15,55727.25,55967.65,42059145
1759725900000,55971.15,56052.7,55920.9,56041.8,27573252
1759729500000,56041.45,56066.85,55953.1,56065.8,18813366
1759733100000,56065.35,56164.2,56046.65,56147.3,19391372
1759736700000,56144.35,56159.05,55980.9,56063.1,17598700
1759740300000,56064.55,56130.65,56008.7,56113.15,25018749
1759743900000,56110.45,56113.85,56052.2,56087.6,10815383
1759808700000,56126.4,56384.25,56025.05,56331,37364095
1759812300000,56333.85,56373.8,56290.55,56308.3,19658798
1759815900000,56311.35,56431.35,56171.15,56391.75,15591004
1759819500000,56392.35,56444.45,56346.6,56417.55,18914242
1759823100000,56415.85,56502.45,56358,56450.55,18512428
1759826700000,56447.55,56463.55,56197.55,56214.35,28468239
1759830300000,56212.4,56248.35,56159.85,56215.6,14484923
1759895100000,56098.5,56303.6,56038.75,56103.45,38236090
1759898700000,56101.65,56119.7,55855.8,55857.55,18350364
1759902300000,55859.2,55985,55821,55947.75,12159649
1759905900000,55944.8,56144.8,55858.2,56110.15,11953269
1759909500000,56109,56225.8,56019.85,56079.25,20070539
1759913100000,56085.85,56112.25,55988.75,55990.5,20589149
1759916700000,55989.5,56025.4,55927,55938.35,11135422
1759981500000,55979,56076.25,55843.9,55913.5,21224367
1759985100000,55912.9,56175.1,55901.25,56159.55,15432494
1759988700000,56157.85,56286.25,56133,56167.35,17883712
1759992300000,56165.5,56222.25,56035.85,56086.3,11659048
1759995900000,56088.65,56276.5,56084.45,56173.35,13427305
1759999500000,56174.9,56243.2,56079.55,56170.55,26274290
1760003100000,56174.15,56210.1,56121,56124.35,10994963
1760067900000,56168.6,56555.9,56152.45,56534.1,34504983
1760071500000,56533.2,56661.35,56533.2,56641.9,31886475
1760075100000,56641,56655.85,56567.6,56617.15,16005987
1760078700000,56617.9,56736.65,56589.6,56670.5,16823027
1760082300000,56672.05,56760.25,56648.5,56706.4,20419660
1760085900000,56703.25,56735.05,56560.25,56603.25,29547318
1760089500000,56606.55,56649.75,56588,56620.95,13053630
1760327100000,56337.05,56565.8,56327.4,56518.45,30758723
1760330700000,56514.3,56683.3,56480.85,56614.15,17776754
1760334300000,56611.35,56675.05,56538.55,56600.25,11703663
1760337900000,56593.35,56652.85,56540.5,56646.35,14430056
1760341500000,56643.7,56667.05,56537.15,56612.25,13849038
1760345100000,56627.25,56770.9,56589.3,56609.15,24225984
1760348700000,56612,56649.85,56605.25,56633.1,9502401
1760413500000,56598.65,56721.3,56473.65,56536.3,34942974
1760417100000,56536.5,56604.8,56405.1,56428.6,16764766
1760420700000,56426.2,56426.8,56268.95,56294.05,15205954
1760424300000,56293.2,56357.5,56230.15,56280.05,11276869
1760427900000,56280.3,56416.2,56255.7,56400.85,14403431
1760431500000,56399.55,56552.15,56334.3,56502.45,26288979
1760435100000,56503.6,56527,56429.35,56478.55,9680774
1760499900000,56528.95,56702.85,56491.85,56665.95,21536434
1760503500000,56662.6,56845.75,56662.6,56758.75,14785067
1760507100000,56759,56805.05,56716.85,56726.5,12971929
1760510700000,56727.2,56880.3,56695.35,56828.35,17868172
1760514300000,56828.45,56922.7,56746.65,56790.85,14603710
1760517900000,56790.4,56836.9,56703.1,56812.2,27213364
1760521500000,56815.45,56850.5,56793.7,56818.5,13469055
1760586300000,57139.95,57225.35,56994.7,57005.5,39163322
1760589900000,57008.9,57148.05,57004.1,57116.2,22460059
1760593500000,57115.85,57141.9,57078.7,57134.25,11658285
1760597100000,57131.8,57314.1,57129.95,57311,15841712
1760600700000,57310.15,57483.9,57275.35,57426.6,18397442
1760604300000,57426.3,57525.8,57374.85,57405.45,28425615
1760607900000,57401.05,57448.45,57372.3,57373.25,11458841
1760672700000,57362.9,57568.55,57238.65,57536.75,23725558
1760676300000,57536.55,57828.3,57503.55,57809.35,23874120
1760679900000,57807.75,57826.5,57644.6,57763.4,18798686
1760683500000,57765.85,57830.2,57465.3,57534.1,21920168
1760687100000,57534.2,57652.05,57396.8,57570.15,19253652
1760690700000,57565.45,57763.75,57488.3,57698.6,24073398
1760694300000,57699.25,57751.3,57678.55,57724,14421036
1760931900000,57872.85,58233.65,57872.85,58059.15,80387230
1760935500000,58059.6,58242.5,58020.45,58199.05,69428953
1760939100000,58199.8,58216.95,58118.5,58192.6,36747325
1760942700000,58193.75,58232.35,58118.65,58221.85,38435669
1760946300000,58219.85,58261.55,58116.8,58160.55,37454266
1760949900000,58158.95,58211.45,57948.85,58045.65,54922247
1760953500000,58048.85,58075.6,58017.25,58051,19962746
1761032700000,58063.4,58155.55,57988.45,58078.45,24347316
1761036300000,58078.65,58101.35,57887.2,57908.5,13724403
1761191100000,58314.55,58542.85,58157.6,58533.15,78945547
1761194700000,58534,58555.15,58414.65,58513,40156887
1761198300000,58512.6,58560.6,58463.8,58532.5,45958388
1761201900000,58526.75,58577.5,58378.15,58461.35,33110393
1761205500000,58454.2,58529.05,58205.95,58238.7,28852926
1761209100000,58237.65,58297.2,58020.15,58030.8,44541311
1761212700000,58032.15,58091.8,57951.45,57981.1,16231126
1761277500000,58172.75,58232.9,57985.35,58002,38267630
1761281100000,57996.75,57999.65,57777.05,57855.05,17950113
1761284700000,57853.65,57888.75,57735,57861.6,15411626
1761288300000,57861.95,57915.15,57669.35,57737.95,14305005
1761291900000,57733.9,57752.25,57482.05,57613.4,16179031
1761295500000,57612.45,57718.25,57565.95,57709,19963019
1761299100000,57707.55,57750.45,57691,57741.5,9249155
1761536700000,57796.45,58077.65,57652.75,58054.75,29336400
1761540300000,58052.25,58173.55,58049.5,58130.55,26265924
1761543900000,58125.65,58195.95,58035.6,58161.3,17610926
1761547500000,58163.1,58179.6,58039.15,58077.4,16400507
1761551100000,58080.85,58083.3,57951.2,58013.95,18363370
1761554700000,58013.4,58123.35,57978,58053.9,23018248
1761558300000,58051.6,58224.55,58046,58198.6,21179007
1761623100000,58006.55,58313.8,57862.9,57928.95,59192473
1761626700000,57934.95,57964.35,57770.35,57818.1,20155950
1761630300000,57817.55,57966.75,57797.25,57914.55,29255679
1761633900000,57915.7,58186.85,57870.2,58141.2,40425949
1761637500000,58138.2,58212.2,57998.2,58078,34089646
1761641100000,58072.55,58253.6,57937.85,58244.35,50923655
1761644700000,58242.6,58305,58216.4,58271.55,20197447
1761709500000,58316.25,58372.55,58091.8,58148.35,31186208
1761713100000,58149.75,58280.35,58087.05,58160.85,29144026
1761716700000,58158.6,58335.25,58156.1,58307.4,21380088
1761720300000,58310.1,58368.35,58269.05,58363.35,15269217
1761723900000,58361.95,58469.9,58321.9,58404.85,17422865
1761727500000,58404.05,58458.2,58322.45,58367,23167770
1761731100000,58370.85,58419.65,58367.3,58399.05,12150117
1761795900000,58152.05,58331.2,58075.55,58264.05,31534488
1761799500000,58262.75,58307.7,58158.85,58243.65,15582731
1761803100000,58242.45,58263.85,58131.55,58159.85,18151166
1761806700000,58159.9,58253.9,58121.85,58242.6,69834409
1761810300000,58240.55,58282.55,58081.15,58132.6,33651082
1761813900000,58131.85,58187.15,57999.2,58024.55,37149189
1761817500000,58026.65,58067.1,58007.85,58067.1,15791032
1761882300000,57942.45,58254.95,57928.4,58031.4,63211696
1761885900000,58033.85,58033.85,57656.95,57758.3,38303149
1761889500000,57759.35,58046.2,57726.4,57955.65,63314736
1761893100000,57954.4,58002.5,57898.9,57937,37922610
1761896700000,57933.35,57961.5,57801.65,57858.1,35137371
1761900300000,57857.2,57946.65,57751.3,57765.45,46234622
1761903900000,57764,57808.35,57743.15,57778.75,22478121
1762141500000,57726.85,58064.75,57718.4,57995.6,71563576
1762145100000,57995.05,58125.95,57942.3,58075.65,29088917
1762148700000,58075.5,58080.2,57939.6,58042.3,24007733
1762152300000,58040.4,58155.1,57984.45,58142.9,18463354
1762155900000,58142.1,58211.6,58054.35,58191.85,21906577
1762159500000,58191.25,58247.55,58058.45,58104.7,24665195
1762163100000,58102.8,58147.25,58092.5,58116.25,13543028
1762227900000,57966.65,58119.65,57868.6,57919.45,29398924
1762231500000,57919.6,58051.95,57852,57946.3,19109118
1762235100000,57950.35,57972.85,57803.1,57897.25,25115012
1762238700000,57900.2,57924.35,57819.75,57846.4,19497020
1762242300000,57841.05,57983.7,57812.05,57854,28422296
1762245900000,57856.55,57911.9,57801.6,57843.65,31400446
1762249500000,57839.55,57851.9,57732.95,57778.95,14627003
1762400700000,57714.8,57945.05,57609.2,57618.5,50832877
1762404300000,57616.85,57702.95,57598.8,57628.3,20138306
1762407900000,57628.7,57669.15,57521.95,57596.05,19182963
1762411500000,57597.3,57762.55,57536.75,57687.65,18630034
1762415100000,57684.25,57743.3,57573.4,57687.75,16560030
1762418700000,57686.25,57692.15,57527.95,57545.45,26707404
1762422300000,57544.9,57594.5,57521,57573.95,15414684
1762487100000,57391.4,57433.05,57157.85,57285.55,32332780
1762490700000,57283.95,57572.9,57266.75,57560.95,20448752
1762494300000,57564.2,57816.15,57553.55,57692.7,18048047
1762497900000,57695.95,57931.45,57679.3,57873.4,18318817
1762501500000,57874.85,58001.35,57768.2,57828.25,18660722
1762505100000,57830.8,57982.1,57815,57869.2,22335532
1762508700000,57871.4,57940.95,57871.4,57903.45,11707854
1762746300000,57846.2,58059.4,57846.2,57977.75,27957448
1762749900000,57976.65,58065,57919.8,58014.9,13640074
1762753500000,58020.7,58077.8,57981.9,57986.05,11814015
1762757100000,57991.45,58085.8,57982.1,58016.8,11243891
1762760700000,58019.6,58057.25,57930.4,58004.45,18890333
1762764300000,58008.55,58097.2,57924.05,57938.75,25210967
1762767900000,57938.15,57966.75,57877.45,57893,11408861
1762832700000,57962.3,58082.45,57708,57716.9,22528615
1762836300000,57717.5,57773.65,57594.25,57733.95,16240498
1762839900000,57731.2,57869.9,57691.8,57850.95,12007414
1762843500000,57851.25,57964.2,57832.3,57954.25,10613291
1762847100000,57959.35,58146.35,57956.7,58007.35,17405058
1762850700000,58007.8,58167.4,58001.55,58142.9,27647297
1762854300000,58143.65,58187.35,58121.65,58148.05,12491660
1762919100000,58505.35,58507.7,58274.25,58307.6,34769120
1762922700000,58307.7,58370.1,58223,58333,16570004
1762926300000,58330.75,58398.25,58293.15,58322.3,11749490
1762929900000,58322.2,58471.5,58322.2,58428.3,18662661
1762933500000,58429.15,58471.6,58303.55,58349.5,23661824
1762937100000,58349.1,58418.55,58286.55,58297.3,27469550
1762940700000,58297.3,58298.9,58171.85,58211.45,15543518
1763005500000,58158.75,58487.2,58127.1,58456.9,27331577
1763009100000,58456.25,58609.2,58456.25,58552.15,16512931
1763012700000,58553.55,58615.45,58510.75,58595.45,14455147
1763016300000,58598.4,58615.95,58477.85,58569.9,16947475
1763019900000,58574.75,58605.6,58336,58380.1,14027500
1763023500000,58380.75,58471.4,58343.95,58371.2,21149305
1763027100000,58369.65,58439.85,58360.5,58387.5,9524724
1763091900000,58050,58467.9,58050,58229.65,20277463
1763095500000,58230.7,58413.4,58170.35,58368.25,14110792
1763099100000,58373.65,58402.65,58232.65,58341.5,13848035
1763102700000,58342.25,58387.55,58246.3,58272.15,14001813
1763106300000,58270.6,58323.05,58152.95,58218.65,9451110
1763109900000,58211.2,58578.5,58166.4,58552.95,26852283
1763113500000,58552.9,58590.15,58493.3,58535.9,14988999
1763351100000,58696.3,58977.5,58605.3,58888.2,50210254
1763354700000,58889.2,58979.85,58862.15,58929.1,25046987
1763358300000,58929.2,58943.4,58836.15,58921.95,13884891
1763361900000,58928.75,58996.2,58904.5,58961.6,14351851
1763365500000,58962.3,59000.5,58911.1,58967,14186086
1763369100000,58968.95,58973.2,58899.55,58957.35,24504335
1763372700000,58957.35,59001.55,58948.95,58969.2,14408656
1763437500000,58990.5,59026.85,58850.7,58885.15,39923212
1763441100000,58884.65,59007.95,58878.45,59001.8,12573374
1763444700000,58995.5,59049.1,58950,58985.6,16475444
1763448300000,58985.8,59030.1,58947.3,58990.3,15476857
1763451900000,58988,59103.65,58988,59072,17199587
1763455500000,59071.7,59086.45,58877.1,58880.4,28711979
1763459100000,58880.4,58912.25,58798.9,58835.85,14107205
1763523900000,58908.15,58952.75,58688.55,58871.75,30393961
1763527500000,58872.3,58909.6,58783.35,58783.9,14436804
1763531100000,58783.95,58940.05,58767.05,58925.9,12805925
1763534700000,58926.7,59082.1,58913.5,59060.05,17516636
1763538300000,59059,59128.65,58930.8,59119.95,22571003
1763541900000,59117.6,59264.25,59115.25,59225.65,37651788
1763545500000,59228.15,59232.6,59173.65,59207.95,13541259
1763610300000,59308.2,59326.65,59125.25,59170.6,27722123
1763613900000,59171.3,59249.85,59128.8,59206.9,18593102
1763617500000,59208.2,59265.2,59199.15,59231.1,9959957
1763621100000,59230.75,59380.1,59186.6,59322.45,13088159
1763624700000,59325,59411.7,59314.35,59381.75,10179498
1763628300000,59384.1,59440.1,59313.8,59350.9,28623694
1763631900000,59352.1,59376.05,59310.8,59343.9,10412633
1763696700000,59116.7,59232.15,58958.5,58991.55,27504480
1763700300000,58994.4,58994.4,58833.15,58944.45,19818405
1763703900000,58945,59032.6,58898.9,59027.5,14252440
1763707500000,59032,59149.95,59008,59050.45,16141737
1763711100000,59056.35,59113.5,58970.95,59109.45,15417714
1763714700000,59109.5,59126.5,58861.5,58887.25,19242493
1763718300000,58884.15,58912.35,58823.65,58851.85,8206860
1763955900000,58996.9,59133.25,58891.8,59128.55,22066299
1763959500000,59129.3,59239.7,59112.65,59186.85,16322958
1763963100000,59186.5,59309.9,59164.65,59206.45,15532179
1763966700000,59204.35,59267.95,59141.9,59247.45,13860319
1763970300000,59252.7,59279.25,59141.7,59191.6,13465607
1763973900000,59193.5,59193.5,58829.45,58836.65,61774185
1763977500000,58836.65,58857.8,58649.5,58731.05,46505358
1764042300000,58925.65,59051.4,58746.2,59026.6,22373466
1764045900000,59030.8,59063.5,58755.85,58814.55,11397737
1764049500000,58815.15,59008.35,58810.7,58958.3,15043871
1764053100000,58962.95,58982.6,58836.9,58931.9,15448728
1764056700000,58933.6,59140.55,58927.2,59127.85,18466923
1764060300000,59129.1,59166.15,58747.25,58825.35,39421941
1764063900000,58825.45,58851.6,58790.35,58810.8,14259566
1764128700000,58783.05,59497.75,58783.05,59453.2,36310297
1764132300000,59454.55,59515.3,59367.75,59442.4,19388422
1764135900000,59442.55,59484.65,59373.65,59465.5,15709336
1764139500000,59465.95,59524.05,59426,59506.6,14296426
1764143100000,59506.5,59552.95,59432.1,59505.6,17199357
1764146700000,59506.5,59541.5,59434.9,59538,24920444
1764150300000,59538.75,59554.95,59508.35,59527.15,10642109
1764215100000,59605.3,59804.65,59549.45,59765.9,33278696
1764218700000,59771.9,59866.6,59684.6,59850.1,14488574
1764222300000,59852.6,59861.15,59714.85,59758.2,15295001
1764225900000,59760.3,59850.15,59649.3,59656.3,13513846
1764229500000,59658.7,59698.45,59523,59665.4,19713681
1764233100000,59668.8,59768.15,59616.85,59722.35,28101323
1764236700000,59726.45,59782.2,59701.7,59764.15,12826516
1764301500000,59758.7,59784.9,59598.95,59689.45,20390579
1764305100000,59687.25,59871.5,59630.5,59860.8,15735343
1764308700000,59863.3,59897.5,59764.85,59794.6,13945501
1764312300000,59794.05,59836.85,59752.6,59774.35,9921269
1764315900000,59775.15,59822.25,59712.15,59743.5,8732317
1764319500000,59742.75,59826.9,59723.15,59739.6,18823896
1764323100000,59741.7,59776.95,59722.8,59730.3,12150183
1764560700000,60102.05,60114.05,59888.35,60067,28558489
1764564300000,60064.3,60114.3,59968.85,60012.8,13713145
1764567900000,60010,60020.75,59674.9,59702.45,16226103
1764571500000,59700.55,59784.4,59633.05,59773.8,17658754
1764575100000,59773.45,59815.95,59658.4,59776.25,13534242
1764578700000,59776.8,59779.95,59527.6,59715,21142753
1764582300000,59714,59715.4,59632.4,59697.15,10046575
1764647100000,59354.2,59576.5,59304.25,59472.45,63993059
1764650700000,59471.45,59656.55,59436.9,59565.45,28179943
1764654300000,59567.3,59604.75,59469.2,59504.25,19316558
1764657900000,59505.85,59586.8,59469.7,59490.3,16468919
1764661500000,59491.55,59500.45,59428.9,59448.95,20309436
1764665100000,59450.65,59476.2,59251.95,59294.15,38452975
1764668700000,59294.65,59347.1,59256.2,59347.1,17944131
1764733500000,59158.7,59356.75,59004.2,59043.1,36443325
1764737100000,59047.3,59048.7,58931.05,58977.4,27630960
1764740700000,58977.75,59190,58925.7,59158.5,21113073
1764744300000,59156.55,59162.85,59062.55,59083.45,13705794
1764747900000,59082.45,59145.5,59007.55,59114,17108378
1764751500000,59113.3,59414.9,59077.55,59378.45,32202604
1764755100000,59379.1,59398.25,59333.15,59333.15,17134031
1764819900000,59287.1,59414.55,59180.35,59395.35,21465896
1764823500000,59395.2,59548.7,59390.05,59408.8,16249632
1764827100000,59410.35,59412.1,59225.45,59250.25,12725689
1764830700000,59252.55,59290.5,59133.4,59180.1,11893152
1764834300000,59179.4,59242.7,59062.15,59154.8,14938764
1764837900000,59158.15,59314.5,59123.75,59283.45,22081042
1764841500000,59280.2,59335.55,59251.75,59272.7,9232352
1764906300000,59133.2,59658.65,59106.55,59557.15,31585437
1764909900000,59558.65,59679.35,59345.05,59601.55,24233738
1764913500000,59604,59643.65,59517.05,59520.15,11520512
1764917100000,59518.35,59762.75,59505,59723.15,10442418
1764920700000,59727.7,59777.35,59629.7,59711.35,11051100
1764924300000,59711.6,59799.15,59599.55,59778.95,20035192
1764927900000,59778.45,59806.6,59711.3,59735.8,9026657
1765165500000,59672.05,59713.15,59462.45,59547.25,19853729
1765169100000,59549.4,59620.65,59395.5,59436.85,12522820
1765172700000,59435.65,59445.3,59346.4,59363.25,14569995
1765176300000,59371.5,59406,59231.5,59342.25,18896648
1765179900000,59342.35,59344.85,59068.45,59105.1,16174061
1765183500000,59103.7,59310.5,59030.6,59249.55,35316484
1765187100000,59248.7,59258.35,59110.8,59147.3,13096981
1765251900000,58918.85,59103.45,58878.45,59055.1,26614066
1765255500000,59056,59265.2,59022.05,59246.55,17436754
1765259100000,59246.5,59284.85,59102.55,59249.7,16441179
1765262700000,59253.45,59317.65,59158.9,59227.4,13900810
1765266300000,59231.85,59358.25,59213.65,59275.85,16226432
1765269900000,59273.8,59282.85,59170.6,59217.35,31294766
1765273500000,59219.05,59230.95,59187,59212.1,14834809
1765338300000,59281.55,59440.9,59185.55,59375.45,23475135
1765341900000,59379.25,59427.7,59146,59212.9,11972936
1765345500000,59214.55,59226.1,58973.75,59046.5,11784871
1765349100000,59048.85,59062.55,58893.35,58964.8,10080721
1765352700000,58963.9,59091.9,58869.85,58892.75,14669344
1765356300000,58891.5,59009.55,58853.9,58963.7,21762590
1765359900000,58964.95,58979.5,58910.3,58938.3,10130211
1765424700000,58966.2,59117.25,58799.9,59082.2,21917488
1765428300000,59083.85,59247.35,59077.95,59143.25,16287829
1765431900000,59140.05,59417.4,59130.8,59345.5,12990790
1765435500000,59352.1,59423.35,59139.9,59181.8,11036464
1765439100000,59177.8,59302.25,59157.9,59209.3,8658635
1765442700000,59214.8,59326.05,59135.65,59201.1,17321160
1765446300000,59200.9,59225.3,59177.5,59204.6,7313416
1765511100000,59401.5,59545.7,59337.8,59441.7,21715040
1765514700000,59448.7,59482.55,59224.85,59285.4,15320234
1765518300000,59291.45,59443.9,59282.6,59382.25,12650424
1765521900000,59380.95,59418.4,59315.9,59378.7,11179378
1765525500000,59378.4,59439.95,59310.6,59389.15,17064540
1765529100000,59388.1,59418.75,59335.65,59408.1,18850671
1765532700000,59405.45,59426.15,59367.15,59396.8,10275832
1765770300000,59053.7,59357.3,59052.3,59212.25,21554711
1765773900000,59213.85,59299,59138.2,59257.55,12477885
1765777500000,59259.6,59516.85,59223.8,59459.75,26546255
1765781100000,59462.6,59533,59413.5,59527.1,15862649
1765784700000,59527.75,59528.35,59405.9,59436.8,13784520
1765788300000,59437.4,59528.9,59430.9,59469.9,20713350
1765791900000,59469.9,59473.1,59414.55,59444.7,11984616
1765856700000,59288.75,59335.25,59041.1,59122.7,26301781
1765860300000,59130.7,59165.9,59068.3,59084.35,10881124
1765863900000,59081.8,59119.75,58983.05,59072.85,16058629
1765867500000,59072.1,59138.25,59025.55,59053.6,14340407
1765871100000,59053.5,59169,59018.5,59034.6,14897962
1765874700000,59036.05,59117.25,58991.65,59018.8,27325522
1765878300000,59018.8,59030.5,58966.35,59010.6,12649134
1765943100000,59072.8,59127.2,58893.95,58956,29328028
1765946700000,58959.1,58989.35,58864.4,58970.85,19771800
1765950300000,58969.8,59020.5,58889.95,58899.55,17717808
1765953900000,58901,58951.7,58840.1,58847.85,14037119
1765957500000,58847,58945.8,58801.4,58863.9,14191579
1765961100000,58865.6,58954.3,58855.85,58921.05,24632680
1765964700000,58923.75,58988.85,58892.95,58961.5,11847977
1766029500000,58712.7,59003.8,58712.7,58989.8,22704625
1766033100000,58992.45,59174.95,58980.1,59096.75,9699581
1766036700000,59099.55,59176.2,59049.25,59166.65,11667252
1766040300000,59166.3,59211,59103.05,59112.2,15144003
1766043900000,59114.75,59126.4,58950.75,58961.95,11713184
1766047500000,58962.95,59001.9,58882.15,58933.9,18075136
1766051100000,58932.95,58938.7,58877.55,58905.25,7288460
1766115900000,59047.4,59134.75,58947,59018.05,19662371
1766119500000,59018.15,59121.15,58977.95,59009.6,17419965
1766123100000,59009.5,59042.35,58897.5,59007.5,14154043
1766126700000,59010.15,59035.65,58924.5,58952.15,21651758
1766130300000,58949.75,59125.25,58935.85,59070.25,18409399
1766133900000,59069.55,59140.55,59047.45,59080,51594899
1766137500000,59080.8,59083,59026.7,59046.8,35308294
1766375100000,59224.75,59371.2,59155.5,59307.85,23874290
1766378700000,59307.4,59318.85,59226.8,59239.45,18652114
1766382300000,59238.2,59312.9,59232.75,59281.2,14865238
1766385900000,59280.2,59312.45,59183.6,59265.6,12637806
1766389500000,59273.8,59324.5,59249.95,59283.15,10473594
1766393100000,59284.2,59339.45,59245.45,59313.5,17614423
1766396700000,59314.05,59316.05,59274.25,59284.1,15558594
1766461500000,59334.35,59402.35,59216.75,59361.5,19170856
1766465100000,59364.9,59368.05,59278.85,59319.9,10831574
1766468700000,59321.9,59338.25,59230.8,59275,10476783
1766472300000,59278.2,59325.55,59230.4,59303.15,9743714
1766475900000,59303.45,59346,59290.3,59330.85,7919829
1766479500000,59332.95,59370.15,59255.2,59328.7,24635817
1766483100000,59328.7,59331.25,59255.4,59276.55,8270479
1766547900000,59322.95,59478.15,59251.65,59416.7,15089471
1766551500000,59413.15,59452.7,59359.25,59398.55,13159904
1766555100000,59396.9,59411.95,59319.1,59343.35,8508753
1766558700000,59336.8,59364.5,59239.5,59251.45,8264366
1766562300000,59252.75,59254,59158.55,59201.55,9992499
1766565900000,59207.8,59255.55,59161.75,59201.75,18913491
1766569500000,59201.75,59211,59118.25,59135.4,8117539
1766720700000,59092.85,59180.65,59072.45,59115.3,14352936
1766724300000,59110.7,59165.3,59070.8,59078.75,11351850
1766727900000,59078.7,59086.3,58994.05,59045.85,11456663
1766731500000,59043.8,59073.3,58976.35,59034.15,9253870
1766735100000,59033.25,59065.05,58998.65,59011.85,8454758
1766738700000,59009.5,59039.5,58947.05,59011.55,11847253
1766742300000,59011.55,59033,58970.45,58994.45,5927093
1766979900000,59007.05,59140.4,58916.65,58979.55,24570404
1766983500000,58971.65,58986.65,58856.3,58869.6,9962672
1766987100000,58871.05,58880.4,58810.35,58841.95,10857162
1766990700000,58838.1,58893.8,58813.6,58855.5,9976425
1766994300000,58858.1,58968.1,58809.55,58909.9,18261876
1766997900000,58913.75,58997.1,58872.2,58928.5,21243191
1767001500000,58923.5,58963.4,58916.75,58953.95,11464559
1767066300000,58885.95,58964.35,58737.6,58944.65,21231663
1767069900000,58943.05,59076.1,58883.35,58924.4,19159666
1767073500000,58925.15,58993.6,58860.55,58872.05,19091702
1767077100000,58875.45,58976.15,58864.8,58922.9,19026355
1767080700000,58923.95,59116.2,58914.75,59087.75,23999429
1767084300000,59087.35,59251.45,59018.55,59196,116729579
1767087900000,59198.1,59272.7,59156.4,59253.95,76027397
1767152700000,59194.6,59414.05,59187.1,59349.4,23544111
1767156300000,59355.25,59496.65,59313.7,59453.2,20382202
1767159900000,59450.85,59527.1,59400.35,59514.6,14380627
1767163500000,59514.1,59742.35,59511.1,59705.5,13886840
1767167100000,59705.55,59748.6,59616.7,59729.95,13431013
1767170700000,59727.25,59766.2,59541.85,59584.55,23985743
1767174300000,59587,59637.2,59557.8,59619.35,12405932
1767239100000,59674.8,59720,59569.65,59658.2,15537160
1767242700000,59661.05,59743.2,59573.1,59714.85,9720421
1767246300000,59714.9,59738.3,59624.45,59628,9099077
1767249900000,59629.4,59699.6,59600.9,59680.4,7828268
1767253500000,59680.8,59727.1,59628.35,59712.8,9347866
1767257100000,59711.95,59735.8,59668.5,59691.1,12933779
1767260700000,59686.6,59721.75,59670.2,59707.55,7183363
1767325500000,59757.4,60062.75,59738.25,60015.65,27972044
1767329100000,60013.85,60033.7,59978.05,60015.05,16381218
1767332700000,60011.05,60147.2,59994.85,60145.4,18644152
1767336300000,60143.9,60152.35,60066.75,60106.25,12045686
1767339900000,60106.3,60150.6,60078.85,60104.9,11801249
1767343500000,60105.95,60133.15,59978.15,60110.85,21185093
1767347100000,60107.35,60203.75,60102.35,60174.75,15490879
1767584700000,60360.4,60437.35,60122.35,60345.6,41209903
1767588300000,60341.95,60357,60270.8,60314.55,14221916
1767591900000,60314.65,60319.75,60184.5,60250.55,13822920
1767595500000,60253.25,60272.2,60127.15,60131.95,12054683
1767599100000,60127.6,60151.6,59859.8,59907.2,16767444
1767602700000,59908.4,60125.1,59887.2,60051.25,22152480
1767606300000,60052.55,60056.05,59988.45,60055.5,13561967
1767671100000,59957.8,60303.15,59834.3,60276.75,40218978
1767674700000,60274.85,60305,60193.45,60226.7,17198592
1767678300000,60225.3,60260.6,60090.4,60230,18017566
1767681900000,60228.3,60251.8,60121.1,60197.15,13624005
1767685500000,60193.7,60198.05,60053.8,60076.6,18047582
1767689100000,60076.45,60143,60006.15,60136.8,25461272
1767692700000,60134.9,60141.35,60095.8,60095.8,11720181
1767757500000,60039.7,60052.85,59861.35,59912.45,36143894
1767761100000,59910.4,60027.9,59864.6,59987.05,19023551
1767764700000,59989.3,60065.4,59896.1,59906.8,39050534
1767768300000,59908.1,59938.6,59841.05,59895.05,17050592
1767771900000,59894.85,59900.4,59760.65,59833.8,23571071
1767775500000,59837.05,60026,59822.2,60017.5,27878925
1767779100000,60017.9,60026,59959.8,59976.85,14331444
1767843900000,59893.15,60112.85,59777.6,59959.55,31304395
1767847500000,59961.75,60022.6,59749.5,59786.3,32399894
1767851100000,59785.85,59805.15,59564.8,59701.15,25356778
1767854700000,59697.45,59745.65,59608.3,59716.75,15049422
1767858300000,59713.65,59781.75,59635.45,59779.25,14944840
1767861900000,59777.95,59827.6,59670.1,59688.3,28650665
1767865500000,59688.35,59691.6,59621.9,59676.7,13726030
1767930300000,59558.15,59739.65,59409.05,59542.75,48366642
1767933900000,59544.6,59625.15,59420.15,59428.5,16769842
1767937500000,59427.1,59486.25,59343.55,59352.5,17455413
1767941100000,59353.05,59388.4,59229,59273.95,14613342
1767944700000,59272.8,59329.1,59197.25,59205.6,15304237
1767948300000,59208.75,59309.7,59154.2,59268.45,23863635
1767951900000,59270.6,59273.15,59215.45,59269.35,9703305
1768189500000,59217.25,59322.15,58982.75,59043.25,28718939
1768193100000,59043.05,59177.7,59009.85,59013.45,11971286
1768196700000,59014.65,59072.85,58864.2,59072,27857908
1768200300000,59074.55,59540.95,59046.75,59498.35,27369660
1768203900000,59494.3,59521.6,59394.15,59409.2,11239937
1768207500000,59410.75,59507,59303.75,59424.05,20338137
1768211100000,59424.05,59541.1,59422.9,59534.05,8884014
1768275900000,59767.55,59767.55,59463.75,59552.85,26279862
1768279500000,59548.6,59697.75,59530.15,59663.1,17296308
1768283100000,59663.25,59728.65,59537.45,59541.85,17076286
1768286700000,59538.9,59606.85,59324.55,59403.4,15604472
1768290300000,59404.6,59495.2,59313,59343.3,16083624
1768293900000,59343.2,59652.8,59312.05,59575.9,36440135
1768297500000,59574.4,59607.75,59535.7,59542.35,12662453
1768362300000,59330.35,59667.3,59324.2,59483.85,32198749
1768365900000,59483.3,59596.05,59364.95,59575,24349903
1768369500000,59577.1,59708.6,59553.5,59577,17937027
1768373100000,59578.2,59752.25,59549.05,59730.75,23733809
1768376700000,59732.9,59796.65,59543.85,59627.3,26484175
1768380300000,59629.9,59717,59457,59564.7,41585470
1768383900000,59580.6,59586.25,59546.3,59575.8,15221146
1768535100000,59590.35,60026.7,59510.5,60008.45,61160134
1768538700000,60006.85,60160.85,59993,60022.9,27973738
1768542300000,60021.15,60118.7,59998.45,60084.35,27309211
1768545900000,60085.1,60094.85,59899.1,59980.5,45594099
1768549500000,59981,60083.4,59916.75,60035.75,35182349
1768553100000,60036.9,60120.5,59999.7,60074.7,45693755
1768556700000,60075.7,60235.15,60058.5,60110.5,23595707
1768794300000,60093.3,60107.5,59594.6,59668.85,57747192
1768797900000,59664.5,59809.3,59655.85,59726.75,31341722
1768801500000,59727.1,59802.3,59681.15,59769.65,20378315
1768805100000,59770.1,59903.45,59766.15,59857.65,28380871
1768808700000,59852.7,59989.25,59774.1,59849.1,65505445
1768812300000,59848.55,59974.8,59834.25,59910.5,51125200
1768815900000,59910.8,59919.4,59798.45,59829.9,14778583
1768880700000,59851.4,59993.5,59621.95,59666.65,52011809
1768884300000,59672.6,59760.95,59630.5,59697.9,26933984
1768887900000,59696.6,59840.1,59667.25,59702.1,20573733
1768891500000,59706.2,59727.1,59623.1,59674.95,24741570
1768895100000,59674.8,59721.25,59482.6,59488.1,25227116
1768898700000,59488.65,59600.85,59382.6,59388.45,43784038
1768902300000,59388.45,59452,59283.95,59372.3,21774599
1768967100000,59142,59447.35,58970.3,58983.25,49158184
1768970700000,58976.6,58992.3,58278.6,58627.1,27360066
1768974300000,58629.4,58778.2,58514.45,58773.75,16691344
1768977900000,58773.65,59270.2,58671,59019.9,25166180
1768981500000,59027.3,59065.9,58735.2,58764.05,18099964
1768985100000,58768.35,58922.55,58732.3,58778.45,29331483
1768988700000,58778.45,58821,58728.1,58741.2,13953574
1769053500000,59194.25,59573.1,59087.3,59333.3,41698689
1769057100000,59332.75,59353.2,58862.45,58904.15,24846824
1769060700000,58900.2,59067.25,58823.05,58989.65,20182506
1769064300000,58990.7,59151.55,58899,58957.2,24705406
1769067900000,58956.4,59132.65,58927.25,59015.65,25044778
1769071500000,59015.05,59238.05,58979.65,59215,38665091
1769075100000,59211.95,59310.35,59207.55,59257.55,13922579
1769139900000,59305.15,59400.15,59027.1,59082,29043570
1769143500000,59086.45,59242.8,59032.8,59209.2,22730634
1769147100000,59207.9,59215.35,58895.5,58931.65,19134028
1769150700000,58927.85,59124.65,58927.85,58986.7,25043877
1769154300000,58987.35,58993.95,58515.6,58537.2,22787153
1769157900000,58539.9,58655.4,58445.9,58517.05,36208994
1769161500000,58517.05,58554.1,58346.25,58501.1,22543241
1769485500000,58366.05,58701.1,58121.6,58680.95,62541639
1769489100000,58683.8,58780.05,58375.55,58561.35,25747820
1769492700000,58562.05,58859.2,58534.65,58741.05,25397962
1769496300000,58743.4,58793.25,58589.25,58723.95,20914899
1769499900000,58719.6,58824.15,58620.75,58724.45,29350615
1769503500000,58724.8,59220.3,58683.55,59153.45,63857532
1769507100000,59150.8,59436.8,59148.25,59348.25,28641475
1769571900000,59575.65,59659.15,59401.9,59447.45,48768234
1769575500000,59444.45,59626.6,59390.3,59568.85,25381418
1769579100000,59570.25,59699.9,59532.2,59554.85,18021186
1769582700000,59553.4,59570.35,59438.4,59512.7,16702035
1769586300000,59514.5,59563.15,59245.75,59304.4,17761240
1769589900000,59304.25,59624.25,59240.1,59574.35,32538096
1769593500000,59571.7,59619.75,59551.7,59574.8,17036869
1769658300000,59416.25,59604.8,59339,59560,50287134
1769661900000,59560.45,59717.55,59493.75,59697.65,22551810
1769665500000,59696.4,59765.7,59611.4,59718.1,23990222
1769669100000,59718.75,59921.1,59705.85,59864.4,39516438
1769672700000,59870.05,59977.35,59778.55,59942.3,53034302
1769676300000,59943,60060.7,59884,59909.05,77738439
1769679900000,59903.9,60017.2,59883.45,59980.4,44213836
1769744700000,59542.25,59895.5,59535.4,59894.6,36922945
1769748300000,59894,59906.9,59731.85,59752.75,25777459
1769751900000,59754.4,59853.25,59685.7,59815.2,26186500
1769755500000,59814.65,59864.5,59602.7,59604.25,23714968
1769759100000,59603.2,59804.6,59501.8,59777.75,23307966
1769762700000,59777.9,59782.55,59579.05,59614.05,51091172
1769766300000,59612.4,59687.9,59557.65,59577.6,31593481
1769917500000,59607.65,59638.7,59390.5,59606.1,19260550
1769921100000,59603.95,59838.1,59591.95,59727.35,10001028
1769924700000,59721.6,59865.7,59197.1,59261.15,20770375
1769928300000,59265.15,59273.95,57783.2,58958.6,34084166
1769931900000,58960.55,59053.8,58696.1,58758.8,15918568
1769935500000,58754.45,58919.55,58465.75,58482.4,19465723
1769939100000,58482.4,58485.7,58248.75,58353.75,13416311
1770003900000,58239.3,58519.95,57916.2,58254.05,44817074
1770007500000,58251.3,58320.65,57829.85,57974.45,26585273
1770011100000,57971.9,58261.25,57848.5,58250.1,35993240
1770014700000,58251.2,58343.25,58115.85,58207.65,18981901
1770018300000,58206.4,58438,58004.5,58317.15,18029846
1770021900000,58317.9,58635.9,58232.2,58604.6,30352434
1770025500000,58604.6,58687.05,58552.7,58602.5,15430267
1770090300000,61411.2,61764.85,59793.2,59891.8,104705726
1770093900000,59896.3,60228.8,59896.3,60131.45,26990093
1770097500000,60129.9,60264.15,60116.15,60165.15,17842393
1770101100000,60164.85,60185.55,60049.65,60136.55,20071122
1770104700000,60134.15,60191.85,60030.85,60165.7,24440563
1770108300000,60168.8,60184.75,59973.95,60035.2,44793048
1770111900000,60031.8,60107.95,59972.4,59986.7,20392324
1770176700000,60163.35,60327.1,59891.75,60264.4,31183314
1770180300000,60265.85,60283.5,60137.55,60200.7,15473701
1770183900000,60201.4,60247.85,60136.3,60235.9,15014378
1770187500000,60235.35,60254.4,60102,60196.3,14408345
1770191100000,60197.2,60330.3,60176.95,60329,15972905
1770194700000,60325.45,60389.4,60242.6,60269.9,32574150
1770198300000,60271.35,60288.5,60135.3,60148.1,15420588
1770263100000,60315.35,60328.3,60064,60170.55,32526774
1770266700000,60170.05,60250.9,59990.8,60072.95,17330622
1770270300000,60070.05,60107.75,60006.35,60013.4,10515879
1770273900000,60015.75,60049.15,59963.35,60005.4,11366370
1770277500000,60005.8,60069.15,59912.05,59950.7,13728907
1770281100000,59951.15,60121.55,59881.05,60082.45,37938341
1770284700000,60083.55,60087.15,60007,60055.25,15682386
1770349500000,59967.1,60119.95,59873.45,59915.85,26206759
1770353100000,59916.95,60002.1,59644.55,59818.9,19887257
1770356700000,59817.85,60011.7,59769.95,59887.55,14746802
1770360300000,59890.55,59897.95,59717.9,59795.95,17565804
1770363900000,59796.65,60004.5,59768.25,59946.15,16514787
1770367500000,59946.6,60143.3,59927.65,60132.4,22580912
1770371100000,60132.4,60149.9,60078.5,60112.8,12445241
1770608700000,60805.2,60876.2,60495.7,60643.85,54635797
1770612300000,60638.9,60712.7,60572.65,60654,20395587
1770615900000,60654.65,60677.8,60604.75,60629.7,20520883
1770619500000,60630.85,60650.15,60516.2,60587.85,17472997
1770623100000,60588.75,60616.65,60543.9,60593.5,18681608
1770626700000,60593.8,60685.2,60581.7,60665.75,33054805
1770630300000,60665.85,60700.35,60638.25,60666.8,14809812
1770695100000,60740.8,60760.6,60597.95,60682.45,29704913
1770698700000,60682.8,60787.95,60673.7,60753.15,13748085
1770702300000,60752.35,60763.4,60701.7,60732.4,16922962
1770705900000,60732.3,60797.55,60712.8,60771.5,19261405
1770709500000,60769.75,60781.9,60531.55,60645.1,18301529
1770713100000,60647.05,60709.45,60607.2,60634.4,38478725
1770716700000,60633.3,60655.15,60550.85,60568.25,13884172
1770781500000,60670.25,60727.1,60444.65,60504.6,33131218
1770785100000,60503.05,60695.65,60493.35,60671.1,26225638
1770788700000,60673.75,60751,60637,60651,21060951
1770792300000,60650.95,60704.55,60613.8,60660.75,22694536
1770795900000,60663.35,60752.2,60655.35,60736.35,20263523
1770799500000,60740.5,60779.95,60679.95,60773.65,34034213
1770803100000,60773.65,60777.3,60717.4,60743.95,13456526
1770867900000,60786.15,60856.75,60678.75,60843.05,38787446
1770871500000,60852.35,60864.4,60772.1,60819.15,25065701
1770875100000,60816.7,60819.8,60685.9,60711.05,24456217
1770878700000,60711.8,60827.5,60703.65,60782.45,13395092
1770882300000,60784.65,60844.8,60728.6,60779.4,19464462
1770885900000,60784.75,60818.55,60597.65,60750.6,36941630
1770889500000,60749.55,60761.95,60696.35,60707.8,14383844
1770954300000,60504.4,60621.9,60415.95,60421,32484169
1770957900000,60420.7,60462.1,60271.85,60314.6,18657799
1770961500000,60315,60324.85,60253.35,60301.95,17107677
1770965100000,60301.3,60409.4,60271.15,60352.05,18882151
1770968700000,60351.15,60360.5,60233.75,60297.15,19013330
1770972300000,60300.95,60311.95,60242.85,60247.85,36923702
1770975900000,60247.85,60263.25,60073.55,60169.7,24816053
1771213500000,59947.8,60440.15,59861.1,60440.15,22489752
1771217100000,60439.45,60475.5,60353.75,60431.35,12635386
1771220700000,60429.4,60498.5,60374,60477.3,17206997
1771224300000,60478.35,60751.1,60457.9,60703.5,13387667
1771227900000,60705.4,60807.55,60668.4,60782.8,15285192
1771231500000,60777.65,60990.75,60771.65,60931.5,20760817
1771235100000,60933.95,61011.3,60913.65,60993.85,10854566
1771299900000,60821.15,60886.1,60560,60878.2,25290852
1771303500000,60878.65,61177.2,60863.6,61029.9,36424155
1771307100000,61029.55,61162.85,61000.85,61137.5,28580226
1771310700000,61138.1,61196.35,61080.05,61151.45,21836935
1771314300000,61151.85,61241.6,61044.4,61054.25,23236336
1771317900000,61052.3,61206.75,61034.75,61158.15,32279566
1771321500000,61158.1,61200.35,61133.05,61144.15,13806011
1771386300000,61255.35,61309.3,61100.9,61222.35,36980175
1771389900000,61228.35,61278.4,61177.25,61229.3,18772181
1771393500000,61230.6,61295.9,61174.65,61285.2,12487371
1771397100000,61284.6,61356.8,61253.45,61342.5,13409804
1771400700000,61343.45,61382,61246.3,61374.95,17750501
1771404300000,61375.1,61596.85,61361.65,61554.3,31507773
1771407900000,61554.3,61571.85,61520.4,61520.4,20054840
1771472700000,61660.85,61678.8,61369.8,61378.35,25394737
1771476300000,61378.9,61403.65,61255.25,61322.15,15857598
1771479900000,61321.6,61341.1,61066.55,61069.8,9667459
1771483500000,61066.5,61156.6,60959.6,61098.65,18477695
1771487100000,61096.65,61116.5,60911.05,60986.3,13541348
1771490700000,60988.3,61061,60710.6,60723.65,36409883
1771494300000,60723.65,60741.15,60592.9,60660.75,14103175
1771559100000,60627.85,61112.75,60562.35,61006.6,32493875
1771562700000,61006.45,61214.5,61003.1,61106.85,15616853
1771566300000,61116.35,61224.8,61116.35,61176.55,20332944
1771569900000,61178.05,61360.5,60961.25,61030.3,23951419
1771573500000,61029.55,61263.4,60987.3,61245.45,15094056
1771577100000,61248.15,61320.65,61136.15,61176.35,32433613
1771580700000,61176.15,61204.45,61096.15,61140.35,18231317
1771818300000,61145.55,61517.8,61067.7,61300.4,420926398
1771821900000,61301.4,61360.75,61116.15,61284.1,128509048
1771825500000,61278.25,61287.5,61101.65,61152.6,53219568
1771829100000,61152.7,61208.9,61052.85,61075.9,49480062
1771832700000,61080.2,61194.55,61029.15,61081.8,35340021
1771836300000,61078.9,61291.35,61060.75,61269.25,51189525
1771839900000,61269.25,61305.85,61242.5,61275,25888900
1771904700000,61392.1,61392.1,61109.15,61211.2,106472786
1771908300000,61204.85,61316.85,61175.35,61286.45,35060503
1771911900000,61288.65,61435.65,61184.45,61222.7,43843201
1771915500000,61225.35,61225.45,60925.05,61047.05,43075913
1771919100000,61047.15,61120.1,60801.85,61118.85,37778944
1771922700000,61118.85,61156.65,60939.1,61024.45,182957093
1771926300000,61025.5,61117.65,61018.45,61072.45,33745502
1771991100000,61175.05,61317.55,61145.2,61231.45,65961139
1771994700000,61231.85,61300.25,61083.55,61130.9,25092185
1771998300000,61129.8,61160.1,61067.05,61085.3,24449690
1772001900000,61086.35,61151.7,60834.15,60891.45,23213841
1772005500000,60894.7,60977.45,60816.75,60897.5,27623253
1772009100000,60898.65,61103.75,60886.6,61039.4,41748427
1772012700000,61036.4,61067.6,60997.1,61012.35,24517551
1772077500000,61193.9,61249.7,61061.3,61159.3,60752104
1772081100000,61160,61170.4,61027.15,61088.75,41270418
1772084700000,61088.95,61146.6,60954.85,60957.35,40691635
1772088300000,60966.2,60985,60813.3,60888.8,35363170
1772091900000,60889.5,60989.2,60862.75,60958.1,41926181
1772095500000,60964.25,61284.75,60932.1,61187.3,86660199
1772099100000,61190.05,61219.95,61064.3,61097,50321396
1772163900000,61057.45,61086.45,60684.7,60717.45,35707125
1772167500000,60714.05,60838,60664.45,60773,21343264
1772171100000,60776.7,60818,60633.6,60719.15,24184978
1772174700000,60716.95,60776.3,60675.6,60715.65,18959427
1772178300000,60715.5,60864.7,60661.5,60780.55,21319088
1772181900000,60777.85,60820.35,60439,60526.1,72679831
1772185500000,60526,60558.6,60438.95,60482.45,51044304
1772423100000,59204.3,60177.5,59148,59907.2,58050296
1772426700000,59906.35,59922.8,59723.35,59836.25,23403958
1772430300000,59839.85,59887,59721.3,59723.65,22108251
1772433900000,59719.6,59786.2,59594.95,59625.85,23495253
1772437500000,59628.2,59764.5,59345.3,59723.25,28617255
1772441100000,59724.8,59909.7,59615.5,59906.85,46223984
1772444700000,59906.85,59956.7,59838.7,59856.05,19391490
1772595900000,58447.15,58996.95,58393.55,58717.45,68124413
1772599500000,58720.3,58753.9,58452.95,58633.4,25524918
1772603100000,58631.9,58641.35,58479.25,58482,22099206
1772606700000,58484.65,58754,58468.25,58739.4,20602177
1772610300000,58737.35,58971.2,58609,58965.45,28878941
1772613900000,58965.8,59058.4,58679.1,58723.95,40614736
1772617500000,58723.45,58777,58657.6,58759.65,17010054
1772682300000,59008.25,59088.7,58809.7,58957.25,29363844
1772685900000,58954.85,59141,58846.1,59093.05,24491194
1772689500000,59087.85,59120.15,58686.3,58781,21576064
1772693100000,58781.4,58915,58716.95,58850.95,13117584
1772696700000,58854.25,58897.05,58544.75,58559.5,18461720
1772700300000,58561.4,59274.35,58506.4,58926.55,60909903
1772703900000,58926.55,59040.25,58885.1,58970.25,16008033
1772768700000,58629.6,58807.15,58406.85,58445.65,41581724
1772772300000,58441.55,58480.9,58332.7,58368.75,19020825
1772775900000,58369.15,58456.1,58289.5,58331.75,22851745
1772779500000,58336.05,58364.2,58235.35,58264.85,16209563
1772783100000,58262.95,58346.75,58156.25,58240,22378417
1772786700000,58241.25,58295.4,57727.8,57747.55,35065828
1772790300000,57751.25,57798.8,57696.4,57782.4,23269464
1773027900000,56121.4,56274.15,55270.6,55522.4,81296328
1773031500000,55518.05,55832.15,55276.4,55605.45,33973665
1773035100000,55607,55952.75,55542.7,55687.85,27540019
1773038700000,55686.65,55837.25,55627.85,55690.65,22958663
1773042300000,55689.2,55894.9,55642.1,55647.65,22059111
1773045900000,55662,56094,55596.15,56082.5,40896732
1773049500000,56084.5,56097.5,55987.95,55998.6,13994838
1773114300000,56583.85,56745.65,56387.2,56659,71463710
1773117900000,56658.75,56941.5,56655.15,56870.05,30467883
1773121500000,56872.6,56990.9,56776.7,56780.05,23773223
1773125100000,56778.1,56932.6,56658.65,56824.35,32131426
1773128700000,56828.5,57086.45,56745.95,57082.9,25148340
1773132300000,57081.5,57097.05,56790.95,56925.55,39525084
1773135900000,56923.2,57071.35,56921.9,57002.1,21368000
1773200700000,56790.4,56938.4,56517,56541.7,35288732
1773204300000,56541.85,56584.45,56306.9,56335.65,19529097
1773207900000,56337.4,56337.55,56015.4,56110.45,19630825
1773211500000,56113.2,56165.7,55943.5,55952.25,21428516
1773215100000,55958.3,56125.05,55897.9,55950.7,20398572
1773218700000,55950.85,56076.85,55712.15,55741.8,35337917
1773222300000,55747.85,55797.7,55631.95,55666.4,25206845
1773287100000,55008.2,55239.1,54760.55,55013.25,49026790
1773290700000,55013.15,55372.65,54975.25,55267.7,26416194
1773294300000,55267,55295.95,55047.5,55232.95,17243860
1773297900000,55236.25,55335.15,55065.35,55196.25,20404681
1773301500000,55204.45,55636.95,55168.05,55368.3,30296079
1773305100000,55369.8,55429.95,54997,55064.75,44636702
1773308700000,55067.9,55151.95,55062.15,55133.6,19159467
1773373500000,54592.05,54713.75,54115.2,54148.15,44361712
1773377100000,54154.3,54178.95,53962.35,54057.35,31173777
1773380700000,54053.1,54270.2,54014.05,54079.45,24021272
1773384300000,54084.35,54090.75,53765.85,53820.8,24149838
1773387900000,53826.15,53915.1,53675.7,53909.6,31356758
1773391500000,53913.85,54107,53730.45,53781.3,45929927
1773395100000,53780.2,53788.15,53684.05,53770.9,18533317
1773632700000,53721.5,54170.5,53630.6,53829.55,48534384
1773636300000,53824.55,53827.05,53258.15,53593.55,29280273
1773639900000,53595,53923.65,53583.6,53692.3,23629529
1773643500000,53693,53778.9,53518.55,53579.6,23307462
1773647100000,53578.1,53783.25,53563.3,53716.35,26833050
1773650700000,53714.9,54664.15,53670,54492.55,80489274
1773654300000,54493.55,54496.1,54228.85,54287.75,17402969
1773719100000,54649.1,54651,54113.15,54482.2,33673484
1773722700000,54483.45,54695.4,54292.6,54368.8,23552128
1773726300000,54369.7,54419.9,54182.8,54392.55,18299115
1773729900000,54393.8,54594.65,54260.65,54592.6,19592481
1773733500000,54596.75,54799.95,54518.75,54779.05,22379587
1773737100000,54780,54996,54568.4,54961.65,45046439
1773740700000,54958.9,54960.1,54816,54838.75,16445369
1773805500000,54927.05,55109.3,54689.1,54787.25,34028542
1773809100000,54790.5,55062,54769.45,55040.1,20099647
1773812700000,55041,55332.55,54985.75,55226.1,18719380
1773816300000,55226.7,55293.6,55123.15,55233.95,16560780
1773819900000,55232.4,55467.15,55219.95,55377.15,18845366
1773823500000,55375.7,55554.15,55298.6,55342.8,25245401
1773827100000,55342.8,55348.05,55229.75,55324.5,12231532
1773891900000,53474.55,54110.55,53437.25,53639.9,114011982
1773895500000,53635.25,53959.15,53551.85,53760.6,38014139
1773899100000,53761.5,54054.7,53675.85,54040.7,27165035
1773902700000,54042.2,54150.3,53923.95,53933.15,23600855
1773906300000,53932.2,53985.85,53660.15,53700.3,26239771
1773909900000,53701.95,53793.35,53240.6,53382.25,58171571
1773913500000,53380.95,53699.85,53366.2,53693,17786822
1773978300000,53548.2,54382.45,53548.2,54015.45,68480183
1773981900000,54017.1,54154.2,53911.8,54092.4,29564375
1773985500000,54092.3,54249.3,53770.5,53833.85,25428369
1773989100000,53834.3,53929.8,53509.2,53850.15,28131864
1773992700000,53847.05,53966.15,53647.6,53715.45,21973968
1773996300000,53711.8,53726.75,53356.4,53383.85,66563300
1773999900000,53385.35,53457.65,53297.55,53453.85,35871596
1774237500000,52576.1,52665.3,51796.3,51826.6,56942304
1774241100000,51825.15,51896.05,51568.4,51746.5,29363224
1774244700000,51748.75,51817.8,51632.05,51708,16983537
1774248300000,51706.65,51806.8,51556.45,51607.4,22808386
1774251900000,51608,52041.35,51597.35,51942.1,34722352
1774255500000,51941.75,51992.25,51401.2,51410.75,62249018
1774259100000,51407.05,51491.4,51323.6,51446.15,24014417
1774323900000,52384.8,52495.7,51997.2,52075.25,44896089
1774327500000,52077.3,52248,51827.5,51976.35,23201860
1774331100000,51983.7,52185.65,51924.65,51993.4,22972661
1774334700000,51994.8,52859.55,51972.15,52768.75,38702879
1774338300000,52765.2,52949.15,52676.3,52809.45,28438129
1774341900000,52814.45,52917.75,52530.75,52548,50241681
1774345500000,52549.7,52753.1,52493.15,52745.65,21596196
1774410300000,53024.75,53754.2,53024.75,53718.75,50992939
1774413900000,53713.25,53990.15,53628.05,53987.2,27672165
1774417500000,53985.65,54096.95,53683,54090.05,33364933
1774421100000,54095.3,54146.15,53827.05,53900.8,24650871
1774424700000,53899.45,54119.5,53830.85,53907.65,32217625
1774428300000,53915.7,53927.2,53623.85,53676.15,54538950
1774431900000,53676.1,53735.95,53653.35,53689.95,16869165
1774583100000,53244.25,53292.5,52615.2,52629.1,55430603
1774586700000,52632.4,52761.15,52531.15,52591.95,27660376
1774590300000,52591.75,52616.55,52434.75,52492.15,24347657
1774593900000,52487.35,52668.5,52427.65,52615.65,22201605
1774597500000,52617.15,52707.9,52421.95,52504.6,30710537
1774601100000,52502.95,52511.35,52235.5,52309.4,107564254
1774604700000,52309.4,52364.35,52211.2,52364.35,59097882
1774842300000,51527.9,51624.5,50888.15,51104.4,125860858
1774845900000,51101.4,51117.45,50767,50808.45,56923569
1774849500000,50804.85,50973.5,50744.6,50931.4,48629395
1774853100000,50926.3,51008.95,50733.2,50774.95,45108914
1774856700000,50772.55,50811.2,50596.25,50612.25,63041569
1774860300000,50608.7,50625.45,50105.25,50297,146968809
1774863900000,50297.65,50443.6,50262.4,50403.35,75276882
1775015100000,51433.9,51806.25,51420.2,51451.95,95832105
1775018700000,51452.55,51474.2,51133.55,51225.2,40113784
1775022300000,51224.3,51662.25,51181.7,51644.55,45927850
1775025900000,51644.45,51979.3,51600.15,51975.7,49281704
1775029500000,51977.6,52025.85,51418.75,51732.9,46098637
1775033100000,51738.6,51740.3,51369.8,51418.4,57271576
1775036700000,51417.45,51532.75,51411.5,51526.1,24880283
1775101500000,50625.65,50646.15,50004.3,50172.3,76744937
1775105100000,50173.25,50173.25,49954.85,50111.15,31210708
1775108700000,50115.85,50254.6,50054.85,50133.3,31807048
1775112300000,50137.3,50529.15,50030.85,50398.25,41158184
1775115900000,50398.4,51174.85,50392.4,51174.85,46275987
1775119500000,51170.45,51730.4,50989.85,51674.35,79885273
1775123100000,51674.35,51731.95,51487.45,51556.2,30753136
1775447100000,51747.6,51879.65,51111.1,51474.25,103126824
1775450700000,51490.65,51664.55,51352.55,51417.45,39907948
1775454300000,51418.6,51773.95,51400.7,51659.2,30835940
1775457900000,51659.45,52241.2,51617.75,52224.25,50263112
1775461500000,52224.2,52397.2,52158.45,52394.55,44254885
1775465100000,52395.45,52693.9,52311.85,52676.45,57710689
1775468700000,52675.4,52704.55,52555.95,52585.35,27057896
1775533500000,52258.7,52290.5,51868.45,52183.4,64507473
1775537100000,52181.75,52349.1,51950.95,51986.7,38071379
1775540700000,51986.6,52304.25,51962.35,52174.95,24345821
1775544300000,52175.1,52213.05,52057,52158.45,24060933
1775547900000,52162.15,52596.3,52162.15,52455.1,32533569
1775551500000,52464.9,52778.2,52351.45,52684.75,65680267
1775555100000,52684.25,52756,52660.55,52706.15,29386544
1775619900000,54904.45,55315.5,54797.5,55181.05,154561088
1775623500000,55184.65,55535.3,55151.5,55489.45,67714036
1775627100000,55488.15,55552.25,55279.55,55419.3,40163629
1775630700000,55422.05,55491.45,55266.3,55426.75,33572660
1775634300000,55426.4,55533.2,55393.95,55422.05,32546658
1775637900000,55422.9,55754.25,55416.5,55678.9,71686405
1775641500000,55678.55,55778.25,55660.95,55757.75,35684762
1775706300000,55505.95,55583.1,55078.85,55349.35,78433539
1775709900000,55349,55567.8,55284.8,55372,38222146
1775713500000,55369.45,55385.8,55182.35,55230.85,27712878
1775717100000,55230.5,55244.15,54937.65,54961.6,28454118
1775720700000,54959.45,54962.3,54769.7,54826.4,29088860
1775724300000,54823.45,54932.85,54626.85,54884.25,68559844
1775727900000,54881.65,54887.45,54790.3,54820,25604484
1775792700000,55182.25,55861.65,55145.25,55849.15,79155007
1775796300000,55859.85,55930.45,55720.4,55849.4,31491319
1775799900000,55848.35,55851.55,55682.1,55767.35,31416393
1775803500000,55763.25,55855.1,55710.05,55808.1,26729247
1775807100000,55807.45,55969,55787.15,55881.65,30708942
1775810700000,55885.5,55978.5,55649.95,55921.9,54816312
1775814300000,55921.9,55957.2,55900.1,55929.6,25023837
1776051900000,54646,54848.1,54356.2,54741,82610559
1776055500000,54743.75,55019.8,54669.55,54954.05,41873901
1776059100000,54953.2,55213.35,54882.55,55209.8,27345202
1776062700000,55208.85,55444.35,55201.05,55391.3,32634328
1776066300000,55394.85,55752.65,55365,55575,38267886
1776069900000,55583.15,55737.05,55524.95,55639.4,54668285
1776073500000,55640.6,55644.75,55540.75,55571.85,22931857
1776224700000,56343.45,56786.25,56311.55,56503.1,76654828
1776228300000,56502.7,56622,56139.9,56143.3,37578727
1776231900000,56143.65,56357,56109.2,56326.5,29621817
1776235500000,56326.05,56345.9,56172,56288.55,22544976
1776239100000,56291.6,56349.9,56210.05,56293.85,28254849
1776242700000,56291.85,56430.9,56249.9,56297.35,45212250
1776246300000,56299.05,56300.95,56223.6,56258.85,24026285
1776311100000,56657.25,56834.25,56443.65,56603.35,89935150
1776314700000,56604.95,56636.2,56491.35,56535.9,77657258
1776318300000,56536.4,56574.4,56052.75,56146.2,53934215
1776321900000,56140.85,56162.1,55898.25,55936.7,36250760
1776325500000,55939.2,56172.3,55912.25,56100.45,37852666
1776329100000,56101.9,56324,56018.65,56069,76087748
1776332700000,56069,56089.15,55998.55,56036.4,28435395
1776397500000,56072.4,56267.25,55841.65,56207.85,72606758
1776401100000,56211.2,56309.15,56106.4,56165.9,30352685
1776404700000,56167.8,56375.5,56165.6,56311.3,31784181
1776408300000,56313.15,56392.8,56308.95,56376.3,20984205
1776411900000,56379.2,56469.6,56328.75,56422.5,26290252
1776415500000,56419.15,56628.7,56413.45,56570.3,64092372
1776419100000,56569.4,56625.6,56541.55,56625.6,42962858
1776656700000,56704.05,56909.5,56356.55,56823.65,225368767
1776660300000,56820.95,57055.25,56799.95,56913.25,80672944
1776663900000,56917.55,57085.1,56849.2,56868.1,50215800
1776667500000,56868.15,57011,56692.4,56749.2,47250017
1776671100000,56750.25,56774.65,56505.75,56649.35,76289711
1776674700000,56649.85,56763.9,56603.75,56625.15,62602557
1776678300000,56625.05,56625.05,56491.9,56551.3,46904260
1776743100000,56823.6,57238.85,56696.3,57174.05,76322976
1776746700000,57174.4,57321.7,57120.65,57287.9,29818892
1776750300000,57284.3,57309.5,57160.05,57280.55,29248221
1776753900000,57282.5,57357.65,57203.1,57330.45,28173339
1776757500000,57332.4,57428.25,57288.95,57362.75,30770491
1776761100000,57360.75,57456.3,57271.7,57399.6,58013824
1776764700000,57394.8,57429.35,57311.65,57351.8,27616199
1776829500000,57163.35,57400.25,57002.15,57121.65,68926858
1776833100000,57117.25,57409.1,57071,57345.6,45474842
1776836700000,57346.1,57438.2,57286.55,57320.85,28660954
1776840300000,57316.7,57373.5,57263.5,57334.45,24705551
1776843900000,57333.35,57397.5,57230.9,57278,28687401
1776847500000,57274.15,57315.25,57103.35,57108.4,43406491
1776851100000,57111.15,57127.4,57078.45,57114.9,20563866
1776915900000,56608.95,56868.7,56491.25,56767.7,73033438
1776919500000,56770.5,56808.55,56522.2,56557.55,36997781
1776923100000,56561.75,56611.15,56494.2,56570.8,26191500
1776926700000,56568.65,56590.5,56241.4,56396.95,64882659
1776930300000,56397.4,56510.2,56253.45,56263.35,47920110
1776933900000,56268.95,56424.15,56217.15,56272.45,57348424
1776937500000,56272.45,56318.5,56248.7,56314.15,27540297
1777002300000,56170.2,56460.5,55850.2,56042.1,66849937
1777005900000,56036.15,56037.45,55896.95,55925.55,32269813
1777009500000,55922.6,56127.25,55910.2,56115.5,23768003
1777013100000,56115.25,56139.5,55880.45,55917.45,20837158
1777016700000,55917.4,55945.65,55750.4,55833.5,27834497
1777020300000,55832.75,56172.75,55830.85,56074.55,46037339
1777023900000,56074.55,56191.45,56064,56097,21033757
1777261500000,56162.6,56474.95,56138.4,56234,68532384
1777265100000,56231.55,56327.1,55968.4,56112,31263225
1777268700000,56113.35,56163.95,55911.1,56065.4,23711528
1777272300000,56064.45,56271.45,56036.15,56269.95,22934317
1777275900000,56272.7,56412.6,56222.85,56349.55,29511662
1777279500000,56347.3,56374.35,56226.75,56294.55,39761998
1777283100000,56294.7,56307.7,56241,56302.1,18010909
1777347900000,55862.5,56138.05,55851.8,56036.4,74839038
1777351500000,56035.8,56099.25,55901.35,55932.6,27853110
1777355100000,55934.4,55934.4,55614,55666.5,31882936
1777358700000,55667.95,55739.9,55589.6,55610.2,30048039
1777362300000,55609.45,55696.25,55478.9,55482.95,31870259
1777365900000,55486.6,55589.7,55364.9,55385.6,61904863
1777369500000,55385.6,55450.35,55263.75,55415.35,31407070
1777434300000,55634.5,55819.3,55332.2,55812.6,52007141
1777437900000,55818.35,55931.2,55772.2,55855.4,41176143
1777441500000,55863.3,55998.35,55856.1,55992.5,52106035
1777445100000,55995.7,56178.75,55988.25,56069,39682441
1777448700000,56071.6,56086.9,55590.65,55663.4,40367472
1777452300000,55662.55,55671.1,55391.65,55395.95,59010016
1777455900000,55395.95,55402.5,55290.5,55329.85,27718194
1777520700000,54880.65,54896,54503,54544.5,70702029
1777524300000,54544.05,54602.05,54440.25,54489.8,35373500
1777527900000,54489.85,54685.85,54464.85,54685.85,33887701
1777531500000,54690,54844.6,54620.6,54816.35,25553438
1777535100000,54814.05,55111.6,54769.4,54942.15,30713051
1777538700000,54945.2,55068.7,54724.6,54818.85,63978703
1777542300000,54823.25,55026.7,54809.5,55003.25,36465515
1777866300000,54937.9,55602.3,54929.6,55307.1,78724755
1777869900000,55309.25,55418.9,55246.35,55407.05,31334805
1777873500000,55407.6,55448.7,55070.35,55073.45,45925642
1777877100000,55077.25,55162.05,54897.45,54946.45,32470900
1777880700000,54945.85,54949.35,54727.45,54921.4,29417975
1777884300000,54925.3,55017.6,54723.5,54892.8,40410797
1777887900000,54896.8,54947.95,54854.95,54896.45,23731784
1777952700000,54691.3,54718.55,54438.15,54487.6,38471899
1777956300000,54488.35,54530.1,54333.65,54425.35,29312749
1777959900000,54423.45,54492.65,54221.65,54316.65,29881749
1777963500000,54315.05,54812.15,54314.15,54807.1,111487656
1777967100000,54810.25,54888.55,54614.25,54649.5,95057424
1777970700000,54652,54827.9,54501.1,54602.2,49508389
1777974300000,54598.8,54626.95,54521.55,54550.85,25233914
1778039100000,55113.4,55344.95,55007.55,55087.25,145699411
1778042700000,55085.3,55190.7,54944.4,54975.5,97542353
1778046300000,54967.2,55022.45,54833.5,54857.1,46341367
1778049900000,54854.6,54859.95,54587.2,54709,51477115
1778053500000,54703.5,55083.45,54703,55083.45,66048992
1778057100000,55084.6,56020.55,55084.55,55940.8,186745782
1778060700000,55940.8,56078.8,55933.1,56039.3,55427028
1778125500000,56114,56148.45,55822.65,55903.8,151151592
1778129100000,55904.7,56120.35,55898.35,55922.6,59021588
1778132700000,55922.65,56001,55783.2,55984.35,41212317
1778136300000,55987.9,56334.15,55949.15,56068.9,46227771
1778139900000,56068.05,56138.3,55921.45,56086.65,38958675
1778143500000,56088.95,56152.85,55943.05,55963.85,82774364
1778147100000,55964.35,56111.25,55959.7,56094.9,40828105
1778211900000,55783.95,55797.7,55507.45,55654.45,71277862
1778215500000,55659.55,55694.05,55517.55,55634.15,28511145
1778219100000,55633.25,55662.35,55478,55503.85,40279440
1778222700000,55503.75,55559.95,55368.5,55416.3,31764487
1778226300000,55420.8,55562.55,55076.1,55080.5,61876052
1778229900000,55074.2,55416.65,55062.5,55322.75,141817944
1778233500000,55323.35,55369.85,55256.15,55325.4,48499463
1778471100000,54832.45,54922.55,54392.75,54473,60224859
1778474700000,54472.9,54649.35,54365.6,54647.45,27183721
1778478300000,54646.75,54826.95,54643.45,54805.55,27736066
1778481900000,54805.55,55002.45,54681.25,54958.3,43721005
1778485500000,54960.55,54968.9,54746.3,54834.55,54012564
1778489100000,54837.25,54872.9,54360.7,54382.8,48657882
1778492700000,54382.8,54484.8,54379.5,54478.1,22982457
1778557500000,54178.4,54365.45,53979.35,54200.55,43661731
1778561100000,54203.25,54285.65,53853.1,53863.55,21271478
1778564700000,53861.15,53932.85,53816.65,53857,19914048
1778568300000,53858.35,53921.65,53628.95,53765.15,19345890
1778571900000,53764.6,53851.8,53593.25,53617.4,22346181
1778575500000,53618.85,53753.1,53457.5,53502.65,45574968
1778579100000,53505.05,53713.4,53503,53705.1,17828161
1778643900000,53600.4,53930,53194.25,53510.2,41823868
1778647500000,53510.45,53800.45,53492.1,53598.5,24520305
1778651100000,53596.1,54029.8,53564.6,54027.75,27479738
1778654700000,54025,54103.9,53697.25,53945.1,28738557
1778658300000,53944.6,53952.25,53755.2,53872.5,16505613
1778661900000,53868.3,53888.45,53404.75,53511.4,27252022
1778665500000,53508.45,53512.45,53385.45,53475.8,13237216
1778730300000,53639.5,53968.65,53484.6,53593.25,30945184
1778733900000,53589.4,53669.25,53191.6,53386.4,21269288
1778737500000,53389.1,54219.9,53386.05,54163.85,43681763
1778741100000,54163.9,54393.75,54157.35,54302.9,36385905
1778744700000,54306.5,54388.8,54236.4,54338.15,25594603
1778748300000,54335.2,54391.55,54025.4,54082.25,31056463
1778751900000,54076.4,54247.05,54044.35,54217.7,12216527
1778816700000,54207.75,54313.75,53773.5,54177.3,45766521
1778820300000,54179.55,54325.45,53989.8,54027.55,27630296
1778823900000,54027.85,54162.1,53872.05,54098.8,23870969
1778827500000,54099.15,54265.6,53954,54246.15,17651490
1778831100000,54248.8,54319.5,54020.15,54088.1,23487485
1778834700000,54087.3,54099.05,53678.65,53712.35,41239661
1778838300000,53712.45,53802.5,53628.3,53782.3,17585218
1779075900000,53282.15,53308.4,52783.45,52884.25,38350188
1779079500000,52891.05,53108.1,52806.75,53082.8,20600290
1779083100000,53082.15,53290.8,52956.7,53111.45,20763008
1779086700000,53113.65,53585.15,53069.5,53440.2,39016681
1779090300000,53437.25,53619.2,53403.8,53535.45,26984600
1779093900000,53535.25,53667.55,53358.05,53509.2,40530085
1779097500000,53507.8,53546.5,53440.6,53527.55,15884620
1779162300000,53553.75,53770.65,53366,53602.3,54488958
1779165900000,53600.4,53706.65,53519.75,53523.75,18804412
1779169500000,53526.45,53656.45,53469.1,53647.95,18611394
1779173100000,53648.1,53682.55,53558.2,53583.5,19416577
1779176700000,53583.65,53683.9,53484.35,53603.1,22413014
1779180300000,53603.1,53681,53337.05,53430.2,41994674
1779183900000,53427.9,53455.8,53367.15,53421.25,15968054
1779248700000,53015.7,53061.05,52836.1,52968.45,29897915
1779252300000,52966.85,53254.65,52885.7,53196.75,23496984
1779255900000,53194.9,53410.65,53185.25,53233.9,18400159
1779259500000,53236.35,53344.25,53163.6,53210.7,13713536
1779263100000,53211.1,53434.2,53069.25,53382.3,16656196
1779266700000,53383.35,53640.9,53366.5,53594.55,31727382
1779270300000,53594.55,53621.7,53548.55,53576.45,15136606
1779335100000,53963.1,54109.15,53707.7,53796.5,29195063
1779338700000,53801.85,53893.15,53654.85,53664.1,16187576
1779342300000,53668.6,53765.1,53530.75,53605.6,17298869
1779345900000,53605.6,53613.95,53156.15,53290.2,21028265
1779349500000,53288.75,53444,53239.95,53334.15,14690608
1779353100000,53337.4,53534.9,53303.85,53408.55,35135108
1779356700000,53408.05,53480.65,53370.95,53480.65,12831787
1779421500000,53483.85,54100.1,53483.55,54085.75,30574287
1779425100000,54085.45,54099.5,53973.35,53982.45,15447473
1779428700000,53976.2,54076.2,53910.85,54042.75,11654441
1779432300000,54046.95,54213.05,53939.7,54163.4,15388497
1779435900000,54163.5,54196.55,53976.25,54063,18543282
1779439500000,54064.45,54080.25,53880.55,54064.05,28921520
1779443100000,54066.7,54193,54061.5,54152.2,12763473
1779680700000,54610.55,54974.4,54590.7,54961.15,53769789
1779684300000,54960.1,55093.75,54936.35,55084.65,23624753
1779687900000,55084.45,55122.15,54998.3,55017.55,15691092
1779691500000,55020.1,55050.5,54908.65,55020.35,11676517
1779695100000,55019.2,55034.35,54944.05,54982.55,11747871
1779698700000,54983,55312.5,54960.2,55295.85,37733480
1779702300000,55301.5,55405.2,55266.95,55390.3,18382516
1779767100000,55311.8,55536.8,55190.25,55396.45,33488085
1779770700000,55396.85,55509.8,55320.1,55401.5,22263633
1779774300000,55397.4,55411.05,55203.7,55209,22691318
1779777900000,55208.05,55250.3,55018.2,55076.4,20510612
1779781500000,55074.95,55169.65,54979.75,55037.75,24470999
1779785100000,55041.6,55139.05,54986.7,55098.7,43406674
1779788700000,55098.45,55204.95,55082.1,55180.6,15458990
1779853500000,54992.95,55153.8,54852.7,55119.5,36799346
1779857100000,55118.2,55221.7,55023.45,55066.35,18892104
1779860700000,55071.35,55152.2,54977.45,54995.2,15876064
1779864300000,54992.4,55112.2,54907.6,54922.75,22280149
1779867900000,54920,54941.25,54811.4,54838.2,23655444
1779871500000,54833.25,54938.65,54738.6,54846.15,37231985
1779875100000,54846.15,54915.45,54833.8,54871.7,19470540
1780026300000,54748.3,55179.3,54748.3,55049.9,48521205
1780029900000,55051.3,55184.45,54968.6,54998.45,21174489
1780033500000,54997.4,55162.85,54822.95,54861.65,22824166
1780037100000,54861.6,54900.45,54591.05,54592.05,19501112
1780040700000,54591.65,54632.75,54458.95,54512.05,21863173
1780044300000,54510.3,54693.45,54151.3,54198.3,308040168
1780047900000,54198.3,54389.7,54116.15,54364.6,234617600
1780285500000,54403.85,54582.75,53982.2,54034.15,29959263
1780289100000,54035.2,54176.65,53841.55,54154.15,16919387
1780292700000,54155.05,54234.55,53861.4,53938.35,15761078
1780296300000,53935.25,53953.1,53644.45,53659.2,14451759
1780299900000,53659.35,53797.35,53558.05,53577.75,14265802
1780303500000,53577.95,53775.6,53470,53665.55,49708495
1780307100000,53665.55,53693.15,53591.65,53658.9,27333945
1780371900000,53265.1,53511.35,53121.85,53229.6,35625329
1780375500000,53230.2,53486.3,53187.3,53313.75,29841072
1780379100000,53312.7,53448.2,53209.7,53242.5,23747444
1780382700000,53245.6,53906,53135.8,53820.85,43988307
1780386300000,53823.6,53933.3,53759.1,53867.3,29396333
1780389900000,53870.45,53933.55,53587.7,53749.75,43355563
1780393500000,53752.85,53823.55,53737.85,53813.6,15810179
1780458300000,53541.1,53638.85,53127.5,53185.15,33090888
1780461900000,53182.05,53274.9,53070.05,53090.5,17643885
1780465500000,53091.8,53245.7,53027.15,53093.45,21335825
1780469100000,53093.45,53733.45,53067,53606.65,39388014
1780472700000,53623.95,54003.2,53622.4,53937.15,33431108
1780476300000,53940.6,54299.35,53909,54149.55,51487327
1780479900000,54156.6,54271.2,54150.75,54247.05,19860409
1780544700000,53918.85,54342.15,53829.4,54257,40565922
1780548300000,54253.85,54396.4,54107.65,54257.4,24876886
1780551900000,54254.6,54356.55,54110.3,54308.25,22744243
1780555500000,54307.55,54350.75,54032.15,54050.75,22725652
1780559100000,54043.15,54271.95,53995.2,54226.6,22549179
1780562700000,54229.85,54461,54208.05,54308.75,40469605
1780566300000,54306.95,54360.95,54276.45,54330.6,14791423
1780631100000,54405.2,54703.05,54316.4,54494.1,49021472
1780634700000,54496.05,54865.5,54171.6,54701.8,33635278
1780638300000,54702.45,54767.25,54496.95,54625.3,32164024
1780641900000,54627.95,54684.3,54345.85,54364.85,14752831
1780645500000,54367.25,54445.65,54140.6,54210.05,17458763
1780649100000,54208.35,54576.9,54160.25,54496.5,38903663
1780652700000,54495.65,54564.9,54467.25,54519.7,21074947
1780890300000,53853.45,54455.2,53843.3,54170.05,45925114
1780893900000,54170.9,54291.45,54106.45,54147.15,25305536
1780897500000,54150.3,54257.45,54017.65,54240.5,19049544
1780901100000,54239.35,54421.85,54226.05,54285.15,17623912
1780904700000,54290.45,54293.85,54082.7,54107.5,18576592
1780908300000,54106.9,54234.8,54020.1,54107.25,25533280
1780911900000,54107.45,54117.55,53949.9,54007.35,13342599
1780976700000,54265,54799.95,54242.3,54698,61205123
1780980300000,54697.95,54754.2,54582.3,54630.75,30931789
1780983900000,54629.3,54890.35,54502.95,54852.05,45303967
1780987500000,54847.3,55081.3,54841.75,55067.8,39825721
1780991100000,55065.6,55134.75,55019.95,55080.95,35849471
1780994700000,55082,55318.35,54998.35,55207.95,55689425
1780998300000,55207.2,55270.15,55148.4,55249.15,21653975
1781063100000,55110.5,55397.7,55086.85,55213.5,50533831
1781066700000,55216.05,55484.95,55173.35,55386.85,28564862
1781070300000,55385.65,55513.95,55346.95,55481.55,27516862
1781073900000,55481.55,55555.85,55283.85,55506.55,26892336
1781077500000,55508.45,55527.75,55323.75,55335.6,26445878
1781081100000,55333.1,55466.6,55052.35,55053.75,49646985
1781084700000,55059.1,55126.35,55026.15,55104.3,22278141
1781149500000,54779.65,55311.85,54753.15,55119.9,49151818
1781153100000,55123.6,55278.6,55058.5,55135.75,30682537
1781156700000,55135.15,55459.65,55130.3,55456,23424332
1781160300000,55457.9,55600.15,55342.95,55358.1,29412627
1781163900000,55357.65,55377.95,55186.1,55257.6,23121864
1781167500000,55256.95,55401.1,55097.6,55193.9,55088028
1781171100000,55191.05,55244.15,55159.35,55214.65,22418608
1781235900000,55934.1,56016.8,55760.1,55783.05,46858640
1781239500000,55787.8,55967.25,55726.55,55960.8,27915515
1781243100000,55964.05,55987.05,55813.1,55824.7,25668150
1781246700000,55824.7,55949.65,55815.85,55923.8,14756784
1781250300000,55925.65,56509.85,55910.35,56509.15,33136189
1781253900000,56508.8,56867.1,56504,56829.35,54298671
1781257500000,56828.65,56839.4,56758,56805.5,32884639
1781495100000,57679.65,57804.5,57343.2,57388.05,59054619
1781498700000,57389.25,57590.6,57374.4,57488.95,23884940
1781502300000,57486.65,57503.9,57322.35,57350.55,19625705
1781505900000,57342.3,57377.75,57220.65,57344.6,14647805
1781509500000,57337.85,57377.85,57136.7,57205.1,17479625
1781513100000,57207.8,57399.2,57119.2,57186,30248217
1781516700000,57186.6,57236.5,57127.1,57162.85,13709955
1781581500000,57320.1,57399.7,57101.2,57144.35,24978696
1781585100000,57147.35,57321.35,57106.9,57147.8,16094736
1781588700000,57147.7,57231.85,57087.85,57128.2,19146023
1781592300000,57131.85,57187.95,57076.25,57166.25,18248236
1781595900000,57165.1,57301,57141.35,57290.25,26208590
1781599500000,57291.75,57338.75,57195.15,57314.2,30336182
1781603100000,57317.35,57320.7,57285.85,57293.65,11557024
1781667900000,57434.05,57440.85,57222.4,57327.05,26023702
1781671500000,57328.55,57621,57322.35,57614.55,24857366
1781675100000,57613.1,57646.15,57520.6,57545.75,30245584
1781678700000,57544.55,57576.8,57472.55,57488.1,26671516
1781682300000,57487.1,57609.65,57471.35,57586.55,24579457
1781685900000,57584.4,57603.7,57460.95,57581.8,30722806
1781689500000,57581.65,57613.3,57533.7,57571.25,12680278
1781754300000,57596.45,57887.3,57583.2,57863,33258582
1781757900000,57866.8,57881,57659.3,57718.25,17575863
1781761500000,57718.8,57906.6,57681.6,57844.2,23404874
1781765100000,57844.55,57942,57814.3,57940.2,16981562
1781768700000,57944.05,57954.55,57838.4,57886.85,16620899
1781772300000,57887.55,58021.25,57792.2,57995.65,39513075
1781775900000,57996.05,58014,57957.05,57987.25,14647351
1781840700000,57754.95,57804.9,57548.4,57639.75,27016126
1781844300000,57636.2,57662.8,57508.7,57619.95,14669006
1781847900000,57619.8,57645.2,57533.7,57566,11443241
1781851500000,57562.65,57633.95,57464.55,57525.7,9741784
1781855100000,57520.95,57716.4,57499.05,57688.45,15321283
1781858700000,57688.7,57789.9,57513.45,57686.8,41505061
1781862300000,57690.35,57724.1,57645.85,57714.85,21386060
1782099900000,57906.9,57931.25,57720.1,57820.75,22640236
1782103500000,57823.75,57915,57801.85,57878.85,17901903
1782107100000,57875.9,57963.7,57861.7,57883.4,21206005
1782110700000,57880.55,57925.65,57810.8,57824.75,13617729
1782114300000,57828.9,57918.6,57800.65,57858.75,20859363
1782117900000,57860.25,58009.1,57844.2,57950.5,29389001
1782121500000,57950.5,57956.45,57870.95,57890.75,15775050
1782186300000,57886.75,57970.9,57781.25,57880.15,28431794
1782189900000,57884.95,57934.5,57854,57899.35,17299626
1782193500000,57899.35,57931.2,57463.55,57519.05,23944580
1782197100000,57518.8,57562.75,57366.8,57436.05,16063320
1782200700000,57440.4,57462.85,57236.55,57376.7,29398728
1782204300000,57381,57412.05,57181.5,57210.7,50526272
1782207900000,57211.75,57215.8,57078.45,57102.65,25908971
1782272700000,57074.9,57676.5,57074.9,57658.35,70234777
1782276300000,57657.65,57882.9,57634.4,57862.95,30203671
1782279900000,57860.85,58128.65,57830.15,58022.8,40663076
1782283500000,58026.3,58140.75,57961.55,58063.8,27842327
1782287100000,58061.45,58233.65,58043.1,58154.55,32020034
1782290700000,58155.1,58256.35,58096,58111.35,54640215
1782294300000,58109.05,58196.3,58093.95,58172.7,26635140
1782359100000,58493.85,58526.15,58358.65,58473,72347774
1782362700000,58471.8,58494.4,58385.4,58448.35,30884699
1782366300000,58451,58700.8,58408.15,58673.35,32994418
1782369900000,58673.35,58706.05,58476.1,58498.4,31952767
1782373500000,58495.05,58574.6,58273,58276.55,29353707
1782377100000,58276.7,58324.25,58109.85,58193.7,59516517
1782380700000,58190.55,58230.9,58152.85,58193.2,38390186
1782704700000,58191.45,58318.05,57888.25,58022.85,97089148
1782708300000,58019.15,58253.8,57975.2,58121.1,49475547
1782711900000,58120.35,58153,57843.45,57860.2,39452068
1782715500000,57862.3,57866.85,57637.25,57792.25,53215109
1782719100000,57791.2,57916.6,57717.15,57898.5,50792574
1782722700000,57900.1,57963.75,57648.55,57716.05,145103203
1782726300000,57715.9,57896.75,57684.2,57828.05,90543249
1782791100000,58011.95,58011.95,57602,57835.05,77712073
1782794700000,57831.4,57838,57632.9,57808.25,43795312
1782798300000,57813.6,57917.7,57663.05,57704.45,52347747
1782801900000,57700.3,57795.55,57618.7,57688.2,34630565
1782805500000,57687.05,57715.1,57463.55,57527.45,38994748
1782809100000,57527.45,57770.55,57456.65,57560.45,89840211
1782812700000,57557.65,57714.4,57517.9,57690.6,59362401
1782877500000,57573.35,57744.95,57487.85,57731.75,60231980
1782881100000,57731.05,57885.25,57673.6,57883,25991972
1782884700000,57882.35,57994.65,57815.75,57972.6,33645679
1782888300000,57974.2,58065,57926.05,58002.5,22705487
1782891900000,58008,58070.1,57919.5,58019.6,29154656
1782895500000,58020.5,58134.15,57850.65,58037,60985204
1782899100000,58040.3,58046.55,57896.35,57918.3,26104477
1782963900000,58134.5,58396.1,58074.7,58107.6,64688860
1782967500000,58109.2,58201.95,58032.15,58084.35,21893247
1782971100000,58084,58090.65,57930.15,58041.6,32467017
1782974700000,58043.7,58184.25,58004.95,58094.2,26705481
1782978300000,58084.35,58114.4,57892.15,57910.3,35108380
1782981900000,57912.4,58107.35,57884.6,58043.7,63689006
1782985500000,58047,58057.7,57948.45,57967.85,27084308
1783050300000,58343.25,58343.25,57978.55,58075.85,107665168
1783053900000,58081.15,58193.85,57953.15,57956.95,43728069
1783057500000,57959.2,58100.15,57916.6,58023.05,43874479
1783061100000,58019.55,58049.6,57837.65,57897.95,30943948
1783064700000,57898.9,57910.8,57799.05,57900.85,24731157
1783068300000,57901.35,57962.4,57832.55,57947.95,51481282
1783071900000,57947.55,57977.55,57928.9,57973.2,21961334
1783309500000,57983.9,58376.35,57938.65,58278.05,85780497
1783313100000,58279.2,58374.25,58248.85,58287.9,42900971
1783316700000,58288.85,58472.65,58213.55,58453.55,30345224
1783320300000,58451.9,58477.3,58339.25,58450.35,33262887
1783323900000,58450.6,58458.2,58319.65,58327.45,27467955
1783327500000,58326.15,58355.95,58244.85,58309.45,39019868
1783331100000,58309.85,58312.15,58234.15,58263,23368133
1783395900000,58567.85,58581.1,58320.75,58410.1,61476807
1783399500000,58410.4,58464.9,58348.9,58430.35,27641661
1783403100000,58431.95,58486.6,58381.1,58407.8,25326701
1783406700000,58407.65,58425.05,58214.6,58244.95,35039678
1783410300000,58247.7,58326.6,58213.15,58298.8,33124339
1783413900000,58298.65,58374.3,58180.95,58202.8,48726283
1783417500000,58199.3,58214.25,58110.1,58134.5,27287347
1783482300000,57918.25,58007.25,57706.75,57928.15,58164208
1783485900000,57925.05,58075.6,57855.7,57990.1,28084034
1783489500000,57989.15,58003.8,57788.55,57792.2,28680355
1783493100000,57796.1,57899,57722.35,57842.95,24549541
1783496700000,57845.05,57874.65,56811.55,56852.65,54684649
1783500300000,56854.15,57005.55,56549.4,56722.6,78975124
1783503900000,56720.95,56857.25,56718.65,56826.8,29150989
1783568700000,56871,57379.5,56867.3,57309,44614395
1783572300000,57309.75,57464.2,57049.7,57202.15,28486678
1783575900000,57199.4,57434.6,57157.55,57275.25,26930055
1783579500000,57278.25,57363.65,57187.5,57338.25,27110183
1783583100000,57339,57421.65,57240.1,57330.55,29445069
1783586700000,57331.55,57418.05,57125.6,57223.25,52762021
1783590300000,57224.15,57330.75,57222.45,57322.7,20832844
1783655100000,57592.5,57954.2,57576.7,57911.5,39323413
1783658700000,57913.9,57993.15,57873.4,57944,20323536
1783662300000,57949.65,57958,57817.6,57855.9,18269430
1783665900000,57857.05,58251.95,57841.95,58078.9,62429253
1783669500000,58079.9,58154.8,57964.15,58096.4,33462919
1783673100000,58095.2,58147.35,58028.15,58044.6,38647852
1783676700000,58046.2,58072.85,58007.2,58052.15,22039585
1783914300000,57616.7,57932.95,57492.05,57902.3,49400570
1783917900000,57906.1,58070.15,57847.15,57935.2,26924223
1783921500000,57932.85,57954.75,57760,57900.2,20479186
1783925100000,57900.2,58103.4,57858.1,58000.9,18020172
1783928700000,57997.9,58101.75,57868.7,58093.25,24918307
1783932300000,58094.35,58219.9,58089.5,58116.2,47911291
1783935900000,58115.15,58139.1,58076.05,58117.6,21331341
1784000700000,57832.55,57840.05,57462.6,57503.5,50951390
1784004300000,57502.25,57667.15,57377.75,57646.75,20703700
1784007900000,57647.2,57658.9,57466.35,57495.65,21512853
1784011500000,57496.85,57503.6,57388.3,57469.3,20140441
1784015100000,57468.5,57488.4,57286.9,57457.35,25715411
1784018700000,57454.6,57544.95,57331.3,57471.15,45442054
1784022300000,57474.4,57483.05,57387.8,57448.5,20990423
1784087100000,57643.75,58148.8,57616.95,58083.35,40440723
1784090700000,58082.85,58110.05,58022.9,58035.3,18045719
1784094300000,58034.25,58103.6,57835.85,58079.85,26776608
1784097900000,58084.7,58118.6,57545.2,57616.05,72980228
1784101500000,57615.6,57794.45,57597,57721.1,23286967
1784105100000,57723.75,57779.1,57622.45,57774,31151573
1784108700000,57772.3,57810.85,57716.05,57719.1,17393072
1784173500000,57831.1,57931.3,57624.05,57658.5,32424149
1784177100000,57664.45,57839.75,57564.2,57701.85,19777680
1784180700000,57703.65,57729.55,57575.75,57612.55,23061450
1784184300000,57618.8,57704.45,57563.35,57574.4,16250197
1784187900000,57573.55,57584.85,57420.15,57525.35,22771753
1784191500000,57528.4,57661.35,57473.9,57590.15,37509607
1784195100000,57588.75,57629.6,57547.45,57602,18582899
1784259900000,57662,58001.2,57542.15,57966.4,39314177
1784263500000,57967.65,58185.85,57953.6,58062.6,25918611
1784267100000,58061.5,58137.5,58032.35,58103.8,23136964
1784270700000,58104.15,58147.2,58065.3,58109.45,14523598
1784274300000,58104.75,58234.1,57916.1,58221.25,41607851
1784277900000,58226.75,58530.85,58222.6,58481.15,77004349
1784281500000,58477.45,58596.85,58451.85,58576,29374075
1784519100000,57738.25,57963.55,57557.3,57697.6,193931340
1784522700000,57696.8,57837.95,57659.8,57669.2,75119206
1784526300000,57669.7,57712.25,57632.4,57673.25,44012701
1784529900000,57673.45,57785.8,57533.1,57784.05,55757310
1784533500000,57787.25,58111,57757.05,58072.6,63770749
1784537100000,58068.3,58081.15,57906.25,57953.35,66498092
1784540700000,57955.2,57975.35,57921.95,57975.35,35554831
1784605500000,57842.35,58228.65,57836.2,57980.85,96482281
1784609100000,57987.55,58006.7,57848.85,57917.8,37193595
1784612700000,57916.9,57942.35,57831,57887.2,26923801
1784616300000,57891.6,57984,57830.55,57891.6,33885719
1784619900000,57892.25,57950,57859.9,57865.55,30431976
1784623500000,57868.45,57917.35,57806.75,57814.85,57844000
1784627100000,57814.85,57853.55,57803.85,57817.6,23570731
1784691900000,57768.4,57824,57248.9,57320.4,86229515
1784695500000,57325.75,57351.8,57188.9,57232.65,51165550
1784699100000,57236.5,57327,57091.6,57091.6,31300765
1784702700000,57094.95,57156.45,56970.6,57052.1,33411179
1784706300000,57055,57164.05,56994.35,57022.35,29614965
1784709900000,57023.8,57175.15,57010.35,57158.15,45397089
1784713500000,57162.6,57178.9,57115.4,57122.1,30313269
1784778300000,56812.95,56925.4,56648.85,56832.3,45127451
1784781900000,56830.7,56879.65,56797.35,56800.15,19765328
1784785500000,56800.75,56803.5,56595.95,56621,22198185
1784789100000,56623.6,56653.9,56374.9,56407,27854437
1784792700000,56407.75,56551.2,56381.4,56513.2,18214346
1784796300000,56511.7,56619.95,56426,56573.85,25332739
1784799900000,56573.85,56607.6,56537.4,56563.35,19708493
1784864700000,56169.4,56343.05,56023.6,56073.5,49252678
1784868300000,56075.4,56216,56067,56081.8,23534415
1784871900000,56081.75,56401.1,56077.65,56337.05,21986864
1784875500000,56336.5,56772.55,56334.05,56687.65,32727748
1784879100000,56689.9,56831.45,56557.5,56783.4,27287048
1784882700000,56782.85,56795.05,56632.45,56682.65,36638517
1784886300000,56681.15,56763.05,56674.45,56755.4,25298475
1785123900000,57116.8,57330.05,57048.1,57121.4,162951717
1785127500000,57121,57135.6,56969.2,57035.35,41129762
1785131100000,57035.35,57142.65,56946.45,57076.35,43506069
1785134700000,57076.95,57118.15,57010.65,57056.1,41815468
1785138300000,57058.45,57124,56928.65,57123.4,30416176
1785141900000,57122.75,57177.95,57069.15,57082.9,43590334
1785145500000,57082.1,57123.8,57065.95,57115.95,30713990
1785210300000,56883.55,57054.2,56790.9,56894.65,69672539
1785213900000,56895.8,57025.7,56878.8,56970.45,34382968
1785217500000,56971.15,57039.85,56950.15,56976.25,25068539
1785221100000,56976,56998.7,56820.9,56821,27046235
1785224700000,56819.3,56857.9,56773.9,56807.45,23081997
1785228300000,56805.9,56830.9,56686.35,56698.55,54275863
1785231900000,56699.7,56867.1,56672.4,56718.75,47305878
1785296700000,57126.6,57190,56939.35,57172.35,46553538
1785300300000,57173.5,57186.95,57046.65,57157.25,23346510
1785303900000,57156.5,57264.3,57122.85,57255.2,21901704
1785307500000,57255.95,57263.45,57168.85,57238.2,16557522
1785311100000,57239.05,57274.85,57137.05,57258.05,21173713
1785314700000,57258.35,57315.95,57196.55,57215.25,29601597
1785318300000,57212.9,57219.85,57161.6,57193.6,15654802
1785383100000,57127.05,57129.3,56801.4,56835.9,38168844
1785386700000,56837.05,56918.6,56768.6,56899.05,20092447
1785390300000,56900.75,56936.6,56821.5,56869.35,20018375
1785393900000,56869.4,57136.75,56861.05,57017.4,26813469
1785397500000,57020.05,57052.65,56948.95,56960.9,21497873
1785401100000,56962.75,57193.15,56930.45,57151.9,43483960
1785404700000,57152.1,57236.65,57071.9,57102.9,31735578
1785469500000,57225.9,57411.25,57152.95,57201.9,32235827
1785473100000,57203.5,57243.55,57139.6,57188.85,15316143
1785476700000,57189.25,57237.75,57144.7,57237.75,16400159
1785480300000,57235.55,57360.85,57202.25,57308.85,19068823
1785483900000,57309.65,57382.15,57260.6,57302.6,15668388
1785487500000,57300.8,57332.5,57223.1,57276.2,37233555
1785491100000,57272.7,57276.75,57196.45,57214.1,21398669
1785728700000,57569.6,57835.6,57465.95,57780.7,40635422
1785732300000,57782.75,57853.3,57710.7,57814.35,17899633
1785735900000,57812.35,57842,57768.75,57809.85,19425834
1785739500000,57812.8,57823.2,57644.7,57689.7,19547209
1785743100000,57690,57757.2,57675.55,57748.65,14015685
1785746700000,57748.25,57792.1,57629.7,57680.9,34581607
1785750300000,57683.7,58247.95,57683.7,58247.95,5110142
1785815100000,58068.95,58068.95,57651.15,57831.15,43180142
1785818700000,57835.55,57879.15,57682.8,57696.85,19274421
1785822300000,57698.1,57701.9,57487.05,57542.65,21266821
1785825900000,57547.15,57589.95,57425.3,57452.95,22149607
1785829500000,57457.55,57476.25,57352.65,57475.15,18532987
1785833100000,57477,57542,57433.35,57492.75,36432190
1785836700000,57492.75,57907.2,57492.75,57907.2,6116906
1785901500000,57810.05,57931.85,57603.95,57881.4,66528901
1785905100000,57881.3,57921.5,57593.9,57800.55,33912092
1785908700000,57803.45,57815.1,57620.3,57685.45,29325952
1785912300000,57686.45,57697.55,57509.15,57544.8,29024586
1785915900000,57543.15,57604,57456.35,57559.05,28125777
1785919500000,57561.9,57655.25,57486.85,57631.25,45811539
1785923100000,57629.75,57739.95,57629.75,57739.95,4151736
1785987900000,57815,57878.05,57714.7,57796.75,37641552
1785991500000,57797.15,57924.65,57779.75,57905.15,18998296
1785995100000,57910.6,57960.3,57850.9,57936.85,17663297
1785998700000,57937.95,58004.65,57883.3,57932.6,31874984
1786002300000,57933.9,58076.85,57907.75,58054.15,40951401
1786005900000,58054.2,58072.2,57971.75,58014.7,55698002
1786009500000,58007.95,58063.65,58007.95,58063.65,6385378
1786074300000,57882,57964.2,57794.7,57921.2,34403980
1786077900000,57922.05,57928.7,57740.6,57810.05,22057405
1786081500000,57813.65,57853.25,57720.5,57726.95,13768384
1786085100000,57731,57813.7,57697.8,57751.7,15305573
1786088700000,57754.45,57994.45,57703.95,57818,40361512
1786092300000,57816.85,57900.15,57686.55,57782.95,48493504
1786095900000,57801.15,57801.15,57746.45,57746.45,4369906
1786333500000,57812.3,58015.85,57527.75,57624.8,47981551
1786337100000,57626.05,57776.85,57624.15,57716,24796027
1786340700000,57718.6,57723.3,57612.7,57682.1,17248205
1786344300000,57683,57714.5,57560.55,57578.9,15964685
1786347900000,57580,57666.4,57568.3,57630.9,18120134
1786351500000,57632.6,57655.1,57542.4,57606.1,43358420
1786355100000,57606.1,57686.95,57606.1,57686.95,3325474
1786419900000,57604.35,57607.25,57158.1,57214.8,32263621
1786423500000,57215.75,57326.5,57176.05,57297.95,21224859
1786427100000,57297.7,57332.2,57245.95,57280,17040255
1786430700000,57279.95,57412.25,57253.45,57366.4,24896188
1786434300000,57369.25,57450.85,57311.95,57412.2,25524329
1786437900000,57410.45,57434.1,57315.15,57368.15,35369767
1786441500000,57366.05,57446.25,57366.05,57446.25,4453724
1786506300000,57391.8,57754.25,57254,57665.8,78815265
1786509900000,57671.25,57783.7,57562.75,57574.85,42708174
1786513500000,57574.75,57642.25,57470.4,57498.65,29953506
1786517100000,57503.6,57588.2,57470,57499.85,30166199
1786520700000,57499.85,57557.6,57471.5,57482.5,20381955
1786524300000,57487.45,57850.75,57478.95,57772,62181411
1786527900000,57771.35,57885.85,57771.35,57885.85,4440814
1786592700000,57799.15,57799.15,57550.25,57611.7,34750686
1786596300000,57613.4,57656.15,57554.05,57573.45,13626579
1786599900000,57574.15,57706.5,57548.6,57658.8,20011963
1786603500000,57660.65,57675.35,57574.05,57589.65,17898913
1786607100000,57592.5,57654.35,57553.25,57583.3,17154402
1786610700000,57583.55,57645.1,57554.15,57591,35860259
1786614300000,57591,57635.25,57591,57635.25,4334943
1786679100000,57589.75,57681.45,57460.6,57633.5,36532096
1786682700000,57630.4,57634.55,57438.7,57457.05,20109565
1786686300000,57458.25,57479.45,57380.45,57457.55,19002637
1786689900000,57459.15,57495.15,57411.35,57469.85,15642631
1786693500000,57469.2,57608.8,57381.3,57583.2,17841403
1786697100000,57581.5,57594.9,57459.1,57459.1,31621973
1786700700000,57459.1,57491.1,57459.1,57491.1,3361322
1786938300000,57418.3,57482.05,57162.15,57269.85,28363165
1786941900000,57270.15,57278.65,57119.6,57134.45,15779872
1786945500000,57134.2,57235.45,57123.3,57220.55,16878471
1786949100000,57219.6,57683.3,57212.75,57656.35,34455448
1786952700000,57656.55,57676.9,57560,57572.4,18832007
1786956300000,57570.9,57757.25,57539.95,57711.95,36821754
1786959900000,57716.05,57716.05,57497.8,57497.8,3570777
1787024700000,57325.55,57584.7,57280.2,57305.05,32155805
1787028300000,57306.25,57370.75,57230.95,57301.2,16278547
1787031900000,57302.9,57387,57217.6,57350.55,17679284
1787035500000,57350.25,57375.55,57286.7,57322.95,12526477
1787039100000,57323.3,57366.75,57275.75,57348.75,12985110
1787042700000,57351.3,57414.9,57289.8,57314.55,31940791
1787046300000,57314.55,57314.55,57262.4,57262.4,2785244
1787111100000,57260.65,57356.85,57001.75,57210.65,38166928
1787114700000,57214.7,57222.5,57014.75,57049.9,17561232
1787118300000,57055.35,57218.9,57028.5,57065.2,18767869
1787121900000,57065.7,57126.7,57046.55,57063.1,14268052
1787125500000,57064.35,57194.45,57037.55,57139.85,15620786
1787129100000,57139.3,57304.35,57096.85,57156.9,30682513
1787132700000,57157.75,57239.75,57157.75,57239.75,3565872
1787197500000,57507.65,57685.5,57475.7,57669.75,33147506
1787201100000,57664.05,57702.95,57613.8,57679.6,21425308
1787204700000,57681.95,57681.95,57596.45,57613.25,18714665
1787208300000,57613.95,57680.55,57538.55,57645.85,19923553
1787211900000,57648,57657,57531.5,57548.35,13201186
1787215500000,57547.75,57565.25,57431.8,57448.6,25505211
1787219100000,57444.05,57495.9,57444.05,57495.9,2681654
1787283900000,57613.2,57772.45,57481.55,57648.8,42275374
1787287500000,57648.7,57758.5,57630.1,57709.2,18293361
1787291100000,57707.95,57735.15,57649.7,57654,20111509
1787294700000,57655.2,57723.35,57622.2,57686.7,15456636
1787298300000,57687.25,57708.05,57625.2,57664.5,17162179
1787301900000,57664.45,57700.3,57619.95,57647.65,28431187
1787305500000,57647.65,57761.95,57647.65,57761.95,4887310
1787543100000,57828.15,57873.75,57671.3,57683.9,25957864
1787546700000,57687.4,57704.3,57405.65,57410.55,23135472
1787550300000,57415.95,57428.65,57322.9,57379.75,23150847
1787553900000,57383.6,57394.45,57245.95,57276.35,21552852
1787557500000,57280.35,57386.7,57269.8,57339.95,14407261
1787561100000,57345.7,57437.6,57281.5,57419.45,35872436
1787564700000,57419.45,57525.95,57419.45,57525.95,3781165
1787629500000,57360.65,57653.85,57231.25,57478.3,37254170
1787633100000,57479,57589,57374.35,57478.1,19417832
1787636700000,57478.65,57492.2,57379.4,57462.35,30610351
1787640300000,57469.85,57476.6,57285.65,57300.1,28857948
1787643900000,57296.85,57419.6,57251.65,57321.6,24290322
1787647500000,57320.5,57489.2,57311.15,57455.8,50997942
1787651100000,57454.1,57514.2,57454.1,57514.2,6757392
1787715900000,57628.65,57996.05,57611.85,57903.55,49397534
1787719500000,57903.25,57978.5,57824.35,57954.45,28494780
1787723100000,57952.45,57961.05,57848.7,57937.6,21489629
1787726700000,57942.1,57975.35,57904.8,57915.5,14972138
1787730300000,57918.6,57921.25,57851.6,57890.1,15250005
1787733900000,57887.15,57955.8,57831.4,57876.8,36524820
1787737500000,57876.8,57876.8,57783.75,57783.75,3471553
1787802300000,57985,58012.4,57743.8,57797.15,49284603
1787805900000,57798,57825.3,57698.1,57718.1,18862308
1787809500000,57717.1,57757.9,57646.85,57677.6,20962657
1787813100000,57676,57788.5,57571.3,57782.1,26983618
1787816700000,57780.85,57796.95,57535.85,57577.7,25234128
1787820300000,57576.95,57658.2,57534.9,57569.5,46992936
1787823900000,57569.5,57569.5,57509.95,57509.95,3644456
1787888700000,57429.75,57499.35,57264,57488,35170549
1787892300000,57489.55,57596.4,57466.25,57522.35,27689426
1787895900000,57523.3,57527.95,57333.05,57356.15,22070153
1787899500000,57357.9,57426.45,57311.5,57323.3,14819004
1787903100000,57328.55,57437.25,57307.95,57416.3,17866314
1787906700000,57421.15,57479.2,57386.05,57434.55,42909661
1787910300000,57432.25,57496.3,57432.25,57496.3,3244572
1788147900000,57353.75,57576.25,57238.5,57284.65,65884592
1788151500000,57280.15,57292.65,57187.35,57236.9,25264776
1788155100000,57240.05,57477.5,57235.05,57395.35,21936707
1788158700000,57397.05,57430.6,57329.5,57419.85,24772484
1788162300000,57424.25,57445.05,57301.15,57309.8,33275044
1788165900000,57315.7,57546.4,57231.3,57402.45,74992616
1788169500000,57397.35,58024.95,57397.35,58024.95,60316164
1788234300000,57560.3,57572.7,57316.6,57408.15,48209597
1788237900000,57410.2,57650.85,57404.05,57648.75,22602035
1788241500000,57652.25,57766.25,57608.55,57635.9,17932456
1788245100000,57635.9,57668.2,57498.6,57500.35,16146509
1788248700000,57501.45,57501.45,57150.7,57178.5,25661146
1788252300000,57181,57289,57151.7,57261.4,61778248
1788255900000,57264.15,57409.6,57264.15,57409.6,4335693
1788320700000,57006.45,57128.6,56823.2,57089.3,44906625
1788324300000,57088.3,57221.1,57012.3,57032,23690727
1788327900000,57031.9,57082.9,56938.45,57080.1,28471046
1788331500000,57080.35,57149.3,56984.05,57095.4,25654437
1788335100000,57092.05,57162.45,57013.8,57129.05,21400699
1788338700000,57131.15,57141.15,57023.95,57087.4,46329484
1788342300000,57087.4,57172,57087.4,57172,5438287
1788407100000,57497.85,57753.6,57467.05,57654.8,54587396
1788410700000,57657.95,57740,57488.55,57527.65,24643075
1788414300000,57525.35,57642.8,57488.65,57597.25,26626219
1788417900000,57600.45,57604,57503,57549.8,18624748
1788421500000,57555.7,57613.05,57472.5,57508.25,29196532
1788425100000,57509.7,57566.9,57396.95,57427.4,52943477
1788428700000,57433.65,57433.65,57380.6,57380.6,5591040
1788493500000,57492.65,57545.5,57324.55,57410.5,27906082
1788497100000,57410.85,57571.5,57382.15,57535.8,15007575
1788500700000,57539.55,57677.15,57523.95,57555.35,20121393
1788504300000,57555.25,57594.45,57514.35,57580.5,16292435
1788507900000,57580.55,57639.75,57526.65,57546.1,17305921
1788511500000,57547.35,57581.6,57411.05,57437.35,31825743
1788515100000,57440.6,57440.6,57369.65,57369.65,4219407
1788749100000,57343.3,57343.3,57343.3,57343.3,0
1788752700000,57343.3,57426.85,57097.95,57098.8,26229640
1788756300000,57101.9,57116.65,57018.6,57049.8,14371174
1788759900000,57046.7,57115.8,57029.25,57106.7,15617112
1788763500000,57106.7,57117.85,57002.95,57042,20569303
1788767100000,57043.1,57133.95,57032.85,57098.55,14328597
1788770700000,57099.15,57184.95,57003.6,57056.75,33968535
1788774300000,57056.75,57088.3,57056.75,57088.3,1756631
1788835500000,56990.4,56990.4,56990.4,56990.4,0
1788839100000,56990.4,57044,56850.25,56987.4,25077389
1788842700000,56988.2,57019.6,56873.9,56915.75,19396196
1788846300000,56917.3,56959.55,56781.65,56844.3,18054518
1788849900000,56844.3,56877.6,56751.5,56785.2,16213604
1788853500000,56785.8,56830.9,56720.45,56806.8,17566690
1788857100000,56810.2,56835.95,56742.95,56765.85,40756151
1788860700000,56765.85,56777.55,56765.85,56777.55,8167854
1788921900000,56777.55,56777.55,56498.85,56498.85,0
1788925500000,56498.85,56630.45,56414.9,56491.05,47992794
1788929100000,56491.75,56618.8,56457.75,56582.7,24050904
1788932700000,56585.55,56599.05,56445.05,56483.25,18963660
1788936300000,56486.9,56737.4,56434.6,56640.95,25579116
1788939900000,56641.05,56743.05,56610.25,56659.15,21543098
1788943500000,56659.65,56689.95,56343.65,56379.6,40773345
1788947100000,56379.6,56379.6,56295.55,56295.55,6324172
1789011900000,56262.75,56575.15,56252.05,56382.7,48068363
1789015500000,56385.5,56516.25,56379.55,56501.85,25479748
1789019100000,56501.4,56525.8,56403.1,56502.2,22019864
1789022700000,56503.85,56526.15,56335.1,56428.1,20988710
1789026300000,56435.15,56435.15,56331.75,56348.85,21710812
1789029900000,56352.3,56403.55,56231.85,56255.85,38825927
1789033500000,56262.5,56471.95,56262.5,56471.95,5098107
1789098300000,55970.15,56024.85,55699.45,56022.25,35689176
1789101900000,56022,56220.7,55947.7,56203.05,29989331
1789105500000,56202.3,56263.05,56073.9,56095.25,22315275
1789109100000,56099.6,56311.5,56075.5,56230.65,52969099
1789112700000,56234.5,56628.1,56198,56547.45,135117721
1789116300000,56550.25,56645.85,56461.25,56625.9,71497255
1789119900000,56625.9,56625.9,56606.55,56606.55,9123196
1789443900000,56884.25,56996.35,56279.5,56344.3,77479978
1789447500000,56343.65,56343.8,56111.2,56182.9,29783076
1789451100000,56185.25,56222.4,56110.8,56153.05,24469683
1789454700000,56152.15,56248.05,56115.4,56184.5,28096984
1789458300000,56193.85,56216.15,55958.85,56000.3,27478424
1789461900000,55995.35,56036.05,55867.6,55908.95,53637024
1789465500000,55908.95,55908.95,55794.75,55794.75,7583797
1789530300000,56007.65,56206.7,55812.2,55947.4,144928906
1789533900000,55948.55,56316.1,55941.2,56182.05,36642984
1789537500000,56183,56235,56071.1,56180.8,31419845
1789541100000,56180.4,56368.7,56139.8,56300.2,25551177
1789544700000,56299.45,56345,56177.95,56284.25,24551683
1789548300000,56283.75,56357.35,56211.15,56230.15,61763192
1789551900000,56226.75,56292.45,56226.75,56292.45,8512813
1789616700000,56126.6,56570.45,56072.6,56474.4,43879603
1789620300000,56477.55,56494.6,56055.45,56099.35,30464224
1789623900000,56102.95,56387,56067.4,56357.25,29894079
1789627500000,56367.65,56404.55,56235.6,56238.5,19636207
1789631100000,56236.5,56253,56038.5,56124.55,23174003
1789634700000,56123.7,56215.15,56075.35,56141.15,35929463
1789638300000,56137.45,56137.45,56055.75,56055.75,3573469
1789703100000,56172.85,56326.95,56135.95,56234.95,30257238
1789706700000,56231.1,56246.65,56087.55,56097.05,18031050
1789710300000,56097.9,56234.7,56073.55,56199.9,27892723
1789713900000,56199.9,56393.85,56173.55,56360.7,25803950
1789717500000,56359.95,56427.05,56229.1,56401.85,24133183
1789721100000,56397.85,56497.45,56311.85,56360.2,48929540
1789724700000,56360.2,56360.2,56358.7,56358.7,61973584
1789962300000,56361.9,56510.95,56269.55,56332.4,38423321
1789965900000,56329.9,56491.9,56328.85,56480.95,17591731
1789969500000,56480.6,56496.3,56432.3,56453.1,19142083
1789973100000,56453.2,56474.8,56394.25,56464.6,19082846
1789976700000,56461.35,56668.2,56461.35,56599.4,21465377
1789980300000,56596.45,56638.35,56473.05,56494.9,36719779
1789983900000,56494.9,56494.9,56470.65,56470.65,3983773
1790048700000,56489.9,56671.1,56483.55,56599.3,30611454
1790052300000,56600.4,56603.35,56291.65,56362.05,17854736
1790055900000,56362.65,56371.65,56215.25,56265.6,17258100
1790059500000,56266.2,56299.4,56154.35,56198.95,13752767
1790063100000,56200.1,56364.25,56106.95,56352.7,14263953
1790066700000,56358.85,56394.95,56224.05,56280.95,31625581
1790070300000,56280.95,56280.95,56215.55,56215.55,3899663
1790135100000,56209.65,56503.35,56209.65,56475.3,37917815
1790138700000,56478.25,56623.8,56473.4,56609.85,39105769
1790142300000,56609.7,56611.6,56515.3,56573.4,42688461
1790145900000,56574.4,56623.05,56524.95,56572.05,23058396
1790149500000,56572.9,56612.8,56512.7,56603.25,17414368
1790153100000,56603.95,56618.9,56465.4,56542.85,37413486
1790156700000,56542.85,56548.9,56542.25,56548.9,4416575
1790221500000,55710.6,55918.4,55505.85,55594.6,90022729
1790225100000,55592.25,55632.35,55523.5,55588.25,31755035
1790228700000,55585.9,55670.75,55553.1,55572.9,25565532
1790232300000,55566.75,55656.5,55549,55647.5,28545902
1790235900000,55647.55,55661.6,55341.2,55452,29555301
1790239500000,55452.65,55627.8,55375.2,55464.45,48253526
1790243100000,55464.7,55464.7,55438.5,55438.5,5428913
1790307900000,55373.75,55653.4,55373.75,55591.45,31960096
1790311500000,55589,55622.35,55475.25,55606.35,14332710
1790315100000,55607.8,55639,55547.1,55594.65,16330230
1790318700000,55594.2,55609.6,55424.3,55519.25,20206661
1790322300000,55514.95,55762.6,55449.6,55629.55,21012279
1790325900000,55630.9,55711.05,55447.35,55522.5,38394954
1790329500000,55522.5,55580.4,55522.5,55580.4,2623341
1790567100000,55347.8,55390.1,54600.1,54642.55,78511693
1790570700000,54639.65,54671.6,54506.7,54520.65,28180484
1790574300000,54522.85,54660.55,54494.4,54592,31462146
1790577900000,54594.25,54651.85,54523.6,54571.4,24429882
1790581500000,54570.1,54628.55,54535.7,54560.95,28090941
1790585100000,54563.95,54571.4,54437.7,54467.7,63061298
1790588700000,54467.7,54471.65,54467.7,54471.65,3144067
1790653500000,54283.6,54405.3,53788,53818.6,81033340
1790657100000,53817.5,54191.3,53785.7,54151.55,36072919
1790660700000,54151.55,54397.1,54070.55,54362.6,36101085
1790664300000,54361.95,54393.45,53977.55,54266.5,33917739
1790667900000,54263.1,54341.8,54148.85,54295.9,34176648
1790671500000,54281.85,54389.05,54247.65,54364.9,65991809
1790675100000,54364.9,54364.9,54259.95,54259.95,94939748
1790739900000,54175.9,54786.15,54174.3,54779.95,65105139
1790743500000,54778.9,54800.65,54613.45,54715.2,33424556
1790747100000,54712.65,54915.65,54677.3,54878.4,27698090
1790750700000,54877.1,55130.45,54834.85,55057.7,27724052
1790754300000,55055.8,55135.5,54925.6,54930.05,31482584
1790757900000,54931.75,54944.05,54629.55,54706.75,77582971
1790761500000,54706.75,54706.75,54633.05,54633.05,17282868
1790826300000,54583.05,54985.25,54555.1,54877.45,78004105
1790829900000,54877.6,55091.45,54837.6,54854.5,41904902
1790833500000,54854.25,55025.6,54809.4,54843.55,28761050
1790837100000,54843.3,54875.7,54250.15,54459,37119759
1790840700000,54457.25,54490.85,54066.6,54243.25,39017190
1790844300000,54239.85,54569.75,54148.85,54565.1,70360560
1790847900000,54565.1,54565.1,54450.75,54450.75,6208410