datetime,open,high,low,close,volume
1704080700000,48203.4,48368.6,48134.9,48354.8,0
1704091500000,48350.9,48450,48164.1,48213.6,0
1704102300000,48217.2,48240.1,48044.1,48064.3,0
1704167100000,48194.8,48223.6,47814.8,47859.6,0
1704177900000,47865.5,47928.2,47689.8,47754.4,0
1704188700000,47757.2,47777.6,47697.6,47710.6,0
1704253500000,47796.3,47798.8,47481.4,47686.8,0
1704264300000,47689.9,47785.4,47555.4,47718.9,0
1704275100000,47717.4,47777.9,47676.8,47738.6,0
1704339900000,47805.4,48181.2,47738.1,48115.4,0
1704350700000,48117.6,48221.3,48063.7,48180.4,0
1704361500000,48176.8,48281.2,48175.9,48245.8,0
1704426300000,48245.6,48381.9,48030.2,48092.2,0
1704437100000,48094.6,48264.1,47822.9,48167.6,0
1704447900000,48167.6,48168.7,48043.1,48089.1,0
1704685500000,48096.6,48154.5,47722.8,47751.8,0
1704696300000,47754.4,47842.4,47387.4,47454.4,0
1704707100000,47456,47495.1,47403.2,47464,0
1704771900000,47705.4,47939.3,47590.6,47780.8,0
1704782700000,47783,47877.1,47206.2,47269.9,0
1704793500000,47272.8,47280.9,47156.1,47230.9,0
1704858300000,47073.9,47386.4,47010.8,47263.6,0
1704869100000,47262.8,47423.4,47126.9,47336.1,0
1704879900000,47333.1,47405.5,47328.1,47359.4,0
1704944700000,47538.6,47662.1,47408.7,47468.9,0
1704955500000,47469.5,47595.1,47237,47432.6,0
1704966300000,47432.6,47464.4,47421.6,47445.9,0
1705031100000,47572.7,47784.6,47408.5,47664.6,0
1705041900000,47662.5,47873.7,47602.8,47659.9,0
1705052700000,47661.4,47755.6,47657.5,47724.6,0
1705290300000,47891.1,48129.4,47825.4,48084.9,0
1705301100000,48083.9,48199.9,48022.6,48148.6,0
1705311900000,48147.2,48248.1,48140.6,48223.6,0
1705376700000,48109.9,48305.4,48031.2,48214.3,0
1705387500000,48212.9,48265.8,48002.9,48125.4,0
1705398300000,48125.8,48138.9,48096.3,48111.7,0
1705463100000,46573.9,47212.8,46271.4,46381.1,0
1705473900000,46385.9,46466.9,45979.6,46122.1,0
1705484700000,46119,46125.9,46028.8,46083.5,0
1705549500000,45492.8,46180.6,45430.7,46170.8,0
1705560300000,46174.1,46184.1,45507.1,45699.9,0
1705571100000,45701.4,45778,45676.4,45762,0
1705635900000,46103.5,46249.9,45848.5,45912.2,0
1705646700000,45906.6,45944.1,45558.1,45692.5,0
1705657500000,45692.4,45748.4,45689.6,45735.8,0
1705722300000,45989.2,46069,45749.1,45911.2,0
1705733100000,45912.3,46183.7,45640.9,46075.1,0
1705743900000,46076,46129.4,46049.9,46108.8,0
1705981500000,46495.4,46580.3,45089.6,45143.9,0
1705992300000,45143.9,45362.9,44886.1,45029.8,0
1706003100000,45029.4,45066.6,44976.4,45006.4,0
1706067900000,44489.4,45485.5,44489.4,44709.1,0
1706078700000,44709.6,45148.2,44604.5,45108.4,0
1706089500000,45108.4,45146,45055.4,45074.7,0
1706154300000,45057.9,45136.1,44513.6,44558.6,0
1706165100000,44561.6,44909.3,44429,44872.4,0
1706175900000,44874.9,45139.1,44869.4,44988.5,0
1706499900000,45171.5,45660.4,45110.9,45497.6,0
1706510700000,45500.4,45554.9,45203.8,45493.1,0
1706521500000,45489.2,45538.6,45470.6,45499.1,0
1706586300000,45481.5,45678.7,45264.1,45454.3,0
1706597100000,45452.2,45492.5,45206.1,45395.8,0
1706607900000,45396.1,45409.1,45290.6,45319.6,0
1706672700000,45295.6,46179.8,45071.2,46046.4,0
1706683500000,46047.1,46137.8,45872,45990.6,0
1706694300000,45989.4,46025,45943.6,45974,0
1706759100000,46164.9,46185.1,45668.4,46098.9,0
1706769900000,46089.4,46306.9,45928.5,46146.4,0
1706780700000,46146.4,46253.6,46143.4,46206.9,0
1706845500000,46568.2,46892.4,46415.4,46744.5,0
1706856300000,46743.3,46755.3,45941,45963.8,0
1706867100000,45962.6,45977.8,45901.2,45954.6,0
1707104700000,45962.2,46040.1,45615.1,45911.1,0
1707115500000,45910.1,46048.6,45710.3,45834.9,0
1707126300000,45835.1,45864.4,45745.7,45756.6,0
1707191100000,45891.2,45932.1,45527,45793.1,0
1707201900000,45792.2,45801.8,45571.2,45669,0
1707212700000,45671.1,45784.1,45644.8,45774.4,0
1707277500000,45944.6,46062.9,45620.5,45709.6,0
1707288300000,45710.2,45848.1,45670.6,45848.1,0
1707299100000,45839.9,45939.2,45787.9,45916.4,0
1707363900000,45973.9,46181.2,45227.2,45481.2,0
1707374700000,45479.4,45533.6,44893.8,44979.9,0
1707385500000,44986.2,45108.7,44948.9,45105.4,0
1707450300000,44986.8,45488.9,44859.1,45387.5,0
1707461100000,45387.9,45717.5,45263.9,45617.1,0
1707471900000,45617.7,45713.4,45608.4,45706.6,0
1707709500000,45664.3,45748.5,44988.2,45050.9,0
1707720300000,45051.2,45096,44633.9,44838.7,0
1707731100000,44840.6,44933.5,44807.9,44887.8,0
1707795900000,45056.8,45461.9,44819.6,45082.9,0
1707806700000,45086.7,45750.4,44984.4,45521.4,0
1707817500000,45521.9,45564.5,45383.1,45419.9,0
1707882300000,45014.6,45480.5,44860.8,45396.4,0
1707893100000,45395.1,46170.4,45394.9,45785.4,0
1707903900000,45780.9,45953.8,45690.8,45920.6,0
1707968700000,46027.1,46100.6,45590.2,46051.6,0
1707979500000,46050.5,46256.7,45889.5,46207.3,0
1707990300000,46211.6,46297.7,46167.9,46266,0
1708055100000,46454.3,46485.2,46264.4,46451.5,0
1708065900000,46449.5,46693.4,46314.9,46353.5,0
1708076700000,46353.1,46381.9,46310.3,46369.8,0
1708314300000,46554.9,46692.25,46317.7,46622.05,0
1708325100000,46624,46717.4,46453.85,46515.95,0
1708335900000,46515.95,46578.35,46495.4,46556.1,0
1708400700000,46444.9,46980.7,46367.8,46932.15,0
1708411500000,46933.1,47128.35,46806.15,47094.2,0
1708422300000,47094.4,47136.75,47081.9,47126.65,0
1708487100000,47363.4,47363.4,46925.05,47138.9,0
1708497900000,47140.45,47319.2,46967.55,47060.1,0
1708508700000,47061.85,47073.05,46886.95,46933.6,0
1708573500000,46934.55,47024.05,46426.85,46575.4,0
1708584300000,46579.2,46955.65,46476.3,46906.55,0
1708595100000,46909.1,47010.6,46889.15,46944.85,0
1708659900000,47060.7,47245.35,46851.8,46992.3,0
1708670700000,46986.25,47084.7,46741.85,46819.85,0
1708681500000,46820.3,46853.3,46723.15,46768.6,0
1708919100000,46615.85,46893.15,46542.35,46583.75,0
1708929900000,46581.15,46805.4,46513.55,46562.25,0
1708940700000,46564.55,46590.3,46526.55,46565.6,0
1709005500000,46529.8,46604.1,46324.9,46454.35,0
1709016300000,46455.85,46722.25,46398.1,46585.3,0
1709027100000,46580.85,46626.65,46551.55,46613.85,0
1709091900000,46682.05,46754.55,46040.3,46235.15,0
1709102700000,46237.55,46279.55,45913.65,45962.35,0
1709113500000,45961.65,45963.45,45852.55,45910.55,0
1709178300000,45882,46154.2,45661.75,45889.7,0
1709189100000,45887,46329.65,45804.65,46155.05,0
1709199900000,46152.55,46322.6,46144.7,46277,0
1709264700000,46262.2,46969.55,46218,46911,0
1709275500000,46911.05,47334.85,46887.95,47313.5,0
1709286300000,47312.5,47342.25,47212.75,47255.95,0
1709351100000,47377.45,47438.6,47237,47294.55,0
1709361900000,47295.3,47314.5,47281.35,47294.6,0
1709523900000,47318.5,47520.9,47191.65,47309.3,0
1709534700000,47300.6,47529.6,47273.75,47484.8,0
1709545500000,47481.35,47486,47378,47425.65,0
1709610300000,47265.7,47429.25,47196.75,47382.9,0
1709621100000,47379.25,47737.85,47353.75,47583.35,0
1709631900000,47583.3,47611.1,47560.9,47582.15,0
1709696700000,47451.65,48155.85,47442.25,48035.7,0
1709707500000,48038.05,48161.25,47876,47919.95,0
1709718300000,47916.5,48021.55,47861.2,47959.85,0
1709783100000,48035.8,48071.7,47747.2,47836,0
1709793900000,47837.45,47975.6,47777.25,47857,0
1709804700000,47857.3,47858.95,47759.25,47788,0
1710128700000,47792.2,47853.8,47323.4,47345.7,0
1710139500000,47344.35,47422.3,47230.65,47343.65,0
1710150300000,47340.95,47340.95,47264.25,47280.25,0
1710215100000,47351.35,47812.75,46884.45,47266.05,0
1710225900000,47268,47491.95,47240.1,47266.3,0
1710236700000,47261.5,47306.65,47251.5,47277.3,0
1710301500000,47341.15,47468.7,47029.3,47069.95,0
1710312300000,47076.75,47163.05,46853.75,46861.35,0
1710323100000,46862.45,46991.35,46842.15,46895.2,0
1710387900000,46825.75,47231.5,46565.55,47128,0
1710398700000,47128.5,47192.8,46688.35,46799.6,0
1710409500000,46795.1,46845.4,46742.55,46834.7,0
1710474300000,46572.1,46802.55,46310.5,46365.2,0
1710485100000,46365.5,46711.7,46332.65,46561.95,0
1710495900000,46559.35,46673.7,46512.8,46542.05,0
1710733500000,46458.75,46699.85,46022.15,46589.45,0
1710744300000,46591.95,46739.25,46489.45,46554.15,0
1710755100000,46549.1,46628.65,46549.1,46617.9,0
1710819900000,46421.9,46602.35,46322.5,46419.9,0
1710830700000,46419.4,46480.5,46258.75,46373.95,0
1710841500000,46368.95,46387.65,46331.15,46333.1,0
1710906300000,46392.9,46570.25,45828.8,46282.9,0
1710917100000,46289.6,46655.55,46200,46316.95,0
1710927900000,46314.85,46412,46271.5,46370.2,0
1710992700000,46674.85,46990.25,46605.05,46625.2,0
1711003500000,46628.35,46778.05,46570.15,46704.5,0
1711014300000,46698.4,46713.05,46670.75,46679.25,0
1711079100000,46634.9,46948.5,46566.8,46859.75,0
1711089900000,46858.6,46974.15,46800.45,46845.1,0
1711100700000,46848.05,46867.65,46812.25,46849.05,0
1711424700000,46552.95,46788.35,46552.95,46680.75,0
1711435500000,46681.45,46752.1,46529.05,46609.35,0
1711446300000,46608.45,46647.5,46573.05,46623.45,0
1711511100000,46643.45,46946.55,46643.45,46792.55,0
1711521900000,46791.2,46827.35,46671.9,46787.4,0
1711532700000,46789.3,46956.1,46772.2,46851.15,0
1711597500000,46827.85,47350.2,46827.85,47207.4,0
1711608300000,47207.5,47440.45,46997.55,47036.7,0
1711619100000,47038.3,47167.25,47029.15,47146.75,0
1711943100000,47391.05,47642.15,47373.1,47547.7,0
1711953900000,47547.55,47591.5,47432.3,47583.85,0
1711964700000,47585.8,47646.8,47542.6,47558.7,0
1712029500000,47490.75,47707.35,47408.55,47598.85,0
1712040300000,47597.65,47663.1,47490.6,47531.35,0
1712051100000,47530.35,47582.3,47525.25,47562.6,0
1712115900000,47350.25,47625.95,47279.8,47623.6,0
1712126700000,47624.5,47676.95,47525.7,47626.55,0
1712137500000,47626.7,47663.75,47621.95,47661.1,0
1712202300000,48086.2,48254.65,47712.7,47849.7,0
1712213100000,47850.2,48145.7,47842.55,48051,0
1712223900000,48053.1,48139.9,48039.25,48126.2,0
1712288700000,48104.65,48290.45,47894.5,48266.4,0
1712299500000,48265.75,48554.5,48162,48518.55,0
1712310300000,48515.35,48557.4,48480.8,48520.95,0
1712547900000,48586.75,48629.05,48424.65,48563.85,0
1712558700000,48562.9,48716.95,48499.8,48605.85,0
1712569500000,48606.85,48608.5,48535.35,48565.75,0
1712634300000,48810.8,48960.75,48621.85,48907.5,0
1712645100000,48908,48929,48568.25,48737.15,0
1712655900000,48736.8,48771,48699.8,48710.45,0
1712720700000,48879.55,48966.95,48669.25,48889.6,0
1712731500000,48884.2,49057.4,48808.7,49007.45,0
1712742300000,49010.6,49010.6,48899.55,48912,0
1712893500000,48671.2,48882.65,48597.65,48786.65,0
1712904300000,48787.25,48797.35,48527,48572.15,0
1712915100000,48570.05,48579.35,48477.55,48528.6,0
1713152700000,48057.5,48255.5,47904.95,48065.8,0
1713163500000,48064.55,48071.3,47745.3,47770.2,0
1713174300000,47772.45,47807.3,47725.8,47757.35,0
1713239100000,47436.7,47571.3,47316.55,47468.6,0
1713249900000,47468.95,47525.35,47392.65,47524.25,0
1713260700000,47524.75,47609,47504.3,47598.25,0
1713411900000,47592.7,47829.75,47465.3,47614.95,0
1713422700000,47616.25,47718.1,46982.95,46995.9,0
1713433500000,46995.7,47174.05,46982.15,47131.8,0
1713498300000,46744.95,47045.4,46579.05,46966.3,0
1713509100000,46963.7,47653.95,46939.45,47628.1,0
1713519900000,47631.95,47668.7,47551.85,47614.15,0
1713757500000,48145.7,48146.3,47628.45,47825.7,0
1713768300000,47821.9,47962.65,47744.35,47959.95,0
1713779100000,47954.6,48009.55,47902.5,47994.85,0
1713843900000,48299.6,48302.7,47937.45,48047.6,0
1713854700000,48046.85,48088.85,47899.3,48003.1,0
1713865500000,48004.4,48009.4,47933,47935.6,0
1713930300000,48120.9,48235.2,48028.7,48200.15,0
1713941100000,48198.2,48246.2,48132.75,48176.55,0
1713951900000,48178.05,48208,48152.15,48195.35,0
1714016700000,47772.65,48348.05,47737.2,48161.75,0
1714027500000,48164.75,48625.45,48151.45,48482.8,0
1714038300000,48482.95,48504.55,48435.5,48497.3,0
1714103100000,48660,48679.65,48340.45,48400.85,0
1714113900000,48399.9,48508.85,48088.25,48154.75,0
1714124700000,48155.4,48352.55,48146.55,48284.3,0
1714362300000,48359.9,48979.1,48342.7,48952.1,0
1714373100000,48946.7,49473.6,48902.7,49462.15,0
1714383900000,49462.65,49464.6,49359.15,49380.65,0
1714448700000,49477.1,49672.85,49354.35,49562.6,0
1714459500000,49561.2,49974.75,49373.3,49410.25,0
1714470300000,49409.1,49409.1,49249.9,49291.35,0
1714621500000,49262,49529.35,49123.6,49254.35,0
1714632300000,49251.15,49344.9,49174.3,49242.65,0
1714643100000,49237.65,49265.6,49217.85,49243.55,0
1714707900000,49375.05,49607.75,48816.8,48914.45,0
1714718700000,48913.3,49130.75,48659.7,48940.9,0
1714729500000,48939.2,48997.25,48853.9,48877.85,0
1714967100000,49174.55,49252.65,48874.65,49080.8,0
1714977900000,49079.5,49091.15,48784,48898,0
1714988700000,48897.35,48954.7,48874.25,48931.85,0
1715053500000,48965.05,49023.5,48230.4,48286.1,0
1715064300000,48280.9,48457.45,48213.75,48305.3,0
1715075100000,48309.9,48352,48249.4,48275.6,0
1715139900000,48124.2,48223.05,47851.15,48084.15,0
1715150700000,48085.75,48173.65,47959.15,48017.9,0
1715161500000,48016.7,48105.5,47992.45,48101.6,0
1715226300000,47976.35,48258.65,47661.05,47849.75,0
1715237100000,47850.65,47910.95,47460.75,47465.75,0
1715247900000,47469.5,47520.3,47440.65,47515.45,0
1715312700000,47555.5,47868.7,47362.7,47651.85,0
1715323500000,47650.5,47670.9,47313.35,47424.05,0
1715334300000,47426.8,47455.25,47411.15,47440.85,0
1715571900000,47389.8,47508.55,46983.25,47313.15,0
1715582700000,47313.9,47831.65,47155.65,47727.45,0
1715593500000,47728.55,47841.6,47714.55,47784.9,0
1715658300000,47748.85,47908.95,47607.85,47792.2,0
1715669100000,47793.9,47937.25,47740.2,47859.2,0
1715679900000,47861.1,47910.3,47842.05,47872,0
1715744700000,47923.1,47957.2,47586.7,47681.1,0
1715755500000,47679.95,47734.9,47534.5,47718.2,0
1715766300000,47719,47730.95,47665.75,47710.8,0
1715831100000,47945.85,48001.9,47340.35,47833.35,0
1715841900000,47841.2,47998.95,47345.1,47973.7,0
1715852700000,47974.9,48052.9,47958.05,47977.4,0
1715917500000,47842.95,48185.7,47758.8,48040.85,0
1715928300000,48043.8,48163.2,48003.9,48130.85,0
1715939100000,48129.3,48188.65,48111.55,48121.35,0
1716003900000,48197.3,48227.05,48109.9,48194.3,0
1716014700000,48197.35,48222.35,48178.1,48204,0
1716263100000,47927.1,48218.7,47927.1,48170.75,0
1716273900000,48169.1,48259.75,48001.1,48030.85,0
1716284700000,48033.5,48055.5,47968.65,47989.85,0
1716349500000,48113.9,48114.05,47633.3,47717.95,0
1716360300000,47716.6,47851.5,47435.25,47826.75,0
1716371100000,47828.5,47959.15,47825.3,47906.05,0
1716435900000,47899.35,48463.3,47873.15,48428.55,0
1716446700000,48430.95,48829.7,48427.45,48802.2,0
1716457500000,48804.4,48826.15,48731.5,48737.05,0
1716522300000,48668,48976.7,48644.8,48851.8,0
1716533100000,48853.4,49052.95,48801.25,48976.05,0
1716543900000,48982.2,48999.2,48928.95,48948.9,0
1716781500000,49105.9,49524.65,49051.25,49520.75,0
1716792300000,49518.2,49688.85,49059.65,49312.75,0
1716803100000,49310.25,49324.65,49215.95,49280.2,0
1716867900000,49390.9,49511.15,49164.3,49172.7,0
1716878700000,49173.75,49327.75,49086.4,49151.9,0
1716889500000,49153.8,49171.4,49043.65,49060.1,0
1716954300000,48786.7,49022.6,48549.5,48620.6,0
1716965100000,48615.7,48670.75,48401.55,48525.7,0
1716975900000,48518.4,48624.9,48460.75,48563.05,0
1717040700000,48313.6,48919.9,48313.6,48644.1,0
1717051500000,48644.9,49044.6,48545,48637.25,0
1717062300000,48642.25,48838.65,48642.25,48822.85,0
1717127100000,48895.15,49079.05,48569.05,48688.5,0
1717137900000,48684.65,49108.35,48681.25,48966.3,0
1717148700000,48964.15,49122.55,48937.45,48967.95,0
1717386300000,50889.85,50990,50092.65,50852.05,0
1717397100000,50850.3,50965.6,50611.4,50955,0
1717407900000,50957.4,51133.2,50956.6,51106.05,0
1717472700000,50667.05,50667.05,46138.35,46701.45,0
1717483500000,46693.6,48083.85,46077.85,47035.8,0
1717494300000,47035.45,47600.75,46887.1,47206.25,0
1717559100000,47486.6,48000.6,46446.8,47673.3,0
1717569900000,47672.9,49362.9,47671.65,49065.2,0
1717580700000,49063.1,49100,48801.3,48847.1,0
1717645500000,49426.4,49672.75,49063.75,49231.15,0
1717656300000,49232.7,49380,48906.75,49326.4,0
1717667100000,49326.85,49367.1,49194.65,49330.9,0
1717731900000,49316.95,49932.15,49080.45,49832,0
1717742700000,49833.9,49943.2,49665.25,49777.75,0
1717753500000,49776.5,49849.05,49752.35,49806.6,0
1717991100000,49808.15,50252.95,49654.2,49861.3,0
1718001900000,49862.75,50099.2,49716.8,49818.35,0
1718012700000,49814.75,49826.95,49622.75,49689.65,0
1718077500000,49751.2,49937.1,49530.45,49801.4,0
1718088300000,49801.65,49970.3,49682.4,49732.85,0
1718099100000,49735.85,49740.6,49615.55,49652.25,0
1718163900000,49857.45,50233.4,49697.35,50023.5,0
1718174700000,50026.25,50042.45,49825.45,49925.6,0
1718185500000,49926.55,49953.25,49772.5,49791.6,0
1718250300000,50179,50186.45,49835.25,49939.25,0
1718261100000,49940.75,49984.8,49799.65,49821.05,0
1718271900000,49818.8,49920.6,49817.95,49889.3,0
1718336700000,49993.95,50102.6,49693.35,49980.8,0
1718347500000,49980.85,50087.85,49931,50026.25,0
1718358300000,50028.3,50038.8,49933.2,49981.5,0
1718682300000,50194.35,50348.25,49900.2,50309.6,0
1718693100000,50308.2,50432.1,50277.75,50430.35,0
1718703900000,50432.5,50562.15,50427.65,50479.3,0
1718768700000,50607.9,51255.95,50441.75,51113.75,0
1718779500000,51129.2,51957,51031.1,51377.25,0
1718790300000,51375.1,51478.05,51322.05,51450.1,0
1718855100000,51712.9,51798,51281.5,51664.65,0
1718865900000,51665.2,51842.2,51587.9,51770.3,0
1718876700000,51770.45,51826.45,51756,51760.75,0
1718941500000,51927.3,51934.35,51350.9,51467.45,0
1718952300000,51467.75,51797.8,51224.95,51628.2,0
1718963100000,51629.4,51669.15,51524.35,51557.5,0
1719200700000,51280.25,51718.95,51138.9,51616.7,0
1719211500000,51618.75,51783.95,51562.35,51737.6,0
1719222300000,51736.95,51768.8,51686.95,51709.65,0
1719287100000,51759.45,52188.25,51747.65,52087.85,0
1719297900000,52095.2,52669.3,52062.7,52627.9,0
1719308700000,52628.5,52746.5,52599.25,52630.15,0
1719373500000,52653.2,52957.95,52373.7,52885.05,0
1719384300000,52888.9,52988.3,52730,52837.55,0
1719395100000,52832.85,52898.7,52694.2,52694.5,0
1719459900000,52980.3,53180.75,52639,53010.35,0
1719470700000,53005.15,53035.2,52694.65,52805.15,0
1719481500000,52811.65,52882.9,52759.8,52759.8,0
1719546300000,52874.95,53030.3,52674.9,52740.1,0
1719557100000,52742.4,52752.1,52279.1,52289.05,0
1719567900000,52289.85,52334.9,52242.3,52323.7,0
1719805500000,52351.15,52607.55,52166.05,52549.55,0
1719816300000,52549.3,52656.15,52487.95,52613.4,0
1719827100000,52611.1,52630,52504.55,52521.45,0
1719891900000,52793.75,52828.45,52057.3,52142,0
1719902700000,52141,52251.35,51996.65,52164.4,0
1719913500000,52164.5,52200.7,52131.2,52148.1,0
1719978300000,52872.3,53256.7,52482.65,53078.35,0
1719989100000,53079.5,53191.3,53047.1,53110,0
1719999900000,53108.15,53145.4,53025.7,53042.15,0
1720064700000,53357.7,53357.7,52815.9,52942,0
1720075500000,52941.15,53188.05,52922.15,53108,0
1720086300000,53107.15,53123,53072.85,53083.75,0
1720151100000,52560.1,52817.85,52290.05,52551.05,0
1720161900000,52548.3,52732.6,52431.45,52685.8,0
1720172700000,52687.05,52715.05,52621.6,52633.15,0
1720410300000,52533.1,52710.8,52252.45,52283.65,0
1720421100000,52285.1,52518.25,52246.7,52400.55,0
1720431900000,52401.1,52507.8,52377.3,52470.05,0
1720496700000,52390.5,52626.6,52292.95,52560.8,0
1720507500000,52557.9,52603,52483.7,52567,0
1720518300000,52567.25,52607.65,52488.4,52521.4,0
1720583100000,52528.8,52528.8,52077.9,52153.75,0
1720593900000,52156.25,52238.55,52075.4,52174.4,0
1720604700000,52172.7,52234.5,52160.15,52217.3,0
1720669500000,52316.9,52400.3,51749.45,51882.85,0
1720680300000,51883.5,52343.3,51863.5,52287.6,0
1720691100000,52288.85,52335.2,52254.85,52305.65,0
1720755900000,52272.65,52794.55,52171.15,52551.5,0
1720766700000,52554.85,52637.35,52226.05,52228.45,0
1720777500000,52224.75,52350.65,52193.3,52348.7,0
1721015100000,52330.05,52516.4,52154,52358.3,0
1721025900000,52357.85,52662.25,52256.3,52448.95,0
1721036700000,52442.9,52486.65,52422.65,52484.4,0
1721101500000,52466.7,52619.05,52357.5,52436,0
1721112300000,52436.9,52513.85,52331.6,52407.5,0
1721123100000,52407.25,52454.35,52365.85,52399.95,0
1721274300000,52215.05,52668.8,52168.65,52427.85,0
1721285100000,52424.05,52782.75,52352.7,52630.1,0
1721295900000,52631.1,52653.05,52558.25,52559.25,0
1721360700000,52531.55,52586.75,52146.3,52344.1,0
1721371500000,52342.9,52384.4,52182.3,52277.05,0
1721382300000,52281.6,52287.45,52195.35,52222.95,0
1721619900000,52145.6,52427,51874.55,52263.55,0
1721630700000,52264.45,52332.55,52165.8,52309.8,0
1721641500000,52312.75,52332.55,52262.75,52328.6,0
1721706300000,52511,52547.55,51801.1,52163.4,0
1721717100000,52167.8,52197.25,51342.65,51752.3,0
1721727900000,51747.8,51778.5,51661,51757.15,0
1721792700000,51657.65,51944.65,51009.1,51071.15,0
1721803500000,51071.85,51515.55,50784.25,51314.45,0
1721814300000,51314.7,51462.15,51260.15,51429.75,0
1721879100000,50762.3,51006.1,50559.9,50839.65,0
1721889900000,50837.25,50936.25,50776.1,50897.9,0
1721900700000,50898.55,50898.55,50853.8,50886.55,0
1721965500000,50456.1,50987.25,50438.3,50878.85,0
1721976300000,50878.15,51345.45,50863,51321.25,0
1721987100000,51319.5,51398.6,51264.9,51352.75,0
1722224700000,51546.65,52340.25,51433.9,51833.8,0
1722235500000,51829.15,51866.9,51186.95,51311.85,0
1722246300000,51311.35,51395.05,51293.45,51389.6,0
1722311100000,51383.9,51784.6,51260.05,51689.15,0
1722321900000,51690.6,51957.75,51413.2,51462.35,0
1722332700000,51460.9,51510.85,51390.6,51426.15,0
1722397500000,51583.45,51661.85,51392.85,51475.9,0
1722408300000,51475.6,51583.45,51335.7,51547.45,0
1722419100000,51549,51663.1,51542.65,51620.8,0
1722483900000,51672.6,51877.15,51646.05,51711,0
1722494700000,51706.65,51723.3,51456.2,51571.65,0
1722505500000,51571.3,51639.15,51570.15,51606.45,0
1722570300000,51172.25,51568.35,51087.85,51469.9,0
1722581100000,51468.7,51608.7,51308.95,51341.7,0
1722591900000,51342.1,51401.05,51325.35,51337.75,0
1722829500000,50586.25,50747.55,49719.1,49992.95,0
1722840300000,49992.9,50221.25,49808.1,50081,0
1722851100000,50081.95,50113.1,50030.6,50056,0
1722915900000,50436.9,50688.8,49907.6,50188.15,0
1722926700000,50183.45,50199.6,49659.05,49735.15,0
1722937500000,49738.45,49797.55,49708.05,49770.2,0
1723002300000,50286.2,50292.45,49782.2,49883.6,0
1723013100000,49891.15,50165.45,49855.6,50140.95,0
1723023900000,50139.3,50254.5,50123.35,50226.45,0
1723088700000,50051.9,50407.15,49829.6,50405.45,0
1723099500000,50408.25,50440.75,50068.85,50151.1,0
1723110300000,50148.35,50170.2,50094.65,50109.45,0
1723175100000,50612.1,50707.75,50386.45,50543.1,0
1723185900000,50541.3,50632.35,50454.1,50470.5,0
1723196700000,50478.25,50490.85,50443.15,50481.8,0
1723434300000,50412.6,50792.9,50149.25,50641.1,0
1723445100000,50640.3,50830.7,50525.35,50591.75,0
1723455900000,50598.9,50607.95,50543.5,50578.55,0
1723520700000,50395.35,50559.25,50200.95,50260.8,0
1723531500000,50260.4,50268.55,49794.7,49803.8,0
1723542300000,49805.55,49868.45,49785.1,49853.7,0
1723607100000,49887.15,49959.25,49654.65,49756.15,0
1723617900000,49754.85,49800.4,49692.8,49701.35,0
1723628700000,49702.5,49763.7,49697.05,49746.4,0
1723779900000,50133,50415.65,49806.05,50370.05,0
1723790700000,50365.2,50603.4,50291.8,50529.3,0
1723801500000,50534.15,50541.55,50484.8,50510.95,0
1724039100000,50683.55,50728.25,50361.85,50453.45,0
1724049900000,50451,50470.9,50283.55,50359.05,0
1724060700000,50356.9,50432.3,50356.65,50418.85,0
1724125500000,50417.25,50959.05,50398.6,50940.35,0
1724136300000,50944.25,51025.6,50772.65,50773.9,0
1724147100000,50775.2,50803.4,50709.4,50719.1,0
1724211900000,50666.65,50764.45,50343.85,50561.4,0
1724222700000,50563.5,50718.75,50333.35,50681.65,0
1724233500000,50684.1,50772.45,50661.75,50737.7,0
1724298300000,50894.8,51042.45,50794.45,50972.65,0
1724309100000,50973.95,51080,50910.9,51002.45,0
1724319900000,51001.65,51004.2,50941.55,50952.65,0
1724384700000,51040.05,51117.85,50856.7,50998.8,0
1724395500000,50998.35,51031.15,50888.95,50922.15,0
1724406300000,50917,50965.3,50904.2,50961.35,0
1724643900000,51100.65,51317.85,51061.55,51204.3,0
1724654700000,51204.7,51279.9,51106.55,51153.85,0
1724665500000,51158.9,51176.9,51139.95,51163.35,0
1724730300000,51214.05,51404.7,50938.1,51306.5,0
1724741100000,51307.05,51392.05,51203.3,51290.75,0
1724751900000,51292.35,51296.6,51150.95,51171.5,0
1724816700000,51208.95,51239.15,51085.75,51212.45,0
1724827500000,51210.5,51260.75,51126.45,51145.4,0
1724838300000,51150.3,51158.9,51033.7,51049.55,0
1724903100000,51103.75,51304.05,51028.7,51262.65,0
1724913900000,51262.15,51368.95,50984.4,51127.25,0
1724924700000,51123.85,51195.4,51100.25,51166.8,0
1724989500000,51437.45,51454.55,51304.3,51428.25,0
1725000300000,51427.95,51466.55,51290.85,51356,0
1725011100000,51358.6,51371,51256,51319.55,0
1725248700000,51579.5,51579.5,51295.8,51353.95,0
1725259500000,51359.8,51554.8,51304.25,51443.25,0
1725270300000,51441.65,51457.3,51380.15,51431.8,0
1725335100000,51479.75,51501.3,51240.05,51373.25,0
1725345900000,51373.3,51750.1,51293.8,51726.25,0
1725356700000,51725.9,51733.15,51664.55,51690.05,0
1725421500000,51364.65,51503.55,51259.9,51420.85,0
1725432300000,51419.45,51461,51343.35,51414.6,0
1725443100000,51413.25,51431,51373,51390.6,0
1725507900000,51544.25,51636.75,51389.15,51463.35,0
1725518700000,51464.5,51512.95,51405.9,51491.6,0
1725529500000,51490.6,51497.75,51445.05,51445.05,0
1725594300000,51200.4,51380.05,50846.25,50897.4,0
1725605100000,50896.15,50953.4,50447.3,50574.4,0
1725615900000,50572.35,50648.55,50569.95,50627.8,0
1725853500000,50549.25,50891.65,50369.4,50687.85,0
1725864300000,50686.4,51192.75,50563.85,51112.35,0
1725875100000,51107.7,51130.95,51072.7,51126.55,0
1725939900000,51328.3,51329.8,50958.25,51211.45,0
1725950700000,51215.5,51366,51174.15,51267.1,0
1725961500000,51265,51320.85,51251,51277.65,0
1726026300000,51218.55,51420.15,51047.8,51181.1,0
1726037100000,51182.45,51207.8,50949.65,50962.1,0
1726047900000,50968.9,51094.5,50947.7,51094.5,0
1726112700000,51271,51307.05,51025,51201.15,0
1726123500000,51201.55,51878.1,51116.9,51855.05,0
1726134300000,51849.1,51854.85,51635.65,51668.05,0
1726199100000,51952.55,51952.55,51643.95,51884.4,0
1726209900000,51883.35,51994.1,51816.95,51957,0
1726220700000,51956.75,51974.6,51879.2,51896.6,0
1726458300000,52038.7,52193.15,51921.45,52065.6,0
1726469100000,52064.45,52208.7,52007.6,52143.7,0
1726479900000,52141.3,52176.2,52138.95,52153.85,0
1726544700000,52249.05,52284.6,52085.5,52216.3,0
1726555500000,52209.25,52271.45,52164.05,52174.25,0
1726566300000,52174.2,52194.8,52128.8,52144.65,0
1726631100000,52177.1,52795.35,52154.55,52773.8,0
1726641900000,52767.45,52954.2,52647.55,52794.45,0
1726652700000,52788.6,52792.8,52622.8,52633.1,0
1726717500000,52929.25,53353.3,52847.9,52977,0
1726728300000,52978.7,53110.35,52882.05,53053.15,0
1726739100000,53055.05,53102.2,53013.4,53045.15,0
1726803900000,53235.8,53639.65,53037.6,53598,0
1726814700000,53598.55,53864.45,53095.05,53826.8,0
1726825500000,53828.1,54066.1,53778.6,53937.15,0
1727063100000,53917.9,53994.6,53741.4,53954.45,0
1727073900000,53953.45,54197.95,53935.5,54080.75,0
1727084700000,54088.85,54120.55,54042.9,54076.3,0
1727149500000,54110.65,54158.4,53940.8,54021.4,0
1727160300000,54021.7,54247.7,53904.65,53978.6,0
1727171100000,53977.1,54028.55,53951.4,53971.25,0
1727235900000,53794,54083.25,53792.85,54026.45,0
1727246700000,54021.1,54141,53989.85,54108.7,0
1727257500000,54106.05,54141.3,54060.65,54135.75,0
1727322300000,54045.85,54242.05,54010.9,54233.9,0
1727333100000,54231.4,54467.35,54084.9,54324.6,0
1727343900000,54321.9,54356.35,54243.75,54281.5,0
1727408700000,54338.7,54338.7,54148.05,54184.7,0
1727419500000,54184.4,54188.15,53763.2,53833,0
1727430300000,53834.75,53876.7,53787.5,53834.3,0
1727667900000,53556.95,53726.4,53075.05,53103.15,0
1727678700000,53097.95,53141.55,52926.55,53000.45,0
1727689500000,52999.75,53019,52963.75,52989.7,0
1727754300000,52844,53235.25,52817.8,52987.1,0
1727765100000,52984.55,53020.15,52859.5,52912.8,0
1727775900000,52913.6,52993.95,52882.7,52980,0
1727927100000,52314.45,52582.95,52139.2,52187.05,0
1727937900000,52187.1,52193.4,51683.4,51858.95,0
1727948700000,51857.05,51898.75,51815.3,51860.85,0
1728013500000,51643.75,52356.2,51643.75,52353.35,0
1728024300000,52351.65,52358.35,51347.25,51488.5,0
1728035100000,51488.15,51561.3,51483.2,51555.75,0
1728272700000,51543.2,51784.8,51006.55,51117.9,0
1728283500000,51114.3,51495.45,50194.3,50401.5,0
1728294300000,50407.9,50671.45,50387.75,50617.8,0
1728359100000,50736.1,51104.15,50466,51012.5,0
1728369900000,51005.85,51176.05,50909.2,51017.15,0
1728380700000,51017.85,51094.25,51011.75,51075.85,0
1728445500000,51161.75,51707.15,50905.55,51086.4,0
1728456300000,51091.6,51231.7,50903.75,51014.75,0
1728467100000,51017,51108.9,51009.65,51088.2,0
1728531900000,51195.7,51444.6,51047,51393,0
1728542700000,51393.1,51659.45,51363.85,51531.5,0
1728553500000,51530.35,51535.8,51493.15,51533.4,0
1728618300000,51491.9,51560,51005.85,51087.9,0
1728629100000,51088.5,51246.5,51083.45,51159.55,0
1728639900000,51160.55,51194.5,51151.8,51189.25,0
1728877500000,51263.25,51792.25,51220.85,51752.15,0
1728888300000,51752.1,51839.45,51669.45,51798.55,0
1728899100000,51798.85,51893,51792.85,51879.05,0
1728963900000,51975.95,52022.05,51698.75,51873.35,0
1728974700000,51874,51962.3,51797.05,51905.85,0
1728985500000,51906,51990.7,51886.9,51945.4,0
1729050300000,51711.2,52031.6,51711.2,51867.65,0
1729061100000,51867.2,51923.25,51766,51810.9,0
1729071900000,51810.35,51825.65,51770,51796.4,0
1729136700000,51849.3,51930.2,51150.25,51302.25,0
1729147500000,51308.6,51355.8,51178.35,51295.15,0
1729158300000,51291.3,51346.8,51247.9,51269.55,0
1729223100000,51261,51855,51000.9,51763.4,0
1729233900000,51767.4,52199.45,51767.25,52065.25,0
1729244700000,52068.3,52155.25,52059.6,52138.7,0
1729482300000,52361.1,52577.5,51910.95,51915.5,0
1729493100000,51913.7,52123.6,51879.05,51997.85,0
1729503900000,51998.9,51998.9,51855.15,51857.05,0
1729568700000,52071.35,52257.3,51513.65,51629.95,0
1729579500000,51627.3,51770.45,51179.6,51239.75,0
1729590300000,51237.9,51312.15,51189.85,51271.6,0
1729655100000,51117.8,51551.55,51107.9,51197.05,0
1729665900000,51198.25,51300.6,51164.3,51222.65,0
1729676700000,51221.6,51259.55,51158.2,51241.8,0
1729741500000,51272.3,51781.55,51201.85,51608.35,0
1729752300000,51609.6,51648.35,51411.3,51539.85,0
1729763100000,51539.05,51582.75,51522.85,51565.9,0
1729827900000,51369.75,51501.05,50440.6,50613.5,0
1729838700000,50617.75,50828.9,50382.1,50795.65,0
1729849500000,50800.85,50888.95,50798.1,50854.7,0
1730087100000,51061.35,51586.9,51012.55,51569.15,0
1730097900000,51568.55,51589.15,51157.45,51296.1,0
1730108700000,51293.65,51359.55,51254.45,51328.15,0
1730173500000,51404.1,51765,51278.9,51759.5,0
1730184300000,51761.3,52354.85,51701.9,52345.4,0
1730195100000,52343.05,52349.45,52263.2,52284.85,0
1730259900000,51988.7,52220,51733,51960.6,0
1730270700000,51959.05,52191.85,51742.7,51782.65,0
1730281500000,51778.65,51899.4,51757.25,51849.2,0
1730346300000,51649.45,52005.6,51629.8,51640.95,0
1730357100000,51640.75,51644.7,51318.1,51452.3,0
1730367900000,51452.8,51579.1,51450.55,51555.6,0
1730454300000,51550.15,51825.5,51459.4,51771.45,0
1730465100000,51770.3,51795.65,51631.3,51675.2,0
1730691900000,51764.5,51764.5,51066.8,51102.65,0
1730702700000,51096.4,51236.6,51069.9,51218.95,0
1730713500000,51218.15,51260.8,51181.15,51227.2,0
1730778300000,51052.6,51443.7,50865.45,51029.1,0
1730789100000,51030.55,52289.55,50922.75,52192.9,0
1730799900000,52190.2,52209.65,52094.4,52105.85,0
1730864700000,52440.4,52493.95,52187.35,52395.95,0
1730875500000,52393.7,52409.8,52232.35,52294.55,0
1730886300000,52294.05,52396.5,52293.75,52384.55,0
1730951100000,52258.95,52377.25,51752.25,51869.3,0
1730961900000,51870.8,52063.1,51824.65,51894.45,0
1730972700000,51893.6,51941.2,51868.95,51891.9,0
1731037500000,51869.15,52007.15,51495.05,51550.8,0
1731048300000,51550,51862.15,51505,51550.7,0
1731059100000,51552.65,51586.35,51494,51532.15,0
1731296700000,51562.7,52177.7,51294.2,52091.2,0
1731307500000,52091.55,52109.5,51767.75,51940.8,0
1731318300000,51945.75,51958.55,51799.25,51812.35,0
1731383100000,52053.75,52169.05,51586.35,51725.35,0
1731393900000,51724.45,51765.1,51006.85,51100.75,0
1731404700000,51103.25,51205,51100.9,51120.6,0
1731469500000,51030.95,51353.5,50620.65,50665.85,0
1731480300000,50665.95,50853.6,49904.4,50072.15,0
1731491100000,50070.55,50340.15,50070.55,50290.5,0
1731555900000,50053.45,50561.8,49939.35,50353.75,0
1731566700000,50354.8,50357.7,50078.35,50187.95,0
1731577500000,50185.5,50244.5,50172.25,50239.2,0
1731901500000,50312.45,50408.1,50074,50387,0
1731912300000,50387.4,50445.8,50296.25,50390.35,0
1731923100000,50389.85,50434.25,50311.05,50361.85,0
1731987900000,50580.55,50963.1,50449.45,50883.3,0
1731998700000,50881.55,50983.5,50590.2,50611.25,0
1732009500000,50608.65,50661,50440.85,50466,0
1732160700000,50625,50652.15,49787.1,50459.45,0
1732171500000,50460.5,50531.7,50162.65,50373.4,0
1732182300000,50376.5,50476.3,50364.45,50448,0
1732247100000,50512.8,51032.7,50508.25,50951.8,0
1732257900000,50951.3,51271.5,50894.05,51141.1,0
1732268700000,51141,51151.7,51043.55,51098.55,0
1732506300000,52046.35,52295.6,51774.05,52243.6,0
1732517100000,52243.35,52249.85,51944.9,52195.35,0
1732527900000,52195.05,52331.1,52159.3,52199.4,0
1732592700000,52554.9,52555.5,51999.75,52113.5,0
1732603500000,52114.7,52231.85,52069.05,52212.6,0
1732614300000,52215.15,52231.2,52158.95,52178.5,0
1732679100000,52154.3,52392.15,52019.65,52331.45,0
1732689900000,52331.05,52444.35,52265.9,52302,0
1732700700000,52300.3,52317.95,52271.3,52302.55,0
1732765500000,52389.95,52760.2,52022.7,52153.55,0
1732776300000,52154.1,52224.55,51782.9,51912.85,0
1732787100000,51913.85,51987.95,51912.35,51983.4,0
1732851900000,51984.15,52170.9,51759.45,51889.6,0
1732862700000,51889,52122.55,51811.6,52044,0
1732873500000,52044.95,52095.25,51998.05,52023.85,0
1733111100000,52087.65,52119,51693.95,51794.45,0
1733121900000,51796.95,52197.25,51789.85,52118.95,0
1733132700000,52118.7,52123.7,52045.55,52118.35,0
1733197500000,52357.95,52748.1,52216.85,52635.8,0
1733208300000,52634.2,52780.9,52563.2,52684.8,0
1733219100000,52685.1,52720.55,52661.15,52661.15,0
1733283900000,52775,53195.3,52685.15,53018.6,0
1733294700000,53018.2,53387.1,52969.7,53275.9,0
1733305500000,53279.05,53294.6,53223.65,53235.9,0
1733370300000,53354.45,53507.1,52850.35,53484.5,0
1733381100000,53475.8,53888.3,53271.7,53659.6,0
1733391900000,53661.45,53671.6,53581.05,53606.75,0
1733456700000,53634.2,53868.5,53160.65,53631.3,0
1733467500000,53631.9,53664.95,53492.9,53532.25,0
1733478300000,53533.5,53572.05,53472.3,53493.2,0
1733715900000,53380.75,53775.1,53326.4,53632.4,0
1733726700000,53630.8,53667.5,53363.65,53369.55,0
1733737500000,53371.4,53446.85,53370.65,53420.55,0
1733802300000,53450.05,53596.4,53345.5,53526.4,0
1733813100000,53528.1,53600.6,53302.65,53568.2,0
1733823900000,53567.8,53624.05,53550.1,53611.1,0
1733888700000,53459.3,53648.05,53302.15,53559.25,0
1733899500000,53557.5,53593.15,53341.5,53429.65,0
1733910300000,53426,53435.1,53369.15,53392.25,0
1733975100000,53201,53537.45,53201,53248.2,0
1733985900000,53247.85,53298.9,53174.4,53215.6,0
1733996700000,53213.5,53265.65,53205,53224.85,0
1734061500000,53109.8,53229.3,52264.55,53019.9,0
1734072300000,53019.35,53640.85,52936.15,53606.25,0
1734083100000,53605.3,53654,53570,53630.55,0
1734320700000,53502.5,53738.9,53358.7,53363.65,0
1734331500000,53364.5,53675.05,53335,53574.7,0
1734342300000,53573.9,53588.8,53490.9,53490.9,0
1734407100000,53394.1,53515.7,52802.9,52839.6,0
1734417900000,52838.95,53038.25,52709.4,52806.65,0
1734428700000,52805.8,52860.3,52782.85,52789.95,0
1734493500000,52696.95,52827.6,52183.35,52218.75,0
1734504300000,52223.55,52339.15,52010.65,52096.3,0
1734515100000,52096.8,52225.6,52095.4,52205.45,0
1734579900000,51428.45,51789.85,51263.75,51683.55,0
1734590700000,51682.5,51697.2,51461.55,51578.6,0
1734601500000,51575.9,51621,51549.65,51610.95,0
1734666300000,51401.35,51629,51112.6,51366.1,0
1734677100000,51363.9,51363.9,50609.35,50688.35,0
1734687900000,50690.95,50915.35,50686.85,50872.45,0
1734925500000,51044.4,51417.35,51030.4,51275.65,0
1734936300000,51274.75,51340.45,51118.8,51334.7,0
1734947100000,51331.3,51353.15,51287.25,51306.9,0
1735011900000,51314.95,51382.1,51137.5,51231.35,0
1735022700000,51234.2,51313.3,51168.45,51199.15,0
1735033500000,51190.85,51306.45,51190.85,51288.75,0
1735184700000,51395.8,51740,51046,51150.9,0
1735195500000,51153.75,51193.6,50951.8,51164.25,0
1735206300000,51168.05,51266.2,51157.25,51213,0
1735271100000,51268.2,51628.45,51267.35,51340.45,0
1735281900000,51340.9,51388.6,51240.1,51291.95,0
1735292700000,51294.4,51371.55,51280.25,51347.75,0
1735530300000,51255.35,51979.75,51166.4,51872.95,0
1735541100000,51873.4,51895.75,50718.35,50942.3,0
1735551900000,50946.2,51091,50897.85,50899.9,0
1735616700000,50648.2,50929.4,50599.8,50774,0
1735627500000,50777.95,50945.55,50765.65,50876,0
1735638300000,50875.95,50906.35,50852.7,50884.3,0
1735703100000,50841.9,51169.05,50485.05,51059.8,0
1735713900000,51059.55,51321.95,51001.6,51047.6,0
1735724700000,51049.2,51122.95,51031.35,51096.05,0
1735789500000,51084.95,51350.15,50992.8,51126.6,0
1735800300000,51129.5,51672.75,51081.6,51604,0
1735811100000,51602.35,51626.15,51585.2,51605.85,0
1735875900000,51567.15,51671.6,51082.8,51271,0
1735886700000,51274.55,51316.05,50904.35,50968.85,0
1735897500000,50967.65,51025.55,50947.05,50974.25,0
1736135100000,50990.65,51026.1,49987,50185.1,0
1736145900000,50182.3,50217,49751,49855.5,0
1736156700000,49859.35,49986.45,49857.75,49960.2,0
1736221500000,50061.2,50415.85,49969.3,50341.85,0
1736232300000,50345.35,50447.6,50152.9,50211.6,0
1736243100000,50211.25,50230.85,50141.1,50183.7,0
1736307900000,50201.75,50246.9,49510.95,49520.8,0
1736318700000,49515.55,49979.05,49389.75,49845.45,0
1736329500000,49847.75,49868.25,49823.5,49836.15,0
1736394300000,49712.55,49798.1,49277.85,49357.8,0
1736405100000,49359.65,49531.8,49230.15,49501.45,0
1736415900000,49505.45,49557.35,49490.95,49552.7,0
1736480700000,49426.5,49483.15,48838.05,49057.85,0
1736491500000,49053.5,49131.85,48631.2,48636.4,0
1736502300000,48637,48793.75,48637,48779.8,0
1736739900000,48264.25,48606.35,48116.4,48282.35,0
1736750700000,48279.75,48334.7,47898.35,48036.2,0
1736761500000,48037.45,48118.85,48021.4,48050.6,0
1736826300000,48266.9,48806.5,48235.2,48531.4,0
1736837100000,48530.55,49007.35,48430.65,48727.45,0
1736847900000,48728.15,48910.75,48717.3,48884.6,0
1736912700000,48832.75,49083.65,48653,48920.4,0
1736923500000,48918.8,48933.9,48522.4,48735.7,0
1736934300000,48737.3,48784.05,48699.6,48783.35,0
1736999100000,49082.9,49428.1,49038.45,49282,0
1737009900000,49284.95,49459,49134.35,49304.9,0
1737020700000,49305.95,49390.75,49289,49386.4,0
1737085500000,48959.5,49047.2,48309.5,48513.35,0
1737096300000,48512.95,48610.1,48375.1,48521.9,0
1737107100000,48527.05,48585.35,48521.05,48553.85,0
1737344700000,48834.15,49374.85,48683.6,49311.3,0
1737355500000,49315.9,49650.6,49291.75,49386.95,0
1737366300000,49389.35,49389.35,49295.9,49334.55,0
1737431100000,49532,49543.15,48692.6,48934.6,0
1737441900000,48934.35,48961.8,48430.95,48580.95,0
1737452700000,48581.1,48639.3,48578.4,48626.1,0
1737517500000,48689.55,48741.75,48279.95,48321.65,0
1737528300000,48323.2,48781.75,48074.05,48768.65,0
1737539100000,48762.5,48775.8,48677.7,48766.4,0
1737603900000,48770.15,48892.7,48493,48613.45,0
1737614700000,48613,48802.4,48551,48591.3,0
1737625500000,48593.3,48604,48563.05,48595.85,0
1737690300000,48546.05,48833.8,48347.85,48804.95,0
1737701100000,48803,48858.65,48203,48352.95,0
1737711900000,48352,48399.95,48340.15,48349.4,0
1737949500000,47881.65,48273.05,47844.15,48161.2,0
1737960300000,48160.05,48319.2,47981.35,48111.2,0
1737971100000,48109.15,48111.1,47997.15,48026.3,0
1738035900000,48642.5,49125.7,48449.05,49116.75,0
1738046700000,49119.7,49247.15,48755.3,48861.25,0
1738057500000,48863.95,48939.4,48832,48886.6,0
1738122300000,48997.2,49165.75,48849.8,49052.95,0
1738133100000,49053.1,49187.6,48968.45,49157.65,0
1738143900000,49154.85,49199.65,49132.35,49163.1,0
1738208700000,49206.2,49360.65,49031.8,49238.75,0
1738219500000,49238.45,49383.95,49211.05,49308.8,0
1738230300000,49305.25,49426.2,49279.95,49400.5,0
1738295100000,49259.65,49412.65,49031.8,49388.85,0
1738305900000,49391.9,49674.8,49302.1,49598.6,0
1738316700000,49594.25,49647.8,49567.35,49614.4,0
1738381500000,49592.55,50009.5,49273.1,49286.45,0
1738392300000,49294.25,49669,48925.45,49514.95,0
1738403100000,49515.15,49527.95,49429.15,49520.95,0
1738554300000,49074.8,49286.85,48906.05,49198.55,0
1738565100000,49198.95,49373.45,49123.3,49222.55,0
1738575900000,49225.95,49235,49183.25,49224.05,0
1738640700000,49538.8,50021.35,49482.5,49848.05,0
1738651500000,49846.05,50206.6,49841.7,50192.25,0
1738662300000,50192,50198,50083.65,50111.65,0
1738727100000,50402.3,50493.25,50215.45,50342.25,0
1738737900000,50343.3,50522.15,50325.35,50354.75,0
1738748700000,50353.7,50354.3,50280.45,50299.9,0
1738813500000,50468.35,50553.35,50149.8,50273.25,0
1738824300000,50276.7,50410.65,50173.25,50374.7,0
1738835100000,50378.35,50447.1,50362.65,50427.1,0
1738899900000,50484.45,50641.75,50042.3,50114.25,0
1738910700000,50112.6,50217.9,49871.15,50180.85,0
1738921500000,50181.7,50248.35,50145.9,50204.35,0
1739159100000,50052.5,50155.65,49703.1,49822.55,0
1739169900000,49819.55,50049.1,49779.1,49987.7,0
1739180700000,49990.75,50007.5,49951.7,49968.65,0
1739245500000,49812.15,49906.75,49477.8,49550.5,0
1739256300000,49550.35,49600.2,49177.4,49415.2,0
1739267100000,49414.2,49436.1,49344.4,49358.6,0
1739331900000,49402.25,49539.95,48734.35,49376.6,0
1739342700000,49378.85,49702.35,49236.6,49518.8,0
1739353500000,49518.25,49552.1,49491.8,49526.55,0
1739418300000,49469.35,49836.1,49434.15,49698.75,0
1739429100000,49698.8,49743.6,49276.1,49356.8,0
1739439900000,49357.75,49388.55,49320.15,49342,0
1739504700000,49485.65,49592.95,48846.6,48865.1,0
1739515500000,48865.4,49243.05,48719.75,49109.4,0
1739526300000,49109.45,49122.1,49050.6,49057.75,0
1739763900000,48880.4,49037.45,48525.6,48788.95,0
1739774700000,48791.25,49286.55,48729.45,49275.4,0
1739785500000,49276.1,49319,49247.5,49279.9,0
1739850300000,49211.85,49328.55,48814.95,49012.65,0
1739861100000,49008.55,49158.25,48908.55,49085.8,0
1739871900000,49083.4,49099.85,49053.3,49064.15,0
1739936700000,48895.35,49628.25,48804,49511.35,0
1739947500000,49510.1,49607.9,49279.6,49579.25,0
1739958300000,49580.3,49580.35,49510.95,49519.5,0
1740023100000,49314.1,49455.8,49150.95,49235.5,0
1740033900000,49233.3,49397.2,49221.65,49342.55,0
1740044700000,49342.3,49344.5,49281.85,49289.7,0
1740109500000,49127.95,49306.55,48764,48944.7,0
1740120300000,48945.35,49069.65,48799.8,49007.3,0
1740131100000,49008.25,49011.2,48885.4,48908.5,0
1740368700000,48619.8,48745.95,48281.9,48521.9,0
1740379500000,48521.7,48748.4,48508.45,48655.1,0
1740390300000,48653.6,48689.75,48619.9,48657.25,0
1740455100000,48691.2,48862.15,48576.6,48651.95,0
1740465900000,48650.35,48706.25,48599.05,48619.6,0
1740476700000,48623.2,48638.75,48534.15,48591.1,0
1740627900000,48732.2,48972.55,48732.2,48875.6,0
1740638700000,48874.45,48909.4,48707.85,48736.65,0
1740649500000,48734.1,48736.7,48627.1,48641.5,0
1740714300000,48437.55,48574.5,48161.15,48416.15,0
1740725100000,48419.15,48499.75,48078.7,48351.35,0
1740735900000,48351.3,48351.3,48238.6,48262.5,0
1740973500000,48478.6,48574.7,47841.3,48053,0
1740984300000,48051.45,48258.45,48008.5,48111.3,0
1740995100000,48110.35,48162.5,48073.75,48159.85,0
1741059900000,47942.5,48355.7,47924.75,48163.2,0
1741070700000,48162.55,48374.9,48145.7,48234.2,0
1741081500000,48235,48314.6,48226.05,48289.3,0
1741146300000,48241.3,48657.65,48190.25,48600.7,0
1741157100000,48600.5,48617.6,48389.85,48478.6,0
1741167900000,48479.45,48508.4,48453.6,48506.15,0
1741232700000,48760,48839.1,48299.4,48542.15,0
1741243500000,48541.35,48681,48529.15,48634.95,0
1741254300000,48636.7,48653.75,48596.85,48608.45,0
1741319100000,48463.8,48709.05,48369.95,48483.75,0
1741329900000,48484,48607.9,48359.35,48513.55,0
1741340700000,48513.8,48516.6,48432.3,48453.85,0
1741578300000,48312,48599.15,48285,48437.5,0
1741589100000,48434.95,48584,48146.8,48235.8,0
1741599900000,48237.95,48244.05,48124.65,48168.25,0
1741664700000,47874.8,48021.35,47702.9,47814.1,0
1741675500000,47814.5,48029.05,47783.6,47864.25,0
1741686300000,47865.55,47896,47847.3,47885.6,0
1741751100000,47894.4,48222.15,47844.95,47941.25,0
1741761900000,47941.55,48150.6,47849.1,48054.75,0
1741772700000,48055.75,48086.4,48018.1,48055.75,0
1741837500000,48219.15,48352.45,48064.75,48153.7,0
1741848300000,48154.75,48240.3,48009.7,48082.55,0
1741859100000,48084.75,48092.25,48006.1,48024,0
1742183100000,48219.55,48481.35,48196.1,48458.05,0
1742193900000,48457.65,48457.9,48288.3,48359.3,0
1742204700000,48358.6,48376.05,48331.5,48347.05,0
1742269500000,48792.9,49104.15,48629.45,49089.4,0
1742280300000,49090.25,49314,48908.2,49303.1,0
1742291100000,49304.25,49400.3,49291.3,49375.55,0
1742355900000,49375.4,49755.25,49324.8,49689.9,0
1742366700000,49691.1,49807.55,49678.55,49705.45,0
1742377500000,49705.75,49752.95,49672.85,49727.1,0
1742442300000,49947.6,50035.75,49771.65,49855.75,0
1742453100000,49855.85,50155.3,49827.6,50042.05,0
1742463900000,50041.8,50071.4,49984.7,49993.8,0
1742528700000,49927.1,50532.65,49891.95,50423.95,0
1742539500000,50423.45,50652,50270.6,50576.75,0
1742550300000,50579.9,50672.15,50532.6,50570.3,0
1742787900000,50982.7,51769.8,50795.9,51596.1,0
1742798700000,51594.5,51777.5,51567.2,51671.25,0
1742809500000,51673.65,51801.15,51673.65,51769.6,0
1742874300000,51874.2,52063.95,51623.8,51715.65,0
1742885100000,51711.5,51787.65,51534.95,51615.55,0
1742895900000,51618.35,51649.95,51429.6,51480,0
1742960700000,51640.05,51875.8,51423.7,51473.9,0
1742971500000,51473.75,51504.15,51069.15,51239.2,0
1742982300000,51241.55,51241.55,51171.8,51179.75,0
1743047100000,51084.7,51678.25,51050.85,51615.05,0
1743057900000,51616.3,51714.35,51523.1,51536.1,0
1743068700000,51531.25,51671.15,51484.1,51534,0
1743133500000,51608.4,51812.55,51445,51587.45,0
1743144300000,51586.35,51839.1,51335.35,51594.6,0
1743155100000,51594.2,51595.7,51518.05,51538.75,0
1743479100000,51178.15,51683.85,50742,50859.5,0
1743489900000,50857.2,50963,50756.15,50838.25,0
1743500700000,50836.65,50874.3,50813.35,50851,0
1743565500000,50966.9,51276.1,50908.35,51246.4,0
1743576300000,51246.15,51380,51110.95,51362.1,0
1743587100000,51362.3,51404.2,51342.05,51372.75,0
1743651900000,50910,51528.1,50906.65,51477,0
1743662700000,51484.95,51661.6,51401.8,51613.55,0
1743673500000,51612.9,51619.8,51571.85,51581.55,0
1743738300000,51711.6,51893.6,51474.85,51661,0
1743749100000,51659.9,51706.15,51360.4,51557.9,0
1743759900000,51548.45,51558.25,51488.6,51515.25,0
1743997500000,49336.1,50426.25,49242.25,49289,0
1744008300000,49292.9,49958.2,49156.95,49907.45,0
1744019100000,49909.9,50041.6,49843.2,49985.95,0
1744083900000,50388.55,50793.7,50030.8,50548.75,0
1744094700000,50550.65,50771.5,50321.9,50494.2,0
1744105500000,50493.7,50607.65,50477,50575.1,0
1744170300000,50487.1,50496.9,49910.85,50129.3,0
1744181100000,50134.5,50306.6,50103.25,50248.85,0
1744191900000,50247.75,50293.4,50231.35,50283.75,0
1744343100000,50634.1,51206.25,50634.1,51203.65,0
1744353900000,51205.35,51244.7,50900.1,51005.8,0
1744364700000,51004,51037.2,50938.2,51007.55,0
1744688700000,52299,52400.6,51863.3,52327.6,0
1744699500000,52333.4,52398.6,52276.6,52358.75,0
1744710300000,52360.5,52486.35,52355.55,52415.15,0
1744775100000,52690.9,52821.05,52471.35,52771.55,0
1744785900000,52771.5,53153.95,52728.15,53087.6,0
1744796700000,53086.15,53164.45,53079.6,53109.25,0
1744861500000,53153.75,53814.8,53084.9,53797.45,0
1744872300000,53799.25,54407.2,53762.5,54259.2,0
1744883100000,54260.1,54332.25,54214.6,54252.05,0
1745207100000,54891.25,55433.6,54674.95,55386.25,0
1745217900000,55386.55,55461.65,55228.35,55285.15,0
1745228700000,55288.55,55346.25,55286.55,55295.5,0
1745293500000,55414.3,55961.2,55243.55,55728.4,0
1745304300000,55721.65,55818.25,55601.55,55666.9,0
1745315100000,55666.25,55669.4,55529.55,55559.2,0
1745379900000,56097.1,56098.7,55162.5,55263.3,0
1745390700000,55263.35,55443.4,55185.45,55395.4,0
1745401500000,55395.3,55398.9,55297.85,55318.9,0
1745466300000,55103.9,55550.45,55086.55,55347.4,0
1745477100000,55347.8,55400.35,55100.25,55225.15,0
1745487900000,55221.75,55231.75,55104.15,55130.9,0
1745552700000,55233.55,55350.55,54176.45,54377.45,0
1745563500000,54377.6,54911,54333.25,54694.65,0
1745574300000,54695.05,54696.5,54535.8,54552.45,0
1745811900000,54610.3,55390.9,54582.35,55349.35,0
1745822700000,55347.95,55577.4,55316.15,55422.4,0
1745833500000,55422.25,55446.6,55377.5,55428.1,0
1745898300000,55524.35,55957.75,55306.2,55352.25,0
1745909100000,55352.6,55548.45,55288.25,55392.55,0
1745919900000,55390.65,55400.15,55262.4,55301.1,0
1745984700000,55382.4,55478.25,55047.3,55131.4,0
1745995500000,55132.35,55283.95,55092.75,55136.65,0
1746006300000,55138.2,55146.95,54723.7,54961.45,0
1746157500000,55100.95,55691.95,55099.05,55173.75,0
1746168300000,55170.9,55290.75,54994.4,55177.6,0
1746179100000,55175.25,55183.1,55037.3,55055.15,0
1746416700000,55065.8,55345.5,54824.6,54875.05,0
1746427500000,54876.05,55081.15,54786.5,54904.9,0
1746438300000,54904.25,54963,54895.2,54907.2,0
1746503100000,54918.25,55036.95,54400.6,54515.05,0
1746513900000,54515.55,54583.25,54244.8,54284.45,0
1746524700000,54284.35,54290.4,54172.95,54183.85,0
1746589500000,54013.4,54672.9,53919.9,54337.5,0
1746600300000,54338.05,54605,54226.6,54597.65,0
1746611100000,54597.15,54684.3,54594.25,54632.95,0
1746675900000,54801.75,54937.25,54600.5,54743.1,0
1746686700000,54740.95,54849.1,54342.4,54467.8,0
1746697500000,54466.4,54470.05,54108,54141.75,0
1746762300000,53595.95,54054.8,53525.5,53716.3,0
1746773100000,53717.4,53738.25,53483.05,53589.5,0
1746783900000,53582.65,53676.8,53573.15,53674.05,0
1747021500000,54658.75,55392.75,54558.05,55150.55,0
1747032300000,55155.4,55377,55123.45,55325,0
1747043100000,55324.7,55466.3,55320.65,55411.3,0
1747107900000,55233.5,55499.65,54944.9,55171.35,0
1747118700000,55168.35,55211.55,54889.2,54929.7,0
1747129500000,54932.75,54984.65,54888.5,54964.45,0
1747194300000,55008.55,55208.6,54805.2,54842.85,0
1747205100000,54842.3,54845,54491,54808.15,0
1747215900000,54810.8,54898.8,54759.4,54860.55,0
1747280700000,54853.7,55019.05,54442.3,54711.7,0
1747291500000,54715.15,55490.55,54629.65,55362.55,0
1747302300000,55357.5,55375.9,55319.55,55336.7,0
1747367100000,55276,55418.9,55170.25,55263.05,0
1747377900000,55257.9,55394.7,55230.2,55363.1,0
1747388700000,55367.4,55376.75,55311,55350.8,0
1747626300000,55326.05,55671.5,55296.55,55591.7,0
1747637100000,55592.4,55695.55,55303.65,55417.1,0
1747647900000,55418.3,55450.95,55376.95,55400.65,0
1747712700000,55445.3,55568.35,55071.65,55122.2,0
1747723500000,55131.15,55209.05,54829.45,54910.25,0
1747734300000,54910.85,54934.3,54854.4,54932.35,0
1747799100000,55060.2,55336.85,54789.9,54813.25,0
1747809900000,54817.55,55112.45,54690.8,55066.9,0
1747820700000,55066.6,55097.45,55036.5,55065.6,0
1747885500000,54875.9,54936.85,54588.8,54644.8,0
1747896300000,54646.65,54996.1,54576.6,54937.65,0
1747907100000,54938.75,54989.6,54889.8,54963.25,0
1747971900000,54959.3,55432.2,54854.5,55236.4,0
1747982700000,55232.05,55441.3,55230.6,55391.25,0
1747993500000,55393.55,55426.1,55379.65,55389.6,0
1748231100000,55534.9,55875.75,55307.5,55531.1,0
1748241900000,55531.2,55611.1,55422.75,55577.1,0
1748252700000,55578.25,55612.65,55548.35,55559.35,0
1748317500000,55458.95,55831.35,55037.85,55598.8,0
1748328300000,55601.05,55623.1,55110.05,55386.55,0
1748339100000,55388.25,55406.1,55319.05,55352.45,0
1748403900000,55328.6,55521.8,55235.55,55318.5,0
1748414700000,55319.95,55506.85,55311.3,55407.75,0
1748425500000,55410.05,55454.25,55395.65,55447.55,0
1748490300000,55571.4,55725.35,55147.15,55191.45,0
1748501100000,55189.65,55594.85,55096.45,55591.8,0
1748511900000,55591,55782.75,55566,55746.85,0
1748576700000,55615.55,55704.25,55356.6,55431.15,0
1748587500000,55432.05,55813.3,55401.7,55755.75,0
1748598300000,55755.45,55778.9,55729.05,55755.7,0
1748835900000,55598.25,55787.1,55400.55,55726.1,0
1748846700000,55725.1,55966.3,55690.25,55918.3,0
1748857500000,55918,55921.85,55811.5,55862.05,0
1748922300000,56104.8,56161.4,55659.4,55680.05,0
1748933100000,55683.25,55727.25,55455.8,55600.95,0
1748943900000,55598.8,55635.85,55525.35,55540,0
1749008700000,55650.35,55791,55408.35,55686.05,0
1749019500000,55687.05,55738,55597.2,55666.3,0
1749030300000,55665.55,55693.6,55656.3,55665.55,0
1749095100000,55806.75,55972.5,55580.45,55963.25,0
1749105900000,55967.25,56010.15,55629.25,55770.2,0
1749116700000,55764.5,55841.5,55753.7,55809.75,0
1749181500000,55699.45,56650.2,55534.75,56591.9,0
1749192300000,56590.5,56695,56454.85,56571.15,0
1749203100000,56569.55,56594.05,56539.9,56584.8,0
1749440700000,57049.5,57049.5,56792.7,56933.55,0
1749451500000,56934.65,56981.95,56827.05,56851.3,0
1749462300000,56850.2,56857.45,56811.4,56846.2,0
1749527100000,56993.9,57015.4,56570.3,56610.1,0
1749537900000,56608.05,56732.55,56586.3,56647.35,0
1749548700000,56648.05,56653.8,56564.15,56579.55,0
1749613500000,56639.85,56780.45,56443.85,56743.25,0
1749624300000,56741.05,56782.5,56399.4,56454.75,0
1749635100000,56454.65,56473.25,56416.35,56438.05,0
1749699900000,56480.9,56611.05,56197.3,56257.95,0
1749710700000,56259.8,56333.55,55968.5,56076.9,0
1749721500000,56076.1,56081.2,55980.45,55997.8,0
1749786300000,55149.3,55591.85,55149.3,55471.8,0
1749797100000,55471.85,55688,55376.2,55546.85,0
1749807900000,55545.75,55581.35,55514.35,55577.1,0
1750045500000,55554.1,55842.85,55381.45,55809.3,0
1750056300000,55810.4,55961.55,55739.55,55957.35,0
1750067100000,55957.6,55999.85,55942.35,55973.5,0
1750131900000,55975,56067.3,55720.2,55728,0
1750142700000,55726.05,55769.75,55643.95,55742.45,0
1750153500000,55743.5,55743.6,55660.1,55678.7,0
1750218300000,55544.95,55933.6,55511.8,55776.2,0
1750229100000,55776.9,55858.95,55641.1,55823.25,0
1750239900000,55827.2,55857.85,55775.05,55802.85,0
1750304700000,55784.85,55942.45,55611.55,55653.9,0
1750315500000,55653.2,55710.35,55539.9,55565.6,0
1750326300000,55570.25,55597.9,55475.45,55497.05,0
1750391100000,55566.7,56199.55,55566.4,56165.75,0
1750401900000,56167,56295.3,56027.45,56240.95,0
1750412700000,56241.15,56328.2,56208.7,56216.5,0
1750650300000,55832.35,56061.5,55779.25,55914,0
1750661100000,55914.1,56233.55,55902.5,56058.6,0
1750671900000,56058.85,56085.8,56021.55,56034.55,0
1750736700000,56529.45,56862,56460.85,56826.2,0
1750747500000,56831.3,56840.35,56276.15,56457.65,0
1750758300000,56457.75,56506.65,56440.8,56471.4,0
1750823100000,56564.5,56664.9,56420.65,56564.55,0
1750833900000,56564.2,56681.4,56529.75,56616.95,0
1750844700000,56617.2,56629.7,56564.3,56591,0
1750909500000,56693.55,57076.95,56558.35,56997.75,0
1750920300000,57001.45,57252.55,56804.5,57187.85,0
1750931100000,57184.05,57263.45,57143.65,57161.9,0
1750995900000,57234.7,57381.1,56993.85,57352.45,0
1751006700000,57352.75,57463.1,57312.25,57451.95,0
1751017500000,57452.05,57475.4,57380.15,57399.95,0
1751255100000,57529.95,57614.5,57297.8,57496.5,0
1751265900000,57496,57524.75,57193.8,57332.15,0
1751276700000,57331.15,57341,57261.15,57318.55,0
1751341500000,57375.8,57423,57150.35,57283.8,121740812
1751352300000,57284.6,57533.85,57271.45,57441.9,144976288
1751363100000,57439.05,57501.3,57425.9,57442.7,23679598
1751427900000,57558.2,57628.4,57138.7,57158.3,94516283
1751438700000,57155.75,57177.65,56833.8,57017.05,68318626
1751449500000,57018.7,57019.5,56951.8,56972.15,16117544
1751514300000,57050.4,57193.25,56894.65,56989.75,79428653
1751525100000,56989.35,57116.15,56767.05,56794.15,62166899
1751535900000,56798.95,56832.6,56764.1,56772.75,16685179
1751600700000,56825.25,56938.75,56628.3,56639.05,51988417
1751611500000,56639.3,57057.5,56623.6,57045.55,36414131
1751622300000,57044.85,57075.1,56997.9,57044.8,9323611
1751859900000,56938.7,57152.2,56854.05,56909.95,54770741
1751870700000,56911.15,57029.5,56838.55,56947.1,45936685
1751881500000,56947.85,56965.35,56913.35,56918.5,8207530
1751946300000,56942.55,57258.1,56923.05,57103.45,51859788
1751957100000,57108.7,57293.45,57074.3,57271.35,50318613
1751967900000,57272.1,57303.3,57220.6,57240.85,10892405
1752032700000,57199.75,57233.45,57037.9,57197.45,46527714
1752043500000,57201.9,57290.65,57154.5,57218,41694405
1752054300000,57219.6,57230.7,57170.05,57171.6,9742844
1752119100000,57339.75,57363.7,57023.85,57058.9,51485057
1752129900000,57058.5,57203.35,56976.5,57002.25,43448787
1752140700000,57005.85,57046.65,56886.6,56956.95,15509621
1752205500000,56843.45,57091.05,56607.75,56661.25,41017391
1752216300000,56660.15,56837.95,56639.45,56760.8,50169323
1752227100000,56760.85,56764.75,56695.7,56712.85,10586196
1752464700000,56780.75,56896.3,56597.45,56659.45,63813983
1752475500000,56659.9,56830.65,56594.25,56764.85,55392437
1752486300000,56763.05,56791.1,56732.45,56763.6,10350170
1752551100000,56709.2,57134.95,56707.8,57054.95,75359549
1752561900000,57056.45,57117.1,56908.2,57038.35,43172876
1752572700000,57043.5,57076.8,57011.85,57049.6,13245695
1752637500000,57111.25,57175.15,56937.6,57109.95,72857644
1752648300000,57113.5,57276.55,57102.8,57179.05,82622713
1752659100000,57181.25,57195.15,57084.15,57108.4,14709147
1752723900000,57231.95,57262.85,56914.9,56955.8,71795612
1752734700000,56955.5,56960.7,56812.45,56854.25,55081080
1752745500000,56849.5,56852.2,56780.15,56805.1,14096242
1752810300000,56524.25,56705.15,56204.85,56275.85,83918078
1752821100000,56274.05,56431.95,56240.8,56280.8,52027542
1752831900000,56280.05,56307.6,56237.9,56253.7,13316578
1753069500000,56558.9,56827.3,56255.7,56777.9,82044050
1753080300000,56776.45,56967.55,56690.7,56953.05,51038506
1753091100000,56955,56983.45,56901.3,56916.75,11694123
1753155900000,57253.35,57286.15,56807.25,56882.6,77339338
1753166700000,56884.7,56969.7,56730.45,56769.5,47297799
1753177500000,56771.25,56784.9,56692,56721.75,15659781
1753242300000,56918.15,56957.65,56715.8,56939.7,57776334
1753253100000,56938.2,57249,56934.15,57212.9,68287266
1753263900000,57210.45,57219.45,57176.2,57191.65,10514851
1753328700000,57316.6,57316.6,56850.9,56905.95,52537158
1753339500000,56905.45,57151.05,56854.15,57074.75,120396201
1753350300000,57075.7,57086.7,57001.55,57033.7,16376781
1753415100000,57001.85,57136.75,56526.35,56547.7,74415603
1753425900000,56547.35,56610.9,56439.4,56551.9,41989182
1753436700000,56550.05,56553.55,56475.75,56520.45,11398727
1753674300000,56215.1,56578.4,56186.85,56361.05,85909400
1753685100000,56361.3,56414.15,55997.45,56074.5,53019548
1753695900000,56074.4,56113.35,56051.95,56053.3,12749867
1753760700000,55881.8,56148.95,55843.25,56037.2,68316888
1753771500000,56040.8,56296.4,55980.95,56205.5,73033668
1753782300000,56207.45,56279.3,56202.4,56230.15,12329050
1753847100000,56310.1,56321.15,56064.55,56233.15,64946253
1753857900000,56233.5,56292.75,56133.25,56140.85,70958451
1753868700000,56144.8,56160.9,56098.5,56114.6,11288927
1753933500000,55728.15,56121.75,55547.35,56091.55,97144167
1753944300000,56089.95,56406.2,55937.9,55967.65,82149339
1753955100000,55968.2,56005.55,55906.45,55992.65,14474477
1754019900000,55897.15,56097.6,55755.7,55807.2,43222566
1754030700000,55808.7,55923.05,55562.1,55591.55,45865729
1754041500000,55594.5,55658.9,55570.05,55636.15,15401415
1754279100000,55557.5,55752.45,55437.3,55635.65,76679424
1754289900000,55637.7,55721.2,55511.9,55613.65,50586707
1754300700000,55613.4,55656.95,55612.9,55643.95,10786841
1754365500000,55545.05,55648.15,55370.2,55492.55,66332108
1754376300000,55496.05,55518.95,55202.85,55398.9,40067135
1754387100000,55399.55,55410.45,55332.4,55392.5,11262626
1754451900000,55329.8,55507.2,55227.7,55338.65,48208788
1754462700000,55337.8,55559.4,55310.4,55397.25,67426953
1754473500000,55396.9,55470.8,55392.15,55422.25,8971466
1754538300000,55215.65,55364.7,55076.4,55172.4,51789680
1754549100000,55175,55551.8,54973.55,55513.4,41713488
1754559900000,55514.15,55614.8,55507.2,55591.35,8481083
1754624700000,55609.35,55652.6,55078.6,55114.1,45033833
1754635500000,55114.8,55272.25,54927.15,54985.55,49506115
1754646300000,54987.6,55023.9,54905.6,54925.45,9651890
1754883900000,54999.35,55319.7,54927.55,55167.85,58188634
1754894700000,55169.45,55553.4,55143.15,55518.95,41809042
1754905500000,55515.2,55582.15,55418.5,55423.55,9685270
1754970300000,55441.1,55566.7,55188.85,55265.2,33574433
1754981100000,55265.6,55408.75,55001.5,55043.05,38610861
1754991900000,55043.75,55085.75,55013.2,55039.35,8917070
1755056700000,55340.05,55340.05,55026.95,55099.6,40650864
1755067500000,55100.6,55271.9,55073.6,55172.8,37794457
1755078300000,55174.1,55207.3,55159.7,55189.05,8393216
1755143100000,55102.55,55472.8,55074.3,55328.65,39920528
1755153900000,55331.2,55442.8,55254.9,55340.75,33839717
1755164700000,55340.25,55355.9,55288.5,55318.05,9165163
1755488700000,55940.6,56156.3,55711.3,55714.75,61893718
1755499500000,55715.75,55845.6,55647.65,55727.4,40493337
1755510300000,55733.7,55765.85,55701.3,55745.55,8948168
1755575100000,55622.3,55915.35,55608.15,55905.5,40806611
1755585900000,55905.7,55965.55,55724.6,55856.4,45851483
1755596700000,55855.25,55888.5,55836.9,55849.8,8801719
1755661500000,55751.5,55812.6,55577.35,55654.75,36088970
1755672300000,55657.2,55785.6,55642.9,55696.2,31539459
1755683100000,55694,55728.95,55677.75,55702.1,6398115
1755747900000,55972.05,55993.65,55720.45,55786.35,33545730
1755758700000,55787.35,55894.65,55725.95,55741.7,35611687
1755769500000,55742.5,55756.7,55708.2,55733.9,7358599
1755834300000,55669.25,55745,55218.35,55314.8,41500943
1755845100000,55315.3,55360.2,55137.3,55163.85,36286853
1755855900000,55162.3,55170.3,55102.6,55152.45,9243035
1756093500000,55147.75,55306,55048.4,55183.2,40456096
1756104300000,55183.75,55260.2,55112.1,55121,39212100
1756115100000,55122.45,55192.35,55117,55161.75,8939551
1756179900000,54999.05,55068.9,54478.4,54609.9,37862463
1756190700000,54610.05,54643.5,54409.2,54421.05,63936410
1756201500000,54426.25,54478.8,54396.1,54416.45,21950623
1756352700000,54256,54382.25,53916.1,54188.1,60360465
1756363500000,54190.6,54204.9,53768.45,53827.45,60179497
1756374300000,53820.7,53956.8,53805.45,53894.25,13748265
1756439100000,53660.35,54086,53660.35,53991.65,47548476
1756449900000,53990.05,53991.7,53606.9,53609.25,42581899
1756460700000,53613.25,53748.35,53606.45,53692.85,13737921
1756698300000,53658.15,53988.25,53658.15,53788.95,41119025
1756709100000,53789.05,54017.7,53761.4,54002.95,28664399
1756719900000,54000.9,54035.85,53984.95,53993.4,8218119
1756784700000,54038.25,54160.95,53912.2,54016.95,32213943
1756795500000,54018.2,54093.8,53578,53670.2,38587765
1756806300000,53675.55,53691.1,53619.9,53627.25,6710537
1756871100000,53630.75,53866.75,53561.75,53750.95,41531754
1756881900000,53749.5,54136.15,53633.95,54096.1,45504149
1756892700000,54093.7,54100.8,54028,54071.75,13013260
1756957500000,54379.6,54450.55,54132.25,54181.15,48443454
1756968300000,54187.15,54273.95,53971.85,54041,59782303
1756979100000,54044.1,54111.25,54037.3,54101.1,11772913
1757043900000,54308.05,54308.05,53746.2,53800.2,40456725
1757054700000,53802.7,54172.45,53719.55,54093.75,33153613
1757065500000,54094.25,54127.7,54078.7,54098.2,6284910
1757303100000,54215.4,54329.2,54067.15,54303.8,36978903
1757313900000,54302,54518.7,54137.1,54184.85,33158326
1757324700000,54182.65,54257.85,54153.95,54222.3,6104515
1757389500000,54330.55,54350.65,54079.45,54127.25,43920441
1757400300000,54127.45,54291.95,54092.3,54225.7,39985063
1757411100000,54219.9,54241.4,54176.85,54228.2,9824953
1757475900000,54554.75,54705.2,54400,54596.55,65057086
1757486700000,54596.4,54629.35,54432.7,54552.9,42125905
1757497500000,54553.35,54565.5,54513.1,54532.65,9728743
1757562300000,54413.05,54649.85,54402.4,54642.5,46492065
1757573100000,54645.45,54757.45,54612.8,54651.3,41927410
1757583900000,54651,54693.35,54625.9,54644.6,8423817
1757648700000,54781.55,54852.25,54580.35,54799.3,36778958
1757659500000,54797.35,54839.9,54749.85,54812.6,35999877
1757670300000,54811.9,54826.1,54779.65,54784.55,7272266
1757907900000,54884.05,55018.7,54808.1,54987.6,31291323
1757918700000,54988.7,55006.25,54807.5,54889.85,33261184
1757929500000,54888.9,54898.05,54840.4,54852.7,7432397
1757994300000,54778.4,55159.1,54777.75,55109.35,46653287
1758005100000,55102.25,55178,55026.35,55141.25,40875992
1758015900000,55144.5,55185.45,55121.5,55166.8,11083366
1758080700000,55158.35,55397.05,55146.55,55368.25,66650103
1758091500000,55368.15,55540.75,55354.9,55497.25,75554034
1758102300000,55494.4,55501.35,55444.65,55480.85,13091802
1758167100000,55797.1,55835.25,55611.55,55752,73528796
1758177900000,55754.45,55777.7,55490.9,55732.6,51322150
1758188700000,55732.65,55764.7,55700.65,55716.5,9440421
1758253500000,55647.95,55688.75,55380.65,55444.25,85681428
1758264300000,55448,55536.1,55355.3,55465.6,73027385
1758275100000,55466.1,55507.3,55437.65,55494.1,31235395
1758512700000,55429.3,55666.35,55315.55,55541.15,59138260
1758523500000,55540.95,55619.5,55215.6,55273.65,49286064
1758534300000,55273.45,55320.1,55260.3,55280.7,10179279
1758599100000,55248.7,55367.6,55159,55317.9,61669896
1758609900000,55317.05,55662,55303.05,55512.5,94393576
1758620700000,55512.2,55561.35,55496.65,55555.65,15070248
1758685500000,55387.1,55511.1,55051.85,55156.7,94567354
1758696300000,55156.15,55283.75,55040.45,55144.35,61195347
1758707100000,55146.35,55157,55111.95,55131.4,13521272
1758771900000,55061.65,55252.8,54993.55,55069.55,64172412
1758782700000,55066.25,55276.65,54928.7,54944.9,77373738
1758793500000,54946.65,54977,54903.3,54950.95,16825738
1758858300000,54797.9,54897,54499.95,54560.55,64416243
1758869100000,54560.4,54630.05,54310.95,54394.55,53523677
1758879900000,54393.35,54422.2,54371.2,54417.35,9710085
1759117500000,54460.4,54686.05,54253.75,54279.5,56818921
1759128300000,54278.5,54672.05,54226.6,54471.75,109492970
1759139100000,54473.95,54586.45,54445.25,54541.35,50289549
1759203900000,54705.5,54793.05,54502.95,54670.3,90617649
1759214700000,54670.65,54771.15,54538.5,54665.45,93757892
1759225500000,54661.85,54686.4,54625.8,54679.75,22441942
1759290300000,54653.9,55394.35,54582.55,55290.4,84889103
1759301100000,55289.9,55406.75,55179.75,55312.2,76126948
1759311900000,55313.05,55390.45,55307.05,55386.65,11901747
1759463100000,55182.6,55579.85,55177,55531.65,74781185
1759473900000,55529.65,55616.45,55452.85,55582.8,63137531
1759484700000,55586.4,55608.4,55543.25,55596.95,18713737
1759722300000,55834.7,56066.85,55727.25,56065.8,88445763
1759733100000,56065.35,56164.2,55980.9,56113.15,62008821
1759743900000,56110.45,56113.85,56052.2,56087.6,10815383
1759808700000,56126.4,56431.35,56025.05,56391.75,72613897
1759819500000,56392.35,56502.45,56197.55,56214.35,65894909
1759830300000,56212.4,56248.35,56159.85,56215.6,14484923
1759895100000,56098.5,56303.6,55821,55947.75,68746103
1759905900000,55944.8,56225.8,55858.2,55990.5,52612957
1759916700000,55989.5,56025.4,55927,55938.35,11135422
1759981500000,55979,56286.25,55843.9,56167.35,54540573
1759992300000,56165.5,56276.5,56035.85,56170.55,51360643
1760003100000,56174.15,56210.1,56121,56124.35,10994963
1760067900000,56168.6,56661.35,56152.45,56617.15,82397445
1760078700000,56617.9,56760.25,56560.25,56603.25,66790005
1760089500000,56606.55,56649.75,56588,56620.95,13053630
1760327100000,56337.05,56683.3,56327.4,56600.25,60239140
1760337900000,56593.35,56770.9,56537.15,56609.15,52505078
1760348700000,56612,56649.85,56605.25,56633.1,9502401
1760413500000,56598.65,56721.3,56268.95,56294.05,66913694
1760424300000,56293.2,56552.15,56230.15,56502.45,51969279
1760435100000,56503.6,56527,56429.35,56478.55,9680774
1760499900000,56528.95,56845.75,56491.85,56726.5,49293430
1760510700000,56727.2,56922.7,56695.35,56812.2,59685246
1760521500000,56815.45,56850.5,56793.7,56818.5,13469055
1760586300000,57139.95,57225.35,56994.7,57134.25,73281666
1760597100000,57131.8,57525.8,57129.95,57405.45,62664769
1760607900000,57401.05,57448.45,57372.3,57373.25,11458841
1760672700000,57362.9,57828.3,57238.65,57763.4,66398364
1760683500000,57765.85,57830.2,57396.8,57698.6,65247218
1760694300000,57699.25,57751.3,57678.55,57724,14421036
1760931900000,57872.85,58242.5,57872.85,58192.6,186563508
1760942700000,58193.75,58261.55,57948.85,58045.65,130812182
1760953500000,58048.85,58075.6,58017.25,58051,19962746
1761029100000,58063.4,58155.55,57887.2,57908.5,38071719
1761191100000,58314.55,58560.6,58157.6,58532.5,165060822
1761201900000,58526.75,58577.5,58020.15,58030.8,106504630
1761212700000,58032.15,58091.8,57951.45,57981.1,16231126
1761277500000,58172.75,58232.9,57735,57861.6,71629369
1761288300000,57861.95,57915.15,57482.05,57709,50447055
1761299100000,57707.55,57750.45,57691,57741.5,9249155
1761536700000,57796.45,58195.95,57652.75,58161.3,73213250
1761547500000,58163.1,58179.6,57951.2,58053.9,57782125
1761558300000,58051.6,58224.55,58046,58198.6,21179007
1761623100000,58006.55,58313.8,57770.35,57914.55,108604102
1761633900000,57915.7,58253.6,57870.2,58244.35,125439250
1761644700000,58242.6,58305,58216.4,58271.55,20197447
1761709500000,58316.25,58372.55,58087.05,58307.4,81710322
1761720300000,58310.1,58469.9,58269.05,58367,55859852
1761731100000,58370.85,58419.65,58367.3,58399.05,12150117
1761795900000,58152.05,58331.2,58075.55,58159.85,65268385
1761806700000,58159.9,58282.55,57999.2,58024.55,140634680
1761817500000,58026.65,58067.1,58007.85,58067.1,15791032
1761882300000,57942.45,58254.95,57656.95,57955.65,164829581
1761893100000,57954.4,58002.5,57751.3,57765.45,119294603
1761903900000,57764,57808.35,57743.15,57778.75,22478121
1762141500000,57726.85,58125.95,57718.4,58042.3,124660226
1762152300000,58040.4,58247.55,57984.45,58104.7,65035126
1762163100000,58102.8,58147.25,58092.5,58116.25,13543028
1762227900000,57966.65,58119.65,57803.1,57897.25,73623054
1762238700000,57900.2,57983.7,57801.6,57843.65,79319762
1762249500000,57839.55,57851.9,57732.95,57778.95,14627003
1762400700000,57714.8,57945.05,57521.95,57596.05,90154146
1762411500000,57597.3,57762.55,57527.95,57545.45,61897468
1762422300000,57544.9,57594.5,57521,57573.95,15414684
1762487100000,57391.4,57816.15,57157.85,57692.7,70829579
1762497900000,57695.95,58001.35,57679.3,57869.2,59315071
1762508700000,57871.4,57940.95,57871.4,57903.45,11707854
1762746300000,57846.2,58077.8,57846.2,57986.05,53411537
1762757100000,57991.45,58097.2,57924.05,57938.75,55345191
1762767900000,57938.15,57966.75,57877.45,57893,11408861
1762832700000,57962.3,58082.45,57594.25,57850.95,50776527
1762843500000,57851.25,58167.4,57832.3,58142.9,55665646
1762854300000,58143.65,58187.35,58121.65,58148.05,12491660
1762919100000,58505.35,58507.7,58223,58322.3,63088614
1762929900000,58322.2,58471.6,58286.55,58297.3,69794035
1762940700000,58297.3,58298.9,58171.85,58211.45,15543518
1763005500000,58158.75,58615.45,58127.1,58595.45,58299655
1763016300000,58598.4,58615.95,58336,58371.2,52124280
1763027100000,58369.65,58439.85,58360.5,58387.5,9524724
1763091900000,58050,58467.9,58050,58341.5,48236290
1763102700000,58342.25,58578.5,58152.95,58552.95,50305206
1763113500000,58552.9,58590.15,58493.3,58535.9,14988999
1763351100000,58696.3,58979.85,58605.3,58921.95,89142132
1763361900000,58928.75,59000.5,58899.55,58957.35,53042272
1763372700000,58957.35,59001.55,58948.95,58969.2,14408656
1763437500000,58990.5,59049.1,58850.7,58985.6,68972030
1763448300000,58985.8,59103.65,58877.1,58880.4,61388423
1763459100000,58880.4,58912.25,58798.9,58835.85,14107205
1763523900000,58908.15,58952.75,58688.55,58925.9,57636690
1763534700000,58926.7,59264.25,58913.5,59225.65,77739427
1763545500000,59228.15,59232.6,59173.65,59207.95,13541259
1763610300000,59308.2,59326.65,59125.25,59231.1,56275182
1763621100000,59230.75,59440.1,59186.6,59350.9,51891351
1763631900000,59352.1,59376.05,59310.8,59343.9,10412633
1763696700000,59116.7,59232.15,58833.15,59027.5,61575325
1763707500000,59032,59149.95,58861.5,58887.25,50801944
1763718300000,58884.15,58912.35,58823.65,58851.85,8206860
1763955900000,58996.9,59309.9,58891.8,59206.45,53921436
1763966700000,59204.35,59279.25,58829.45,58836.65,89100111
1763977500000,58836.65,58857.8,58649.5,58731.05,46505358
1764042300000,58925.65,59063.5,58746.2,58958.3,48815074
1764053100000,58962.95,59166.15,58747.25,58825.35,73337592
1764063900000,58825.45,58851.6,58790.35,58810.8,14259566
1764128700000,58783.05,59515.3,58783.05,59465.5,71408055
1764139500000,59465.95,59552.95,59426,59538,56416227
1764150300000,59538.75,59554.95,59508.35,59527.15,10642109
1764215100000,59605.3,59866.6,59549.45,59758.2,63062271
1764225900000,59760.3,59850.15,59523,59722.35,61328850
1764236700000,59726.45,59782.2,59701.7,59764.15,12826516
1764301500000,59758.7,59897.5,59598.95,59794.6,50071423
1764312300000,59794.05,59836.85,59712.15,59739.6,37477482
1764323100000,59741.7,59776.95,59722.8,59730.3,12150183
1764560700000,60102.05,60114.3,59674.9,59702.45,58497737
1764571500000,59700.55,59815.95,59527.6,59715,52335749
1764582300000,59714,59715.4,59632.4,59697.15,10046575
1764647100000,59354.2,59656.55,59304.25,59504.25,111489560
1764657900000,59505.85,59586.8,59251.95,59294.15,75231330
1764668700000,59294.65,59347.1,59256.2,59347.1,17944131
1764733500000,59158.7,59356.75,58925.7,59158.5,85187358
1764744300000,59156.55,59414.9,59007.55,59378.45,63016776
1764755100000,59379.1,59398.25,59333.15,59333.15,17134031
1764819900000,59287.1,59548.7,59180.35,59250.25,50441217
1764830700000,59252.55,59314.5,59062.15,59283.45,48912958
1764841500000,59280.2,59335.55,59251.75,59272.7,9232352
1764906300000,59133.2,59679.35,59106.55,59520.15,67339687
1764917100000,59518.35,59799.15,59505,59778.95,41528710
1764927900000,59778.45,59806.6,59711.3,59735.8,9026657
1765165500000,59672.05,59713.15,59346.4,59363.25,46946544
1765176300000,59371.5,59406,59030.6,59249.55,70387193
1765187100000,59248.7,59258.35,59110.8,59147.3,13096981
1765251900000,58918.85,59284.85,58878.45,59249.7,60491999
1765262700000,59253.45,59358.25,59158.9,59217.35,61422008
1765273500000,59219.05,59230.95,59187,59212.1,14834809
1765338300000,59281.55,59440.9,58973.75,59046.5,47232942
1765349100000,59048.85,59091.9,58853.9,58963.7,46512655
1765359900000,58964.95,58979.5,58910.3,58938.3,10130211
1765424700000,58966.2,59417.4,58799.9,59345.5,51196107
1765435500000,59352.1,59423.35,59135.65,59201.1,37016259
1765446300000,59200.9,59225.3,59177.5,59204.6,7313416
1765511100000,59401.5,59545.7,59224.85,59382.25,49685698
1765521900000,59380.95,59439.95,59310.6,59408.1,47094589
1765532700000,59405.45,59426.15,59367.15,59396.8,10275832
1765770300000,59053.7,59516.85,59052.3,59459.75,60578851
1765781100000,59462.6,59533,59405.9,59469.9,50360519
1765791900000,59469.9,59473.1,59414.55,59444.7,11984616
1765856700000,59288.75,59335.25,58983.05,59072.85,53241534
1765867500000,59072.1,59169,58991.65,59018.8,56563891
1765878300000,59018.8,59030.5,58966.35,59010.6,12649134
1765943100000,59072.8,59127.2,58864.4,58899.55,66817636
1765953900000,58901,58954.3,58801.4,58921.05,52861378
1765964700000,58923.75,58988.85,58892.95,58961.5,11847977
1766029500000,58712.7,59176.2,58712.7,59166.65,44071458
1766040300000,59166.3,59211,58882.15,58933.9,44932323
1766051100000,58932.95,58938.7,58877.55,58905.25,7288460
1766115900000,59047.4,59134.75,58897.5,59007.5,51236379
1766126700000,59010.15,59140.55,58924.5,59080,91656056
1766137500000,59080.8,59083,59026.7,59046.8,35308294
1766375100000,59224.75,59371.2,59155.5,59281.2,57391642
1766385900000,59280.2,59339.45,59183.6,59313.5,40725823
1766396700000,59314.05,59316.05,59274.25,59284.1,15558594
1766461500000,59334.35,59402.35,59216.75,59275,40479213
1766472300000,59278.2,59370.15,59230.4,59328.7,42299360
1766483100000,59328.7,59331.25,59255.4,59276.55,8270479
1766547900000,59322.95,59478.15,59251.65,59343.35,36758128
1766558700000,59336.8,59364.5,59158.55,59201.75,37170356
1766569500000,59201.75,59211,59118.25,59135.4,8117539
1766720700000,59092.85,59180.65,58994.05,59045.85,37161449
1766731500000,59043.8,59073.3,58947.05,59011.55,29555881
1766742300000,59011.55,59033,58970.45,58994.45,5927093
1766979900000,59007.05,59140.4,58810.35,58841.95,45390238
1766990700000,58838.1,58997.1,58809.55,58928.5,49481492
1767001500000,58923.5,58963.4,58916.75,58953.95,11464559
1767066300000,58885.95,59076.1,58737.6,58872.05,59483031
1767077100000,58875.45,59251.45,58864.8,59196,159755363
1767087900000,59198.1,59272.7,59156.4,59253.95,76027397
1767152700000,59194.6,59527.1,59187.1,59514.6,58306940
1767163500000,59514.1,59766.2,59511.1,59584.55,51303596
1767174300000,59587,59637.2,59557.8,59619.35,12405932
1767239100000,59674.8,59743.2,59569.65,59628,34356658
1767249900000,59629.4,59735.8,59600.9,59691.1,30109913
1767260700000,59686.6,59721.75,59670.2,59707.55,7183363
1767325500000,59757.4,60147.2,59738.25,60145.4,62997414
1767336300000,60143.9,60152.35,59978.15,60110.85,45032028
1767347100000,60107.35,60203.75,60102.35,60174.75,15490879
1767584700000,60360.4,60437.35,60122.35,60250.55,69254739
1767595500000,60253.25,60272.2,59859.8,60051.25,50974607
1767606300000,60052.55,60056.05,59988.45,60055.5,13561967
1767671100000,59957.8,60305,59834.3,60230,75435136
1767681900000,60228.3,60251.8,60006.15,60136.8,57132859
1767692700000,60134.9,60141.35,60095.8,60095.8,11720181
1767757500000,60039.7,60065.4,59861.35,59906.8,94217979
1767768300000,59908.1,60026,59760.65,60017.5,68500588
1767779100000,60017.9,60026,59959.8,59976.85,14331444
1767843900000,59893.15,60112.85,59564.8,59701.15,89061067
1767854700000,59697.45,59827.6,59608.3,59688.3,58644927
1767865500000,59688.35,59691.6,59621.9,59676.7,13726030
1767930300000,59558.15,59739.65,59343.55,59352.5,82591897
1767941100000,59353.05,59388.4,59154.2,59268.45,53781214
1767951900000,59270.6,59273.15,59215.45,59269.35,9703305
1768189500000,59217.25,59322.15,58864.2,59072,68548133
1768200300000,59074.55,59540.95,59046.75,59424.05,58947734
1768211100000,59424.05,59541.1,59422.9,59534.05,8884014
1768275900000,59767.55,59767.55,59463.75,59541.85,60652456
1768286700000,59538.9,59652.8,59312.05,59575.9,68128231
1768297500000,59574.4,59607.75,59535.7,59542.35,12662453
1768362300000,59330.35,59708.6,59324.2,59577,74485679
1768373100000,59578.2,59796.65,59457,59564.7,91803454
1768383900000,59580.6,59586.25,59546.3,59575.8,15221146
1768535100000,59590.35,60160.85,59510.5,60084.35,116443083
1768545900000,60085.1,60120.5,59899.1,60074.7,126470203
1768556700000,60075.7,60235.15,60058.5,60110.5,23595707
1768794300000,60093.3,60107.5,59594.6,59769.65,109467229
1768805100000,59770.1,59989.25,59766.15,59910.5,145011516
1768815900000,59910.8,59919.4,59798.45,59829.9,14778583
1768880700000,59851.4,59993.5,59621.95,59702.1,99519526
1768891500000,59706.2,59727.1,59382.6,59388.45,93752724
1768902300000,59388.45,59452,59283.95,59372.3,21774599
1768967100000,59142,59447.35,58278.6,58773.75,93209594
1768977900000,58773.65,59270.2,58671,58778.45,72597627
1768988700000,58778.45,58821,58728.1,58741.2,13953574
1769053500000,59194.25,59573.1,58823.05,58989.65,86728019
1769064300000,58990.7,59238.05,58899,59215,88415275
1769075100000,59211.95,59310.35,59207.55,59257.55,13922579
1769139900000,59305.15,59400.15,58895.5,58931.65,70908232
1769150700000,58927.85,59124.65,58445.9,58517.05,84040024
1769161500000,58517.05,58554.1,58346.25,58501.1,22543241
1769485500000,58366.05,58859.2,58121.6,58741.05,113687421
1769496300000,58743.4,59220.3,58589.25,59153.45,114123046
1769507100000,59150.8,59436.8,59148.25,59348.25,28641475
1769571900000,59575.65,59699.9,59390.3,59554.85,92170838
1769582700000,59553.4,59624.25,59240.1,59574.35,67001371
1769593500000,59571.7,59619.75,59551.7,59574.8,17036869
1769658300000,59416.25,59765.7,59339,59718.1,96829166
1769669100000,59718.75,60060.7,59705.85,59909.05,170289179
1769679900000,59903.9,60017.2,59883.45,59980.4,44213836
1769744700000,59542.25,59906.9,59535.4,59815.2,88886904
1769755500000,59814.65,59864.5,59501.8,59614.05,98114106
1769766300000,59612.4,59687.9,59557.65,59577.6,31593481
1769917500000,59607.65,59865.7,59197.1,59261.15,50031953
1769928300000,59265.15,59273.95,57783.2,58482.4,69468457
1769939100000,58482.4,58485.7,58248.75,58353.75,13416311
1770003900000,58239.3,58519.95,57829.85,58250.1,107395587
1770014700000,58251.2,58635.9,58004.5,58604.6,67364181
1770025500000,58604.6,58687.05,58552.7,58602.5,15430267
1770090300000,61411.2,61764.85,59793.2,60165.15,149538212
1770101100000,60164.85,60191.85,59973.95,60035.2,89304733
1770111900000,60031.8,60107.95,59972.4,59986.7,20392324
1770176700000,60163.35,60327.1,59891.75,60235.9,61671393
1770187500000,60235.35,60389.4,60102,60269.9,62955400
1770198300000,60271.35,60288.5,60135.3,60148.1,15420588
1770263100000,60315.35,60328.3,59990.8,60013.4,60373275
1770273900000,60015.75,60121.55,59881.05,60082.45,63033618
1770284700000,60083.55,60087.15,60007,60055.25,15682386
1770349500000,59967.1,60119.95,59644.55,59887.55,60840818
1770360300000,59890.55,60143.3,59717.9,60132.4,56661503
1770371100000,60132.4,60149.9,60078.5,60112.8,12445241
1770608700000,60805.2,60876.2,60495.7,60629.7,95552267
1770619500000,60630.85,60685.2,60516.2,60665.75,69209410
1770630300000,60665.85,60700.35,60638.25,60666.8,14809812
1770695100000,60740.8,60787.95,60597.95,60732.4,60375960
1770705900000,60732.3,60797.55,60531.55,60634.4,76041659
1770716700000,60633.3,60655.15,60550.85,60568.25,13884172
1770781500000,60670.25,60751,60444.65,60651,80417807
1770792300000,60650.95,60779.95,60613.8,60773.65,76992272
1770803100000,60773.65,60777.3,60717.4,60743.95,13456526
1770867900000,60786.15,60864.4,60678.75,60711.05,88309364
1770878700000,60711.8,60844.8,60597.65,60750.6,69801184
1770889500000,60749.55,60761.95,60696.35,60707.8,14383844
1770954300000,60504.4,60621.9,60253.35,60301.95,68249645
1770965100000,60301.3,60409.4,60233.75,60247.85,74819183
1770975900000,60247.85,60263.25,60073.55,60169.7,24816053
1771213500000,59947.8,60498.5,59861.1,60477.3,52332135
1771224300000,60478.35,60990.75,60457.9,60931.5,49433676
1771235100000,60933.95,61011.3,60913.65,60993.85,10854566
1771299900000,60821.15,61177.2,60560,61137.5,90295233
1771310700000,61138.1,61241.6,61034.75,61158.15,77352837
1771321500000,61158.1,61200.35,61133.05,61144.15,13806011
1771386300000,61255.35,61309.3,61100.9,61285.2,68239727
1771397100000,61284.6,61596.85,61246.3,61554.3,62668078
1771407900000,61554.3,61571.85,61520.4,61520.4,20054840
1771472700000,61660.85,61678.8,61066.55,61069.8,50919794
1771483500000,61066.5,61156.6,60710.6,60723.65,68428926
1771494300000,60723.65,60741.15,60592.9,60660.75,14103175
1771559100000,60627.85,61224.8,60562.35,61176.55,68443672
1771569900000,61178.05,61360.5,60961.25,61176.35,71479088
1771580700000,61176.15,61204.45,61096.15,61140.35,18231317
1771818300000,61145.55,61517.8,61067.7,61152.6,602655014
1771829100000,61152.7,61291.35,61029.15,61269.25,136009608
1771839900000,61269.25,61305.85,61242.5,61275,25888900
1771904700000,61392.1,61435.65,61109.15,61222.7,185376490
1771915500000,61225.35,61225.45,60801.85,61024.45,263811950
1771926300000,61025.5,61117.65,61018.45,61072.45,33745502
1771991100000,61175.05,61317.55,61067.05,61085.3,115503014
1772001900000,61086.35,61151.7,60816.75,61039.4,92585521
1772012700000,61036.4,61067.6,60997.1,61012.35,24517551
1772077500000,61193.9,61249.7,60954.85,60957.35,142714157
1772088300000,60966.2,61284.75,60813.3,61187.3,163949550
1772099100000,61190.05,61219.95,61064.3,61097,50321396
1772163900000,61057.45,61086.45,60633.6,60719.15,81235367
1772174700000,60716.95,60864.7,60439,60526.1,112958346
1772185500000,60526,60558.6,60438.95,60482.45,51044304
1772423100000,59204.3,60177.5,59148,59723.65,103562505
1772433900000,59719.6,59909.7,59345.3,59906.85,98336492
1772444700000,59906.85,59956.7,59838.7,59856.05,19391490
1772595900000,58447.15,58996.95,58393.55,58482,115748537
1772606700000,58484.65,59058.4,58468.25,58723.95,90095854
1772617500000,58723.45,58777,58657.6,58759.65,17010054
1772682300000,59008.25,59141,58686.3,58781,75431102
1772693100000,58781.4,59274.35,58506.4,58926.55,92489207
1772703900000,58926.55,59040.25,58885.1,58970.25,16008033
1772768700000,58629.6,58807.15,58289.5,58331.75,83454294
1772779500000,58336.05,58364.2,57727.8,57747.55,73653808
1772790300000,57751.25,57798.8,57696.4,57782.4,23269464
1773027900000,56121.4,56274.15,55270.6,55687.85,142810012
1773038700000,55686.65,56094,55596.15,56082.5,85914506
1773049500000,56084.5,56097.5,55987.95,55998.6,13994838
1773114300000,56583.85,56990.9,56387.2,56780.05,125704816
1773125100000,56778.1,57097.05,56658.65,56925.55,96804850
1773135900000,56923.2,57071.35,56921.9,57002.1,21368000
1773200700000,56790.4,56938.4,56015.4,56110.45,74448654
1773211500000,56113.2,56165.7,55712.15,55741.8,77165005
1773222300000,55747.85,55797.7,55631.95,55666.4,25206845
1773287100000,55008.2,55372.65,54760.55,55232.95,92686844
1773297900000,55236.25,55636.95,54997,55064.75,95337462
1773308700000,55067.9,55151.95,55062.15,55133.6,19159467
1773373500000,54592.05,54713.75,53962.35,54079.45,99556761
1773384300000,54084.35,54107,53675.7,53781.3,101436523
1773395100000,53780.2,53788.15,53684.05,53770.9,18533317
1773632700000,53721.5,54170.5,53258.15,53692.3,101444186
1773643500000,53693,54664.15,53518.55,54492.55,130629786
1773654300000,54493.55,54496.1,54228.85,54287.75,17402969
1773719100000,54649.1,54695.4,54113.15,54392.55,75524727
1773729900000,54393.8,54996,54260.65,54961.65,87018507
1773740700000,54958.9,54960.1,54816,54838.75,16445369
1773805500000,54927.05,55332.55,54689.1,55226.1,72847569
1773816300000,55226.7,55554.15,55123.15,55342.8,60651547
1773827100000,55342.8,55348.05,55229.75,55324.5,12231532
1773891900000,53474.55,54110.55,53437.25,54040.7,179191156
1773902700000,54042.2,54150.3,53240.6,53382.25,108012197
1773913500000,53380.95,53699.85,53366.2,53693,17786822
1773978300000,53548.2,54382.45,53548.2,53833.85,123472927
1773989100000,53834.3,53966.15,53356.4,53383.85,116669132
1773999900000,53385.35,53457.65,53297.55,53453.85,35871596
1774237500000,52576.1,52665.3,51568.4,51708,103289065
1774248300000,51706.65,52041.35,51401.2,51410.75,119779756
1774259100000,51407.05,51491.4,51323.6,51446.15,24014417
1774323900000,52384.8,52495.7,51827.5,51993.4,91070610
1774334700000,51994.8,52949.15,51972.15,52548,117382689
1774345500000,52549.7,52753.1,52493.15,52745.65,21596196
1774410300000,53024.75,54096.95,53024.75,54090.05,112030037
1774421100000,54095.3,54146.15,53623.85,53676.15,111407446
1774431900000,53676.1,53735.95,53653.35,53689.95,16869165
1774583100000,53244.25,53292.5,52434.75,52492.15,107438636
1774593900000,52487.35,52707.9,52235.5,52309.4,160476396
1774604700000,52309.4,52364.35,52211.2,52364.35,59097882
1774842300000,51527.9,51624.5,50744.6,50931.4,231413822
1774853100000,50926.3,51008.95,50105.25,50297,255119292
1774863900000,50297.65,50443.6,50262.4,50403.35,75276882
1775015100000,51433.9,51806.25,51133.55,51644.55,181873739
1775025900000,51644.45,52025.85,51369.8,51418.4,152651917
1775036700000,51417.45,51532.75,51411.5,51526.1,24880283
1775101500000,50625.65,50646.15,49954.85,50133.3,139762693
1775112300000,50137.3,51730.4,50030.85,51674.35,167319444
1775123100000,51674.35,51731.95,51487.45,51556.2,30753136
1775447100000,51747.6,51879.65,51111.1,51659.2,173870712
1775457900000,51659.45,52693.9,51617.75,52676.45,152228686
1775468700000,52675.4,52704.55,52555.95,52585.35,27057896
1775533500000,52258.7,52349.1,51868.45,52174.95,126924673
1775544300000,52175.1,52778.2,52057,52684.75,122274769
1775555100000,52684.25,52756,52660.55,52706.15,29386544
1775619900000,54904.45,55552.25,54797.5,55419.3,262438753
1775630700000,55422.05,55754.25,55266.3,55678.9,137805723
1775641500000,55678.55,55778.25,55660.95,55757.75,35684762
1775706300000,55505.95,55583.1,55078.85,55230.85,144368563
1775717100000,55230.5,55244.15,54626.85,54884.25,126102822
1775727900000,54881.65,54887.45,54790.3,54820,25604484
1775792700000,55182.25,55930.45,55145.25,55767.35,142062719
1775803500000,55763.25,55978.5,55649.95,55921.9,112254501
1775814300000,55921.9,55957.2,55900.1,55929.6,25023837
1776051900000,54646,55213.35,54356.2,55209.8,151829662
1776062700000,55208.85,55752.65,55201.05,55639.4,125570499
1776073500000,55640.6,55644.75,55540.75,55571.85,22931857
1776224700000,56343.45,56786.25,56109.2,56326.5,143855372
1776235500000,56326.05,56430.9,56172,56297.35,96012075
1776246300000,56299.05,56300.95,56223.6,56258.85,24026285
1776311100000,56657.25,56834.25,56052.75,56146.2,221526623
1776321900000,56140.85,56324,55898.25,56069,150191174
1776332700000,56069,56089.15,55998.55,56036.4,28435395
1776397500000,56072.4,56375.5,55841.65,56311.3,134743624
1776408300000,56313.15,56628.7,56308.95,56570.3,111366829
1776419100000,56569.4,56625.6,56541.55,56625.6,42962858
1776656700000,56704.05,57085.1,56356.55,56868.1,356257511
1776667500000,56868.15,57011,56505.75,56625.15,186142285
1776678300000,56625.05,56625.05,56491.9,56551.3,46904260
1776743100000,56823.6,57321.7,56696.3,57280.55,135390089
1776753900000,57282.5,57456.3,57203.1,57399.6,116957654
1776764700000,57394.8,57429.35,57311.65,57351.8,27616199
1776829500000,57163.35,57438.2,57002.15,57320.85,143062654
1776840300000,57316.7,57397.5,57103.35,57108.4,96799443
1776851100000,57111.15,57127.4,57078.45,57114.9,20563866
1776915900000,56608.95,56868.7,56491.25,56570.8,136222719
1776926700000,56568.65,56590.5,56217.15,56272.45,170151193
1776937500000,56272.45,56318.5,56248.7,56314.15,27540297
1777002300000,56170.2,56460.5,55850.2,56115.5,122887753
1777013100000,56115.25,56172.75,55750.4,56074.55,94708994
1777023900000,56074.55,56191.45,56064,56097,21033757
1777261500000,56162.6,56474.95,55911.1,56065.4,123507137
1777272300000,56064.45,56412.6,56036.15,56294.55,92207977
1777283100000,56294.7,56307.7,56241,56302.1,18010909
1777347900000,55862.5,56138.05,55614,55666.5,134575084
1777358700000,55667.95,55739.9,55364.9,55385.6,123823161
1777369500000,55385.6,55450.35,55263.75,55415.35,31407070
1777434300000,55634.5,55998.35,55332.2,55992.5,145289319
1777445100000,55995.7,56178.75,55391.65,55395.95,139059929
1777455900000,55395.95,55402.5,55290.5,55329.85,27718194
1777520700000,54880.65,54896,54440.25,54685.85,139963230
1777531500000,54690,55111.6,54620.6,54818.85,120245192
1777542300000,54823.25,55026.7,54809.5,55003.25,36465515
1777866300000,54937.9,55602.3,54929.6,55073.45,155985202
1777877100000,55077.25,55162.05,54723.5,54892.8,102299672
1777887900000,54896.8,54947.95,54854.95,54896.45,23731784
1777952700000,54691.3,54718.55,54221.65,54316.65,97666397
1777963500000,54315.05,54888.55,54314.15,54602.2,256053469
1777974300000,54598.8,54626.95,54521.55,54550.85,25233914
1778039100000,55113.4,55344.95,54833.5,54857.1,289583131
1778049900000,54854.6,56020.55,54587.2,55940.8,304271889
1778060700000,55940.8,56078.8,55933.1,56039.3,55427028
1778125500000,56114,56148.45,55783.2,55984.35,251385497
1778136300000,55987.9,56334.15,55921.45,55963.85,167960810
1778147100000,55964.35,56111.25,55959.7,56094.9,40828105
1778211900000,55783.95,55797.7,55478,55503.85,140068447
1778222700000,55503.75,55562.55,55062.5,55322.75,235458483
1778233500000,55323.35,55369.85,55256.15,55325.4,48499463
1778471100000,54832.45,54922.55,54365.6,54805.55,115144646
1778481900000,54805.55,55002.45,54360.7,54382.8,146391451
1778492700000,54382.8,54484.8,54379.5,54478.1,22982457
1778557500000,54178.4,54365.45,53816.65,53857,84847257
1778568300000,53858.35,53921.65,53457.5,53502.65,87267039
1778579100000,53505.05,53713.4,53503,53705.1,17828161
1778643900000,53600.4,54029.8,53194.25,54027.75,93823911
1778654700000,54025,54103.9,53404.75,53511.4,72496192
1778665500000,53508.45,53512.45,53385.45,53475.8,13237216
1778730300000,53639.5,54219.9,53191.6,54163.85,95896242
1778741100000,54163.9,54393.75,54025.4,54082.25,93036971
1778751900000,54076.4,54247.05,54044.35,54217.7,12216527
1778816700000,54207.75,54325.45,53773.5,54098.8,97267786
1778827500000,54099.15,54319.5,53678.65,53712.35,82378636
1778838300000,53712.45,53802.5,53628.3,53782.3,17585218
1779075900000,53282.15,53308.4,52783.45,53111.45,79713486
1779086700000,53113.65,53667.55,53069.5,53509.2,106531366
1779097500000,53507.8,53546.5,53440.6,53527.55,15884620
1779162300000,53553.75,53770.65,53366,53647.95,91904764
1779173100000,53648.1,53683.9,53337.05,53430.2,83824265
1779183900000,53427.9,53455.8,53367.15,53421.25,15968054
1779248700000,53015.7,53410.65,52836.1,53233.9,71795058
1779259500000,53236.35,53640.9,53069.25,53594.55,62097114
1779270300000,53594.55,53621.7,53548.55,53576.45,15136606
1779335100000,53963.1,54109.15,53530.75,53605.6,62681508
1779345900000,53605.6,53613.95,53156.15,53408.55,70853981
1779356700000,53408.05,53480.65,53370.95,53480.65,12831787
1779421500000,53483.85,54100.1,53483.55,54042.75,57676201
1779432300000,54046.95,54213.05,53880.55,54064.05,62853299
1779443100000,54066.7,54193,54061.5,54152.2,12763473
1779680700000,54610.55,55122.15,54590.7,55017.55,93085634
1779691500000,55020.1,55312.5,54908.65,55295.85,61157868
1779702300000,55301.5,55405.2,55266.95,55390.3,18382516
1779767100000,55311.8,55536.8,55190.25,55209,78443036
1779777900000,55208.05,55250.3,54979.75,55098.7,88388285
1779788700000,55098.45,55204.95,55082.1,55180.6,15458990
1779853500000,54992.95,55221.7,54852.7,54995.2,71567514
1779864300000,54992.4,55112.2,54738.6,54846.15,83167734
1779875100000,54846.15,54915.45,54833.8,54871.7,19470540
1780026300000,54748.3,55184.45,54748.3,54861.65,92519860
1780037100000,54861.6,54900.45,54151.3,54198.3,349398169
1780047900000,54198.3,54389.7,54116.15,54364.6,234617600
1780285500000,54403.85,54582.75,53841.55,53938.35,62639728
1780296300000,53935.25,53953.1,53470,53665.55,78426056
1780307100000,53665.55,53693.15,53591.65,53658.9,27333945
1780371900000,53265.1,53511.35,53121.85,53242.5,89213845
1780382700000,53245.6,53933.55,53135.8,53749.75,116740203
1780393500000,53752.85,53823.55,53737.85,53813.6,15810179
1780458300000,53541.1,53638.85,53027.15,53093.45,72056305
1780469100000,53093.45,54299.35,53067,54149.55,124306449
1780479900000,54156.6,54271.2,54150.75,54247.05,19860409
1780544700000,53918.85,54396.4,53829.4,54308.25,88187051
1780555500000,54307.55,54461,53995.2,54308.75,85744436
1780566300000,54306.95,54360.95,54276.45,54330.6,14791423
1780631100000,54405.2,54865.5,54171.6,54625.3,114820774
1780641900000,54627.95,54684.3,54140.6,54496.5,71115257
1780652700000,54495.65,54564.9,54467.25,54519.7,21074947
1780890300000,53853.45,54455.2,53843.3,54240.5,90280194
1780901100000,54239.35,54421.85,54020.1,54107.25,61733784
1780911900000,54107.45,54117.55,53949.9,54007.35,13342599
1780976700000,54265,54890.35,54242.3,54852.05,137440879
1780987500000,54847.3,55318.35,54841.75,55207.95,131364617
1780998300000,55207.2,55270.15,55148.4,55249.15,21653975
1781063100000,55110.5,55513.95,55086.85,55481.55,106615555
1781073900000,55481.55,55555.85,55052.35,55053.75,102985199
1781084700000,55059.1,55126.35,55026.15,55104.3,22278141
1781149500000,54779.65,55459.65,54753.15,55456,103258687
1781160300000,55457.9,55600.15,55097.6,55193.9,107622519
1781171100000,55191.05,55244.15,55159.35,55214.65,22418608
1781235900000,55934.1,56016.8,55726.55,55824.7,100442305
1781246700000,55824.7,56867.1,55815.85,56829.35,102191644
1781257500000,56828.65,56839.4,56758,56805.5,32884639
1781495100000,57679.65,57804.5,57322.35,57350.55,102565264
1781505900000,57342.3,57399.2,57119.2,57186,62375647
1781516700000,57186.6,57236.5,57127.1,57162.85,13709955
1781581500000,57320.1,57399.7,57087.85,57128.2,60219455
1781592300000,57131.85,57338.75,57076.25,57314.2,74793008
1781603100000,57317.35,57320.7,57285.85,57293.65,11557024
1781667900000,57434.05,57646.15,57222.4,57545.75,81126652
1781678700000,57544.55,57609.65,57460.95,57581.8,81973780
1781689500000,57581.65,57613.3,57533.7,57571.25,12680278
1781754300000,57596.45,57906.6,57583.2,57844.2,74239261
1781765100000,57844.55,58021.25,57792.2,57995.65,73115536
1781775900000,57996.05,58014,57957.05,57987.25,14647351
1781840700000,57754.95,57804.9,57508.7,57566,53128373
1781851500000,57562.65,57789.9,57464.55,57686.8,66568128
1781862300000,57690.35,57724.1,57645.85,57714.85,21386060
1782099900000,57906.9,57963.7,57720.1,57883.4,61748144
1782110700000,57880.55,58009.1,57800.65,57950.5,63866093
1782121500000,57950.5,57956.45,57870.95,57890.75,15775050
1782186300000,57886.75,57970.9,57463.55,57519.05,69676000
1782197100000,57518.8,57562.75,57181.5,57210.7,96020914
1782207900000,57211.75,57215.8,57078.45,57102.65,25908971
1782272700000,57074.9,58128.65,57074.9,58022.8,141101524
1782283500000,58026.3,58256.35,57961.55,58111.35,114502576
1782294300000,58109.05,58196.3,58093.95,58172.7,26635140
1782359100000,58493.85,58700.8,58358.65,58673.35,136226891
1782369900000,58673.35,58706.05,58109.85,58193.7,120822991
1782380700000,58190.55,58230.9,58152.85,58193.2,38390186
1782704700000,58191.45,58318.05,57843.45,57860.2,186016763
1782715500000,57862.3,57963.75,57637.25,57716.05,249110886
1782726300000,57715.9,57896.75,57684.2,57828.05,90543249
1782791100000,58011.95,58011.95,57602,57704.45,173855132
1782801900000,57700.3,57795.55,57456.65,57560.45,163465604
1782812700000,57557.65,57714.4,57517.9,57690.6,59362401
1782877500000,57573.35,57994.65,57487.85,57972.6,119869631
1782888300000,57974.2,58134.15,57850.65,58037,112845347
1782899100000,58040.3,58046.55,57896.35,57918.3,26104477
1782963900000,58134.5,58396.1,57930.15,58041.6,119049124
1782974700000,58043.7,58184.25,57884.6,58043.7,125502875
1782985500000,58047,58057.7,57948.45,57967.85,27084308
1783050300000,58343.25,58343.25,57916.6,58023.05,195267716
1783061100000,58019.55,58049.6,57799.05,57947.95,107156387
1783071900000,57947.55,57977.55,57928.9,57973.2,21961334
1783309500000,57983.9,58472.65,57938.65,58453.55,159026692
1783320300000,58451.9,58477.3,58244.85,58309.45,99750710
1783331100000,58309.85,58312.15,58234.15,58263,23368133
1783395900000,58567.85,58581.1,58320.75,58407.8,114444323
1783406700000,58407.65,58425.05,58180.95,58202.8,116889988
1783417500000,58199.3,58214.25,58110.1,58134.5,27285544
1783482300000,57918.25,58075.6,57706.75,57792.2,115010582
1783493100000,57796.1,57899,56549.4,56722.6,158209314
1783503900000,56720.95,56857.25,56718.65,56826.8,29150989
1783568700000,56871,57464.2,56867.3,57275.25,100030734
1783579500000,57278.25,57421.65,57125.6,57223.25,109317509
1783590300000,57224.15,57330.75,57222.45,57322.7,20832844
1783655100000,57592.5,57993.15,57576.7,57855.9,77918864
1783665900000,57857.05,58251.95,57841.95,58044.6,134540350
1783676700000,58046.2,58072.85,58007.2,58052.15,22039585
1783914300000,57616.7,58070.15,57492.05,57900.2,96803979
1783925100000,57900.2,58219.9,57858.1,58116.2,90849770
1783935900000,58115.15,58139.1,58076.05,58117.6,21331341
1784000700000,57832.55,57840.05,57377.75,57495.65,93167943
1784011500000,57496.85,57544.95,57286.9,57471.15,91297751
1784022300000,57474.4,57483.05,57387.8,57448.5,20990423
1784087100000,57643.75,58148.8,57616.95,58079.85,85263050
1784097900000,58084.7,58118.6,57545.2,57774,127418768
1784108700000,57772.3,57810.85,57716.05,57719.1,17393072
1784173500000,57831.1,57931.3,57564.2,57612.55,75263279
1784184300000,57618.8,57704.45,57420.15,57590.15,76531557
1784195100000,57588.75,57629.6,57547.45,57602,18582899
1784259900000,57662,58185.85,57542.15,58103.8,88369752
1784270700000,58104.15,58530.85,57916.1,58481.15,133137838
1784281500000,58477.45,58596.85,58451.85,58576,29374075
1784519100000,57738.25,57963.55,57557.3,57673.25,313063247
1784529900000,57673.45,58111,57533.1,57953.35,186026214
1784540700000,57955.2,57975.35,57921.95,57975.35,35554831
1784605500000,57842.35,58228.65,57831,57887.2,160599677
1784616300000,57891.6,57984,57806.75,57814.85,122161695
1784627100000,57814.85,57853.55,57803.85,57817.6,23570731
1784691900000,57768.4,57824,57091.6,57091.6,168695830
1784702700000,57094.95,57175.15,56970.6,57158.15,108423233
1784713500000,57162.6,57178.9,57115.4,57122.1,30313269
1784778300000,56812.95,56925.4,56595.95,56621,87090964
1784789100000,56623.6,56653.9,56374.9,56573.85,71401522
1784799900000,56573.85,56607.6,56537.4,56563.35,19708493
1784864700000,56169.4,56401.1,56023.6,56337.05,94773957
1784875500000,56336.5,56831.45,56334.05,56682.65,96669644
1784886300000,56681.15,56763.05,56674.45,56755.4,25298475
1785123900000,57116.8,57330.05,56946.45,57076.35,247587548
1785134700000,57076.95,57177.95,56928.65,57082.9,115821978
1785145500000,57082.1,57123.8,57065.95,57115.95,30713990
1785210300000,56883.55,57054.2,56790.9,56976.25,129124046
1785221100000,56976,56998.7,56686.35,56698.55,104404095
1785231900000,56699.7,56867.1,56672.4,56718.75,47305878
1785296700000,57126.6,57264.3,56939.35,57255.2,91801752
1785307500000,57255.95,57315.95,57137.05,57215.25,67332832
1785318300000,57212.9,57219.85,57161.6,57193.6,15654802
1785383100000,57127.05,57129.3,56768.6,56869.35,78279666
1785393900000,56869.4,57193.15,56861.05,57151.9,91795302
1785404700000,57152.1,57236.65,57071.9,57102.9,31735578
1785469500000,57225.9,57411.25,57139.6,57237.75,63952129
1785480300000,57235.55,57382.15,57202.25,57276.2,71970766
1785491100000,57272.7,57276.75,57196.45,57214.1,21398669
1785728700000,57569.6,57853.3,57465.95,57809.85,77960889
1785739500000,57812.8,57823.2,57629.7,57680.9,68144501
1785750300000,57683.7,58247.95,57683.7,58247.95,5110142
1785815100000,58068.95,58068.95,57487.05,57542.65,83721384
1785825900000,57547.15,57589.95,57352.65,57492.75,77114784
1785836700000,57492.75,57907.2,57492.75,57907.2,6116906
1785901500000,57810.05,57931.85,57593.9,57685.45,129766945
1785912300000,57686.45,57697.55,57456.35,57631.25,102961905
1785923100000,57629.75,57739.95,57629.75,57739.95,4151736
1785987900000,57815,57960.3,57714.7,57936.85,74303145
1785998700000,57937.95,58076.85,57883.3,58014.7,128524387
1786009500000,58007.95,58063.65,58007.95,58063.65,6385378
1786074300000,57882,57964.2,57720.5,57726.95,70229769
1786085100000,57731,57994.45,57686.55,57782.95,104160589
1786095900000,57801.15,57801.15,57746.45,57746.45,4369906
1786333500000,57812.3,58015.85,57527.75,57682.1,90025783
1786344300000,57683,57714.5,57542.4,57606.1,77350555
1786355100000,57606.1,57686.95,57606.1,57686.95,3325474
1786419900000,57604.35,57607.25,57158.1,57280,70528735
1786430700000,57279.95,57450.85,57253.45,57368.15,85792737
1786441500000,57366.05,57446.25,57366.05,57446.25,4453724
1786506300000,57391.8,57783.7,57254,57498.65,151476945
1786517100000,57503.6,57850.75,57470,57772,112730799
1786527900000,57771.35,57885.85,57771.35,57885.85,4440814
1786592700000,57799.15,57799.15,57548.6,57658.8,68395474
1786603500000,57660.65,57675.35,57553.25,57591,70913574
1786614300000,57591,57635.25,57591,57635.25,4334943
1786679100000,57589.75,57681.45,57380.45,57457.55,75644298
1786689900000,57459.15,57608.8,57381.3,57459.1,65106007
1786700700000,57459.1,57491.1,57459.1,57491.1,3361322
1786938300000,57418.3,57482.05,57119.6,57220.55,61021508
1786949100000,57219.6,57757.25,57212.75,57711.95,90109209
1786959900000,57716.05,57716.05,57497.8,57497.8,3570777
1787024700000,57325.55,57584.7,57217.6,57350.55,66113643
1787035500000,57350.25,57414.9,57275.75,57314.55,57452378
1787046300000,57314.55,57314.55,57262.4,57262.4,2785244
1787111100000,57260.65,57356.85,57001.75,57065.2,74496095
1787121900000,57065.7,57304.35,57037.55,57156.9,60571351
1787132700000,57157.75,57239.75,57157.75,57239.75,3565872
1787197500000,57507.65,57702.95,57475.7,57613.25,73287479
1787208300000,57613.95,57680.55,57431.8,57448.6,58629950
1787219100000,57444.05,57495.9,57444.05,57495.9,2681654
1787283900000,57613.2,57772.45,57481.55,57654,80680244
1787294700000,57655.2,57723.35,57619.95,57647.65,61039416
1787305500000,57647.65,57761.95,57647.65,57761.95,4887310
1787543100000,57828.15,57873.75,57322.9,57379.75,72244142
1787553900000,57383.6,57437.6,57245.95,57419.45,71832549
1787564700000,57419.45,57525.95,57419.45,57525.95,3781165
1787629500000,57360.65,57653.85,57231.25,57462.35,87282353
1787640300000,57469.85,57489.2,57251.65,57455.8,104146208
1787651100000,57454.1,57514.2,57454.1,57514.2,6757392
1787715900000,57628.65,57996.05,57611.85,57937.6,99381993
1787726700000,57942.1,57975.35,57831.4,57876.8,66746963
1787737500000,57876.8,57876.8,57783.75,57783.75,3471553
1787802300000,57985,58012.4,57646.85,57677.6,89109613
1787813100000,57676,57796.95,57534.9,57569.5,99210802
1787823900000,57569.5,57569.5,57509.95,57509.95,3644456
1787888700000,57429.75,57596.4,57264,57356.15,84930128
1787899500000,57357.9,57479.2,57307.95,57434.55,75590169
1787910300000,57432.25,57496.3,57432.25,57496.3,3244572
1788147900000,57353.75,57576.25,57187.35,57395.35,113086075
1788158700000,57397.05,57546.4,57231.3,57402.45,133040144
1788169500000,57397.35,58024.95,57397.35,58024.95,60316164
1788234300000,57560.3,57766.25,57316.6,57635.9,88744088
1788245100000,57635.9,57668.2,57150.7,57261.4,103585903
1788255900000,57264.15,57409.6,57264.15,57409.6,4335693
1788320700000,57006.45,57221.1,56823.2,57080.1,97068446
1788331500000,57080.35,57162.45,56984.05,57087.4,93384620
1788342300000,57087.4,57172,57087.4,57172,5438287
1788407100000,57497.85,57753.6,57467.05,57597.25,105856690
1788417900000,57600.45,57613.05,57396.95,57427.4,100764757
1788428700000,57433.65,57433.65,57380.6,57380.6,5591040
1788493500000,57492.65,57677.15,57324.55,57555.35,63035050
1788504300000,57555.25,57639.75,57411.05,57437.35,65424099
1788515100000,57440.6,57440.6,57369.65,57369.65,4219407
1788741900000,57343.3,57343.3,57343.3,57343.3,0
1788752700000,57343.3,57426.85,57018.6,57106.7,56217926
1788763500000,57106.7,57184.95,57002.95,57056.75,68866435
1788774300000,57056.75,57088.3,57056.75,57088.3,1756631
1788828300000,56990.4,56990.4,56990.4,56990.4,0
1788839100000,56990.4,57044,56781.65,56844.3,62528103
1788849900000,56844.3,56877.6,56720.45,56765.85,74536445
1788860700000,56765.85,56777.55,56765.85,56777.55,8167854
1788914700000,56777.55,56777.55,56498.85,56498.85,0
1788925500000,56498.85,56630.45,56414.9,56483.25,91007358
1788936300000,56486.9,56743.05,56343.65,56379.6,87895559
1788947100000,56379.6,56379.6,56295.55,56295.55,6324172
1789011900000,56262.75,56575.15,56252.05,56502.2,95567975
1789022700000,56503.85,56526.15,56231.85,56255.85,81525449
1789033500000,56262.5,56471.95,56262.5,56471.95,5098107
1789098300000,55970.15,56263.05,55699.45,56095.25,87993782
1789109100000,56099.6,56645.85,56075.5,56625.9,259584075
1789119900000,56625.9,56625.9,56606.55,56606.55,9123196
1789443900000,56884.25,56996.35,56110.8,56153.05,131732733
1789454700000,56152.15,56248.05,55867.6,55908.95,109212432
1789465500000,55908.95,55908.95,55794.75,55794.75,7583797
1789530300000,56007.65,56316.1,55812.2,56180.8,212991735
1789541100000,56180.4,56368.7,56139.8,56230.15,111866052
1789551900000,56226.75,56292.45,56226.75,56292.45,8512813
1789616700000,56126.6,56570.45,56055.45,56357.25,104237906
1789627500000,56367.65,56404.55,56038.5,56141.15,78739673
1789638300000,56137.45,56137.45,56055.75,56055.75,3573469
1789703100000,56172.85,56326.95,56073.55,56199.9,76181011
1789713900000,56199.9,56497.45,56173.55,56360.2,98866673
1789724700000,56360.2,56360.2,56358.7,56358.7,61973584
1789962300000,56361.9,56510.95,56269.55,56453.1,75157135
1789973100000,56453.2,56668.2,56394.25,56494.9,77268002
1789983900000,56494.9,56494.9,56470.65,56470.65,3983773
1790048700000,56489.9,56671.1,56215.25,56265.6,65724290
1790059500000,56266.2,56394.95,56106.95,56280.95,59642301
1790070300000,56280.95,56280.95,56215.55,56215.55,3899663
1790135100000,56209.65,56623.8,56209.65,56573.4,119712045
1790145900000,56574.4,56623.05,56465.4,56542.85,77886250
1790156700000,56542.85,56548.9,56542.25,56548.9,4416575
1790221500000,55710.6,55918.4,55505.85,55572.9,147343296
1790232300000,55566.75,55661.6,55341.2,55464.45,106354729
1790243100000,55464.7,55464.7,55438.5,55438.5,5428913
1790307900000,55373.75,55653.4,55373.75,55594.65,62623036
1790318700000,55594.2,55762.6,55424.3,55522.5,79613894
1790329500000,55522.5,55580.4,55522.5,55580.4,2623341
1790567100000,55347.8,55390.1,54494.4,54592,138154323
1790577900000,54594.25,54651.85,54437.7,54467.7,115582121
1790588700000,54467.7,54471.65,54467.7,54471.65,3144067
1790653500000,54283.6,54405.3,53785.7,54362.6,153207344
1790664300000,54361.95,54393.45,53977.55,54364.9,134086196
1790675100000,54364.9,54364.9,54259.95,54259.95,94939748
1790739900000,54175.9,54915.65,54174.3,54878.4,126227785
1790750700000,54877.1,55135.5,54629.55,54706.75,136789607
1790761500000,54706.75,54706.75,54633.05,54633.05,17282868
1790826300000,54583.05,55091.45,54555.1,54843.55,148670057
1790837100000,54843.3,54875.7,54066.6,54565.1,146497509
1790847900000,54565.1,54565.1,54450.75,54450.75,6208410