datetime,open,high,low,close,volume
1788493500000,57492.65,57545.5,57470.75,57478.7,1388734
1788493530000,57484.65,57494.4,57456.7,57462.5,429701
1788493560000,57465.75,57491.65,57455.85,57491.65,530960
1788493590000,57489.6,57499.5,57470.15,57477.9,502751
1788493620000,57475.35,57484.2,57406.35,57417.3,544938
1788493650000,57412.45,57419.7,57389.9,57400.85,467076
1788493680000,57397.65,57401.15,57367.85,57400.8,434299
1788493710000,57396.9,57440.9,57395.85,57440.9,287792
1788493740000,57441.3,57451.15,57426.25,57437.8,275965
1788493770000,57439.5,57441.4,57417.85,57427.2,609703
1788493800000,57426.05,57429.9,57381.65,57399.2,434137
1788493830000,57398,57403.25,57380,57380.3,295969
1788493860000,57381.65,57392.05,57369.65,57385.4,217675
1788493890000,57387.45,57403.35,57387.45,57403.3,260929
1788493920000,57404.3,57417.45,57400.9,57411.6,309271
1788493950000,57412.1,57412.6,57386.85,57400.35,310005
1788493980000,57404,57418.4,57395.9,57414.6,241717
1788494010000,57417.3,57418.45,57403.35,57415.65,210762
1788494040000,57418.9,57429.85,57410.55,57426,258910
1788494070000,57429.2,57431.35,57412.45,57419.85,163991
1788494100000,57426.15,57435.2,57420.45,57430.25,131530
1788494130000,57431.4,57433.95,57418.5,57419.15,200030
1788494160000,57425.35,57425.35,57397.1,57407.4,149677
1788494190000,57406.85,57406.85,57384.5,57385.75,174718
1788494220000,57388.55,57390.55,57372.2,57375.85,329555
1788494250000,57377.25,57380.5,57350.75,57352.8,227893
1788494280000,57354.6,57356.6,57324.55,57333.45,389729
1788494310000,57339.8,57356.05,57336,57346.4,98819
1788494340000,57349.85,57352.4,57335.1,57350.55,183815
1788494370000,57348.5,57362.4,57346.35,57350.9,190741
1788494400000,57355.25,57383.75,57354.85,57371.55,662544
1788494430000,57375.1,57382.2,57369.95,57374.35,250772
1788494460000,57380,57380,57350.5,57359.05,154587
1788494490000,57359.4,57378.6,57347.8,57374.8,366213
1788494520000,57382.2,57395.45,57379.45,57394.5,562501
1788494550000,57396.5,57398.5,57376.05,57381,280396
1788494580000,57386.05,57397,57375.45,57393.25,275216
1788494610000,57395.6,57408.2,57392.45,57407.5,600248
1788494640000,57408.75,57443.2,57408.75,57426.55,609729
1788494670000,57431.5,57431.5,57389.85,57392.05,394854
1788494700000,57393.65,57393.75,57376.3,57384.75,337550
1788494730000,57387.1,57390.3,57382.6,57388.85,201314
1788494760000,57388.5,57391.55,57379.4,57386.7,288228
1788494790000,57387.35,57388.45,57376.9,57386.35,168211
1788494820000,57388.55,57399.1,57383,57392.2,444463
1788494850000,57391.05,57396.05,57381.95,57384.9,166820
1788494880000,57387.45,57393.95,57379.5,57386.75,255223
1788494910000,57387.7,57393.5,57380.95,57386.25,206564
1788494940000,57384.7,57394.7,57381.15,57393.15,415197
1788494970000,57394.1,57399.45,57386.45,57394.65,223997
1788495000000,57396,57402.2,57391.35,57400.25,181898
1788495030000,57399.05,57409.1,57393,57402.85,243175
1788495060000,57403.4,57403.4,57372.8,57374.2,281475
1788495090000,57379.6,57382.15,57367.75,57376.35,138273
1788495120000,57378.2,57381.55,57355.1,57366.15,304601
1788495150000,57367.8,57370.1,57355.95,57363.5,145633
1788495180000,57370.3,57370.3,57359.2,57362.35,309607
1788495210000,57368.35,57377.2,57358.65,57373.35,493448
1788495240000,57379.95,57383.45,57370.75,57379.5,134507
1788495270000,57382.45,57384.1,57369.9,57375.4,131702
1788495300000,57380.75,57392.65,57373.95,57390.85,141423
1788495330000,57391.75,57411.15,57390.85,57405.05,180505
1788495360000,57406.25,57418,57404.2,57410.25,111812
1788495390000,57408,57412,57399.6,57402,74512
1788495420000,57403.95,57407.2,57383.35,57383.35,156561
1788495450000,57382.95,57391.55,57377.95,57380.8,257277
1788495480000,57382.1,57386.25,57373.9,57384.75,121258
1788495510000,57382.75,57384.45,57366.65,57370.85,167918
1788495540000,57370.75,57378.95,57365.4,57374.2,212721
1788495570000,57377.5,57380.55,57369.7,57374.2,57422
1788495600000,57374.95,57381,57368.65,57370.4,134412
1788495630000,57373.25,57376.15,57367.8,57374.15,201503
1788495660000,57373.85,57385.85,57370.8,57376.75,125931
1788495690000,57382.15,57392.8,57373.5,57385.65,146225
1788495720000,57395.5,57401.25,57386.1,57400.25,119541
1788495750000,57405.2,57406.7,57395.15,57398.35,91755
1788495780000,57402.85,57402.85,57385.25,57398.35,55171
1788495810000,57398.85,57399.85,57389.3,57393.55,149122
1788495840000,57395.8,57396.55,57385.8,57391.6,95419
1788495870000,57394.85,57394.85,57372.35,57382.45,200665
1788495900000,57385.05,57400.75,57381.4,57400.75,111829
1788495930000,57400.75,57405.75,57394.2,57396.3,236948
1788495960000,57400.9,57401.65,57383.5,57391.7,172646
1788495990000,57392,57396.9,57385.05,57385.55,170890
1788496020000,57394.85,57404,57383.8,57404,121975
1788496050000,57404,57411.5,57395.95,57403,185216
1788496080000,57412.65,57418.3,57404.35,57418.3,86279
1788496110000,57418.65,57425.25,57409.8,57411.75,224964
1788496140000,57414.75,57418.6,57408.6,57413.95,128431
1788496170000,57417.4,57418.25,57401.9,57406.9,183559
1788496200000,57410.15,57413.95,57405.7,57409.1,77105
1788496230000,57412.3,57425.3,57407.35,57421.05,64865
1788496260000,57422.15,57440.35,57418.4,57436.45,182103
1788496290000,57438.5,57442.4,57433.3,57440.35,90020
1788496320000,57439.55,57445.25,57431.35,57442.1,217999
1788496350000,57444.9,57444.9,57434.6,57441.65,109792
1788496380000,57442.5,57448.25,57439.45,57448.15,92196
1788496410000,57450.25,57456.35,57442.45,57453.05,296441
1788496440000,57457.3,57458.95,57441.3,57441.8,169191
1788496470000,57448.25,57450.75,57436.65,57437.4,118525
1788496500000,57443.3,57445.4,57433,57438.35,161980
1788496530000,57440.65,57440.65,57432.75,57434.45,73766
1788496560000,57438.75,57440.6,57428,57436.75,105444
1788496590000,57435.55,57438.35,57429.5,57431,88883
1788496620000,57435.7,57435.7,57420.15,57429.15,190819
1788496650000,57429.15,57438.05,57425.95,57431.7,153808
1788496680000,57434.05,57440.8,57425.15,57440,113890
1788496710000,57440,57446.1,57437.85,57439.85,80475
1788496740000,57442.6,57445.4,57429.4,57434.6,146285
1788496770000,57434.6,57438.95,57427.35,57427.35,178637
1788496800000,57427.25,57434.7,57425.15,57430.9,95401
1788496830000,57430.3,57432.85,57415.7,57417.6,248315
1788496860000,57420.4,57424.75,57412.2,57420.95,81389
1788496890000,57418.1,57422.2,57400.9,57406.1,244678
1788496920000,57407.25,57418.85,57403.15,57418.85,143705
1788496950000,57419.4,57420.05,57409.5,57411.25,108432
1788496980000,57411.45,57413.55,57402.2,57405.6,74866
1788497010000,57405,57410.4,57399.65,57401.55,76116
1788497040000,57399.2,57405.35,57394.6,57405.35,117626
1788497070000,57405.75,57416.6,57397.85,57410.5,98702
1788497100000,57410.85,57411.5,57383.3,57392.2,144575
1788497130000,57393.15,57397.5,57387.8,57387.8,55069
1788497160000,57391.3,57394.8,57382.15,57392.5,152973
1788497190000,57394.8,57398.5,57388.15,57398.5,129648
1788497220000,57400.05,57412.05,57391.8,57410.55,118677
1788497250000,57411.2,57415.2,57407.45,57407.95,94433
1788497280000,57410.05,57415.8,57401.05,57414.15,174776
1788497310000,57418,57421.45,57410.4,57417.75,72479
1788497340000,57420.2,57420.2,57409.15,57410.5,70345
1788497370000,57413.55,57416.45,57403.35,57410.15,106211
1788497400000,57407.65,57416.6,57405.5,57412.7,88621
1788497430000,57415.65,57426.05,57407.25,57425.05,70695
1788497460000,57426.5,57427.45,57415.6,57420.9,59227
1788497490000,57423.3,57432.6,57420.25,57426,60797
1788497520000,57429.75,57432.25,57422.8,57430.95,31485
1788497550000,57432.85,57453.45,57425.35,57446.7,232227
1788497580000,57454.85,57454.85,57434.9,57439.8,338046
1788497610000,57443.05,57447.35,57435.2,57444.85,85504
1788497640000,57445.5,57446.75,57436.5,57446.75,75842
1788497670000,57446,57452.6,57440,57445.9,139709
1788497700000,57449.3,57462.5,57440.15,57462.4,326694
1788497730000,57462.95,57462.95,57454.7,57457.55,63151
1788497760000,57464.75,57464.75,57452.3,57452.95,84974
1788497790000,57456,57456,57446.15,57446.4,81898
1788497820000,57454.95,57454.95,57442.85,57446.55,98563
1788497850000,57449.4,57449.4,57440.05,57440.9,69985
1788497880000,57448.9,57454.15,57440.6,57452.1,107578
1788497910000,57452.1,57453.65,57446.15,57450.05,110472
1788497940000,57451.8,57455.3,57446.8,57451.75,190573
1788497970000,57454.6,57458.65,57450.7,57457.95,100421
1788498000000,57458.5,57492.25,57455.9,57492,302323
1788498030000,57490.2,57495.8,57484.2,57485.55,301686
1788498060000,57488.6,57488.6,57471.7,57478.9,101154
1788498090000,57478.9,57482.7,57472.65,57480.15,70693
1788498120000,57478.35,57481.2,57470.3,57473.9,87974
1788498150000,57477.95,57480.3,57468.05,57469.5,90185
1788498180000,57470.75,57473.2,57462.45,57465.95,191143
1788498210000,57467.8,57468.65,57450.5,57455.45,96984
1788498240000,57458.05,57458.05,57447.75,57452.3,125366
1788498270000,57455.95,57455.95,57449.1,57453.8,54067
1788498300000,57454.7,57456.7,57448.8,57452.55,84114
1788498330000,57453.3,57457.6,57448.4,57452.75,83489
1788498360000,57454.4,57456.7,57446,57454.9,64298
1788498390000,57455.95,57459.8,57451,57457.25,57042
1788498420000,57458.25,57470.85,57455.75,57467,61785
1788498450000,57465.65,57482.25,57462.55,57477.95,194914
1788498480000,57477.1,57492.7,57476.15,57488.8,93468
1788498510000,57485,57490,57470.05,57470.85,360929
1788498540000,57471.4,57479.05,57470.05,57478,76474
1788498570000,57478.15,57481.15,57470.1,57474.7,56061
1788498600000,57473.1,57486.25,57473.1,57483.3,408845
1788498630000,57483.05,57493.35,57480.25,57490.7,150185
1788498660000,57489.05,57489.05,57474.8,57485.25,128452
1788498690000,57486.1,57490,57481.9,57483.45,59043
1788498720000,57482,57486.4,57477.1,57484.55,92207
1788498750000,57485.95,57489.05,57480.7,57484.15,110423
1788498780000,57487.45,57488.95,57478.25,57481.85,72250
1788498810000,57486.3,57486.3,57468.05,57478.2,216734
1788498840000,57475.85,57476.15,57463.9,57467.5,110344
1788498870000,57472.55,57475.25,57466.15,57467.7,68681
1788498900000,57474.95,57476.75,57463.4,57467.4,78341
1788498930000,57474.05,57474.05,57465.15,57471.05,113068
1788498960000,57473.95,57476.8,57466.95,57471.6,114566
1788498990000,57471.55,57476.4,57461.6,57474.15,54782
1788499020000,57473.95,57476.15,57467.5,57469.3,57933
1788499050000,57475.6,57475.6,57467.55,57469.9,91910
1788499080000,57472.2,57472.55,57465.5,57472.45,68178
1788499110000,57469.7,57482.45,57466.25,57479.9,118950
1788499140000,57484.6,57486.65,57478.55,57483.5,98887
1788499170000,57487.65,57489.4,57480.65,57488,91870
1788499200000,57490.95,57491.3,57483.4,57489.55,55133
1788499230000,57489.25,57490.35,57475.15,57481.65,61495
1788499260000,57485.85,57486,57476.3,57479.45,84914
1788499290000,57482.35,57486.25,57475.25,57486.25,69172
1788499320000,57486.35,57490.8,57481.4,57487.3,133952
1788499350000,57491.65,57495,57486.55,57491.1,168097
1788499380000,57491.95,57491.95,57475.3,57479.3,54607
1788499410000,57482.2,57484.45,57474.9,57481.85,83347
1788499440000,57484.65,57487.75,57479.05,57483.1,109697
1788499470000,57484.6,57486.35,57477.2,57483.95,84015
1788499500000,57483.05,57492.65,57482.2,57488.6,63532
1788499530000,57492.2,57494.35,57483.55,57488.1,73363
1788499560000,57491.4,57491.4,57477.15,57480.55,96287
1788499590000,57483.4,57483.4,57470,57471.1,164756
1788499620000,57472.4,57479.1,57468.15,57474.6,213773
1788499650000,57476.5,57479.55,57464.1,57473.65,214090
1788499680000,57479,57479.55,57468,57472.55,170606
1788499710000,57471.85,57473.75,57466,57466.1,61641
1788499740000,57471.35,57475.5,57463.35,57474.5,96933
1788499770000,57475.35,57483.2,57471.55,57476.15,87144
1788499800000,57482.2,57482.4,57471.7,57478.4,210271
1788499830000,57482.85,57488.15,57473.05,57483.15,171724
1788499860000,57482.05,57485.75,57475.55,57479.95,95685
1788499890000,57480.35,57483.3,57472.9,57474.45,125667
1788499920000,57472.65,57483.2,57464.8,57473.95,189535
1788499950000,57475.65,57484,57470.1,57478,105015
1788499980000,57477.4,57483.3,57472.9,57479.8,73982
1788500010000,57479.6,57483.8,57474.35,57480.1,120642
1788500040000,57481.5,57498.45,57477.8,57492.4,235206
1788500070000,57490.35,57497.6,57486.7,57488.1,101065
1788500100000,57488.35,57493.45,57483.9,57488.1,70504
1788500130000,57488.5,57496.4,57482.35,57493.2,145899
1788500160000,57489.8,57496.05,57487.8,57496,83514
1788500190000,57497.25,57505.85,57492.9,57504.7,123414
1788500220000,57506.6,57525.25,57501,57525.25,129654
1788500250000,57527.7,57535.9,57520.15,57532.6,177145
1788500280000,57533.85,57553.65,57531.5,57548,388583
1788500310000,57557.2,57558.3,57537.95,57541.4,154488
1788500340000,57542,57549.25,57533.65,57546.65,118195
1788500370000,57550,57551.05,57540.45,57542.15,129593
1788500400000,57549.5,57557.55,57541.25,57556.65,224828
1788500430000,57559.9,57565.45,57554.35,57562.4,220814
1788500460000,57565.85,57571.5,57558.85,57563.95,228029
1788500490000,57569.3,57569.3,57552.8,57552.8,124193
1788500520000,57560.3,57561.25,57550.75,57555.55,99158
1788500550000,57563.15,57563.15,57536.2,57542.45,228136
1788500580000,57546.65,57546.65,57525.1,57525.1,143476
1788500610000,57534.6,57534.85,57524.2,57531.5,85752
1788500640000,57531.4,57537,57529.05,57535.85,94189
1788500670000,57538.35,57539.25,57530.5,57535.8,67219
1788500700000,57539.55,57539.55,57530.75,57534.2,86638
1788500730000,57537.5,57538.45,57530,57533.1,129337
1788500760000,57535.6,57539.1,57530.3,57535.15,75536
1788500790000,57539.55,57542.75,57523.95,57532.55,100428
1788500820000,57530.75,57539.15,57528.55,57536.4,81677
1788500850000,57539.25,57539.9,57530.05,57534.6,64465
1788500880000,57542.45,57554.95,57539.15,57554.95,208848
1788500910000,57559.7,57567.55,57553.35,57562.1,112986
1788500940000,57567.3,57572.15,57559.45,57562.75,58996
1788500970000,57567.55,57577.1,57559.7,57575.75,164122
1788501000000,57574,57583.2,57569.45,57578.45,130601
1788501030000,57580,57580,57560.9,57568.05,124615
1788501060000,57570.8,57577.35,57564.85,57572.85,83553
1788501090000,57574.4,57588.8,57567.45,57579.7,133068
1788501120000,57588.85,57602,57581.1,57595.15,268503
1788501150000,57602.65,57615.95,57594.15,57614.1,707391
1788501180000,57616.9,57618,57596.3,57602.25,397102
1788501210000,57608.65,57610.4,57598.5,57599.85,85253
1788501240000,57603,57610.9,57586.2,57589.85,396627
1788501270000,57594.7,57601.95,57582.75,57596.95,368992
1788501300000,57598.5,57618.15,57594.9,57616.75,371339
1788501330000,57618,57626.85,57611.95,57622.7,537220
1788501360000,57624.65,57630.55,57612.7,57616.65,185596
1788501390000,57617.75,57619.55,57606.9,57610.05,124298
1788501420000,57612.15,57619.6,57594.6,57596.05,183832
1788501450000,57595.45,57602.1,57592.75,57598,94446
1788501480000,57600.25,57601.95,57582.6,57593.65,171672
1788501510000,57592.2,57600.55,57588.85,57597.2,133528
1788501540000,57594.6,57597.9,57584.75,57585.85,52782
1788501570000,57591.25,57593.5,57582.75,57584.15,119534
1788501600000,57588.75,57594.75,57578.8,57578.8,139353
1788501630000,57585.15,57588.75,57578.25,57580.1,91012
1788501660000,57585.75,57586.5,57578,57585.6,88853
1788501690000,57586.55,57595.25,57577.8,57586.45,167471
1788501720000,57595.65,57597.1,57585.95,57592.8,272652
1788501750000,57592.55,57603.5,57590,57602.95,643680
1788501780000,57605.35,57611.6,57595.15,57598.1,488259
1788501810000,57602.45,57603.65,57593.9,57603.3,173733
1788501840000,57604.3,57604.3,57591.95,57597.2,201093
1788501870000,57600.6,57600.6,57589.45,57590.5,170486
1788501900000,57593.15,57598.45,57590.7,57592.1,285488
1788501930000,57594.2,57596.9,57589.7,57591.8,144461
1788501960000,57590.05,57595.1,57585.4,57585.55,149876
1788501990000,57589.2,57590.85,57578.4,57581.5,227881
1788502020000,57580.85,57589.6,57578.2,57584.4,75923
1788502050000,57585.1,57589.05,57579.85,57586.7,76794
1788502080000,57589.55,57607.15,57581.8,57604.55,210722
1788502110000,57606.3,57638.75,57602.2,57632.5,323506
1788502140000,57636.55,57671.15,57632.05,57660.5,477299
1788502170000,57662.8,57677.15,57652,57656.35,525903
1788502200000,57660.2,57661.95,57646.05,57648.45,261982
1788502230000,57653.85,57653.85,57638.4,57642.95,85234
1788502260000,57642.95,57647.35,57631.6,57634.2,153659
1788502290000,57640.2,57640.2,57624.4,57625.6,89713
1788502320000,57629.6,57629.6,57602.9,57607.3,179401
1788502350000,57607.55,57608,57592.35,57594.45,75491
1788502380000,57598.5,57600.55,57588.25,57589.2,92541
1788502410000,57594.2,57598.15,57585.45,57590.95,103001
1788502440000,57590.95,57594.2,57574.65,57575.55,116701
1788502470000,57577.85,57577.85,57559.55,57561.9,447683
1788502500000,57561.9,57566.8,57553.25,57555.05,352483
1788502530000,57559.4,57565.25,57554.25,57562.4,163349
1788502560000,57562.7,57574.3,57559.7,57571.45,146734
1788502590000,57576.75,57577.3,57569.1,57572.8,61653
1788502620000,57571.05,57578.2,57568.5,57573.15,137011
1788502650000,57579.75,57580.65,57572.2,57573.75,81211
1788502680000,57573.75,57593.7,57573.75,57577.7,106113
1788502710000,57579.55,57579.55,57564.3,57573.35,189406
1788502740000,57573.35,57590.5,57573.3,57581.2,93968
1788502770000,57585.35,57589.45,57578.9,57581.25,93713
1788502800000,57579.95,57604.1,57579.95,57601.45,112117
1788502830000,57602.15,57605.85,57593.1,57599.75,122918
1788502860000,57595.8,57609.8,57595.8,57608.65,70678
1788502890000,57606.4,57611.55,57600.65,57609.05,66223
1788502920000,57609.05,57615.9,57601.9,57608.15,111501
1788502950000,57607.6,57607.9,57593.35,57596.05,67625
1788502980000,57595.1,57599.9,57589.8,57590.6,57731
1788503010000,57590.1,57609.85,57588.4,57608,160886
1788503040000,57608,57613.6,57605.45,57609.1,121078
1788503070000,57616.85,57616.85,57600.35,57602.05,126124
1788503100000,57602.05,57607.6,57596.35,57605.85,71486
1788503130000,57606.8,57611.55,57600.2,57609.55,104753
1788503160000,57610.4,57615.25,57601.65,57612,114153
1788503190000,57612.55,57613.65,57602.1,57605.15,69009
1788503220000,57609.25,57609.25,57595.1,57597.95,77012
1788503250000,57602,57605.75,57590.4,57596.75,133707
1788503280000,57601,57608.15,57592.6,57597.3,78253
1788503310000,57599.2,57604.75,57587,57594.1,175173
1788503340000,57597.9,57599.6,57588.35,57593.55,196025
1788503370000,57597.25,57601.35,57590.45,57598.05,71857
1788503400000,57600.5,57603.3,57588.65,57593.35,96410
1788503430000,57596.3,57596.3,57580.6,57587.05,67182
1788503460000,57586.55,57591.35,57580.75,57581.25,91465
1788503490000,57585.95,57588.15,57580,57582.95,63052
1788503520000,57584.65,57589.15,57573.6,57577.3,159454
1788503550000,57579.15,57584.75,57572.6,57581.4,556659
1788503580000,57583.8,57588.95,57574.2,57576.65,176582
1788503610000,57579.75,57579.75,57562.55,57568.1,121888
1788503640000,57568.1,57575,57556.05,57559,225363
1788503670000,57561.85,57564.05,57545.35,57552.5,111074
1788503700000,57551.75,57557.05,57544.95,57548.55,76684
1788503730000,57550.35,57564.25,57548.15,57559.2,232213
1788503760000,57560.6,57564.85,57557.75,57558.5,122487
1788503790000,57560.95,57563.8,57548.25,57550.7,112387
1788503820000,57550.7,57552.35,57541.45,57546.6,169013
1788503850000,57549.4,57552.85,57541.35,57551.85,112218
1788503880000,57551.85,57568.15,57549.35,57564.65,142698
1788503910000,57567.25,57575.15,57559.9,57573.45,118306
1788503940000,57574.2,57580.8,57570.3,57577.95,203383
1788503970000,57575.8,57579.3,57567.95,57574.95,123878
1788504000000,57577.5,57581.6,57571.15,57575.35,239634
1788504030000,57579.1,57581.1,57564.45,57566.5,171827
1788504060000,57566.5,57570.45,57555.9,57560,78291
1788504090000,57566.05,57568.8,57559.65,57565.25,78887
1788504120000,57568.3,57574.95,57564.45,57569,124538
1788504150000,57573.15,57577.2,57559.8,57567.05,121212
1788504180000,57565.05,57565.5,57548.1,57550.55,122835
1788504210000,57551.15,57554.2,57542.2,57544.9,80445
1788504240000,57544.9,57554.85,57542.05,57549.25,84375
1788504270000,57549.6,57557.6,57544.85,57555.35,110167
1788504300000,57555.25,57560.65,57547.55,57553.6,75278
1788504330000,57554.55,57559.35,57546.25,57551.25,158148
1788504360000,57553.35,57553.35,57535,57535.45,284482
1788504390000,57534.65,57543.7,57534.15,57543.65,103071
1788504420000,57541.7,57548.2,57538.05,57540.55,93085
1788504450000,57541.15,57553.4,57540.05,57552.55,207432
1788504480000,57551.9,57572.85,57550.35,57570.55,370327
1788504510000,57571.1,57573.4,57565.4,57569.25,74619
1788504540000,57568.65,57572.4,57563.25,57568.75,157698
1788504570000,57566.1,57570,57557.65,57559.95,156303
1788504600000,57560.45,57567.6,57545,57547.6,149540
1788504630000,57546.15,57549.55,57541.75,57541.75,75882
1788504660000,57545.95,57546.7,57535.5,57536.75,134210
1788504690000,57538.85,57543.65,57535.6,57536.75,94779
1788504720000,57540.3,57545.25,57538.85,57540.55,311690
1788504750000,57541.05,57543.5,57532.5,57536.6,167934
1788504780000,57539.8,57549.35,57529.55,57545.3,83361
1788504810000,57545.5,57549.35,57537.9,57545.1,102483
1788504840000,57547.9,57561.95,57543.2,57556.95,297295
1788504870000,57558.6,57561.25,57549.75,57550.9,142981
1788504900000,57550.1,57550.7,57541.4,57543.3,111811
1788504930000,57548.75,57561.4,57544.55,57559.65,183886
1788504960000,57560.35,57565.4,57549.45,57560.5,221675
1788504990000,57559.25,57560.05,57551.6,57555.85,63686
1788505020000,57557.85,57557.85,57547.4,57551.2,97685
1788505050000,57552.4,57556.05,57549.6,57553.3,131719
1788505080000,57556.35,57574.25,57550.45,57572.85,204647
1788505110000,57572.1,57576.15,57565.3,57569.9,95823
1788505140000,57569.3,57571.75,57565.25,57568.8,105386
1788505170000,57571.85,57577,57566.85,57575.2,302327
1788505200000,57576.25,57577,57560.15,57562.1,113448
1788505230000,57563.2,57566.95,57557.25,57560.2,73832
1788505260000,57561.5,57576.5,57560.8,57566.15,167789
1788505290000,57572.5,57573.2,57562.3,57566.05,145063
1788505320000,57569.7,57574.95,57562.15,57569.9,91756
1788505350000,57575.1,57580,57569.35,57575.7,155047
1788505380000,57577.85,57579.8,57569.85,57572.6,99318
1788505410000,57572.95,57582.85,57569.8,57573.3,114866
1788505440000,57573.5,57575.9,57560.05,57563.55,138683
1788505470000,57564.95,57569.45,57556.75,57565.05,82238
1788505500000,57568.4,57572.55,57562.7,57569.3,143001
1788505530000,57572.7,57574.7,57563.7,57570,111651
1788505560000,57573.3,57573.3,57561.65,57569.75,51898
1788505590000,57567.25,57569.2,57560,57562.1,84904
1788505620000,57560.1,57562.6,57551.65,57556.55,118229
1788505650000,57556.4,57556.4,57543,57546.8,92890
1788505680000,57551.7,57557.45,57547.75,57552.35,391521
1788505710000,57553.4,57556.7,57544.25,57549.45,333576
1788505740000,57552,57553.5,57544.9,57548.25,220255
1788505770000,57549.55,57556.5,57546.75,57547.6,306480
1788505800000,57549.6,57555.1,57546.65,57550.85,89842
1788505830000,57553.9,57555.9,57545.75,57555.35,97400
1788505860000,57554.65,57557.05,57545.45,57548.65,59780
1788505890000,57549.35,57556.9,57545.15,57547.1,116007
1788505920000,57549.15,57552,57544,57547.7,323497
1788505950000,57545.7,57551.1,57539.3,57541.3,61495
1788505980000,57539.9,57551.3,57536.3,57548.4,128789
1788506010000,57547.8,57555.25,57544.8,57550.5,80487
1788506040000,57551.2,57554.5,57545.15,57547.05,88045
1788506070000,57549.7,57551.6,57542.25,57549.9,141200
1788506100000,57551.2,57551.2,57541.5,57546.1,86058
1788506130000,57549.1,57549.5,57541.6,57543.65,56914
1788506160000,57544.35,57547.65,57534.75,57537.35,95107
1788506190000,57537.05,57537.05,57527.8,57530,83029
1788506220000,57533.25,57536.35,57527.9,57530.75,112120
1788506250000,57532.2,57536.65,57527.5,57530.25,78478
1788506280000,57531.55,57536.85,57527.7,57536.25,92474
1788506310000,57535.55,57545.6,57531.05,57545.6,227957
1788506340000,57547.55,57550.8,57542.6,57549.45,87918
1788506370000,57548.25,57554.15,57544.55,57550.05,102028
1788506400000,57551.85,57554.25,57545.65,57547.45,85574
1788506430000,57551.6,57553.3,57539.95,57545.5,71412
1788506460000,57547.75,57548.1,57538.75,57540.6,52098
1788506490000,57545.45,57546.4,57537.45,57539.65,64614
1788506520000,57544.4,57546.35,57537.35,57543.15,63967
1788506550000,57545.35,57554.5,57542.6,57549.4,79851
1788506580000,57552.1,57554.3,57547.15,57552.25,33741
1788506610000,57552.8,57555.2,57547.95,57552.05,134554
1788506640000,57552.65,57553.25,57541.7,57545.45,99743
1788506670000,57547.5,57556.3,57542.6,57553.05,62625
1788506700000,57552.7,57554.65,57532.8,57532.8,126119
1788506730000,57540.95,57540.95,57526.7,57533.7,273755
1788506760000,57534.35,57537.05,57525.4,57526.8,173894
1788506790000,57532.2,57534.55,57525.55,57525.55,97264
1788506820000,57527.4,57528.95,57521.3,57522,120963
1788506850000,57524.95,57526.2,57514.35,57519.7,93186
1788506880000,57521.55,57531.65,57515.6,57530.75,74752
1788506910000,57529.7,57538.3,57527.4,57535.9,109067
1788506940000,57537.15,57548.8,57533.9,57548.8,80572
1788506970000,57546.35,57552.9,57543.15,57552.55,90017
1788507000000,57554.4,57556.9,57547.5,57554.85,91783
1788507030000,57557.95,57571.45,57555.05,57568.95,99866
1788507060000,57569.45,57578.35,57562.8,57562.8,163854
1788507090000,57566,57570.55,57550.7,57556.65,186752
1788507120000,57558.6,57558.7,57546.65,57551.65,191187
1788507150000,57554.55,57557.55,57547.95,57556.3,42051
1788507180000,57559.5,57559.5,57538.85,57549.65,267545
1788507210000,57546,57552.05,57542.55,57552.05,130577
1788507240000,57549.95,57552.5,57540.75,57548.15,235900
1788507270000,57549.5,57555.6,57547.85,57550.25,239361
1788507300000,57551.1,57558.75,57547.25,57553.55,74115
1788507330000,57556.05,57557,57549.9,57557,53909
1788507360000,57556.85,57563.45,57549.35,57553.35,90280
1788507390000,57550.7,57565.45,57548.3,57559.2,151023
1788507420000,57560,57566.15,57554.2,57561.4,81015
1788507450000,57561.65,57567.45,57557,57559.5,60591
1788507480000,57562.55,57567.75,57558.75,57566.7,63611
1788507510000,57567.65,57570.55,57558.9,57565.05,61219
1788507540000,57562.85,57570.95,57562.75,57566.75,145258
1788507570000,57567.9,57582,57566.45,57575.85,180939
1788507600000,57576.7,57587.1,57571.45,57583.95,167818
1788507630000,57588.5,57594.45,57584.6,57588.6,163357
1788507660000,57589.6,57591.6,57583.75,57585.6,113910
1788507690000,57588.7,57589.3,57575.8,57575.8,163613
1788507720000,57581.6,57582.95,57574.55,57580.15,396202
1788507750000,57585.3,57589.2,57578.55,57582.15,177233
1788507780000,57585,57591.85,57579.4,57589.4,137538
1788507810000,57590.75,57592.45,57584.75,57586.2,104035
1788507840000,57588.5,57593.75,57585.1,57587.2,148956
1788507870000,57588.05,57590.85,57574.1,57580.5,116856
1788507900000,57580.55,57594.4,57575.45,57586.6,117997
1788507930000,57590,57602.2,57584.15,57593.55,169343
1788507960000,57599.25,57604.35,57591.35,57603.05,143134
1788507990000,57604,57610.95,57599.35,57609.25,141199
1788508020000,57611.4,57624.45,57608.8,57621.3,166262
1788508050000,57625.4,57630,57616.3,57623.95,131049
1788508080000,57626.25,57627.3,57616.25,57621.05,114523
1788508110000,57620.35,57620.4,57610.2,57612.3,134485
1788508140000,57619,57623.65,57612.35,57620.4,161927
1788508170000,57621.05,57624.95,57616.95,57619.55,87914
1788508200000,57621.55,57628.6,57619.1,57620.85,78850
1788508230000,57626.95,57633.65,57623.1,57625.45,225324
1788508260000,57629.95,57635.3,57625.4,57627.15,107521
1788508290000,57627.15,57633.95,57614.6,57618.15,105899
1788508320000,57620.25,57635.4,57617.35,57632.4,188370
1788508350000,57637.55,57639.75,57631.55,57634.3,250391
1788508380000,57637.6,57639.15,57619.35,57622.1,155422
1788508410000,57633.55,57633.55,57619.05,57626.85,144174
1788508440000,57625.5,57630.1,57620.5,57626.9,125890
1788508470000,57624.5,57634.35,57619.85,57625.2,251708
1788508500000,57621.65,57627.95,57601.9,57608.7,194500
1788508530000,57606.3,57611,57598.1,57600.35,346032
1788508560000,57606.15,57616.7,57600.2,57611.25,115741
1788508590000,57614,57619.85,57606.4,57606.4,196773
1788508620000,57616.5,57617.7,57600.95,57604.95,207068
1788508650000,57604.95,57606.95,57588.8,57590.95,79642
1788508680000,57593.35,57595.75,57588.1,57590.65,124713
1788508710000,57591.45,57594.1,57584,57587.9,96341
1788508740000,57589.15,57592.8,57573.65,57585.4,115610
1788508770000,57581.3,57591.7,57579.15,57586.55,63772
1788508800000,57590.15,57590.25,57580.25,57586.95,60782
1788508830000,57587.05,57594,57583.05,57589.05,154734
1788508860000,57590.15,57599.95,57590.15,57595.4,90446
1788508890000,57596.1,57599.9,57590.45,57591.3,114258
1788508920000,57590.75,57594.25,57582.75,57584.4,74230
1788508950000,57585.9,57588.45,57577.55,57580.75,87915
1788508980000,57577.6,57590.1,57576.05,57590,180095
1788509010000,57584.15,57589.05,57580.35,57586.95,168159
1788509040000,57588.15,57589.25,57574.1,57577.8,224870
1788509070000,57580.05,57581.9,57572.4,57578.3,127696
1788509100000,57581.75,57595.9,57576.6,57584.8,188885
1788509130000,57587.55,57592.15,57584.6,57589.8,71263
1788509160000,57592.9,57596.95,57589.1,57593.55,233706
1788509190000,57596.15,57599.75,57590.6,57594.15,77535
1788509220000,57598.9,57603.6,57591.8,57598.95,137144
1788509250000,57601.5,57610.05,57596.8,57601.2,225541
1788509280000,57604.95,57607.4,57595.75,57599.2,96829
1788509310000,57602.2,57603.7,57583.85,57594.75,190223
1788509340000,57596.85,57605.8,57591.7,57602.7,44542
1788509370000,57601.45,57606.3,57595.7,57605.4,58286
1788509400000,57608.25,57608.85,57598.35,57599.7,127382
1788509430000,57604.7,57605.85,57595.9,57595.9,189367
1788509460000,57603.05,57603.05,57581.25,57581.3,187974
1788509490000,57583,57597.05,57577.4,57597.05,294575
1788509520000,57595.7,57596.35,57583.1,57588.65,129170
1788509550000,57591.8,57598.35,57587.3,57597.15,99700
1788509580000,57600.8,57603.5,57595,57598.7,137201
1788509610000,57600.9,57609.1,57585.15,57587,197602
1788509640000,57590.45,57590.45,57577.25,57583.85,64715
1788509670000,57583.05,57585.6,57576.7,57583.25,123857
1788509700000,57583.35,57586.3,57578.05,57583.05,137250
1788509730000,57583.6,57584.25,57575.05,57584.15,197378
1788509760000,57583.95,57586.95,57580.6,57583.35,62119
1788509790000,57585.05,57586.6,57578.4,57579.15,88775
1788509820000,57581.3,57583.5,57575.5,57576.6,99542
1788509850000,57580.75,57585.45,57575.9,57581.25,157713
1788509880000,57583.6,57586.4,57575.55,57583.3,94662
1788509910000,57583.9,57583.9,57576,57579.6,284140
1788509940000,57580.15,57581.8,57575.3,57577.6,96052
1788509970000,57580.65,57584.5,57572.8,57583.1,145923
1788510000000,57581.2,57586.85,57580.3,57583.05,97882
1788510030000,57582.4,57584.6,57567.4,57574.95,145207
1788510060000,57577.75,57577.75,57555.35,57557.9,291794
1788510090000,57556.5,57561.1,57540,57544.3,117630
1788510120000,57547.5,57549.55,57535.5,57538.65,85273
1788510150000,57541.95,57546.9,57533.85,57540.1,82033
1788510180000,57538.2,57549.85,57538.2,57545.35,169678
1788510210000,57548.75,57548.75,57539.5,57542.45,84368
1788510240000,57543.55,57545.1,57533.75,57538.75,82072
1788510270000,57538.75,57546.4,57535.4,57541.4,85982
1788510300000,57543.45,57550.05,57539.85,57543.5,108890
1788510330000,57546.7,57548.75,57537.9,57542.3,77105
1788510360000,57541.7,57551,57539.85,57545.3,146788
1788510390000,57546.1,57552.35,57543.7,57549.65,162295
1788510420000,57550,57559.75,57550,57555.75,354060
1788510450000,57556.1,57557,57544.2,57546.4,337991
1788510480000,57548.05,57550.85,57542.8,57543.65,127609
1788510510000,57545.25,57548.3,57537.05,57540.55,116804
1788510540000,57545.8,57548.15,57539.1,57543.6,68533
1788510570000,57546.15,57548.7,57538.1,57542.6,72043
1788510600000,57544.45,57548.3,57538.5,57541.5,113838
1788510630000,57545.65,57545.65,57532.2,57534.95,105274
1788510660000,57539.55,57541.1,57531,57534.35,107456
1788510690000,57541.95,57541.95,57526.65,57533.1,85469
1788510720000,57533.55,57539.35,57528.6,57535.05,117285
1788510750000,57538.6,57540.55,57530.8,57532.5,97498
1788510780000,57536.65,57540.4,57530.25,57531.25,93007
1788510810000,57536.05,57537.05,57528.15,57535.8,128713
1788510840000,57537.4,57537.4,57526.75,57532.1,88265
1788510870000,57535.3,57537.5,57527.95,57530.6,80972
1788510900000,57534.4,57545.5,57532.55,57541.8,127813
1788510930000,57545.8,57549.75,57542.1,57544.45,150107
1788510960000,57547.35,57553.1,57541.45,57550.75,520701
1788510990000,57555.4,57555.4,57546.35,57548.9,96169
1788511020000,57552.55,57556.55,57545,57549.05,84441
1788511050000,57555,57555,57545.05,57549.05,90367
1788511080000,57552.65,57552.9,57538.8,57541.1,509091
1788511110000,57543.9,57546.6,57535.55,57540.7,131658
1788511140000,57542.5,57543.65,57534,57535.05,255428
1788511170000,57539.55,57540.6,57532.5,57534.75,139832
1788511200000,57539.75,57544,57533.45,57536.75,127869
1788511230000,57536.35,57541.95,57534.4,57538.25,96865
1788511260000,57538.4,57549.45,57535.45,57545.4,134218
1788511290000,57553.25,57553.25,57540.65,57547.2,130744
1788511320000,57547.65,57554.1,57543.25,57548,134977
1788511350000,57550.75,57551.2,57540.9,57548.35,154770
1788511380000,57550.05,57553.9,57545.1,57549.3,113250
1788511410000,57554.25,57555,57546.45,57550.9,105966
1788511440000,57555.25,57556.85,57548.55,57550.65,123219
1788511470000,57551.2,57552.45,57544.5,57546.1,182812
1788511500000,57547.35,57549.15,57541.8,57543.7,73565
1788511530000,57546.1,57547.95,57528.6,57531.95,204098
1788511560000,57531.05,57531.05,57511.65,57514.7,213006
1788511590000,57515.9,57518.15,57505.15,57505.9,111343
1788511620000,57507.5,57512.6,57503.8,57506.4,158091
1788511650000,57507.25,57515.25,57503.9,57511,92163
1788511680000,57509.15,57522.3,57506.5,57517.6,239736
1788511710000,57520.75,57521.75,57512.15,57516,128339
1788511740000,57518.4,57521.65,57510.8,57513.85,76826
1788511770000,57520.4,57520.4,57511.5,57515.1,107817
1788511800000,57516.15,57524.25,57512.4,57520.8,373542
1788511830000,57520.1,57532.25,57516.35,57529.25,125717
1788511860000,57528.75,57535.35,57524.7,57525.7,106059
1788511890000,57526.25,57540.5,57525.4,57534.85,205461
1788511920000,57533.45,57543.3,57533.45,57539.95,432422
1788511950000,57542.7,57544.15,57531.4,57532.9,140276
1788511980000,57533,57536,57527,57529.8,174995
1788512010000,57535.2,57535.2,57519.65,57526.7,103270
1788512040000,57527.9,57532.7,57517.95,57526.05,104529
1788512070000,57533.4,57537.85,57524.45,57531.9,322137
1788512100000,57535.5,57548.25,57528.35,57544.95,289426
1788512130000,57550.05,57550.8,57538.75,57544,167009
1788512160000,57546.7,57550.9,57539.05,57545.6,97921
1788512190000,57550.95,57551.95,57543.35,57547.95,97315
1788512220000,57551.05,57561.45,57544.9,57556.35,109221
1788512250000,57561.15,57561.15,57546.5,57550.4,129624
1788512280000,57551.7,57556.85,57542.9,57545.4,114326
1788512310000,57547.6,57567.2,57543.15,57560,349355
1788512340000,57563.1,57565.9,57556.55,57565.9,101935
1788512370000,57567.9,57567.9,57557.45,57559.85,170890
1788512400000,57563.15,57569.8,57561.45,57563.6,283558
1788512430000,57563.15,57568.15,57560.9,57564.3,129961
1788512460000,57564,57566.8,57555.75,57557.3,141227
1788512490000,57558.25,57567.6,57555.3,57563.65,147829
1788512520000,57565.4,57575.4,57559.55,57567.7,192790
1788512550000,57571,57581.6,57566.7,57579.35,135546
1788512580000,57580.7,57581.3,57572.45,57572.45,143829
1788512610000,57571.25,57577.75,57567.1,57567.1,143709
1788512640000,57569.95,57571.6,57563.45,57566.7,127174
1788512670000,57568.2,57570.85,57562.35,57564.9,115873
1788512700000,57564.6,57565.65,57553.5,57557,127826
1788512730000,57555.9,57557.2,57544.5,57554.8,122918
1788512760000,57556.8,57563.6,57553.65,57557,243518
1788512790000,57557.6,57559.4,57542.95,57546.65,232982
1788512820000,57548,57549.6,57539.9,57545.75,163352
1788512850000,57548.85,57552.9,57544.15,57547.85,122578
1788512880000,57551,57558.85,57542.8,57545.9,159235
1788512910000,57546.45,57553.85,57539.25,57551.4,152744
1788512940000,57548,57551.6,57534.05,57535.3,130453
1788512970000,57538.5,57538.5,57526.75,57531.85,155669
1788513000000,57533.5,57538.9,57528.6,57533.5,114332
1788513030000,57533.85,57540.55,57530.95,57536.85,114877
1788513060000,57541.85,57542.5,57523.9,57527.4,107277
1788513090000,57527.9,57531.2,57517.9,57523.85,119232
1788513120000,57525.9,57526.5,57517.25,57523.5,97150
1788513150000,57521.7,57525.3,57516.9,57525.25,144039
1788513180000,57524.7,57527.6,57515.75,57522.8,206160
1788513210000,57521.25,57523,57509.35,57514.5,116490
1788513240000,57514.35,57516.5,57507.9,57512.15,144803
1788513270000,57512.25,57514.7,57504.2,57509.15,98223
1788513300000,57506.1,57515.7,57506.1,57509.1,88516
1788513330000,57511.15,57514.2,57502.95,57509,96179
1788513360000,57506.5,57514.45,57503.4,57508,260730
1788513390000,57508.7,57512.1,57504.1,57509.05,109515
1788513420000,57507.95,57514.85,57504.25,57506.95,146201
1788513450000,57507.65,57512.7,57504.45,57511.05,91136
1788513480000,57513,57523.55,57509.05,57512.05,266355
1788513510000,57515.45,57516.25,57507.45,57509.4,174899
1788513540000,57511.8,57519.7,57508.1,57518.9,299477
1788513570000,57515.75,57519.1,57511.65,57514.15,285428
1788513600000,57512.5,57521.75,57508.95,57520.3,193672
1788513630000,57515.8,57523.05,57499.9,57504.95,247130
1788513660000,57502.1,57521.6,57502.1,57515.55,264949
1788513690000,57519.35,57523.6,57509.15,57514.7,182396
1788513720000,57511.55,57514.95,57501.8,57504.65,142981
1788513750000,57503.8,57506.1,57494.25,57501.35,254701
1788513780000,57503.55,57506,57494.95,57502.85,113342
1788513810000,57504.4,57504.65,57495.35,57504,152170
1788513840000,57504.7,57509.25,57500.8,57506.7,161631
1788513870000,57505.6,57510.75,57497.85,57501.05,271766
1788513900000,57503.2,57503.2,57479.75,57486.35,731031
1788513930000,57486.5,57486.8,57476.85,57479.6,156090
1788513960000,57484.75,57488.45,57478.15,57483.65,224409
1788513990000,57485.4,57487.15,57477.95,57479.65,278344
1788514020000,57480.7,57482.05,57475.25,57479.25,286294
1788514050000,57480.65,57481.25,57474.7,57477.55,118726
1788514080000,57478.8,57490.35,57471.85,57486.35,333240
1788514110000,57488.75,57490.4,57480.3,57482.3,144552
1788514140000,57486.35,57486.7,57476.85,57479.85,332609
1788514170000,57481.85,57482.35,57469.3,57472,298973
1788514200000,57472,57478.75,57462.55,57475.55,817839
1788514230000,57475.3,57484.2,57472,57483.35,475563
1788514260000,57482.45,57484.2,57466.25,57469.9,625055
1788514290000,57468.45,57473.45,57461.7,57465.15,302546
1788514320000,57464.05,57474.45,57462.05,57470.65,266020
1788514350000,57467.65,57476.4,57463.55,57473.05,636868
1788514380000,57473.05,57476.75,57463.05,57467.5,326213
1788514410000,57463.5,57468.5,57457.45,57461.6,286329
1788514440000,57460.15,57465.2,57442.95,57447.4,276763
1788514470000,57446.4,57450.2,57439.15,57446.6,378722
1788514500000,57442.55,57445.5,57428.9,57442.95,874162
1788514530000,57440.25,57459.4,57436.2,57458.75,374244
1788514560000,57456.45,57469.35,57452.85,57465.15,486297
1788514590000,57465.65,57472.5,57456.75,57462.8,393553
1788514620000,57462.8,57467.95,57453.4,57456,485229
1788514650000,57460.1,57464.05,57452.5,57457.65,590821
1788514680000,57457.65,57464.5,57453,57460.45,377941
1788514710000,57459.05,57463.3,57447.25,57453.85,295129
1788514740000,57451.3,57463.8,57442.3,57455.4,786409
1788514770000,57456.2,57460.95,57450.25,57456.1,273032
1788514800000,57455.15,57462.25,57451.8,57459.15,803657
1788514830000,57457.15,57465.35,57453.35,57461.5,372194
1788514860000,57460.95,57462.55,57450.75,57453.35,584554
1788514890000,57454.55,57457.25,57446,57455.25,367847
1788514920000,57455.85,57468,57450.4,57461.9,926000
1788514950000,57457.2,57475.8,57443.05,57444.85,1183778
1788514980000,57447.5,57474.55,57435.95,57453.55,637100
1788515010000,57454.95,57457.05,57441.5,57451.4,440583
1788515040000,57451.4,57456.5,57435.05,57453.35,557456
1788515070000,57448.65,57451.05,57411.05,57437.35,360629
1788515100000,57440.6,57440.6,57440.6,57440.6,23269
1788515130000,57440.6,57440.6,57440.6,57440.6,0
1788515160000,57440.6,57440.6,57440.6,57440.6,0
1788515190000,57440.6,57440.6,57440.6,57440.6,0
1788515220000,57440.6,57440.6,57440.6,57440.6,0
1788515250000,57440.6,57440.6,57440.6,57440.6,0
1788515280000,57440.6,57440.6,57440.6,57440.6,0
1788515310000,57440.6,57440.6,57440.6,57440.6,0
1788515340000,57440.6,57440.6,57440.6,57440.6,0
1788515370000,57440.6,57440.6,57440.6,57440.6,0
1788515400000,57440.6,57440.6,57440.6,57440.6,0
1788515430000,57440.6,57440.6,57440.6,57440.6,0
1788515460000,57440.6,57440.6,57440.6,57440.6,0
1788515490000,57440.6,57440.6,57440.6,57440.6,0
1788515520000,57440.6,57440.6,57440.6,57440.6,0
1788515550000,57440.6,57440.6,57440.6,57440.6,0
1788515580000,57440.6,57440.6,57440.6,57440.6,0
1788515610000,57440.6,57440.6,57440.6,57440.6,0
1788515640000,57440.6,57440.6,57440.6,57440.6,0
1788515670000,57440.6,57440.6,57440.6,57440.6,0
1788515700000,57440.6,57440.6,57440.6,57440.6,0
1788515730000,57440.6,57440.6,57440.6,57440.6,0
1788515760000,57440.6,57440.6,57440.6,57440.6,0
1788515790000,57440.6,57440.6,57440.6,57440.6,0
1788515820000,57440.6,57440.6,57440.6,57440.6,0
1788515850000,57440.6,57440.6,57440.6,57440.6,0
1788515880000,57440.6,57440.6,57369.65,57369.65,3903102
1788515910000,57369.65,57369.65,57369.65,57369.65,293036
1788515940000,57369.65,57369.65,57369.65,57369.65,0
1788515970000,57369.65,57369.65,57369.65,57369.65,0
1788752400000,57343.3,57343.3,57343.3,57343.3,0
1788752430000,57343.3,57343.3,57343.3,57343.3,0
1788752460000,57343.3,57343.3,57343.3,57343.3,0
1788752490000,57343.3,57343.3,57343.3,57343.3,0
1788752520000,57343.3,57343.3,57343.3,57343.3,0
1788752550000,57343.3,57343.3,57343.3,57343.3,0
1788752580000,57343.3,57343.3,57343.3,57343.3,0
1788752610000,57343.3,57343.3,57343.3,57343.3,0
1788752640000,57343.3,57343.3,57343.3,57343.3,0
1788752670000,57343.3,57343.3,57343.3,57343.3,0
1788752700000,57343.3,57426.85,57330.1,57345.15,1428502
1788752730000,57352.3,57352.3,57256.1,57256.7,621263
1788752760000,57254.25,57254.25,57148.7,57172.5,860580
1788752790000,57164.8,57257.35,57164.8,57242.8,483530
1788752820000,57238.1,57269,57208.3,57219.5,459276
1788752850000,57219.2,57234.75,57193.5,57217.35,567445
1788752880000,57219.55,57242.1,57212.05,57234.5,501443
1788752910000,57231.3,57261.1,57226.05,57253.85,256351
1788752940000,57257.4,57263.55,57214.4,57219.45,752026
1788752970000,57221.4,57232.95,57210.2,57221.55,346716
1788753000000,57221.8,57234.35,57204,57234.35,451940
1788753030000,57234.9,57249.8,57218.15,57219.95,218369
1788753060000,57222.35,57250.85,57212.95,57237.4,341567
1788753090000,57237.9,57240.4,57200.25,57206.1,450248
1788753120000,57207.9,57210.05,57181.95,57189.3,352021
1788753150000,57189.75,57207.1,57186.1,57207.1,293864
1788753180000,57207.35,57221.45,57203.45,57205.4,161616
1788753210000,57205.1,57215.05,57201.1,57207.15,139526
1788753240000,57208,57218.8,57192.95,57199.3,328680
1788753270000,57201.4,57216.75,57199.15,57201.15,357915
1788753300000,57207.95,57208.65,57174.8,57180.95,284635
1788753330000,57176.75,57188.3,57168.55,57180.1,222891
1788753360000,57186.75,57194.25,57173.9,57194.25,146076
1788753390000,57195.65,57195.9,57170.4,57170.4,187742
1788753420000,57167.45,57176,57147.4,57153.8,263906
1788753450000,57153.4,57157.3,57137.65,57141.35,135282
1788753480000,57143.25,57143.25,57126.85,57135.85,429339
1788753510000,57133.85,57140.7,57128.9,57135.5,159144
1788753540000,57139.6,57149,57135,57138.5,156104
1788753570000,57138.95,57140.95,57118,57118.1,273725
1788753600000,57121.6,57153.2,57117.7,57150.2,340971
1788753630000,57148.35,57176.7,57148.3,57165.55,249013
1788753660000,57166.4,57175,57156.5,57171.65,155178
1788753690000,57169.45,57174.65,57139.2,57142.45,250761
1788753720000,57149,57158.4,57147.7,57155.75,134715
1788753750000,57156.15,57161.05,57148.35,57153.35,112163
1788753780000,57155.85,57170.75,57151.8,57158.9,94431
1788753810000,57152.7,57165.4,57146.55,57164,171777
1788753840000,57168.15,57168.15,57157,57168,89228
1788753870000,57168.1,57184,57164.1,57180.15,194792
1788753900000,57182.3,57182.3,57168.4,57174.2,98059
1788753930000,57174.95,57188.85,57167.95,57188.8,217281
1788753960000,57192.5,57218.55,57187.75,57208.55,178069
1788753990000,57207.65,57210.45,57199.9,57204.65,187892
1788754020000,57207.35,57218.15,57199.45,57214.15,219336
1788754050000,57214.5,57217.15,57202.9,57204.05,96954
1788754080000,57207.35,57212.05,57192.05,57192.05,97160
1788754110000,57193.5,57203,57182.45,57185.95,138246
1788754140000,57189.2,57192.05,57172.35,57184.9,365443
1788754170000,57179,57202.95,57179,57190.4,135357
1788754200000,57192.3,57206.35,57192.25,57202.95,181243
1788754230000,57205.3,57219.2,57199.95,57205.2,273633
1788754260000,57206.2,57208.6,57198.55,57202.85,134409
1788754290000,57201.75,57202.55,57181.05,57189.25,167957
1788754320000,57189.15,57189.15,57177,57181.9,97152
1788754350000,57181.05,57196.9,57178.65,57188.65,112572
1788754380000,57188.7,57200.45,57185.6,57188.9,88840
1788754410000,57188.55,57198.55,57181.2,57187.65,78206
1788754440000,57189.1,57190.3,57172.1,57175.95,96892
1788754470000,57176.55,57179.55,57169.45,57178.95,93594
1788754500000,57181.85,57189.45,57176.35,57187.5,112410
1788754530000,57185.6,57205.6,57185.6,57194.9,109317
1788754560000,57194.6,57205.25,57190.25,57201.4,91481
1788754590000,57201.7,57210.45,57187.75,57190,267306
1788754620000,57189.4,57192.95,57183.8,57188.1,205649
1788754650000,57189.65,57189.7,57162.1,57162.1,133872
1788754680000,57169,57173.25,57144.65,57146.9,759239
1788754710000,57147.95,57163.3,57145,57156.1,481060
1788754740000,57155,57167.05,57149.65,57163.75,113295
1788754770000,57161.35,57173.25,57160.2,57173.25,99024
1788754800000,57172.25,57186.25,57172.25,57180.3,82979
1788754830000,57180.2,57186.6,57175.1,57181.8,64128
1788754860000,57182.25,57191.75,57169.7,57172.55,141747
1788754890000,57175.8,57180.85,57169.75,57179.4,138613
1788754920000,57180.95,57186.5,57175.4,57186.5,87130
1788754950000,57186.95,57189.15,57174.35,57185.4,90140
1788754980000,57187.8,57187.8,57175.95,57179.25,119000
1788755010000,57181.15,57182.95,57173.65,57180.2,47496
1788755040000,57181.1,57184.1,57164.1,57167.55,140949
1788755070000,57166.2,57170.3,57153.05,57153.05,119823
1788755100000,57160.2,57163.75,57146.65,57158.3,143769
1788755130000,57160.85,57165.1,57145.7,57154.3,201265
1788755160000,57154.65,57168.6,57150.35,57164.95,102366
1788755190000,57164.8,57175.65,57162.05,57174.8,129160
1788755220000,57174.5,57187.2,57172.9,57180.9,104603
1788755250000,57179.75,57184.05,57159.6,57163.7,85871
1788755280000,57163.05,57165.85,57145.5,57156,133626
1788755310000,57155.3,57158.9,57139.4,57144.35,137365
1788755340000,57144.95,57145.25,57137.45,57142.35,74522
1788755370000,57143.15,57149,57135.35,57139.55,212153
1788755400000,57135.8,57157.45,57135.8,57151.35,54117
1788755430000,57148.95,57151.4,57134.45,57140.45,89535
1788755460000,57142.65,57147.4,57134.2,57136.6,130307
1788755490000,57136.9,57160.5,57136.2,57158.15,234804
1788755520000,57160.6,57183.1,57157.35,57180.35,87189
1788755550000,57176.9,57193,57155.05,57161.8,838178
1788755580000,57160.5,57168.95,57158.1,57167.85,183684
1788755610000,57161.95,57172.7,57159.35,57166.2,173008
1788755640000,57165.3,57171.15,57153.9,57160.7,124564
1788755670000,57153.25,57160.65,57147.7,57152.35,110255
1788755700000,57155.7,57155.7,57146.4,57153.95,97453
1788755730000,57150.65,57157.15,57141.3,57145.7,203486
1788755760000,57147.45,57150,57136.9,57147.45,195112
1788755790000,57143.6,57148.1,57139.4,57145.25,141946
1788755820000,57145.5,57149.5,57140.2,57140.85,140869
1788755850000,57138.3,57143.35,57132.1,57142.65,144816
1788755880000,57142.75,57142.75,57128.2,57132.15,126337
1788755910000,57134.55,57144.3,57127.95,57139.7,119320
1788755940000,57143.6,57148.95,57141.35,57144.75,60443
1788755970000,57145,57154.55,57134.25,57138.6,136229
1788756000000,57139.8,57139.8,57125.9,57126.95,196328
1788756030000,57126.95,57136.15,57123.1,57125.9,355241
1788756060000,57129.95,57134.75,57123.85,57131.4,125043
1788756090000,57127.45,57133.75,57125.65,57129.85,177333
1788756120000,57131.7,57142.6,57128.9,57138.4,94247
1788756150000,57138.4,57144.65,57131.6,57133.15,158854
1788756180000,57132.85,57138.6,57119.75,57124.35,63601
1788756210000,57121.2,57121.2,57106.85,57111.1,296671
1788756240000,57108.2,57114.4,57102.8,57103,93958
1788756270000,57103,57107.7,57097.95,57098.8,64308
1788756300000,57101.9,57107.45,57090.5,57104.15,248538
1788756330000,57100.2,57113.85,57100.2,57108.45,72006
1788756360000,57104.55,57108.9,57083.1,57088.3,209332
1788756390000,57084.65,57089.7,57076.5,57082.95,237697
1788756420000,57082.9,57084.75,57064.7,57071.7,457032
1788756450000,57071.7,57083.3,57063.4,57083.3,158232
1788756480000,57084.95,57097.6,57079.85,57096.5,107844
1788756510000,57089.2,57107.2,57085.35,57103.15,215673
1788756540000,57103,57109.6,57099.7,57109.6,147080
1788756570000,57103.8,57109.6,57098.85,57099.35,176652
1788756600000,57098.35,57106.05,57093.4,57098.45,114882
1788756630000,57092.85,57105.1,57087.05,57090,173396
1788756660000,57086.4,57092.35,57078.2,57087.6,242225
1788756690000,57083.5,57093.65,57081.05,57082.25,126165
1788756720000,57079,57099,57079,57096.4,116602
1788756750000,57091.8,57106.85,57091.2,57095.4,104596
1788756780000,57099.35,57107.7,57095.45,57102.1,124610
1788756810000,57098.5,57099.05,57087.2,57089.85,118669
1788756840000,57089.65,57093.55,57083.7,57091.25,79495
1788756870000,57085.85,57092.95,57083.5,57089.3,117179
1788756900000,57085.45,57090.85,57083,57089.7,107076
1788756930000,57084.7,57091,57081.25,57083.75,86491
1788756960000,57084,57086.15,57074.5,57075.2,134494
1788756990000,57075.2,57079.05,57069.65,57071.4,96326
1788757020000,57076.75,57078.75,57065.5,57069.55,131012
1788757050000,57067.7,57077.3,57066.4,57076,70987
1788757080000,57073.2,57076.5,57061.5,57071.25,97884
1788757110000,57066.1,57069.85,57059.9,57062.05,48143
1788757140000,57062.1,57076.05,57057.35,57074.55,123197
1788757170000,57070.9,57073.2,57051.7,57062.2,115432
1788757200000,57063.8,57067.8,57055.15,57058.3,121530
1788757230000,57055.2,57067.35,57050.3,57060.95,112550
1788757260000,57061.5,57073.75,57060.35,57071.15,226321
1788757290000,57067.45,57083.15,57064.55,57077.95,218446
1788757320000,57078.3,57080.25,57072.25,57078.7,107121
1788757350000,57078.7,57081.2,57074.1,57078.55,94384
1788757380000,57078.4,57082.55,57072.5,57079.45,138718
1788757410000,57076.75,57083.15,57074.3,57080.55,222209
1788757440000,57081,57085.75,57078.15,57082.9,171757
1788757470000,57080.95,57089.3,57079.25,57083.25,102337
1788757500000,57084.1,57087.85,57079.5,57085.65,47622
1788757530000,57077.7,57093.45,57077.7,57087.85,86892
1788757560000,57089.95,57100.55,57085.25,57097.9,135872
1788757590000,57097.9,57102.7,57090.95,57100.95,120647
1788757620000,57102.55,57109.5,57096.95,57105.15,58308
1788757650000,57102.65,57113.4,57102.65,57112.5,59287
1788757680000,57106.7,57116.65,57103.35,57108.1,81569
1788757710000,57105.55,57108.3,57099.95,57103.45,89459
1788757740000,57101.75,57103.85,57086.75,57089.15,50512
1788757770000,57089.15,57093.8,57083.75,57089.25,155429
1788757800000,57090.55,57093.1,57085.55,57091.65,99324
1788757830000,57089.4,57099.25,57086.3,57089.7,53297
1788757860000,57090.8,57095.95,57087.2,57089.4,140552
1788757890000,57091.6,57093.9,57081.35,57089.1,93765
1788757920000,57087.55,57089.5,57079.95,57087.7,71789
1788757950000,57087.7,57088.25,57077.85,57088.25,70657
1788757980000,57088.1,57095.3,57086,57090.6,139665
1788758010000,57088.95,57091.85,57080.1,57083.45,77052
1788758040000,57083.95,57085.7,57064.15,57066.9,147492
1788758070000,57062.6,57071.2,57058.2,57069.5,140742
1788758100000,57067.45,57076.3,57065.95,57070.75,55387
1788758130000,57065.95,57073.05,57052.6,57061.4,90890
1788758160000,57060.1,57064.95,57055.3,57064.05,90463
1788758190000,57058.7,57066.55,57058.7,57063.55,84089
1788758220000,57063.8,57064.35,57054.5,57055.5,199353
1788758250000,57053.3,57064.5,57053.3,57054.35,77590
1788758280000,57054.5,57058.35,57050.15,57055.55,97615
1788758310000,57051.6,57057.05,57046.35,57049.4,207209
1788758340000,57050.55,57055.8,57045.95,57050.85,76421
1788758370000,57047.95,57062.2,57046.5,57058.9,140925
1788758400000,57062.6,57065.85,57056.8,57062.9,53913
1788758430000,57058.3,57083.15,57058.3,57078.4,188262
1788758460000,57076.6,57084.15,57074.75,57076,128100
1788758490000,57075.4,57080.85,57063.05,57076.95,125804
1788758520000,57075,57084.45,57073.2,57079.75,74990
1788758550000,57080.75,57089.3,57079.1,57086.3,100500
1788758580000,57087.35,57091.7,57079.7,57085.8,123955
1788758610000,57081.95,57085.25,57074.95,57079.75,78140
1788758640000,57079.5,57081.7,57071.35,57075.5,80593
1788758670000,57075.35,57081.45,57072,57074.95,79177
1788758700000,57074.1,57075.25,57063.6,57063.6,286402
1788758730000,57062.85,57069.15,57061.2,57065.7,173323
1788758760000,57065.65,57086.2,57064.1,57081.5,296425
1788758790000,57078.4,57087.65,57069.6,57076.65,137107
1788758820000,57073.2,57077.1,57066.7,57071,108411
1788758850000,57062.75,57074.7,57062.75,57072.55,64357
1788758880000,57070.6,57080.05,57068.15,57075.4,61726
1788758910000,57073.9,57080.3,57068.3,57078.6,89581
1788758940000,57076.1,57081.7,57070.9,57080.85,43073
1788758970000,57072.55,57080.4,57070.45,57073.25,46043
1788759000000,57072.6,57077,57062.55,57067.85,109952
1788759030000,57065,57074,57063.65,57071.15,83288
1788759060000,57071.2,57078.25,57066.4,57076,63114
1788759090000,57072.45,57083.6,57072.45,57077.7,158603
1788759120000,57081.25,57082.15,57074.5,57075.15,87232
1788759150000,57068.45,57084.35,57065.1,57078.05,133196
1788759180000,57078.55,57083.7,57072.5,57083.7,63888
1788759210000,57076.2,57084.4,57076.2,57078.05,81159
1788759240000,57077.8,57078.3,57059.05,57063.05,117975
1788759270000,57058.8,57066.2,57057.1,57057.1,87583
1788759300000,57059.9,57068.15,57058.1,57064.5,62821
1788759330000,57058.9,57063.45,57054.2,57055.7,47203
1788759360000,57056.8,57060.1,57051.65,57055.4,123717
1788759390000,57052.7,57059,57046.5,57047.9,83693
1788759420000,57049.75,57051.55,57045,57051.05,69408
1788759450000,57049.8,57054.2,57037,57044.95,136233
1788759480000,57049.1,57049.25,57040.35,57046.35,52580
1788759510000,57042.6,57051,57042.55,57048.7,101257
1788759540000,57050.15,57062.3,57046.15,57059.8,133255
1788759570000,57061.4,57061.4,57045.45,57050.55,62598
1788759600000,57049.15,57056.1,57045.65,57056.1,73427
1788759630000,57053.55,57063.15,57043.35,57046.1,72623
1788759660000,57047.5,57053.15,57040.75,57044.75,65252
1788759690000,57041.8,57056.3,57041.8,57053.85,100917
1788759720000,57052.2,57056.5,57046.05,57049.7,69016
1788759750000,57043.4,57048.6,57035.9,57041.5,40967
1788759780000,57046.25,57050.65,57028.05,57031.5,181288
1788759810000,57030.15,57039.55,57018.6,57033.2,233212
1788759840000,57028.2,57048.1,57028.2,57036.75,349030
1788759870000,57034.15,57049.8,57034.05,57049.8,72611
1788759900000,57046.7,57048.25,57037.35,57045.05,73693
1788759930000,57040.4,57045.65,57035.5,57040.15,41670
1788759960000,57038.2,57043.35,57032.5,57035.8,150418
1788759990000,57030.1,57044.25,57029.25,57044.15,82211
1788760020000,57041.9,57049.05,57038.3,57043.6,56068
1788760050000,57041.6,57062.8,57039.1,57060.2,137826
1788760080000,57058.35,57064.85,57051.35,57055.25,65232
1788760110000,57054.2,57062.9,57050.45,57056.55,45175
1788760140000,57054.2,57063.05,57048.6,57057.1,72880
1788760170000,57049.35,57065.4,57049.35,57057.85,90240
1788760200000,57054,57063.05,57050.4,57058.9,64891
1788760230000,57055.8,57071.7,57054.15,57071.7,156876
1788760260000,57069.2,57074.05,57065.15,57066.5,91022
1788760290000,57066.15,57074.65,57064.15,57067.2,61709
1788760320000,57067.45,57091.9,57065.95,57088,130437
1788760350000,57088.45,57096.55,57081.3,57088.1,133766
1788760380000,57087.95,57092.1,57082.8,57087.1,96569
1788760410000,57082.65,57094,57082.65,57089.5,74515
1788760440000,57088,57090.3,57082.75,57085.35,65661
1788760470000,57082.8,57086.05,57076.1,57080.55,49120
1788760500000,57082.1,57089.3,57079.1,57081.35,69927
1788760530000,57079.55,57098.55,57076.85,57095.75,80301
1788760560000,57092.55,57093.55,57082.9,57089.85,66998
1788760590000,57087.45,57094.35,57078.65,57084.5,90096
1788760620000,57087.5,57087.5,57068.6,57080,57928
1788760650000,57074.3,57083.75,57071.5,57081,48171
1788760680000,57079,57083.3,57067.1,57080.05,154680
1788760710000,57078.25,57086.3,57073.45,57073.95,85607
1788760740000,57079.75,57080.3,57067.3,57073.75,51030
1788760770000,57070.95,57081.7,57069.75,57075.1,208192
1788760800000,57077.95,57088.1,57072,57073.35,236638
1788760830000,57071.45,57084.45,57067.85,57079.1,234267
1788760860000,57076.55,57079.1,57060.3,57074,109999
1788760890000,57073.6,57082.6,57067.5,57074.15,187062
1788760920000,57077.55,57084.5,57073.55,57081.15,96191
1788760950000,57078.4,57083.7,57072.95,57076.05,37820
1788760980000,57075.65,57083.75,57073.35,57079.65,49337
1788761010000,57079.75,57083.45,57061.45,57078,202001
1788761040000,57070.75,57080.5,57070.55,57073.4,43268
1788761070000,57068.7,57080.5,57068.7,57074.75,32244
1788761100000,57077.65,57084.85,57071.55,57077.9,73669
1788761130000,57072.95,57080.05,57072.95,57074.5,281084
1788761160000,57076.4,57081.7,57070.15,57072.55,101274
1788761190000,57070.1,57074.6,57066.35,57068.9,178007
1788761220000,57072.6,57080.55,57069.1,57075.45,260654
1788761250000,57075,57078.95,57063.2,57068.8,457604
1788761280000,57068.55,57073.15,57060.25,57065.55,170714
1788761310000,57060.75,57077.65,57060.75,57075.75,184096
1788761340000,57074.2,57076.55,57066.15,57072,231761
1788761370000,57069.9,57076.75,57065.45,57071,133200
1788761400000,57071.65,57073.2,57064.8,57067.15,374753
1788761430000,57064.2,57073.1,57060.5,57061.35,169295
1788761460000,57065.1,57069.15,57060.25,57066.3,117619
1788761490000,57066,57072.15,57062.25,57064.6,111207
1788761520000,57065.6,57074.6,57064.45,57072.75,76542
1788761550000,57070.6,57079.1,57067.1,57074.25,46321
1788761580000,57073.45,57080.85,57068.7,57080.1,97995
1788761610000,57076.25,57081.4,57069.45,57080.1,56016
1788761640000,57079.6,57086.7,57076.05,57082.5,55958
1788761670000,57077.2,57085.35,57076.9,57080.7,370235
1788761700000,57081.55,57086.2,57078.25,57084,284977
1788761730000,57079.5,57083.15,57068.15,57070.25,87731
1788761760000,57069.05,57072.8,57063.2,57067.15,88116
1788761790000,57066.15,57080.7,57065.5,57078,226174
1788761820000,57077.95,57086.5,57073.05,57081.4,109976
1788761850000,57078.05,57089.35,57076.25,57078.95,191435
1788761880000,57081.3,57083.75,57071.75,57075.45,107383
1788761910000,57070.3,57084.95,57070.3,57083.05,537997
1788761940000,57083.65,57097.65,57074.4,57081.05,163867
1788761970000,57078,57090.95,57074.55,57075,93394
1788762000000,57080.65,57087.8,57074.15,57081.7,86041
1788762030000,57077.4,57084.5,57070.6,57071.2,88877
1788762060000,57072.45,57081.55,57068.55,57074.55,82897
1788762090000,57072.3,57077.95,57065.35,57075.8,171042
1788762120000,57075.8,57094.45,57075.8,57091,185712
1788762150000,57090.6,57097.95,57088.25,57097.7,108938
1788762180000,57096.65,57098.25,57089.45,57095.8,127382
1788762210000,57092.8,57110.25,57092.8,57102.8,174227
1788762240000,57102.8,57115.8,57101.65,57109.15,96732
1788762270000,57108.3,57115.05,57101.95,57104.05,64899
1788762300000,57104.05,57108.35,57095.7,57102.6,95893
1788762330000,57102.5,57113.95,57097.25,57110.4,54966
1788762360000,57110.4,57110.7,57100.25,57100.25,100820
1788762390000,57099.2,57104.95,57079.75,57086.4,237477
1788762420000,57086.4,57098.7,57084.75,57096.65,57445
1788762450000,57094.45,57102,57079.95,57087.15,275264
1788762480000,57087.15,57088.95,57077.2,57080.3,66260
1788762510000,57078.55,57092.2,57078.1,57089.2,99004
1788762540000,57091.9,57093.05,57083.2,57085.45,107084
1788762570000,57085.75,57093.9,57081.8,57085.75,59687
1788762600000,57086.45,57092.25,57080.4,57089.75,82403
1788762630000,57084.45,57086.6,57076.9,57081.75,71648
1788762660000,57081.2,57085.15,57069.95,57072.3,232801
1788762690000,57070.25,57079.95,57063.55,57076.55,232070
1788762720000,57075.85,57081.1,57072.2,57074.35,75762
1788762750000,57073.1,57077.7,57069.1,57069.6,84391
1788762780000,57072.6,57083.35,57070.3,57073.4,172370
1788762810000,57070.15,57073.2,57064.45,57068.5,143908
1788762840000,57072.65,57074.9,57063.9,57067.65,218314
1788762870000,57068.3,57075.2,57063,57071.2,185893
1788762900000,57071.85,57072.3,57057.85,57062.6,123516
1788762930000,57059.1,57067.65,57051.55,57063.15,114592
1788762960000,57065.1,57071.15,57057.55,57063.9,176464
1788762990000,57063.2,57069,57057.85,57066.4,130367
1788763020000,57066.35,57073.95,57063.85,57070.25,84553
1788763050000,57069.1,57078.45,57067.9,57076.7,64171
1788763080000,57076.7,57085.95,57071.8,57080.25,64664
1788763110000,57074,57090.45,57074,57083.25,87429
1788763140000,57083.8,57102.35,57079.05,57100.7,199900
1788763170000,57096.5,57103.45,57090.45,57096.9,91661
1788763200000,57094.7,57100.5,57087.75,57091.3,104871
1788763230000,57087.9,57093.35,57081.45,57083.6,78185
1788763260000,57083.6,57090.45,57080.15,57085.05,76026
1788763290000,57082,57094.2,57082,57087.05,99911
1788763320000,57093.3,57103.4,57089.65,57098.25,333855
1788763350000,57096.95,57106.85,57093.1,57098.8,99187
1788763380000,57102,57107.4,57096.4,57098.8,82058
1788763410000,57096.45,57098.4,57083.6,57088,98468
1788763440000,57085.9,57102.85,57084,57097.1,138546
1788763470000,57093.55,57111.35,57093.55,57106.7,207691
1788763500000,57106.7,57117.85,57103.2,57114.8,141146
1788763530000,57106.55,57116,57102.4,57104.95,211999
1788763560000,57106.45,57113.85,57103.3,57106.6,141684
1788763590000,57110.6,57110.65,57098.4,57098.4,66974
1788763620000,57098.1,57102,57091.5,57091.5,182532
1788763650000,57090.4,57098.6,57088.1,57093.1,91211
1788763680000,57092.5,57098.4,57080.6,57089.85,267992
1788763710000,57087,57096.4,57080.75,57081.4,115185
1788763740000,57081.4,57088.05,57070.6,57073,126262
1788763770000,57067.55,57076.15,57059.3,57067.9,71835
1788763800000,57060.65,57070.7,57051,57055.05,127729
1788763830000,57054.6,57072.15,57052.5,57065.55,81738
1788763860000,57066.35,57071.25,57060.9,57065.7,44320
1788763890000,57060.9,57062.95,57050.65,57050.65,189016
1788763920000,57052.65,57056.85,57041.65,57044.7,166155
1788763950000,57041.95,57053,57039.85,57041.4,57465
1788763980000,57041.6,57050.75,57040.7,57050.1,139771
1788764010000,57044.25,57049.65,57040.75,57046.9,47483
1788764040000,57045.9,57050.05,57043.85,57044.85,109420
1788764070000,57043.05,57050.15,57040.65,57047,111623
1788764100000,57045.75,57052.25,57042.55,57051.7,89806
1788764130000,57049.85,57051.6,57042.1,57044.5,411611
1788764160000,57044.8,57050.75,57039.45,57050.15,213269
1788764190000,57047.65,57053.5,57043.8,57046.25,94990
1788764220000,57048.45,57053.15,57043.95,57049,59387
1788764250000,57045.7,57051,57042.3,57047.6,75722
1788764280000,57047.8,57050.1,57040.9,57043.7,408834
1788764310000,57042.4,57046.1,57035.2,57041.65,486617
1788764340000,57048,57059,57046.25,57051,538241
1788764370000,57047.1,57055.5,57037.05,57042.5,351255
1788764400000,57039.3,57039.35,57028.15,57033.3,319930
1788764430000,57034.1,57036.7,57025.4,57028.1,585720
1788764460000,57027.8,57032.55,57017.25,57029.3,480956
1788764490000,57028.1,57041.4,57027.95,57035.8,168161
1788764520000,57036.5,57054.25,57034.65,57051.25,141947
1788764550000,57048.6,57057.85,57047.7,57056.6,139566
1788764580000,57059.2,57069.3,57050.7,57062.7,95202
1788764610000,57060.7,57073.1,57056.9,57071.35,131359
1788764640000,57072.05,57078.8,57065.4,57068.75,157277
1788764670000,57066.95,57073,57058,57065.4,69244
1788764700000,57065.3,57068.9,57023.95,57035.8,678038
1788764730000,57034.95,57043.35,57024.9,57038.25,303152
1788764760000,57038.1,57047.8,57024.4,57030.4,195096
1788764790000,57029.15,57045.9,57029.15,57036.15,130290
1788764820000,57037.4,57060.7,57033.6,57054.9,443386
1788764850000,57052.9,57074.35,57052.2,57070.6,116728
1788764880000,57065,57077.8,57065,57070,65915
1788764910000,57068.6,57072.7,57057.2,57070.95,108656
1788764940000,57069.35,57076.3,57056.15,57064.9,130652
1788764970000,57061.1,57070.5,57055.15,57065,79717
1788765000000,57066.45,57071.9,57060.2,57068.25,60470
1788765030000,57065,57071.1,57058.05,57062.2,113024
1788765060000,57070.1,57077.4,57060,57064,293491
1788765090000,57063.55,57079.35,57058.65,57075.7,874703
1788765120000,57076.75,57078.9,57062.8,57062.8,203259
1788765150000,57066.7,57073.1,57056.3,57059.15,139651
1788765180000,57064.55,57072.95,57056.65,57069.55,250334
1788765210000,57065.1,57072.85,57055.3,57060.55,121482
1788765240000,57060.95,57065.9,57052.6,57056.35,293368
1788765270000,57053.75,57059.45,57050.9,57055.7,103560
1788765300000,57058.6,57060.25,57050.85,57052.7,92348
1788765330000,57050.65,57056.7,57039.7,57056.7,87562
1788765360000,57055.55,57058.15,57044.4,57050.9,68227
1788765390000,57047.2,57053.8,57042.35,57051.05,92390
1788765420000,57048.85,57054.45,57026.5,57026.8,220679
1788765450000,57026.15,57042.65,57023.8,57036.85,169511
1788765480000,57037.95,57045.65,57031.95,57039.65,84195
1788765510000,57031.65,57044.3,57030.85,57039.7,106433
1788765540000,57040.85,57047.45,57033.05,57039.95,120254
1788765570000,57036.5,57047.1,57031.9,57038.95,110414
1788765600000,57039.95,57043.4,57029.95,57034.6,61342
1788765630000,57032.3,57035.6,57019.45,57024.8,110461
1788765660000,57028.85,57030.1,57015.1,57021.05,82288
1788765690000,57018.8,57029.4,57017.2,57028.55,84635
1788765720000,57028.5,57031.95,57021.85,57027.1,115154
1788765750000,57022.8,57028.25,57020.15,57024.35,51833
1788765780000,57024.1,57026.55,57016.1,57019.65,84086
1788765810000,57016.65,57018.85,57010.45,57014.15,107601
1788765840000,57013.6,57017.8,57002.95,57016.65,445141
1788765870000,57013.7,57025.2,57013.5,57023.3,129314
1788765900000,57018,57025.25,57014.2,57015.3,106413
1788765930000,57013.05,57023.25,57013.05,57015.95,155968
1788765960000,57013.8,57022.5,57010.75,57022.5,586589
1788765990000,57017.1,57026.8,57009.25,57025.5,118440
1788766020000,57025.7,57029.2,57019.55,57022.7,69079
1788766050000,57019.25,57042.9,57019.25,57040.6,233368
1788766080000,57034.35,57056.75,57034.35,57053,701682
1788766110000,57050.15,57054.6,57047.25,57054.5,96155
1788766140000,57047.85,57057.7,57043.85,57053.85,167373
1788766170000,57052.9,57063.85,57052.9,57058.6,70832
1788766200000,57058.9,57064.35,57049.05,57051.25,87827
1788766230000,57046.55,57056.25,57046.55,57049.8,236120
1788766260000,57047.35,57051.35,57044.05,57044.05,106875
1788766290000,57044.95,57058.15,57043.65,57055.35,450805
1788766320000,57053.95,57063.7,57053.95,57059.1,221412
1788766350000,57056.15,57064.55,57055.5,57059.3,101215
1788766380000,57058.1,57062.8,57052.1,57055.6,204901
1788766410000,57054.5,57056.85,57047.3,57049.65,168255
1788766440000,57052,57055.1,57044.95,57050.15,194668
1788766470000,57048.1,57058.55,57048.1,57051.35,111879
1788766500000,57053.6,57062,57045.9,57059.1,98671
1788766530000,57056.55,57063.6,57055.45,57059.05,76239
1788766560000,57062.75,57066.5,57058.35,57062.1,59786
1788766590000,57061,57068.85,57056.75,57063.45,56383
1788766620000,57066.95,57070.6,57059.95,57064.45,82055
1788766650000,57063.5,57070.25,57055.6,57061.1,101580
1788766680000,57060.9,57064.6,57052.05,57060.6,57433
1788766710000,57059.1,57061,57052.05,57058.5,111709
1788766740000,57057.45,57059.65,57050.1,57055.3,49324
1788766770000,57053.65,57056.4,57044.3,57051,119337
1788766800000,57049.4,57054.15,57039.45,57053.3,56898
1788766830000,57055.25,57059.25,57049.75,57050.65,76739
1788766860000,57051.25,57053.8,57041.8,57043.3,49680
1788766890000,57041.15,57051.7,57041.15,57043.85,50488
1788766920000,57049.85,57049.85,57037.5,57045.35,54778
1788766950000,57045.95,57057.05,57040.75,57052.8,248027
1788766980000,57053.4,57060.35,57044.75,57047.55,140376
1788767010000,57043.5,57052.45,57039.85,57049.7,77709
1788767040000,57050,57050.7,57040.3,57044.85,55340
1788767070000,57044.2,57048.15,57038.85,57042,117421
1788767100000,57043.1,57043.85,57034,57043.6,88015
1788767130000,57037.85,57046.2,57033.4,57037.6,83288
1788767160000,57041.25,57047.55,57037,57046.95,124129
1788767190000,57042.35,57047.65,57034.1,57035.5,184462
1788767220000,57039.2,57049.75,57034.95,57046.05,111642
1788767250000,57043.7,57051.25,57042.4,57044.8,640858
1788767280000,57049,57049,57039.25,57042.05,72128
1788767310000,57040.7,57045.45,57032.85,57032.85,334782
1788767340000,57036.2,57044.85,57034,57036.65,78779
1788767370000,57035.95,57054.35,57035.6,57054.35,51907
1788767400000,57054.45,57069.4,57052.85,57069.4,115707
1788767430000,57063.1,57069.5,57060.15,57061.45,79630
1788767460000,57062.85,57070.55,57056.15,57060.4,61791
1788767490000,57059.4,57065.6,57057.65,57057.95,41427
1788767520000,57059.9,57068,57056.85,57064,99355
1788767550000,57060.5,57066.95,57055.1,57058.6,74288
1788767580000,57061.4,57064.8,57053.35,57054.9,104427
1788767610000,57053.5,57059.9,57052.05,57053.8,50713
1788767640000,57053.25,57055.35,57044.85,57052.05,85180
1788767670000,57046.75,57060.9,57046.75,57056.75,88625
1788767700000,57059.6,57064.65,57051.65,57053.65,66194
1788767730000,57053.1,57076.9,57053.05,57068.7,143487
1788767760000,57070.35,57076,57064.6,57069.25,75443
1788767790000,57066.3,57081.9,57066.3,57073.7,89615
1788767820000,57075.85,57080.1,57065.15,57069,70473
1788767850000,57065.85,57074.65,57064.45,57064.65,63202
1788767880000,57067.1,57069.8,57060,57062,62445
1788767910000,57063.35,57069.7,57059.3,57066.35,62546
1788767940000,57068.5,57071.95,57063.8,57066.5,65942
1788767970000,57064.6,57070.15,57061.4,57064.7,121215
1788768000000,57067.5,57072.3,57063.55,57066.65,103999
1788768030000,57068.1,57069.55,57057.3,57060.4,225123
1788768060000,57058.4,57066,57056.45,57062.9,94050
1788768090000,57058.9,57064.75,57053.85,57060.65,301342
1788768120000,57062,57064.75,57053.6,57053.6,129940
1788768150000,57054.9,57060.1,57051.85,57053.85,32007
1788768180000,57056.35,57060.9,57049.2,57052.55,46708
1788768210000,57049.5,57062.35,57049.5,57058.8,132541
1788768240000,57060.45,57065.45,57054.65,57064.35,68586
1788768270000,57064.35,57065.9,57058.25,57060.25,81512
1788768300000,57061.2,57066.95,57056.1,57060.9,96510
1788768330000,57060,57062.1,57048.45,57048.75,74250
1788768360000,57051.65,57061.85,57049.3,57061.45,63844
1788768390000,57055.8,57066.3,57053.2,57061.8,135801
1788768420000,57064.4,57068.55,57059.9,57065.65,82577
1788768450000,57062.2,57097.95,57054,57096.2,335270
1788768480000,57097.75,57103,57091.5,57091.5,107055
1788768510000,57086.7,57092.9,57080.8,57087.15,83792
1788768540000,57088.6,57091.4,57082.15,57085.85,90693
1788768570000,57083.05,57087.95,57077.65,57081.5,52013
1788768600000,57081.95,57089,57080.55,57085.15,67314
1788768630000,57084.05,57088.8,57077.95,57079.45,143290
1788768660000,57082.95,57086.7,57076.7,57080.15,57364
1788768690000,57080.15,57089.45,57078.4,57086.2,75419
1788768720000,57088.45,57089.55,57080.1,57084.9,56222
1788768750000,57082.8,57089,57078.95,57081.25,105995
1788768780000,57083.55,57083.55,57072.7,57076.4,121237
1788768810000,57074.65,57080,57068.75,57070.3,90969
1788768840000,57073.35,57082.95,57071.35,57076.6,96732
1788768870000,57075.2,57083.85,57072.9,57078.6,119383
1788768900000,57079.15,57085.05,57074.5,57079.8,70043
1788768930000,57077.65,57086.95,57071,57076.8,177974
1788768960000,57080.65,57092.2,57079.65,57089.85,75767
1788768990000,57091.25,57093,57085.5,57091.4,72873
1788769020000,57092.2,57095.1,57082.5,57090.9,146957
1788769050000,57090.9,57105.95,57085.9,57100.6,234542
1788769080000,57098.15,57101.65,57087.65,57093.05,103451
1788769110000,57090.1,57101.65,57085.5,57095.3,85064
1788769140000,57097.1,57100.3,57088.35,57095.2,55755
1788769170000,57091.55,57099.4,57084.55,57089,84397
1788769200000,57091.25,57095.2,57085.05,57087.8,81917
1788769230000,57087.2,57096.6,57086.3,57095.55,89406
1788769260000,57096.25,57096.9,57084.95,57092.25,120188
1788769290000,57093.45,57097.4,57082.45,57090.25,83835
1788769320000,57088.95,57093.2,57083,57089.7,57336
1788769350000,57087.05,57105.35,57087.05,57100.9,89008
1788769380000,57102.35,57125.9,57093.65,57119.1,297059
1788769410000,57113.25,57122,57106.7,57119.3,199318
1788769440000,57118.8,57122.65,57110.65,57119.9,202836
1788769470000,57118.05,57118.7,57106.85,57114.6,238396
1788769500000,57116.2,57121.5,57107.35,57119.2,303082
1788769530000,57119.2,57119.2,57109,57115.15,327137
1788769560000,57112.55,57122.7,57108.5,57117.9,129904
1788769590000,57119.3,57120.35,57107,57112.55,244634
1788769620000,57109.75,57122.7,57104,57115.25,159546
1788769650000,57114.2,57118.9,57105.85,57112.45,79022
1788769680000,57112.8,57116.15,57101.8,57111.15,114198
1788769710000,57113.4,57119.05,57109.45,57111.5,70247
1788769740000,57114.45,57116.2,57108,57110.6,58163
1788769770000,57111.15,57113.7,57099.7,57103.7,67078
1788769800000,57106.75,57115.2,57101.3,57109.6,84209
1788769830000,57109.15,57123.5,57104.05,57121.75,99379
1788769860000,57126,57133.95,57123.7,57128.75,77820
1788769890000,57128.9,57128.9,57116.05,57122,103468
1788769920000,57120.6,57132.8,57114.05,57125.8,209531
1788769950000,57124.3,57133.8,57120.3,57128.4,155651
1788769980000,57128.35,57131.75,57116.25,57127.15,125363
1788770010000,57126.85,57126.85,57119.05,57125.55,333105
1788770040000,57126.5,57128.5,57116.35,57119.9,63423
1788770070000,57118.2,57126.75,57115.05,57126.7,99247
1788770100000,57124.05,57129.35,57120.95,57126.4,65805
1788770130000,57121,57126.35,57109.75,57114.85,161900
1788770160000,57114.25,57114.75,57104.25,57107.55,255726
1788770190000,57104.7,57112.3,57100.3,57106.6,62832
1788770220000,57105.6,57108.15,57101.4,57101.7,67328
1788770250000,57102.75,57108.4,57096.75,57102.75,86689
1788770280000,57102.2,57105.05,57088.65,57089.5,104684
1788770310000,57091.3,57095.65,57078.35,57078.35,106896
1788770340000,57083.8,57094.9,57083.8,57093.2,96047
1788770370000,57092.75,57095.35,57084.7,57087.3,71444
1788770400000,57087.95,57097.6,57087.95,57094.6,147638
1788770430000,57094.3,57098.5,57090.65,57097.6,117889
1788770460000,57097.25,57098.3,57090.2,57094.9,72377
1788770490000,57093.1,57095.8,57086.65,57095.6,69814
1788770520000,57095.25,57098.85,57091,57098.85,249420
1788770550000,57098.75,57103.85,57089.4,57100.2,99992
1788770580000,57098.3,57108.6,57096.6,57097.9,92624
1788770610000,57096.8,57105.45,57095.95,57103.95,105737
1788770640000,57103.2,57105.8,57096.05,57101.6,77048
1788770670000,57099.85,57104.4,57094.2,57098.55,83145
1788770700000,57099.15,57113.45,57096.8,57111.85,102703
1788770730000,57106.8,57111.95,57092.25,57099.65,84369
1788770760000,57103.1,57110.8,57098.15,57108.25,70103
1788770790000,57106.45,57108.3,57097.75,57104.65,67395
1788770820000,57106.2,57111.85,57096.7,57105.45,143124
1788770850000,57106.9,57109.15,57098,57102.15,171694
1788770880000,57105.65,57108.05,57094.35,57097.3,91929
1788770910000,57094.55,57111.05,57093.75,57107.25,111368
1788770940000,57108.95,57111.9,57101.15,57110.95,78322
1788770970000,57107.25,57112.6,57100.45,57106.4,87561
1788771000000,57109.7,57121.85,57107.1,57119.2,781298
1788771030000,57114.75,57124.9,57109.7,57118.05,146229
1788771060000,57116.55,57127.7,57114.9,57124.6,143966
1788771090000,57121.85,57127.55,57118.2,57118.8,385950
1788771120000,57121.8,57124.8,57114.3,57123,116238
1788771150000,57121.65,57126.35,57113.9,57120.95,120149
1788771180000,57121.6,57132.65,57120.55,57123.9,393356
1788771210000,57123.8,57133.45,57118.8,57126.5,234902
1788771240000,57132.15,57136.2,57124,57130.65,161484
1788771270000,57130.15,57135,57124.75,57129.45,99576
1788771300000,57131.4,57140.95,57128.15,57135.55,293353
1788771330000,57134.6,57141.25,57124.75,57136.6,228613
1788771360000,57136,57151.7,57135.2,57150,234532
1788771390000,57148.45,57150.75,57138.1,57142,141412
1788771420000,57138.05,57149.25,57133.7,57147.65,109529
1788771450000,57145.55,57148,57139.8,57144.95,113086
1788771480000,57143.75,57155.2,57142.55,57149.25,190553
1788771510000,57149.5,57155.7,57146,57149.45,180563
1788771540000,57150.5,57160.3,57148.6,57154.85,151529
1788771570000,57153.3,57176.45,57152.35,57171.4,508082
1788771600000,57171.1,57184.95,57170.8,57182.2,462651
1788771630000,57178.55,57180.6,57162.65,57165.95,199157
1788771660000,57168.7,57171.6,57156.95,57160.3,122784
1788771690000,57158.1,57159.75,57143,57146.7,166889
1788771720000,57147.95,57158.9,57145.55,57149.3,137612
1788771750000,57150,57164.25,57146.8,57162.8,92108
1788771780000,57163.55,57165.2,57152.65,57158.1,100008
1788771810000,57155.6,57162.2,57149,57153,232185
1788771840000,57153.35,57156.35,57139.1,57139.1,99932
1788771870000,57138.45,57143.6,57134.05,57136,156371
1788771900000,57139.6,57154.75,57131.75,57144.5,153888
1788771930000,57146.1,57148.15,57131.75,57133.1,98219
1788771960000,57133.95,57138.65,57126.05,57136.6,138686
1788771990000,57135.1,57139.1,57127.25,57131.15,426983
1788772020000,57131.65,57133.8,57123.65,57128.9,130400
1788772050000,57128.85,57128.9,57119.65,57123.25,175797
1788772080000,57122.75,57123.45,57107.05,57113.4,244390
1788772110000,57109.3,57116.55,57102.05,57106,161088
1788772140000,57106.2,57115.8,57099.9,57111.8,323794
1788772170000,57113.85,57113.85,57087.5,57092.5,222614
1788772200000,57092.2,57101.6,57086.55,57091.7,138688
1788772230000,57091.1,57095.9,57077.9,57077.9,148394
1788772260000,57080.1,57083.75,57074.35,57078.65,174160
1788772290000,57080.7,57089.65,57069.35,57086.7,110250
1788772320000,57087.75,57092.45,57076.1,57083.65,92603
1788772350000,57083.35,57090.9,57076.15,57081.7,252592
1788772380000,57082.6,57086.8,57071.5,57080.65,187148
1788772410000,57082.05,57084.7,57075.55,57080.55,210726
1788772440000,57082.3,57082.3,57073.95,57078.95,205455
1788772470000,57074.65,57077.85,57065.85,57073.3,125361
1788772500000,57072.7,57076.5,57058.75,57065.5,153054
1788772530000,57060.3,57071.55,57059.2,57067.1,185617
1788772560000,57069.3,57073.2,57060.9,57063.1,127849
1788772590000,57065.45,57073.85,57058.3,57067.85,104560
1788772620000,57071.55,57073.95,57057.4,57068.35,151506
1788772650000,57069.3,57070.6,57054.05,57059.85,344811
1788772680000,57064.45,57069.95,57058.8,57063.9,116966
1788772710000,57066.75,57070.55,57059.8,57062.95,242122
1788772740000,57064.8,57066.6,57051.45,57063.9,309324
1788772770000,57065.55,57072.35,57057.65,57067.55,487655
1788772800000,57077.55,57077.55,57061.45,57070.3,261171
1788772830000,57076,57093.65,57072.6,57082.9,239165
1788772860000,57089.45,57096.15,57075.6,57093.7,652815
1788772890000,57092.1,57100.2,57086.6,57089.2,160547
1788772920000,57092.8,57094.15,57071.6,57073.05,364897
1788772950000,57072.65,57072.65,57057.1,57059.9,300083
1788772980000,57061.85,57061.85,57046.45,57056.2,197022
1788773010000,57055.5,57060.75,57045.5,57048.25,215478
1788773040000,57051.95,57058.7,57046.2,57049.85,231882
1788773070000,57055.2,57065.6,57051.35,57051.35,218027
1788773100000,57052.05,57066.6,57050.9,57051.85,252405
1788773130000,57051.15,57060.6,57047.1,57052.25,198434
1788773160000,57060.75,57064.3,57046.85,57049.4,424941
1788773190000,57052.7,57058.85,57047.35,57054.2,131265
1788773220000,57056.6,57064.55,57049.65,57054.7,239655
1788773250000,57056.65,57056.8,57044.8,57049.95,152957
1788773280000,57053.8,57058.15,57044.95,57047.4,193289
1788773310000,57047.6,57055.7,57041.5,57043.75,241300
1788773340000,57050.4,57059.1,57030.8,57052.85,304713
1788773370000,57053.35,57057.1,57043.8,57056.15,270754
1788773400000,57058.6,57065.45,57044.5,57056.4,550727
1788773430000,57059.3,57071.65,57054.25,57061.6,329197
1788773460000,57063.5,57072.7,57063.5,57068.05,506590
1788773490000,57067.4,57072.55,57062.1,57066.4,225195
1788773520000,57066.8,57072.5,57060.35,57071.6,291860
1788773550000,57071.4,57080.2,57063.4,57079.85,389660
1788773580000,57080.1,57083.3,57074.9,57082.25,346382
1788773610000,57082,57094.15,57071,57091.5,391135
1788773640000,57090.45,57105.15,57088.9,57102.7,681707
1788773670000,57104.85,57104.85,57087.5,57091.4,501628
1788773700000,57089.5,57091.55,57075.35,57085.35,590003
1788773730000,57086.75,57087.15,57068.6,57076,370019
1788773760000,57076.45,57081.65,57068.85,57078.7,473506
1788773790000,57078.55,57080.1,57062.8,57071.4,272664
1788773820000,57070.45,57088.45,57067.05,57083.75,467403
1788773850000,57085.3,57090.25,57076.5,57081.45,413347
1788773880000,57084.55,57090.8,57077.35,57086.1,515840
1788773910000,57085.8,57088.85,57068.3,57069.45,246463
1788773940000,57074.2,57077.1,57051.7,57071.95,835421
1788773970000,57069.1,57075.2,57054.95,57064.25,349751
1788774000000,57065.8,57084.5,57065.7,57078.3,991835
1788774030000,57075.25,57078.4,57065.5,57067.4,423333
1788774060000,57072.15,57072.15,57037.7,57049.15,502618
1788774090000,57052.35,57060.15,57036.95,57046.4,508285
1788774120000,57049,57067.25,57042.15,57054.45,778963
1788774150000,57057.1,57061.75,57019.8,57033.9,1484977
1788774180000,57041.2,57056.5,57034.25,57047.7,618673
1788774210000,57051.2,57057.45,57038.6,57051.8,432393
1788774240000,57050.75,57072,57048.6,57054.75,431796
1788774270000,57057.2,57059.4,57003.6,57056.75,338999
1788774300000,57056.75,57056.75,57056.75,57056.75,17357
1788774330000,57056.75,57056.75,57056.75,57056.75,0
1788774360000,57056.75,57056.75,57056.75,57056.75,0
1788774390000,57056.75,57056.75,57056.75,57056.75,0
1788774420000,57056.75,57056.75,57056.75,57056.75,0
1788774450000,57056.75,57056.75,57056.75,57056.75,0
1788774480000,57056.75,57056.75,57056.75,57056.75,0
1788774510000,57056.75,57056.75,57056.75,57056.75,0
1788774540000,57056.75,57056.75,57056.75,57056.75,0
1788774570000,57056.75,57056.75,57056.75,57056.75,0
1788774600000,57056.75,57056.75,57056.75,57056.75,0
1788774630000,57056.75,57056.75,57056.75,57056.75,0
1788774660000,57056.75,57056.75,57056.75,57056.75,0
1788774690000,57056.75,57056.75,57056.75,57056.75,0
1788774720000,57056.75,57056.75,57056.75,57056.75,0
1788774750000,57056.75,57056.75,57056.75,57056.75,0
1788774780000,57056.75,57056.75,57056.75,57056.75,0
1788774810000,57056.75,57056.75,57056.75,57056.75,0
1788774840000,57056.75,57056.75,57056.75,57056.75,0
1788774870000,57056.75,57056.75,57056.75,57056.75,0
1788774900000,57056.75,57056.75,57056.75,57056.75,0
1788774930000,57056.75,57056.75,57056.75,57056.75,0
1788774960000,57056.75,57056.75,57056.75,57056.75,0
1788774990000,57056.75,57056.75,57056.75,57056.75,0
1788775020000,57056.75,57056.75,57056.75,57056.75,0
1788775050000,57056.75,57056.75,57056.75,57056.75,0
1788775080000,57056.75,57056.75,57056.75,57056.75,0
1788775110000,57056.75,57056.75,57056.75,57056.75,0
1788775140000,57056.75,57056.75,57056.75,57056.75,0
1788775170000,57056.75,57088.3,57056.75,57088.3,1739274
1788838800000,56990.4,56990.4,56990.4,56990.4,0
1788838830000,56990.4,56990.4,56990.4,56990.4,0
1788838860000,56990.4,56990.4,56990.4,56990.4,0
1788838890000,56990.4,56990.4,56990.4,56990.4,0
1788838920000,56990.4,56990.4,56990.4,56990.4,0
1788838950000,56990.4,56990.4,56990.4,56990.4,0
1788838980000,56990.4,56990.4,56990.4,56990.4,0
1788839010000,56990.4,56990.4,56990.4,56990.4,0
1788839040000,56990.4,56990.4,56990.4,56990.4,0
1788839070000,56990.4,56990.4,56990.4,56990.4,0
1788839100000,56990.4,57044,56855.8,56912.85,943210
1788839130000,56911.95,56916.75,56878.45,56895.4,676707
1788839160000,56893.15,56905.15,56871.25,56901.25,474633
1788839190000,56900,56918.8,56896.35,56911.9,361311
1788839220000,56911.55,56954.2,56904.65,56938.95,413437
1788839250000,56946.2,56957.05,56925.65,56935.6,336524
1788839280000,56933.75,56961.1,56932,56943.85,427506
1788839310000,56946.35,56951.95,56931.85,56932.7,457352
1788839340000,56937.4,56942.5,56929.15,56932.85,289090
1788839370000,56936.1,56944.45,56926.7,56932,269611
1788839400000,56934.75,56945.15,56928.85,56933.6,954272
1788839430000,56931.6,56937.8,56917.6,56925.6,195806
1788839460000,56926.6,56935.9,56918.4,56922.85,281959
1788839490000,56919.7,56938.05,56917.55,56937.4,168871
1788839520000,56935.7,56947.7,56928.35,56931.4,204702
1788839550000,56929.45,56934.95,56921.6,56928.65,221233
1788839580000,56926.85,56936.3,56917,56930,135244
1788839610000,56929.3,56932.8,56919.85,56921.05,218487
1788839640000,56919.7,56930.75,56919.7,56923.45,115013
1788839670000,56923.65,56928.1,56916.95,56925.15,229208
1788839700000,56926.35,56930.05,56918,56927.55,431026
1788839730000,56929.45,56952.15,56928.05,56949.5,193946
1788839760000,56949.45,56974.8,56949.45,56960.55,240576
1788839790000,56960.2,56974.3,56947.65,56972.2,142517
1788839820000,56974,56976.3,56963.05,56965.7,186819
1788839850000,56966.5,56968.6,56958.05,56965.9,228170
1788839880000,56969.75,56972.6,56952.5,56956.45,103830
1788839910000,56957.15,56967.6,56951.25,56964.95,448807
1788839940000,56965.1,56965.1,56942.7,56943.8,301516
1788839970000,56943.5,56946.7,56923.6,56935.85,805047
1788840000000,56931.25,56934.45,56918.5,56922.55,235759
1788840030000,56926.05,56932.5,56918.1,56922.35,171559
1788840060000,56918.7,56921.6,56904.1,56913.35,257812
1788840090000,56915.75,56919.2,56896.6,56896.6,173185
1788840120000,56899.3,56924.4,56899.3,56920.75,202032
1788840150000,56925.15,56930.25,56919.7,56929,145015
1788840180000,56927.05,56929.9,56916.35,56921.3,128976
1788840210000,56922.5,56939.6,56922.5,56939.6,288326
1788840240000,56940.3,56944.4,56932.5,56937.5,125421
1788840270000,56938.05,56938.55,56926.8,56935.1,227994
1788840300000,56933.4,56946.05,56928.75,56946.05,96642
1788840330000,56947.45,56958.85,56945.5,56956.15,314729
1788840360000,56959.55,56959.75,56946.35,56954.15,154802
1788840390000,56955.85,56964.95,56948.6,56961.45,165842
1788840420000,56961.8,56961.8,56946.55,56950.75,144280
1788840450000,56950.5,56957.65,56945.05,56957.65,170023
1788840480000,56960.45,56963.7,56953.7,56956.9,80180
1788840510000,56958.45,56965.45,56945.8,56945.8,101192
1788840540000,56953.3,56956.5,56936.65,56942.4,115923
1788840570000,56944.35,56950.8,56941.8,56946.05,58667
1788840600000,56951.75,56951.75,56939.4,56944.95,64078
1788840630000,56944.4,56946.6,56929.9,56934.65,117041
1788840660000,56932.95,56941.55,56932,56935.9,155611
1788840690000,56936.3,56939.95,56925.15,56933.1,219581
1788840720000,56931.15,56933,56911.95,56913.85,112560
1788840750000,56914.1,56915.75,56902.45,56907.25,138505
1788840780000,56906.55,56911.8,56899.15,56902.3,102580
1788840810000,56903.4,56916.05,56902.3,56902.3,146198
1788840840000,56902.9,56906.6,56891.15,56904.95,113842
1788840870000,56899.8,56901,56889.4,56899.75,137728
1788840900000,56894.25,56902.5,56889.95,56897.6,83697
1788840930000,56894.2,56896.7,56884.75,56891.15,89200
1788840960000,56890.65,56904.35,56887.3,56899.25,68670
1788840990000,56904.6,56904.6,56889.75,56895,66281
1788841020000,56893.9,56898.35,56878.95,56883.9,152844
1788841050000,56881.8,56889.05,56869.7,56874.95,285776
1788841080000,56877.3,56892.6,56870.5,56882.5,71139
1788841110000,56881.75,56887.35,56873.4,56876.9,361417
1788841140000,56874.6,56895.5,56871.7,56892.45,77922
1788841170000,56893.15,56915.25,56893.15,56913.45,121449
1788841200000,56915.45,56926.2,56910.4,56922.1,91180
1788841230000,56921.65,56925.2,56912.8,56922.3,76828
1788841260000,56922.1,56927.05,56914.2,56926.15,43299
1788841290000,56925.1,56925.1,56894.95,56904.5,124157
1788841320000,56905,56908.75,56896.25,56904.9,65652
1788841350000,56906.1,56917.65,56902.25,56917.65,103107
1788841380000,56920.1,56920.7,56901.85,56909.7,107553
1788841410000,56908.8,56913.6,56900.85,56902.45,90559
1788841440000,56900.3,56907.35,56896.9,56896.9,65449
1788841470000,56901.65,56901.65,56887.05,56890.15,141806
1788841500000,56891.9,56893.55,56883.05,56886.9,73486
1788841530000,56889.4,56892.5,56882.4,56890.05,46818
1788841560000,56892.75,56892.75,56880.15,56884.95,82967
1788841590000,56884.85,56886.7,56877.25,56883.95,96219
1788841620000,56885.7,56887.9,56876.8,56884.75,123000
1788841650000,56889.55,56890.35,56879.2,56881,48320
1788841680000,56881.75,56890.8,56876.35,56881.85,80029
1788841710000,56882.7,56882.85,56872.35,56878.35,88090
1788841740000,56876.05,56881.8,56867.55,56877.35,154559
1788841770000,56875.6,56879.8,56870.25,56874.6,49766
1788841800000,56874.5,56889.45,56874.5,56883.5,146495
1788841830000,56882.7,56900.45,56877.5,56900.45,62978
1788841860000,56901.9,56915.5,56895.7,56899.75,203339
1788841890000,56900.95,56907.7,56895.85,56904,194710
1788841920000,56905.55,56905.55,56888.85,56891.85,99387
1788841950000,56896.6,56896.6,56885.55,56888.1,103801
1788841980000,56886.35,56889.35,56878.45,56882.6,85721
1788842010000,56882.8,56883.35,56868.55,56870.75,114639
1788842040000,56872.55,56882.4,56870.65,56874.45,61724
1788842070000,56877.8,56877.85,56865.95,56872.05,180478
1788842100000,56870.25,56874.5,56859.1,56862,184332
1788842130000,56863.55,56866.5,56850.25,56856.15,173128
1788842160000,56857.85,56863.95,56851.85,56856.65,243114
1788842190000,56856.65,56871.95,56851.25,56866.95,100320
1788842220000,56866.1,56892.15,56864.05,56888.3,286764
1788842250000,56889.6,56890.65,56882.5,56884.95,68275
1788842280000,56887.1,56891.45,56884.7,56890.45,75070
1788842310000,56889.75,56894.15,56880.65,56890.5,75668
1788842340000,56891.3,56894.6,56884.35,56891.25,92266
1788842370000,56889.15,56914.1,56887.4,56909.6,638752
1788842400000,56908.5,56915.6,56906.05,56906.4,101603
1788842430000,56905.2,56912.4,56901,56907.15,110977
1788842460000,56905.4,56912.35,56902.9,56911.35,155519
1788842490000,56911.35,56918,56906.55,56915.55,168908
1788842520000,56913.05,56921.3,56909.3,56920.6,81963
1788842550000,56920.3,56943.3,56913.55,56943.3,582277
1788842580000,56940.8,56958.65,56935.9,56957.7,387634
1788842610000,56957.7,56970.25,56954.1,56959.15,425745
1788842640000,56956.65,56969.35,56951.8,56965.9,676585
1788842670000,56967.05,56988.9,56963.7,56987.4,941465
1788842700000,56988.2,57019.6,56988.2,57009.65,304208
1788842730000,57009.9,57009.9,56991.45,56993.7,183114
1788842760000,56995.15,57002.4,56993.75,56999.45,251559
1788842790000,56997.4,57004.2,56990.75,57004.2,201601
1788842820000,57003.85,57014.65,56998.45,57007.55,149421
1788842850000,57006.7,57010.5,56995.8,56996.15,119955
1788842880000,56995.3,56995.3,56976.55,56983.75,194514
1788842910000,56983.75,56985.85,56976.1,56980.95,218408
1788842940000,56981.45,57001.05,56980.65,57000.6,90678
1788842970000,56997.3,56998.75,56991.35,56994.75,120542
1788843000000,56994.3,56994.3,56981.35,56987.2,115607
1788843030000,56988.15,56995.5,56980.15,56983.9,169146
1788843060000,56983.85,56987.8,56965.8,56969.4,83988
1788843090000,56971.25,56984.4,56968.95,56975.7,94950
1788843120000,56975.4,56980.75,56968.3,56973.25,74366
1788843150000,56975.5,56982.6,56970.2,56976.4,57446
1788843180000,56976.35,56976.35,56966.45,56967.25,87820
1788843210000,56967.25,56980,56967.25,56969.6,77041
1788843240000,56974.8,56974.8,56951.1,56951.95,155483
1788843270000,56951.2,56955.65,56943.6,56951.9,226920
1788843300000,56951,56951.4,56917.8,56922.2,348588
1788843330000,56921.7,56931.7,56918.75,56925.85,71783
1788843360000,56928.75,56928.75,56919.6,56921.7,57886
1788843390000,56920.75,56925.6,56914.35,56918.7,65561
1788843420000,56920.05,56940.9,56916.75,56939.85,141442
1788843450000,56941.5,56946.3,56933.9,56936.8,74328
1788843480000,56938.9,56940.8,56924.55,56925.5,134725
1788843510000,56923.65,56931.5,56916.9,56920.7,91588
1788843540000,56923.6,56923.6,56908.75,56918.05,103128
1788843570000,56920.2,56922.6,56907.05,56916.85,200493
1788843600000,56920.8,56933.65,56920.3,56926.85,96863
1788843630000,56931.15,56935.95,56919.35,56927.7,122748
1788843660000,56927.65,56945.1,56926.15,56938.7,179799
1788843690000,56939.75,56939.75,56912.2,56912.2,153280
1788843720000,56912.85,56921.75,56911.45,56918.85,47688
1788843750000,56917.75,56925.4,56914.85,56922.45,57618
1788843780000,56926.85,56936.85,56922.45,56931.55,154035
1788843810000,56931.3,56931.3,56920.95,56923.7,72193
1788843840000,56925.35,56934.55,56923.5,56929.7,127407
1788843870000,56929.7,56937.5,56925.6,56932.4,50908
1788843900000,56933.6,56933.6,56915.7,56922.9,45032
1788843930000,56922.55,56924.3,56915.85,56916.7,47902
1788843960000,56917.05,56917.45,56895.25,56900.65,193593
1788843990000,56901.45,56902.8,56889.3,56892.5,83777
1788844020000,56893,56893.95,56884.65,56893,125255
1788844050000,56892.2,56902.5,56889.8,56894.85,82692
1788844080000,56898.45,56900.75,56890.7,56898.9,149192
1788844110000,56900.7,56907.95,56881.1,56884,375065
1788844140000,56880.05,56890.05,56873.9,56883.6,114716
1788844170000,56884,56890.9,56882.1,56889.45,82430
1788844200000,56888.7,56891.9,56881.2,56888.05,104198
1788844230000,56890.6,56896.05,56887.9,56895.15,54388
1788844260000,56892.7,56896,56886,56890.6,65152
1788844290000,56890.5,56920.5,56886.8,56910.95,112098
1788844320000,56910.45,56915.9,56904.65,56910.6,65872
1788844350000,56910.05,56916.45,56906.3,56916.25,72655
1788844380000,56913.25,56917.25,56908.65,56915.75,49831
1788844410000,56913.1,56917.8,56909.3,56913.7,47450
1788844440000,56912.7,56919.55,56909.85,56911.8,94938
1788844470000,56911.55,56911.55,56900.2,56907.95,231193
1788844500000,56907.35,56921.25,56905.55,56920.55,51785
1788844530000,56922.5,56924.25,56913.65,56913.85,104529
1788844560000,56918.65,56939.6,56914.35,56936.85,103118
1788844590000,56937.1,56946.35,56931.7,56945.25,78889
1788844620000,56947.65,56953.2,56942.7,56951.1,197472
1788844650000,56950.75,56960.1,56947.3,56954.45,71364
1788844680000,56956.6,56964.3,56951.55,56961.05,177706
1788844710000,56962.95,56968,56959.4,56961.7,218079
1788844740000,56963.65,56966.3,56949.95,56958.6,115498
1788844770000,56957,56968.85,56954.4,56956.85,698013
1788844800000,56958.3,56974.65,56952.4,56974.65,317312
1788844830000,56974.65,56982.05,56959.45,56965.7,361163
1788844860000,56965.4,56969.45,56945.25,56949.35,133684
1788844890000,56950.2,56954,56942.25,56948.25,143510
1788844920000,56950.55,56954,56942.3,56946.55,405493
1788844950000,56949.25,56954.4,56944.8,56952.5,131811
1788844980000,56953.4,56959.85,56948.25,56949.85,99203
1788845010000,56953.45,56960.25,56948.7,56955.4,320053
1788845040000,56958.45,56963.9,56950.75,56958.45,152362
1788845070000,56958.7,56960.15,56933.35,56937.6,287510
1788845100000,56938.75,56940.25,56915.9,56918.45,459450
1788845130000,56916.05,56930.6,56906.35,56929.45,258390
1788845160000,56926.25,56933.8,56921.45,56922.6,85486
1788845190000,56923.75,56931,56914.85,56917.85,153234
1788845220000,56923.65,56930.5,56916.8,56928.75,65658
1788845250000,56930.15,56936.65,56923.2,56931.9,90390
1788845280000,56932.5,56936.3,56927.05,56927.05,76025
1788845310000,56931.4,56940.3,56929.25,56938.2,95041
1788845340000,56939.75,56939.95,56929,56936.05,42603
1788845370000,56939.35,56940.55,56926.45,56929.45,120536
1788845400000,56933.8,56939.05,56927.8,56932.2,78018
1788845430000,56931.4,56936.15,56923.3,56928.75,110711
1788845460000,56922.95,56928,56915.1,56927.9,311548
1788845490000,56928.35,56937.55,56927.35,56927.75,158986
1788845520000,56927,56933.9,56923.55,56926.8,228987
1788845550000,56929.55,56934.2,56927.25,56932.95,105723
1788845580000,56933,56935,56920.05,56925.15,98473
1788845610000,56923.25,56928.6,56920.55,56926.15,88463
1788845640000,56927.7,56934.05,56921.15,56929.55,161726
1788845670000,56928.1,56931.8,56906.8,56910.3,158566
1788845700000,56908.9,56913.35,56900,56904.6,82162
1788845730000,56908.3,56918.9,56902.5,56913.85,202658
1788845760000,56910.8,56922.45,56908.9,56918.25,355650
1788845790000,56920.65,56923.95,56913.6,56919.55,170169
1788845820000,56920.25,56928.8,56909.25,56928.8,276254
1788845850000,56929.75,56937.2,56921.9,56928.95,309996
1788845880000,56927.8,56938.2,56925.6,56937.4,130157
1788845910000,56936.4,56936.4,56918.9,56921.5,302521
1788845940000,56920.2,56928.1,56919.9,56923.65,242047
1788845970000,56920.85,56920.85,56911.5,56917.8,164074
1788846000000,56918.6,56939.2,56912.45,56916.25,291394
1788846030000,56915.2,56918.15,56907.9,56909.9,155475
1788846060000,56910,56914.2,56899.4,56912.1,151176
1788846090000,56912.65,56921.6,56908.15,56921.6,127428
1788846120000,56920.1,56923.1,56911.15,56915.6,88934
1788846150000,56914.9,56917.85,56897.55,56900.75,173789
1788846180000,56905.15,56915.55,56889.2,56913.2,781376
1788846210000,56908.4,56930.75,56906.1,56928,483778
1788846240000,56929.25,56929.25,56906.6,56909.7,171064
1788846270000,56912.55,56918.8,56906.7,56915.75,93269
1788846300000,56917.3,56918.2,56909.35,56914.75,86852
1788846330000,56916.05,56921.7,56911.25,56914.1,78902
1788846360000,56915.75,56915.75,56896.9,56909.4,173823
1788846390000,56912,56933.05,56907.8,56926.4,213429
1788846420000,56925.2,56928.5,56912.45,56924.5,295958
1788846450000,56923.9,56928.05,56915.15,56918.3,121740
1788846480000,56919.45,56928.6,56914.9,56921.9,87572
1788846510000,56924.55,56933.75,56923.35,56929.65,353597
1788846540000,56932.95,56940.55,56927.4,56937.55,275903
1788846570000,56936.4,56939.9,56931.25,56934.4,103043
1788846600000,56933.3,56937.65,56928.3,56931.6,145600
1788846630000,56931.85,56941.6,56925.95,56933.9,99494
1788846660000,56934.8,56938.2,56928.65,56933.7,80838
1788846690000,56933.8,56938.85,56929.1,56934.85,101209
1788846720000,56933.35,56934.75,56918.35,56924.15,76450
1788846750000,56926.05,56932.6,56918.35,56926.3,98782
1788846780000,56927.25,56934.2,56922.6,56932.25,65568
1788846810000,56933.35,56940.1,56925.15,56925.7,90286
1788846840000,56931.15,56933.5,56915.05,56918.15,93403
1788846870000,56920.55,56929.9,56918.05,56925.65,86660
1788846900000,56925.7,56932.8,56917.45,56932.8,83851
1788846930000,56931.95,56949.15,56930.95,56945.35,128926
1788846960000,56949.85,56959.55,56943.75,56948.85,120485
1788846990000,56947.1,56952.65,56943.4,56951.65,89839
1788847020000,56954,56957.1,56944.7,56952.45,169349
1788847050000,56946.9,56951.55,56933.3,56939.3,127218
1788847080000,56939.4,56941.5,56932.85,56936,60339
1788847110000,56934.3,56944.2,56914.15,56915.5,199656
1788847140000,56918.6,56919.45,56903.6,56909,127412
1788847170000,56908.75,56913.95,56898.3,56903.4,202104
1788847200000,56900.4,56925.1,56887.7,56895.75,603193
1788847230000,56894.7,56903.15,56891.95,56891.95,112475
1788847260000,56894.6,56897.95,56885.9,56885.9,86660
1788847290000,56886,56900.15,56882.35,56898.75,95977
1788847320000,56902.15,56917.3,56900.05,56913.05,208392
1788847350000,56910.1,56917.75,56905.15,56905.15,180935
1788847380000,56906.45,56910.7,56889.1,56894.3,97328
1788847410000,56893.7,56902.25,56888.6,56897.2,117482
1788847440000,56897.65,56899.1,56888.65,56897.95,60537
1788847470000,56893.75,56893.75,56882.9,56886.3,108886
1788847500000,56889.05,56900.55,56880.55,56885.35,300608
1788847530000,56884.4,56888.35,56880.35,56883.85,178171
1788847560000,56885.1,56891.5,56879.15,56883.95,218633
1788847590000,56884.65,56894.6,56883.35,56887.95,123758
1788847620000,56889.15,56892.7,56879.45,56881.3,208140
1788847650000,56881.85,56889.55,56872,56878.9,114615
1788847680000,56883.05,56885.05,56875.2,56878.35,86973
1788847710000,56879.95,56892.8,56877.4,56884.7,197631
1788847740000,56887.25,56887.9,56875.95,56877.1,78007
1788847770000,56879.25,56884.75,56874.2,56874.8,118184
1788847800000,56881.6,56887.35,56872.2,56881.1,226461
1788847830000,56883.8,56887.3,56868.25,56871.75,133335
1788847860000,56875.2,56876.1,56866.85,56870.6,158176
1788847890000,56871.45,56876.75,56864.6,56865.65,214140
1788847920000,56865.3,56866.55,56852.35,56863.4,128959
1788847950000,56863.5,56863.5,56853.75,56857.4,97002
1788847980000,56858.95,56869.35,56857.15,56862.8,142759
1788848010000,56864.05,56866.25,56854.05,56858.1,129412
1788848040000,56854.9,56865.2,56853.25,56862.85,113490
1788848070000,56862.1,56872.8,56860.8,56864,134763
1788848100000,56865.6,56869.75,56858.15,56865.35,159506
1788848130000,56869.4,56881.65,56867.1,56879.45,468233
1788848160000,56883.9,56883.9,56868.8,56870.8,70931
1788848190000,56868.2,56879.75,56866.2,56874.8,236414
1788848220000,56881.25,56887.5,56877.65,56884.1,170014
1788848250000,56885.15,56888,56869.6,56873.15,98531
1788848280000,56873.15,56885.95,56866.05,56885.1,246474
1788848310000,56884.25,56888.45,56875.85,56878.9,152631
1788848340000,56880.15,56881.65,56866.05,56873.6,196531
1788848370000,56873.7,56882.75,56861.4,56864.45,102976
1788848400000,56864.45,56869.4,56833.3,56843.3,185012
1788848430000,56842.25,56856.95,56841.75,56850.3,71851
1788848460000,56850.3,56861.4,56846.85,56860.75,393997
1788848490000,56856.75,56875.15,56855.3,56869.35,140622
1788848520000,56870.55,56879.95,56860.15,56863.2,61219
1788848550000,56861.35,56887.8,56861.35,56886.1,112650
1788848580000,56885.6,56886.2,56873.15,56875.85,115560
1788848610000,56878.45,56893.1,56873.9,56880.85,147827
1788848640000,56882.3,56896.55,56878.55,56892.9,66651
1788848670000,56893.8,56898.25,56880.1,56893.95,99764
1788848700000,56894.6,56899.7,56884.85,56888.9,65450
1788848730000,56885.25,56896.1,56883.3,56885.9,101652
1788848760000,56885.9,56894.3,56878.55,56883.4,309347
1788848790000,56883.7,56893.1,56881.05,56882.3,122029
1788848820000,56882.05,56891.9,56880.75,56881.45,63397
1788848850000,56882.15,56883.55,56874.8,56882.75,66845
1788848880000,56883.5,56884.4,56867.1,56882.25,75101
1788848910000,56882.15,56883.85,56871.15,56875.75,160270
1788848940000,56873.9,56876.15,56862.55,56863.25,151813
1788848970000,56862.8,56871.05,56860.25,56860.9,238849
1788849000000,56861.55,56869.95,56859.25,56865.35,325436
1788849030000,56868.45,56869.95,56860.5,56863.05,95284
1788849060000,56861.15,56869.6,56853.9,56853.9,418339
1788849090000,56856.45,56867.45,56853.95,56860.25,107200
1788849120000,56860.25,56871.75,56858.65,56870.05,46073
1788849150000,56871.7,56874.95,56865.05,56868.55,90247
1788849180000,56873.05,56873.05,56859.5,56859.5,90355
1788849210000,56862.35,56864.5,56854.75,56859.85,86198
1788849240000,56861,56861,56836.95,56848.1,207014
1788849270000,56847.3,56849.9,56835.85,56836.75,62781
1788849300000,56836.75,56838.75,56818.55,56819.3,156067
1788849330000,56823.9,56830.55,56819.75,56822.55,96949
1788849360000,56822.55,56825.7,56805.9,56805.9,235066
1788849390000,56808.9,56821.15,56806.3,56813.45,100098
1788849420000,56813.2,56821.85,56810.45,56816.5,64805
1788849450000,56816.8,56821.9,56813.6,56818.15,158144
1788849480000,56818.65,56823.15,56812.05,56814.5,156918
1788849510000,56813.85,56816.25,56795.35,56798.95,238065
1788849540000,56799.2,56799.2,56781.65,56790.45,227192
1788849570000,56792.4,56809.55,56786.95,56799.75,149905
1788849600000,56802.75,56806.8,56796.85,56802.95,336523
1788849630000,56807.85,56822.6,56807.85,56820,234811
1788849660000,56822.4,56827.85,56815.2,56821.3,148700
1788849690000,56823.95,56830.1,56817.25,56819.1,102376
1788849720000,56819.9,56823.5,56816.35,56821.55,59451
1788849750000,56823.7,56840.7,56818.55,56838.5,126697
1788849780000,56837.85,56846.75,56829.3,56837.8,173367
1788849810000,56838.8,56842.45,56832.25,56839.25,92181
1788849840000,56841.65,56849.2,56836.2,56839.9,101405
1788849870000,56841.2,56849.2,56839.3,56844.3,101354
1788849900000,56844.3,56850.25,56838.6,56839.75,83719
1788849930000,56841.45,56848.5,56838.9,56843.25,90471
1788849960000,56843,56853.15,56840.1,56846.1,54503
1788849990000,56847.35,56855.2,56843.4,56849.25,84765
1788850020000,56849.55,56853.9,56835.7,56838.35,127978
1788850050000,56838.5,56846.45,56834.05,56834.05,63897
1788850080000,56836.8,56842.2,56835.1,56836.6,80131
1788850110000,56836.7,56840.65,56830.9,56836.65,114125
1788850140000,56836,56841,56831.25,56832.9,62089
1788850170000,56833.95,56846.15,56827.9,56837.35,145191
1788850200000,56839.1,56841.1,56831.45,56831.45,53336
1788850230000,56830.4,56845.95,56825.5,56843.65,175983
1788850260000,56844.25,56845.4,56835.4,56836.3,55609
1788850290000,56836.9,56845.95,56836.6,56841.9,90869
1788850320000,56840.9,56846.35,56837,56844.65,45890
1788850350000,56845.2,56850.05,56839.85,56847.35,133375
1788850380000,56849.5,56849.5,56840.35,56842.7,50949
1788850410000,56845.6,56852.35,56838.9,56846.35,115308
1788850440000,56847.1,56856.2,56841.85,56843.4,108150
1788850470000,56845.75,56846.85,56837.65,56840.75,195241
1788850500000,56841.7,56848.45,56837.3,56843.7,89284
1788850530000,56843.35,56854.15,56836.95,56850.65,228950
1788850560000,56854.2,56854.2,56845.95,56849.9,237485
1788850590000,56849.3,56851.4,56840.4,56840.7,147361
1788850620000,56841.55,56848,56835.9,56839.8,219831
1788850650000,56842.1,56845.75,56834.45,56836.9,176383
1788850680000,56839.05,56841.85,56830.6,56834.2,247281
1788850710000,56834.95,56836.75,56828.2,56829.25,102316
1788850740000,56833.15,56838.15,56825.35,56838.15,139434
1788850770000,56836.35,56843.3,56830.05,56839.3,141344
1788850800000,56840.7,56851.2,56840.7,56843.35,276247
1788850830000,56843.45,56849.05,56839.05,56842.35,257221
1788850860000,56845.05,56873.3,56845.05,56858.7,314530
1788850890000,56859.5,56864.7,56845.5,56847.9,207923
1788850920000,56848.9,56857,56837.1,56850.8,403227
1788850950000,56851.4,56856.05,56842.05,56845.25,134643
1788850980000,56848.9,56852.6,56841.05,56852.6,73936
1788851010000,56853.75,56853.75,56842.15,56846.25,99773
1788851040000,56847.2,56853,56846.05,56848.75,52661
1788851070000,56848.4,56854.3,56842.75,56845.8,393289
1788851100000,56849.4,56872.5,56845.65,56865.45,249423
1788851130000,56866.65,56874.95,56860.8,56860.8,78841
1788851160000,56860.05,56877.6,56859.8,56869.8,99582
1788851190000,56870.65,56873.8,56860.65,56864.6,72527
1788851220000,56862.9,56870.95,56861,56864.1,61299
1788851250000,56863.5,56872.55,56862.05,56869.5,64771
1788851280000,56871.9,56874.45,56858,56859.75,128385
1788851310000,56860.15,56866.75,56855.3,56858,130060
1788851340000,56860.95,56862.65,56846.05,56848.25,107643
1788851370000,56850.65,56859.85,56842.7,56847.55,119262
1788851400000,56848.8,56852.25,56826.3,56826.3,215095
1788851430000,56829.45,56840.15,56827.25,56829.5,148972
1788851460000,56834.7,56841.35,56826.9,56837.6,69574
1788851490000,56836.85,56844.95,56833.25,56833.25,107288
1788851520000,56831.4,56839.75,56821.8,56826.7,94449
1788851550000,56827.2,56831.25,56818.5,56821.75,109011
1788851580000,56824.65,56827.65,56815.35,56816.3,123320
1788851610000,56813.45,56815.2,56802.65,56809.7,173975
1788851640000,56811.8,56813.25,56799.9,56799.9,116477
1788851670000,56803.1,56816.15,56797.65,56802.75,168197
1788851700000,56802.65,56802.65,56787.85,56792.35,170655
1788851730000,56791.35,56807.6,56788.8,56802.9,207770
1788851760000,56802.5,56807.2,56797.1,56802.6,108372
1788851790000,56801.9,56805.75,56796.8,56801.3,90726
1788851820000,56801.65,56807.8,56796.75,56802.05,78450
1788851850000,56801.75,56807.35,56796.6,56802.35,205500
1788851880000,56801.55,56804.75,56793.8,56798.15,140551
1788851910000,56797,56802.95,56792.65,56799.5,143258
1788851940000,56798.35,56807.45,56793.85,56800.65,165219
1788851970000,56800.5,56807.9,56796.3,56803,163780
1788852000000,56803.8,56805.15,56793.45,56798.15,82659
1788852030000,56797.05,56801.6,56792.9,56793.65,117066
1788852060000,56795.45,56802.6,56790.85,56794.75,67499
1788852090000,56797.55,56805.35,56793.15,56794.75,143091
1788852120000,56793.2,56801.65,56787.5,56790.1,99900
1788852150000,56789.9,56791.5,56783.55,56785.45,85305
1788852180000,56784.4,56796.2,56783.15,56786.9,140320
1788852210000,56785.85,56791.95,56779.3,56787.4,161385
1788852240000,56786.85,56797.65,56784.15,56788.25,63332
1788852270000,56785,56802.95,56785,56802.95,220369
1788852300000,56802.1,56814.8,56796.1,56808.65,393546
1788852330000,56806.9,56814.9,56803.9,56812.6,318893
1788852360000,56808.15,56812.9,56805.25,56810.35,320004
1788852390000,56810.75,56817.6,56808.25,56813.65,210925
1788852420000,56813.45,56821,56809.45,56817.6,78057
1788852450000,56818.9,56824.45,56816.4,56816.4,66212
1788852480000,56815.6,56825.75,56811.4,56817.1,158015
1788852510000,56817.65,56821.6,56810.75,56817.1,133962
1788852540000,56817.2,56822.95,56794.55,56794.55,208139
1788852570000,56797.35,56798.2,56783.2,56783.2,98744
1788852600000,56785.55,56801.2,56785.25,56786.45,90745
1788852630000,56788.7,56793.05,56778.6,56783.3,129809
1788852660000,56780.65,56788.3,56780,56783.05,68116
1788852690000,56780.65,56793.55,56777.15,56788.75,66062
1788852720000,56788.7,56794.7,56786.6,56788.65,77931
1788852750000,56788.3,56803.3,56786.2,56796.5,128289
1788852780000,56797.6,56802.75,56794.5,56794.5,83552
1788852810000,56797.3,56799.35,56779.6,56783.65,102657
1788852840000,56782.85,56784.15,56765.95,56771.05,140033
1788852870000,56771.55,56777.25,56765.75,56768.35,105544
1788852900000,56769.55,56774.8,56764.05,56768.7,55194
1788852930000,56768.8,56776.95,56756.2,56758.3,121457
1788852960000,56759.05,56768.35,56756.85,56765.45,102809
1788852990000,56764.25,56772.3,56761.1,56771.15,241284
1788853020000,56774.95,56783.55,56771,56777.3,111548
1788853050000,56777.7,56781.7,56775.35,56777.85,68852
1788853080000,56779.2,56784.85,56770.25,56770.25,54497
1788853110000,56776.35,56777.35,56758.75,56761.5,213521
1788853140000,56763.45,56764.65,56754.45,56754.45,57767
1788853170000,56753.95,56764.85,56753.95,56759.4,59648
1788853200000,56759.8,56762.7,56753.4,56757.6,91488
1788853230000,56758.85,56764.1,56754.75,56758.7,98617
1788853260000,56761,56767.05,56755.15,56763.85,138184
1788853290000,56763.1,56765.35,56759.1,56763.75,73993
1788853320000,56763.95,56767.9,56751.5,56759,193230
1788853350000,56758.15,56767.45,56756.7,56760.7,123908
1788853380000,56763,56768.5,56762.15,56763.9,79343
1788853410000,56763.2,56772.5,56759.9,56768.5,83363
1788853440000,56769.65,56777.05,56767.2,56772.85,66710
1788853470000,56772.15,56792.35,56768.6,56785.2,230900
1788853500000,56785.8,56786.5,56775.4,56783.85,60412
1788853530000,56783,56786.7,56774.15,56774.8,92546
1788853560000,56776.95,56778.05,56764.15,56772.15,148351
1788853590000,56772.65,56781.05,56772.05,56781.05,178308
1788853620000,56782.3,56782.3,56772.85,56777.2,216726
1788853650000,56778.65,56782.75,56772,56776.15,178832
1788853680000,56780.85,56780.85,56768.25,56769.7,175330
1788853710000,56772.1,56777.35,56764.1,56767.6,99510
1788853740000,56765.85,56767.75,56755.95,56760.45,59805
1788853770000,56758.65,56766,56756.75,56759.1,80640
1788853800000,56762.25,56766.15,56756.4,56758.7,158114
1788853830000,56757.1,56769.15,56757.1,56767.2,100894
1788853860000,56765.8,56767,56759.9,56760.15,39160
1788853890000,56761.5,56770.55,56758.25,56767.8,148027
1788853920000,56767.95,56768.55,56750.7,56752.3,67870
1788853950000,56751,56762.7,56748.95,56755.9,52857
1788853980000,56757.75,56757.75,56750.75,56753.65,37826
1788854010000,56754.55,56760.2,56751.2,56755.9,79989
1788854040000,56756.65,56761.45,56751.35,56754.95,35297
1788854070000,56756.7,56760.75,56751,56751.7,60296
1788854100000,56752.85,56756.85,56741.75,56745.25,96346
1788854130000,56744.8,56747.3,56734.7,56747.3,150146
1788854160000,56748.4,56751.1,56739.95,56741.35,67090
1788854190000,56741.25,56751.4,56741.1,56746.25,81945
1788854220000,56747.5,56750.4,56738.85,56745.7,31721
1788854250000,56745.7,56775.45,56743.65,56770.75,238924
1788854280000,56771.25,56775.2,56763.25,56766.05,79264
1788854310000,56765.9,56771,56761.65,56763.9,89251
1788854340000,56761.05,56766.7,56758.55,56762,48533
1788854370000,56761.85,56768.1,56748.4,56751.15,147979
1788854400000,56752.8,56761.6,56749.2,56757.25,65368
1788854430000,56756.3,56762.95,56753.2,56755.3,62608
1788854460000,56758.35,56764.15,56749.15,56755.15,89118
1788854490000,56755.15,56761.1,56750.75,56753.15,78055
1788854520000,56754.95,56755.55,56735.55,56742.45,86873
1788854550000,56742.95,56752.55,56730.85,56732.3,65122
1788854580000,56737.45,56741.7,56720.45,56729.7,141396
1788854610000,56728,56735.55,56724.3,56730.25,85418
1788854640000,56731.75,56736.1,56725.8,56734.3,47083
1788854670000,56732.4,56740.95,56725.9,56734.25,164279
1788854700000,56733.15,56748.05,56733.15,56748.05,774750
1788854730000,56748.6,56765.1,56747.35,56751.05,211022
1788854760000,56756.55,56765.3,56748.8,56755.6,136347
1788854790000,56757.25,56772.3,56751.85,56764.25,399502
1788854820000,56767.2,56774.3,56756.85,56757.05,87445
1788854850000,56757.95,56775.25,56756.75,56767.65,149503
1788854880000,56768.2,56776.9,56752.45,56756.8,245742
1788854910000,56756.2,56764.65,56747.85,56751.05,264913
1788854940000,56754.55,56758.2,56740.8,56745,123654
1788854970000,56742.55,56757.45,56741.5,56752.7,100839
1788855000000,56751.15,56763.9,56745.8,56758.65,127639
1788855030000,56760.35,56764.7,56742.5,56751.7,148462
1788855060000,56750.75,56755.5,56741.5,56745.15,96239
1788855090000,56747.65,56748.1,56734.7,56743.3,175260
1788855120000,56746.05,56747.45,56735.2,56739.55,93940
1788855150000,56728.9,56746.65,56728.9,56731.55,201803
1788855180000,56734.4,56745,56731.5,56739.4,665048
1788855210000,56743.15,56745.2,56734.3,56740.55,99813
1788855240000,56741.7,56745.4,56728.7,56731.2,127120
1788855270000,56731.2,56740,56728.6,56730.6,151582
1788855300000,56731.6,56739.35,56724.95,56727.55,89755
1788855330000,56733.7,56756.35,56731.4,56749.3,108989
1788855360000,56753.2,56757.4,56742.75,56744.6,89717
1788855390000,56744.6,56760.75,56744.6,56749.1,143139
1788855420000,56756.8,56759.45,56745.6,56747.15,351743
1788855450000,56746.75,56763.35,56746.75,56756.85,176686
1788855480000,56758.7,56765,56753.4,56754.2,38599
1788855510000,56759.2,56764.25,56750.9,56756.7,68374
1788855540000,56760.65,56767.9,56753.65,56757.3,88006
1788855570000,56758.85,56769.9,56754.9,56755.6,110895
1788855600000,56760.65,56769.9,56754.5,56759.7,138936
1788855630000,56764.9,56771.65,56749.35,56751.5,387901
1788855660000,56752.55,56759.7,56741.5,56741.5,176374
1788855690000,56746.4,56748.4,56734.5,56742.1,167609
1788855720000,56744.2,56754.6,56742,56750.2,79924
1788855750000,56751.3,56757.8,56746.8,56746.95,198933
1788855780000,56746.5,56753.8,56742.45,56751.3,74943
1788855810000,56752.4,56768.6,56748.95,56755.25,157591
1788855840000,56758.05,56767,56753,56755.75,121461
1788855870000,56757.8,56765.2,56748,56754.65,120894
1788855900000,56756,56763.15,56742.8,56742.8,89309
1788855930000,56742.8,56766,56742.8,56758.2,129920
1788855960000,56757.65,56767.6,56754.2,56763.15,64047
1788855990000,56763.25,56771.9,56762.45,56768.85,62650
1788856020000,56768.9,56775.4,56763.15,56768.45,102874
1788856050000,56767.35,56780.6,56760,56773.1,112851
1788856080000,56771.95,56775.5,56762.25,56769.1,160394
1788856110000,56767.65,56777.7,56759.3,56770.45,126742
1788856140000,56768.55,56771.7,56753.65,56762.45,80588
1788856170000,56761.55,56771,56758.4,56762,118472
1788856200000,56761.2,56773.75,56759.85,56767.65,115754
1788856230000,56769.1,56776.45,56763.7,56765.6,96718
1788856260000,56766.75,56777.85,56762.05,56764.7,107854
1788856290000,56765.5,56782.55,56765.5,56775.85,205034
1788856320000,56780.6,56784.35,56769.85,56769.85,158937
1788856350000,56770.75,56782.75,56766.4,56766.55,93661
1788856380000,56768.3,56785.7,56765,56780.1,135972
1788856410000,56780.95,56794.45,56778.85,56787.95,225037
1788856440000,56788.6,56801.1,56783.45,56789.6,281110
1788856470000,56790.05,56806.45,56787.25,56798.6,139339
1788856500000,56799.45,56815.05,56797.35,56803.85,287178
1788856530000,56802.55,56822.45,56802.55,56817.95,224931
1788856560000,56816.1,56822.25,56789.35,56789.35,261309
1788856590000,56789.95,56806.9,56789.95,56798.95,165374
1788856620000,56802.5,56808,56785.85,56792.1,153297
1788856650000,56793.15,56800.9,56781.35,56787.8,160173
1788856680000,56787.85,56793.05,56777.05,56789.6,89656
1788856710000,56789,56795.05,56771.65,56778.65,252605
1788856740000,56780.05,56787.8,56770.4,56770.4,151270
1788856770000,56774.3,56787.95,56767.15,56778.75,294165
1788856800000,56778.6,56785.2,56772.7,56772.7,155759
1788856830000,56774.85,56791.35,56771.85,56784.85,275762
1788856860000,56784.65,56793.75,56780.3,56790.2,137404
1788856890000,56790.2,56795.5,56781.2,56789.6,158354
1788856920000,56790.2,56818.4,56787.1,56812.5,201638
1788856950000,56814.2,56820.8,56804.25,56809.6,208162
1788856980000,56812.5,56817.15,56804.3,56807.8,161362
1788857010000,56813.05,56830.9,56807.85,56818.15,143841
1788857040000,56819.9,56826.5,56815.45,56817.05,71050
1788857070000,56818.75,56825.7,56803.9,56806.8,147736
1788857100000,56810.2,56813.95,56802.1,56805.05,178316
1788857130000,56805.05,56822.55,56800.8,56816.65,215349
1788857160000,56821.15,56821.15,56807.2,56811.8,136947
1788857190000,56813.55,56823.45,56808.55,56813.55,229879
1788857220000,56811.6,56822.2,56811.05,56820.95,417470
1788857250000,56821.25,56830.35,56817.35,56828.75,429145
1788857280000,56829.8,56835.95,56815.45,56815.45,101755
1788857310000,56816.55,56824.3,56811.55,56811.55,112663
1788857340000,56814.05,56820.75,56808.95,56809.75,138229
1788857370000,56813.35,56818.6,56805.65,56810.65,157113
1788857400000,56810.8,56828.25,56806.05,56823.45,254509
1788857430000,56826.45,56826.45,56809.8,56812.55,242013
1788857460000,56816.15,56816.15,56801.25,56806.05,108058
1788857490000,56805,56817.15,56802.6,56805.95,112733
1788857520000,56806.2,56808.95,56795.45,56796.35,152649
1788857550000,56800.25,56811,56797.3,56803.1,899248
1788857580000,56805.5,56812.65,56798,56804.7,96506
1788857610000,56806.35,56810.25,56780.65,56783.8,113698
1788857640000,56787.65,56793.45,56780.15,56786.65,145979
1788857670000,56789.15,56800.6,56786.45,56795.6,86849
1788857700000,56797.8,56798.1,56784.4,56784.4,75759
1788857730000,56786.25,56795.4,56780.95,56783.25,212543
1788857760000,56784.95,56797.75,56776.2,56792.25,301956
1788857790000,56794.05,56802,56789.15,56795.15,165867
1788857820000,56798.15,56813,56797.2,56803.3,134735
1788857850000,56804.75,56815.9,56800.35,56809.65,259510
1788857880000,56811.25,56819.95,56799,56799,153551
1788857910000,56804.5,56810.8,56799.4,56807.2,121508
1788857940000,56808.2,56814.7,56802.55,56806.65,93338
1788857970000,56805.75,56812.55,56803.2,56807.45,112948
1788858000000,56807.5,56812.45,56800.25,56807.2,83852
1788858030000,56811.25,56812.45,56803.5,56804.75,126788
1788858060000,56807.55,56817.55,56798.1,56810.05,184197
1788858090000,56811.4,56821.5,56804.1,56811.85,209913
1788858120000,56813.15,56819.7,56807.2,56809.65,271675
1788858150000,56809.05,56826.1,56809.05,56822.6,288220
1788858180000,56821.9,56831.6,56818,56824.1,189380
1788858210000,56826.1,56831.3,56814.4,56820.55,174599
1788858240000,56825.15,56831.05,56817.35,56819.75,138675
1788858270000,56818.8,56828.55,56809.4,56822.95,202680
1788858300000,56820.65,56827.3,56812.5,56820.5,119199
1788858330000,56821.35,56827.35,56816.5,56820.2,117913
1788858360000,56820.7,56826.85,56811.95,56815.15,208452
1788858390000,56818.35,56826.25,56812.25,56819.65,121328
1788858420000,56819.85,56824.75,56813.1,56817.1,264951
1788858450000,56816.85,56819.65,56811.3,56812.55,140788
1788858480000,56813.55,56818.7,56808.65,56808.9,196974
1788858510000,56809.4,56817.3,56788.9,56793.75,367581
1788858540000,56793.8,56800.65,56786.75,56798.15,193497
1788858570000,56799,56800.95,56783,56794,300256
1788858600000,56795.7,56797.25,56788.3,56789.5,206071
1788858630000,56791.1,56795.25,56780.4,56783.7,350839
1788858660000,56787.15,56796.3,56780.55,56790.2,163105
1788858690000,56792.4,56799.65,56788.85,56799.05,194653
1788858720000,56794.75,56805.15,56792.4,56796.7,198048
1788858750000,56798.9,56801.1,56788.3,56789.4,109266
1788858780000,56793,56793.6,56780.5,56786.35,198987
1788858810000,56787.6,56794.4,56782.3,56790.15,228294
1788858840000,56786.45,56799.75,56786.45,56795.75,264362
1788858870000,56795.95,56802.4,56786.45,56786.45,307671
1788858900000,56789.65,56789.65,56771.15,56779.35,273254
1788858930000,56786.1,56787.65,56775.35,56781.55,189427
1788858960000,56783.35,56787.45,56772.65,56782.15,235059
1788858990000,56782.3,56787.2,56776.75,56781.55,174899
1788859020000,56780.85,56788.65,56776.95,56776.95,171157
1788859050000,56784.2,56784.25,56772.5,56781.05,202692
1788859080000,56782.35,56783.7,56770.8,56773.8,237507
1788859110000,56775.45,56781.2,56768.6,56768.6,275351
1788859140000,56771.65,56777.2,56767.15,56767.85,183877
1788859170000,56767.55,56772.95,56759.95,56766.15,197985
1788859200000,56763.4,56767.05,56753,56753,236369
1788859230000,56755.15,56763.65,56752.9,56758,232238
1788859260000,56758.15,56767.4,56756.1,56763.85,458262
1788859290000,56765.7,56769.3,56760.9,56768.5,265737
1788859320000,56767.65,56768.9,56753.5,56760.7,216565
1788859350000,56764,56764.35,56753,56753.7,237560
1788859380000,56758.35,56758.35,56746.5,56749.75,204570
1788859410000,56752.1,56755.05,56742.95,56749.35,347881
1788859440000,56750.95,56756,56744.4,56751.2,271113
1788859470000,56756.4,56771.85,56753.55,56768.75,256548
1788859500000,56769.75,56770.7,56763.75,56765.5,191490
1788859530000,56769.3,56769.3,56758.15,56762.05,168331
1788859560000,56766.95,56770.3,56759.85,56759.85,298719
1788859590000,56763.55,56764.5,56757.8,56760.4,303234
1788859620000,56764.05,56765.5,56756.75,56760,204770
1788859650000,56764.95,56764.95,56755.4,56755.4,355784
1788859680000,56759.1,56768.05,56755.4,56758.75,349791
1788859710000,56761.3,56764.9,56754.25,56757.05,226562
1788859740000,56758.35,56761.2,56750.95,56757.95,218032
1788859770000,56760.55,56772.55,56759.65,56764,475209
1788859800000,56761.05,56764.65,56752.15,56760.75,555288
1788859830000,56757.6,56769.35,56757.6,56767.5,352186
1788859860000,56768.15,56779.8,56764.35,56773.4,1017201
1788859890000,56772.8,56786.35,56772.8,56784.7,1626203
1788859920000,56785.6,56792.25,56780.25,56792.25,757964
1788859950000,56784.85,56787.9,56773.35,56774.75,602160
1788859980000,56773.8,56779.7,56771.55,56772.35,357340
1788860010000,56770.65,56774.45,56764.95,56771.2,350886
1788860040000,56770.9,56777,56767.9,56770.45,310293
1788860070000,56767.85,56774.1,56765.6,56766.4,421076
1788860100000,56764.85,56772.65,56763.5,56770.95,797549
1788860130000,56767.85,56773.35,56764.45,56771.15,516674
1788860160000,56769,56785.5,56769,56778.3,742260
1788860190000,56775.35,56785.5,56775.35,56779.4,491089
1788860220000,56777.85,56797.85,56777.85,56791.75,567182
1788860250000,56791.45,56795.05,56774.3,56776.05,446705
1788860280000,56775.7,56777.7,56766.6,56769.45,367465
1788860310000,56765.55,56770.55,56764.3,56767.75,469297
1788860340000,56769.7,56779.15,56769.1,56773,587110
1788860370000,56773.2,56782.6,56770.6,56781.4,588113
1788860400000,56781.4,56804.25,56774.55,56786.15,1089539
1788860430000,56784.25,56820.6,56779.4,56811.9,942841
1788860460000,56811.7,56820.05,56802.8,56814.25,754133
1788860490000,56816.65,56817.65,56808.65,56816.8,710622
1788860520000,56814.3,56822.85,56799.9,56809.85,1166944
1788860550000,56811.45,56822.9,56802.65,56806.6,1463247
1788860580000,56811.9,56815.4,56784.5,56784.5,975173
1788860610000,56784.55,56802.3,56777.15,56792.45,774720
1788860640000,56792.45,56800.75,56774.6,56786.65,362842
1788860670000,56789.45,56808.95,56749.1,56765.85,849039
1788860700000,56765.85,56765.85,56765.85,56765.85,7216
1788860730000,56765.85,56765.85,56765.85,56765.85,0
1788860760000,56765.85,56765.85,56765.85,56765.85,0
1788860790000,56765.85,56765.85,56765.85,56765.85,0
1788860820000,56765.85,56765.85,56765.85,56765.85,0
1788860850000,56765.85,56765.85,56765.85,56765.85,0
1788860880000,56765.85,56765.85,56765.85,56765.85,0
1788860910000,56765.85,56765.85,56765.85,56765.85,0
1788860940000,56765.85,56765.85,56765.85,56765.85,0
1788860970000,56765.85,56765.85,56765.85,56765.85,0
1788861000000,56765.85,56765.85,56765.85,56765.85,0
1788861030000,56765.85,56765.85,56765.85,56765.85,0
1788861060000,56765.85,56765.85,56765.85,56765.85,0
1788861090000,56765.85,56765.85,56765.85,56765.85,0
1788861120000,56765.85,56765.85,56765.85,56765.85,0
1788861150000,56765.85,56765.85,56765.85,56765.85,0
1788861180000,56765.85,56765.85,56765.85,56765.85,0
1788861210000,56765.85,56765.85,56765.85,56765.85,0
1788861240000,56765.85,56765.85,56765.85,56765.85,0
1788861270000,56765.85,56765.85,56765.85,56765.85,0
1788861300000,56765.85,56765.85,56765.85,56765.85,0
1788861330000,56765.85,56765.85,56765.85,56765.85,0
1788861360000,56765.85,56765.85,56765.85,56765.85,0
1788861390000,56765.85,56765.85,56765.85,56765.85,0
1788861420000,56765.85,56765.85,56765.85,56765.85,0
1788861450000,56765.85,56765.85,56765.85,56765.85,0
1788861480000,56765.85,56765.85,56765.85,56765.85,0
1788861510000,56765.85,56765.85,56765.85,56765.85,0
1788861540000,56765.85,56777.55,56765.85,56777.55,6615522
1788861570000,56777.55,56777.55,56777.55,56777.55,1545116
1788925080000,56777.55,56777.55,56498.85,56498.85,0
1788925110000,56498.85,56498.85,56498.85,56498.85,0
1788925140000,56498.85,56498.85,56498.85,56498.85,0
1788925170000,56498.85,56498.85,56498.85,56498.85,0
1788925200000,56498.85,56498.85,56498.85,56498.85,0
1788925230000,56498.85,56498.85,56498.85,56498.85,0
1788925260000,56498.85,56498.85,56498.85,56498.85,0
1788925290000,56498.85,56498.85,56498.85,56498.85,0
1788925320000,56498.85,56498.85,56498.85,56498.85,0
1788925350000,56498.85,56498.85,56498.85,56498.85,0
1788925380000,56498.85,56498.85,56498.85,56498.85,0
1788925410000,56498.85,56498.85,56498.85,56498.85,0
1788925440000,56498.85,56498.85,56498.85,56498.85,0
1788925470000,56498.85,56498.85,56498.85,56498.85,0
1788925500000,56498.85,56630.45,56483.2,56566.05,2860253
1788925530000,56562,56562,56519.45,56530.7,1190830
1788925560000,56526.55,56534,56441.45,56451.85,969687
1788925590000,56452.15,56463.65,56414.9,56455,715735
1788925620000,56455.9,56463,56430.95,56447.9,443884
1788925650000,56447,56448.35,56423.35,56445.5,492680
1788925680000,56445.5,56449.85,56421.65,56440.45,829348
1788925710000,56447.25,56496.1,56442.55,56496.1,1117966
1788925740000,56500.2,56520.55,56489.4,56520.55,402503
1788925770000,56521.4,56521.4,56497.75,56499.45,548578
1788925800000,56495.5,56499.3,56474.8,56495.7,530837
1788925830000,56499.25,56512.05,56494.25,56499.4,324628
1788925860000,56500.4,56500.4,56477.5,56497.1,240908
1788925890000,56495.2,56498.5,56474.95,56483.55,419215
1788925920000,56484.6,56494,56464,56470.65,791973
1788925950000,56469.55,56475.6,56444.6,56455.55,651609
1788925980000,56452.45,56460.95,56441.65,56454.65,377938
1788926010000,56448.8,56460.65,56440.95,56457.6,646917
1788926040000,56457.6,56476.95,56453.8,56471.9,205341
1788926070000,56471.4,56487.95,56450.7,56479.95,515255
1788926100000,56479.95,56497.75,56464.25,56490.15,370169
1788926130000,56492.6,56506.3,56486.75,56496.85,932953
1788926160000,56498.9,56509.4,56493.7,56505.65,573515
1788926190000,56503.05,56504.5,56468.9,56472.35,476634
1788926220000,56471.65,56471.8,56430.35,56454.4,1109026
1788926250000,56460.65,56499.5,56451.95,56496.9,630036
1788926280000,56495,56496.55,56469.8,56482.05,218683
1788926310000,56483.35,56489.85,56472.75,56482.1,328224
1788926340000,56487.4,56492.65,56479.65,56489.05,289689
1788926370000,56486.3,56511.3,56484.8,56504.05,400381
1788926400000,56505.6,56518.05,56502.4,56503.75,278958
1788926430000,56506.7,56520.45,56500.9,56508.85,160685
1788926460000,56515.2,56520.95,56509.75,56519,165798
1788926490000,56524.2,56524.2,56497.6,56497.85,275311
1788926520000,56503.3,56503.3,56485.95,56487.35,145758
1788926550000,56493.6,56493.6,56463.5,56486.75,389131
1788926580000,56487.8,56496.55,56482.8,56495.7,144697
1788926610000,56498.45,56501.1,56489,56489.5,97850
1788926640000,56491.5,56503.65,56487.75,56499.5,1440656
1788926670000,56501.25,56503.9,56472.3,56501.25,548047
1788926700000,56497.8,56500.55,56484.45,56489,291249
1788926730000,56489.9,56492.85,56483.25,56488,115725
1788926760000,56490.7,56504.45,56482.8,56485.75,170569
1788926790000,56488.7,56496.15,56483.4,56491.3,332658
1788926820000,56491.1,56509.25,56491.1,56507.5,299349
1788926850000,56509.55,56513.2,56499.7,56507.6,175090
1788926880000,56511.45,56522.85,56492.6,56500.2,611489
1788926910000,56501.55,56522.5,56499.6,56513.35,323187
1788926940000,56515.95,56519.65,56503.35,56518.45,102915
1788926970000,56522.8,56537.15,56516.95,56521.6,214323
1788927000000,56527.5,56534.25,56518.75,56533,146546
1788927030000,56535.1,56553.05,56533.4,56547.85,398562
1788927060000,56546.15,56546.15,56518.35,56523.55,185401
1788927090000,56524.65,56528.2,56513.9,56515.85,275092
1788927120000,56518.5,56528.45,56512,56523.15,1356436
1788927150000,56528.7,56539.65,56519.9,56534.55,187921
1788927180000,56533,56535.45,56525.45,56527.45,623633
1788927210000,56534.2,56534.2,56513.9,56516.15,141177
1788927240000,56517.05,56518.55,56498.2,56501.9,723455
1788927270000,56502.15,56507.75,56491.7,56496.35,225022
1788927300000,56498.6,56498.6,56479.75,56481.95,261741
1788927330000,56479.85,56498.1,56479.75,56498.1,262853
1788927360000,56497.1,56499.5,56482.9,56488.35,367062
1788927390000,56491.05,56491.65,56478.5,56481.1,523792
1788927420000,56482.95,56499.3,56480.75,56497.15,412109
1788927450000,56497.85,56501.75,56484.45,56491.3,178282
1788927480000,56492.3,56495.85,56478.35,56495.15,199170
1788927510000,56496.2,56496.5,56471.85,56475.3,162449
1788927540000,56480.3,56484.95,56463.65,56484.05,276424
1788927570000,56487.5,56487.5,56475.95,56478.55,186165
1788927600000,56482.7,56482.7,56458.5,56461.65,517073
1788927630000,56464.95,56466.15,56452.4,56457.15,365480
1788927660000,56468.35,56471.45,56448.9,56456.95,507154
1788927690000,56458.75,56466.05,56449.7,56453.9,248981
1788927720000,56457.6,56474.4,56453.3,56471.2,351698
1788927750000,56471.55,56474,56463.4,56465.95,97735
1788927780000,56468.25,56470.75,56459.5,56461.75,155321
1788927810000,56465.6,56467.1,56451.4,56452.1,153818
1788927840000,56454.15,56468.1,56448.5,56454.65,514054
1788927870000,56455.05,56470.55,56448.6,56462.5,352510
1788927900000,56461.25,56461.5,56453.25,56456.8,254860
1788927930000,56457.1,56462.1,56449.4,56449.4,336984
1788927960000,56457.9,56460.7,56448.05,56451.05,231325
1788927990000,56455.65,56461.05,56449.05,56456.85,178786
1788928020000,56458.8,56469.85,56450.2,56469.85,377441
1788928050000,56468.75,56480.65,56449.8,56464.7,460214
1788928080000,56463.35,56470.1,56455.35,56459.3,641296
1788928110000,56462.55,56472.85,56438.55,56450,428302
1788928140000,56454.3,56472.95,56450.3,56468.45,425719
1788928170000,56469.8,56507.3,56464.7,56483,448796
1788928200000,56485.35,56487.6,56466.8,56470.45,214764
1788928230000,56474.3,56474.3,56439.8,56444.2,748839
1788928260000,56447.9,56459.05,56440.5,56447.65,423436
1788928290000,56450.7,56455.6,56430.35,56452,304793
1788928320000,56455.05,56462.45,56448.1,56453.75,172638
1788928350000,56461.7,56464.05,56449.8,56449.8,176295
1788928380000,56452.15,56465.3,56439.65,56453.6,305654
1788928410000,56458.45,56459.3,56437.35,56452.7,184043
1788928440000,56453,56461.1,56440.6,56450.55,198997
1788928470000,56453.75,56458.35,56443.8,56456.35,239145
1788928500000,56455.15,56465.65,56449.9,56456.2,149394
1788928530000,56457.1,56457.95,56445.2,56448.5,176604
1788928560000,56450.3,56454.6,56445,56450.1,165388
1788928590000,56451.75,56452.05,56440.25,56446.7,190943
1788928620000,56447.65,56457.6,56431.35,56448.6,313958
1788928650000,56449.35,56458,56437.95,56454.55,254861
1788928680000,56457.4,56474.7,56449.25,56469.55,209340
1788928710000,56469.3,56469.3,56450.8,56455.75,79633
1788928740000,56461.15,56467,56457,56465.55,212693
1788928770000,56464.9,56471.3,56455.15,56456.6,215744
1788928800000,56464.05,56464.05,56447.85,56455.1,264367
1788928830000,56455.65,56461.5,56446.65,56455.8,594122
1788928860000,56456.15,56461.6,56447.55,56460.5,192938
1788928890000,56462.05,56482.9,56461.4,56478.3,225461
1788928920000,56481.85,56490,56473.25,56485.1,238917
1788928950000,56482.3,56489.35,56474.95,56478.45,108872
1788928980000,56476.1,56495.35,56476.1,56482.75,309189
1788929010000,56480.15,56495.5,56480.15,56489.15,636648
1788929040000,56491.8,56493.65,56465.85,56468,215591
1788929070000,56466.5,56491.9,56466.15,56491.05,239848
1788929100000,56491.75,56494,56474.6,56480.7,161999
1788929130000,56485.5,56486.8,56464.7,56468.95,348961
1788929160000,56470.95,56494.05,56457.75,56487.25,282986
1788929190000,56485.95,56492.55,56472.95,56486.6,356864
1788929220000,56489.6,56504.6,56486.1,56503.85,247796
1788929250000,56505.45,56505.45,56491.15,56496.75,216978
1788929280000,56498.2,56536,56494.85,56532.95,277834
1788929310000,56530.2,56539.3,56523.95,56532.9,228381
1788929340000,56534.35,56537.75,56524.85,56531.3,172118
1788929370000,56539.85,56549.65,56536.1,56539.75,324749
1788929400000,56540.1,56560.3,56532.95,56557.65,256099
1788929430000,56558.25,56563.1,56552.15,56557,94098
1788929460000,56553.2,56558.9,56548.45,56553.1,160037
1788929490000,56554.35,56557.8,56539.6,56547.05,448068
1788929520000,56549.25,56558,56544,56546,215760
1788929550000,56547.55,56556.5,56545.5,56554,148283
1788929580000,56552.8,56558.05,56547,56557.25,254509
1788929610000,56557.5,56567.85,56553.65,56567.5,291993
1788929640000,56568.05,56617.25,56568.05,56617.25,513644
1788929670000,56615.2,56615.2,56573.4,56580.25,279537
1788929700000,56583.2,56583.2,56544.5,56544.5,195632
1788929730000,56544.85,56547.15,56535.3,56539.25,308448
1788929760000,56540.85,56552.4,56534.25,56552.05,183000
1788929790000,56553.1,56561.7,56549.35,56551.4,192247
1788929820000,56554.7,56573.2,56549.9,56571.45,209079
1788929850000,56570.65,56580.35,56561.05,56575.8,328219
1788929880000,56577.85,56578.6,56569.5,56574.8,253488
1788929910000,56577.1,56582.5,56571.15,56580.25,288310
1788929940000,56583.6,56592.55,56577.25,56587.15,470710
1788929970000,56588.85,56592.9,56584.5,56585.3,160253
1788930000000,56588.05,56617.25,56584.7,56616.3,338015
1788930030000,56618.45,56618.8,56595.85,56597.55,339264
1788930060000,56598.7,56602.2,56589.55,56590.1,114156
1788930090000,56591.25,56592.95,56584.55,56592.6,175137
1788930120000,56592.3,56592.3,56575.85,56581.8,145388
1788930150000,56583.8,56585.45,56567.85,56567.85,175610
1788930180000,56572,56572,56558.2,56561,153726
1788930210000,56566.8,56581.35,56563.4,56572.4,123947
1788930240000,56575,56575.6,56567.6,56570.75,140888
1788930270000,56571.55,56572.2,56556.3,56557.9,91567
1788930300000,56560.25,56560.25,56538.05,56541.2,310100
1788930330000,56543,56544.05,56520,56522.4,286796
1788930360000,56527.05,56533.35,56516.55,56533.35,221588
1788930390000,56532.65,56563.3,56524.3,56557.95,238386
1788930420000,56555.25,56567.4,56545.25,56548.9,143756
1788930450000,56548.3,56551.65,56530.9,56538.75,191542
1788930480000,56539.7,56541.1,56521.9,56523.1,161995
1788930510000,56523.6,56527.7,56510.4,56513.95,87069
1788930540000,56514.7,56521.55,56504.05,56515.2,284686
1788930570000,56519.3,56521.05,56502.45,56521.05,472804
1788930600000,56526.6,56529.15,56515.7,56516.45,114344
1788930630000,56518.4,56521.6,56508.9,56520.15,87990
1788930660000,56524.5,56531.15,56518.35,56524.95,161803
1788930690000,56530.15,56543.75,56526,56539.55,144037
1788930720000,56543.95,56550.1,56536,56536.95,152347
1788930750000,56538.2,56538.35,56526.35,56528.6,292422
1788930780000,56532.65,56536.65,56528.6,56529.35,70734
1788930810000,56532.8,56533.5,56517.25,56517.25,51828
1788930840000,56524.2,56528.45,56516.5,56528.45,98079
1788930870000,56528.45,56536.25,56523.65,56528.95,144398
1788930900000,56532.65,56534.6,56524.1,56528,70295
1788930930000,56529.8,56549.05,56527.05,56539.5,542657
1788930960000,56541.95,56563.25,56540.8,56561.3,171183
1788930990000,56560.1,56563.5,56553.75,56554.55,159249
1788931020000,56553.35,56564.45,56549.25,56558.5,320656
1788931050000,56555.65,56564.5,56551.75,56554.65,78995
1788931080000,56558.65,56558.75,56543.55,56552.15,102608
1788931110000,56553.5,56560.8,56544,56551.45,116992
1788931140000,56555.3,56558.25,56537.4,56538.95,210350
1788931170000,56538.95,56546.65,56527,56532.1,78403
1788931200000,56535.2,56538.15,56528.8,56535.85,69700
1788931230000,56536.4,56542.25,56530,56535.4,77178
1788931260000,56540.65,56540.65,56526.95,56533.8,84053
1788931290000,56534.65,56535.6,56524.15,56531.35,112382
1788931320000,56531.5,56543.35,56526.8,56529.4,81773
1788931350000,56529.4,56537.15,56526.35,56532,69181
1788931380000,56534.7,56536.85,56526.1,56533.55,75310
1788931410000,56533.95,56537.7,56525.8,56533.45,64367
1788931440000,56536.25,56537,56526.45,56528.8,104758
1788931470000,56528.9,56556.15,56525.3,56556.15,186528
1788931500000,56554.45,56562.4,56548.5,56562.2,157027
1788931530000,56564.05,56565.7,56556.5,56562.1,56664
1788931560000,56563.9,56569.6,56557.45,56560.25,158131
1788931590000,56563.25,56563.25,56549.3,56555.05,59006
1788931620000,56557.55,56565.35,56550.6,56562.15,111428
1788931650000,56562.15,56565.65,56557.55,56561.45,158378
1788931680000,56566.2,56567.2,56557.55,56562.1,113142
1788931710000,56560.45,56576.2,56554.2,56568.75,811029
1788931740000,56571.3,56580.15,56564.65,56577.1,52314
1788931770000,56577.1,56584.05,56567.9,56582,502478
1788931800000,56580.2,56588.4,56573.4,56580.55,205301
1788931830000,56580.1,56592.4,56570.95,56590.5,194504
1788931860000,56589.75,56615.45,56589.75,56608.35,468304
1788931890000,56614.55,56615,56574.65,56586.7,505598
1788931920000,56586.3,56599.35,56579.5,56596.95,70958
1788931950000,56598.55,56598.55,56579.15,56579.15,87407
1788931980000,56584.6,56592.95,56581.05,56587.35,93426
1788932010000,56585.8,56614.3,56578.45,56603.7,696150
1788932040000,56605.1,56605.1,56589.45,56599.65,108228
1788932070000,56601.7,56604.65,56590.7,56594.95,190489
1788932100000,56597.05,56602.2,56586.5,56588.5,351347
1788932130000,56591.85,56594.1,56583.75,56585.95,76206
1788932160000,56592.95,56597.65,56580.7,56581.9,163335
1788932190000,56581.4,56582.1,56562.2,56568.4,358884
1788932220000,56570.8,56579.05,56568.25,56574.65,262763
1788932250000,56575.8,56586.15,56573.05,56579.45,94316
1788932280000,56579.35,56586.5,56574.75,56583.1,41894
1788932310000,56584.9,56584.9,56576.05,56580.8,140156
1788932340000,56580.5,56590.1,56579.25,56580.15,120703
1788932370000,56580.15,56584.15,56574.8,56578.75,105984
1788932400000,56576.65,56584.95,56574.6,56584.1,114816
1788932430000,56585.85,56590.4,56576.55,56586.4,129933
1788932460000,56586.35,56592.2,56579.4,56584.05,69534
1788932490000,56585.6,56596.6,56580.15,56592.45,73331
1788932520000,56598.85,56600,56581.55,56585.7,196928
1788932550000,56585.7,56589.5,56578.7,56588.95,170320
1788932580000,56587.7,56591.15,56578.9,56584.6,114974
1788932610000,56586.7,56587.2,56574.8,56578.65,139970
1788932640000,56578.55,56598.25,56578.2,56582.75,278835
1788932670000,56586.65,56590.05,56580.65,56582.7,85613
1788932700000,56585.55,56589.25,56579.8,56583.25,81379
1788932730000,56586.6,56594.15,56576.75,56583.25,128577
1788932760000,56586.5,56589.6,56576.1,56582.1,258003
1788932790000,56583.85,56583.85,56566.95,56570.7,287720
1788932820000,56573.6,56579,56566.25,56568.95,515277
1788932850000,56572.8,56576.75,56555.5,56555.5,222944
1788932880000,56560.9,56560.9,56540.2,56543.15,258112
1788932910000,56546,56573.5,56542.25,56557.1,277890
1788932940000,56562.95,56567.65,56551.3,56557.6,99354
1788932970000,56556.2,56576.1,56556.2,56566.2,147307
1788933000000,56570.95,56585.35,56561.15,56578.8,107479
1788933030000,56576.3,56578.3,56565.8,56568.4,76178
1788933060000,56567.45,56574.95,56564.55,56566.95,78025
1788933090000,56571.55,56571.55,56559,56559.15,73173
1788933120000,56558.65,56568.6,56554.4,56561.2,111425
1788933150000,56562.2,56570.9,56557.15,56567.8,95766
1788933180000,56564.6,56569.9,56558.65,56564.9,81649
1788933210000,56563.7,56563.7,56554.4,56556.65,52662
1788933240000,56560.5,56561.1,56544.9,56555.15,289750
1788933270000,56554.15,56557.2,56545.75,56554.25,122069
1788933300000,56555.4,56563.85,56549.25,56563.85,168133
1788933330000,56566.95,56574.4,56559.7,56565.1,209101
1788933360000,56569.85,56570.35,56559.85,56562.25,184581
1788933390000,56561.55,56564.9,56552.3,56562.05,157135
1788933420000,56563.15,56568.35,56553.8,56560.5,171687
1788933450000,56563.45,56567.15,56556.2,56563.7,88158
1788933480000,56563.55,56569.2,56557.1,56563.35,235812
1788933510000,56566.15,56569.85,56557.25,56565.2,128547
1788933540000,56568,56568.95,56557.7,56562.1,80416
1788933570000,56566.55,56571.65,56558.55,56563.5,135119
1788933600000,56565.05,56577.45,56561.35,56572.7,82810
1788933630000,56574.1,56581.85,56568.85,56572,98298
1788933660000,56573.85,56577.95,56564.25,56573.2,172742
1788933690000,56574.1,56575.1,56565.3,56571.2,106585
1788933720000,56572.7,56580.95,56567.75,56578.2,262086
1788933750000,56575.8,56578.8,56569.85,56574.5,129131
1788933780000,56575.7,56594.5,56570.3,56594.05,259966
1788933810000,56595.2,56595.2,56580.75,56587.6,241614
1788933840000,56586.65,56590.75,56578.35,56589.4,106883
1788933870000,56587.2,56589.55,56574.95,56579.3,224569
1788933900000,56580.15,56580.15,56567.5,56575.75,89591
1788933930000,56577.45,56588.65,56573.5,56573.65,199844
1788933960000,56576.8,56586.6,56571.65,56581.3,298990
1788933990000,56582.75,56586.35,56572.25,56579.7,83698
1788934020000,56581.1,56581.1,56569.1,56570.65,89668
1788934050000,56569.75,56578.4,56562.1,56569,336205
1788934080000,56570.2,56578.05,56567.65,56573.8,128516
1788934110000,56574.5,56581.25,56567.4,56570.3,345857
1788934140000,56570.9,56574.55,56562.45,56565,85410
1788934170000,56569.45,56569.9,56556.8,56562.05,99959
1788934200000,56563.1,56564.45,56551.4,56561.95,294900
1788934230000,56562.7,56570.45,56558.85,56565.5,106231
1788934260000,56566.8,56574.9,56560.25,56573.1,150575
1788934290000,56576.35,56576.35,56566.85,56569.55,109631
1788934320000,56570.25,56581.7,56567.9,56575.5,132009
1788934350000,56578.25,56585,56573.4,56578.65,85295
1788934380000,56576.95,56586.75,56573,56581.2,135028
1788934410000,56584.1,56586,56579.4,56581.65,68157
1788934440000,56583.8,56588.45,56574.85,56587.7,132156
1788934470000,56590.8,56599.05,56581.6,56586.55,341225
1788934500000,56590.25,56597.2,56579.55,56587.6,88827
1788934530000,56588.7,56598.3,56584.05,56596.05,98624
1788934560000,56595.15,56595.15,56579.85,56586.35,99718
1788934590000,56586.75,56586.75,56562.45,56568.5,117176
1788934620000,56568.25,56582.65,56566.7,56579.65,393300
1788934650000,56577.2,56583.25,56573.15,56581.75,318525
1788934680000,56578.25,56582.55,56570.75,56575.35,178715
1788934710000,56574.55,56596.3,56571.05,56592.2,201095
1788934740000,56589.8,56591.1,56574.2,56588.1,98166
1788934770000,56586.85,56586.85,56565.45,56578.45,110843
1788934800000,56577.65,56582.6,56561.65,56571.2,118855
1788934830000,56572.3,56578.8,56565.6,56569.1,96811
1788934860000,56568.4,56575.95,56560.05,56560.05,81979
1788934890000,56561.3,56569,56555.55,56555.95,118182
1788934920000,56558.3,56562.15,56551.55,56553.8,408086
1788934950000,56557.2,56558.9,56542.35,56543.2,110817
1788934980000,56546.25,56555.15,56539.6,56554.9,120135
1788935010000,56553.5,56565.2,56547.3,56563.25,78344
1788935040000,56564.6,56564.6,56555.5,56558.55,98004
1788935070000,56559,56559.2,56548.4,56550.4,163737
1788935100000,56553.05,56553.7,56537.2,56540.15,194391
1788935130000,56540.5,56548.85,56533.25,56543.85,81754
1788935160000,56550.4,56563.35,56540.75,56557.2,307767
1788935190000,56559.95,56562.2,56545.7,56546.75,131672
1788935220000,56550.7,56561,56544.65,56554.85,190809
1788935250000,56556.3,56560.25,56546.35,56553.1,163806
1788935280000,56556.1,56557.95,56538.35,56542.55,176229
1788935310000,56542.9,56544.8,56535,56539.1,109311
1788935340000,56539.65,56541.25,56525.05,56526.75,203258
1788935370000,56528.1,56532.85,56516.45,56527.2,197835
1788935400000,56529.6,56537.5,56524,56530.85,164783
1788935430000,56532.5,56541.55,56522.85,56528.7,152851
1788935460000,56530.35,56532.4,56513.5,56517.6,128378
1788935490000,56518.3,56519.35,56505.9,56514.75,189698
1788935520000,56510.55,56515.45,56503.65,56505.5,113555
1788935550000,56506.95,56507.45,56487.55,56493,120852
1788935580000,56496,56496.15,56483,56490.35,212568
1788935610000,56493.45,56499.05,56485.2,56492.8,86450
1788935640000,56493.65,56504.6,56487.85,56496.3,157291
1788935670000,56499.65,56499.65,56483.95,56496.2,164594
1788935700000,56496.35,56498.15,56483.5,56486.35,154651
1788935730000,56486.8,56488,56465.4,56466.05,111790
1788935760000,56466.75,56469.55,56451.5,56451.85,252800
1788935790000,56455.15,56462.35,56449.35,56455.9,135354
1788935820000,56455.95,56464.2,56446.45,56456.35,76713
1788935850000,56457.5,56460.55,56448.55,56448.55,99331
1788935880000,56452.7,56457,56445.05,56447.95,156097
1788935910000,56449.9,56464.1,56449.9,56457.05,108193
1788935940000,56459.95,56470.55,56454.85,56464.25,81603
1788935970000,56464.8,56465.45,56452.05,56461.05,74128
1788936000000,56460.5,56465.3,56454.9,56462.4,54903
1788936030000,56464.4,56466.7,56456.75,56458.95,85104
1788936060000,56457.65,56468.05,56457.65,56463.6,120216
1788936090000,56460.45,56465.8,56457.35,56463.2,73192
1788936120000,56461.65,56474.45,56456.5,56470.05,145994
1788936150000,56472.8,56476.45,56466.05,56476.05,102445
1788936180000,56476.7,56484.65,56470.8,56480,144290
1788936210000,56482.2,56485.25,56471.35,56484.1,184476
1788936240000,56484.65,56489.95,56478.3,56486.8,287515
1788936270000,56484.55,56485.2,56475.2,56483.25,246017
1788936300000,56486.9,56494.1,56477.5,56485.9,538822
1788936330000,56487.2,56489.8,56474.7,56479.2,290983
1788936360000,56478,56482.05,56469.2,56472.35,75445
1788936390000,56473.25,56476.9,56452.05,56455,140985
1788936420000,56456.3,56460.55,56453,56457.5,65729
1788936450000,56459.8,56472.6,56457.5,56470.6,77141
1788936480000,56470.65,56474.7,56461.25,56468.3,157591
1788936510000,56467.4,56471.55,56452.8,56462.85,189311
1788936540000,56464,56470.05,56457,56463.75,112126
1788936570000,56463.4,56463.4,56451.2,56457.75,133914
1788936600000,56460.6,56462.85,56448.8,56453.3,64855
1788936630000,56456.65,56462.9,56450.3,56454.25,77578
1788936660000,56456.6,56458.85,56444.95,56451.45,244409
1788936690000,56449.7,56454.7,56438.6,56441.9,244732
1788936720000,56443.55,56445.95,56437.15,56442.45,108268
1788936750000,56444.05,56448.45,56438.25,56438.25,109900
1788936780000,56439.65,56443.95,56434.6,56442.25,125989
1788936810000,56445.25,56451.1,56439.5,56445.6,117700
1788936840000,56447.6,56457.7,56446.65,56455.85,341999
1788936870000,56455.5,56464.95,56450.2,56456.9,156481
1788936900000,56459.45,56463.95,56453.9,56454.75,111893
1788936930000,56457.75,56465.95,56452.1,56458.7,238573
1788936960000,56463.95,56476.7,56458.2,56476.3,139378
1788936990000,56477.65,56481.7,56472.2,56476.35,168382
1788937020000,56477.45,56487.85,56473.9,56485.75,125509
1788937050000,56486.7,56500.4,56480.85,56484.15,293266
1788937080000,56487.5,56492.95,56475.55,56492.95,1026734
1788937110000,56493.45,56499.75,56488.2,56493.6,381230
1788937140000,56495.15,56498.9,56489.75,56498.65,243014
1788937170000,56500.45,56511.2,56496.8,56505.85,181418
1788937200000,56509.2,56521.1,56509.2,56516.15,123062
1788937230000,56517.7,56524.25,56512.05,56514.25,98679
1788937260000,56514.25,56526.25,56512.35,56515.35,154493
1788937290000,56516.6,56523.95,56514.15,56522.65,161655
1788937320000,56521.95,56531.45,56521.95,56527.5,100988
1788937350000,56525.55,56531.55,56517.3,56530.85,121167
1788937380000,56531.6,56572.6,56528.2,56569.95,704444
1788937410000,56572.9,56626.65,56567.9,56611.45,1344100
1788937440000,56611.45,56662.3,56606.35,56659.05,524821
1788937470000,56664.05,56667.85,56637.85,56640,322354
1788937500000,56640,56714.5,56632.75,56705.7,899656
1788937530000,56704.65,56720.05,56675.3,56675.3,397105
1788937560000,56675.3,56682.45,56669.55,56669.85,171000
1788937590000,56669.15,56678.5,56661.6,56663.9,136987
1788937620000,56663.6,56679.95,56656.6,56675.9,286311
1788937650000,56681.95,56690.5,56666.4,56675.2,247669
1788937680000,56675.2,56695.65,56675.2,56691.35,133441
1788937710000,56696.4,56705.65,56681.25,56683.1,204355
1788937740000,56687.95,56694.55,56676.7,56685.5,142401
1788937770000,56684.6,56687.35,56674.15,56680.7,134951
1788937800000,56680,56685.05,56672.9,56680.7,313034
1788937830000,56683.25,56691.1,56679.15,56682.5,233106
1788937860000,56682.95,56687.7,56657.95,56674.8,236930
1788937890000,56677.2,56690.45,56666.7,56684.15,231832
1788937920000,56686.9,56726.65,56680.9,56718.65,389130
1788937950000,56718,56732.75,56708.75,56724.4,339556
1788937980000,56727.95,56737.4,56714.55,56722.15,309892
1788938010000,56723.15,56730.5,56703.9,56708.2,172730
1788938040000,56712.35,56722,56700.95,56712.6,115122
1788938070000,56712.5,56719.45,56704.5,56709.5,141362
1788938100000,56709.5,56715.3,56696.3,56696.3,189107
1788938130000,56698.3,56701.05,56687.25,56695.1,295324
1788938160000,56698.55,56701.65,56678.65,56686.7,731077
1788938190000,56692.1,56709.15,56683.15,56705.85,562487
1788938220000,56709.35,56728.5,56702,56724.15,249994
1788938250000,56730.4,56730.4,56715.8,56718.05,216283
1788938280000,56718.05,56724.2,56706.9,56714.05,110351
1788938310000,56716.05,56719.05,56700.65,56713.15,138092
1788938340000,56712.15,56726,56712.15,56718.6,111158
1788938370000,56717.35,56719,56683.85,56684.65,122984
1788938400000,56684.65,56701.7,56683.8,56686.95,122044
1788938430000,56685.9,56696.05,56678.7,56687.95,106499
1788938460000,56686.45,56696.45,56682.9,56693.25,101200
1788938490000,56693.45,56699.35,56686.35,56695.1,87538
1788938520000,56695.1,56709.7,56694.65,56703.65,238166
1788938550000,56709.05,56720.3,56707.3,56708.65,229410
1788938580000,56711.8,56718.5,56704.4,56712.45,160233
1788938610000,56711.65,56715.2,56690.2,56696.5,140712
1788938640000,56696.5,56702.85,56675.35,56677.4,187766
1788938670000,56684.55,56689,56671.85,56679.9,229509
1788938700000,56676.1,56683.95,56656.5,56665.3,253641
1788938730000,56665.85,56679.35,56654.45,56675.8,325924
1788938760000,56675.8,56687.25,56673.65,56682.45,95619
1788938790000,56686.05,56697.4,56683.6,56695.7,197296
1788938820000,56695.7,56697.75,56685.55,56692.2,116973
1788938850000,56696.2,56706.35,56684.55,56701.35,134294
1788938880000,56703.1,56705,56697.45,56703.25,73383
1788938910000,56703.75,56703.75,56689.3,56693.25,79931
1788938940000,56693.25,56702.1,56692.6,56697.2,91280
1788938970000,56696.3,56701.75,56688.2,56694.25,133616
1788939000000,56685.5,56700.2,56685.5,56691.9,94314
1788939030000,56690.75,56693.7,56676.55,56681,79513
1788939060000,56683.95,56689,56674.15,56684.9,147140
1788939090000,56685.6,56689.15,56679.45,56688.35,131095
1788939120000,56686.5,56689.2,56666.05,56675.75,165068
1788939150000,56673.5,56674.1,56656.1,56668.6,224864
1788939180000,56667.1,56673.7,56652.7,56664.9,169786
1788939210000,56673.4,56675.4,56664.5,56671,405022
1788939240000,56669.4,56673.65,56658.75,56664.25,128992
1788939270000,56666.15,56677.25,56648.65,56675.05,305343
1788939300000,56677.45,56681.3,56664,56668,59936
1788939330000,56671.45,56676.15,56663.9,56672.05,93743
1788939360000,56676.85,56677.9,56664.95,56671.1,118958
1788939390000,56673.95,56677.05,56660.3,56665.55,146165
1788939420000,56669.05,56677.75,56667.2,56675.25,250678
1788939450000,56676.6,56694.8,56672.55,56692.75,120135
1788939480000,56692.9,56697.4,56679.15,56683.55,148241
1788939510000,56682.85,56683.25,56670,56674.85,57985
1788939540000,56675.55,56678.1,56662.6,56673.75,80545
1788939570000,56671.75,56671.75,56654.45,56659.95,79323
1788939600000,56660.75,56663.75,56637.9,56644.25,495723
1788939630000,56647.2,56648.6,56631.2,56640.7,91058
1788939660000,56643.35,56657.7,56637,56649,131838
1788939690000,56649.5,56652.3,56638.8,56645.1,96307
1788939720000,56646.7,56646.7,56614.3,56635,143191
1788939750000,56642.15,56655.35,56629.4,56639.3,267966
1788939780000,56647.35,56647.35,56628.35,56639.95,74805
1788939810000,56644.35,56645.25,56629.7,56637.2,86891
1788939840000,56640.35,56642.3,56627.3,56633.8,71146
1788939870000,56635.65,56641.75,56631.3,56640.95,105766
1788939900000,56641.05,56647.75,56632.85,56637.2,93906
1788939930000,56639.4,56642.6,56624,56632.2,85934
1788939960000,56637.1,56642.55,56629.6,56637.7,72552
1788939990000,56643.25,56646.6,56627.7,56634.3,62644
1788940020000,56631.25,56635.85,56620.1,56623.95,75413
1788940050000,56623.9,56630.5,56614,56623.6,135184
1788940080000,56626.35,56639.1,56617.2,56634.85,143433
1788940110000,56634.25,56641.35,56630.35,56635.55,293161
1788940140000,56636.5,56643.95,56626.85,56631.25,106125
1788940170000,56635.9,56636.8,56623.05,56628.25,89610
1788940200000,56629.8,56635,56620.9,56623.2,75933
1788940230000,56627,56632.15,56610.25,56631,224212
1788940260000,56633.85,56653.25,56630.3,56649.45,229025
1788940290000,56659.1,56663.3,56650.75,56653.8,148952
1788940320000,56658.05,56665.45,56647,56652.7,150062
1788940350000,56650.6,56658.9,56638.3,56644.7,103058
1788940380000,56647.4,56655.45,56639.05,56652.6,97158
1788940410000,56646.65,56655.35,56643.15,56652.15,92874
1788940440000,56654.85,56654.85,56635.1,56636.35,137486
1788940470000,56640,56645.7,56633.4,56640.7,70613
1788940500000,56638.65,56645.9,56630.8,56643.4,113048
1788940530000,56642.8,56649.15,56635.4,56643.45,105528
1788940560000,56643.65,56660.45,56640.1,56655.4,166898
1788940590000,56657.7,56657.7,56640.85,56647.25,98100
1788940620000,56650.9,56652.1,56634.5,56642.65,134076
1788940650000,56644.6,56653.05,56639.15,56645.75,231174
1788940680000,56648.15,56649,56633.9,56646.75,239491
1788940710000,56650.35,56650.35,56635.6,56641.1,72755
1788940740000,56646.45,56655.15,56634,56648.95,77525
1788940770000,56647.3,56655.2,56636.5,56645.5,100558
1788940800000,56648.45,56658.1,56639.85,56646.5,122328
1788940830000,56646.05,56661.3,56642.15,56655.6,186446
1788940860000,56654.1,56658.8,56638.75,56656.45,119416
1788940890000,56657.7,56659.65,56637.25,56653.8,227843
1788940920000,56651.95,56662.45,56646.45,56654.4,187959
1788940950000,56655.75,56661.25,56648.2,56651.9,638413
1788940980000,56653.3,56656.35,56640.4,56643.6,85570
1788941010000,56643.15,56647.9,56632.65,56635.95,212457
1788941040000,56640.3,56640.6,56620.75,56630.9,236786
1788941070000,56633.1,56641.65,56620.4,56638.1,160644
1788941100000,56638.15,56643.75,56626.25,56633.6,81168
1788941130000,56639.65,56645.55,56631.2,56638.8,100830
1788941160000,56641.25,56651.45,56626.25,56646.85,147718
1788941190000,56647.05,56651.1,56636.55,56639.85,74493
1788941220000,56640.05,56650.7,56631.1,56643.35,143849
1788941250000,56646.05,56652.5,56636.75,56650.95,81534
1788941280000,56652.15,56656.5,56642,56651.75,59761
1788941310000,56647.6,56660.2,56640.75,56657,78986
1788941340000,56659.85,56670.8,56655.05,56666.85,113222
1788941370000,56667.1,56671,56659.5,56663.25,91993
1788941400000,56664.45,56665.95,56653.65,56658.95,82777
1788941430000,56664.75,56667.55,56655.2,56666.2,57051
1788941460000,56669.3,56674.75,56658.1,56674.75,80666
1788941490000,56673.5,56682.9,56672.35,56682.9,70048
1788941520000,56684.3,56692.85,56680.45,56688.75,125459
1788941550000,56690.1,56691.7,56680.2,56684.8,73129
1788941580000,56685.5,56690,56668.7,56679.3,159697
1788941610000,56680.9,56689.75,56675.8,56687.6,166600
1788941640000,56689.9,56695.3,56679.2,56680.45,109308
1788941670000,56684.45,56684.45,56663.75,56671.8,140920
1788941700000,56671.7,56683.3,56666.7,56676.4,88820
1788941730000,56677.65,56678.35,56660.95,56662.1,166030
1788941760000,56666.4,56667.2,56645.15,56647.35,246953
1788941790000,56653.45,56656.3,56644.2,56653.55,111086
1788941820000,56652.6,56655.45,56644.65,56648.6,101365
1788941850000,56646.9,56652.95,56638.8,56647.35,124017
1788941880000,56646.8,56652.35,56642.25,56648.7,77714
1788941910000,56649.8,56652.65,56640.55,56645.05,64202
1788941940000,56649.65,56654.6,56645,56652.15,79596
1788941970000,56654.05,56659.4,56646.65,56655.65,129469
1788942000000,56657.1,56657.75,56636.4,56645.2,271922
1788942030000,56643.2,56652.7,56641.9,56647.8,126324
1788942060000,56649.3,56659.85,56645.15,56659.85,115321
1788942090000,56656,56664.15,56651.25,56659.2,169707
1788942120000,56660.65,56663.85,56646.7,56646.7,154630
1788942150000,56653.35,56665.65,56642.05,56663.95,103630
1788942180000,56665.2,56671.35,56659.5,56664.65,319687
1788942210000,56666.35,56668.1,56650.85,56656.85,169472
1788942240000,56658.85,56659.35,56644.95,56648.1,265150
1788942270000,56647.55,56651.25,56631.15,56639.8,248493
1788942300000,56639.1,56645.15,56630.8,56630.8,126105
1788942330000,56632.15,56637.35,56623.4,56626.35,100545
1788942360000,56628.35,56632.75,56620.95,56629.65,205354
1788942390000,56629.6,56634,56613.9,56631.4,658028
1788942420000,56633.05,56635.3,56618.3,56628.55,96962
1788942450000,56632.9,56639.25,56625.3,56639.25,128759
1788942480000,56637.6,56648.15,56628.8,56647.85,196535
1788942510000,56649.05,56653.15,56638.25,56650.75,212447
1788942540000,56653.15,56656.35,56645.3,56654.7,144277
1788942570000,56655.95,56671.05,56653.65,56667.85,165694
1788942600000,56669.1,56701.05,56669.1,56698.45,297119
1788942630000,56704.1,56704.1,56682.75,56684.8,205751
1788942660000,56686.25,56705.6,56680.55,56705.6,367962
1788942690000,56705.8,56721.7,56697.5,56714.05,708291
1788942720000,56715.15,56721.65,56710.25,56720.45,317619
1788942750000,56724.25,56728.5,56718.5,56726.5,270147
1788942780000,56726.65,56728.75,56715.6,56718,155064
1788942810000,56719.55,56722.55,56700.75,56706.95,201592
1788942840000,56704.75,56714.25,56694.2,56708.95,195311
1788942870000,56711.95,56715.05,56702.05,56711.15,133332
1788942900000,56712.3,56720.9,56710.1,56719,94777
1788942930000,56720.55,56727,56715.35,56724.2,553120
1788942960000,56726.05,56741.7,56721.65,56732.75,195040
1788942990000,56734.3,56743.05,56731.05,56738.05,253171
1788943020000,56735.75,56738.45,56722.95,56726.1,131227
1788943050000,56729.4,56729.4,56717,56718.45,123376
1788943080000,56725.25,56725.25,56702.35,56702.35,102713
1788943110000,56712.05,56716.85,56706.9,56716.15,107773
1788943140000,56717.75,56720.7,56709.6,56715.25,182006
1788943170000,56720.15,56720.15,56692.35,56697.5,245037
1788943200000,56700.9,56700.9,56686.65,56691.1,119382
1788943230000,56694.3,56694.3,56673.75,56674,95416
1788943260000,56677.35,56689.5,56668.75,56680.25,244242
1788943290000,56678.3,56699,56677.55,56683.7,157797
1788943320000,56683.65,56684.95,56668.3,56675,109933
1788943350000,56674.35,56678.55,56666.8,56672.15,167697
1788943380000,56674.1,56681.9,56653.5,56659.8,1530204
1788943410000,56658.3,56660.4,56643.85,56647.85,145669
1788943440000,56648.3,56648.3,56628.65,56634.5,183083
1788943470000,56635.2,56666.15,56627.95,56659.15,737394
1788943500000,56659.65,56667.5,56643.2,56656.15,212703
1788943530000,56659,56661.35,56644.6,56649.7,137226
1788943560000,56650.35,56667.1,56643.25,56654.9,421667
1788943590000,56659.05,56659.9,56630.6,56642.55,245475
1788943620000,56644.2,56660.5,56640.85,56659.25,252309
1788943650000,56662.1,56662.95,56644.8,56651.7,191896
1788943680000,56656.2,56657.75,56643.15,56653.1,224328
1788943710000,56654.95,56662.05,56651.8,56655.9,139361
1788943740000,56657.2,56662.9,56653.6,56658.95,164736
1788943770000,56661.6,56667.35,56651.25,56660.5,194739
1788943800000,56661.2,56666,56645.25,56660.25,266913
1788943830000,56660.9,56675.65,56654.85,56664,465088
1788943860000,56670.7,56679.3,56662.1,56676.6,343462
1788943890000,56679.75,56686.6,56667.7,56677.65,229799
1788943920000,56685.1,56689.95,56670.4,56679.35,238769
1788943950000,56684.05,56687.55,56670.65,56670.65,174853
1788943980000,56678.45,56681.45,56666.7,56672.85,398033
1788944010000,56672.85,56681.5,56656.85,56661.1,219179
1788944040000,56663.2,56664.5,56650.95,56657.65,157535
1788944070000,56658.05,56661.5,56644.5,56653.65,264978
1788944100000,56653.7,56665.2,56650,56651.4,97303
1788944130000,56651.4,56658.95,56643.7,56652.85,190272
1788944160000,56654.8,56658.8,56644.3,56656.75,168763
1788944190000,56658.4,56658.4,56641.7,56647.9,136647
1788944220000,56649.55,56652.6,56638.75,56647.1,133076
1788944250000,56649.2,56650.05,56627.1,56628.05,328096
1788944280000,56630.45,56654.15,56626.4,56654.15,248275
1788944310000,56654.95,56660.45,56638.5,56645.4,161935
1788944340000,56651.9,56651.9,56637.55,56642.2,154436
1788944370000,56644.3,56649.55,56635.2,56641,116681
1788944400000,56648.7,56649.55,56618.8,56618.8,176424
1788944430000,56622.85,56633,56612.35,56623.7,463287
1788944460000,56622.85,56636.35,56617.95,56627.5,229453
1788944490000,56636.45,56636.45,56620.15,56623.9,116989
1788944520000,56630.6,56632.2,56618.75,56624.1,174076
1788944550000,56626.95,56630.95,56616.65,56617.3,213750
1788944580000,56622.6,56622.6,56606.2,56609.25,118073
1788944610000,56613.7,56615.05,56596.05,56600.1,220830
1788944640000,56606.25,56606.25,56588.25,56591.7,252466
1788944670000,56590.3,56600.7,56577.8,56579.55,276285
1788944700000,56578.2,56597.05,56577.05,56585.75,200017
1788944730000,56583.35,56594.05,56571.45,56577.5,268301
1788944760000,56583.35,56585.55,56569.25,56569.35,325218
1788944790000,56574.9,56574.9,56561.35,56565.75,210974
1788944820000,56571.95,56571.95,56540.2,56540.2,180083
1788944850000,56540.2,56549.3,56529.05,56546.8,471693
1788944880000,56548.05,56559.05,56543,56544.7,347734
1788944910000,56549.85,56549.85,56529.65,56539.45,312126
1788944940000,56538.6,56543.9,56527.15,56538.6,164573
1788944970000,56543.2,56550.75,56529.6,56538.55,234964
1788945000000,56540.2,56543.55,56518.75,56524.15,197979
1788945030000,56525.6,56527.25,56499.5,56501.8,407528
1788945060000,56504.75,56526.8,56498.9,56513.6,386647
1788945090000,56519.5,56521.15,56507.35,56507.55,248618
1788945120000,56511.95,56511.95,56494.1,56505.35,242816
1788945150000,56503.1,56513.9,56501.05,56501.5,276068
1788945180000,56507.7,56514.8,56500.15,56508.05,149855
1788945210000,56508.05,56516.2,56499.6,56507.05,144599
1788945240000,56509.45,56509.45,56489.75,56494.9,243875
1788945270000,56505.35,56505.4,56492.2,56496.3,341306
1788945300000,56504.05,56504.3,56472.3,56472.3,217996
1788945330000,56472.3,56481.95,56463.25,56467.55,237377
1788945360000,56466.2,56477.25,56464.5,56471.1,168756
1788945390000,56473.2,56477.6,56462.45,56467.4,283102
1788945420000,56467.95,56479.55,56457.1,56474.35,346607
1788945450000,56479.2,56496.9,56473.65,56486.95,290598
1788945480000,56484.75,56496.95,56480.9,56486.9,606412
1788945510000,56485.2,56491.95,56480.8,56483.6,251667
1788945540000,56486.95,56489,56474.3,56480.95,327154
1788945570000,56483.9,56496.45,56481.45,56494.1,777672
1788945600000,56491.4,56524.9,56479.2,56517.95,955708
1788945630000,56514.35,56521.35,56508.4,56509.35,326919
1788945660000,56510.75,56528.4,56506.95,56519.2,390824
1788945690000,56517.9,56520.7,56490.6,56495,185704
1788945720000,56492.85,56503.65,56486.2,56495.15,244131
1788945750000,56498.45,56503.4,56482,56487.65,209377
1788945780000,56483.85,56500.05,56482.75,56494.5,181111
1788945810000,56494.25,56503.6,56490.05,56502.8,780115
1788945840000,56504.2,56508.75,56486.15,56497.85,228671
1788945870000,56498.65,56501,56482.9,56487.7,183745
1788945900000,56485,56497.9,56483.95,56490.4,258723
1788945930000,56491.15,56494.85,56479.25,56483.35,161500
1788945960000,56485.2,56487.7,56470.95,56478.65,233915
1788945990000,56477.6,56481.05,56458.3,56461.05,262126
1788946020000,56464.15,56473.6,56462.1,56471.75,273933
1788946050000,56472.6,56476.75,56464.75,56474.25,258326
1788946080000,56474.75,56478.5,56460.85,56471.55,243619
1788946110000,56472.05,56477.85,56467.25,56469.15,373563
1788946140000,56472.25,56472.35,56460.3,56463.25,315288
1788946170000,56462.65,56476.8,56457.95,56476,251173
1788946200000,56475.8,56479.1,56467.25,56474.8,555529
1788946230000,56475.05,56475.65,56467,56471.7,470125
1788946260000,56477.15,56485.8,56469.25,56476.25,494567
1788946290000,56476.7,56478.85,56459.4,56462.8,582637
1788946320000,56462.95,56463.05,56448.45,56451.1,477254
1788946350000,56452.1,56455.6,56444.2,56446.2,582686
1788946380000,56446.15,56447.2,56433.15,56436,563816
1788946410000,56437.9,56438.5,56418.45,56421.95,473116
1788946440000,56426.05,56426.05,56400.2,56406.95,347753
1788946470000,56408.15,56409.35,56382.7,56383.95,501486
1788946500000,56385.15,56385.15,56353.85,56358.2,1078471
1788946530000,56357.1,56379.15,56352.7,56375.6,674206
1788946560000,56376.25,56377.7,56362.5,56362.55,409705
1788946590000,56362.7,56363.6,56347,56351.75,479335
1788946620000,56348.5,56367.35,56343.65,56366.85,453558
1788946650000,56367.25,56378.9,56361.25,56377.55,679336
1788946680000,56374.75,56385.3,56371.8,56381.35,362500
1788946710000,56381.75,56398.45,56375.05,56397.95,342223
1788946740000,56396.55,56406.05,56389.2,56401.15,567067
1788946770000,56402.35,56406.85,56394.55,56399.45,372737
1788946800000,56399.1,56401.9,56384.55,56401.25,763241
1788946830000,56402.1,56405.8,56388.4,56403.55,415931
1788946860000,56402.5,56412,56394.1,56397.65,572931
1788946890000,56403.8,56406.6,56384.85,56396.3,458718
1788946920000,56393.9,56404.45,56381.55,56397.45,1208097
1788946950000,56394.95,56407.2,56388.85,56402.6,821344
1788946980000,56399.45,56408.1,56371.9,56385.3,709160
1788947010000,56382.95,56396,56372.7,56392.15,475129
1788947040000,56390.1,56402.25,56382,56402.25,448322
1788947070000,56402.8,56430.6,56373.9,56379.6,331413
1788947100000,56379.6,56379.6,56379.6,56379.6,5781
1788947130000,56379.6,56379.6,56379.6,56379.6,0
1788947160000,56379.6,56379.6,56379.6,56379.6,0
1788947190000,56379.6,56379.6,56379.6,56379.6,0
1788947220000,56379.6,56379.6,56379.6,56379.6,0
1788947250000,56379.6,56379.6,56379.6,56379.6,0
1788947280000,56379.6,56379.6,56379.6,56379.6,0
1788947310000,56379.6,56379.6,56379.6,56379.6,0
1788947340000,56379.6,56379.6,56379.6,56379.6,0
1788947370000,56379.6,56379.6,56379.6,56379.6,0
1788947400000,56379.6,56379.6,56379.6,56379.6,0
1788947430000,56379.6,56379.6,56379.6,56379.6,0
1788947460000,56379.6,56379.6,56379.6,56379.6,0
1788947490000,56379.6,56379.6,56379.6,56379.6,0
1788947520000,56379.6,56379.6,56379.6,56379.6,0
1788947550000,56379.6,56379.6,56379.6,56379.6,0
1788947580000,56379.6,56379.6,56379.6,56379.6,0
1788947610000,56379.6,56379.6,56379.6,56379.6,0
1788947640000,56379.6,56379.6,56379.6,56379.6,0
1788947670000,56379.6,56379.6,56379.6,56379.6,0
1788947700000,56379.6,56379.6,56379.6,56379.6,0
1788947730000,56379.6,56379.6,56379.6,56379.6,0
1788947760000,56379.6,56379.6,56379.6,56379.6,0
1788947790000,56379.6,56379.6,56379.6,56379.6,0
1788947820000,56379.6,56379.6,56379.6,56379.6,0
1788947850000,56379.6,56379.6,56379.6,56379.6,0
1788947880000,56379.6,56379.6,56379.6,56379.6,0
1788947910000,56379.6,56379.6,56295.55,56295.55,6318391
1788947940000,56295.55,56295.55,56295.55,56295.55,0
1788947970000,56295.55,56295.55,56295.55,56295.55,0
1789011900000,56262.75,56467.55,56252.05,56415.75,1305969
1789011930000,56417.45,56433.3,56402.55,56426.5,746169
1789011960000,56426.5,56430.55,56356.35,56377,982092
1789011990000,56371.8,56389.65,56323.85,56329.8,583412
1789012020000,56329.8,56389.85,56329.8,56383.7,514080
1789012050000,56389.55,56407.9,56379.9,56400.7,296279
1789012080000,56400.7,56487.45,56400.7,56481.5,713940
1789012110000,56487.45,56509.25,56454.15,56505.75,682893
1789012140000,56505.75,56513.6,56485.7,56502.5,687649
1789012170000,56506.2,56509.55,56466.85,56487.05,680101
1789012200000,56485.45,56486.95,56460.35,56463.1,498299
1789012230000,56465.1,56479.15,56438.6,56443.65,392536
1789012260000,56447.5,56483.4,56436.85,56482.5,469840
1789012290000,56483.75,56503.85,56477.65,56484.45,633360
1789012320000,56484.45,56491.05,56436.6,56440.2,451560
1789012350000,56445.4,56445.4,56411.8,56415.9,573190
1789012380000,56415.9,56421.2,56383.75,56397.7,491306
1789012410000,56396.1,56420.15,56381.4,56417.25,387298
1789012440000,56415.45,56455.25,56414.45,56455,1100131
1789012470000,56461.35,56477.1,56451.25,56470.75,807509
1789012500000,56468.1,56470.55,56443.25,56456.6,1014435
1789012530000,56460.4,56465.3,56433.75,56443.4,642567
1789012560000,56438.85,56472.35,56431.5,56464.6,355587
1789012590000,56462.25,56500.8,56461.05,56500.8,410381
1789012620000,56500.9,56531.9,56493.95,56522.55,491026
1789012650000,56523.4,56528.05,56490.5,56498,725268
1789012680000,56502.55,56513.45,56480.5,56499.5,477230
1789012710000,56504.9,56529.05,56497.5,56523.8,464142
1789012740000,56525.4,56562.85,56522.05,56554.7,1326747
1789012770000,56554.85,56575.15,56546.25,56547.6,939335
1789012800000,56551.65,56552.85,56516.55,56517.9,488267
1789012830000,56521.3,56523.55,56491.5,56498.35,514990
1789012860000,56499.2,56501.05,56452.95,56467.5,377776
1789012890000,56472.6,56513.6,56468.15,56506.8,585522
1789012920000,56506.65,56507.3,56489.5,56492.4,346962
1789012950000,56495.05,56497.1,56482.5,56492.1,358282
1789012980000,56490.45,56497.8,56485.85,56494.3,354151
1789013010000,56505.7,56513.55,56500.4,56512.5,549370
1789013040000,56512.15,56512.15,56480.05,56480.05,464990
1789013070000,56479.9,56491.45,56468.15,56487.85,288554
1789013100000,56490,56490,56464.95,56476.5,396186
1789013130000,56478.1,56480.05,56460.45,56467.65,208823
1789013160000,56468.35,56472.15,56457.75,56471.35,377066
1789013190000,56475.05,56492.25,56469.9,56491,391771
1789013220000,56489.8,56492.3,56479.25,56491.4,235717
1789013250000,56488.85,56498.45,56487.75,56488.35,777961
1789013280000,56490.4,56490.4,56476.55,56480.35,595960
1789013310000,56483.75,56493.25,56470.45,56484.4,447118
1789013340000,56490.7,56498.85,56483.7,56494.9,502325
1789013370000,56495.4,56505.75,56493.35,56500.5,321719
1789013400000,56503.55,56503.55,56485.25,56488.4,298223
1789013430000,56492.2,56495.15,56480.6,56492.55,251279
1789013460000,56498.65,56517,56491.65,56511.8,565868
1789013490000,56513,56514.15,56481.9,56487.4,212277
1789013520000,56486.05,56509.55,56481.8,56503.5,345793
1789013550000,56506.15,56506.45,56495.3,56496.65,130610
1789013580000,56501.95,56509.05,56489.85,56507.5,202495
1789013610000,56507,56508.9,56474.65,56477.2,395462
1789013640000,56480,56480,56465.4,56465.9,249658
1789013670000,56470.05,56470.05,56460.2,56464,298722
1789013700000,56464.1,56483.7,56459.45,56472.45,529715
1789013730000,56472.55,56472.55,56454.4,56458.4,498912
1789013760000,56456.15,56456.15,56431.45,56447.25,502736
1789013790000,56454.85,56456.15,56442.35,56444.95,320043
1789013820000,56446.15,56446.15,56433.1,56440.4,410501
1789013850000,56442.3,56470.35,56436,56466.75,266820
1789013880000,56465.95,56468.25,56451.25,56455.7,238130
1789013910000,56456.25,56474.4,56454.3,56467.15,75533
1789013940000,56468.8,56468.8,56448.6,56463.85,156658
1789013970000,56463.2,56472.35,56457.45,56468.9,186615
1789014000000,56473.55,56488.6,56469.35,56483.25,186999
1789014030000,56483.45,56489.9,56476,56486.1,473347
1789014060000,56485.9,56493.45,56480.6,56487.15,142954
1789014090000,56493,56499.55,56480.2,56481.65,100489
1789014120000,56484.2,56495.5,56479.95,56489.55,274586
1789014150000,56491.2,56491.2,56473.35,56483,366236
1789014180000,56485.6,56485.6,56472.65,56479.15,215888
1789014210000,56482.7,56483.35,56454.3,56460.65,149785
1789014240000,56462,56470.85,56452.8,56468.45,146848
1789014270000,56471.1,56473.95,56462.15,56469.85,160474
1789014300000,56468.7,56470.3,56449.65,56456.85,260560
1789014330000,56457.5,56462,56445.9,56451.35,219355
1789014360000,56466.3,56468.15,56451.55,56466.3,357055
1789014390000,56472.4,56475.55,56463.2,56466.3,232672
1789014420000,56468.75,56474.55,56459,56459.9,319437
1789014450000,56467.55,56469.1,56450.45,56452.75,100972
1789014480000,56458.25,56462.55,56448.35,56454.55,156693
1789014510000,56455.3,56459.55,56451.5,56456.3,104666
1789014540000,56459.8,56459.8,56431.8,56431.8,490914
1789014570000,56434.85,56442.9,56429.2,56435.35,264345
1789014600000,56439.65,56444.55,56425.35,56428.5,339335
1789014630000,56430.45,56436.3,56411.15,56412.6,508908
1789014660000,56417.3,56417.85,56395.1,56397.95,245335
1789014690000,56401.05,56409.35,56389.8,56390.95,586657
1789014720000,56395.7,56397.45,56384.3,56389.05,238682
1789014750000,56392,56392.25,56374.85,56374.85,394526
1789014780000,56378.3,56391.7,56374.8,56383,757544
1789014810000,56384.15,56388.6,56373.3,56373.3,445805
1789014840000,56378.7,56387.95,56372.15,56381.1,239637
1789014870000,56381.45,56395.75,56374.4,56383.95,136939
1789014900000,56387.45,56389.75,56380.75,56389,192727
1789014930000,56390.3,56399.75,56385.15,56391.25,103782
1789014960000,56395.65,56398.1,56370.75,56386.1,409728
1789014990000,56387.1,56387.15,56362.15,56366.85,169491
1789015020000,56369.4,56372.3,56357,56363.15,282062
1789015050000,56367.9,56372.8,56357.9,56360,230637
1789015080000,56365,56369.65,56358.35,56362.4,133326
1789015110000,56362.35,56365.3,56346.25,56348.75,334667
1789015140000,56349.05,56363.9,56334.35,56361.15,417917
1789015170000,56361.7,56377.15,56361.7,56364.85,197698
1789015200000,56365.75,56367,56349.5,56350.8,276771
1789015230000,56353.3,56356.85,56344,56352.4,209004
1789015260000,56356.3,56359.15,56338.3,56340.15,166237
1789015290000,56342.45,56359.6,56338.65,56355.9,476155
1789015320000,56356.8,56363.9,56346.05,56351.35,193311
1789015350000,56354.4,56356.45,56344.55,56349.95,176366
1789015380000,56350.5,56356.25,56347.35,56350.85,322360
1789015410000,56352.6,56356.05,56338.25,56347.35,261092
1789015440000,56349.75,56364.3,56340.9,56361.85,178022
1789015470000,56364.8,56382.7,56362.6,56382.7,155476
1789015500000,56385.5,56420.35,56379.55,56417.8,558401
1789015530000,56419.05,56438.15,56416.95,56438.05,388727
1789015560000,56441.95,56461.4,56432.8,56434.45,520627
1789015590000,56437.3,56463.05,56435.25,56460.15,1242197
1789015620000,56460.9,56480.8,56455.1,56477.6,630218
1789015650000,56479.15,56481.5,56453.65,56453.65,244948
1789015680000,56454.3,56475.85,56453,56471.85,223412
1789015710000,56475.7,56477.8,56458.7,56461.1,139266
1789015740000,56461.5,56471.55,56456.55,56471.55,379500
1789015770000,56470.45,56471.6,56452.75,56458.4,105010
1789015800000,56459,56469.4,56455.3,56461.8,240122
1789015830000,56464.65,56464.65,56457.65,56460.65,122405
1789015860000,56461.5,56463.4,56449.65,56460.5,123118
1789015890000,56461.1,56461.4,56432,56435.65,311481
1789015920000,56438.05,56438.9,56429.45,56435.15,111207
1789015950000,56437.55,56439.55,56429.85,56439.5,342750
1789015980000,56439.75,56447.3,56435.45,56447.1,127002
1789016010000,56449.05,56483.05,56445,56483.05,296536
1789016040000,56484.6,56484.6,56453.6,56459.45,200821
1789016070000,56467.4,56473.9,56458,56472.6,162313
1789016100000,56474.25,56474.25,56456.55,56461.15,283540
1789016130000,56464.25,56486.5,56461.05,56485.2,206161
1789016160000,56486.9,56488.75,56471.65,56476.35,172246
1789016190000,56477.85,56484.15,56467.3,56481.4,366488
1789016220000,56483.7,56491.95,56479.75,56489.8,148208
1789016250000,56490.85,56491.25,56477.05,56481,109226
1789016280000,56479.9,56484.35,56476.6,56482.1,113383
1789016310000,56483,56484.5,56473.35,56476.55,139204
1789016340000,56477.7,56479.55,56471.65,56477.2,118628
1789016370000,56479.95,56490.7,56476.8,56484,147009
1789016400000,56482.6,56491.5,56481.3,56491.45,231415
1789016430000,56489.2,56491.75,56471.55,56477.6,153635
1789016460000,56478.3,56479.3,56458.65,56462,123417
1789016490000,56466.05,56467.55,56448.4,56452.2,155267
1789016520000,56448.75,56454.75,56445.75,56451.55,242975
1789016550000,56456.25,56458.5,56447.75,56452.6,113358
1789016580000,56460.1,56460.8,56451.5,56455,77897
1789016610000,56454.7,56477.85,56454.15,56467.85,146156
1789016640000,56471.85,56473.8,56464.85,56472.2,224995
1789016670000,56472.85,56477.05,56464.35,56466.5,223476
1789016700000,56467.3,56473.6,56461.45,56472.9,208770
1789016730000,56470.85,56475,56466.3,56473.65,50760
1789016760000,56476.1,56482.55,56472.3,56473.45,102300
1789016790000,56472.45,56482.6,56472.45,56480.95,113847
1789016820000,56481.85,56485.25,56476.75,56479.4,72201
1789016850000,56482.55,56483.65,56473.7,56475.3,97951
1789016880000,56479.85,56480.1,56469.6,56479.3,213654
1789016910000,56476.1,56482.15,56473.8,56477.45,184569
1789016940000,56480.2,56482.4,56476.6,56481.15,310700
1789016970000,56481.45,56487.1,56475.95,56482.65,343325
1789017000000,56483.9,56504.2,56479.45,56500.8,126991
1789017030000,56500.9,56503.4,56487.9,56493.4,1144799
1789017060000,56492.7,56504.95,56491.95,56498.15,209533
1789017090000,56499.2,56499.3,56470.85,56480.2,147943
1789017120000,56482.5,56483.3,56463.85,56479.8,241643
1789017150000,56480.35,56484.6,56477.55,56481.65,96058
1789017180000,56483.45,56488.4,56470.1,56488.4,145185
1789017210000,56489.5,56492.35,56473.2,56475.7,127016
1789017240000,56479.45,56504.75,56472.95,56504.45,250535
1789017270000,56505,56515.75,56497.95,56512,190775
1789017300000,56513.65,56516.25,56505.5,56508.85,387819
1789017330000,56511.5,56512.3,56485.35,56490.65,134671
1789017360000,56491.35,56494.6,56480.25,56494.6,94309
1789017390000,56495.85,56500.45,56477.05,56483.1,121132
1789017420000,56485.9,56488,56475.65,56479.25,182409
1789017450000,56478.95,56478.95,56458,56469.35,202272
1789017480000,56472.05,56473.15,56455.4,56462,147107
1789017510000,56463.1,56463.1,56454.1,56459.35,264666
1789017540000,56460.75,56465.85,56455.4,56461.85,118844
1789017570000,56462.25,56463.1,56448.65,56454.05,54928
1789017600000,56455.3,56455.75,56435.7,56435.7,113333
1789017630000,56435.7,56439.1,56418.85,56433.1,154976
1789017660000,56432.2,56437.7,56428.1,56437.7,248026
1789017690000,56437.7,56447.35,56431.1,56447.35,179989
1789017720000,56448.4,56459.55,56443.85,56450.35,121176
1789017750000,56450.85,56451.7,56441.9,56442.15,175738
1789017780000,56445.1,56445.7,56430.9,56438.9,141228
1789017810000,56440.75,56441.6,56421.9,56429.85,234692
1789017840000,56430.1,56430.1,56418.9,56426.6,140272
1789017870000,56428.25,56432.2,56409.65,56412.65,167246
1789017900000,56416.1,56422.35,56407.25,56415.9,127611
1789017930000,56415.9,56419.05,56402.5,56403.8,231514
1789017960000,56405.05,56407.95,56398.85,56404.35,121920
1789017990000,56404.7,56408.5,56394.5,56396.65,419183
1789018020000,56398.95,56404.35,56393.2,56403.4,187595
1789018050000,56403.4,56425.25,56398.05,56421.8,205541
1789018080000,56429,56429,56411.95,56415.55,128362
1789018110000,56419.2,56421.65,56409.55,56419.6,77558
1789018140000,56417.35,56421.15,56410.65,56417.25,80598
1789018170000,56419.85,56420.15,56411.35,56417.2,57125
1789018200000,56419.65,56440.65,56415.05,56434.9,245031
1789018230000,56437,56438.65,56428.25,56429.25,103742
1789018260000,56431.9,56433.05,56424.5,56428.75,79238
1789018290000,56427.55,56430.35,56422.1,56426.05,60325
1789018320000,56425.35,56431.35,56421.65,56427.2,113051
1789018350000,56427.2,56432.55,56418.85,56429.3,89832
1789018380000,56431.8,56448.35,56428.6,56443.35,153522
1789018410000,56444.25,56447.55,56433.3,56433.3,75487
1789018440000,56432.85,56449.9,56430.4,56443.45,229840
1789018470000,56443.95,56451.6,56439.1,56443.45,172035
1789018500000,56445.55,56448.45,56438.4,56442.75,235291
1789018530000,56444.55,56447.15,56427.45,56430.5,154728
1789018560000,56433.25,56448.95,56427.85,56442.6,222793
1789018590000,56444.4,56457.65,56434.9,56456.25,243178
1789018620000,56454.8,56458.5,56440,56444.85,175021
1789018650000,56447.4,56450.2,56435.3,56446.25,84289
1789018680000,56447,56454.55,56443.6,56450.5,141945
1789018710000,56453.1,56464.85,56450.4,56454.5,126050
1789018740000,56456.35,56456.35,56443.75,56449.6,155176
1789018770000,56450.1,56453.3,56442.5,56452.9,251205
1789018800000,56455.2,56470.3,56443.25,56469.8,545067
1789018830000,56469.65,56472.65,56457.8,56461.85,332630
1789018860000,56466.85,56466.85,56452.25,56454.8,118210
1789018890000,56460.6,56461.55,56449.75,56461.55,129447
1789018920000,56461.35,56476.7,56457.9,56474.95,61803
1789018950000,56474.95,56474.95,56460.3,56460.95,143611
1789018980000,56466.35,56493.45,56463.25,56486.05,296258
1789019010000,56490.1,56490.1,56474.65,56486.8,241162
1789019040000,56489.2,56492.5,56477.45,56482.55,1049906
1789019070000,56488.2,56501.85,56485.65,56501.85,82735
1789019100000,56501.4,56511.95,56493.6,56511.95,169195
1789019130000,56516.05,56525.8,56512.55,56522.6,148252
1789019160000,56523.5,56523.5,56510.85,56518.85,80946
1789019190000,56521.75,56522.7,56507.6,56508.35,69146
1789019220000,56510.8,56511.95,56504.9,56510.6,68042
1789019250000,56512,56516.3,56505.55,56516.3,54190
1789019280000,56516.15,56520.3,56508.9,56515.9,162302
1789019310000,56518.15,56518.15,56500.45,56502.1,108473
1789019340000,56503.45,56510.9,56490.8,56491.5,236383
1789019370000,56492.9,56495.55,56467.8,56473,115035
1789019400000,56477.2,56477.2,56456.15,56468.6,100693
1789019430000,56469.5,56470.75,56440.4,56449.55,159533
1789019460000,56453.8,56463.05,56450.9,56451.25,112890
1789019490000,56456.15,56461.25,56451.1,56458.65,143817
1789019520000,56455.7,56468.65,56452.2,56464.05,181506
1789019550000,56466.15,56476.7,56462,56475.4,109077
1789019580000,56477,56482.1,56467.5,56472.7,122259
1789019610000,56476.95,56476.95,56465.9,56470.6,157441
1789019640000,56473.1,56476.85,56458,56474.3,121545
1789019670000,56478.25,56478.5,56461.05,56465.9,105270
1789019700000,56469.25,56470.9,56463.5,56467,39634
1789019730000,56468.55,56469.05,56461.5,56468.3,271900
1789019760000,56469.25,56469.8,56461.95,56464.45,37695
1789019790000,56464.4,56469.25,56461.45,56464.7,94900
1789019820000,56466.9,56467.6,56447.8,56453.7,108758
1789019850000,56453.6,56462.8,56448.65,56461.55,123070
1789019880000,56462.25,56463,56448.65,56451.8,107803
1789019910000,56451.4,56453.4,56443.5,56448.7,66112
1789019940000,56449.35,56458.25,56448.15,56451.55,40347
1789019970000,56455.45,56456.55,56442.95,56446.85,69899
1789020000000,56447,56461.2,56439.3,56459.05,227222
1789020030000,56461.15,56466.1,56452.15,56465.4,86791
1789020060000,56466.65,56496.5,56458.4,56488.55,306279
1789020090000,56484.85,56486.65,56476.2,56486.65,95763
1789020120000,56487.5,56488.75,56453.75,56455.1,144778
1789020150000,56457.35,56460.4,56452,56457.6,60197
1789020180000,56458.7,56458.7,56448.15,56455.05,136347
1789020210000,56456.7,56456.7,56441.5,56447.3,297326
1789020240000,56448.7,56448.7,56439.95,56444.5,92909
1789020270000,56445.7,56445.85,56433.25,56439.05,65148
1789020300000,56440.15,56440.15,56432.3,56437.5,40548
1789020330000,56440.25,56446.95,56427.65,56446.4,356836
1789020360000,56446.65,56448.85,56428.45,56444.65,468504
1789020390000,56445.2,56445.45,56427.95,56433.35,119991
1789020420000,56430.65,56433.35,56421.25,56422.7,74310
1789020450000,56425.6,56431.5,56419.5,56424.3,119314
1789020480000,56429.45,56440.7,56426.6,56434.5,199155
1789020510000,56438.2,56457.75,56428.4,56440.1,644173
1789020540000,56442.9,56442.9,56427.25,56441.45,331663
1789020570000,56441.9,56450.2,56429.45,56432.5,1181365
1789020600000,56437.5,56437.5,56425.5,56432.8,118644
1789020630000,56436,56437.95,56426.25,56434.3,144279
1789020660000,56434.5,56437.35,56428,56435.35,179592
1789020690000,56436.35,56436.35,56419.2,56423.2,74690
1789020720000,56423.4,56426.8,56410.05,56417.75,282674
1789020750000,56417.05,56417.05,56403.1,56408.6,181057
1789020780000,56409.4,56421.1,56403.75,56417.3,246801
1789020810000,56418.95,56423.25,56410.3,56420.75,174644
1789020840000,56422.3,56437.4,56415.85,56436.7,151598
1789020870000,56436.8,56440.75,56432.6,56438.2,143039
1789020900000,56438.8,56445.75,56436.15,56439.75,137582
1789020930000,56444.45,56452.9,56438.05,56448.1,247356
1789020960000,56449.05,56460.45,56443.65,56458.2,107712
1789020990000,56459.6,56468.75,56452.9,56457.25,178514
1789021020000,56455.25,56464.65,56451.9,56463.5,90914
1789021050000,56465.85,56466.45,56455.75,56462.4,228399
1789021080000,56462.2,56462.2,56445.45,56457.35,359448
1789021110000,56458.05,56469.7,56450.6,56466.3,236191
1789021140000,56469.6,56473.65,56465.3,56473.65,172388
1789021170000,56475.15,56475.15,56467.35,56471.05,92429
1789021200000,56476,56477.25,56468.75,56477.25,96423
1789021230000,56476.9,56480.5,56464.9,56465.55,460232
1789021260000,56467.65,56468.25,56460.05,56465.2,173586
1789021290000,56465.4,56466.95,56453.25,56453.25,120268
1789021320000,56456.6,56456.6,56433.35,56446.15,310446
1789021350000,56445.75,56452.5,56427.35,56443.65,236232
1789021380000,56444.2,56451.15,56439.4,56445.85,68465
1789021410000,56449.45,56459.4,56439.3,56443.4,195517
1789021440000,56449.4,56450.75,56421.3,56428.55,189296
1789021470000,56436.55,56438.95,56428,56435.1,258812
1789021500000,56436.05,56436.35,56425,56431.8,107939
1789021530000,56433.6,56447.45,56430.35,56440.9,288564
1789021560000,56444.15,56449.35,56438.4,56438.6,196167
1789021590000,56444.95,56444.95,56430.25,56439.4,226501
1789021620000,56441.3,56460.15,56439.95,56453.35,321901
1789021650000,56455.75,56461.2,56444.7,56454.7,214375
1789021680000,56456.4,56462.95,56448.3,56457.4,67612
1789021710000,56457.6,56466.65,56454.1,56462,309476
1789021740000,56466.65,56467.1,56457.25,56462.1,160461
1789021770000,56462.7,56479.35,56456.5,56476.8,156276
1789021800000,56480.5,56483.7,56472.7,56479.35,229618
1789021830000,56477.9,56481.6,56470.5,56480.65,122983
1789021860000,56482.6,56485.15,56465.65,56465.65,137986
1789021890000,56468.2,56477.2,56464.15,56467.25,145489
1789021920000,56469.25,56486.9,56467.8,56486.9,123492
1789021950000,56489.4,56498.4,56482.6,56497.6,241293
1789021980000,56498.2,56500.8,56488.35,56492.05,172067
1789022010000,56492.75,56493.8,56479.05,56486.15,190997
1789022040000,56484.6,56498.4,56482.25,56498.4,292250
1789022070000,56499.2,56510.7,56491.25,56500.45,179968
1789022100000,56502.35,56503.8,56486.15,56492.5,120476
1789022130000,56490.9,56501,56487.95,56495.85,105420
1789022160000,56498.9,56505.65,56483.8,56485.6,170862
1789022190000,56486.5,56486.5,56473.55,56480.95,363799
1789022220000,56484.2,56485.4,56467.85,56468.3,108463
1789022250000,56470.1,56475.55,56465.4,56474.35,208063
1789022280000,56476.1,56478.9,56456.45,56464.2,101805
1789022310000,56464.4,56465.8,56454.1,56457.55,198275
1789022340000,56460.6,56461.3,56453,56460.45,177711
1789022370000,56461,56461,56440.65,56446.3,99325
1789022400000,56447.55,56448.8,56433.75,56438.7,76055
1789022430000,56438.8,56449.2,56438.8,56444.7,85519
1789022460000,56448,56463.95,56442.15,56460.7,117606
1789022490000,56460,56465.25,56457.6,56462.6,204594
1789022520000,56462.75,56490.6,56461.85,56482.65,531023
1789022550000,56481.5,56485.2,56471.7,56481.2,330010
1789022580000,56485.35,56488.45,56472.65,56480.6,169271
1789022610000,56482.05,56495.5,56479.6,56487.55,141439
1789022640000,56490.2,56515.05,56489.55,56502.45,470924
1789022670000,56505.1,56506.6,56490,56502.2,161849
1789022700000,56503.85,56515.85,56500.95,56514.7,85935
1789022730000,56517.25,56517.45,56508.55,56510.8,273756
1789022760000,56520.05,56520.65,56505.8,56512.7,146499
1789022790000,56513.75,56526.15,56508.8,56519.2,107563
1789022820000,56522.15,56524.6,56503.15,56510.95,123426
1789022850000,56513,56514.3,56499.2,56503.05,304183
1789022880000,56506.45,56508.5,56496.9,56501.15,81504
1789022910000,56501.7,56502.25,56494.65,56497.45,82319
1789022940000,56499.85,56511.6,56499.85,56508,36880
1789022970000,56511.7,56512.05,56501.4,56507.85,90135
1789023000000,56510.4,56511.55,56483.7,56485.4,493808
1789023030000,56490.85,56500.55,56485.95,56494.35,465845
1789023060000,56493.05,56512.95,56481.15,56512.2,251524
1789023090000,56512.65,56516.7,56506.6,56512.3,186947
1789023120000,56515.45,56517.15,56505.45,56505.95,142378
1789023150000,56507.6,56508.7,56491.6,56499.35,98044
1789023180000,56501.35,56509.1,56499.55,56506.15,78768
1789023210000,56507.95,56508.55,56474.35,56481.95,309839
1789023240000,56481.95,56490.2,56478.1,56488.1,99947
1789023270000,56489.65,56491.95,56470.45,56475.45,141367
1789023300000,56477,56480.65,56463.2,56464.3,202483
1789023330000,56467.4,56478.15,56460.9,56478.15,217752
1789023360000,56479.8,56491,56473.15,56491,138563
1789023390000,56492.25,56492.25,56482.2,56486.85,77267
1789023420000,56488.8,56490.4,56468.9,56469.35,88942
1789023450000,56469.55,56471.85,56463.5,56463.5,143210
1789023480000,56463.5,56471.85,56463.5,56469.35,116212
1789023510000,56471.1,56471.85,56465.35,56471.35,79285
1789023540000,56471.35,56474.45,56461.95,56464.1,116353
1789023570000,56465.75,56470.45,56452.9,56453.5,189841
1789023600000,56457.6,56462,56448.1,56450.8,102751
1789023630000,56453,56455.55,56440.6,56445.5,159150
1789023660000,56445.5,56449.95,56432.35,56443.2,131207
1789023690000,56445.45,56445.5,56434.4,56438.55,244415
1789023720000,56440.6,56457.7,56438.95,56448.3,125813
1789023750000,56452.45,56452.5,56434.8,56438,107602
1789023780000,56441.15,56441.45,56432.5,56437.45,49126
1789023810000,56439.6,56451.95,56432.95,56451.55,50398
1789023840000,56451.55,56461.95,56449.35,56452.65,221787
1789023870000,56456.15,56456.15,56435.6,56444.75,199547
1789023900000,56447.45,56447.45,56434.1,56441.6,92454
1789023930000,56439.3,56445.6,56424.75,56432.05,213301
1789023960000,56432.65,56440.4,56432.65,56437.5,136680
1789023990000,56440.25,56441.15,56424.6,56424.6,122575
1789024020000,56430.25,56435.35,56423.15,56428.15,69308
1789024050000,56432.6,56438.35,56423,56437.2,344000
1789024080000,56439.1,56442.4,56432.55,56438.45,94051
1789024110000,56440.5,56440.55,56432.1,56434.7,65798
1789024140000,56436.25,56436.25,56418.7,56422.55,75696
1789024170000,56429.6,56455.3,56422.55,56450.25,400098
1789024200000,56452.05,56468.2,56444.4,56464.4,364286
1789024230000,56466.15,56468.5,56461.15,56462.6,155813
1789024260000,56466.7,56469.35,56462.7,56467.2,451165
1789024290000,56469.55,56469.55,56443.65,56443.65,382174
1789024320000,56446.7,56482.75,56444.15,56482.05,369001
1789024350000,56485.1,56493.05,56476.45,56482,347697
1789024380000,56482,56499.8,56479.7,56492.2,288595
1789024410000,56495.35,56496.45,56481.9,56485.9,172431
1789024440000,56489.9,56492.2,56476.1,56478,344033
1789024470000,56479.95,56479.95,56467.75,56467.75,294913
1789024500000,56472.1,56483.3,56470.95,56481.75,286675
1789024530000,56484.4,56485.55,56476.15,56480.6,277775
1789024560000,56483.6,56483.9,56467.35,56469.55,216809
1789024590000,56473.65,56473.65,56462.15,56466.45,272296
1789024620000,56470.45,56471.15,56448.8,56452.15,194016
1789024650000,56455.75,56457.7,56446.25,56449.5,202152
1789024680000,56449.5,56457.35,56446.25,56450.1,51753
1789024710000,56450.5,56456.6,56447.45,56456.45,93269
1789024740000,56461.1,56468.75,56452.25,56458.25,175281
1789024770000,56465.2,56466.9,56452.85,56460.6,78250
1789024800000,56460.6,56464.2,56446.95,56455.5,75265
1789024830000,56461.5,56463.8,56453,56456.35,65066
1789024860000,56456.35,56456.95,56448.35,56451.35,106145
1789024890000,56453.5,56454.9,56444.25,56448.7,96737
1789024920000,56449.4,56458.2,56440.6,56446.2,217813
1789024950000,56451.25,56456.1,56439.7,56439.7,207893
1789024980000,56439.7,56448.75,56437.2,56443.45,102768
1789025010000,56448.75,56448.75,56436.8,56443.15,46825
1789025040000,56443.15,56448.95,56434.15,56441.95,88472
1789025070000,56442.8,56442.8,56424,56433.25,180292
1789025100000,56433.25,56444.4,56424.05,56443.25,187749
1789025130000,56446.1,56447.6,56419.95,56429.65,296701
1789025160000,56437.05,56438.1,56411.9,56418.5,166014
1789025190000,56419.6,56430.4,56411.45,56429.9,87052
1789025220000,56429.9,56435.25,56419.4,56422.35,48113
1789025250000,56424.4,56428.8,56418.9,56422.15,61860
1789025280000,56425.65,56431,56406.6,56413.3,596858
1789025310000,56418.55,56419.65,56410.3,56412.35,84054
1789025340000,56412.35,56415.65,56391.6,56397.85,492408
1789025370000,56398.45,56404.3,56371.9,56374.65,570926
1789025400000,56374.3,56383.6,56369.65,56376.6,179118
1789025430000,56377.9,56387.95,56371,56375.15,154960
1789025460000,56374.4,56374.4,56336.25,56348.55,663421
1789025490000,56353.95,56363.1,56348.55,56358.05,109462
1789025520000,56360.6,56367.85,56348.5,56362.95,169348
1789025550000,56365.35,56380.75,56363.05,56371.85,78381
1789025580000,56375.9,56381.15,56363.5,56368.95,82462
1789025610000,56375.15,56376.75,56366.65,56372.6,105435
1789025640000,56374.35,56376,56362.65,56373.1,53403
1789025670000,56377.05,56379.75,56364.65,56367.45,82472
1789025700000,56372.5,56379.05,56364.6,56379.05,176175
1789025730000,56380.25,56380.25,56343.05,56352.1,177940
1789025760000,56358,56359.85,56339.7,56345.45,95366
1789025790000,56348.4,56353.85,56335.1,56341.4,303132
1789025820000,56348.25,56359.1,56341.4,56353.2,132888
1789025850000,56356.2,56381.5,56349.8,56364.8,301086
1789025880000,56368.9,56374.35,56359.1,56363.2,68395
1789025910000,56371.9,56375.85,56361.65,56368.2,78308
1789025940000,56373.4,56391.15,56367.55,56384.35,145471
1789025970000,56386.25,56393.8,56376,56385.8,83820
1789026000000,56387.7,56393.8,56378.95,56385.4,60241
1789026030000,56387.55,56404.85,56386.55,56398.2,120451
1789026060000,56402.4,56408.8,56388.2,56391.65,76272
1789026090000,56393.7,56400.45,56387.2,56393.9,84296
1789026120000,56397.7,56402.05,56385.5,56389.05,81443
1789026150000,56388.5,56397.65,56379.25,56392.85,88473
1789026180000,56396.35,56403.05,56386.05,56393.05,61476
1789026210000,56399.25,56404,56383.35,56399.95,148770
1789026240000,56403.5,56412.45,56396.5,56402.35,110693
1789026270000,56402.6,56433.75,56402.5,56428.1,141825
1789026300000,56435.15,56435.15,56398.7,56402.95,459713
1789026330000,56405.05,56412.55,56390.35,56408.1,274053
1789026360000,56406.6,56412,56391.25,56400.65,140241
1789026390000,56403.25,56405.2,56391.6,56392.7,129842
1789026420000,56398.9,56408.9,56390.6,56400.15,130595
1789026450000,56403.4,56409.7,56394.9,56401.65,96920
1789026480000,56407.65,56416.35,56401.65,56416.35,108075
1789026510000,56415.25,56421.85,56408.1,56416.55,169390
1789026540000,56419,56423.7,56411.1,56411.85,59791
1789026570000,56419,56422.4,56402,56408.9,83337
1789026600000,56409.65,56412.65,56395.05,56399.4,81146
1789026630000,56401.85,56408.75,56393.6,56399.35,75823
1789026660000,56400.85,56412.9,56394.6,56409.25,159950
1789026690000,56409.4,56422.1,56403.05,56406.35,134440
1789026720000,56410.5,56417.55,56400.45,56410.2,123238
1789026750000,56409.5,56416.6,56397.3,56401.15,83607
1789026780000,56402.4,56406.55,56392.7,56401.3,77023
1789026810000,56402.3,56407.15,56395.4,56400.9,117834
1789026840000,56403.05,56405.45,56394.25,56399.35,98311
1789026870000,56400.9,56411.05,56394.3,56407.75,113569
1789026900000,56408.2,56419.45,56405.8,56412.9,149229
1789026930000,56415.35,56421.85,56409.7,56409.7,97876
1789026960000,56414.35,56418.15,56398.6,56406.6,205601
1789026990000,56409.9,56410.75,56399.45,56406.8,82750
1789027020000,56408.9,56413.7,56395.55,56402.05,93058
1789027050000,56404.6,56408.9,56387.55,56391.1,135861
1789027080000,56395.35,56398.75,56382.45,56392.9,150316
1789027110000,56397.3,56403.2,56390.4,56399.45,63998
1789027140000,56401.7,56402.3,56382.9,56389.95,69951
1789027170000,56388.15,56391.5,56378.05,56388.6,214614
1789027200000,56392.5,56392.85,56373.55,56373.55,256486
1789027230000,56376.75,56394.65,56375.45,56390.5,106497
1789027260000,56393.8,56399.05,56382.4,56391.3,72702
1789027290000,56392.3,56396.75,56385.1,56391.25,72534
1789027320000,56393.3,56399.7,56386.45,56391.45,67269
1789027350000,56393.7,56399.15,56385.05,56385.3,93075
1789027380000,56385.4,56390.5,56369.55,56375.2,146606
1789027410000,56378.5,56387.2,56374.55,56387.2,164938
1789027440000,56388.7,56395.8,56374.3,56385.25,110866
1789027470000,56385.95,56393.2,56378.15,56385.55,138801
1789027500000,56389.65,56394.15,56370.1,56377.8,108285
1789027530000,56381.15,56384.2,56368.3,56375,94100
1789027560000,56377.85,56385.5,56368.15,56372.1,88638
1789027590000,56372.95,56376.95,56360.65,56376.6,200041
1789027620000,56374.4,56381.05,56362.7,56368.3,130976
1789027650000,56370.8,56370.85,56356.75,56364.25,178146
1789027680000,56368.45,56385.8,56364.1,56377.25,187220
1789027710000,56377.85,56392.85,56375.6,56386.55,541713
1789027740000,56391.3,56398.2,56369.65,56384.55,395201
1789027770000,56385.25,56405.15,56382.7,56402.25,249070
1789027800000,56403.5,56415.4,56393.55,56414.05,157047
1789027830000,56415.1,56421,56396.1,56413.45,669306
1789027860000,56416.45,56418.45,56406.7,56412.8,157170
1789027890000,56416,56421.2,56402.2,56411.95,265876
1789027920000,56416,56420.8,56404.15,56413.1,139140
1789027950000,56411.45,56422.05,56406.5,56409.5,227666
1789027980000,56414.5,56419.6,56402.95,56407.2,276248
1789028010000,56410.85,56418,56401,56409.35,234229
1789028040000,56407.8,56413.3,56394.8,56394.9,130637
1789028070000,56395.5,56414.75,56395.5,56412.3,224151
1789028100000,56413.15,56416.2,56393.5,56394.75,182886
1789028130000,56396.3,56406.3,56391.2,56395.65,176382
1789028160000,56400,56407,56381.1,56394.15,244947
1789028190000,56401.05,56408.2,56390.05,56395,82458
1789028220000,56400.2,56408.45,56392.05,56393.5,115721
1789028250000,56399.3,56404.3,56387.45,56391.2,86285
1789028280000,56392.75,56396.75,56369.7,56372.7,201972
1789028310000,56380.1,56386.8,56374.75,56377.5,186614
1789028340000,56381.1,56413.55,56378.5,56402.7,386668
1789028370000,56407.95,56412.05,56394.1,56396.85,145260
1789028400000,56400.35,56404.9,56389.25,56397.9,112776
1789028430000,56400.95,56400.95,56381.8,56387,150786
1789028460000,56387.9,56391.7,56378.75,56388.95,250681
1789028490000,56393.9,56396.45,56385.95,56391.8,246572
1789028520000,56392.8,56399.8,56381.35,56386.45,161565
1789028550000,56391.4,56400.95,56384.9,56393.45,185397
1789028580000,56398,56404.15,56384.35,56391.65,147511
1789028610000,56395,56401.15,56387.8,56391.05,119588
1789028640000,56395,56396.95,56379.35,56383.95,222093
1789028670000,56388.4,56395.65,56385.4,56388.75,85147
1789028700000,56394,56396.25,56380.2,56383.4,70486
1789028730000,56388.55,56390.35,56377.35,56381.2,115704
1789028760000,56385.2,56385.5,56372.15,56375.2,143105
1789028790000,56380.8,56385.85,56366.45,56374.25,113346
1789028820000,56377.7,56380.2,56363.15,56367.15,96725
1789028850000,56372.85,56383.05,56366.4,56382.6,156609
1789028880000,56383.75,56388.65,56377.6,56380.65,83457
1789028910000,56383.75,56388.65,56376.45,56383.15,192899
1789028940000,56380.1,56388.8,56373.8,56378.2,136713
1789028970000,56382.5,56388.5,56376.2,56386,109034
1789029000000,56388.35,56399.05,56384.35,56395.9,183725
1789029030000,56399.2,56404.8,56391.75,56397.05,172128
1789029060000,56401.4,56402.6,56386.25,56393.55,92791
1789029090000,56394.2,56397.2,56381.65,56388.5,212486
1789029120000,56389.1,56393.6,56379,56384.35,73349
1789029150000,56382.75,56385.2,56370.6,56375.05,194314
1789029180000,56377.6,56385.55,56370.05,56381.65,176308
1789029210000,56388.25,56388.5,56374.35,56379.15,88689
1789029240000,56382.4,56384.75,56365.85,56372.1,83091
1789029270000,56375.55,56381.8,56359.15,56365.8,158905
1789029300000,56369.1,56371.45,56349.45,56356.5,286093
1789029330000,56357.55,56370.45,56355.25,56363.55,152364
1789029360000,56366.65,56378.5,56362.75,56374.25,147926
1789029390000,56380.1,56383,56366.45,56375.4,100098
1789029420000,56377.75,56380.65,56363.3,56368.55,76011
1789029450000,56370.35,56376,56352.6,56363.3,151901
1789029480000,56366,56369.65,56353.8,56358.45,73396
1789029510000,56364.35,56365.25,56345.55,56346.95,365821
1789029540000,56352.75,56356.45,56337.45,56342.9,420487
1789029570000,56345.8,56361.5,56345.1,56349.6,258167
1789029600000,56351.95,56356.95,56345.85,56355.15,225690
1789029630000,56356.9,56363.8,56338.75,56344,403213
1789029660000,56349.1,56352.05,56331.75,56335.75,119392
1789029690000,56342.1,56354.2,56335.7,56350.75,212985
1789029720000,56354.2,56358.35,56339.75,56345.8,236862
1789029750000,56350.8,56355.25,56337.7,56341.45,188533
1789029780000,56344.25,56351.1,56339.85,56345.55,578320
1789029810000,56348.35,56358.1,56340.1,56355.8,1108330
1789029840000,56355.9,56361.45,56351.1,56359.25,202313
1789029870000,56358.1,56362.65,56342.6,56348.85,392951
1789029900000,56352.3,56352.7,56333.9,56337.95,227680
1789029930000,56344.9,56346.3,56334.15,56341.35,113258
1789029960000,56342.1,56345.15,56331.1,56335.65,151168
1789029990000,56335.65,56343.35,56326.55,56338.5,436331
1789030020000,56343.7,56345.85,56323.8,56328.05,215948
1789030050000,56332.6,56334.7,56321.55,56330.95,203363
1789030080000,56336.75,56336.75,56318.65,56320.25,219902
1789030110000,56326.8,56330.5,56305.7,56308.75,210062
1789030140000,56312.3,56312.55,56297.55,56304.6,477231
1789030170000,56304.15,56313.85,56301,56310.15,434169
1789030200000,56313.5,56320.65,56306.85,56314.65,146950
1789030230000,56316.75,56333.25,56316,56331.7,154526
1789030260000,56333.65,56354.7,56332.3,56348.4,434791
1789030290000,56351.25,56355.7,56346.15,56350.2,95357
1789030320000,56353.5,56360.8,56349.4,56353.8,567415
1789030350000,56354.2,56357.95,56338.5,56344.95,226045
1789030380000,56352.05,56353.8,56337.35,56353.8,84728
1789030410000,56355.35,56356.05,56337.55,56343.5,191925
1789030440000,56345.35,56348.2,56333.55,56347.7,192480
1789030470000,56347.7,56355.9,56343.5,56349.25,87674
1789030500000,56355.45,56360.95,56350.3,56355.95,68298
1789030530000,56363.7,56369.9,56356.95,56362.3,234239
1789030560000,56364.4,56367.75,56341.1,56345.3,198407
1789030590000,56349.65,56354.55,56335.55,56344.95,184748
1789030620000,56346.4,56349.5,56339.5,56343,76238
1789030650000,56349.4,56352.7,56341.9,56350.15,142956
1789030680000,56352.05,56352.3,56332.3,56334.4,107980
1789030710000,56339.75,56340.15,56322.8,56332.5,149327
1789030740000,56338.55,56342.35,56328.25,56334.3,64491
1789030770000,56334.3,56342.05,56332.65,56338.35,110103
1789030800000,56346.7,56352.7,56336.7,56344,315434
1789030830000,56348.6,56352.75,56341.4,56342.7,136593
1789030860000,56344.05,56350,56324.25,56325.85,285938
1789030890000,56325.85,56334.5,56321.95,56331,148731
1789030920000,56334.15,56334.15,56327.05,56330.45,258560
1789030950000,56331.85,56339.15,56324.95,56332.85,202839
1789030980000,56335.35,56336.4,56322.8,56329.9,304466
1789031010000,56329.9,56338.2,56315.2,56324,174452
1789031040000,56323.6,56328.45,56315.65,56323.95,121169
1789031070000,56324.75,56328.8,56314.75,56319.65,130184
1789031100000,56320.9,56320.9,56294.8,56298.85,176710
1789031130000,56302.35,56309.35,56296.6,56305.55,82027
1789031160000,56306.5,56307.65,56294.75,56300.3,85918
1789031190000,56301.25,56306,56280.95,56283.4,150857
1789031220000,56287.85,56296.7,56276.95,56280.85,173576
1789031250000,56282.5,56286.75,56265.65,56270,301714
1789031280000,56275.7,56282.45,56263.25,56277.5,225424
1789031310000,56279.8,56282.65,56267.75,56274.5,113408
1789031340000,56277.35,56285.9,56269.35,56284.05,131310
1789031370000,56284.5,56288.1,56268.2,56275.6,281990
1789031400000,56275.8,56284.35,56271.45,56277.4,163190
1789031430000,56283.15,56283.9,56258.05,56269.6,299250
1789031460000,56272.55,56287.5,56267.6,56282.55,133109
1789031490000,56284.25,56297.1,56282.55,56294.6,173723
1789031520000,56296,56305.3,56291.5,56295.75,204953
1789031550000,56300.75,56312.35,56297.85,56304.4,247763
1789031580000,56308.5,56312.05,56293.4,56298.8,164670
1789031610000,56298.8,56314.6,56298.8,56299.1,89210
1789031640000,56304.7,56329.8,56303.3,56329.8,239722
1789031670000,56328.95,56333.5,56319.8,56324.55,337347
1789031700000,56327.8,56331.7,56316.85,56327.5,152999
1789031730000,56328.9,56336.35,56320.05,56331.15,153332
1789031760000,56329.5,56341.7,56325.35,56334,123756
1789031790000,56339.15,56344.85,56332.95,56341.2,106156
1789031820000,56343.3,56350.95,56335.05,56347.5,121808
1789031850000,56351.05,56386.15,56346.25,56365.8,716942
1789031880000,56368.5,56373.25,56353.1,56357.6,204446
1789031910000,56361.75,56371.25,56356.45,56367.35,168610
1789031940000,56369.3,56378.4,56354.8,56367.9,197501
1789031970000,56375.45,56389.4,56369.65,56386.35,157341
1789032000000,56389.7,56403.55,56382.05,56389.1,290197
1789032030000,56391.35,56393.95,56382.05,56386.5,143874
1789032060000,56387.45,56392.6,56374.45,56377.4,317497
1789032090000,56380.95,56383.3,56362.95,56370.95,243343
1789032120000,56370.7,56379.05,56354,56357.25,208976
1789032150000,56355.35,56355.35,56335.7,56344.45,322927
1789032180000,56345.95,56348.75,56331.85,56344.7,203887
1789032210000,56346,56359.5,56341.4,56359.5,465129
1789032240000,56357,56358.25,56340.2,56342.3,180762
1789032270000,56348.85,56355.95,56338.95,56353.1,234476
1789032300000,56355.75,56356.35,56330.85,56336.65,266835
1789032330000,56337.45,56340.85,56324.75,56334.05,327282
1789032360000,56332.9,56338.85,56321.35,56331.2,381905
1789032390000,56327.7,56340.15,56314.15,56337.35,217877
1789032420000,56339.65,56343.75,56325.9,56332.8,182276
1789032450000,56333.2,56336.2,56310.35,56314.95,236717
1789032480000,56315.65,56316.45,56300.15,56306.85,307000
1789032510000,56308.4,56316.95,56301.35,56310.9,256573
1789032540000,56308.3,56318.7,56305.1,56305.7,238646
1789032570000,56304.15,56312.25,56304.15,56312.25,191238
1789032600000,56311.1,56313.3,56277,56286.25,582845
1789032630000,56284.6,56286,56247.55,56248.15,561332
1789032660000,56249.3,56281.3,56240,56280.65,800783
1789032690000,56279.2,56290.25,56275.2,56279.15,338093
1789032720000,56279.75,56285.65,56266.15,56270.3,224168
1789032750000,56271.7,56279.2,56262.05,56278.2,338179
1789032780000,56280.75,56287.3,56272.85,56278.8,339113
1789032810000,56278.1,56282.1,56263.2,56273.85,451944
1789032840000,56274.35,56282.9,56261.3,56262.05,645166
1789032870000,56257.8,56270.3,56256.7,56267.3,473756
1789032900000,56266.7,56266.7,56247.9,56247.9,1151644
1789032930000,56250.45,56263.15,56249.35,56253.15,707677
1789032960000,56252.45,56254.75,56236.45,56237.8,808737
1789032990000,56236.55,56251.1,56231.85,56249.6,588208
1789033020000,56242.75,56252.15,56242.6,56248.5,554553
1789033050000,56247.4,56251.25,56236.1,56243.2,262277
1789033080000,56242.2,56246.05,56234.7,56237.35,680088
1789033110000,56239.05,56247.7,56232.9,56247.7,405969
1789033140000,56246.45,56253.2,56238.25,56250.4,495693
1789033170000,56246.45,56261.25,56246.45,56260.15,409299
1789033200000,56256.3,56258.55,56243.5,56248.55,809714
1789033230000,56249.95,56256.9,56248.95,56254.3,609478
1789033260000,56253.55,56277.45,56249.9,56274.15,1271211
1789033290000,56270.1,56281.2,56267.65,56279.1,591272
1789033320000,56285.75,56287.25,56256.15,56269.4,1718114
1789033350000,56276.4,56289.7,56259.85,56287.1,1183790
1789033380000,56294.3,56300.8,56267.8,56272.35,1293574
1789033410000,56276,56292.35,56265.4,56282.75,512443
1789033440000,56289.65,56293.65,56269.6,56282.95,449063
1789033470000,56288.15,56298.35,56255.85,56255.85,185409
1789033500000,56262.5,56262.5,56262.5,56262.5,3525
1789033530000,56262.5,56262.5,56262.5,56262.5,0
1789033560000,56262.5,56262.5,56262.5,56262.5,0
1789033590000,56262.5,56262.5,56262.5,56262.5,0
1789033620000,56262.5,56262.5,56262.5,56262.5,0
1789033650000,56262.5,56262.5,56262.5,56262.5,0
1789033680000,56262.5,56262.5,56262.5,56262.5,0
1789033710000,56262.5,56262.5,56262.5,56262.5,0
1789033740000,56262.5,56262.5,56262.5,56262.5,0
1789033770000,56262.5,56262.5,56262.5,56262.5,0
1789033800000,56262.5,56262.5,56262.5,56262.5,0
1789033830000,56262.5,56262.5,56262.5,56262.5,0
1789033860000,56262.5,56262.5,56262.5,56262.5,0
1789033890000,56262.5,56262.5,56262.5,56262.5,0
1789033920000,56262.5,56262.5,56262.5,56262.5,0
1789033950000,56262.5,56262.5,56262.5,56262.5,0
1789033980000,56262.5,56262.5,56262.5,56262.5,0
1789034010000,56262.5,56262.5,56262.5,56262.5,0
1789034040000,56262.5,56262.5,56262.5,56262.5,0
1789034070000,56262.5,56262.5,56262.5,56262.5,0
1789034100000,56262.5,56262.5,56262.5,56262.5,0
1789034130000,56262.5,56262.5,56262.5,56262.5,0
1789034160000,56262.5,56262.5,56262.5,56262.5,0
1789034190000,56262.5,56262.5,56262.5,56262.5,0
1789034220000,56262.5,56262.5,56262.5,56262.5,0
1789034250000,56262.5,56262.5,56262.5,56262.5,0
1789034280000,56262.5,56262.5,56262.5,56262.5,0
1789034310000,56262.5,56262.5,56262.5,56262.5,0
1789034340000,56262.5,56471.95,56262.5,56471.95,5094582
1789034370000,56471.95,56471.95,56471.95,56471.95,0
1789098300000,55970.15,55996.65,55780.1,55820.45,2304723
1789098330000,55807.4,55844.5,55786.65,55802.55,1092539
1789098360000,55803.35,55803.35,55710.65,55722.05,1470347
1789098390000,55716.5,55777.25,55716.5,55767.7,1107117
1789098420000,55764.35,55769.65,55708.35,55713.15,840999
1789098450000,55707.65,55721.5,55699.45,55714.05,514349
1789098480000,55714.4,55739.65,55711.75,55736.85,728528
1789098510000,55737,55753.25,55730.85,55742.2,489028
1789098540000,55740.95,55791.7,55738.45,55782,603550
1789098570000,55784.95,55791.25,55754.9,55777.5,363362
1789098600000,55777.05,55777.05,55742.8,55749.35,884698
1789098630000,55751.05,55784.4,55746.35,55776.9,312086
1789098660000,55784.4,55800.7,55771.6,55776.9,369858
1789098690000,55780.6,55788.95,55766.85,55787.35,227724
1789098720000,55786.15,55789.95,55772.8,55775.9,329750
1789098750000,55776.4,55787.9,55770.45,55782.7,288469
1789098780000,55786.85,55795.5,55778.9,55793.35,333379
1789098810000,55786.1,55796.3,55775.15,55786.2,274701
1789098840000,55788.6,55795.35,55783.3,55792.75,422456
1789098870000,55795.85,55827.5,55786.9,55822.8,407188
1789098900000,55820.2,55863.05,55807.85,55861.45,498709
1789098930000,55857.9,55888.65,55856.15,55881.65,439675
1789098960000,55883.85,55907.55,55879.65,55905.65,504300
1789098990000,55906.75,55948.85,55903.2,55939.55,429535
1789099020000,55941.3,55944.15,55907.05,55942.2,596949
1789099050000,55944.05,55949.25,55932.55,55944.2,272158
1789099080000,55939.8,55945.8,55912.55,55918.2,273985
1789099110000,55917.1,55929.15,55904.6,55918.75,232887
1789099140000,55921.8,55934.4,55915.85,55929.1,286946
1789099170000,55926.75,55935.8,55911.15,55927.2,159938
1789099200000,55924.85,55934.05,55906.35,55916.65,199255
1789099230000,55916.2,55917.75,55893.85,55893.85,170374
1789099260000,55899.95,55903.5,55894.1,55896,79432
1789099290000,55898.95,55906.2,55888.85,55892.75,477925
1789099320000,55895.7,55898.55,55883.35,55886.6,146864
1789099350000,55884.85,55892.3,55878.85,55881.95,295792
1789099380000,55880.6,55881.4,55869.85,55875.3,224635
1789099410000,55876.95,55877.55,55857.25,55861.2,252855
1789099440000,55863.65,55888,55862.25,55884.6,186948
1789099470000,55890.55,55890.55,55872.95,55874.6,145657
1789099500000,55876.15,55880.5,55865.55,55873.85,171136
1789099530000,55871.65,55874.1,55863.85,55869.7,292354
1789099560000,55867.05,55878.9,55856.9,55875.3,309741
1789099590000,55874,55880.15,55869.35,55873.55,119291
1789099620000,55875,55882.05,55866.5,55868.5,135275
1789099650000,55869.2,55877.3,55859.5,55861.65,420291
1789099680000,55862.25,55876.65,55860.45,55869.7,140029
1789099710000,55868.9,55880.2,55861.2,55879.65,188351
1789099740000,55880.9,55883.7,55870.4,55879.1,159063
1789099770000,55875.85,55885.6,55870.5,55870.5,313878
1789099800000,55872.6,55872.6,55849.8,55856.3,409777
1789099830000,55855.8,55860.25,55848.8,55855.45,306017
1789099860000,55858,55858,55835.65,55835.65,241333
1789099890000,55837.25,55847.3,55835.4,55840.2,331974
1789099920000,55842.5,55860.95,55838.05,55854.8,323075
1789099950000,55854.1,55855,55830.6,55833.65,602768
1789099980000,55835.3,55858.5,55835.15,55858.5,560896
1789100010000,55858.9,55877.45,55857.85,55877.45,302719
1789100040000,55878.75,55887.4,55875.55,55887.4,115141
1789100070000,55887.3,55889.7,55876.95,55878.7,261431
1789100100000,55879.35,55885.7,55869.1,55884.2,380935
1789100130000,55882.7,55885.25,55871.75,55874.65,448373
1789100160000,55877.5,55879.05,55854.05,55854.05,256921
1789100190000,55860.65,55867.9,55858.3,55866.35,162643
1789100220000,55867.85,55869,55850.35,55858.1,121117
1789100250000,55858.2,55861.35,55847.1,55856.5,189582
1789100280000,55857.65,55859.3,55836.95,55842.5,259938
1789100310000,55841.8,55842.5,55827.2,55831.35,140218
1789100340000,55832.65,55842.8,55826.85,55840.6,268222
1789100370000,55840.45,55847.65,55831.45,55843.2,328881
1789100400000,55845.45,55863.9,55844.05,55861.95,249042
1789100430000,55861.8,55872.05,55856.5,55867.8,170045
1789100460000,55868.5,55868.5,55850.85,55854,179586
1789100490000,55855.9,55856.5,55842.15,55844.65,97644
1789100520000,55847.65,55849.15,55836.55,55836.55,161576
1789100550000,55838.3,55852.25,55827.85,55844.8,329245
1789100580000,55848.95,55852.85,55833,55840.2,170108
1789100610000,55842.1,55845.7,55832.85,55835.75,175532
1789100640000,55837.6,55857.75,55833.15,55856.65,192120
1789100670000,55857.2,55867,55856,55862.6,247994
1789100700000,55863.2,55878.65,55859.25,55872.25,131731
1789100730000,55874.85,55900.6,55869.7,55889.3,196249
1789100760000,55895.4,55925.65,55892.7,55925.65,231550
1789100790000,55925.1,55925.5,55907.9,55911.25,173659
1789100820000,55914.35,55923.2,55908.55,55912,116894
1789100850000,55910.65,55925,55906,55915.95,176663
1789100880000,55919.2,55919.2,55903.25,55907.9,188432
1789100910000,55910.55,55915.7,55904.95,55915.7,100481
1789100940000,55915.95,55917.3,55908.3,55914,81537
1789100970000,55915.35,55916,55904.1,55908.4,112747
1789101000000,55906.6,55912.95,55904.3,55910.3,120846
1789101030000,55909.35,55912.1,55898,55901.7,168152
1789101060000,55900.1,55903.35,55891.7,55894.5,99451
1789101090000,55897.4,55902.2,55890.35,55898,109571
1789101120000,55900.7,55906,55894.3,55906,137905
1789101150000,55907.2,55908.5,55895.85,55907.4,128975
1789101180000,55903.2,55934.45,55903.2,55931.55,240154
1789101210000,55932.9,55955,55928.3,55950.85,157454
1789101240000,55953.6,55972.15,55943.6,55966.7,183418
1789101270000,55966.25,55970.7,55950.2,55953.9,111301
1789101300000,55957.3,55970.45,55957.25,55969.75,102604
1789101330000,55970,55976.65,55964.9,55976.55,212398
1789101360000,55974.35,55976.9,55956.55,55961.3,100157
1789101390000,55959.1,55967.55,55954.1,55956,206427
1789101420000,55958.65,55968.4,55950.4,55965.5,90894
1789101450000,55961.7,55963.95,55952.35,55953.6,123771
1789101480000,55953.55,55969.75,55950.35,55969.75,134275
1789101510000,55967.7,55975.75,55960.7,55973.15,214252
1789101540000,55971.3,55988.25,55971,55976.8,149271
1789101570000,55978.75,55984.75,55971.4,55980.7,151599
1789101600000,55981.05,55981.75,55968.3,55976.6,370127
1789101630000,55975.55,55983.95,55974.1,55978.6,65916
1789101660000,55979.2,55985.45,55973.1,55976.65,72825
1789101690000,55978.7,55984.65,55969.7,55974.75,143528
1789101720000,55976.05,55981.9,55973.85,55977.65,198656
1789101750000,55977.75,55981.45,55968.3,55981.4,198946
1789101780000,55981.65,55986.75,55973.55,55986.75,198344
1789101810000,55985,56015.45,55985,56009.3,223339
1789101840000,56010.65,56017.7,56006.3,56012.35,169835
1789101870000,56012.95,56024.85,56010.7,56022.25,120910
1789101900000,56022,56031.25,56010.95,56012.15,511950
1789101930000,56011.75,56017.8,56004.9,56014.85,219930
1789101960000,56014.25,56024,56007.95,56020.8,128025
1789101990000,56021.45,56026.2,56009.2,56010.5,108775
1789102020000,56015.55,56023.45,56007.75,56022.25,187025
1789102050000,56023.45,56026.4,56016.8,56023.95,1849155
1789102080000,56026.95,56036.45,56018.3,56024.65,657308
1789102110000,56025.25,56026.35,56014.45,56022.35,232512
1789102140000,56027.45,56028.5,56015.4,56022.85,164757
1789102170000,56022.4,56026.2,56013.95,56016.85,207134
1789102200000,56020.6,56025.15,56013.25,56016,121069
1789102230000,56011.7,56027.4,56010.5,56027.4,229979
1789102260000,56031.45,56053.4,56025.7,56052.35,257855
1789102290000,56053.4,56057.25,56035.3,56043.95,161144
1789102320000,56047.25,56079.5,56038.55,56078.3,172714
1789102350000,56077.4,56088.1,56075.6,56081.35,123515
1789102380000,56085.95,56092.45,56080.6,56085.95,183901
1789102410000,56086,56086.95,56069.85,56069.85,160197
1789102440000,56074.15,56076.75,56059.55,56060,197761
1789102470000,56061.5,56062.95,56048.55,56050.1,109404
1789102500000,56055.3,56055.3,56035.05,56040.6,207983
1789102530000,56041.2,56043.2,56033.8,56037.95,221978
1789102560000,56038.75,56041.25,56033.8,56039.7,127635
1789102590000,56038.8,56041.95,56031.6,56036.25,131380
1789102620000,56039.1,56039.1,56014.65,56015.55,156328
1789102650000,56014.85,56020.65,56001.15,56002.1,83494
1789102680000,56002.8,56006.35,55976,55981.6,187007
1789102710000,55985.15,55990.9,55975.6,55980.75,168713
1789102740000,55981.85,55996.1,55978.85,55991.55,158088
1789102770000,55991,55994.85,55982.05,55982.05,68611
1789102800000,55981.05,55984.25,55971.2,55973.25,169582
1789102830000,55972.2,55975,55962.8,55963.45,157591
1789102860000,55964.9,55979,55963.1,55971.95,84105
1789102890000,55969.65,55985.55,55969.65,55981.05,139858
1789102920000,55982.95,55991.3,55978.2,55981,370161
1789102950000,55983.7,55985.5,55974.65,55979.75,190994
1789102980000,55980.05,55981.05,55971.9,55972.75,174099
1789103010000,55973.35,55978.75,55963.1,55963.65,148475
1789103040000,55965.35,55980.75,55954.5,55978.2,200520
1789103070000,55978.2,56000.95,55978.2,55992.95,113227
1789103100000,55996.75,56008,55988.1,55995.15,133691
1789103130000,55999.25,56008.05,55993.15,56001.95,77790
1789103160000,56002.65,56009.8,56002.65,56005.8,112860
1789103190000,56007,56017.6,56001.45,56015.9,77325
1789103220000,56014.4,56029.1,56005.1,56024.95,246606
1789103250000,56025.45,56031.5,56020.4,56021.55,90336
1789103280000,56027.05,56030.75,56018.4,56030.75,99820
1789103310000,56029.6,56029.6,56016.55,56028.1,123769
1789103340000,56030,56034.9,56023.15,56032.15,294291
1789103370000,56032.15,56038.45,56028.35,56033.4,60930
1789103400000,56034.5,56038.3,56028.6,56029.05,137579
1789103430000,56029.05,56036.95,56021.9,56035.2,106572
1789103460000,56035.35,56043.4,56030.75,56035.3,80464
1789103490000,56035.3,56037.65,56019,56032.9,220230
1789103520000,56034.3,56035.55,56025.2,56031.95,86299
1789103550000,56031.5,56035,56025.85,56034.45,79241
1789103580000,56035.8,56039.4,56026.6,56031.4,72702
1789103610000,56033.15,56033.15,56020.85,56028.65,119136
1789103640000,56028.75,56038.7,56023.8,56038.6,266021
1789103670000,56038.6,56043.05,56031.05,56041.15,138677
1789103700000,56045.05,56075.35,56042.9,56066.3,546019
1789103730000,56063.45,56069.4,56034.85,56034.85,212599
1789103760000,56037.75,56040.45,56025.55,56028.7,48028
1789103790000,56027.7,56034.95,56021.35,56030.75,121182
1789103820000,56029.75,56030.7,56022.25,56024.4,44420
1789103850000,56026,56032.65,56022.7,56031.45,108443
1789103880000,56028.65,56031,56016.65,56022.6,89703
1789103910000,56020.6,56020.6,56002.5,56009.95,272975
1789103940000,56015.05,56019.05,56007.1,56010.85,137185
1789103970000,56010.95,56015.55,56006.25,56007.95,176866
1789104000000,56010.2,56010.2,55990.9,55993.4,192038
1789104030000,55992.7,55993.4,55981.7,55988.6,265468
1789104060000,55985.15,56003.6,55984.3,56001.65,297643
1789104090000,56002.45,56005.05,55993.15,55999.6,1324474
1789104120000,56001.85,56001.85,55990.55,55994.8,109274
1789104150000,55994.95,55997.6,55987.2,55988.75,192211
1789104180000,55987.9,55992.2,55975.4,55976.6,199512
1789104210000,55977.05,55982.05,55968.3,55981,476846
1789104240000,55977.65,55983.45,55975.1,55976.7,251371
1789104270000,55979.6,55984.6,55975.6,55977.2,194612
1789104300000,55979.15,55981,55964.35,55965.4,281812
1789104330000,55965.4,55967.5,55957.65,55959.15,73683
1789104360000,55959.1,55963.05,55950.2,55953.95,84308
1789104390000,55952.05,55961.25,55951.45,55952.05,88120
1789104420000,55950.9,55958.55,55947.7,55952.05,245114
1789104450000,55953.45,55963.75,55950.7,55954.8,276822
1789104480000,55957.2,55958.25,55947.85,55951.8,86789
1789104510000,55953.4,55959,55950.45,55955.2,60555
1789104540000,55959.25,55961.35,55953,55956.2,41626
1789104570000,55958.7,55965.75,55954.45,55957.95,68531
1789104600000,55958.45,55979.9,55952.05,55966.65,389500
1789104630000,55966.65,55973.7,55963.75,55969,73398
1789104660000,55973.45,55979.1,55967.2,55975.5,44244
1789104690000,55977.25,55978.75,55970.6,55973.35,86610
1789104720000,55976.6,55981.4,55973.6,55979.45,62093
1789104750000,55977.9,55986.35,55971.5,55986.35,879820
1789104780000,55983.85,55997.1,55983.45,55993.25,177619
1789104810000,55993.45,55993.45,55970.1,55974.45,570379
1789104840000,55977.4,55981.45,55973.6,55975.85,157566
1789104870000,55979.1,55980.65,55973.1,55974.75,51804
1789104900000,55976.65,55979.5,55963.7,55971.7,171760
1789104930000,55972.8,55976.05,55968.55,55971.7,104393
1789104960000,55974,55976.8,55966.3,55975,144550
1789104990000,55976.2,55987.1,55973.95,55984.65,1676136
1789105020000,55986.5,56010.05,55985.4,56009.2,1070993
1789105050000,56009.1,56014.35,56002.45,56008.4,368178
1789105080000,56004.8,56019.6,55997.5,56013.75,300908
1789105110000,56013.5,56013.5,55986.8,55993.65,187377
1789105140000,55995.15,56010.15,55990.9,56008.25,148175
1789105170000,56009,56041.65,56009,56040.45,322089
1789105200000,56043,56050.9,56035.3,56042.6,332142
1789105230000,56045.05,56058.9,56040.35,56051.9,450991
1789105260000,56060.25,56070.45,56055.3,56066.75,261801
1789105290000,56067.6,56071.55,56059.65,56061.5,338745
1789105320000,56062.9,56074.8,56059.55,56070.55,117358
1789105350000,56069.6,56108.7,56066.8,56099.95,331570
1789105380000,56102.8,56130.1,56099.55,56127.75,511937
1789105410000,56130.95,56176.05,56120,56165.7,410650
1789105440000,56167.45,56220.7,56167.05,56206.5,1331097
1789105470000,56206.3,56211.8,56198.35,56203.05,478941
1789105500000,56202.3,56205.65,56159.5,56163.3,288754
1789105530000,56164.1,56174.15,56142.35,56142.35,619627
1789105560000,56151.5,56175.05,56143.05,56172.65,261493
1789105590000,56175.25,56187.3,56165.15,56187.15,225353
1789105620000,56188.9,56227.95,56187.6,56227.95,395611
1789105650000,56226.3,56241.45,56197.85,56200.1,401620
1789105680000,56206.4,56208.45,56192.7,56195.95,187957
1789105710000,56194.75,56205.25,56188.3,56191.95,154794
1789105740000,56195.5,56195.95,56176.8,56179.4,205393
1789105770000,56178.85,56195,56174.4,56192.45,162068
1789105800000,56195.15,56199.1,56182.3,56184.35,139720
1789105830000,56179.85,56184.2,56159.75,56164.9,111689
1789105860000,56166.15,56181,56157.5,56181,170242
1789105890000,56182.05,56199.75,56175.85,56194.95,299673
1789105920000,56196.3,56206.55,56191.4,56202.95,455315
1789105950000,56200.9,56213.85,56196.9,56206.55,102237
1789105980000,56209.55,56215.95,56202.4,56204.05,250994
1789106010000,56205.8,56243.75,56205.8,56237.8,1456606
1789106040000,56238.75,56263.05,56238.75,56250.35,255898
1789106070000,56250.7,56252.45,56235.45,56236.9,157199
1789106100000,56243.25,56245.5,56218.4,56219.35,284476
1789106130000,56220.65,56228.15,56210.9,56211.65,84782
1789106160000,56211.55,56211.85,56196.95,56202.2,189623
1789106190000,56200.55,56206.8,56189.5,56196.65,223638
1789106220000,56197.75,56198.65,56186.5,56187.5,152904
1789106250000,56186.95,56200.65,56178.1,56197.2,134916
1789106280000,56193.6,56198.75,56183.65,56184.9,174320
1789106310000,56185,56195.75,56180.35,56185.65,226999
1789106340000,56191.35,56191.35,56175.9,56177.6,119895
1789106370000,56179.95,56185.7,56174,56174.5,194058
1789106400000,56176.25,56181.8,56163.6,56169.9,103136
1789106430000,56171.45,56172.9,56160.2,56161.3,151038
1789106460000,56166.7,56169.7,56159.35,56163.05,121462
1789106490000,56164,56170.35,56156.5,56158,104334
1789106520000,56159.9,56173.25,56148.25,56173.25,162513
1789106550000,56175.4,56176.9,56162.9,56169.25,98512
1789106580000,56173.4,56178.95,56166.9,56173.65,113947
1789106610000,56174.5,56192.7,56174.5,56191.75,152849
1789106640000,56193.8,56198.55,56181.85,56184.2,280963
1789106670000,56185.75,56193.85,56183.3,56189.65,79806
1789106700000,56190.2,56195.55,56167.25,56167.25,126054
1789106730000,56169.15,56174.2,56161.9,56163.2,256283
1789106760000,56165.15,56185.6,56163.2,56185.6,188888
1789106790000,56185.35,56203.5,56181.35,56194.9,204847
1789106820000,56199.25,56200.25,56189.7,56190.6,149734
1789106850000,56192.45,56198.8,56183.9,56190.4,280998
1789106880000,56191.1,56210.15,56191.1,56205.05,173745
1789106910000,56206.6,56207.35,56182.35,56187.35,436804
1789106940000,56185.55,56192.15,56167.35,56172.3,179686
1789106970000,56173.05,56176.1,56159.15,56159.5,130707
1789107000000,56162.2,56184.7,56157.85,56182,200509
1789107030000,56181,56184.85,56173.75,56178.65,98629
1789107060000,56178.95,56198.2,56176,56193.25,283027
1789107090000,56193.9,56199.7,56181.4,56181.4,59856
1789107120000,56184.15,56187.75,56173.55,56181.3,97243
1789107150000,56185.6,56187.65,56171.2,56175.25,75851
1789107180000,56176.45,56187.6,56173.1,56182.25,135281
1789107210000,56184.9,56190.65,56181.65,56186.95,104734
1789107240000,56191.05,56218.4,56189,56206.85,449979
1789107270000,56208.05,56216.05,56201.9,56207.6,271864
1789107300000,56211.9,56221.3,56208.25,56211.65,208584
1789107330000,56210.55,56210.55,56190.9,56191.7,299471
1789107360000,56191.55,56230,56191.55,56228.05,325511
1789107390000,56227.65,56228.5,56201,56203.7,305086
1789107420000,56207.15,56211.75,56198.55,56206.25,202456
1789107450000,56206.35,56210.5,56199.6,56201.85,186672
1789107480000,56205.65,56209.2,56196.15,56196.15,197432
1789107510000,56199.65,56203.05,56185.45,56188.35,171515
1789107540000,56189.25,56191.25,56179.05,56182.8,198391
1789107570000,56184.05,56188.4,56178.9,56187.1,90454
1789107600000,56190.55,56191.75,56181.8,56181.8,142310
1789107630000,56182.9,56197.7,56179.9,56189.55,132152
1789107660000,56192.55,56207,56187.25,56196.15,139656
1789107690000,56201.5,56205.6,56192.75,56195.7,80521
1789107720000,56198.4,56200.55,56180.95,56186.4,183123
1789107750000,56187.7,56187.7,56169.45,56174.85,254308
1789107780000,56177.2,56185.55,56173.5,56173.5,140264
1789107810000,56174.7,56178.35,56154.85,56162.35,248341
1789107840000,56166.3,56181.05,56166.3,56171,105469
1789107870000,56172.75,56180.25,56169.8,56176.15,309135
1789107900000,56178.5,56180.75,56159.4,56160.1,98341
1789107930000,56160.65,56170.7,56158.55,56164.2,115353
1789107960000,56168.25,56187.6,56165.85,56185.05,129233
1789107990000,56184.8,56195.95,56184.05,56189,159742
1789108020000,56192.85,56195.85,56164,56166.7,103628
1789108050000,56167.4,56171.05,56148.6,56148.6,395054
1789108080000,56152.65,56158.2,56142.25,56151.1,101045
1789108110000,56149.7,56159.05,56146.45,56151.3,111293
1789108140000,56155.45,56168.35,56153.65,56160.35,85762
1789108170000,56163.75,56173.15,56161.75,56165.6,57214
1789108200000,56169.35,56180.45,56164.8,56176.15,54234
1789108230000,56178.35,56188.8,56176.1,56177.2,106018
1789108260000,56181.35,56182.9,56169.75,56169.75,107352
1789108290000,56170.35,56173.1,56162,56166.1,87535
1789108320000,56168.8,56173.6,56160,56162.7,228207
1789108350000,56163.55,56166.7,56153,56155.95,84754
1789108380000,56155.95,56163.85,56145.1,56145.1,228437
1789108410000,56146.45,56155,56145.5,56146.15,74254
1789108440000,56150.15,56161.85,56144.8,56150.45,96474
1789108470000,56147.8,56158.3,56144.95,56151.1,86252
1789108500000,56152.65,56161.85,56151,56151.65,151111
1789108530000,56154.45,56164.2,56150.75,56153.2,141422
1789108560000,56153.2,56162.2,56148.5,56153.35,50470
1789108590000,56156.6,56162.3,56147.8,56150.55,84800
1789108620000,56150.55,56156.9,56141.05,56141.05,73801
1789108650000,56148.15,56154.55,56143,56146.2,95582
1789108680000,56145.55,56154.5,56145,56152.8,87730
1789108710000,56151.6,56154.85,56142.75,56143.4,150682
1789108740000,56147.3,56147.3,56129.75,56130.45,96326
1789108770000,56132.25,56141.3,56131.05,56134.2,57133
1789108800000,56136.8,56140.25,56125.25,56125.4,76758
1789108830000,56127.45,56129.05,56097.7,56101,237450
1789108860000,56102.35,56105.75,56093.75,56101.4,276511
1789108890000,56103.15,56114.2,56099.9,56108.7,82309
1789108920000,56112.45,56114.7,56092.4,56095.7,136200
1789108950000,56098.05,56104.5,56087,56087,348601
1789108980000,56093.9,56096.85,56073.9,56076.25,164880
1789109010000,56078.75,56086,56074.95,56077.3,65725
1789109040000,56083.5,56103.65,56080.05,56095.55,98707
1789109070000,56097.9,56103.75,56094.8,56095.25,46911
1789109100000,56099.6,56107.7,56090.2,56092.05,114154
1789109130000,56093.2,56096.6,56075.5,56076.35,188371
1789109160000,56080.6,56091.4,56076.9,56085.15,215308
1789109190000,56088.7,56095.65,56084.4,56086.95,108170
1789109220000,56091.9,56109.35,56089.65,56104.95,141725
1789109250000,56105.55,56110.45,56097.8,56098.9,67691
1789109280000,56102.35,56113.65,56100.2,56110.7,111596
1789109310000,56111.3,56120.45,56109.05,56115.35,78000
1789109340000,56114.1,56119.75,56106,56116.3,355103
1789109370000,56119.25,56121.85,56115.4,56117.75,84686
1789109400000,56117.75,56127,56111.25,56114.5,172399
1789109430000,56113.2,56122.95,56110.05,56117.9,375766
1789109460000,56122,56128.8,56115.85,56115.85,129439
1789109490000,56117.05,56124.9,56115.4,56119.75,256905
1789109520000,56124.6,56129.55,56120,56120,62871
1789109550000,56120.25,56126.1,56116.05,56116.05,102495
1789109580000,56120.6,56134.8,56117.1,56128.9,87164
1789109610000,56131.6,56140.8,56129.25,56134,71400
1789109640000,56137.85,56156.15,56131.55,56151.05,121295
1789109670000,56152.5,56162.8,56149.35,56158.05,171376
1789109700000,56158.05,56165.05,56151.95,56151.95,85562
1789109730000,56151.1,56159.6,56136,56136.5,113062
1789109760000,56140.15,56146.65,56136.15,56136.15,66867
1789109790000,56136.5,56142.3,56132.45,56136.65,62183
1789109820000,56136.65,56151.35,56136.65,56149.55,259599
1789109850000,56150.55,56152.7,56142.75,56145.7,60069
1789109880000,56148.85,56151.1,56142.4,56142.4,72569
1789109910000,56144.05,56146.1,56138.2,56139.65,71202
1789109940000,56143.15,56154.5,56138.7,56141.15,1016340
1789109970000,56141.9,56149.6,56140.65,56140.65,685491
1789110000000,56144.1,56151.75,56137.9,56139.35,234736
1789110030000,56139.8,56167.8,56136.75,56157.2,235576
1789110060000,56154.8,56165.25,56149.95,56151.3,137887
1789110090000,56150.9,56159.45,56148.4,56151.5,86639
1789110120000,56150.8,56164.5,56150.8,56153.15,112945
1789110150000,56156.6,56165.3,56152,56160.1,188315
1789110180000,56163.9,56164.6,56155.6,56157.65,100052
1789110210000,56160.05,56169.85,56158.95,56160.8,142167
1789110240000,56165.1,56180.2,56161.2,56174,168000
1789110270000,56177.3,56192.75,56172.9,56183.25,217672
1789110300000,56187.9,56190.2,56176.35,56179.3,222220
1789110330000,56177.65,56204.7,56176.45,56203.9,1172986
1789110360000,56205.95,56221.35,56202.85,56214.35,1172613
1789110390000,56217.2,56219.55,56193.75,56195.55,1243686
1789110420000,56197.8,56219.6,56197.3,56215.95,294954
1789110450000,56216.35,56239,56212.05,56231.25,261486
1789110480000,56234.35,56247.9,56230.75,56240.1,394283
1789110510000,56240.95,56251.8,56219.1,56228.95,817686
1789110540000,56230.85,56230.85,56211.3,56211.3,186101
1789110570000,56211.9,56221.05,56208.15,56211.95,276469
1789110600000,56215.65,56223.05,56211.85,56217.25,1667524
1789110630000,56216.7,56221.55,56200.9,56210.55,1392607
1789110660000,56214.55,56219,56203.55,56204.3,493483
1789110690000,56199,56226.15,56198.8,56219.05,323929
1789110720000,56221,56236.55,56218.85,56231.95,311479
1789110750000,56228.3,56245.85,56218.5,56243.75,752162
1789110780000,56234.45,56263.75,56234.45,56254,795804
1789110810000,56253.6,56259.25,56244.6,56246.05,329850
1789110840000,56251.3,56251.3,56234.3,56236.55,348788
1789110870000,56239.95,56247,56233.05,56234.8,237940
1789110900000,56237.4,56246.85,56232.95,56234.3,368585
1789110930000,56240.85,56247.65,56219.15,56219.15,650942
1789110960000,56226.95,56230.9,56213.65,56213.65,1039175
1789110990000,56217.7,56229.2,56215.6,56220.05,328752
1789111020000,56223.95,56236.85,56216.7,56218.35,210494
1789111050000,56222.7,56227.65,56215.5,56220.5,273422
1789111080000,56223.85,56224.55,56214.2,56214.2,368284
1789111110000,56216.15,56233.95,56210.6,56230.55,422184
1789111140000,56234.25,56242.6,56232.8,56237.85,1148076
1789111170000,56241.15,56249,56235.3,56246.6,2321008
1789111200000,56247.7,56255.85,56241.7,56245.05,1373135
1789111230000,56247.4,56256.15,56234.4,56242.2,608230
1789111260000,56245.3,56251.1,56241.15,56241.35,2026994
1789111290000,56244.3,56251.55,56241.25,56247.65,2295014
1789111320000,56248.95,56270.15,56242.65,56267.85,856015
1789111350000,56269.05,56304.4,56268.55,56297.25,1352137
1789111380000,56297.4,56306.9,56287.8,56301,1483989
1789111410000,56300.45,56309.25,56298.35,56302.3,373536
1789111440000,56305.5,56305.5,56287.35,56292.75,1245128
1789111470000,56289.35,56296.8,56279.05,56281.95,401560
1789111500000,56285.45,56293.5,56279.2,56285.8,508066
1789111530000,56288.95,56299.4,56284.4,56296.1,343850
1789111560000,56297.95,56299.25,56271.65,56278.1,721316
1789111590000,56279.8,56295.05,56276.6,56279.55,403530
1789111620000,56276.45,56290.65,56275.85,56281.9,518383
1789111650000,56282.15,56296.25,56278.35,56288.4,901861
1789111680000,56289.7,56307.4,56288.15,56294.15,867353
1789111710000,56293.6,56311.5,56291.25,56301.65,336974
1789111740000,56304.85,56307.9,56284.05,56294.05,225355
1789111770000,56292.85,56301.25,56286.65,56288.6,181416
1789111800000,56291.8,56294.15,56274.75,56278.1,336420
1789111830000,56279.5,56280.1,56261.9,56263.15,955064
1789111860000,56266.3,56267.5,56242.35,56248.9,230282
1789111890000,56253.65,56262.5,56243.65,56249.65,219592
1789111920000,56254.85,56254.85,56232.75,56237.35,198401
1789111950000,56239.55,56269.1,56235.15,56257.15,527470
1789111980000,56256.55,56260.1,56229.4,56233.8,168101
1789112010000,56238.15,56245.75,56231.1,56236.35,151715
1789112040000,56241.15,56242.2,56226.95,56236.15,381219
1789112070000,56237.95,56237.95,56213.45,56216.7,377672
1789112100000,56216.15,56217.7,56203.5,56203.5,436513
1789112130000,56205.75,56217.5,56195.9,56205.3,270765
1789112160000,56207.55,56214.7,56195.8,56206.05,186243
1789112190000,56205.5,56208.65,56197.75,56202.55,242257
1789112220000,56208.7,56215,56200.4,56202.7,252298
1789112250000,56205.1,56217.2,56202.1,56216.6,576799
1789112280000,56218.8,56224,56210.95,56219.05,316856
1789112310000,56218.25,56227.5,56213,56222.95,496109
1789112340000,56222.7,56226.35,56201.8,56206.65,278937
1789112370000,56208.4,56211.85,56193.7,56200.2,186662
1789112400000,56201.35,56206.45,56193.45,56203.45,198824
1789112430000,56204.65,56207.3,56190.1,56192.65,240241
1789112460000,56196.95,56196.95,56171.65,56178.35,257917
1789112490000,56176.75,56192.95,56172.25,56189.9,194243
1789112520000,56192.5,56203.7,56188.65,56192.55,235374
1789112550000,56194.7,56198.3,56186.25,56190.85,280969
1789112580000,56196.05,56212.9,56193.7,56206.65,156646
1789112610000,56208.6,56214.7,56204.15,56206.9,161012
1789112640000,56209.85,56236,56205.85,56233.05,298805
1789112670000,56233.55,56237.45,56225.55,56230.65,172032
1789112700000,56234.5,56237.35,56226.05,56226.05,234023
1789112730000,56231.8,56234,56219.45,56221.9,259092
1789112760000,56222.65,56236.95,56219.9,56233.2,309940
1789112790000,56234,56236.75,56222.2,56230.5,844578
1789112820000,56228.8,56233.7,56222.45,56225.75,129915
1789112850000,56226.35,56245.2,56225.4,56238.5,175947
1789112880000,56236.95,56238.45,56224.45,56228.95,230546
1789112910000,56225.35,56234.7,56218.1,56220.35,166515
1789112940000,56217.25,56222.7,56206.2,56214.3,234122
1789112970000,56213.75,56220.55,56205.5,56210.55,213020
1789113000000,56212.7,56217.7,56205.35,56214.8,377309
1789113030000,56216.7,56219,56198,56204.2,269826
1789113060000,56208.3,56218.05,56200.65,56215.6,140464
1789113090000,56216.9,56224.2,56209.35,56216.4,107773
1789113120000,56220.15,56229.4,56208.75,56225.6,149197
1789113150000,56223.05,56229.85,56217.75,56227.3,169655
1789113180000,56227.75,56250.3,56218.4,56250.3,854942
1789113210000,56248.25,56255.75,56239.6,56251.5,2938650
1789113240000,56252.1,56258.85,56243.2,56247.55,793387
1789113270000,56245.85,56259.45,56241.65,56255.35,932931
1789113300000,56257.05,56257.05,56236.9,56240.25,1240020
1789113330000,56239.4,56251.95,56234.05,56245.05,402829
1789113360000,56251.2,56258.15,56237.5,56252.15,402003
1789113390000,56254.95,56259.05,56249.7,56252.55,549266
1789113420000,56256.55,56262,56248.15,56261.2,323107
1789113450000,56260.7,56289.65,56254.45,56279,426564
1789113480000,56280.2,56289.75,56277.5,56279.65,314106
1789113510000,56282.45,56298.1,56279,56291.65,169079
1789113540000,56298.45,56342.45,56292.55,56336.15,421614
1789113570000,56335.9,56336.45,56307.95,56334.1,449564
1789113600000,56336.75,56336.75,56303.1,56315.65,231119
1789113630000,56314.8,56330.95,56311.45,56322.4,252508
1789113660000,56325.5,56328.45,56306.05,56314.95,114401
1789113690000,56315.8,56332.35,56312.95,56328.35,173552
1789113720000,56329.8,56348.35,56328.2,56346,1549645
1789113750000,56348.1,56356.15,56347,56353.55,2462507
1789113780000,56355.5,56357.4,56337.65,56345.95,1259481
1789113810000,56348.15,56353.8,56333.8,56350.1,1388969
1789113840000,56352.15,56356.4,56337.7,56353.7,2895275
1789113870000,56355.35,56357.55,56342.95,56348.6,2712114
1789113900000,56351.05,56351.05,56315.75,56319.95,3030916
1789113930000,56319.7,56340.5,56319.05,56325.4,3178749
1789113960000,56332.25,56332.25,56315.5,56317.8,1873775
1789113990000,56321.45,56323.7,56309.45,56314.6,1539022
1789114020000,56319.8,56322.6,56298.05,56306.1,836605
1789114050000,56302.6,56312.65,56300.55,56306.8,684919
1789114080000,56309.45,56325,56305.7,56319.4,465288
1789114110000,56323.2,56333.3,56313.15,56316.9,3447848
1789114140000,56320.3,56326.05,56305.75,56322.3,963055
1789114170000,56325.65,56333.8,56290.5,56295.35,1176059
1789114200000,56298,56313.8,56295.95,56310.05,769919
1789114230000,56310.35,56320.9,56305.05,56309.6,634184
1789114260000,56310.45,56322.8,56234.35,56243.8,1549503
1789114290000,56244.15,56256.75,56235.9,56251.8,1047264
1789114320000,56253.6,56273.6,56248.05,56269.85,699104
1789114350000,56274.45,56323.6,56268.8,56321.55,983652
1789114380000,56326.85,56328.9,56304.15,56314.6,838494
1789114410000,56315.9,56322.2,56302.95,56321.1,847733
1789114440000,56323.7,56329.3,56314.35,56324.8,536124
1789114470000,56328.15,56336.15,56323.95,56324.95,602492
1789114500000,56328.05,56330.05,56299.35,56300.7,773580
1789114530000,56298.45,56301.3,56263.25,56267.25,815978
1789114560000,56269.95,56279.5,56263.6,56268.2,1019447
1789114590000,56264.5,56294.9,56264.5,56292.95,5001042
1789114620000,56296.65,56318.8,56287.15,56313.6,2148274
1789114650000,56317.65,56326.85,56308.7,56323.35,2417009
1789114680000,56324.6,56345.7,56321.8,56339.95,3508964
1789114710000,56341.5,56344.05,56314.75,56323.2,1780542
1789114740000,56328,56332.8,56314.85,56325.95,2643465
1789114770000,56325.95,56352.4,56320.55,56350.25,4104951
1789114800000,56348.7,56361.2,56346.5,56354.65,1918484
1789114830000,56358.2,56376,56349.9,56370.9,2293185
1789114860000,56382.75,56394.6,56361.7,56381.25,3486123
1789114890000,56383.5,56403.25,56372.5,56390.25,1874808
1789114920000,56392.95,56396.75,56370.95,56391.3,1927143
1789114950000,56390.6,56391.45,56355.25,56367.45,1328999
1789114980000,56367.75,56373.2,56359.55,56365.25,972760
1789115010000,56364.2,56376.95,56363.15,56369.25,1018120
1789115040000,56370.45,56467.4,56357.65,56449.25,1616068
1789115070000,56449.25,56450.8,56347.95,56353.2,830640
1789115100000,56354.15,56414.95,56348.35,56408.6,645372
1789115130000,56405.35,56454.4,56405.35,56436.45,1399360
1789115160000,56439.2,56439.2,56404.75,56413.25,1648524
1789115190000,56413.25,56456.8,56412.65,56450.15,665709
1789115220000,56472.65,56490.4,56450.25,56473.8,1798396
1789115250000,56472.55,56497.7,56467.8,56479.4,758146
1789115280000,56483.55,56486.6,56451.3,56452,1722696
1789115310000,56453.6,56462.65,56421.15,56454.45,2335321
1789115340000,56455.5,56471.2,56452.6,56458.7,1356843
1789115370000,56457.1,56485.2,56454.85,56478.8,1289871
1789115400000,56476.6,56479.95,56445.95,56470.6,583373
1789115430000,56468.4,56500,56468.4,56485.85,628160
1789115460000,56491.55,56491.55,56465.85,56475.15,750974
1789115490000,56475.15,56477.55,56455.3,56468.4,1264811
1789115520000,56470.95,56567.8,56466.05,56563.6,1514223
1789115550000,56563.6,56606.45,56561.25,56581.35,1077076
1789115580000,56581.55,56616,56577.6,56612.05,1070902
1789115610000,56615.4,56628.1,56580.15,56588.7,1379573
1789115640000,56590.9,56592.15,56563.95,56563.95,1183043
1789115670000,56564.8,56598.75,56561.75,56586.4,740004
1789115700000,56590.55,56592.6,56548.85,56548.85,557587
1789115730000,56550.75,56564.5,56540.45,56547.2,2404298
1789115760000,56552.85,56557.3,56505.65,56524.05,958775
1789115790000,56522.5,56555.4,56517.35,56545.65,916629
1789115820000,56546.35,56546.35,56516.85,56517.4,1602369
1789115850000,56521.6,56532.65,56518.55,56527.2,690740
1789115880000,56529.45,56536.5,56519.75,56523.45,1408613
1789115910000,56523.9,56524.65,56492.25,56495.55,518567
1789115940000,56502.4,56518.75,56489.7,56512.1,433508
1789115970000,56513.85,56543.2,56507.2,56524.8,831505
1789116000000,56531.05,56531.05,56514.4,56521.65,698264
1789116030000,56523.05,56530.4,56513.25,56520.9,978421
1789116060000,56525.05,56525.05,56506.75,56509.6,390115
1789116090000,56511.1,56542.9,56511.1,56540,642936
1789116120000,56543.7,56544.75,56529.4,56531.15,1161306
1789116150000,56535.7,56540.9,56525.1,56534.1,674504
1789116180000,56536.65,56538.9,56518.6,56527.45,438931
1789116210000,56526.3,56539.55,56519.4,56525.45,421943
1789116240000,56526.45,56536.35,56508.7,56532.65,643692
1789116270000,56532.65,56551.8,56530.4,56547.45,478799
1789116300000,56550.25,56559.4,56524.15,56526.2,491220
1789116330000,56530.45,56543.85,56524.6,56528.75,361966
1789116360000,56530.45,56530.45,56482.9,56495.5,523881
1789116390000,56499.05,56512.4,56491.95,56500.35,1041196
1789116420000,56506.7,56507.05,56494.35,56500.55,378958
1789116450000,56502.8,56506.1,56479.35,56493.55,774744
1789116480000,56499.3,56499.65,56468.7,56484.35,1310214
1789116510000,56486.05,56486.05,56468.8,56474.95,808994
1789116540000,56475.85,56481.7,56465.8,56477.15,1102438
1789116570000,56477.9,56482.65,56469.85,56474.3,847814
1789116600000,56470.9,56487.05,56461.9,56468.15,773082
1789116630000,56468.85,56473.6,56461.25,56467,273417
1789116660000,56470,56488.55,56465.75,56482.35,730015
1789116690000,56482.35,56501.15,56480.95,56491.5,370286
1789116720000,56491.1,56509.45,56484,56508.4,412684
1789116750000,56511.6,56511.75,56490.1,56492.1,482069
1789116780000,56499.4,56514.7,56489.05,56491.85,421826
1789116810000,56496.55,56515.95,56480.2,56488.55,582200
1789116840000,56491.2,56507.8,56480.8,56495,894096
1789116870000,56498.2,56519.15,56492.65,56514.3,1013368
1789116900000,56515.15,56519.05,56503.75,56508.75,694121
1789116930000,56506.4,56517.05,56504.7,56513.85,447369
1789116960000,56514.7,56527.35,56511.05,56523.9,697685
1789116990000,56527.3,56539.05,56518.7,56539.05,314581
1789117020000,56538.6,56540.35,56521.1,56532.1,243048
1789117050000,56532.1,56542.65,56512.45,56529.05,297478
1789117080000,56528.15,56533.9,56517.3,56526,208325
1789117110000,56524.6,56555.85,56524.6,56539.9,293104
1789117140000,56539,56548.6,56530.35,56534.2,321680
1789117170000,56536.05,56548.75,56531.15,56544.35,290931
1789117200000,56544.45,56555.15,56535.8,56538.3,291529
1789117230000,56540.05,56557.25,56531.2,56548,438720
1789117260000,56555.65,56576.2,56543.75,56566.05,461001
1789117290000,56570.8,56579.7,56558.25,56569.65,296423
1789117320000,56576.05,56583.15,56558.2,56558.2,632110
1789117350000,56557.85,56560.5,56538.3,56545.2,303739
1789117380000,56549.65,56551.2,56527.45,56534.65,242391
1789117410000,56534.3,56554.95,56524.8,56550,163009
1789117440000,56547.2,56565.65,56537.35,56544.65,221352
1789117470000,56550,56568.45,56547.15,56559.25,338717
1789117500000,56561.25,56590.05,56561.25,56589.25,587781
1789117530000,56590.35,56635.35,56584.85,56628.9,1265538
1789117560000,56628.2,56628.9,56601.1,56604.85,716947
1789117590000,56608.85,56625.6,56590.2,56614.6,425520
1789117620000,56619.25,56629.2,56603.7,56608.2,702920
1789117650000,56612.65,56613.25,56575.9,56579.4,523142
1789117680000,56580.1,56586.7,56573.95,56578.5,386367
1789117710000,56580.5,56582.3,56555.8,56559,462445
1789117740000,56560.65,56572.6,56538.2,56571.45,446698
1789117770000,56570.05,56587.65,56566.1,56580.4,481655
1789117800000,56584.3,56589.9,56563.3,56568.35,204651
1789117830000,56570.7,56576.85,56558.1,56558.1,188325
1789117860000,56564.55,56587.4,56558.45,56576.5,285735
1789117890000,56585.35,56604.75,56580.7,56585.7,293004
1789117920000,56589.35,56597.9,56580.9,56587.75,182952
1789117950000,56588.25,56615.5,56582.85,56606,244687
1789117980000,56608.75,56611.2,56591.7,56603.05,239451
1789118010000,56599.05,56608.25,56591.6,56602.95,156659
1789118040000,56597.7,56603.4,56588.6,56595,979029
1789118070000,56595.05,56603.95,56583.6,56596.85,358217
1789118100000,56598.1,56604.1,56579.9,56602.95,405047
1789118130000,56602.9,56602.9,56586.3,56591.05,131617
1789118160000,56597.7,56598.4,56587.05,56591.7,532093
1789118190000,56593,56600.45,56583.1,56586.4,462385
1789118220000,56591.45,56592.25,56575.6,56584,453571
1789118250000,56585.85,56606.35,56583.4,56602.75,468547
1789118280000,56607.55,56608.4,56584.15,56587,1582019
1789118310000,56592.7,56626.75,56590.75,56617.55,573401
1789118340000,56615.35,56621.45,56600.1,56604.2,615324
1789118370000,56604.5,56619.5,56595.55,56615.05,242180
1789118400000,56615,56635.6,56610.1,56623.55,349066
1789118430000,56624.8,56640.25,56613.55,56626.4,694359
1789118460000,56628.85,56634.1,56604.55,56606.7,486630
1789118490000,56605.45,56617.75,56599.2,56607.15,701514
1789118520000,56608,56613.35,56591.4,56598.85,225133
1789118550000,56599.45,56607.15,56586.9,56602.4,428898
1789118580000,56603.95,56621.55,56598.65,56607.3,314646
1789118610000,56607.4,56611.05,56593.05,56605.4,352855
1789118640000,56606.55,56608.45,56594.95,56594.95,406617
1789118670000,56596.8,56601.35,56584.9,56596.95,308655
1789118700000,56597.6,56611.9,56589.15,56606,317399
1789118730000,56606.95,56620.7,56604.6,56617.2,292447
1789118760000,56618.85,56625.85,56606.75,56617.45,277946
1789118790000,56616.5,56621.45,56606.5,56606.5,441823
1789118820000,56609.85,56609.85,56596.5,56598.45,430889
1789118850000,56600,56601.4,56583.1,56587.2,1370714
1789118880000,56593,56612.35,56587.1,56601.1,938260
1789118910000,56604.5,56604.5,56592.05,56597.3,297086
1789118940000,56600.4,56600.4,56587.4,56589.35,601605
1789118970000,56593.6,56593.6,56573.35,56580.05,283140
1789119000000,56577.55,56591.7,56575.25,56581.75,1004114
1789119030000,56583.9,56592.75,56576.8,56592.1,471346
1789119060000,56591.95,56611.4,56591.05,56603.05,948888
1789119090000,56607.25,56607.25,56558.15,56561.05,751278
1789119120000,56568.35,56570.25,56558.55,56563.8,304020
1789119150000,56573.4,56573.4,56557.2,56565.3,334480
1789119180000,56571.15,56577.7,56565,56567.9,579901
1789119210000,56574.45,56574.45,56539.5,56539.5,464052
1789119240000,56544.15,56544.95,56530.15,56536.95,925696
1789119270000,56540.5,56542,56525.2,56533,569295
1789119300000,56538.55,56538.55,56507.45,56514.05,844861
1789119330000,56514.35,56520.25,56503.2,56515.5,1553918
1789119360000,56518.8,56529.95,56504.25,56525.2,1204862
1789119390000,56530.4,56543.8,56521.1,56539.3,350063
1789119420000,56542.15,56549.6,56534.75,56549.4,504874
1789119450000,56551.15,56580.35,56546.25,56578.3,620757
1789119480000,56580.15,56587.05,56568.7,56577.6,637235
1789119510000,56583.65,56583.65,56563.15,56568.45,1050813
1789119540000,56572.5,56588.6,56565.4,56588.6,1897410
1789119570000,56588.95,56593.8,56581.05,56586.35,1173502
1789119600000,56583.75,56590.5,56579,56584.4,981796
1789119630000,56587.1,56596.7,56581.3,56595.85,811188
1789119660000,56594.55,56598.15,56585.45,56590.9,820348
1789119690000,56592.4,56604.6,56587.5,56595.4,509966
1789119720000,56604.05,56620.6,56593.75,56613,2293353
1789119750000,56616.3,56626.25,56593.85,56609.45,1965473
1789119780000,56610.85,56635.55,56603.2,56608.3,1336040
1789119810000,56618.95,56624.95,56605.65,56618.45,465321
1789119840000,56615.55,56624.1,56604.55,56620.75,681299
1789119870000,56620.5,56645.85,56605.35,56625.9,531736
1789119900000,56625.9,56625.9,56625.9,56625.9,44725
1789119930000,56625.9,56625.9,56625.9,56625.9,0
1789119960000,56625.9,56625.9,56625.9,56625.9,0
1789119990000,56625.9,56625.9,56625.9,56625.9,0
1789120020000,56625.9,56625.9,56625.9,56625.9,0
1789120050000,56625.9,56625.9,56625.9,56625.9,0
1789120080000,56625.9,56625.9,56625.9,56625.9,0
1789120110000,56625.9,56625.9,56625.9,56625.9,0
1789120140000,56625.9,56625.9,56625.9,56625.9,0
1789120170000,56625.9,56625.9,56625.9,56625.9,0
1789120200000,56625.9,56625.9,56625.9,56625.9,0
1789120230000,56625.9,56625.9,56625.9,56625.9,0
1789120260000,56625.9,56625.9,56625.9,56625.9,0
1789120290000,56625.9,56625.9,56625.9,56625.9,0
1789120320000,56625.9,56625.9,56625.9,56625.9,0
1789120350000,56625.9,56625.9,56625.9,56625.9,0
1789120380000,56625.9,56625.9,56625.9,56625.9,0
1789120410000,56625.9,56625.9,56625.9,56625.9,0
1789120440000,56625.9,56625.9,56625.9,56625.9,0
1789120470000,56625.9,56625.9,56625.9,56625.9,0
1789120500000,56625.9,56625.9,56625.9,56625.9,0
1789120530000,56625.9,56625.9,56625.9,56625.9,0
1789120560000,56625.9,56625.9,56625.9,56625.9,0
1789120590000,56625.9,56625.9,56625.9,56625.9,0
1789120620000,56625.9,56625.9,56625.9,56625.9,0
1789120650000,56625.9,56625.9,56625.9,56625.9,0
1789120680000,56625.9,56625.9,56625.9,56625.9,0
1789120710000,56625.9,56625.9,56625.9,56625.9,0
1789120740000,56625.9,56625.9,56625.9,56625.9,0
1789120770000,56625.9,56625.9,56606.55,56606.55,9078471
1789443900000,56884.25,56996.35,56764.45,56805.3,6135168
1789443930000,56797.9,56825.65,56684.7,56705.8,4134783
1789443960000,56700.3,56744.6,56686.8,56707.75,2570211
1789443990000,56703.95,56734.1,56698.3,56706.95,1764167
1789444020000,56713.1,56746.5,56691.2,56745.5,2566868
1789444050000,56738.8,56747.5,56701.25,56705.2,1897260
1789444080000,56685.15,56693.6,56631.7,56679.55,1551647
1789444110000,56679.4,56726.05,56668.5,56720.45,2682553
1789444140000,56718.85,56725.25,56693.25,56704.8,2583966
1789444170000,56702.4,56703.25,56636.55,56660,2055029
1789444200000,56653.6,56653.9,56602.45,56616.25,1003714
1789444230000,56613.35,56639.3,56602.2,56637.9,839820
1789444260000,56632.95,56661.35,56625.6,56661.35,1195258
1789444290000,56654.4,56694.5,56653.15,56682.9,1629839
1789444320000,56681.65,56682.9,56649.75,56658.8,888964
1789444350000,56656.6,56662.45,56616.75,56621.9,635760
1789444380000,56618.75,56628.8,56608.8,56614.15,793350
1789444410000,56614.4,56633.6,56610.15,56627.2,657028
1789444440000,56625.85,56643.4,56612.2,56626.55,715548
1789444470000,56629.85,56629.85,56562.6,56564.65,1135091
1789444500000,56558.95,56565.85,56541.2,56547.5,1021144
1789444530000,56550.85,56571.55,56546.6,56557.8,908350
1789444560000,56555.85,56570.55,56546.5,56567.55,845844
1789444590000,56565.35,56569.65,56548.4,56560.05,345387
1789444620000,56556.3,56582.5,56556.3,56570.9,459211
1789444650000,56570.95,56570.95,56517.1,56529.25,687465
1789444680000,56527.9,56533.25,56519.55,56523.9,384978
1789444710000,56524,56529.25,56515.95,56518.95,533389
1789444740000,56521.85,56523.45,56510.15,56514.9,334794
1789444770000,56513.3,56533,56506.9,56533,332513
1789444800000,56528.5,56529.55,56488.1,56520.65,649960
1789444830000,56517.1,56530.15,56506.8,56526.55,297944
1789444860000,56526.15,56544.9,56524.65,56527.4,267680
1789444890000,56526.5,56529.6,56490.65,56492.35,384660
1789444920000,56497.05,56497.05,56463.5,56493.6,1507027
1789444950000,56491,56511.1,56484.1,56494.4,306628
1789444980000,56496.15,56499.1,56466.4,56475.35,630415
1789445010000,56469.25,56492.15,56459.9,56486.05,372685
1789445040000,56484.85,56493.15,56471.8,56481.5,216802
1789445070000,56480.85,56489.55,56469.85,56475.1,315570
1789445100000,56476.2,56487.65,56470.15,56484.5,353006
1789445130000,56487.25,56487.95,56444.55,56452.75,267173
1789445160000,56451.4,56451.4,56423.85,56427.75,737243
1789445190000,56423.55,56431.65,56401.65,56416.6,1065161
1789445220000,56412.45,56449.9,56410.9,56448.3,439900
1789445250000,56452.1,56453.5,56418.2,56430.55,363531
1789445280000,56424.65,56441.7,56419.05,56430.85,311172
1789445310000,56427.2,56432.6,56415.65,56423.95,230495
1789445340000,56423.9,56439.9,56422.9,56429.75,461464
1789445370000,56425,56478.8,56424.05,56478.8,417083
1789445400000,56474.85,56485.85,56466.3,56481.9,195481
1789445430000,56482.35,56497.8,56478.8,56482.8,280861
1789445460000,56485.9,56492.85,56474.15,56482.7,192889
1789445490000,56485.5,56497.6,56477.1,56491.4,350508
1789445520000,56488.8,56497.75,56477.9,56487.25,238094
1789445550000,56489.1,56493.7,56479,56479,216276
1789445580000,56481.3,56487,56473.25,56484.25,460851
1789445610000,56484.75,56506.8,56481.15,56495.65,251298
1789445640000,56495.05,56515.6,56490.55,56510.95,175363
1789445670000,56509.15,56509.8,56461.1,56469.1,274478
1789445700000,56467.55,56467.55,56434.45,56440.7,396687
1789445730000,56437.6,56459.4,56437.3,56454.4,187987
1789445760000,56454.95,56468.05,56453.55,56454.45,265204
1789445790000,56456.65,56458.95,56430.3,56436.4,284561
1789445820000,56434.85,56453.25,56429.8,56450.45,420540
1789445850000,56448.55,56450.65,56422.5,56429.05,252839
1789445880000,56430.7,56444.25,56415.1,56426.8,230813
1789445910000,56424.6,56440.1,56418.2,56428.85,262914
1789445940000,56430.1,56432,56418.9,56426.65,262340
1789445970000,56418.25,56425.3,56395.1,56402.25,340003
1789446000000,56400.65,56419.5,56390.2,56419.5,561589
1789446030000,56418.1,56430.35,56412.3,56413,873426
1789446060000,56417.3,56431.95,56399.2,56399.9,588356
1789446090000,56400.65,56404.15,56379.7,56387.8,631736
1789446120000,56386.2,56386.6,56370,56381.25,629308
1789446150000,56378.55,56380.3,56344.15,56356.15,538275
1789446180000,56351.45,56375.55,56348.2,56371.35,653255
1789446210000,56374.2,56389.45,56374.05,56381.15,629209
1789446240000,56377.3,56393.4,56366.5,56380.95,617373
1789446270000,56375.9,56387.7,56348.75,56353.3,705178
1789446300000,56351.75,56353.35,56327.3,56336.2,512125
1789446330000,56334.55,56352.4,56333.65,56351.95,315026
1789446360000,56348.2,56360.25,56338.4,56349.55,270262
1789446390000,56347.85,56361.05,56342.9,56355.85,304433
1789446420000,56353.9,56369.9,56340.95,56343.6,957899
1789446450000,56337.65,56352.95,56332,56336.55,335827
1789446480000,56334.35,56342.1,56323.45,56327.7,332719
1789446510000,56327.05,56343.2,56326.9,56340.9,297435
1789446540000,56345.55,56359.85,56341,56352.9,585068
1789446570000,56352.8,56360.75,56345.3,56356.6,238481
1789446600000,56358,56359.4,56341.65,56345.6,444893
1789446630000,56344.95,56362.75,56339.35,56362.35,355411
1789446660000,56357.35,56365.4,56350.15,56359.15,240893
1789446690000,56357.05,56360.15,56346.45,56357.65,352662
1789446720000,56357,56368,56352.1,56359.95,193280
1789446750000,56359.35,56375.95,56355.35,56369.45,202116
1789446780000,56371.35,56371.35,56358.75,56366.4,316858
1789446810000,56364.6,56371.65,56337.75,56337.75,458600
1789446840000,56336.35,56346.35,56323.25,56343.35,253988
1789446870000,56340.5,56348.8,56339.85,56342.8,254715
1789446900000,56348.45,56355.9,56339.9,56351,393298
1789446930000,56351,56351.05,56338.15,56343.95,194548
1789446960000,56347.3,56348.6,56330.4,56332.25,273248
1789446990000,56332.05,56339.2,56325.25,56325.25,257282
1789447020000,56324.6,56332.2,56303.95,56307.85,358777
1789447050000,56307.45,56318.3,56302.85,56315.2,134263
1789447080000,56316.5,56323.1,56301.55,56307.05,182276
1789447110000,56305.65,56310.25,56297.4,56304.5,140763
1789447140000,56303.85,56305.05,56290.2,56299.3,221030
1789447170000,56296,56296,56282.65,56284.85,222188
1789447200000,56284.3,56290.1,56279.5,56286.6,577410
1789447230000,56286.4,56298.65,56281.6,56295.6,311847
1789447260000,56297,56337.85,56295.2,56331.85,412247
1789447290000,56335.75,56364,56329.35,56359.7,291721
1789447320000,56359.15,56361.6,56333.35,56340.95,360779
1789447350000,56340.95,56365.1,56337.4,56355.15,269015
1789447380000,56355.95,56369.2,56352.85,56363.9,134782
1789447410000,56363.75,56367.25,56354,56363.9,153970
1789447440000,56362.25,56369.85,56345.6,56348.5,227966
1789447470000,56346.3,56354.95,56343.5,56344.3,287487
1789447500000,56343.65,56343.8,56313.6,56313.6,199262
1789447530000,56313.6,56316.15,56299.1,56314.55,301392
1789447560000,56316.2,56331.4,56309.35,56329.15,208343
1789447590000,56326.6,56330.55,56302.55,56308.65,188480
1789447620000,56304.2,56308,56294.7,56298.3,178547
1789447650000,56298.3,56325.1,56298.25,56319.75,236834
1789447680000,56318.1,56326.2,56311.3,56321.6,168530
1789447710000,56322.2,56330.75,56320.2,56324.1,174035
1789447740000,56324.15,56325.5,56313.4,56319.55,126688
1789447770000,56319.6,56319.95,56303.9,56307.15,299284
1789447800000,56307.7,56309.25,56293.85,56296.8,315864
1789447830000,56296.8,56301.35,56286.45,56287.1,150612
1789447860000,56288.3,56288.3,56266.5,56274.65,440197
1789447890000,56271.1,56285.9,56271.1,56282.9,121473
1789447920000,56280.95,56298.95,56280.95,56295.7,146849
1789447950000,56294.8,56305.75,56292.35,56300.6,91739
1789447980000,56298.55,56300.1,56269.8,56281.6,220963
1789448010000,56280.05,56291.25,56279.9,56284.65,267788
1789448040000,56287.45,56294.5,56282.2,56284.45,98801
1789448070000,56283.3,56290.35,56280.2,56283.35,683127
1789448100000,56286.6,56290.05,56272.6,56278.8,251916
1789448130000,56277.25,56277.9,56262.15,56273.65,782254
1789448160000,56269,56275.95,56259.4,56262.75,142341
1789448190000,56263.45,56302.25,56263.45,56296.8,260635
1789448220000,56294.2,56307.95,56289.85,56298.85,148925
1789448250000,56299.1,56304.75,56291.15,56299.45,214381
1789448280000,56285.05,56293.1,56282.85,56289.2,127830
1789448310000,56285.85,56291.05,56254.6,56262.25,374570
1789448340000,56259.85,56267.1,56253.8,56257.05,761057
1789448370000,56257.65,56263.7,56242.15,56249.5,304766
1789448400000,56249.4,56255.05,56223.25,56229.7,149761
1789448430000,56231.5,56274.4,56231.5,56273.7,396393
1789448460000,56272.15,56280.95,56263.15,56267.2,249025
1789448490000,56269.75,56273.55,56259.65,56266.2,181845
1789448520000,56264.95,56267.1,56256.9,56263,192255
1789448550000,56259.95,56269.9,56254.05,56267.1,222299
1789448580000,56266,56275.5,56263.35,56273.25,132597
1789448610000,56272.4,56272.9,56260,56263.5,118881
1789448640000,56260.9,56269.5,56257.5,56259.9,184686
1789448670000,56259.55,56263.05,56251.45,56260.45,311078
1789448700000,56258.35,56279.5,56256.45,56276.35,295857
1789448730000,56277.05,56279.55,56267.75,56273.85,126952
1789448760000,56275.55,56280.6,56271.7,56276.3,134269
1789448790000,56276.45,56294.1,56274.05,56288.45,334233
1789448820000,56285.7,56295.45,56285.7,56295.45,231959
1789448850000,56294.85,56299.8,56281.2,56284.6,160514
1789448880000,56287.75,56301.45,56283.25,56298.5,130698
1789448910000,56296.55,56300.35,56278.45,56282.3,638954
1789448940000,56282.4,56290.25,56279.8,56286.35,105518
1789448970000,56291.4,56305.1,56288.75,56302.8,267014
1789449000000,56302.55,56308.2,56294.8,56295.4,158348
1789449030000,56295.4,56298.2,56283.75,56283.75,175451
1789449060000,56285.15,56289.05,56277.8,56286,247368
1789449090000,56286.75,56295.95,56281.7,56289.6,221651
1789449120000,56289.15,56292.75,56273.35,56277.7,334132
1789449150000,56276.95,56282.2,56268.7,56281.5,135448
1789449180000,56281.25,56281.25,56245.75,56251.5,165992
1789449210000,56251.2,56253.25,56220.95,56232.05,552462
1789449240000,56229.35,56241.3,56225.5,56238.55,169305
1789449270000,56240.15,56240.85,56212.95,56218.15,814370
1789449300000,56215.35,56221.55,56212.1,56214.9,179104
1789449330000,56214.9,56224.65,56214.7,56224.2,185426
1789449360000,56222.5,56223.7,56209.05,56211.3,230111
1789449390000,56209.05,56212.85,56168.5,56171.55,1305241
1789449420000,56169.4,56207.55,56169.05,56202.05,528121
1789449450000,56202.65,56205.85,56190.75,56194.1,157457
1789449480000,56193.45,56220.85,56192,56212.15,173501
1789449510000,56215.35,56216.45,56202.2,56206.2,158319
1789449540000,56206.7,56211.05,56199.6,56203.05,188807
1789449570000,56201.35,56203.45,56176.85,56176.85,506288
1789449600000,56180.55,56186.55,56177.5,56184.75,255743
1789449630000,56181.4,56199,56178.55,56181.95,126287
1789449660000,56183.8,56184.55,56171.3,56171.3,222228
1789449690000,56172.1,56173.95,56160.5,56165.75,128490
1789449720000,56161.65,56163.4,56148.55,56163.25,155291
1789449750000,56160.8,56173.7,56157.5,56172.35,103831
1789449780000,56170.9,56180.3,56165.95,56177.7,133564
1789449810000,56176.95,56183.35,56173.15,56183.15,93545
1789449840000,56180.6,56193.7,56177.45,56191.1,125437
1789449870000,56190.2,56196.05,56184.35,56192,114509
1789449900000,56192.3,56197.85,56181.8,56181.8,187255
1789449930000,56181.65,56184.05,56162.75,56169.45,444333
1789449960000,56167.7,56175.05,56165.45,56168.45,123645
1789449990000,56171,56172.15,56153,56156.25,264800
1789450020000,56156.75,56168.55,56155.15,56161.8,86597
1789450050000,56161.05,56167.3,56158.25,56161.9,126740
1789450080000,56161.55,56169.9,56155.85,56157,215839
1789450110000,56154.7,56163.45,56145.95,56157.25,154585
1789450140000,56156.4,56165.45,56156.4,56160.95,125566
1789450170000,56158.65,56176,56157.7,56169.25,390427
1789450200000,56167.7,56173.95,56162.7,56171.25,72165
1789450230000,56169.55,56170.1,56158.35,56160.85,158800
1789450260000,56159.9,56164.55,56156.8,56157.35,163274
1789450290000,56154,56205.3,56153.65,56202.6,454370
1789450320000,56204.45,56216.55,56193.55,56213.5,277975
1789450350000,56211.35,56242.35,56210.1,56242.35,338416
1789450380000,56243.55,56244.15,56231.7,56236.8,380973
1789450410000,56238,56240.2,56210.45,56219.85,345083
1789450440000,56217.45,56225.05,56206.6,56212.5,159422
1789450470000,56210.25,56228.25,56202.6,56226.15,118567
1789450500000,56222.05,56224.5,56201.35,56202.6,116631
1789450530000,56202.95,56208.65,56186.1,56190.95,374558
1789450560000,56192.3,56198.4,56188.95,56192.5,162280
1789450590000,56191.6,56200.6,56188.85,56198.05,100738
1789450620000,56194.5,56197.55,56178.7,56178.7,268342
1789450650000,56178.4,56182.8,56146.65,56150.7,633405
1789450680000,56146.6,56152.8,56139.9,56148.1,266357
1789450710000,56148.8,56157.1,56146.85,56154.55,136295
1789450740000,56154.95,56163,56153.6,56161.25,133693
1789450770000,56162.4,56163.4,56135,56143.15,209907
1789450800000,56142.55,56143.75,56111.2,56135.25,214186
1789450830000,56136,56155.65,56135.25,56149.8,215803
1789450860000,56152.4,56183,56150.6,56181.4,242871
1789450890000,56184.25,56200.7,56181,56198.25,500347
1789450920000,56199,56199.75,56178.45,56178.45,219114
1789450950000,56182.15,56192.85,56174.6,56190.75,148026
1789450980000,56190.3,56195.8,56171.9,56171.9,218311
1789451010000,56174.85,56182.45,56165.35,56172.45,157416
1789451040000,56172.75,56190.8,56169.15,56187.5,186237
1789451070000,56187.15,56190.55,56173.5,56182.9,91629
1789451100000,56185.25,56215.25,56182.2,56210.9,310982
1789451130000,56208.4,56222.4,56207.15,56215.1,126789
1789451160000,56216.7,56220.8,56202.8,56203.1,336318
1789451190000,56207.3,56211.4,56199.6,56205.35,389208
1789451220000,56199.9,56212.55,56198.1,56199.55,247664
1789451250000,56200.8,56207.65,56191.95,56202.15,138606
1789451280000,56200.95,56205.7,56196.8,56197.4,270145
1789451310000,56198.8,56200.15,56182.55,56183.45,146395
1789451340000,56182.5,56187.6,56168,56171.9,148302
1789451370000,56171.05,56174.2,56162.55,56166.4,330887
1789451400000,56164.35,56171.45,56148.05,56156.7,696059
1789451430000,56155.1,56159.35,56148.1,56155.75,69375
1789451460000,56156.9,56159.85,56144.65,56146.05,165132
1789451490000,56146.85,56154.2,56142.05,56151.1,189322
1789451520000,56149.45,56172.85,56149.45,56170.05,204727
1789451550000,56166.7,56175.15,56159.9,56163.1,167560
1789451580000,56162.75,56173.55,56159,56171.3,136560
1789451610000,56171.95,56180.3,56161.55,56177.15,180819
1789451640000,56171,56183.3,56165.05,56173.45,130403
1789451670000,56172.9,56175.7,56167.6,56171.25,72407
1789451700000,56167.35,56178.05,56165.7,56170.15,75937
1789451730000,56168.6,56169.25,56148.25,56150.9,122228
1789451760000,56150.2,56157.95,56142.05,56151.8,165136
1789451790000,56150.5,56155.95,56142.6,56148.15,137771
1789451820000,56143.15,56147.8,56134.55,56139.65,291337
1789451850000,56137.35,56147.1,56137.35,56146.55,382555
1789451880000,56144.55,56146.75,56133.3,56135.35,250558
1789451910000,56142,56142.65,56121.95,56123.7,151993
1789451940000,56123.15,56130.8,56120.7,56128.35,77846
1789451970000,56127.9,56127.9,56117.8,56124.1,182204
1789452000000,56123.7,56133.35,56122.85,56127.05,108799
1789452030000,56128.75,56128.8,56110.8,56113.35,118050
1789452060000,56117.3,56127.55,56113.45,56126.85,141417
1789452090000,56126,56132.3,56122.3,56122.3,89511
1789452120000,56122.9,56169.55,56121.9,56169.55,935894
1789452150000,56168.3,56177.15,56159.3,56173.05,129888
1789452180000,56174.45,56177.5,56165.7,56172,214995
1789452210000,56172.5,56178.25,56163.15,56171.05,286590
1789452240000,56170.65,56174.65,56165.1,56166.25,205207
1789452270000,56166.95,56167.15,56154.2,56160,228804
1789452300000,56161.65,56164.5,56152.65,56159.3,169693
1789452330000,56159.45,56172.9,56158.95,56168.95,167727
1789452360000,56166.4,56176.15,56163.35,56171.8,144940
1789452390000,56171,56184.35,56166,56174.25,170199
1789452420000,56176.05,56189.8,56174.4,56183,128005
1789452450000,56184.25,56191.9,56177.75,56189.4,149340
1789452480000,56189.75,56198,56183.75,56198,131847
1789452510000,56200.1,56205.45,56198.05,56203.75,196179
1789452540000,56201.1,56207.6,56195.7,56206.85,290757
1789452570000,56205.55,56205.85,56194.1,56200.55,109645
1789452600000,56201.85,56205.15,56167.25,56169.75,367550
1789452630000,56168.05,56170.35,56152.95,56155.25,137190
1789452660000,56153.4,56162.75,56153.4,56160.5,134975
1789452690000,56159.1,56167.05,56154.85,56163.25,71667
1789452720000,56160.95,56164.25,56148.75,56154.05,238004
1789452750000,56149.55,56155.75,56144.65,56147.5,185238
1789452780000,56145.8,56153.35,56134.65,56141.4,130869
1789452810000,56139.2,56152.8,56138.4,56149.05,221064
1789452840000,56147.65,56161.95,56146.25,56154.15,271512
1789452870000,56153.75,56162.45,56151.9,56158.1,80362
1789452900000,56156.7,56161.15,56148.05,56150.5,95894
1789452930000,56150.2,56154.5,56146.95,56152.25,114959
1789452960000,56150.05,56159.1,56149.8,56152.5,106148
1789452990000,56154.3,56156.95,56148.4,56153,168324
1789453020000,56151.25,56152.8,56146.55,56150.45,91786
1789453050000,56149.8,56157.8,56148.25,56151.95,103276
1789453080000,56153.6,56154.15,56141.85,56147.35,104622
1789453110000,56148.05,56153.6,56145.65,56149.2,136632
1789453140000,56150.05,56155.65,56144.65,56151.3,149143
1789453170000,56154.25,56154.25,56133.5,56139.75,789294
1789453200000,56139.95,56143.5,56130.95,56136.2,180736
1789453230000,56137.2,56143.4,56132.95,56143.35,177945
1789453260000,56141.4,56154.75,56139.3,56147.3,350619
1789453290000,56145.8,56154.6,56142.7,56143.65,104815
1789453320000,56147.2,56147.85,56134,56135.05,125564
1789453350000,56136.85,56138.2,56115.8,56117.7,284389
1789453380000,56118.4,56128.7,56113.15,56120.75,133047
1789453410000,56120.3,56123.8,56113.4,56118.2,118759
1789453440000,56122.35,56125.65,56113.55,56115.1,109810
1789453470000,56116.1,56127.3,56112.6,56124.35,200405
1789453500000,56124.25,56132.9,56121.7,56126.95,179667
1789453530000,56127.25,56136.55,56120.2,56132.25,178124
1789453560000,56134.85,56140.4,56127.05,56139.2,157441
1789453590000,56139.9,56151.95,56132.6,56148.1,144573
1789453620000,56144.55,56152.4,56139.55,56143.7,280411
1789453650000,56141.75,56155.55,56141.75,56155.15,184105
1789453680000,56155.15,56173.05,56148,56172.05,222397
1789453710000,56171.15,56171.15,56154.45,56161.25,223594
1789453740000,56161.8,56162.75,56152.65,56157.7,103241
1789453770000,56159.8,56160.6,56149.65,56156.6,106371
1789453800000,56156.95,56162.65,56147.9,56160.5,197994
1789453830000,56158.35,56163.7,56148.4,56152.45,149323
1789453860000,56152.55,56160.75,56148.4,56154.1,136162
1789453890000,56154.85,56154.85,56136.1,56144.55,308020
1789453920000,56144.55,56150.4,56139.9,56149.3,97995
1789453950000,56146.95,56164.5,56146.95,56158.65,170744
1789453980000,56158.65,56176.45,56155.2,56173.6,152142
1789454010000,56169.45,56178.7,56169.45,56174.7,193180
1789454040000,56173.45,56176.4,56161.8,56165.25,137740
1789454070000,56166.1,56166.85,56154.15,56154.15,143173
1789454100000,56156.15,56181.25,56152.55,56177.75,281870
1789454130000,56175.65,56181.15,56172.55,56181,131985
1789454160000,56181.7,56181.7,56157.5,56162.95,148255
1789454190000,56163.65,56163.65,56153.6,56158.8,178838
1789454220000,56159.6,56170.85,56152.15,56168.7,222682
1789454250000,56169.35,56177.95,56164.55,56165.2,548291
1789454280000,56166.6,56172.45,56157.3,56171.5,213916
1789454310000,56170.2,56179.2,56169.75,56171.55,106662
1789454340000,56173.85,56174.8,56164.05,56172.45,682763
1789454370000,56170.2,56175.9,56164.85,56167.45,223807
1789454400000,56166.8,56176.7,56161.75,56176.15,250585
1789454430000,56173.25,56180.8,56164.35,56169.35,195199
1789454460000,56169.9,56180.25,56165.2,56180.25,188599
1789454490000,56176,56177.3,56162.4,56168.45,224613
1789454520000,56168.35,56173.7,56160.85,56170.6,182594
1789454550000,56169.95,56173,56150,56150,275928
1789454580000,56151.4,56155.3,56134.5,56134.5,476303
1789454610000,56140.3,56151.3,56137.95,56140.7,138142
1789454640000,56140.85,56152.65,56140.85,56151.3,147586
1789454670000,56149.2,56155,56140.9,56153.05,287358
1789454700000,56152.15,56154.65,56129.5,56134.35,217084
1789454730000,56131.55,56141.8,56128.95,56141.8,152535
1789454760000,56140,56148.2,56131.15,56145.85,159872
1789454790000,56145.6,56151.1,56137.1,56137.1,169979
1789454820000,56139.8,56145.4,56133.05,56145.4,168944
1789454850000,56144.8,56145.9,56134.75,56142.7,73604
1789454880000,56139.65,56141.15,56117.9,56122.25,613105
1789454910000,56121,56129.15,56116.4,56127.7,161469
1789454940000,56124.5,56137.8,56122.95,56129.55,926013
1789454970000,56128.95,56129.85,56115.4,56121.85,308099
1789455000000,56118,56134.65,56117.35,56123.85,169830
1789455030000,56124.8,56136.35,56123.7,56129.95,181657
1789455060000,56129.95,56142.65,56124.95,56141.45,161253
1789455090000,56140,56146.65,56135.4,56146.05,124394
1789455120000,56146.05,56146.05,56127.65,56137.2,161365
1789455150000,56139.7,56140.95,56125.5,56132.05,149494
1789455180000,56135.35,56136.2,56123.45,56133.95,109414
1789455210000,56132.55,56147.85,56128.5,56141.4,256371
1789455240000,56140.8,56143.75,56132.9,56139.4,141222
1789455270000,56138.75,56142.15,56129,56136.75,106351
1789455300000,56137.95,56142,56128.65,56140.55,131837
1789455330000,56138.6,56140.4,56131,56133.8,104937
1789455360000,56133.15,56136.05,56126,56134.05,129593
1789455390000,56132.8,56133.95,56124.7,56131.65,237135
1789455420000,56132.15,56136.6,56126.8,56133.95,302563
1789455450000,56134.55,56144.95,56126.7,56141.35,344669
1789455480000,56142.25,56145.25,56136.65,56145.25,82873
1789455510000,56143.6,56149.6,56140.2,56147.3,90876
1789455540000,56147.7,56152.25,56138.75,56146.55,153816
1789455570000,56147.05,56152.05,56141.75,56146.1,123453
1789455600000,56146.85,56150.2,56138.2,56140.5,136230
1789455630000,56136.55,56164.55,56136.55,56163.95,115580
1789455660000,56162.8,56164.2,56138,56138,307583
1789455690000,56140.2,56144.4,56131.65,56144.4,319580
1789455720000,56143.1,56167.45,56138.8,56166.4,225859
1789455750000,56165,56169.65,56160.8,56163.7,105495
1789455780000,56163.6,56171.9,56160.05,56166.5,87931
1789455810000,56164.95,56173.3,56159.9,56172.45,146684
1789455840000,56170.6,56178.2,56165.4,56172.35,394245
1789455870000,56172.45,56179.85,56166.25,56176.25,290194
1789455900000,56175.6,56177.45,56165.25,56170.9,199296
1789455930000,56170.3,56217.8,56170.3,56208.7,753732
1789455960000,56211.35,56216.25,56204.4,56210.55,351771
1789455990000,56208.65,56216.25,56203.9,56209.25,221913
1789456020000,56210.9,56211.6,56200.4,56208.85,580124
1789456050000,56206.95,56207.9,56195.8,56197,424778
1789456080000,56198.5,56198.9,56176.4,56185.9,399463
1789456110000,56186.5,56190.35,56179.45,56189.1,134993
1789456140000,56189.75,56191.5,56178.1,56185.5,90560
1789456170000,56188.15,56191.1,56178.9,56184.65,294696
1789456200000,56183.35,56192.4,56178.55,56185.05,134801
1789456230000,56186.25,56212.05,56184.95,56211.8,2962489
1789456260000,56213.75,56221.1,56203,56215.8,262273
1789456290000,56217.45,56220.75,56204.25,56210.95,400423
1789456320000,56211.75,56214.2,56204.8,56212.75,166238
1789456350000,56215,56215.5,56203.75,56210.75,170455
1789456380000,56212,56219.4,56200.85,56213.6,163297
1789456410000,56215.4,56218.65,56207.35,56214.05,145949
1789456440000,56217.15,56221.55,56211.8,56213.1,163726
1789456470000,56212.15,56219.1,56197.6,56197.6,200599
1789456500000,56203.05,56204.05,56182.85,56194.9,410829
1789456530000,56194.65,56199.7,56187.1,56191.85,130929
1789456560000,56194.4,56204.7,56184.45,56202.2,441403
1789456590000,56195.25,56210,56195.25,56202.1,409697
1789456620000,56201.7,56201.7,56187.65,56195.45,314657
1789456650000,56200.15,56204.85,56194,56199.55,134877
1789456680000,56203.2,56213.7,56198.55,56210.7,142685
1789456710000,56211.95,56217.7,56202.85,56206.4,144894
1789456740000,56213.85,56220.3,56206.5,56213.9,170768
1789456770000,56215.2,56219.1,56207.15,56219.1,256851
1789456800000,56217.7,56240.85,56213.65,56239.2,189750
1789456830000,56240.65,56242.35,56232.25,56239.95,168376
1789456860000,56242.75,56247.25,56236.85,56245.35,377819
1789456890000,56246.05,56248.05,56233.65,56237.65,258213
1789456920000,56235.3,56239.2,56227.8,56232.45,160202
1789456950000,56231.5,56236.25,56214.9,56215.95,265969
1789456980000,56217.95,56217.95,56198.4,56200.85,121784
1789457010000,56205.7,56215.25,56203.15,56209.45,124346
1789457040000,56211.55,56223.8,56210.75,56218.4,187517
1789457070000,56216.9,56227.7,56213.9,56227.7,98407
1789457100000,56226.35,56228.95,56213.95,56220.45,158743
1789457130000,56218.7,56224.25,56211.05,56214.15,152416
1789457160000,56212.8,56217.9,56202.8,56208.6,304945
1789457190000,56208.05,56212.25,56199.1,56206.35,212028
1789457220000,56206.15,56215.65,56196.9,56210.85,164863
1789457250000,56209.7,56213.85,56203.1,56208.75,128271
1789457280000,56207.85,56210.8,56190.1,56195.7,127715
1789457310000,56192.9,56194.15,56152.95,56155.5,216593
1789457340000,56156.8,56165.6,56148.6,56162.1,250373
1789457370000,56163.7,56170.45,56157.95,56167.15,158889
1789457400000,56170.2,56177,56163.35,56176.2,101458
1789457430000,56176.5,56181.3,56165.6,56171.25,183809
1789457460000,56168.45,56176.95,56162.3,56167.6,162256
1789457490000,56168.3,56169.15,56157.6,56163.75,127468
1789457520000,56161.95,56173.7,56161.05,56169.9,211098
1789457550000,56170.55,56178.5,56164.7,56171.9,347358
1789457580000,56171.55,56175.85,56156.75,56165.95,209000
1789457610000,56165.55,56170.45,56158.5,56168.4,282123
1789457640000,56166.7,56179,56166.7,56177.45,174903
1789457670000,56173.7,56184.5,56172.5,56179.45,95945
1789457700000,56180.75,56198.15,56178.15,56190.45,124620
1789457730000,56191,56205.55,56185.55,56200.8,218547
1789457760000,56202.15,56206.35,56190.65,56195.9,137191
1789457790000,56194.4,56196.45,56178.1,56183.55,159662
1789457820000,56183.85,56199.65,56180.35,56198.7,127745
1789457850000,56197.55,56201.2,56185.9,56190.4,176819
1789457880000,56188.35,56194.7,56183.75,56185.95,90229
1789457910000,56185.85,56192.5,56181.55,56190.7,131486
1789457940000,56191.65,56199,56186.45,56195.15,137054
1789457970000,56193.45,56196.15,56187.95,56195.25,194348
1789458000000,56194.25,56200.1,56189.85,56195.8,127989
1789458030000,56193.75,56202.3,56185.05,56185.05,138845
1789458060000,56187.1,56189.25,56151.45,56157.2,244761
1789458090000,56154.55,56160.3,56144.95,56152.3,135106
1789458120000,56157.9,56161,56151,56157.45,88301
1789458150000,56155.55,56169.1,56153.55,56164.9,143647
1789458180000,56166.3,56182.6,56161.75,56180.2,177218
1789458210000,56179.9,56189.8,56174.2,56185.45,221164
1789458240000,56186.05,56195.9,56183.5,56188.7,200668
1789458270000,56191.1,56198.9,56178.9,56184.5,276593
1789458300000,56193.85,56193.85,56172.25,56174.4,139188
1789458330000,56172.95,56181.7,56170.65,56175.75,137479
1789458360000,56175.7,56186.35,56174,56176.85,203405
1789458390000,56175.6,56185.15,56166.65,56167.3,211879
1789458420000,56167.15,56177.85,56162.45,56171.6,309800
1789458450000,56175.65,56194,56170.6,56193.05,184155
1789458480000,56191.05,56198.65,56181.3,56183.1,305394
1789458510000,56183.2,56198.3,56183.15,56197.7,235546
1789458540000,56196.85,56214.15,56194.7,56208.15,156699
1789458570000,56205.4,56216.15,56197.4,56200.7,855023
1789458600000,56198.6,56206.3,56194.75,56199.6,138870
1789458630000,56198.9,56205.6,56190.35,56194,337905
1789458660000,56196,56201.3,56187.05,56188.45,184351
1789458690000,56186.05,56195.3,56183.2,56187.4,152057
1789458720000,56188.25,56194.9,56181.05,56181.5,131312
1789458750000,56182.1,56189.05,56173.45,56173.45,237280
1789458780000,56172.2,56175.3,56159.65,56165.6,162474
1789458810000,56166.3,56171.5,56159.2,56160.7,288194
1789458840000,56163.05,56170.2,56160.5,56162.65,440787
1789458870000,56160.6,56164.1,56153.8,56160.4,155383
1789458900000,56155.9,56165.85,56154.6,56154.75,196399
1789458930000,56157.35,56163.15,56150,56163.15,253623
1789458960000,56162.05,56167.5,56156.75,56164.85,178413
1789458990000,56164.15,56185.25,56164.15,56183.6,189886
1789459020000,56183.3,56199.55,56183.3,56191.85,130378
1789459050000,56192,56194.3,56182.15,56188.05,62301
1789459080000,56186.7,56195.35,56184.15,56190.45,102528
1789459110000,56189.95,56194.15,56184.55,56189,279177
1789459140000,56186.35,56191.95,56176.8,56182.35,125513
1789459170000,56180.25,56180.25,56160.35,56162.2,165637
1789459200000,56164.4,56170.8,56155.85,56161.3,95225
1789459230000,56158.5,56167.1,56143.05,56143.75,134716
1789459260000,56148.25,56148.25,56134.35,56134.35,885500
1789459290000,56135.4,56137.9,56111.55,56114.2,460472
1789459320000,56114.5,56129.5,56109.75,56125.25,201930
1789459350000,56125.25,56130.7,56119.1,56124.6,263615
1789459380000,56128.35,56133.65,56125.1,56130.95,257990
1789459410000,56130.95,56134.05,56126.15,56130.7,64642
1789459440000,56131.5,56136.05,56129.7,56130.85,103104
1789459470000,56132.05,56137.8,56126.3,56131.55,53642
1789459500000,56132.25,56140.05,56131,56136.75,215118
1789459530000,56135.25,56145.4,56130.05,56141.2,94286
1789459560000,56143.3,56158.35,56143.3,56155.25,120216
1789459590000,56157.45,56166.75,56153.9,56161.8,174901
1789459620000,56160.25,56164.7,56145.8,56146.35,140350
1789459650000,56146.35,56151.25,56143.5,56144.05,90800
1789459680000,56142.85,56146.8,56131.15,56132.7,193498
1789459710000,56136.4,56136.4,56118.1,56125.8,484077
1789459740000,56126.7,56138.35,56122.45,56133.7,277844
1789459770000,56133.75,56133.75,56123.25,56127.45,103014
1789459800000,56125.55,56126,56115.95,56118.75,319762
1789459830000,56118.75,56126.75,56107.45,56113.2,630759
1789459860000,56114.6,56116.05,56065.35,56075.95,693716
1789459890000,56074.45,56103.4,56074.15,56099.75,344352
1789459920000,56100.85,56104.75,56091.2,56098.7,122589
1789459950000,56095.5,56104.4,56084.5,56087.4,279224
1789459980000,56087.65,56109.05,56085.95,56105.95,184020
1789460010000,56103.9,56120.6,56101.75,56114.8,175942
1789460040000,56113.35,56123.45,56109.4,56114.2,185787
1789460070000,56115.2,56126.8,56111.1,56118.8,204073
1789460100000,56119.8,56132.2,56116.45,56127.15,170635
1789460130000,56127.15,56142.25,56121.25,56137.25,234847
1789460160000,56138.45,56143.25,56122.95,56131.2,181823
1789460190000,56129.75,56138.8,56127.15,56132.75,124409
1789460220000,56134.35,56135.05,56124.1,56125.5,355434
1789460250000,56125.6,56131.7,56123.25,56126.45,148174
1789460280000,56126.9,56131.75,56121.75,56127.1,232890
1789460310000,56128.15,56132.75,56117,56120.95,61385
1789460340000,56123.5,56135.35,56122.9,56129.1,150564
1789460370000,56129.85,56142.65,56123.55,56141.2,347707
1789460400000,56139.15,56147.2,56133.85,56139.15,136226
1789460430000,56138.95,56149.2,56136.45,56141.8,672761
1789460460000,56143.35,56148.1,56133.65,56136.25,392692
1789460490000,56136.25,56139.4,56129.6,56138.2,150142
1789460520000,56138,56142.65,56129.75,56133.8,107426
1789460550000,56137.15,56141.7,56133.75,56135.45,167723
1789460580000,56140.15,56140.55,56129.8,56135.75,224348
1789460610000,56135.75,56141.65,56128,56133.95,167093
1789460640000,56138.15,56144.1,56135.2,56141.25,211147
1789460670000,56142.75,56142.75,56132.1,56136.1,151742
1789460700000,56135.8,56136.8,56122,56124.5,325902
1789460730000,56126.05,56131.15,56115,56123.25,173678
1789460760000,56124.4,56127,56111.95,56118.2,178267
1789460790000,56118.2,56136.9,56113.65,56133.55,275651
1789460820000,56128.1,56148.5,56128.05,56143.5,152488
1789460850000,56136.3,56140.5,56126.5,56132.9,121467
1789460880000,56135.15,56143.1,56130.55,56131.1,171608
1789460910000,56136.3,56141.1,56128.75,56134.45,134868
1789460940000,56135.85,56139.65,56128.95,56136.6,242480
1789460970000,56135.95,56140.25,56129.25,56131.65,157360
1789461000000,56134.3,56140.95,56126.3,56128.15,163262
1789461030000,56128.5,56134.05,56122.65,56122.65,148094
1789461060000,56124.9,56132.15,56116.7,56116.7,123646
1789461090000,56120.85,56120.85,56099.45,56102.9,379715
1789461120000,56102.45,56119,56102.45,56116.7,156545
1789461150000,56114.35,56115.75,56100.25,56101.35,265066
1789461180000,56100.4,56109.35,56096.3,56099.8,117007
1789461210000,56097.8,56109.4,56093.35,56106.85,178715
1789461240000,56108.55,56115.05,56098.6,56101.15,169142
1789461270000,56102.55,56107.35,56098.4,56103.75,97866
1789461300000,56103.05,56105.5,56092.65,56095.4,184219
1789461330000,56092.65,56095.75,56083.7,56089.05,118161
1789461360000,56089.2,56105.55,56089.2,56098.35,107597
1789461390000,56101.95,56103.65,56093.3,56100.75,124697
1789461420000,56097.45,56100.6,56086.1,56095.05,218134
1789461450000,56090,56094.25,56080.55,56080.55,199860
1789461480000,56080.15,56083.45,56054.95,56056,323664
1789461510000,56058.15,56074.05,56051,56066.2,224637
1789461540000,56070.7,56074.4,56061,56065.15,210526
1789461570000,56068.1,56069.85,56049.8,56057.05,159059
1789461600000,56057.15,56057.6,56043.8,56045.8,145096
1789461630000,56047.05,56055.35,56023.05,56023.8,166106
1789461660000,56024.85,56032.35,55999.85,56004.5,643140
1789461690000,56003.3,56007.8,55991.55,55996.7,272080
1789461720000,55997.85,55999.4,55958.85,55975.05,738544
1789461750000,55975.6,55996.05,55975.6,55983.25,259325
1789461780000,55986.5,56010.95,55978.05,56002,250610
1789461810000,56001.6,56018.45,55999.4,56011.25,331317
1789461840000,56013.1,56015.85,55997,56001,171000
1789461870000,55998.95,56006.15,55995.2,56000.3,302457
1789461900000,55995.35,55999.05,55971.8,55977.55,491217
1789461930000,55975.6,55978.65,55948.5,55956.45,362084
1789461960000,55954.8,55986.8,55950.7,55978.6,318426
1789461990000,55979.65,55989.05,55975.65,55978.05,293478
1789462020000,55982.55,55984.45,55962.5,55969.45,335770
1789462050000,55967.9,55980.6,55965.05,55975.6,289210
1789462080000,55973.8,55983.95,55972.75,55983.15,679330
1789462110000,55980.95,55983,55960.7,55961.8,616375
1789462140000,55959.6,55966.8,55942.85,55956.6,513938
1789462170000,55955.1,55957.75,55944.85,55949.15,393384
1789462200000,55949.8,55991.75,55948.95,55987.05,1177226
1789462230000,55983.35,55990.25,55970.5,55972.7,1288876
1789462260000,55972.85,55993.2,55969.95,55988.45,332421
1789462290000,55989.3,56007.85,55987.4,55987.9,508223
1789462320000,55990.4,56001.3,55986.15,56000.6,325570
1789462350000,55999.45,56011.35,55997.05,56009.05,318151
1789462380000,56006.15,56024,56004.75,56018.65,348888
1789462410000,56013.6,56018.6,56001.45,56005.55,445711
1789462440000,56004.05,56007.8,55990.75,55990.75,342142
1789462470000,55989.3,55998,55984.35,55985.65,311369
1789462500000,55988.65,56005.9,55986.5,55997.65,303157
1789462530000,55993.25,55996.35,55978.4,55988.35,243118
1789462560000,55984.95,55994.85,55980.9,55986.45,298691
1789462590000,55985.9,55991.3,55978.15,55987.05,307900
1789462620000,55983.65,55994,55981.65,55992.2,286936
1789462650000,55988.05,56003.45,55982,55993.75,349361
1789462680000,55991.05,55995.55,55977.35,55982.2,284818
1789462710000,55986.2,55988.3,55969.65,55970.55,213054
1789462740000,55969.9,55991.1,55968.5,55987.85,269932
1789462770000,55985.2,55989.2,55974.9,55981.6,247572
1789462800000,55981.15,55995.5,55977.7,55983.1,238361
1789462830000,55984.6,55992.5,55980.05,55985.25,131076
1789462860000,55985.9,56002.45,55985.9,55998.55,90729
1789462890000,55998.8,55999.65,55974.2,55996.15,161845
1789462920000,55994.05,56005.85,55992.35,55994.9,164395
1789462950000,55995.15,55998.55,55977.1,55993,536666
1789462980000,55991.3,56006.55,55989.85,55994.25,317381
1789463010000,55997.65,56011.7,55997.15,56007.9,254662
1789463040000,56011.5,56012.1,55996.3,56002.05,251036
1789463070000,56003.95,56015.2,55995.7,56008.95,314030
1789463100000,56010.45,56019.3,56006.9,56012,185064
1789463130000,56012.3,56024.5,56007.1,56014.05,410611
1789463160000,56015.55,56022.1,56004.7,56006.15,164409
1789463190000,56006.35,56023.5,56003,56019.25,550207
1789463220000,56021.5,56027.05,55999.1,56003.2,327586
1789463250000,56006.35,56010.65,56001.65,56005,189986
1789463280000,56006.4,56012.1,56001.05,56009.4,229692
1789463310000,56010.25,56015.1,56003.7,56014.1,310862
1789463340000,56015,56029.9,56011.65,56016.65,186061
1789463370000,56018.15,56020.3,56005.4,56013.4,256417
1789463400000,56008.05,56012.4,56002.45,56009.9,373989
1789463430000,56011.15,56022.4,56006.75,56011.15,265807
1789463460000,56017.6,56029.45,56014.2,56025.15,164484
1789463490000,56026.4,56030.65,56017.3,56017.3,121249
1789463520000,56020.55,56025.95,56011.55,56018.9,316528
1789463550000,56017.2,56034.95,56014.95,56017.25,386948
1789463580000,56018.9,56030.75,56013.65,56030.75,132712
1789463610000,56027.35,56030.55,56019.65,56024.35,112860
1789463640000,56025.5,56036.05,56019.7,56025.5,137528
1789463670000,56026.65,56028.4,56014.95,56019.3,225502
1789463700000,56018.25,56027.9,56007.15,56012.3,257913
1789463730000,56008.8,56018.8,56008.45,56014.95,203238
1789463760000,56014.9,56014.9,55995.8,56002.3,236446
1789463790000,56004.25,56004.25,55968.25,55970.65,414966
1789463820000,55969.2,55970,55948.05,55949.55,444381
1789463850000,55948.8,55949.05,55916.75,55921,281412
1789463880000,55917.1,55920.95,55879.75,55881.8,813016
1789463910000,55883.65,55892.3,55868.05,55891.8,640244
1789463940000,55890.55,55906.65,55878.8,55885.25,591443
1789463970000,55882.4,55887.85,55875.95,55880.3,363849
1789464000000,55881.55,55924.65,55878.65,55918,661939
1789464030000,55916.3,55932.25,55911.1,55931.7,352516
1789464060000,55924.5,55942.3,55923.65,55938.15,245297
1789464090000,55938.7,55955.05,55936.5,55948.6,252550
1789464120000,55946.95,55951.4,55936,55940.05,271743
1789464150000,55938.95,55945.45,55923.95,55929.5,332802
1789464180000,55929.45,55934.8,55906.75,55909.2,1213170
1789464210000,55910,55918.55,55905.1,55908.05,380620
1789464240000,55910.2,55912.1,55895.6,55904.4,383309
1789464270000,55901,55914.85,55890,55897.15,354888
1789464300000,55895,55916.55,55893.95,55904.95,404946
1789464330000,55905.9,55909.6,55888.1,55889.35,147583
1789464360000,55892.5,55902.05,55885.9,55900.5,545607
1789464390000,55899.05,55909.45,55895.9,55901.65,187625
1789464420000,55902.2,55902.55,55889.95,55896.5,495287
1789464450000,55898.3,55902.05,55891.5,55901.8,291242
1789464480000,55901.9,55909,55894.95,55897.6,330678
1789464510000,55898.6,55902.1,55889.8,55891.65,277868
1789464540000,55892.35,55892.35,55874.55,55880.65,400648
1789464570000,55879.15,55883.9,55872.05,55877.35,302160
1789464600000,55878.9,55891.1,55876.6,55888.4,441744
1789464630000,55888,55892.8,55880.8,55889.75,417314
1789464660000,55892.35,55909.75,55882.8,55909.75,942492
1789464690000,55906.3,55939.45,55903.55,55923.9,1008759
1789464720000,55924.4,55939.15,55917.35,55928.65,554875
1789464750000,55930.05,55930.05,55906.5,55914.7,476252
1789464780000,55911.85,55917.15,55902.1,55915.2,278363
1789464810000,55912.4,55932.9,55909.25,55930.25,660292
1789464840000,55929.9,55946.55,55924.15,55945.85,811770
1789464870000,55944.35,55964.1,55941.15,55955.35,669433
1789464900000,55960.6,55960.6,55921.8,55921.8,1049889
1789464930000,55924.75,55928.85,55904.95,55914,902426
1789464960000,55913.1,55918.7,55896.7,55905.9,758140
1789464990000,55904.55,55922.85,55904.55,55915.2,563079
1789465020000,55918.2,55941.5,55915.2,55924.75,976786
1789465050000,55918.4,55930.45,55912.55,55915.95,372867
1789465080000,55915.7,55927,55913.6,55915.75,539799
1789465110000,55913.45,55915.1,55898.15,55907.8,406562
1789465140000,55906.35,55906.35,55867.6,55878.25,904966
1789465170000,55882.8,55901.6,55879.6,55897.5,555177
1789465200000,55899.45,55905.45,55888.9,55894.2,959522
1789465230000,55893.85,55909.2,55891.35,55904.85,592241
1789465260000,55907.1,55947.65,55901,55941.25,714383
1789465290000,55938.3,55947.4,55925.75,55937.55,556144
1789465320000,55936.1,55938.1,55902.35,55923.25,1943107
1789465350000,55921.9,55934.45,55897.8,55914.85,1057636
1789465380000,55911.6,55937.4,55900.05,55925.6,646016
1789465410000,55922.6,55931.45,55914.45,55920.55,756760
1789465440000,55911.8,55931.95,55898.85,55926.05,775746
1789465470000,55923.75,55927.4,55893.35,55908.95,260087
1789465500000,55908.95,55908.95,55908.95,55908.95,13246
1789465530000,55908.95,55908.95,55908.95,55908.95,0
1789465560000,55908.95,55908.95,55908.95,55908.95,0
1789465590000,55908.95,55908.95,55908.95,55908.95,0
1789465620000,55908.95,55908.95,55908.95,55908.95,0
1789465650000,55908.95,55908.95,55908.95,55908.95,0
1789465680000,55908.95,55908.95,55908.95,55908.95,0
1789465710000,55908.95,55908.95,55908.95,55908.95,0
1789465740000,55908.95,55908.95,55908.95,55908.95,0
1789465770000,55908.95,55908.95,55908.95,55908.95,0
1789465800000,55908.95,55908.95,55908.95,55908.95,0
1789465830000,55908.95,55908.95,55908.95,55908.95,0
1789465860000,55908.95,55908.95,55908.95,55908.95,0
1789465890000,55908.95,55908.95,55908.95,55908.95,0
1789465920000,55908.95,55908.95,55908.95,55908.95,0
1789465950000,55908.95,55908.95,55908.95,55908.95,0
1789465980000,55908.95,55908.95,55908.95,55908.95,0
1789466010000,55908.95,55908.95,55908.95,55908.95,0
1789466040000,55908.95,55908.95,55908.95,55908.95,0
1789466070000,55908.95,55908.95,55908.95,55908.95,0
1789466100000,55908.95,55908.95,55908.95,55908.95,0
1789466130000,55908.95,55908.95,55908.95,55908.95,0
1789466160000,55908.95,55908.95,55908.95,55908.95,0
1789466190000,55908.95,55908.95,55908.95,55908.95,0
1789466220000,55908.95,55908.95,55908.95,55908.95,0
1789466250000,55908.95,55908.95,55908.95,55908.95,0
1789466280000,55908.95,55908.95,55908.95,55908.95,0
1789466310000,55908.95,55908.95,55908.95,55908.95,0
1789466340000,55908.95,55908.95,55794.75,55794.75,7570551
1789466370000,55794.75,55794.75,55794.75,55794.75,0
1789530300000,56007.65,56085.25,55925.45,56075.95,9227204
1789530330000,56089.2,56164.2,56088.75,56147,4454014
1789530360000,56145.4,56169.9,56026.8,56071.25,3753290
1789530390000,56080.7,56206.7,56080.65,56200.05,2796020
1789530420000,56200.05,56203.85,56146.85,56172.35,3747816
1789530450000,56178.05,56196.55,56147.35,56183.2,2172395
1789530480000,56183.3,56184.75,56082.25,56093.5,1950631
1789530510000,56093.2,56104,56076.85,56094.35,2147365
1789530540000,56094.4,56119.8,56092.75,56108,2101365
1789530570000,56108.35,56150.7,56107.7,56144.4,920597
1789530600000,56139.1,56149.1,56104.55,56136.3,1370427
1789530630000,56139.3,56142.25,56115.55,56133.05,1865791
1789530660000,56133.05,56152.4,56125.5,56148.05,1927223
1789530690000,56149.4,56156.15,56133.05,56136.5,1827788
1789530720000,56136.5,56145.45,56105.55,56109.05,900538
1789530750000,56106.45,56143.9,56106.45,56143.9,7426388
1789530780000,56137.7,56144.05,56112.55,56118.85,2979623
1789530810000,56119.6,56128.4,56095.2,56097.3,1741417
1789530840000,56097.3,56100.5,56069.6,56076.1,1897325
1789530870000,56068.45,56070.55,56035.25,56048.25,1517986
1789530900000,56047.95,56052.45,56025.45,56027.05,3361415
1789530930000,56028.4,56036.9,56014.45,56026.75,1073448
1789530960000,56024.6,56060.75,56007.85,56057,1291159
1789530990000,56056.6,56064.7,56022.65,56047.55,2312986
1789531020000,56050.2,56058.25,56021.85,56026.4,1269513
1789531050000,56024.05,56027.9,56009.55,56026.75,1421117
1789531080000,56025.4,56027.95,55996.45,56006.3,2287578
1789531110000,56005.35,56006.5,55953.65,55954.15,877932
1789531140000,55954.15,55963.95,55935.85,55941.25,1148776
1789531170000,55936.05,55990.65,55936.05,55983.1,1207467
1789531200000,55982.2,55982.2,55943.35,55951.8,1123457
1789531230000,55953.4,55957.65,55909.15,55922.95,642722
1789531260000,55929.1,55971.85,55925.6,55945.65,897192
1789531290000,55951.25,55954.75,55936.15,55936.8,1378287
1789531320000,55936.3,55952.25,55933.7,55943.6,666858
1789531350000,55943.65,55943.95,55913.7,55924.45,1628293
1789531380000,55923.55,55949.7,55917.6,55944.9,805324
1789531410000,55943.75,55977.75,55932.25,55973.9,599439
1789531440000,55975.85,56009.65,55972.7,56009.65,734384
1789531470000,56008.55,56029.05,56006.55,56018.2,1042758
1789531500000,56017,56017,55949.1,55962.15,605476
1789531530000,55960.35,55972.7,55949.95,55949.95,957546
1789531560000,55949.3,55977.45,55943.85,55960.9,355967
1789531590000,55962.3,55976.05,55957.3,55966.8,701828
1789531620000,55967.05,55977.7,55941.4,55958.35,1061947
1789531650000,55956.75,55959.35,55924.35,55927.5,752844
1789531680000,55925.75,55941.7,55890.1,55892.35,1220916
1789531710000,55889.4,55907,55879.95,55903.85,1548400
1789531740000,55904.95,55933.15,55896.6,55915.85,728282
1789531770000,55911.25,55913.15,55889.85,55892.3,1030646
1789531800000,55893.4,55896.5,55874.15,55882,656543
1789531830000,55880.4,55886,55866.65,55882.75,387857
1789531860000,55881.95,55894.8,55852.5,55860.4,1786662
1789531890000,55862.05,55871.7,55851.7,55863.95,585374
1789531920000,55863.5,55864.4,55819.05,55827,984896
1789531950000,55828.15,55862.25,55824.7,55860.05,941324
1789531980000,55861.8,55862.3,55835.5,55843.3,577888
1789532010000,55843.35,55870.3,55841.6,55855.3,572894
1789532040000,55853.35,55872.35,55845.6,55858.15,699801
1789532070000,55863.85,55863.85,55829.8,55829.8,396368
1789532100000,55829.75,55837.2,55822.6,55826.9,573488
1789532130000,55832.15,55854.85,55823.25,55849.25,832677
1789532160000,55846.5,55881.55,55841.55,55873.25,992490
1789532190000,55879.6,55884.7,55870.7,55879.05,486745
1789532220000,55879.3,55883.25,55827,55832.3,1323142
1789532250000,55831.2,55834.2,55812.2,55826.65,454992
1789532280000,55826.4,55866.2,55826.4,55864.4,745627
1789532310000,55865.35,55891.95,55863.5,55870,1369073
1789532340000,55872.75,55893.85,55868.85,55890.7,598388
1789532370000,55891.5,55909.45,55885.65,55905.8,659341
1789532400000,55903.4,55944.25,55900.85,55943.55,623443
1789532430000,55945.95,55962.95,55924.95,55932.25,807425
1789532460000,55931.25,55933.75,55901.85,55907.65,1374608
1789532490000,55905.8,55937.9,55898.1,55934.15,1821785
1789532520000,55935.05,55970.6,55935.05,55962.6,542519
1789532550000,55963.45,55983.05,55962.25,55965.35,910496
1789532580000,55966.25,55970.15,55940.45,55966.7,701240
1789532610000,55965.4,55987.85,55965.4,55987,480695
1789532640000,55988.85,56003,55986.5,55997.2,1157227
1789532670000,56000.6,56040.35,55998.9,56037.5,3376843
1789532700000,56039.1,56050.35,56022.15,56022.65,1304043
1789532730000,56024.1,56056.5,56004.55,56051.75,1295157
1789532760000,56058.1,56078.95,56028.9,56040.3,1660303
1789532790000,56038.3,56051.7,56031.85,56046.65,672251
1789532820000,56047.85,56069.75,56032.75,56048.05,547393
1789532850000,56048.1,56075.4,56046.75,56061.7,750069
1789532880000,56063.95,56063.95,56011.9,56015.1,516716
1789532910000,56013.85,56013.85,55995.45,56000.8,1934107
1789532940000,56000.3,56028.15,55995.75,56018.95,1280881
1789532970000,56016.6,56037,56012.05,56035.2,880879
1789533000000,56032.6,56043.45,56019.5,56026.35,1015021
1789533030000,56023.95,56032.05,55992.4,56018.55,658178
1789533060000,56017.5,56022.5,56005.15,56022.5,317750
1789533090000,56024.55,56025.8,55981.35,55981.55,1377399
1789533120000,55983.05,55988.1,55969.1,55972.5,761132
1789533150000,55971.95,55992.25,55947.6,55962.15,654016
1789533180000,55960.65,55992.15,55960.65,55989.55,812808
1789533210000,55989.25,55989.25,55973.6,55980,232473
1789533240000,55979.15,55981.35,55966.5,55968.05,378864
1789533270000,55971.6,55972.65,55958.2,55960.75,657486
1789533300000,55961.7,55962.2,55934.4,55938,408700
1789533330000,55941.8,55963.45,55929.95,55939.2,337688
1789533360000,55936.2,55942,55923.2,55940.3,412762
1789533390000,55942.1,55974.5,55940.4,55964.95,1438300
1789533420000,55969.25,55974.3,55955.65,55960.7,740213
1789533450000,55961.55,55980.4,55939.95,55980.3,444868
1789533480000,55983,55988.9,55970.6,55974.05,317949
1789533510000,55972.5,55977.25,55950.15,55957,330897
1789533540000,55957.4,55971.4,55949.2,55960.95,449563
1789533570000,55960.5,55972.25,55959.4,55971.45,92783
1789533600000,55971.35,55976.6,55965.3,55970.7,189113
1789533630000,55970.6,55983.15,55962.55,55965.6,205518
1789533660000,55964.75,55964.75,55942.6,55957.55,195113
1789533690000,55957.4,55983.35,55956.4,55978.15,614920
1789533720000,55978.75,55999.25,55978.75,55987.75,750980
1789533750000,55987.3,55993.2,55983.8,55989.15,547165
1789533780000,55988.9,55994.95,55963.85,55963.85,278714
1789533810000,55965.55,55965.55,55933.55,55936.05,142915
1789533840000,55936.65,55946.4,55929.75,55941.05,324664
1789533870000,55942.5,55948.85,55936.8,55947.4,118144
1789533900000,55948.55,55959.2,55941.2,55956.8,163164
1789533930000,55957.65,55977.4,55957.65,55974.8,232793
1789533960000,55974.4,55986.65,55967.95,55981.3,461728
1789533990000,55983.65,56010.95,55982.4,56008.35,352474
1789534020000,56006.25,56037.4,56005.75,56031.35,247034
1789534050000,56031.4,56059.6,56031.4,56055.8,306486
1789534080000,56058.8,56068.6,56040.5,56043.35,714092
1789534110000,56043.85,56054.1,56019.7,56028.95,201235
1789534140000,56029.7,56040.6,56024.55,56039.85,238385
1789534170000,56041.2,56041.4,56004.6,56004.6,791798
1789534200000,56005.75,56022.65,56005.05,56017,229258
1789534230000,56015.15,56023.95,56012.9,56020,145780
1789534260000,56018.55,56025.2,56013.7,56014.95,173557
1789534290000,56015.7,56017.35,55997.8,56014.8,482549
1789534320000,56015.95,56047.4,56015.95,56041.9,204962
1789534350000,56043.55,56052.8,56035.4,56051.25,304439
1789534380000,56049,56061.4,56049,56061.35,320061
1789534410000,56063.15,56081.85,56062.4,56080.05,175048
1789534440000,56082.9,56095.1,56051.3,56064.45,661442
1789534470000,56065.05,56095.4,56060.2,56095.4,424163
1789534500000,56093.7,56104.05,56084.9,56087.85,610830
1789534530000,56086.9,56111.45,56080.05,56103.55,202727
1789534560000,56105.95,56124.1,56102.5,56117.85,199168
1789534590000,56117.7,56121.35,56077.2,56083.3,476200
1789534620000,56080.45,56091.3,56076.35,56088,277949
1789534650000,56089.8,56089.8,56077.7,56088.85,160373
1789534680000,56082.9,56099.55,56077.3,56098.35,277632
1789534710000,56100.6,56116.15,56096.8,56110,161654
1789534740000,56109.15,56122.05,56109.15,56117.15,240070
1789534770000,56117.65,56129.25,56106.1,56106.1,285122
1789534800000,56103.45,56129.8,56103.45,56126.4,659906
1789534830000,56123.8,56154.9,56119.25,56139.65,483919
1789534860000,56141.6,56146.75,56129.3,56131.4,168018
1789534890000,56131.85,56134.4,56116.75,56130.05,240504
1789534920000,56129.25,56160.7,56129.25,56154.55,351300
1789534950000,56155.6,56170.3,56151.6,56167.7,131663
1789534980000,56166.75,56167.7,56154.25,56159.8,196444
1789535010000,56160.75,56165.25,56151.1,56156.1,217997
1789535040000,56156.8,56162.65,56147.85,56151.5,331986
1789535070000,56151,56175.95,56150.5,56167.75,383533
1789535100000,56166.6,56200.5,56164.6,56199.45,706499
1789535130000,56200.6,56203.3,56181.55,56187.85,702307
1789535160000,56185.75,56208.1,56185.6,56201.8,1102077
1789535190000,56203.85,56223.2,56203.85,56222.85,345596
1789535220000,56221.75,56221.75,56181.35,56181.6,488397
1789535250000,56179.75,56184.25,56169.8,56173.15,119749
1789535280000,56173.1,56203.15,56170.45,56196.65,262389
1789535310000,56195.45,56206.25,56179.8,56181.7,131204
1789535340000,56181.8,56182.95,56169.9,56171,128445
1789535370000,56170.3,56187.45,56170.3,56184.6,145208
1789535400000,56183.6,56205.25,56182.55,56194,223671
1789535430000,56194,56221.1,56193.7,56220.15,350687
1789535460000,56219.6,56234.35,56218.85,56228.4,303303
1789535490000,56226.45,56228.85,56208.7,56210.95,285740
1789535520000,56210.2,56213.75,56197.95,56204.2,186154
1789535550000,56202.4,56209.4,56199.6,56203.4,336577
1789535580000,56203.1,56213.75,56197.05,56213.75,269800
1789535610000,56216.1,56224.65,56211.45,56221.95,212749
1789535640000,56222.8,56227.5,56195.2,56203.4,428599
1789535670000,56207.15,56217.6,56202.85,56209.3,261563
1789535700000,56210.65,56239.3,56201.45,56237.85,417669
1789535730000,56237.85,56237.85,56214,56218.8,316231
1789535760000,56218.3,56241.35,56210.65,56232.25,431583
1789535790000,56235.4,56236.6,56218,56220.65,164172
1789535820000,56220,56234.1,56212.85,56216.45,275627
1789535850000,56218.15,56220.25,56204.4,56211.65,123941
1789535880000,56210.25,56223.9,56207.05,56218.2,178283
1789535910000,56218.2,56238.25,56213.35,56236.55,501409
1789535940000,56238.1,56241.5,56224.65,56231.4,254214
1789535970000,56231.05,56250.8,56227.1,56241.25,285155
1789536000000,56241.55,56249.7,56230.8,56233.55,186029
1789536030000,56233.25,56233.4,56210.75,56213.3,434017
1789536060000,56215.4,56239.15,56213.4,56237.45,347090
1789536090000,56236.5,56241,56223.45,56229.8,124407
1789536120000,56230.65,56259.9,56227.35,56258.65,182391
1789536150000,56258.15,56276.05,56250.8,56272.9,262728
1789536180000,56273.5,56273.5,56257.2,56259.15,248205
1789536210000,56256.35,56260.8,56231.05,56241.9,131055
1789536240000,56242.65,56285.3,56237,56282.55,863229
1789536270000,56279.5,56279.5,56261.45,56269.15,429680
1789536300000,56270.05,56270.05,56223.75,56226.5,561093
1789536330000,56226.05,56232,56205.3,56205.3,527094
1789536360000,56204.6,56238.6,56204.6,56236.2,429501
1789536390000,56231.25,56239.1,56228.25,56239.1,176932
1789536420000,56237,56254.3,56236.35,56247.8,323782
1789536450000,56247.8,56263.7,56244.3,56259.8,372399
1789536480000,56259.35,56263.25,56237.65,56248.1,362494
1789536510000,56247.4,56247.4,56232.55,56238.75,221962
1789536540000,56237.1,56254.15,56237.1,56248.45,221295
1789536570000,56248.1,56249.85,56238.1,56243.6,215503
1789536600000,56244.85,56256.95,56242.85,56251.3,129131
1789536630000,56248.45,56268.3,56247.2,56266.7,247280
1789536660000,56268.3,56274.75,56258.9,56273.15,229937
1789536690000,56272.7,56275.4,56263.15,56269.3,358054
1789536720000,56270.7,56277.75,56264.6,56277.2,153742
1789536750000,56279.15,56286.7,56275.1,56286.25,134667
1789536780000,56285,56307.85,56280.65,56304.75,283460
1789536810000,56304.05,56316,56298.95,56312.45,296200
1789536840000,56311.6,56316.1,56293.35,56303.55,170235
1789536870000,56303.55,56305.65,56291.2,56294.35,127350
1789536900000,56292.65,56294.25,56263.85,56267,251431
1789536930000,56268.8,56270,56245.8,56253.3,420935
1789536960000,56253.55,56258,56244.6,56249.85,424689
1789536990000,56248.1,56257.25,56244.95,56246.9,328420
1789537020000,56248.75,56248.75,56226.9,56229.95,247555
1789537050000,56225.2,56241.05,56218.8,56219.1,544960
1789537080000,56219.55,56239.1,56217.6,56233.5,219270
1789537110000,56234.05,56247,56230.85,56243.95,206743
1789537140000,56244.9,56250.35,56232.8,56238.7,283485
1789537170000,56240.5,56246.7,56234.3,56238,143552
1789537200000,56237.6,56242.7,56233.25,56240.35,178166
1789537230000,56239.55,56248.8,56237.45,56242.75,219766
1789537260000,56242.05,56242.05,56229.65,56236.7,197302
1789537290000,56235.1,56237.85,56221.45,56223.25,194415
1789537320000,56224.45,56235.65,56220.9,56233.7,180120
1789537350000,56231.2,56235.8,56222.85,56226.8,91823
1789537380000,56227.65,56229.75,56216.1,56222.55,93044
1789537410000,56219.95,56222.65,56213,56215.4,210777
1789537440000,56213.7,56215.5,56195.8,56200.9,198323
1789537470000,56200.9,56206.25,56179.3,56182.05,430825
1789537500000,56183,56195.55,56179.55,56186.7,519593
1789537530000,56186.7,56189.65,56181.25,56186.15,144284
1789537560000,56185.95,56211.1,56184.6,56210.15,415885
1789537590000,56210.15,56216.5,56198.95,56201.55,179747
1789537620000,56199.75,56205.75,56187.15,56189.4,143426
1789537650000,56190.35,56191.7,56175.25,56181.5,119861
1789537680000,56180.65,56200.3,56173.95,56190.45,357095
1789537710000,56186.9,56192.1,56175.45,56182.35,301586
1789537740000,56180.65,56182.65,56167.15,56173.35,244112
1789537770000,56174.75,56186.35,56169.45,56174.05,162880
1789537800000,56173.65,56176.55,56158.45,56159.05,191972
1789537830000,56160,56172.7,56158.3,56170.45,159379
1789537860000,56169.15,56171.25,56154.65,56154.65,202049
1789537890000,56153.5,56156.8,56145.8,56153.2,232323
1789537920000,56151.1,56164.15,56149.85,56159.2,147356
1789537950000,56159.65,56187.2,56156.75,56187.2,226279
1789537980000,56187.55,56218.5,56187.55,56218.5,192271
1789538010000,56219.2,56235,56209.55,56214.6,232957
1789538040000,56213.7,56213.7,56189.15,56190.3,169303
1789538070000,56189.8,56192.45,56172.9,56174.95,378185
1789538100000,56175.05,56180.3,56170.9,56172.4,105242
1789538130000,56171.95,56173.1,56150.5,56155.95,186694
1789538160000,56158.25,56158.25,56142.05,56142.6,957008
1789538190000,56145.75,56150.95,56128.6,56134.95,480944
1789538220000,56136.1,56140,56125.35,56126.85,366507
1789538250000,56128.25,56129.1,56113.8,56113.8,217725
1789538280000,56115.5,56126.9,56115.15,56122,139672
1789538310000,56121.4,56124.85,56103.75,56108.5,377845
1789538340000,56108.4,56113.2,56104.85,56108.15,254482
1789538370000,56107.3,56110.15,56085.85,56088.15,195792
1789538400000,56089.2,56117.5,56084.8,56117.5,184564
1789538430000,56117.05,56131.65,56112.75,56126.65,261025
1789538460000,56125.15,56132.35,56121.5,56126.5,189845
1789538490000,56124.5,56126.3,56113.2,56125.05,128002
1789538520000,56126.15,56133.2,56122.3,56133.2,208591
1789538550000,56132.05,56167.05,56131.9,56166.65,475620
1789538580000,56162.8,56185.45,56161.4,56185.45,319368
1789538610000,56186.15,56190.85,56169,56177,215182
1789538640000,56177.85,56177.85,56165.05,56171.3,397782
1789538670000,56169.3,56173.5,56146.15,56152.55,253343
1789538700000,56152.8,56162.9,56144.9,56144.9,137945
1789538730000,56146.15,56149.85,56130.05,56137.5,378205
1789538760000,56139.45,56139.45,56126.65,56127.65,815391
1789538790000,56130.6,56142.5,56124.25,56142.2,633299
1789538820000,56143,56143,56128.4,56129.75,187209
1789538850000,56127.8,56142.05,56125.65,56138.65,93088
1789538880000,56138.4,56181,56136.85,56179.5,237670
1789538910000,56173.5,56179.55,56164.65,56165.35,332070
1789538940000,56164.15,56167.4,56148.55,56150.05,155351
1789538970000,56150.5,56154.25,56136.9,56142.35,249653
1789539000000,56141.1,56141.5,56132.15,56140.65,75587
1789539030000,56136.6,56152.65,56134.2,56151.55,180205
1789539060000,56152.25,56154.65,56136.85,56141.45,98580
1789539090000,56142.25,56142.3,56129.5,56133.8,248796
1789539120000,56133.5,56143.3,56131.6,56137.5,154031
1789539150000,56138.35,56149.9,56135.2,56139.65,110020
1789539180000,56138.95,56156.3,56136.45,56151.75,107627
1789539210000,56153.4,56153.4,56138.65,56140.9,68965
1789539240000,56140.1,56147.55,56139.3,56140.05,120922
1789539270000,56141.15,56150.55,56136,56142.05,192256
1789539300000,56141.65,56147.55,56139.45,56147.4,223093
1789539330000,56143.85,56152.65,56141.1,56142.1,221347
1789539360000,56142.95,56148.65,56134.2,56135.4,206298
1789539390000,56135.7,56144.3,56131.9,56137.9,200045
1789539420000,56137.4,56140.2,56130.9,56135.35,183633
1789539450000,56136.05,56140.6,56131.4,56136.85,110994
1789539480000,56135.5,56140.65,56132.65,56140.25,456637
1789539510000,56140.95,56152.2,56137.25,56147.9,350377
1789539540000,56146.5,56161.95,56146.5,56158.9,109122
1789539570000,56157.35,56160.75,56147.35,56149.75,265897
1789539600000,56150.45,56174.25,56149,56169.9,254543
1789539630000,56172.35,56195.1,56172.35,56190.2,245561
1789539660000,56190.7,56197.5,56184.75,56188.05,178839
1789539690000,56186.05,56188.25,56165.95,56173.1,281719
1789539720000,56174,56183.7,56167.95,56169.9,188015
1789539750000,56169.5,56169.5,56152.75,56157.8,176183
1789539780000,56157.1,56157.8,56143.2,56146.1,240536
1789539810000,56145.25,56147.9,56137.9,56145.35,98048
1789539840000,56144.8,56151.5,56141.8,56148.45,87839
1789539870000,56146.5,56156.1,56144.85,56146.7,124267
1789539900000,56147.3,56151.15,56139.1,56142.5,233620
1789539930000,56142.45,56151.7,56137.25,56137.8,991386
1789539960000,56135.85,56140.35,56105.05,56107.4,956776
1789539990000,56107.9,56110.45,56100.4,56107.95,565841
1789540020000,56107.3,56121.45,56105.8,56121.45,303458
1789540050000,56120.2,56127.35,56113.45,56119,386173
1789540080000,56116.25,56129.45,56116.25,56128.3,142411
1789540110000,56124.2,56128.7,56110.6,56119,239361
1789540140000,56115.8,56122.45,56113.8,56116.1,144805
1789540170000,56117.2,56122.75,56109.95,56113.95,154562
1789540200000,56116.95,56124.4,56111.9,56121.2,217360
1789540230000,56120.85,56125.55,56115.25,56115.25,161326
1789540260000,56115,56121.9,56112.6,56113.85,186904
1789540290000,56115,56115.35,56109.85,56113.25,231758
1789540320000,56113.95,56115.8,56074.9,56076.85,546804
1789540350000,56076,56096.15,56071.1,56092.5,550130
1789540380000,56094.85,56100.7,56087.2,56092.85,467260
1789540410000,56093.9,56103.45,56090.2,56100.2,249602
1789540440000,56100.9,56119.85,56096.85,56118.9,339511
1789540470000,56118.75,56121,56111.7,56117.05,101437
1789540500000,56115.45,56129.45,56115.3,56122.9,238120
1789540530000,56122.3,56132.45,56120.35,56132.45,167131
1789540560000,56129.25,56138.1,56128.3,56134.8,176845
1789540590000,56136.85,56139.05,56128.65,56130.3,274275
1789540620000,56129.7,56141.35,56128.6,56140.65,97526
1789540650000,56139.3,56156.6,56139.05,56150.05,358758
1789540680000,56147.25,56152.6,56139.1,56139.7,177324
1789540710000,56138.25,56140.95,56130.45,56131.45,145784
1789540740000,56131.75,56135.6,56124.8,56131.2,136714
1789540770000,56133.8,56135.9,56126.25,56131.95,166130
1789540800000,56131.75,56168.8,56129.95,56167.75,410272
1789540830000,56167.2,56172.45,56159.35,56172.45,171733
1789540860000,56172,56183.5,56159,56159,368228
1789540890000,56159.05,56173.45,56159.05,56170.65,260306
1789540920000,56171.7,56186.85,56169.8,56186.45,173409
1789540950000,56188.25,56189.65,56170.3,56173.55,252431
1789540980000,56172.9,56194.3,56172.55,56192.4,117957
1789541010000,56193.6,56217.55,56188.6,56217.55,304288
1789541040000,56215.8,56220.1,56194.55,56200.3,336948
1789541070000,56201,56201,56179.75,56180.8,499542
1789541100000,56180.4,56181.2,56157,56157,284536
1789541130000,56157.6,56161.35,56139.8,56145.65,232103
1789541160000,56144.55,56153.3,56141.4,56147.7,199892
1789541190000,56152.2,56182.6,56151.45,56179.9,277845
1789541220000,56180.9,56200.15,56175,56195.7,245793
1789541250000,56198.55,56203.5,56190.35,56192.1,128691
1789541280000,56192.5,56195.2,56181.65,56183.75,204160
1789541310000,56184.15,56197.4,56183.9,56195.05,116580
1789541340000,56198.15,56201.8,56191.35,56198.45,121838
1789541370000,56199.05,56203,56193.65,56193.65,155097
1789541400000,56192.05,56193.3,56177.25,56179.05,211586
1789541430000,56180.95,56188,56161.8,56163.1,194919
1789541460000,56165.05,56175.65,56162.95,56170.35,169512
1789541490000,56170.55,56174.95,56159.8,56164.4,892671
1789541520000,56164.9,56165.5,56152.65,56159.65,188542
1789541550000,56161.15,56166.05,56153.8,56161.35,255439
1789541580000,56162.1,56177.7,56159,56167.95,316082
1789541610000,56168.1,56180,56164.35,56173,387299
1789541640000,56170.4,56175,56156.35,56171,300314
1789541670000,56173.05,56175.15,56166.8,56175.15,113337
1789541700000,56176.95,56186,56173.45,56180.25,107430
1789541730000,56181.55,56183.3,56176.55,56178.75,128666
1789541760000,56180,56181.55,56173.05,56176.45,88779
1789541790000,56178.25,56183.1,56174.7,56175.4,113492
1789541820000,56175.75,56180.25,56166.1,56166.1,184013
1789541850000,56169.9,56172.6,56162.4,56165.25,172124
1789541880000,56167.6,56175.6,56164.55,56171.55,104889
1789541910000,56173.6,56186.35,56172.15,56185.65,121165
1789541940000,56182.2,56190.05,56181.15,56184.85,168787
1789541970000,56187.5,56189.3,56181.75,56184.6,144322
1789542000000,56189.1,56193,56178.45,56183.25,310321
1789542030000,56180.1,56185.55,56175.05,56182.8,222162
1789542060000,56182.8,56200.35,56180.7,56195.8,146138
1789542090000,56195.5,56230.1,56194.25,56228,640917
1789542120000,56226.05,56230.4,56219.15,56219.55,357306
1789542150000,56220.25,56231.15,56217.55,56222.1,140275
1789542180000,56221.5,56243.1,56215.2,56239.5,290132
1789542210000,56240.05,56247.25,56235.85,56241.05,235454
1789542240000,56241.05,56241.05,56230.05,56235.85,171746
1789542270000,56236.5,56238.4,56215.95,56218.3,416155
1789542300000,56216.9,56231.45,56214.65,56226.6,130112
1789542330000,56226.85,56233.7,56224.25,56229.95,134842
1789542360000,56229.55,56233.8,56195.15,56198.9,283522
1789542390000,56199.6,56216.25,56194.55,56215.1,235385
1789542420000,56215.1,56215.1,56202.8,56204.85,149591
1789542450000,56203.55,56207.4,56198.3,56200.6,105379
1789542480000,56200.3,56216.3,56197.65,56210.1,140044
1789542510000,56210.65,56217.75,56207.75,56217.15,110672
1789542540000,56215.65,56224.9,56212.5,56218.8,149180
1789542570000,56218.15,56222.4,56206.25,56214,203562
1789542600000,56215.95,56223.95,56211.25,56221.1,213668
1789542630000,56221.8,56229.8,56219.35,56225.4,296744
1789542660000,56224.9,56233.25,56220.45,56222.1,354206
1789542690000,56222.95,56225.8,56214.55,56217.45,180725
1789542720000,56215.5,56222.6,56213.55,56214.75,251913
1789542750000,56216.05,56226.55,56214.7,56216.2,159633
1789542780000,56218.2,56241.05,56216.35,56238.45,337675
1789542810000,56235.55,56252.05,56235.25,56244.15,169181
1789542840000,56244.85,56253.6,56241.45,56252.45,134959
1789542870000,56250.65,56255.25,56246.65,56251.45,251200
1789542900000,56250.9,56251.85,56235.2,56236.8,221924
1789542930000,56236.2,56240.5,56215.6,56217.8,192408
1789542960000,56217.8,56221.95,56208.6,56220.25,228512
1789542990000,56218.2,56233.65,56215.55,56230.85,327891
1789543020000,56230.85,56250.55,56229.65,56246.65,158048
1789543050000,56245.9,56257.55,56244.15,56255.95,240329
1789543080000,56255.95,56262.8,56250.4,56258.8,146022
1789543110000,56259.05,56264.4,56253.35,56260.15,152956
1789543140000,56258.25,56258.55,56250.65,56257.25,96517
1789543170000,56256.3,56257.55,56246.3,56248.15,78817
1789543200000,56247.45,56251.85,56242.95,56247.6,387046
1789543230000,56249.45,56251.25,56242,56245.5,96283
1789543260000,56245.5,56247.45,56234.2,56236.35,130795
1789543290000,56235.7,56244.45,56230.55,56232.85,119917
1789543320000,56232.85,56237.8,56220.45,56221.95,328374
1789543350000,56225.45,56232.75,56219.95,56223.95,127768
1789543380000,56224.25,56231.25,56221.8,56226.75,100376
1789543410000,56228.45,56235.35,56225.05,56232.5,66758
1789543440000,56231.35,56239.7,56226.1,56238,109717
1789543470000,56237.8,56245,56229.5,56230.5,118083
1789543500000,56232.8,56241.25,56228.6,56237.9,111317
1789543530000,56237.5,56239.9,56229.95,56234.65,97386
1789543560000,56233.8,56250,56227.9,56248.95,220032
1789543590000,56248.6,56255.75,56238.9,56248.8,290022
1789543620000,56248.8,56255.05,56243.55,56249.45,139204
1789543650000,56248.85,56254.2,56244.5,56254.2,220156
1789543680000,56253.65,56259.85,56237.1,56239.75,129403
1789543710000,56238.35,56248.4,56233,56243.15,239512
1789543740000,56242.9,56244.75,56234.7,56242.9,160571
1789543770000,56242.25,56245.75,56219.7,56219.7,318240
1789543800000,56222.6,56227.15,56215.75,56226.15,252093
1789543830000,56225.45,56236.3,56221.6,56235.8,141164
1789543860000,56236.5,56260.5,56231.2,56255.25,117376
1789543890000,56254.4,56260,56242.1,56245.65,100615
1789543920000,56245.65,56253.95,56242.6,56251.55,128029
1789543950000,56250.75,56253.5,56245,56246.95,81525
1789543980000,56248.15,56252.55,56244.2,56248.8,204229
1789544010000,56250.4,56251.9,56239.65,56242.3,87473
1789544040000,56242.3,56262.1,56240.75,56256.95,100111
1789544070000,56259.4,56273.4,56257.7,56271.95,125399
1789544100000,56270.15,56277,56266.8,56267.25,120353
1789544130000,56268.65,56274.3,56263.65,56271.8,84825
1789544160000,56270.45,56296.6,56268.75,56282.4,321287
1789544190000,56281.1,56295,56275.85,56291.35,323830
1789544220000,56290.8,56309.6,56290.8,56308.1,340889
1789544250000,56303.05,56321.4,56302.65,56310.5,164484
1789544280000,56316.25,56322.35,56310.55,56318.5,148564
1789544310000,56319.65,56347.35,56318.25,56346.65,703515
1789544340000,56347.6,56368.7,56347.6,56365.05,565463
1789544370000,56362.2,56364.35,56335.1,56343.7,693027
1789544400000,56343.25,56356.65,56343.25,56353.65,179910
1789544430000,56354.7,56356.35,56339.95,56342.9,104140
1789544460000,56341.3,56349.6,56335.1,56346.3,94231
1789544490000,56346,56350.7,56330.45,56330.45,142407
1789544520000,56331.75,56332.55,56320.25,56324.4,239029
1789544550000,56325.6,56327.4,56318.05,56319.45,153004
1789544580000,56319.9,56323.95,56306.85,56308.25,583176
1789544610000,56305.95,56308.6,56298,56298.95,374591
1789544640000,56299.55,56308.1,56299.2,56300.25,145158
1789544670000,56299.65,56301.1,56293.8,56300.2,124194
1789544700000,56299.45,56300.65,56289.55,56295.8,253842
1789544730000,56296.4,56299.75,56288.7,56294.8,84924
1789544760000,56299.1,56305.7,56294.95,56304.55,123023
1789544790000,56305.1,56311.25,56298.25,56300.15,142703
1789544820000,56298.65,56309.1,56291.2,56305.45,229025
1789544850000,56305.7,56311.4,56302.9,56311.25,57647
1789544880000,56310.95,56318.25,56310.95,56316.4,129691
1789544910000,56318.7,56320.3,56314.25,56317.5,76307
1789544940000,56318.45,56340.6,56316.8,56339.1,494461
1789544970000,56339.7,56345,56336.5,56339.45,120258
1789545000000,56339,56339.25,56321.35,56329.7,282474
1789545030000,56328,56332.4,56315,56325.85,355673
1789545060000,56325.7,56326.45,56313.6,56317.15,261493
1789545090000,56317.75,56322.35,56311,56316.05,112374
1789545120000,56315.45,56316.5,56307.8,56310.9,178230
1789545150000,56309.7,56313.45,56305.75,56312.35,119442
1789545180000,56312,56321.45,56308.75,56318.95,66485
1789545210000,56317.4,56320.95,56295.55,56297.95,161678
1789545240000,56297.5,56300.15,56286.5,56293.4,278642
1789545270000,56293.8,56297.15,56287.95,56292.85,88996
1789545300000,56293.65,56296.95,56287.9,56289.35,108532
1789545330000,56288.5,56295.65,56285.05,56292.45,181648
1789545360000,56291.05,56296,56283.3,56289.3,86219
1789545390000,56286.35,56290.7,56275.75,56283.95,143532
1789545420000,56280.6,56285.25,56268.4,56269.85,459691
1789545450000,56268.75,56269.75,56258.05,56260.25,264910
1789545480000,56259.4,56259.4,56231.75,56237.9,478023
1789545510000,56235.8,56243.65,56217.65,56221.15,560323
1789545540000,56217.7,56226.4,56210.9,56212.85,186810
1789545570000,56212.7,56217.1,56203.35,56203.35,316202
1789545600000,56206.1,56214,56202.65,56212.05,226648
1789545630000,56209.5,56220.95,56207.65,56220.95,291481
1789545660000,56221.25,56236.2,56217.3,56234.05,337351
1789545690000,56231.65,56239.2,56226.6,56232.9,458069
1789545720000,56231.5,56239.65,56230.65,56239.65,101480
1789545750000,56239.55,56239.55,56226.5,56226.55,381215
1789545780000,56226.85,56231.25,56218.2,56223.15,181844
1789545810000,56223.3,56225.65,56218.4,56220.3,168580
1789545840000,56219.6,56222.7,56203.05,56211.85,213873
1789545870000,56208,56227.2,56203.6,56225.05,153378
1789545900000,56224.4,56250.55,56221.25,56247,160505
1789545930000,56245.8,56255.6,56244.5,56253.05,140464
1789545960000,56252.45,56255.6,56231.3,56231.3,248973
1789545990000,56232.15,56233.55,56223.35,56228.8,476046
1789546020000,56226.25,56234.85,56224.7,56228.25,96359
1789546050000,56227.85,56230.6,56221.1,56226.85,248312
1789546080000,56224.05,56231.2,56201.5,56212.5,306218
1789546110000,56214.25,56240.55,56214.1,56236.5,251707
1789546140000,56237.35,56241.05,56226.7,56233.3,336470
1789546170000,56232.95,56233.5,56219.35,56224.2,198199
1789546200000,56225.1,56229.2,56206,56206.7,620310
1789546230000,56204.6,56214.8,56203.9,56211.5,387025
1789546260000,56211.4,56221.95,56207.95,56218.8,437404
1789546290000,56217.85,56228.25,56211.75,56227.2,229766
1789546320000,56230.8,56230.8,56221.75,56225.75,114450
1789546350000,56224.9,56229.05,56213.85,56217.95,160500
1789546380000,56214.85,56224.7,56213.75,56221.6,332229
1789546410000,56220.8,56223.4,56208.6,56212.65,175744
1789546440000,56212.95,56215.35,56202.75,56203.35,206311
1789546470000,56201.15,56206.85,56184.15,56190.2,129474
1789546500000,56188.5,56233,56188.5,56232.6,342033
1789546530000,56233.2,56235.65,56225.5,56225.5,104691
1789546560000,56226.2,56231.9,56205.8,56209.95,187189
1789546590000,56211.05,56219.2,56206.2,56215.8,129236
1789546620000,56216.3,56224.1,56212.5,56223.65,101807
1789546650000,56222.95,56230.4,56219.65,56230.2,175378
1789546680000,56229.6,56238.1,56219.6,56237.8,198081
1789546710000,56236.4,56239.15,56214.35,56214.35,150953
1789546740000,56214.3,56219.15,56202.1,56216.85,193961
1789546770000,56218,56219.45,56198.45,56206.55,176800
1789546800000,56205.5,56211.45,56199.35,56203.15,234516
1789546830000,56202.45,56211.8,56198.7,56204.05,114928
1789546860000,56204.55,56208.05,56179.9,56186.35,167411
1789546890000,56182.6,56192.25,56177.95,56190.25,162447
1789546920000,56188.85,56196.9,56186.9,56193.9,101802
1789546950000,56192.65,56197.3,56179.2,56188.05,172618
1789546980000,56187.35,56199.25,56187.25,56199.25,106531
1789547010000,56196.4,56212.1,56196.4,56206.2,389706
1789547040000,56205.95,56215.75,56205.95,56215.25,240542
1789547070000,56215.65,56218.6,56204.45,56204.95,282810
1789547100000,56204.2,56205.65,56194.45,56198.1,137928
1789547130000,56198.5,56206.8,56192.3,56205.4,149548
1789547160000,56204.2,56211.75,56200,56211.75,147221
1789547190000,56211.2,56216.8,56207.8,56216.5,144375
1789547220000,56217.5,56220.55,56208.95,56214.8,80847
1789547250000,56214.2,56218.95,56209.25,56215.75,99755
1789547280000,56215.35,56218.9,56203.85,56205,269249
1789547310000,56205.85,56211.1,56196.4,56199,90561
1789547340000,56201,56207.6,56195.9,56206.45,139827
1789547370000,56207.7,56218.05,56202.55,56218.05,152054
1789547400000,56215.95,56240.35,56212.05,56239.35,665882
1789547430000,56238.65,56242.45,56233.55,56239.1,199463
1789547460000,56238.2,56248.7,56238,56246.65,270018
1789547490000,56244.8,56259.9,56244.05,56253.75,126679
1789547520000,56254.35,56261.2,56245.75,56249.75,153695
1789547550000,56249.5,56249.5,56240.95,56247.8,141274
1789547580000,56250.45,56263.5,56243.2,56259.85,134009
1789547610000,56260.3,56261.25,56250.1,56255.75,125213
1789547640000,56255.15,56257.45,56251.8,56256.6,120526
1789547670000,56254.55,56261.25,56253.85,56258.45,104562
1789547700000,56257.55,56268.55,56255.25,56264.85,264252
1789547730000,56264.1,56267.2,56255.4,56261.35,308297
1789547760000,56262.2,56264.4,56246.55,56251.7,216135
1789547790000,56252,56255.75,56244.4,56250.05,103814
1789547820000,56248,56250.95,56239.1,56239.1,155703
1789547850000,56238.65,56239.05,56229.2,56236.35,131023
1789547880000,56234.8,56239.15,56230.85,56233.8,97201
1789547910000,56233.25,56234.2,56222.95,56229.8,184408
1789547940000,56229.45,56233.7,56226.9,56231.75,173472
1789547970000,56232.2,56235.6,56228.55,56231.95,114531
1789548000000,56230.45,56235.05,56229.45,56234.3,97427
1789548030000,56233.7,56234.4,56220.85,56227.15,144138
1789548060000,56227.45,56235.6,56226.7,56235.3,74977
1789548090000,56236.25,56240.05,56231.35,56239.7,86180
1789548120000,56239.25,56241.95,56233.7,56237.55,81070
1789548150000,56238.4,56254.45,56237.3,56254.45,144556
1789548180000,56257.15,56277.8,56253.15,56274.9,328348
1789548210000,56274.5,56278.7,56266.35,56272.2,161980
1789548240000,56271.9,56274.15,56267.85,56273.25,211047
1789548270000,56275.05,56285.3,56269.5,56284.25,113355
1789548300000,56283.75,56293.4,56282.45,56289.75,211769
1789548330000,56289.7,56292.45,56280.25,56291.1,180484
1789548360000,56289.6,56294.3,56279.55,56279.55,90738
1789548390000,56279.6,56288.95,56279.2,56285.1,138552
1789548420000,56287.3,56301.65,56286.15,56297.2,120204
1789548450000,56297.5,56303.35,56293,56297.75,115011
1789548480000,56297.3,56311.4,56294.65,56308.2,264466
1789548510000,56308.9,56312.45,56302.75,56305.95,243821
1789548540000,56305.1,56309,56282.9,56285.7,767571
1789548570000,56286.05,56286.9,56267.7,56271.25,289415
1789548600000,56267.2,56276.1,56260.85,56271.5,550117
1789548630000,56271.65,56274.65,56265.85,56267.25,120301
1789548660000,56268.05,56284.5,56263.3,56282.5,225754
1789548690000,56279.55,56291.3,56277.15,56291.15,189451
1789548720000,56291.4,56305.5,56287.15,56304.3,202061
1789548750000,56304.3,56312.3,56300.8,56308.9,496193
1789548780000,56307.35,56312.2,56297.5,56301.55,186900
1789548810000,56300.85,56307.1,56291.8,56299.55,1326355
1789548840000,56299.9,56301.65,56289.55,56295.9,295734
1789548870000,56298.95,56298.95,56285.85,56289.55,274525
1789548900000,56292.45,56301.2,56288.85,56293.65,219461
1789548930000,56294.25,56300.4,56289.7,56300.4,166228
1789548960000,56297.45,56308.9,56296.65,56300,159096
1789548990000,56298.7,56303.95,56290,56290.7,116608
1789549020000,56291.6,56295.2,56279,56282.25,260900
1789549050000,56280.85,56286.7,56276.55,56280.45,109888
1789549080000,56281.15,56282.6,56260.85,56265.4,387405
1789549110000,56265.4,56277.25,56263.4,56274.05,208818
1789549140000,56272.95,56291.95,56270.4,56291.5,159598
1789549170000,56291.5,56296,56283.65,56286.3,139631
1789549200000,56286.05,56291,56283.75,56286.25,105570
1789549230000,56284.2,56287.75,56277,56277.55,152933
1789549260000,56276.95,56282.4,56271.4,56279.1,319462
1789549290000,56278.8,56282,56273.95,56282,282908
1789549320000,56279.25,56285.8,56276.2,56278.65,197517
1789549350000,56278.1,56284.7,56274.2,56283.8,331476
1789549380000,56285.45,56288.3,56279.4,56286.9,824298
1789549410000,56285.75,56292.65,56278.65,56291.95,547449
1789549440000,56292.5,56294.7,56285.45,56294.35,196231
1789549470000,56294.4,56298.45,56288.1,56296.9,427870
1789549500000,56298.95,56307.1,56294.25,56306.2,372956
1789549530000,56305.75,56314.3,56301.6,56307.3,246741
1789549560000,56306.9,56311.85,56304.85,56307.85,208887
1789549590000,56308.1,56309.3,56295.85,56299.95,132503
1789549620000,56299.8,56302,56288.85,56292.25,208475
1789549650000,56292.25,56296.45,56288.2,56296.3,159729
1789549680000,56295.75,56304.4,56295.05,56298.3,135839
1789549710000,56297.55,56297.55,56281.55,56284.5,214981
1789549740000,56284.75,56292.45,56281.85,56288.7,274830
1789549770000,56289.45,56304.95,56286.2,56298.4,649243
1789549800000,56297.5,56303.25,56296.05,56298.9,124397
1789549830000,56299.3,56312,56295.3,56309.4,187248
1789549860000,56308.6,56321.15,56305.85,56309.8,653571
1789549890000,56310.35,56326.85,56305.8,56317.4,409737
1789549920000,56319.8,56320.85,56288.3,56290.75,739255
1789549950000,56290.75,56294.45,56280.85,56292.8,327372
1789549980000,56287.35,56292.45,56273.95,56287,186808
1789550010000,56287.95,56292.45,56281.15,56291.5,223273
1789550040000,56292.05,56299.35,56287.55,56290.15,206166
1789550070000,56291.1,56294.9,56281.1,56286.75,253908
1789550100000,56286.6,56286.6,56278.75,56283.2,137256
1789550130000,56283.2,56291.45,56280.9,56288.4,164904
1789550160000,56288.55,56297.95,56285.8,56296.85,180839
1789550190000,56296.4,56298.35,56285.5,56289.1,476668
1789550220000,56293.7,56295.3,56286.1,56289.75,303119
1789550250000,56289.75,56293.45,56286.05,56291.7,558388
1789550280000,56289.7,56294.05,56284.15,56288.5,377325
1789550310000,56287.75,56289.3,56272.65,56279.9,410776
1789550340000,56283.05,56287.5,56279.2,56285.5,385840
1789550370000,56285.5,56302.3,56285.4,56298.8,461884
1789550400000,56301.1,56302.5,56275.8,56293.6,376261
1789550430000,56288.8,56301.05,56286.75,56295.35,578168
1789550460000,56296.25,56308.95,56296.25,56305.5,748201
1789550490000,56307.45,56308.3,56276.3,56278.45,818429
1789550520000,56279.3,56285.95,56275.2,56280.75,333460
1789550550000,56278.1,56289.85,56277.55,56285.5,333350
1789550580000,56284.3,56300,56282.8,56292.2,326285
1789550610000,56295.55,56296.7,56286.3,56291.5,332551
1789550640000,56290.9,56299.8,56285.5,56296.15,261703
1789550670000,56296.6,56298.35,56284.25,56297.55,414413
1789550700000,56294.5,56297.35,56287.65,56293.4,344743
1789550730000,56296.15,56298.65,56286.7,56294.95,485575
1789550760000,56295.2,56312.65,56291.95,56310.2,561693
1789550790000,56309.75,56313.6,56304.35,56309.8,175339
1789550820000,56310.05,56357.35,56308.55,56339.35,1082775
1789550850000,56340.45,56349.7,56336.4,56342.1,500419
1789550880000,56343.05,56343.05,56328.65,56334,760520
1789550910000,56333.1,56340,56296.85,56298.6,489743
1789550940000,56296.35,56303,56280.8,56290.8,477726
1789550970000,56292.65,56292.65,56265.7,56270,203511
1789551000000,56272.55,56273.25,56244.75,56249.05,1028466
1789551030000,56244.95,56256.95,56240.25,56248.3,1041084
1789551060000,56249.95,56270.8,56242.15,56269.85,948906
1789551090000,56265.35,56269.5,56251.75,56262.4,419521
1789551120000,56261.7,56270.45,56258.55,56267.55,534354
1789551150000,56265.9,56271.4,56256.85,56257.25,1247648
1789551180000,56254.35,56265.15,56248.55,56264.7,838152
1789551210000,56261.7,56268.7,56254.6,56256.35,1301842
1789551240000,56254.35,56263.45,56250.9,56253.95,495538
1789551270000,56250.95,56253,56236.05,56243,1575797
1789551300000,56241.85,56247.05,56233.5,56239.75,1434373
1789551330000,56236.35,56240.05,56231.85,56233.25,832048
1789551360000,56231.3,56237.7,56216.75,56220.75,1119259
1789551390000,56218.2,56224.2,56211.15,56222,417581
1789551420000,56223.1,56242.45,56219.3,56240.2,567512
1789551450000,56239.15,56243.95,56235,56241.3,444555
1789551480000,56240.35,56251.8,56240.35,56246.6,1987984
1789551510000,56244.25,56246.55,56237.65,56246.55,793640
1789551540000,56245.6,56246,56233.55,56239.45,930958
1789551570000,56236.9,56242.25,56230.15,56236.65,875673
1789551600000,56234.25,56254.1,56231.7,56254.1,2496561
1789551630000,56249,56255.2,56233,56243.9,1433653
1789551660000,56238.1,56254.4,56235.2,56241.6,844533
1789551690000,56240.2,56241.85,56227.45,56240.35,1307896
1789551720000,56237.5,56241.55,56216.6,56236.5,2160006
1789551750000,56223.65,56248.8,56215.55,56232.3,1840530
1789551780000,56228.8,56244.85,56223.15,56231.35,697730
1789551810000,56226.3,56234.3,56219.05,56231.7,484940
1789551840000,56230.1,56236.75,56213.45,56232.65,768974
1789551870000,56216.75,56259.05,56216.75,56230.15,312926
1789551900000,56226.75,56226.75,56226.75,56226.75,6533
1789551930000,56226.75,56226.75,56226.75,56226.75,0
1789551960000,56226.75,56226.75,56226.75,56226.75,0
1789551990000,56226.75,56226.75,56226.75,56226.75,0
1789552020000,56226.75,56226.75,56226.75,56226.75,0
1789552050000,56226.75,56226.75,56226.75,56226.75,0
1789552080000,56226.75,56226.75,56226.75,56226.75,0
1789552110000,56226.75,56226.75,56226.75,56226.75,0
1789552140000,56226.75,56226.75,56226.75,56226.75,0
1789552170000,56226.75,56226.75,56226.75,56226.75,0
1789552200000,56226.75,56226.75,56226.75,56226.75,0
1789552230000,56226.75,56226.75,56226.75,56226.75,0
1789552260000,56226.75,56226.75,56226.75,56226.75,0
1789552290000,56226.75,56226.75,56226.75,56226.75,0
1789552320000,56226.75,56226.75,56226.75,56226.75,0
1789552350000,56226.75,56226.75,56226.75,56226.75,0
1789552380000,56226.75,56226.75,56226.75,56226.75,0
1789552410000,56226.75,56226.75,56226.75,56226.75,0
1789552440000,56226.75,56226.75,56226.75,56226.75,0
1789552470000,56226.75,56226.75,56226.75,56226.75,0
1789552500000,56226.75,56226.75,56226.75,56226.75,0
1789552530000,56226.75,56226.75,56226.75,56226.75,0
1789552560000,56226.75,56226.75,56226.75,56226.75,0
1789552590000,56226.75,56226.75,56226.75,56226.75,0
1789552620000,56226.75,56226.75,56226.75,56226.75,0
1789552650000,56226.75,56226.75,56226.75,56226.75,0
1789552680000,56226.75,56226.75,56226.75,56226.75,0
1789552710000,56226.75,56226.75,56226.75,56226.75,0
1789552740000,56226.75,56226.75,56226.75,56226.75,0
1789552770000,56226.75,56292.45,56226.75,56292.45,8506280
1789616700000,56126.6,56216.45,56072.6,56207.95,1568921
1789616730000,56192.75,56209.4,56148.15,56153.35,933478
1789616760000,56154.65,56179,56121.3,56173.15,733259
1789616790000,56176.4,56262.55,56176.4,56244.25,1041008
1789616820000,56250.85,56262,56221.2,56253.25,805202
1789616850000,56257.2,56272.45,56228.4,56269.5,614737
1789616880000,56270.75,56324.6,56265.2,56305.65,443622
1789616910000,56304.45,56304.45,56272.55,56272.55,426088
1789616940000,56271.95,56294.8,56265.2,56291.95,301601
1789616970000,56291,56328.7,56286.65,56321.45,669571
1789617000000,56318.1,56324.15,56299.65,56318.95,461412
1789617030000,56325.5,56327.15,56271.25,56302.25,501393
1789617060000,56302.4,56315.9,56282.55,56287.3,671067
1789617090000,56286.15,56289.6,56266,56286.15,419632
1789617120000,56289.55,56302.6,56275.55,56283.85,431267
1789617150000,56283.25,56284.1,56256.15,56262.25,442036
1789617180000,56260.45,56280.15,56250.35,56271.7,451378
1789617210000,56272.15,56274.7,56258.9,56271.85,481805
1789617240000,56270.15,56300.55,56265.6,56292.6,583835
1789617270000,56289.1,56292.95,56274.15,56281,382231
1789617300000,56276.65,56290.7,56264.3,56280,382463
1789617330000,56281.2,56285.45,56254.25,56265.7,265874
1789617360000,56259.8,56271.45,56256.95,56261.9,162166
1789617390000,56260,56294.6,56256.15,56276.9,600009
1789617420000,56276.95,56283.3,56249.85,56261.8,354542
1789617450000,56259.65,56287.6,56256.4,56283.6,269106
1789617480000,56281.1,56304.5,56281.1,56301.25,397353
1789617510000,56300.25,56312.35,56300.25,56309.4,197092
1789617540000,56309.7,56311.6,56292.05,56295.45,320041
1789617570000,56294.2,56303.2,56290.4,56294.9,330042
1789617600000,56296.1,56324.6,56296.1,56324.6,314353
1789617630000,56326.45,56357.8,56322.9,56344.7,245152
1789617660000,56345.5,56379.35,56338.95,56375.4,460932
1789617690000,56376.7,56400.3,56359.55,56399.45,291559
1789617720000,56396.55,56450.25,56393.95,56450.25,773368
1789617750000,56446.65,56471.25,56444.2,56459.05,422687
1789617780000,56457.45,56469.3,56443,56465.65,545055
1789617810000,56470.2,56473.9,56431.15,56448.15,983354
1789617840000,56446.7,56494.05,56444.25,56489.75,1080201
1789617870000,56487.1,56509.1,56479.55,56501,1147940
1789617900000,56497.6,56552.95,56494.2,56550.15,578901
1789617930000,56550.35,56568.05,56541.05,56562.35,309795
1789617960000,56561.25,56570.45,56514.5,56514.5,426781
1789617990000,56522.35,56526,56513.05,56518.6,352472
1789618020000,56520.05,56542.2,56508.65,56536.75,326661
1789618050000,56538.1,56542.1,56518.95,56523.05,202083
1789618080000,56519.2,56538.9,56512.5,56526.45,510992
1789618110000,56526.05,56529.45,56494.65,56494.65,417301
1789618140000,56490,56490.85,56464.25,56473.3,1000051
1789618170000,56472.75,56479,56450.65,56453.05,366558
1789618200000,56448.45,56449.65,56420.4,56428.4,811057
1789618230000,56431.2,56451.45,56411.45,56451.3,327418
1789618260000,56450.55,56453.15,56438.05,56442.55,334752
1789618290000,56439.75,56460.85,56436.9,56449.9,320183
1789618320000,56449,56449,56418.1,56421.75,466825
1789618350000,56425.7,56427.15,56380.45,56380.8,218246
1789618380000,56378.8,56388.75,56360.8,56388.75,255499
1789618410000,56387.75,56433.3,56386.85,56425.4,356269
1789618440000,56422.8,56427,56403.85,56406.8,217630
1789618470000,56405.9,56433.55,56401.35,56431.9,323747
1789618500000,56432.5,56444.75,56412.15,56419.1,249094
1789618530000,56420.4,56420.4,56397.5,56406.15,367544
1789618560000,56402.15,56411.1,56392.3,56407.25,176304
1789618590000,56408.75,56415,56401.3,56410.4,214639
1789618620000,56408.15,56420.45,56408.15,56420.45,199232
1789618650000,56419.9,56425.8,56414.8,56425.8,318879
1789618680000,56418.6,56445.9,56418.6,56422,193900
1789618710000,56426.05,56426.1,56405.55,56421.35,556960
1789618740000,56416.85,56441.95,56416.85,56441,126647
1789618770000,56442.7,56443.25,56428.6,56431.5,191484
1789618800000,56427.65,56428.8,56392.1,56401.15,374841
1789618830000,56397.95,56405.35,56381.7,56397.4,448168
1789618860000,56396.45,56410.15,56392.9,56401.8,185661
1789618890000,56402.9,56409.2,56394.1,56403.85,551372
1789618920000,56399.75,56418.9,56391.85,56418.35,163864
1789618950000,56417.05,56438,56415.05,56428.85,200696
1789618980000,56428.8,56431.25,56419.45,56431.25,124873
1789619010000,56431.05,56439.35,56424.6,56434.9,145961
1789619040000,56429.35,56456.2,56426.2,56445.55,247830
1789619070000,56444.7,56450.8,56438,56444.15,130346
1789619100000,56440.2,56453.1,56425.3,56425.75,216938
1789619130000,56427.35,56444.75,56426.65,56442.05,267184
1789619160000,56438.9,56442.45,56422.4,56422.4,273846
1789619190000,56421.7,56428.2,56416.45,56422.95,194919
1789619220000,56418.05,56431.15,56417,56429.35,305960
1789619250000,56431.05,56450.3,56428.4,56449.5,202111
1789619280000,56450.85,56450.85,56434.7,56438.3,93256
1789619310000,56439.65,56442.05,56428.5,56431.3,119771
1789619340000,56432.45,56432.8,56404.1,56407.75,282897
1789619370000,56412.25,56413.6,56403.8,56405.8,192218
1789619400000,56406.65,56406.65,56386.65,56401.35,692828
1789619430000,56401.65,56401.65,56390.75,56394.15,152787
1789619460000,56395.05,56415.8,56389.25,56415.8,149238
1789619490000,56416.45,56427.2,56412.55,56427.2,100137
1789619520000,56425.5,56436.25,56417.85,56422.4,137787
1789619550000,56427.55,56440.25,56423.5,56437.4,125648
1789619580000,56434.45,56444.1,56432,56433.6,152687
1789619610000,56435.05,56435.45,56420.1,56435.2,656291
1789619640000,56433.05,56444.35,56432.15,56438.85,713190
1789619670000,56438,56440.95,56430.4,56435.1,217606
1789619700000,56434.85,56456.4,56433.15,56456.4,374338
1789619730000,56457.55,56484.45,56454.15,56471.7,328630
1789619760000,56471.85,56478.4,56467.35,56474.15,84934
1789619790000,56475.7,56480.3,56468.85,56469.35,310069
1789619820000,56468.4,56471.05,56445,56450.8,378814
1789619850000,56449.2,56460.85,56443.65,56456.85,106481
1789619880000,56456.6,56459.15,56445.75,56452.65,128343
1789619910000,56456.3,56461.2,56453.1,56458.9,89428
1789619940000,56451.5,56461.9,56443.05,56452.6,75309
1789619970000,56451.75,56458.6,56444.35,56452.8,106243
1789620000000,56455.65,56466.8,56453.4,56460.7,226993
1789620030000,56462.45,56473.15,56457,56473.15,130594
1789620060000,56472.5,56491.1,56470.1,56481.55,159039
1789620090000,56482.05,56496.85,56481.2,56491.3,204893
1789620120000,56488.15,56498.5,56483.6,56485.25,121597
1789620150000,56485.95,56500.15,56484.4,56492.5,236400
1789620180000,56486.9,56497.6,56483.55,56486.25,107889
1789620210000,56488.45,56493.7,56484.1,56492.65,127374
1789620240000,56491.25,56495.6,56484.85,56492.65,63435
1789620270000,56495,56495,56470.9,56474.4,73153
1789620300000,56477.55,56491.45,56472.95,56485.7,94093
1789620330000,56488.4,56494.6,56475.2,56478.9,102027
1789620360000,56480.75,56480.75,56461.35,56467.35,202548
1789620390000,56469.4,56475.8,56460.9,56461.7,126197
1789620420000,56463.2,56468.8,56446.15,56446.15,63737
1789620450000,56450.95,56451,56431.85,56433.8,175122
1789620480000,56430.8,56433.05,56421.4,56423.05,101773
1789620510000,56423.95,56444.2,56423.95,56444.15,95407
1789620540000,56438.3,56443.55,56429.75,56435.75,47969
1789620570000,56435.75,56440.15,56427.25,56434.2,51588
1789620600000,56433.4,56435.45,56424.85,56430.85,97006
1789620630000,56434.6,56455.95,56431,56444.7,86088
1789620660000,56449.7,56466.35,56448.2,56454.5,245487
1789620690000,56454.5,56466.3,56451.95,56462.75,98503
1789620720000,56459.05,56466.35,56444.75,56446.3,229996
1789620750000,56448.45,56450.85,56429.8,56430.65,419608
1789620780000,56437,56438.2,56419.35,56424.7,235293
1789620810000,56426.25,56429.1,56401.4,56402.4,323705
1789620840000,56406.6,56420.1,56404.15,56417.4,119239
1789620870000,56417.05,56422.75,56392.8,56399.6,430349
1789620900000,56399.3,56401.85,56389,56390.45,307046
1789620930000,56391.55,56392.6,56382.95,56388.75,244947
1789620960000,56389,56401.7,56388.85,56401.5,173103
1789620990000,56402.35,56405.65,56397.45,56403.95,152084
1789621020000,56404.85,56411.9,56399.8,56408.6,252650
1789621050000,56408.6,56408.6,56395.55,56395.55,141670
1789621080000,56400.55,56405.15,56390.1,56397.85,158756
1789621110000,56399.8,56399.8,56383.05,56389,258279
1789621140000,56389.05,56396.5,56380.9,56391.5,153430
1789621170000,56393.85,56393.85,56384.35,56389.25,198188
1789621200000,56386.5,56394.45,56368.85,56376,213614
1789621230000,56379.8,56393.65,56364.95,56371.5,806500
1789621260000,56369.9,56371.65,56336.75,56339.05,218863
1789621290000,56338.45,56349.65,56326.05,56332.15,217628
1789621320000,56336.4,56346.25,56328.6,56338.35,136941
1789621350000,56341.6,56348.6,56333.35,56336.05,208376
1789621380000,56333.4,56343.45,56332.05,56335.8,141431
1789621410000,56336.6,56338.4,56328,56336.2,209544
1789621440000,56329.5,56336.2,56321.5,56325.15,184345
1789621470000,56325.45,56328.8,56302.4,56305.1,366280
1789621500000,56302.7,56312.2,56287.1,56291.45,337302
1789621530000,56295.35,56326.65,56290.75,56325.7,334082
1789621560000,56324.35,56340.95,56321,56336.7,57161
1789621590000,56338.85,56357.15,56333.75,56353.75,116459
1789621620000,56354.25,56361.65,56340.6,56345.45,115838
1789621650000,56348.35,56350.95,56338.75,56344.25,190874
1789621680000,56338.05,56343.05,56308,56309.2,1189761
1789621710000,56310.5,56315.6,56306.35,56313.75,139894
1789621740000,56314.2,56324.7,56311.65,56321.3,197753
1789621770000,56322.9,56328.55,56319.45,56326.95,57272
1789621800000,56325.9,56330,56314.75,56319.1,216941
1789621830000,56322.75,56333.4,56320.2,56325.8,85223
1789621860000,56327.8,56339.65,56323.6,56328.7,64642
1789621890000,56328.7,56333.4,56323.3,56324.8,83595
1789621920000,56327.2,56327.2,56303.85,56308.95,144689
1789621950000,56311.4,56314.75,56284.1,56293.1,308482
1789621980000,56291.75,56306.1,56290.85,56304.4,133636
1789622010000,56306.5,56308.15,56278.05,56280.1,291378
1789622040000,56280.35,56291.1,56277.75,56285.75,177107
1789622070000,56289.55,56290.85,56280.9,56284.25,226635
1789622100000,56283.3,56283.3,56236.3,56245.15,566578
1789622130000,56246.35,56262.1,56245.7,56255.7,165992
1789622160000,56256.05,56266.95,56254.55,56265.8,336922
1789622190000,56265.8,56281.4,56265.8,56275.7,126929
1789622220000,56276.65,56289.35,56274.8,56284.85,122300
1789622250000,56285.75,56289.7,56281.05,56284.5,98946
1789622280000,56283.75,56285.8,56261,56265.05,316471
1789622310000,56265.05,56268.1,56254.4,56261.7,174544
1789622340000,56260.05,56262.6,56251.2,56256,93032
1789622370000,56254.35,56264.3,56246.3,56253.9,100619
1789622400000,56248.55,56268.45,56248.55,56255.9,206137
1789622430000,56262,56279.25,56256.9,56277.05,94637
1789622460000,56279.4,56281.7,56266.1,56266.95,111094
1789622490000,56268.9,56285.05,56266.75,56278.55,131155
1789622520000,56282.15,56290.8,56271.7,56273,117098
1789622550000,56274.2,56274.2,56259.45,56268.05,89464
1789622580000,56264,56273.6,56258.75,56262.2,256848
1789622610000,56262.65,56272.1,56261.05,56266.45,116223
1789622640000,56265.9,56267.95,56260.5,56265.15,130295
1789622670000,56265.6,56272.95,56263,56272.65,98278
1789622700000,56269.35,56283,56265.45,56266.85,93767
1789622730000,56267.85,56274.45,56261,56266.45,146104
1789622760000,56265.85,56270.25,56260.35,56266.7,124369
1789622790000,56268.45,56273.9,56263.15,56273.35,151866
1789622820000,56272,56293.7,56269.25,56282.9,136095
1789622850000,56288.2,56292.75,56262.4,56266.5,399829
1789622880000,56264.2,56269,56250.9,56257.75,382853
1789622910000,56256.45,56261,56251,56251.85,107406
1789622940000,56248.8,56249.8,56233.2,56241.35,547316
1789622970000,56245.85,56248.5,56236.65,56239.6,242916
1789623000000,56238.25,56241.45,56226.25,56230.6,169166
1789623030000,56229.95,56229.95,56197,56203.2,455072
1789623060000,56200.25,56211.6,56182.1,56184.05,709801
1789623090000,56183.15,56186.95,56168.3,56184.2,847632
1789623120000,56185.6,56196.6,56185.6,56187.45,376622
1789623150000,56186.7,56194.75,56172.15,56175.65,192274
1789623180000,56169.35,56170.95,56145.4,56154.6,490089
1789623210000,56152.65,56159.95,56137.45,56150.9,248261
1789623240000,56149.5,56153.45,56142.9,56147.95,386848
1789623270000,56148,56150,56132.1,56136.6,163666
1789623300000,56133.65,56139.35,56116.7,56126.25,2468385
1789623330000,56127.4,56131.5,56111.45,56121.4,527960
1789623360000,56115,56120.9,56107.8,56111.05,517775
1789623390000,56112.4,56114.6,56079.55,56092.95,283143
1789623420000,56094.55,56095.05,56080.05,56082.3,187960
1789623450000,56086.7,56089.5,56073.9,56082.75,898787
1789623480000,56080.6,56080.6,56068.35,56072.35,198005
1789623510000,56074.15,56076.45,56065.55,56070.15,136482
1789623540000,56067.85,56076.25,56056.1,56074.2,187454
1789623570000,56074.1,56081.55,56067,56073.2,235823
1789623600000,56073.95,56082.3,56067.1,56072.3,243279
1789623630000,56071.9,56075.1,56057.3,56060.4,162709
1789623660000,56060.95,56078.05,56055.45,56075.9,208279
1789623690000,56078.45,56082.6,56069.75,56073.1,213471
1789623720000,56071.4,56087.05,56068.85,56087,406922
1789623750000,56088.1,56099.8,56083.95,56096,179529
1789623780000,56097.75,56107.65,56097.4,56105.05,151198
1789623810000,56105,56117.2,56103.95,56108.85,259646
1789623840000,56110.2,56123.35,56108.3,56112.5,402043
1789623870000,56117.15,56117.15,56097.8,56099.35,211726
1789623900000,56102.95,56113.25,56095.3,56104.9,151843
1789623930000,56106.05,56108.4,56097.85,56106.95,124060
1789623960000,56109.85,56109.85,56084.35,56085.05,219914
1789623990000,56089.9,56094.3,56081.25,56090.3,218652
1789624020000,56090.25,56097.75,56083.7,56093.45,143100
1789624050000,56097.2,56109.65,56091.1,56108.35,95933
1789624080000,56105.5,56121.1,56103,56116.15,560372
1789624110000,56119.4,56133.65,56114.95,56133,120947
1789624140000,56132.35,56140.3,56127.65,56134.65,276354
1789624170000,56136.9,56143.35,56132.75,56138.65,67468
1789624200000,56142.5,56146.75,56134.75,56136.2,125076
1789624230000,56137.75,56150.95,56135.65,56148.65,212279
1789624260000,56148.55,56163.7,56145.95,56159.35,120511
1789624290000,56162.25,56167.2,56149.15,56151.5,109397
1789624320000,56148.5,56148.85,56113.3,56113.3,728419
1789624350000,56116.25,56117.95,56106,56108.15,198276
1789624380000,56110.2,56111.85,56096.85,56099.95,479335
1789624410000,56102.35,56104.6,56095.65,56101.85,182560
1789624440000,56102.45,56107.45,56098.7,56102.8,72309
1789624470000,56105.05,56107.25,56095.55,56099,112719
1789624500000,56100.6,56108.45,56098.8,56101.95,113603
1789624530000,56107.35,56107.35,56095.8,56098.6,213380
1789624560000,56098.75,56106.8,56097.4,56100,62362
1789624590000,56102.8,56109.4,56096.7,56099.45,120643
1789624620000,56099.85,56102.1,56086.55,56091.75,91610
1789624650000,56092.5,56098.4,56086.3,56091.6,280220
1789624680000,56091.25,56108.25,56088.45,56105.45,160240
1789624710000,56104.5,56106.6,56091.5,56095.45,196162
1789624740000,56097.25,56101.8,56093.95,56096.6,85725
1789624770000,56097.8,56106.2,56092.25,56104.85,213812
1789624800000,56105.55,56108.25,56082.5,56082.5,158879
1789624830000,56085.9,56085.9,56067.4,56082.6,244940
1789624860000,56080.9,56098.7,56076.1,56086.55,87794
1789624890000,56089.85,56097.3,56082.1,56085.65,54964
1789624920000,56085.5,56102.5,56079.6,56088.25,105567
1789624950000,56091.9,56118,56090.45,56113.25,238494
1789624980000,56115.35,56128.75,56099.55,56109.6,425317
1789625010000,56113.45,56114.85,56102.4,56105.7,365595
1789625040000,56109.55,56113.65,56102.3,56112.85,70205
1789625070000,56112.75,56117,56107.6,56109.55,249929
1789625100000,56112.2,56116.35,56088.55,56092.3,204069
1789625130000,56093.75,56100.8,56089.9,56098.8,139768
1789625160000,56097.7,56116.8,56095.8,56116.3,321922
1789625190000,56115.65,56126.6,56114.45,56124.6,222185
1789625220000,56123.2,56137.9,56118.55,56123.8,386057
1789625250000,56125.85,56137.35,56123.15,56132,264561
1789625280000,56133.6,56140.45,56125.8,56134.6,197230
1789625310000,56141.35,56148.45,56134.2,56139.35,1651631
1789625340000,56142.25,56147.75,56138,56146.9,558874
1789625370000,56148.2,56155.25,56144.05,56152.05,255923
1789625400000,56153.55,56153.55,56142.25,56146.7,357545
1789625430000,56146.25,56152,56143.4,56151.25,243956
1789625460000,56151.95,56151.95,56137.75,56142.35,217897
1789625490000,56142.5,56151.7,56139.1,56145.5,179245
1789625520000,56145.95,56157.25,56143.05,56154,93537
1789625550000,56157.2,56169.5,56151.8,56169.5,168170
1789625580000,56170.7,56181.2,56167.2,56174.7,472223
1789625610000,56176.1,56200.85,56175.8,56195.95,348458
1789625640000,56191.45,56202.25,56185.75,56200,577275
1789625670000,56199.75,56207.75,56194.2,56203.95,499528
1789625700000,56202.7,56221.2,56191.6,56220.1,702862
1789625730000,56221.65,56221.65,56182.6,56187.25,421437
1789625760000,56187.75,56189.8,56179.75,56183.8,91440
1789625790000,56187.75,56190,56166.35,56174.95,466727
1789625820000,56173.05,56173.35,56157,56161.5,225102
1789625850000,56162.55,56169.85,56158.85,56169.65,79028
1789625880000,56166.4,56179.6,56163.45,56163.45,61262
1789625910000,56166.55,56171.65,56157.9,56163.7,138084
1789625940000,56165.5,56169.85,56162.05,56162.7,60259
1789625970000,56162.3,56167,56158.45,56160.6,117639
1789626000000,56158.15,56159.75,56146.85,56155.55,128597
1789626030000,56157.6,56162.45,56150.9,56158.1,206217
1789626060000,56156.05,56172.4,56156.05,56168.7,203677
1789626090000,56168.55,56182.75,56168.55,56177.9,203814
1789626120000,56177.45,56201.95,56177.45,56199.5,181222
1789626150000,56202.6,56220.65,56202.6,56214,176543
1789626180000,56213.55,56215.65,56187.3,56189.2,129782
1789626210000,56194.05,56194.05,56156.35,56167.4,440740
1789626240000,56160.95,56169.85,56157.1,56166,163835
1789626270000,56169.1,56186.9,56163.15,56186.25,112352
1789626300000,56184.25,56194.3,56181.1,56184.2,127536
1789626330000,56184.45,56195.7,56182.6,56191.65,126052
1789626360000,56190.45,56211.95,56190.45,56205.4,1065343
1789626390000,56204.75,56224,56204.75,56224,525371
1789626420000,56222.25,56229.7,56217.25,56217.25,335444
1789626450000,56219.4,56238.05,56217.35,56235,240948
1789626480000,56234.75,56240.5,56219.8,56225.35,202026
1789626510000,56229.15,56236.85,56223.2,56232.9,100110
1789626540000,56233.2,56235.15,56221.85,56224.75,156394
1789626570000,56225.75,56258.15,56223.25,56257.1,262370
1789626600000,56258.1,56273.65,56255.8,56269.85,142891
1789626630000,56271.9,56277,56259.25,56264.75,181125
1789626660000,56268.4,56268.4,56248.05,56265.05,424698
1789626690000,56266.6,56266.6,56238.8,56242.05,313329
1789626720000,56247.5,56247.5,56236.1,56240.25,358642
1789626750000,56248.3,56257.55,56241.8,56248.7,254830
1789626780000,56248.1,56250.4,56237.1,56239.05,249017
1789626810000,56243.85,56243.85,56225.1,56228.9,185022
1789626840000,56231.05,56238.8,56223.9,56228.6,283079
1789626870000,56233.7,56240.1,56229,56233.9,119990
1789626900000,56232.75,56234.4,56222.3,56225.8,129539
1789626930000,56227.85,56238.9,56222.3,56236.3,419530
1789626960000,56236.35,56267.15,56234.45,56262.8,348838
1789626990000,56264.9,56276.1,56260.85,56273,214346
1789627020000,56274.75,56332.95,56274.75,56331.9,530985
1789627050000,56334,56334.55,56319.95,56333.45,126070
1789627080000,56330.5,56340.25,56326.4,56335.35,200095
1789627110000,56337.25,56347.35,56334.75,56346.1,191916
1789627140000,56345.95,56351.65,56339.05,56350.9,85813
1789627170000,56351.6,56351.6,56336.75,56346.1,200323
1789627200000,56347.8,56353.75,56341.65,56345.6,230343
1789627230000,56345.65,56360.45,56343.1,56354.3,165314
1789627260000,56358.1,56358.85,56337.75,56351.9,374581
1789627290000,56354.1,56361.85,56345.7,56357.95,187602
1789627320000,56357.95,56361.5,56341.45,56343.5,195297
1789627350000,56348.3,56359.55,56345,56350.05,251718
1789627380000,56350.2,56359.85,56346.55,56354.75,123304
1789627410000,56355.85,56369.35,56340.75,56367.95,191950
1789627440000,56369.85,56387,56363.75,56381.95,398205
1789627470000,56384,56385.8,56353.8,56357.25,144455
1789627500000,56367.65,56378.2,56356.7,56366.35,163746
1789627530000,56363.3,56370.35,56352.15,56368.95,276237
1789627560000,56365.55,56370.85,56363.2,56364.85,110623
1789627590000,56366.7,56379.8,56365,56379.7,94828
1789627620000,56379.7,56391.55,56374.45,56384.9,367361
1789627650000,56389,56389.75,56376.95,56384.75,148994
1789627680000,56384.75,56391.65,56377.1,56386.8,228478
1789627710000,56389.55,56397.25,56377.1,56385.8,185869
1789627740000,56382.85,56386.45,56371.4,56382,187906
1789627770000,56380.1,56382.4,56371.4,56373.15,153263
1789627800000,56375.35,56378.45,56364.3,56366.1,135664
1789627830000,56367.9,56375.05,56364.35,56369.8,173578
1789627860000,56369.8,56375.75,56362.05,56371.4,217602
1789627890000,56372.25,56372.25,56358.7,56361.5,107919
1789627920000,56361.65,56366.7,56354.7,56355.75,243084
1789627950000,56355.9,56375.75,56354.8,56374.55,139399
1789627980000,56374.55,56402.4,56374,56391.4,441055
1789628010000,56395.5,56404.55,56388.65,56392.15,150487
1789628040000,56394.15,56395.25,56369.1,56371.45,172116
1789628070000,56368.2,56380.15,56364.9,56370.6,230277
1789628100000,56370,56372.05,56354.95,56360.4,250947
1789628130000,56360.3,56368.4,56348.05,56352.6,214197
1789628160000,56348.8,56355.7,56331.9,56331.9,443447
1789628190000,56337.9,56340.4,56326.75,56328.5,325931
1789628220000,56330.3,56330.3,56310.9,56316.15,199239
1789628250000,56320,56323.55,56312.2,56314.35,87723
1789628280000,56321.5,56321.5,56301.7,56314,369567
1789628310000,56316.9,56323.4,56309.4,56316.8,117513
1789628340000,56320.1,56321.7,56310.55,56318.95,179343
1789628370000,56325.6,56329.55,56317.25,56321.9,192347
1789628400000,56319.45,56324.35,56308.8,56315.15,85156
1789628430000,56316.7,56323.35,56313.25,56317.3,89664
1789628460000,56318.9,56321.3,56302.4,56307.7,280518
1789628490000,56308.3,56318.4,56304.05,56314.95,137255
1789628520000,56313.8,56322.4,56309.65,56321.55,59931
1789628550000,56325.3,56325.3,56315.15,56320.9,169655
1789628580000,56317.9,56328.5,56317.1,56323.95,97681
1789628610000,56328.45,56343,56324.45,56341.25,162030
1789628640000,56340.3,56343.7,56335.6,56339.3,56946
1789628670000,56340.85,56342,56331.35,56336.55,64074
1789628700000,56336.55,56354.9,56332.15,56352,118952
1789628730000,56355.25,56363.25,56349.15,56359.45,108222
1789628760000,56359,56365.3,56352.05,56355.5,123180
1789628790000,56353.9,56367.35,56353.45,56363.25,117721
1789628820000,56361.85,56372.7,56357.7,56364.25,110916
1789628850000,56369.15,56377,56366.45,56368.3,64403
1789628880000,56371.25,56381.6,56369,56373.8,66371
1789628910000,56377.25,56380.15,56371.7,56374.4,122790
1789628940000,56373.75,56379.4,56372.35,56372.35,67876
1789628970000,56373.05,56373.05,56362.6,56369.4,199504
1789629000000,56369.15,56381.4,56368.8,56369.95,130093
1789629030000,56367,56375.45,56367,56369.5,54301
1789629060000,56369.5,56378.7,56368.2,56374.75,116742
1789629090000,56375.05,56382.7,56369.25,56373.7,112338
1789629120000,56372.6,56383.7,56370.95,56375.75,204765
1789629150000,56382.5,56382.5,56369.45,56380.8,77312
1789629180000,56379.75,56382.05,56370.8,56372.9,258967
1789629210000,56376.85,56379.1,56365.95,56369.7,120642
1789629240000,56367.9,56368.75,56340.05,56340.05,260862
1789629270000,56341.1,56350.35,56326.9,56335.95,381903
1789629300000,56334.65,56342.3,56327.55,56332.35,103661
1789629330000,56334.05,56340.25,56328.7,56338.1,69161
1789629360000,56333.4,56344,56330.5,56344,99055
1789629390000,56340.15,56348.8,56335.4,56337.2,75425
1789629420000,56339,56341.7,56325.9,56328.45,88783
1789629450000,56329,56331.9,56316.15,56319.35,147261
1789629480000,56320.9,56321.7,56311.55,56312.9,130855
1789629510000,56312.85,56316.4,56305.9,56313.5,100260
1789629540000,56313.65,56313.65,56298.65,56307.6,89511
1789629570000,56308.6,56308.6,56298.2,56301.6,146877
1789629600000,56304.2,56308.05,56298.95,56303.5,68811
1789629630000,56304.35,56315,56297.15,56312.85,130140
1789629660000,56315.6,56319,56308.55,56312.25,129856
1789629690000,56315.35,56315.95,56282,56293.15,475794
1789629720000,56293.5,56307.95,56289.95,56306.2,92221
1789629750000,56306.3,56307.4,56289.2,56296.9,181009
1789629780000,56294.1,56308.95,56290.35,56304.1,135827
1789629810000,56304.2,56317.45,56297,56306.7,150825
1789629840000,56310.85,56325.8,56300.65,56318.95,180893
1789629870000,56321.25,56321.25,56289.3,56295.4,123142
1789629900000,56292.2,56297.4,56280.7,56282.15,147744
1789629930000,56283.45,56290,56280.2,56289.3,64467
1789629960000,56286.4,56295.55,56284.65,56284.8,66731
1789629990000,56285.75,56291.5,56281.2,56284.45,75384
1789630020000,56282,56289.15,56280.9,56288,414439
1789630050000,56288.6,56303.75,56282.45,56302.65,169820
1789630080000,56301.1,56313.45,56300.3,56310.05,150240
1789630110000,56310.85,56313,56298.7,56300.15,92258
1789630140000,56296.05,56303.9,56293.45,56301.1,151605
1789630170000,56300.3,56306.55,56298.5,56302.45,111768
1789630200000,56301.75,56310.5,56296.9,56300.4,105700
1789630230000,56304.3,56314.95,56295.6,56312,77629
1789630260000,56310.85,56320.25,56304.65,56316.6,73911
1789630290000,56320.35,56320.35,56296.1,56302,174874
1789630320000,56301.4,56307.25,56293.25,56293.8,181081
1789630350000,56296,56306.65,56292.95,56304.4,64253
1789630380000,56300.85,56309.95,56300.3,56304.9,113368
1789630410000,56304.25,56308.75,56291.85,56294.7,145602
1789630440000,56297.6,56302,56283.6,56283.6,86027
1789630470000,56286.65,56294.65,56280.95,56292.5,912549
1789630500000,56290.75,56294.55,56286.8,56291.45,93046
1789630530000,56292.2,56297.8,56287.75,56292.2,76128
1789630560000,56290.05,56294.6,56270.45,56270.45,108275
1789630590000,56273.15,56275.6,56264.35,56264.65,62652
1789630620000,56262.15,56272.2,56258.45,56263.3,78116
1789630650000,56264.25,56265.45,56249.5,56257.65,96504
1789630680000,56257.35,56262.75,56253.85,56262.75,86900
1789630710000,56264.6,56273.3,56258.4,56269.9,79909
1789630740000,56271.4,56277.3,56267.5,56274.6,74659
1789630770000,56275.3,56295.15,56273.45,56290.55,347829
1789630800000,56291.7,56298.3,56280.15,56282,176356
1789630830000,56281.6,56288.1,56278.25,56280.95,105149
1789630860000,56281.85,56289,56279.8,56283.05,51434
1789630890000,56284.25,56291.05,56280.9,56283.3,63660
1789630920000,56288.15,56291.7,56276.4,56277.15,61741
1789630950000,56281.15,56284.5,56273.35,56278,82864
1789630980000,56280.65,56280.65,56263.8,56267.5,171094
1789631010000,56267.9,56270.05,56253.8,56264.75,389876
1789631040000,56265.7,56267.7,56250.75,56250.75,173472
1789631070000,56256.2,56257.55,56235.6,56238.5,828216
1789631100000,56236.5,56240.5,56219,56221.2,128599
1789631130000,56226.5,56226.95,56202.6,56208.4,93503
1789631160000,56208.5,56222.85,56208.5,56220.25,98573
1789631190000,56220.5,56246.7,56217,56245.4,147575
1789631220000,56247.15,56248,56223.05,56227.85,101920
1789631250000,56227.15,56231.9,56220.35,56225.8,63858
1789631280000,56228.35,56236.85,56225.35,56231.65,78448
1789631310000,56234.2,56241.7,56227.55,56240.55,127275
1789631340000,56243,56246.65,56229.75,56246.05,178921
1789631370000,56247.75,56249.2,56239.55,56241.2,87629
1789631400000,56241.95,56242.2,56227.35,56235.2,146638
1789631430000,56236.15,56243,56233.55,56240.7,389179
1789631460000,56238,56249.95,56238,56249.1,77853
1789631490000,56250.15,56253,56240.45,56240.8,104818
1789631520000,56241.6,56248.65,56233.45,56236.25,64070
1789631550000,56235,56236.5,56207.3,56212.5,273144
1789631580000,56209.7,56213.05,56195.65,56205.5,242545
1789631610000,56209.95,56209.95,56199.55,56207.25,132127
1789631640000,56205.75,56210.5,56199.9,56210.5,89218
1789631670000,56211.7,56213.9,56197.55,56199,309371
1789631700000,56202.5,56206.4,56179.85,56188.25,231676
1789631730000,56185.1,56185.55,56173.7,56175.15,188854
1789631760000,56173.4,56182.85,56170.95,56174.15,130005
1789631790000,56173.45,56183.25,56161.7,56162.9,99550
1789631820000,56161.8,56171.65,56135.9,56141.8,160624
1789631850000,56143.3,56143.75,56115.25,56115.25,262461
1789631880000,56110.65,56129.35,56098.25,56125.75,582141
1789631910000,56131.15,56153.5,56123.25,56126.4,239441
1789631940000,56123.55,56137.75,56122.3,56124.45,311321
1789631970000,56126.15,56137.65,56114.55,56114.8,319001
1789632000000,56112.2,56118.5,56085.25,56091.8,747608
1789632030000,56093.4,56101.25,56086.4,56093.5,343647
1789632060000,56094.55,56107.1,56093.2,56104.3,92177
1789632090000,56106.35,56110.95,56094.55,56101.9,131811
1789632120000,56104.45,56108.2,56089.5,56104.2,524802
1789632150000,56106.15,56115.7,56095.15,56104.95,294836
1789632180000,56103.5,56109.3,56074.9,56079.15,371898
1789632210000,56079.75,56084.3,56071.45,56076.8,281394
1789632240000,56080.35,56080.35,56065.25,56071.1,332310
1789632270000,56071.95,56087.65,56065.3,56074.25,279610
1789632300000,56072.85,56075.45,56041.05,56058.1,593067
1789632330000,56058.95,56075.8,56058.95,56066.95,173150
1789632360000,56070.25,56071.7,56038.5,56057.45,260054
1789632390000,56061.1,56062.15,56041.8,56054.55,156650
1789632420000,56056.1,56066,56048.45,56064.25,240239
1789632450000,56063.15,56072.4,56062.85,56066.4,128358
1789632480000,56066,56068.5,56047.25,56056.55,156354
1789632510000,56058.35,56062.65,56054.6,56062.15,72490
1789632540000,56060,56074.5,56058.8,56073.25,109451
1789632570000,56072,56087,56069.25,56078.9,201739
1789632600000,56078.7,56116.85,56078.7,56113.4,542868
1789632630000,56114,56114.3,56099.55,56112.55,235742
1789632660000,56110.45,56133.7,56107.35,56133.45,189364
1789632690000,56135.95,56150.35,56135.75,56145.7,163595
1789632720000,56143.35,56151.8,56112.95,56119.6,211761
1789632750000,56121.95,56121.95,56102.45,56102.45,182875
1789632780000,56104.05,56109.6,56092.75,56104,204246
1789632810000,56107.5,56107.5,56095.05,56099.1,209550
1789632840000,56102.85,56103.3,56084.3,56091.8,224996
1789632870000,56093.35,56093.35,56069.65,56073.85,277809
1789632900000,56076.8,56083.1,56070.65,56077.95,85270
1789632930000,56080.15,56089.9,56073.35,56083.4,110856
1789632960000,56085.3,56093.2,56082.85,56090.4,77232
1789632990000,56093.45,56105.3,56082.5,56098.9,112469
1789633020000,56101.55,56105.3,56086.95,56089.95,281245
1789633050000,56092.6,56102.3,56088.15,56100.45,105046
1789633080000,56097.9,56104.7,56089.35,56091,150418
1789633110000,56095.65,56101.7,56081.25,56085.15,96701
1789633140000,56086.45,56104.5,56083.65,56102.4,70254
1789633170000,56100.65,56104.5,56092.05,56097.95,79323
1789633200000,56097.6,56103.1,56092.5,56096.45,198642
1789633230000,56101.25,56102.95,56092.95,56101.7,73289
1789633260000,56100.4,56108.45,56098.05,56106.3,290213
1789633290000,56107.3,56111.85,56099.15,56110.5,109865
1789633320000,56114.4,56136.6,56111.3,56123.95,694341
1789633350000,56124.85,56128.65,56109.15,56113.3,274575
1789633380000,56114.9,56116.25,56087.8,56098.05,196088
1789633410000,56098.3,56101.7,56085.3,56085.3,233086
1789633440000,56084.3,56091.45,56069,56073.5,213460
1789633470000,56077.25,56095.85,56075.45,56091.2,136869
1789633500000,56096.35,56097.9,56078,56093.3,130028
1789633530000,56093.3,56115.85,56093.3,56111,225281
1789633560000,56112.9,56115.4,56099.8,56106.1,193503
1789633590000,56106.1,56114.65,56101.75,56103.45,150815
1789633620000,56112.35,56117.55,56101.6,56113,62462
1789633650000,56116.25,56124,56106.1,56118.4,113044
1789633680000,56124.95,56127.55,56104.2,56104.9,198022
1789633710000,56104.9,56116,56103.8,56110.8,105911
1789633740000,56112.7,56120.3,56108.4,56112.55,88743
1789633770000,56116.75,56118.95,56100.95,56104.5,202591
1789633800000,56107.8,56117.05,56103.4,56117.05,137812
1789633830000,56116.55,56121.25,56107.1,56110.5,172532
1789633860000,56111.7,56127.5,56109.1,56126.15,113295
1789633890000,56125.05,56135.05,56119.55,56128.7,127967
1789633920000,56127.4,56134.35,56111.6,56112.9,113896
1789633950000,56110.2,56114.65,56092.25,56095,164787
1789633980000,56096.8,56102.15,56092.25,56101.55,130895
1789634010000,56102.2,56102.7,56095.35,56099.1,57762
1789634040000,56102.05,56114.75,56099.85,56114.1,121975
1789634070000,56114.65,56121.65,56111.3,56113.05,101025
1789634100000,56112.6,56119.55,56110.15,56113.7,164572
1789634130000,56115.5,56122.4,56110.4,56118.4,719090
1789634160000,56118.15,56134.5,56118.15,56127.75,189410
1789634190000,56127.3,56131.75,56113.55,56129.75,165721
1789634220000,56129.2,56147.75,56127.45,56143.9,126518
1789634250000,56146.8,56157.3,56146.1,56151.7,338165
1789634280000,56149.2,56160.5,56149.2,56156.2,106084
1789634310000,56158.55,56159.55,56138.05,56138.3,134252
1789634340000,56140.8,56145.1,56135.55,56139.7,65206
1789634370000,56144.25,56144.25,56132.95,56138.5,151741
1789634400000,56139.8,56155.75,56138.1,56149.7,205486
1789634430000,56152.8,56155.4,56138.9,56145.4,165563
1789634460000,56143.6,56149.95,56129.2,56139.45,203826
1789634490000,56140.55,56141,56124.55,56128.55,120687
1789634520000,56128.5,56137.95,56125,56133.3,125590
1789634550000,56132.55,56137.55,56125.85,56130.1,95952
1789634580000,56131.15,56135.5,56124.55,56128.5,117315
1789634610000,56128.15,56135.4,56127.3,56130,71868
1789634640000,56128.85,56138.6,56128.85,56135.5,88720
1789634670000,56135.5,56138.1,56124.55,56124.55,121860
1789634700000,56123.7,56129.15,56118.15,56120.95,137208
1789634730000,56121.45,56124.5,56109.6,56109.6,119467
1789634760000,56106.7,56113.2,56102.2,56104.95,128151
1789634790000,56103.05,56106.25,56099.55,56104.8,158399
1789634820000,56102.95,56107.7,56099.45,56101.2,122379
1789634850000,56105.45,56106.85,56093.25,56105.2,137070
1789634880000,56104.35,56111.85,56103.9,56110.6,71859
1789634910000,56109.25,56121.75,56106.95,56116.3,125965
1789634940000,56115.7,56128.15,56112.6,56127.3,413271
1789634970000,56133.15,56140.75,56120.35,56120.35,147201
1789635000000,56117.55,56128.85,56117.55,56120.05,142713
1789635030000,56124.7,56129.55,56119.65,56125.05,154554
1789635060000,56126.55,56135.25,56124.35,56134.45,119274
1789635090000,56134.4,56142.3,56131.3,56139.9,78981
1789635120000,56137.95,56152.15,56137.95,56150.15,110236
1789635150000,56148.95,56151.45,56137.65,56140.55,121657
1789635180000,56142.25,56152.05,56142.05,56147.8,184304
1789635210000,56146.45,56151.9,56143.75,56146.15,176339
1789635240000,56148.15,56152.7,56144.2,56150.1,89084
1789635270000,56151.45,56153.3,56143.5,56147.1,60330
1789635300000,56150.9,56150.9,56130.75,56136.9,211134
1789635330000,56132.95,56136.35,56122.25,56124.75,96426
1789635360000,56122.25,56125.6,56110.45,56120.4,143411
1789635390000,56118.4,56126.35,56116.25,56117.65,97822
1789635420000,56117.95,56128.85,56115.45,56117.7,123535
1789635450000,56115.5,56123.55,56112.5,56117.4,73235
1789635480000,56114.95,56120.65,56105.85,56110.4,178662
1789635510000,56106,56115.8,56101.65,56105.8,195173
1789635540000,56102.6,56133.25,56102.6,56131.2,441698
1789635570000,56132.4,56151.05,56131.6,56149.7,519506
1789635600000,56148.45,56166.3,56140.7,56146.2,908615
1789635630000,56140.35,56158.6,56140,56158.6,241631
1789635660000,56153.35,56161.55,56147.85,56157.75,154070
1789635690000,56151.75,56160.65,56144.9,56155.9,113769
1789635720000,56147,56153.3,56140.75,56145.85,103859
1789635750000,56139.85,56147.1,56136,56138.2,136291
1789635780000,56140.45,56152.35,56127.3,56149.05,212453
1789635810000,56144.6,56150.5,56139.7,56143.05,61151
1789635840000,56142.6,56146.95,56125.35,56128.75,122328
1789635870000,56130.95,56136.5,56126,56132.65,189894
1789635900000,56132.55,56139.6,56129.2,56137.7,185621
1789635930000,56131.8,56144,56130.5,56141.95,113731
1789635960000,56139.45,56152.65,56139.45,56146.3,142937
1789635990000,56141.45,56149.8,56137.35,56141.1,101896
1789636020000,56140.1,56152.05,56139.55,56147.35,101136
1789636050000,56145.85,56215.15,56138.9,56198.25,1527253
1789636080000,56190.05,56199.95,56168.95,56177.6,253999
1789636110000,56170.9,56180.3,56157.85,56162.6,398228
1789636140000,56159.2,56171.2,56154.05,56168.9,139534
1789636170000,56168.4,56175.6,56164.15,56164.3,107273
1789636200000,56166.85,56168.55,56150.25,56151.95,90417
1789636230000,56153.6,56158.3,56139.4,56155.05,198274
1789636260000,56153.9,56164.9,56153.4,56159.15,99863
1789636290000,56157.25,56162.9,56150.4,56153.65,136294
1789636320000,56152.05,56160.65,56142.1,56149.5,156596
1789636350000,56149.7,56152.45,56129.6,56130.85,264211
1789636380000,56132.35,56135.15,56122.2,56125.95,164020
1789636410000,56125,56134.75,56121.55,56130.25,154541
1789636440000,56127.5,56131.35,56112.3,56122.75,400064
1789636470000,56119.45,56125.45,56115.75,56119.8,124149
1789636500000,56120.05,56126.75,56114.85,56120.75,160515
1789636530000,56118.85,56129.55,56116.15,56119.85,131167
1789636560000,56117.65,56125.7,56107.25,56107.25,203370
1789636590000,56106.65,56112.05,56098.4,56106.4,243843
1789636620000,56105.6,56118.2,56105.6,56107.3,166916
1789636650000,56106.85,56109.7,56097.9,56097.9,168732
1789636680000,56096.7,56110,56095.45,56103.75,427920
1789636710000,56104.4,56115.35,56102.85,56108.85,233547
1789636740000,56108.05,56110.05,56093.05,56100.75,269047
1789636770000,56101.4,56104.45,56094.95,56101.45,93135
1789636800000,56102.25,56113.65,56093.15,56107.25,213608
1789636830000,56109.1,56110.55,56099.55,56104.65,176008
1789636860000,56111.7,56112.5,56096.85,56101.45,267989
1789636890000,56098.5,56101.05,56093.35,56096.15,177086
1789636920000,56094.25,56099.05,56092.1,56094.95,253913
1789636950000,56096.55,56103.5,56092.35,56096.15,226943
1789636980000,56097.5,56109.15,56092.95,56106.2,315619
1789637010000,56108.9,56108.9,56097.35,56101.9,347430
1789637040000,56101.45,56106.1,56089.05,56095.45,190195
1789637070000,56088.65,56101.05,56086.65,56098.85,231733
1789637100000,56094.8,56104.15,56083.65,56088.7,275256
1789637130000,56081,56088.6,56079.3,56079.8,314621
1789637160000,56078.9,56088.05,56077.15,56082.75,286107
1789637190000,56083.5,56096.8,56080.05,56089.2,510857
1789637220000,56088,56094.2,56085.15,56091.45,242119
1789637250000,56090.55,56103.3,56088.45,56098.4,183246
1789637280000,56095.9,56101.8,56086.9,56098,498504
1789637310000,56097.3,56103.55,56092.35,56098.05,206675
1789637340000,56093.6,56098.45,56085.4,56097.75,277523
1789637370000,56094.9,56100.55,56090.25,56090.55,212288
1789637400000,56088,56089.5,56076.8,56080.5,513887
1789637430000,56079.3,56097.4,56075.35,56097.4,585659
1789637460000,56093.8,56105.2,56091.35,56104.65,404607
1789637490000,56104.75,56110.65,56103.75,56106.6,255559
1789637520000,56106.95,56108.05,56100.95,56103.3,226375
1789637550000,56104.05,56110.2,56102.2,56105.7,270197
1789637580000,56101.55,56114.95,56100.7,56113.95,398832
1789637610000,56105.1,56113.15,56102.55,56105.95,405241
1789637640000,56105.8,56112.9,56101.2,56107.9,389231
1789637670000,56107.2,56109.9,56096.45,56097.4,443046
1789637700000,56097.95,56106.7,56095.6,56104.4,577417
1789637730000,56107.15,56110.55,56102.55,56105.9,405448
1789637760000,56107.15,56111.05,56099,56105.35,547397
1789637790000,56109.45,56113.85,56103.9,56110.65,324039
1789637820000,56114.2,56128.75,56112,56126.95,519841
1789637850000,56128.15,56131.25,56117.2,56119.85,411761
1789637880000,56119.9,56125.5,56115.05,56121.55,312863
1789637910000,56122.8,56134.55,56119.35,56127.05,287657
1789637940000,56128.8,56131.05,56120.7,56120.7,615837
1789637970000,56121.1,56125.25,56113.7,56119.5,319561
1789638000000,56121.7,56123.4,56109,56116.55,711591
1789638030000,56117.9,56121,56113.4,56116.25,444902
1789638060000,56118.05,56118.05,56102.75,56106,375089
1789638090000,56110.4,56115.95,56106.2,56115.9,471575
1789638120000,56114.55,56136.7,56106.3,56120.7,1625304
1789638150000,56121.15,56126.25,56092.2,56095,1196751
1789638180000,56100.2,56117.65,56089.5,56116.05,1072417
1789638210000,56115.7,56122.5,56104.15,56116,771523
1789638240000,56112.7,56142.15,56105.6,56142.15,535232
1789638270000,56129.55,56147.85,56110.15,56141.15,1021570
1789638300000,56137.45,56137.45,56137.45,56137.45,58174
1789638330000,56137.45,56137.45,56137.45,56137.45,0
1789638360000,56137.45,56137.45,56137.45,56137.45,0
1789638390000,56137.45,56137.45,56137.45,56137.45,0
1789638420000,56137.45,56137.45,56137.45,56137.45,0
1789638450000,56137.45,56137.45,56137.45,56137.45,0
1789638480000,56137.45,56137.45,56137.45,56137.45,0
1789638510000,56137.45,56137.45,56137.45,56137.45,0
1789638540000,56137.45,56137.45,56137.45,56137.45,0
1789638570000,56137.45,56137.45,56137.45,56137.45,0
1789638600000,56137.45,56137.45,56137.45,56137.45,0
1789638630000,56137.45,56137.45,56137.45,56137.45,0
1789638660000,56137.45,56137.45,56137.45,56137.45,0
1789638690000,56137.45,56137.45,56137.45,56137.45,0
1789638720000,56137.45,56137.45,56137.45,56137.45,0
1789638750000,56137.45,56137.45,56137.45,56137.45,0
1789638780000,56137.45,56137.45,56137.45,56137.45,0
1789638810000,56137.45,56137.45,56137.45,56137.45,0
1789638840000,56137.45,56137.45,56137.45,56137.45,0
1789638870000,56137.45,56137.45,56137.45,56137.45,0
1789638900000,56137.45,56137.45,56137.45,56137.45,0
1789638930000,56137.45,56137.45,56137.45,56137.45,0
1789638960000,56137.45,56137.45,56137.45,56137.45,0
1789638990000,56137.45,56137.45,56137.45,56137.45,0
1789639020000,56137.45,56137.45,56137.45,56137.45,0
1789639050000,56137.45,56137.45,56137.45,56137.45,0
1789639080000,56137.45,56137.45,56137.45,56137.45,0
1789639110000,56137.45,56137.45,56055.75,56055.75,3515295
1789639140000,56055.75,56055.75,56055.75,56055.75,0
1789639170000,56055.75,56055.75,56055.75,56055.75,0
1789703100000,56172.85,56324.2,56145.55,56291.7,1687656
1789703130000,56283.65,56289.3,56244.8,56264.65,786271
1789703160000,56258.4,56296.15,56242.3,56251.5,1087153
1789703190000,56252.25,56282.6,56246.65,56281.65,778453
1789703220000,56279.05,56317.15,56275.75,56312.65,594324
1789703250000,56312.9,56326.95,56300.7,56323.15,572371
1789703280000,56317.1,56324.25,56282.2,56282.2,627564
1789703310000,56282.3,56284.05,56240.9,56247.5,409777
1789703340000,56246.2,56252.7,56225.1,56248.9,405963
1789703370000,56246.8,56254.7,56236.65,56239.25,355192
1789703400000,56235.75,56243.65,56198.4,56205.1,264386
1789703430000,56201.15,56204.55,56173.6,56193.4,342685
1789703460000,56190.25,56194.3,56178.2,56180.65,151967
1789703490000,56180.4,56183.2,56168.05,56180.4,338546
1789703520000,56180.55,56213.65,56178.05,56200.3,219946
1789703550000,56204,56206.9,56168.45,56169.75,486065
1789703580000,56170.35,56179.9,56161.65,56169.9,340904
1789703610000,56170.4,56205.05,56169,56204.6,201726
1789703640000,56199,56203.6,56187,56200.95,285802
1789703670000,56200.15,56216,56200.15,56200.7,146865
1789703700000,56198.2,56204.75,56192,56196.8,162305
1789703730000,56196.45,56206.8,56187.95,56203.8,140814
1789703760000,56200.4,56206.25,56188.1,56197.55,329728
1789703790000,56197.5,56201.7,56181.65,56188.85,244469
1789703820000,56185.3,56190.6,56159.65,56164.75,160753
1789703850000,56164.2,56171.85,56159.75,56166.15,128301
1789703880000,56165.45,56165.45,56147.8,56159.15,293681
1789703910000,56158.75,56176.25,56156.6,56167.55,486667
1789703940000,56166.5,56178.7,56158.8,56178,244489
1789703970000,56178.1,56194.7,56173.9,56182.3,237715
1789704000000,56181.05,56185.35,56154.45,56156.7,836579
1789704030000,56156.45,56163.2,56141.15,56155.15,272584
1789704060000,56152.5,56182.15,56135.95,56181.85,337368
1789704090000,56182.35,56188.15,56165.25,56183.4,214049
1789704120000,56182.35,56185.1,56167.9,56172.75,113883
1789704150000,56171.05,56182,56168.45,56174.25,301164
1789704180000,56174.95,56179.1,56146.75,56156,133918
1789704210000,56156.25,56187.7,56152.2,56183.1,562101
1789704240000,56179.65,56191.75,56169.5,56174.55,163937
1789704270000,56174.15,56176.85,56153.65,56153.65,1967825
1789704300000,56153.9,56159.5,56146.8,56148.45,280573
1789704330000,56155.05,56181.1,56145.25,56179.95,258717
1789704360000,56179.9,56215,56178.95,56211.25,206187
1789704390000,56211.2,56231,56203.95,56221.85,192223
1789704420000,56220.75,56222.45,56203.65,56210.7,266714
1789704450000,56208.55,56220.9,56200.05,56220.9,165773
1789704480000,56219.85,56241.3,56219.2,56236.4,154693
1789704510000,56236.85,56239.65,56218,56220.15,285841
1789704540000,56219.1,56229,56207.65,56228.9,365366
1789704570000,56231.55,56251.75,56231.55,56240,187254
1789704600000,56236.15,56240.4,56213.95,56216.5,254853
1789704630000,56216.7,56221.65,56207.15,56212.95,154652
1789704660000,56210.05,56213.2,56190.8,56192.55,246170
1789704690000,56194.45,56208.85,56190.95,56202.55,118719
1789704720000,56196.9,56207.6,56194.3,56202.55,99272
1789704750000,56202.85,56206.75,56193.6,56195.6,124661
1789704780000,56191,56206.35,56188.9,56198.15,72302
1789704810000,56195.7,56195.7,56168.7,56178.3,267100
1789704840000,56177,56177.2,56164.95,56174.05,74209
1789704870000,56174.75,56190.25,56169.75,56185.25,92497
1789704900000,56183.45,56187,56166.8,56171.5,97895
1789704930000,56169.25,56173.3,56162,56172.55,51720
1789704960000,56168.75,56168.75,56155.1,56156.2,129281
1789704990000,56156.35,56167.15,56154,56167.15,92952
1789705020000,56164.55,56171.25,56160.5,56166.4,101918
1789705050000,56165.8,56170.1,56153,56168.15,106739
1789705080000,56167.85,56185.1,56167.45,56184.55,92661
1789705110000,56181.75,56191.25,56180.1,56190.1,100549
1789705140000,56187.05,56204.3,56187.05,56199.95,131723
1789705170000,56201,56201.3,56178.85,56183.5,437158
1789705200000,56182.95,56192.45,56174.45,56187.3,106839
1789705230000,56186.75,56193,56182.5,56185.5,135075
1789705260000,56182.75,56203,56176.05,56193.15,226724
1789705290000,56192.35,56202.1,56189.45,56198.9,237654
1789705320000,56197.4,56210.6,56195,56209.1,190533
1789705350000,56209.7,56212.25,56195.6,56200.75,198969
1789705380000,56199.2,56217.4,56199.2,56209.45,123916
1789705410000,56211.35,56219.95,56204.4,56213.5,101030
1789705440000,56213.9,56221.45,56213.35,56220.15,72188
1789705470000,56219.45,56231.4,56215.4,56228.6,115016
1789705500000,56227.45,56240.6,56224.95,56231.35,251422
1789705530000,56230.45,56233.6,56216.9,56217.45,121675
1789705560000,56217.85,56217.95,56203.75,56207.6,62821
1789705590000,56207.05,56236.3,56203.45,56232.85,210656
1789705620000,56232.55,56277.3,56230.7,56265.6,252492
1789705650000,56266.6,56266.6,56247.05,56251.3,188461
1789705680000,56252,56257.4,56236.1,56241.4,88149
1789705710000,56240.7,56248.5,56234.2,56240.5,72325
1789705740000,56237.95,56252.1,56231.7,56246.05,111469
1789705770000,56247.65,56247.65,56229.95,56231.95,115772
1789705800000,56232.35,56234.65,56219,56226.9,97798
1789705830000,56226.7,56241.15,56221.15,56238.35,347949
1789705860000,56237.8,56243.85,56233.5,56239.5,90601
1789705890000,56239.25,56243.65,56234.05,56234.45,116418
1789705920000,56232.8,56248,56229.4,56245.75,71866
1789705950000,56245.65,56256.2,56245.65,56247.25,90769
1789705980000,56248.4,56255.6,56237.6,56253.35,263345
1789706010000,56252.2,56252.85,56234.15,56235.6,113773
1789706040000,56237.05,56240.15,56220.35,56227.8,105008
1789706070000,56227.2,56238.05,56223.95,56225.65,248902
1789706100000,56224.8,56244.4,56222.7,56242.85,146978
1789706130000,56243.7,56249.4,56229.7,56232.65,167728
1789706160000,56232.2,56242.5,56226,56235.25,123799
1789706190000,56236.8,56236.8,56198.25,56203.5,283843
1789706220000,56203.6,56207.8,56182.9,56199.3,210222
1789706250000,56199.95,56209.2,56195.9,56205.25,107923
1789706280000,56205.75,56218.35,56205.45,56214.75,85874
1789706310000,56213.8,56230.05,56207.75,56227.75,250549
1789706340000,56226.9,56239.55,56225.75,56235.65,64810
1789706370000,56235.8,56235.8,56209.3,56223.9,207667
1789706400000,56221.3,56245.5,56219.5,56234.5,167083
1789706430000,56233.7,56251.6,56231.8,56249.6,189486
1789706460000,56247.3,56254.35,56242.9,56249.15,186956
1789706490000,56248.9,56253.65,56243.2,56247.25,83643
1789706520000,56246.3,56250.8,56229.7,56241.15,285160
1789706550000,56240.35,56245,56228.65,56232.1,74828
1789706580000,56233,56242.35,56230.45,56241.45,88030
1789706610000,56240.65,56248.85,56233.65,56243.1,167021
1789706640000,56241.3,56249.35,56238.05,56243.35,103681
1789706670000,56242.65,56243.45,56230.75,56234.95,106024
1789706700000,56231.1,56246.65,56231.1,56236.2,81978
1789706730000,56237.15,56240.3,56225.25,56226.65,94920
1789706760000,56227.65,56227.9,56207.6,56211.4,213795
1789706790000,56211.4,56211.4,56193.4,56196.95,159567
1789706820000,56195.75,56201.5,56187.15,56194.45,265370
1789706850000,56193.75,56206.05,56192.6,56201.7,61566
1789706880000,56200.7,56205.5,56195.25,56204.85,78636
1789706910000,56202.05,56206.9,56199.1,56200.1,88921
1789706940000,56199.7,56204.65,56194.5,56196.85,64418
1789706970000,56194.75,56202.45,56191.95,56198.25,88780
1789707000000,56197,56211.25,56194.55,56207.05,121647
1789707030000,56205.35,56211.6,56199.25,56210.15,162607
1789707060000,56207.05,56220.8,56206.1,56208.6,73079
1789707090000,56209.9,56214.25,56198.25,56203.65,64182
1789707120000,56201.1,56207.95,56198.85,56200.75,74007
1789707150000,56200.05,56200.6,56172.5,56187.05,145374
1789707180000,56187.65,56191.65,56181.9,56185.9,57650
1789707210000,56185.2,56188,56178.7,56180.1,55452
1789707240000,56177.15,56183.15,56159.4,56159.4,89447
1789707270000,56157.65,56163,56151.35,56156.6,285841
1789707300000,56153.05,56162.35,56151.3,56162.35,122367
1789707330000,56163.25,56172.2,56157.2,56163.85,111178
1789707360000,56160.35,56164.05,56148.6,56151.4,168337
1789707390000,56148.2,56154.55,56140.75,56151.65,125841
1789707420000,56149.55,56152,56134.15,56141.05,114957
1789707450000,56141.05,56156.75,56136.45,56154.3,98256
1789707480000,56152.7,56172.6,56148.65,56157.35,244070
1789707510000,56157.95,56166,56153.1,56158.1,57374
1789707540000,56154.9,56160.95,56150.15,56156.4,116179
1789707570000,56154.25,56158.6,56147.8,56155.65,149971
1789707600000,56158.9,56169.7,56154.75,56169.25,86751
1789707630000,56168.65,56172.6,56159.9,56169.55,258437
1789707660000,56168.8,56170.4,56159.75,56164.25,143843
1789707690000,56164.95,56168.15,56149.45,56151.8,147927
1789707720000,56150.35,56154.4,56134.1,56137.15,92492
1789707750000,56135.8,56143.85,56133.95,56140.45,128716
1789707780000,56139.85,56152.65,56138.95,56149.2,104582
1789707810000,56148.6,56160.4,56146.75,56152.75,207713
1789707840000,56149.35,56156.95,56149,56151.85,96614
1789707870000,56151.85,56155.55,56146.45,56148.85,74898
1789707900000,56147.7,56152.45,56142.6,56144.2,83581
1789707930000,56143.35,56150,56131.3,56138.95,66247
1789707960000,56140.45,56140.55,56127.75,56140.55,108510
1789707990000,56138.5,56146.6,56134.6,56134.6,103672
1789708020000,56133.35,56142.75,56130.65,56138.95,74861
1789708050000,56138.95,56144.15,56132.3,56142.15,89588
1789708080000,56142.3,56158.4,56139.3,56152.75,168408
1789708110000,56153,56154.7,56136.95,56136.95,81179
1789708140000,56137.2,56146,56136.2,56142.75,55340
1789708170000,56143.4,56143.4,56131.95,56134.15,59129
1789708200000,56132.9,56135.3,56113.95,56119.95,467585
1789708230000,56123.3,56124.6,56109.3,56118.55,78352
1789708260000,56115.55,56119.7,56107.6,56113.2,80513
1789708290000,56112.8,56117.25,56105.25,56113.2,111524
1789708320000,56111.9,56132,56109.8,56119.3,155927
1789708350000,56118.3,56124.05,56113.35,56113.6,81271
1789708380000,56113.9,56123.6,56113.9,56122.4,231315
1789708410000,56120.3,56128.2,56115.85,56121.8,86377
1789708440000,56118.85,56122.1,56110.75,56120.7,148973
1789708470000,56119.25,56130.1,56117.1,56125.7,104582
1789708500000,56120.35,56120.75,56106.85,56111.25,124110
1789708530000,56112.4,56115.1,56105.35,56109.8,107796
1789708560000,56109.95,56115.85,56102.6,56113.35,91280
1789708590000,56112.8,56112.95,56098.45,56101.65,76565
1789708620000,56100.6,56110.3,56098.2,56109.3,78788
1789708650000,56108.95,56116.85,56099,56116.85,101137
1789708680000,56114.65,56123.35,56110.4,56120.9,84114
1789708710000,56120.95,56122.6,56110.1,56115.9,75980
1789708740000,56113.85,56118.1,56109.7,56111.7,137017
1789708770000,56111.7,56119.4,56108.1,56118.7,76996
1789708800000,56115,56125.45,56114.25,56122.8,126557
1789708830000,56122.5,56133.15,56120.8,56130.4,97669
1789708860000,56127.95,56143.8,56125.25,56139.3,101465
1789708890000,56141.35,56143.5,56132.5,56134.75,123666
1789708920000,56132.65,56143.6,56131.05,56136.45,57556
1789708950000,56136.55,56141.55,56129.1,56131.75,62895
1789708980000,56124.5,56134.8,56122.1,56128.5,97577
1789709010000,56128.5,56129.35,56117.65,56123.6,125321
1789709040000,56123.55,56130.35,56120.1,56128.75,69180
1789709070000,56126.15,56129.25,56121.1,56121.5,217607
1789709100000,56120.7,56143.1,56118.6,56140.4,147903
1789709130000,56141,56142.75,56130.4,56130.4,59100
1789709160000,56130.25,56135.4,56120.85,56128.2,101361
1789709190000,56126.95,56138.15,56122.25,56128.8,717704
1789709220000,56127.1,56135.2,56123.35,56129.4,281712
1789709250000,56130.25,56133.65,56121.85,56129.2,252980
1789709280000,56126.15,56130.15,56104.35,56112.55,785180
1789709310000,56112.55,56118.75,56109.9,56110.3,107631
1789709340000,56108.35,56116.2,56103.7,56115.65,118351
1789709370000,56118.4,56118.4,56100.75,56103.15,109013
1789709400000,56101.55,56107.55,56099.45,56106.55,199602
1789709430000,56106.95,56118.35,56105.4,56113.55,130602
1789709460000,56114.9,56123.9,56103.9,56110.15,229456
1789709490000,56111.95,56126.3,56108.9,56112.85,537899
1789709520000,56108.65,56126.8,56100.2,56126.35,198430
1789709550000,56126.6,56139.9,56123.25,56127.45,193273
1789709580000,56126.75,56136.45,56112.15,56117.35,555356
1789709610000,56118.85,56129.15,56112.85,56123.8,223206
1789709640000,56122.45,56137.05,56121.05,56134.8,126022
1789709670000,56135.65,56141,56127.8,56129.45,158840
1789709700000,56127.25,56129.45,56093.25,56100.75,234180
1789709730000,56100.95,56102.75,56093.2,56099.85,242229
1789709760000,56097.5,56105.35,56094.35,56102.5,177338
1789709790000,56103.35,56119.55,56101.6,56108.4,150753
1789709820000,56110.3,56118.7,56101.35,56103.75,129255
1789709850000,56104.45,56109.95,56101.15,56106.5,86989
1789709880000,56102.45,56110.95,56097.95,56100.3,168928
1789709910000,56102.6,56104.4,56089.35,56093.1,190758
1789709940000,56090.65,56104.35,56090.65,56099.6,308926
1789709970000,56100.2,56111.35,56096.15,56106.3,165822
1789710000000,56107.65,56114.45,56103.15,56107.4,133500
1789710030000,56106,56120.7,56099.4,56111.45,179904
1789710060000,56111,56116.55,56103.2,56107.15,183826
1789710090000,56105.45,56112.65,56102.05,56102.9,90005
1789710120000,56104.7,56113,56101.35,56109.6,72284
1789710150000,56112.05,56115.8,56095.05,56100,230583
1789710180000,56098.9,56103.2,56090.05,56091.95,90742
1789710210000,56091.65,56098.25,56087.9,56089.3,132552
1789710240000,56089.25,56098.6,56087.55,56093.95,135464
1789710270000,56092.25,56101.2,56092.25,56097.05,245441
1789710300000,56097.9,56104,56095.5,56101.1,51287
1789710330000,56101.25,56111.8,56097.2,56105.6,386801
1789710360000,56104.65,56112,56100.35,56107.7,214633
1789710390000,56106.3,56111.5,56100.95,56107.25,161854
1789710420000,56103.6,56110.3,56095.6,56105.5,218414
1789710450000,56109.3,56109.3,56086.6,56089.25,803920
1789710480000,56085.85,56088.7,56073.55,56078.5,302924
1789710510000,56078.6,56084.9,56077.05,56080.35,102517
1789710540000,56079.55,56090.55,56078.55,56090.55,660390
1789710570000,56088.4,56091.25,56081.45,56084.9,117870
1789710600000,56084.15,56099.2,56084.05,56095.85,118710
1789710630000,56096.75,56107.55,56093.95,56103.1,108343
1789710660000,56100.65,56115.9,56100.65,56113.2,90528
1789710690000,56114.6,56117.75,56106.75,56113.35,116951
1789710720000,56109.25,56131,56108.45,56126.35,253190
1789710750000,56127.05,56128,56120.7,56124.95,86285
1789710780000,56122.2,56133.5,56121.5,56129.95,212232
1789710810000,56130.55,56133.75,56124.8,56126.7,85787
1789710840000,56125.9,56140.2,56122.45,56134.7,156797
1789710870000,56135.4,56165.85,56129.25,56162.6,497851
1789710900000,56162.45,56164.95,56146.45,56146.5,184145
1789710930000,56145.3,56148.85,56138.75,56143.65,114467
1789710960000,56138.75,56145.05,56132.85,56136.65,75659
1789710990000,56135.95,56140.1,56131.2,56134.55,70826
1789711020000,56132.2,56139.5,56130.1,56133.05,95295
1789711050000,56133.2,56136.6,56127.55,56132.4,1188302
1789711080000,56133.05,56141.95,56130.8,56138.6,161299
1789711110000,56140,56140,56124.35,56129.6,112003
1789711140000,56130.5,56143.5,56124.5,56140.5,214695
1789711170000,56139.9,56148.25,56135.45,56146.55,142134
1789711200000,56146.6,56191.45,56145.3,56186.45,440462
1789711230000,56185.25,56187.4,56176.55,56182.75,108904
1789711260000,56181.95,56184.75,56164.65,56168.85,103639
1789711290000,56170.7,56171,56153.15,56158.7,131519
1789711320000,56158.4,56184.3,56158.35,56184.3,228394
1789711350000,56181.8,56186.3,56176.05,56177.8,88212
1789711380000,56179.1,56187.35,56155.2,56163.15,254827
1789711410000,56161.1,56161.1,56147.35,56159.55,135384
1789711440000,56159,56175.75,56157.1,56170.3,175459
1789711470000,56172.65,56173.1,56157.75,56171.55,124039
1789711500000,56170.4,56180.9,56164,56175.5,120451
1789711530000,56176.9,56183.15,56167.25,56172.1,154364
1789711560000,56171.85,56176.8,56148,56167.3,651854
1789711590000,56164.05,56175.85,56162.15,56174.05,374514
1789711620000,56175.75,56180.3,56166.45,56174.75,175655
1789711650000,56173.95,56173.95,56159.2,56160.7,109772
1789711680000,56159.8,56168.5,56151.2,56162.1,134148
1789711710000,56160.05,56168.05,56148.8,56152.95,95563
1789711740000,56154.05,56163.1,56148.5,56154.1,98976
1789711770000,56153.2,56159.15,56150.05,56153.2,71568
1789711800000,56157.35,56162.8,56151.9,56159.95,177722
1789711830000,56159.8,56167.75,56151.15,56160.55,229325
1789711860000,56162.65,56171.6,56150.35,56170.85,202848
1789711890000,56171.45,56176.55,56162.55,56173.75,110366
1789711920000,56172.4,56179.55,56166.3,56174.55,101062
1789711950000,56174.85,56181.9,56170.4,56171.8,150124
1789711980000,56171.35,56181.25,56147.35,56171.75,458684
1789712010000,56173.15,56173.15,56158.95,56162.35,129291
1789712040000,56160.05,56165.55,56153.05,56156.35,136018
1789712070000,56158.05,56165.05,56153.05,56154.3,286773
1789712100000,56156.05,56168.3,56139.6,56159.6,547942
1789712130000,56158.2,56167,56150,56167,242306
1789712160000,56158.75,56178,56158.75,56173.75,151325
1789712190000,56170.85,56180.6,56165.3,56167.35,139463
1789712220000,56168.45,56177.45,56148.6,56161.85,256413
1789712250000,56158.75,56170.2,56152.4,56167,347276
1789712280000,56166.15,56174.2,56163.05,56165.1,245629
1789712310000,56166.65,56175.85,56163.95,56168.55,70197
1789712340000,56168,56180.2,56166.5,56179.5,77360
1789712370000,56183.05,56188.9,56178.15,56179.65,151931
1789712400000,56180.45,56189.8,56178.4,56187.45,75484
1789712430000,56187.05,56192.3,56175.7,56179.55,169641
1789712460000,56179.3,56181.25,56151.7,56177.3,292969
1789712490000,56176.6,56181.35,56159.15,56170.95,263467
1789712520000,56171.35,56177.55,56168.6,56173.75,106612
1789712550000,56173.05,56182.8,56168.25,56177.6,509201
1789712580000,56178.45,56181.5,56168.3,56173.35,277544
1789712610000,56172.25,56185.75,56164.95,56169.6,308080
1789712640000,56164.9,56189.3,56164.9,56189.15,302410
1789712670000,56189.85,56189.85,56176.35,56180.55,301694
1789712700000,56179.95,56184.6,56174.75,56180.9,175402
1789712730000,56180.75,56187.15,56175.25,56183.65,305477
1789712760000,56184.8,56185.95,56159.2,56175.65,390757
1789712790000,56175.2,56186.75,56171.8,56177.75,332095
1789712820000,56176.9,56196.45,56172.45,56196.45,279339
1789712850000,56195.75,56207.55,56184.3,56198.8,581833
1789712880000,56200.85,56233.7,56198.85,56213.5,445223
1789712910000,56211.3,56220.2,56201.5,56202.1,129846
1789712940000,56204.9,56209.65,56198.1,56200.05,152414
1789712970000,56199.9,56205.15,56182.65,56190.3,178141
1789713000000,56190.3,56194.25,56182.15,56182.65,176984
1789713030000,56183.45,56234.7,56179.75,56209.65,514999
1789713060000,56215.25,56228.95,56210.45,56222.95,252912
1789713090000,56222.25,56228.55,56215.65,56222.55,134038
1789713120000,56220.25,56231.5,56212.9,56215.2,339351
1789713150000,56211.7,56226.05,56210.6,56218.15,252578
1789713180000,56218.15,56219.1,56204.5,56209.65,234013
1789713210000,56210.2,56210.2,56196,56197.85,280253
1789713240000,56200.1,56207.65,56178.8,56192.3,272441
1789713270000,56188.1,56191.65,56174.4,56182.3,180332
1789713300000,56182.45,56186.75,56174.85,56179.65,209551
1789713330000,56177.15,56183.65,56160.95,56164.45,467526
1789713360000,56160.5,56169,56137,56145.1,252068
1789713390000,56144.35,56165.1,56142.95,56158.3,510971
1789713420000,56156.4,56168.6,56150.6,56163.6,202483
1789713450000,56162.9,56175.55,56157.4,56169.55,177466
1789713480000,56163.65,56172.3,56160.7,56165.6,191956
1789713510000,56161.7,56166.65,56153.1,56160.2,141018
1789713540000,56159.25,56166.4,56144.85,56154.05,312467
1789713570000,56154.15,56169.45,56134.2,56161.4,249707
1789713600000,56162,56177.6,56162,56173.05,156926
1789713630000,56172.5,56176.3,56158.6,56164.75,127007
1789713660000,56164.3,56172.75,56160.55,56166.5,192592
1789713690000,56168.3,56192.05,56161.7,56191,350974
1789713720000,56190.7,56204.2,56187.2,56192.7,135963
1789713750000,56190.4,56201.6,56172.75,56190.45,340879
1789713780000,56187.05,56193.4,56180.75,56191.55,117689
1789713810000,56192.05,56203.6,56187.2,56200.7,226782
1789713840000,56200.1,56205.15,56190.95,56195.7,115829
1789713870000,56195.05,56205.45,56191.5,56199.9,101471
1789713900000,56199.9,56216.15,56199.9,56203.2,139004
1789713930000,56208.05,56219.9,56207.3,56218.05,99148
1789713960000,56214.95,56226.8,56211.35,56223.2,132602
1789713990000,56219.05,56223.85,56213.05,56215.1,97632
1789714020000,56214.55,56222.15,56174.9,56196.75,521778
1789714050000,56198,56212.8,56190.7,56190.7,217987
1789714080000,56191.25,56203.4,56190.3,56198.65,149219
1789714110000,56199.05,56207.85,56194.75,56201.05,154125
1789714140000,56200.8,56202.35,56178.35,56185.4,211952
1789714170000,56184.75,56189.4,56175.25,56179.2,306426
1789714200000,56181.5,56187.55,56175.45,56182.1,168616
1789714230000,56181.85,56190.8,56173.55,56189.5,335816
1789714260000,56193.5,56196.3,56181.05,56188.4,262331
1789714290000,56184.65,56199.5,56184.45,56194.4,228131
1789714320000,56192.1,56199.15,56175.55,56192.45,576882
1789714350000,56194.2,56202.7,56190.85,56193.65,338339
1789714380000,56192.9,56217.05,56192.25,56207,362386
1789714410000,56208.75,56218.25,56202.45,56210.15,606038
1789714440000,56210,56235.85,56209.7,56216.45,485869
1789714470000,56219.6,56223.35,56199.45,56209.3,434129
1789714500000,56210.05,56218.3,56205.6,56205.6,179601
1789714530000,56207,56219.1,56202.2,56207.3,133825
1789714560000,56204.85,56210.95,56199.8,56208.6,173405
1789714590000,56210.35,56210.35,56195.85,56196.9,153740
1789714620000,56196.05,56205.35,56189.55,56205.35,475241
1789714650000,56202.55,56208.35,56195.7,56196.75,383610
1789714680000,56197.6,56231.2,56196.9,56228.15,384334
1789714710000,56227.45,56229.5,56205.8,56205.8,235110
1789714740000,56205.8,56218.9,56192.25,56208.05,888343
1789714770000,56205.45,56223.45,56205.45,56221.85,184292
1789714800000,56223.25,56251.3,56220,56247.35,275130
1789714830000,56248.5,56253.05,56237.1,56249.5,155577
1789714860000,56249.25,56257.65,56246,56253.8,286403
1789714890000,56254.6,56258.35,56242.35,56252.45,257361
1789714920000,56253.9,56258.75,56248.9,56255.2,177902
1789714950000,56254.65,56259.4,56252,56252.45,327125
1789714980000,56252.45,56261.65,56228.25,56247.35,606612
1789715010000,56247.65,56255.55,56240.6,56241.85,201916
1789715040000,56241.85,56249.35,56239.55,56245.35,110696
1789715070000,56246.45,56249.8,56241.45,56244.05,119018
1789715100000,56241.25,56254.95,56241.25,56253.15,90309
1789715130000,56253,56262,56247.35,56256.7,356196
1789715160000,56255.15,56277.85,56254.8,56275.9,200656
1789715190000,56274.65,56279.45,56273.3,56274.9,236123
1789715220000,56274.9,56281.35,56271.8,56276.1,103373
1789715250000,56275.65,56284.3,56271.45,56280.85,166847
1789715280000,56277.1,56286.55,56269.9,56279.5,376809
1789715310000,56279.9,56287.05,56271.2,56272.4,245976
1789715340000,56271.7,56280.2,56269.35,56276.5,86920
1789715370000,56275.1,56278.05,56239.15,56264.9,469905
1789715400000,56264.9,56272.75,56259.55,56267.9,132161
1789715430000,56272.1,56274.6,56265.8,56271.6,78442
1789715460000,56268.8,56278.25,56267.25,56277.6,102651
1789715490000,56276.9,56288.2,56276.9,56285.2,192818
1789715520000,56283.1,56298,56283.1,56297.2,207235
1789715550000,56298.35,56307.3,56296.95,56305.05,113465
1789715580000,56307.3,56312.55,56303.15,56305,134709
1789715610000,56306.25,56334.85,56297.85,56329,391281
1789715640000,56328.6,56343,56328.6,56329.6,404774
1789715670000,56330.3,56334.1,56322.8,56331,134286
1789715700000,56329.25,56337.25,56324.3,56325.2,104894
1789715730000,56324.2,56341.05,56321.85,56337.5,203985
1789715760000,56335.5,56339.8,56311,56331.55,421413
1789715790000,56330.95,56346.15,56324.05,56342.1,153684
1789715820000,56341.05,56348.3,56332.3,56345.15,142845
1789715850000,56344.45,56350.65,56340.15,56343.85,98472
1789715880000,56343.5,56358.5,56343.5,56353.35,131079
1789715910000,56351.75,56352.55,56333.4,56333.75,175037
1789715940000,56333.05,56339.95,56326.95,56331.85,99914
1789715970000,56329.05,56336.65,56319.6,56325.75,112983
1789716000000,56324.3,56339.8,56323.35,56329.5,244335
1789716030000,56328.95,56337.25,56325.15,56327.3,108151
1789716060000,56325.35,56334.95,56321.6,56333.2,99890
1789716090000,56334.4,56339.2,56326.5,56328.35,210560
1789716120000,56328.25,56331.75,56325.65,56329.05,111658
1789716150000,56328.5,56335.3,56326.45,56331.75,165805
1789716180000,56331,56344.65,56329.55,56333.8,89520
1789716210000,56335.25,56342.3,56329,56330.4,128900
1789716240000,56331,56351.8,56330.25,56343.95,189688
1789716270000,56341.15,56345.05,56334.25,56341.05,114314
1789716300000,56341.35,56342.75,56331.6,56339.25,150158
1789716330000,56339.75,56345.65,56336.15,56341.9,113094
1789716360000,56342.15,56348.05,56339.6,56342.9,61456
1789716390000,56342.5,56344.6,56333.55,56339.6,151181
1789716420000,56339.05,56340.7,56329.6,56331.55,94181
1789716450000,56332.85,56334.45,56311.05,56320.6,267882
1789716480000,56320.15,56325.25,56313.4,56323.65,98119
1789716510000,56322.9,56329.15,56286.25,56286.65,258799
1789716540000,56300.7,56327.3,56270.8,56327.05,785685
1789716570000,56326.9,56341.35,56324.8,56334.05,137115
1789716600000,56333.9,56344.1,56331.85,56336.9,116031
1789716630000,56336.2,56339.45,56330.5,56336.7,76022
1789716660000,56334.95,56344.4,56334.15,56340.35,91325
1789716690000,56339.75,56348.6,56337.65,56344.95,86432
1789716720000,56339.9,56348.35,56338.9,56348.25,210330
1789716750000,56346.55,56364.1,56345.45,56363.3,193194
1789716780000,56363.25,56370,56358,56358.5,119597
1789716810000,56358.25,56373.3,56358.25,56366.6,108465
1789716840000,56369.15,56389.6,56369.15,56384.15,302402
1789716870000,56383.8,56391.35,56380.4,56380.95,218260
1789716900000,56383.4,56393.85,56340.6,56368.1,707904
1789716930000,56368.05,56376.15,56355.8,56361.75,93037
1789716960000,56361.1,56377.95,56359,56375.45,270011
1789716990000,56374.35,56379.85,56369,56371.95,113418
1789717020000,56371.55,56375.25,56360.05,56364.4,267157
1789717050000,56365.45,56374.7,56361.2,56369.3,263096
1789717080000,56369.35,56373.05,56361.55,56367.05,101917
1789717110000,56368.15,56372.2,56359.3,56365.7,106936
1789717140000,56366.8,56371.8,56360.25,56365.25,75781
1789717170000,56366.5,56369.75,56356.75,56361.7,64808
1789717200000,56359.55,56364.35,56357.1,56361.6,116512
1789717230000,56362.5,56369.35,56355.2,56364.35,109566
1789717260000,56364.95,56372.6,56361.3,56362.3,81838
1789717290000,56361.25,56370.4,56352.75,56354.2,93988
1789717320000,56355.7,56376.35,56350.9,56376.35,238838
1789717350000,56374.3,56380.35,56371.45,56375.25,136659
1789717380000,56375.5,56381.4,56371.4,56371.45,137850
1789717410000,56372.3,56378.55,56366.8,56368.2,73075
1789717440000,56366.2,56368.4,56359,56363.9,114881
1789717470000,56361.6,56372.7,56354.75,56360.7,127236
1789717500000,56359.95,56363.2,56343.7,56345.65,157966
1789717530000,56342.7,56348.55,56321,56326.55,140403
1789717560000,56321.05,56332.8,56321,56330.9,100325
1789717590000,56327.65,56338.5,56326.15,56330.6,104324
1789717620000,56330.35,56337.65,56328.1,56328.6,99173
1789717650000,56329.7,56336.7,56321.95,56321.95,76106
1789717680000,56321.05,56321.05,56301.4,56311.05,240453
1789717710000,56309.9,56320,56306.4,56310.55,129901
1789717740000,56310,56310,56294.35,56298.95,101295
1789717770000,56298.35,56311.4,56293.8,56307.1,132246
1789717800000,56305.75,56309.65,56295.5,56296.5,75514
1789717830000,56295.2,56300.5,56290.5,56290.55,93112
1789717860000,56291.55,56302.3,56290.05,56298.15,125963
1789717890000,56298.75,56313.6,56296.9,56312,127241
1789717920000,56311.6,56317.65,56306.6,56310.8,190011
1789717950000,56314.85,56318.4,56308.65,56316.7,78135
1789717980000,56314.95,56322,56309.75,56314.85,98215
1789718010000,56316.05,56318.45,56308.3,56313.05,78513
1789718040000,56314.3,56334.65,56314.3,56334.65,213202
1789718070000,56336.4,56339.4,56291.8,56301.2,520621
1789718100000,56305,56311.95,56276.35,56287.15,712546
1789718130000,56288.55,56310.75,56288.55,56300.1,291502
1789718160000,56298.75,56311.8,56296.9,56306.35,110138
1789718190000,56307.5,56316.65,56304.85,56309.8,139778
1789718220000,56307.55,56313.75,56305.1,56305.3,56729
1789718250000,56306.05,56309.6,56299.9,56300.9,60231
1789718280000,56300.4,56329.15,56298.95,56323.45,307755
1789718310000,56323.1,56323.55,56277,56297.75,488189
1789718340000,56293.9,56299.5,56287.85,56293.55,88898
1789718370000,56294.9,56299.7,56290.2,56294.45,187285
1789718400000,56296.45,56301.65,56291.7,56299,454812
1789718430000,56299.5,56305.5,56296.25,56301.8,125243
1789718460000,56301.1,56307,56290.65,56296.55,170815
1789718490000,56297.15,56310.05,56294.2,56302.2,186132
1789718520000,56301.2,56313.8,56301.2,56309.1,99886
1789718550000,56308.15,56315.55,56306,56307.45,100304
1789718580000,56307.5,56315.65,56306.35,56309.05,86331
1789718610000,56308.95,56317.15,56308.8,56314.05,163172
1789718640000,56314.45,56329.45,56311.3,56313.55,383687
1789718670000,56315.85,56318.8,56307,56307,116163
1789718700000,56308.6,56311.1,56296.35,56300.15,125092
1789718730000,56301.35,56305.05,56288.3,56295.3,227771
1789718760000,56295.65,56300.1,56283.9,56293.05,388816
1789718790000,56294.8,56296.55,56287.7,56290.6,184223
1789718820000,56289.3,56298.65,56286.45,56291.8,91669
1789718850000,56292.15,56299.35,56289.75,56294.5,69013
1789718880000,56293.35,56299.6,56292.75,56295.75,70629
1789718910000,56295.3,56303.65,56291.85,56299.85,115106
1789718940000,56298.65,56311.65,56298,56307.55,67174
1789718970000,56307.5,56308.8,56290.8,56291,162472
1789719000000,56290.9,56300.1,56282.8,56288,169974
1789719030000,56288.2,56303.5,56281.65,56299.5,141194
1789719060000,56297.8,56297.8,56274.75,56294.7,411543
1789719090000,56294.3,56298.75,56285.2,56286.2,63185
1789719120000,56284.2,56301.5,56283.8,56297.8,115664
1789719150000,56296.2,56301,56287.8,56287.8,115289
1789719180000,56286.1,56287.85,56266.45,56280.5,227475
1789719210000,56280.55,56288.6,56273.4,56273.4,134354
1789719240000,56271.95,56279.85,56265.1,56268.15,180698
1789719270000,56267.25,56271.1,56260.75,56262.2,218651
1789719300000,56259.2,56259.4,56229.1,56239.05,320299
1789719330000,56240.8,56248.5,56240.15,56246.55,209368
1789719360000,56244.15,56260.45,56244.15,56258.3,119921
1789719390000,56258.05,56268.9,56254.2,56266.35,100296
1789719420000,56264.7,56269.8,56259.25,56260.05,101427
1789719450000,56258.8,56296.85,56255.35,56288.9,690199
1789719480000,56286.65,56294.1,56279.95,56285.2,128067
1789719510000,56284.4,56286.15,56277.05,56278.75,136026
1789719540000,56278.4,56286.45,56275.55,56283.45,166957
1789719570000,56283.45,56285.45,56277,56282.3,80473
1789719600000,56280.4,56295.2,56278.85,56293.35,178307
1789719630000,56291.8,56302.1,56284.65,56301.4,144448
1789719660000,56299.75,56332.4,56284.9,56326.1,1068840
1789719690000,56330.75,56339.25,56323.8,56331.6,162979
1789719720000,56330.6,56335.55,56323.35,56329.35,218443
1789719750000,56330.4,56336.05,56322.3,56326.4,104451
1789719780000,56324.7,56327.5,56318.45,56324.65,106039
1789719810000,56321.45,56329.35,56315.4,56321.6,129994
1789719840000,56321.45,56336.15,56321.05,56331.7,204679
1789719870000,56331.7,56338.25,56325.95,56330.05,140637
1789719900000,56327.9,56338.4,56325.1,56331.6,132356
1789719930000,56331.9,56335.7,56305.3,56319.35,353346
1789719960000,56320.2,56327.5,56312.6,56316.3,113594
1789719990000,56313.8,56331.05,56313.8,56326.3,78060
1789720020000,56327.05,56334.65,56323.5,56333.85,89780
1789720050000,56331.9,56335.25,56308.7,56327.5,229293
1789720080000,56326.25,56332.75,56320.35,56328.45,83765
1789720110000,56327.75,56332.7,56318.35,56323.1,108201
1789720140000,56319.45,56323.45,56312.45,56315.8,122197
1789720170000,56317,56321.2,56296.15,56310.45,215455
1789720200000,56311,56316.8,56305.1,56316,209708
1789720230000,56316.6,56321.35,56308.65,56318,104936
1789720260000,56319.55,56322.9,56312.25,56315.45,140065
1789720290000,56315.35,56317.4,56295.85,56313.8,418417
1789720320000,56315,56315.35,56299.95,56301.35,144490
1789720350000,56300.7,56312.75,56300.7,56311.35,151758
1789720380000,56313.7,56324.05,56308.4,56321.55,197646
1789720410000,56322.05,56334.05,56320.75,56328.8,135297
1789720440000,56329,56337.85,56311.05,56336.75,304788
1789720470000,56336.35,56344.95,56334.3,56342.4,104336
1789720500000,56339.7,56360.25,56338.65,56359.2,151034
1789720530000,56360.75,56370.9,56355.25,56369.05,214092
1789720560000,56365.55,56367.35,56342.85,56362,288933
1789720590000,56363.8,56368.35,56358.9,56362.7,154028
1789720620000,56360.85,56370.25,56360.7,56370.25,165735
1789720650000,56369.7,56375.9,56364.9,56375.9,220067
1789720680000,56373.4,56377.55,56352.75,56374.05,1202528
1789720710000,56373.5,56385.5,56367.05,56375.35,171054
1789720740000,56372.05,56415.15,56369.7,56402.3,566243
1789720770000,56402.3,56413.9,56399.6,56405.65,237127
1789720800000,56406.6,56424.95,56401,56405.25,207067
1789720830000,56408,56424.4,56408,56421.4,271139
1789720860000,56421.35,56427.05,56414.05,56414.05,289160
1789720890000,56416.35,56424.45,56411.9,56420.5,197872
1789720920000,56417.45,56423.1,56409.8,56419.45,256077
1789720950000,56416,56419.15,56391.55,56407.85,269342
1789720980000,56407.15,56409,56395.95,56399.25,209328
1789721010000,56398.25,56400.25,56388.15,56393.3,217507
1789721040000,56393.35,56411.4,56391.85,56411.4,214992
1789721070000,56410.65,56414.1,56397.45,56401.85,188213
1789721100000,56397.85,56415.4,56390.8,56415.05,164774
1789721130000,56413.2,56419.4,56408.25,56408.25,194867
1789721160000,56412.3,56427,56393.35,56426.15,263822
1789721190000,56425.15,56431.95,56421.55,56427.3,199469
1789721220000,56423.5,56432.9,56406.5,56422.35,305207
1789721250000,56422.35,56427.75,56418.9,56423.9,214309
1789721280000,56421.75,56429.1,56417.3,56421.55,279474
1789721310000,56419.7,56424.05,56402.3,56418.3,290397
1789721340000,56416.55,56423.5,56408.15,56418.35,130609
1789721370000,56420.15,56426.9,56415.7,56420.95,261200
1789721400000,56419.45,56433.2,56417.55,56427.6,179773
1789721430000,56428.05,56428.7,56417.9,56421.1,295599
1789721460000,56419.4,56434.65,56410.85,56420,411241
1789721490000,56421.65,56428.25,56416.55,56421.4,174007
1789721520000,56417.45,56429.15,56416.05,56422.6,100360
1789721550000,56423.9,56433.6,56420.7,56428.4,183216
1789721580000,56421.85,56430.85,56413.15,56415.6,153047
1789721610000,56418.95,56422.4,56402.45,56411.85,356022
1789721640000,56410.2,56421.35,56409,56414.7,152987
1789721670000,56412.8,56419.2,56406,56409.45,234038
1789721700000,56408.6,56424.55,56405.15,56406.8,175029
1789721730000,56407.75,56416.2,56387.05,56404.9,348182
1789721760000,56404.15,56405.75,56389.8,56395.4,182700
1789721790000,56395.3,56406.8,56393.65,56404.35,160225
1789721820000,56402.3,56415.55,56402.3,56415,179549
1789721850000,56416.55,56428.3,56397.6,56416.25,250236
1789721880000,56415.7,56423.8,56410.45,56416.4,139149
1789721910000,56419.85,56435.15,56414.85,56433.25,164357
1789721940000,56430,56442.7,56429.4,56439.1,124599
1789721970000,56436.9,56446.65,56436.9,56444.2,133560
1789722000000,56432.1,56456.6,56432.1,56452.65,303711
1789722030000,56450.2,56463.4,56449.35,56461.5,125758
1789722060000,56459.35,56465.95,56451.6,56454.95,184888
1789722090000,56453.95,56459.9,56451.2,56455.2,125842
1789722120000,56453.7,56458.65,56450.65,56456.7,122527
1789722150000,56456.2,56464,56454.65,56458.75,194418
1789722180000,56457.8,56478.6,56456.15,56471.15,241492
1789722210000,56473.5,56475.05,56459.8,56460.85,132289
1789722240000,56458.5,56464.7,56448.4,56464.4,198137
1789722270000,56464.4,56473.3,56461.75,56470.3,132066
1789722300000,56465,56467.95,56457.55,56466.7,140291
1789722330000,56465.45,56469.75,56461.6,56464.6,168524
1789722360000,56465,56468.25,56459.95,56466.5,166061
1789722390000,56461.9,56467.2,56459.35,56463.75,112821
1789722420000,56457.45,56465.2,56454.4,56460.6,160314
1789722450000,56461.45,56467.4,56459.2,56459.5,144312
1789722480000,56457.65,56460.7,56450.2,56455,181547
1789722510000,56455.75,56461.85,56451.05,56451.75,329364
1789722540000,56453.5,56467.6,56451.4,56462.05,167851
1789722570000,56463.5,56467.2,56452,56453.1,187175
1789722600000,56448.5,56458.05,56443.45,56443.45,228378
1789722630000,56443.2,56448.1,56437.05,56447.65,205030
1789722660000,56444.4,56451,56439.9,56449.9,161608
1789722690000,56449.55,56449.8,56438.9,56439.85,193419
1789722720000,56441.85,56446.35,56435.05,56437.85,127651
1789722750000,56437.35,56440.25,56432.65,56435.1,198818
1789722780000,56431.15,56443.4,56430.65,56441,179383
1789722810000,56442.1,56444,56436.05,56437.4,116866
1789722840000,56437.7,56442.7,56428.6,56434.5,156239
1789722870000,56432.3,56437.65,56421,56424.8,291402
1789722900000,56423.7,56427.25,56413.95,56417.3,261238
1789722930000,56416.6,56436.35,56416.6,56431.8,332495
1789722960000,56430.6,56432.65,56421.3,56425.75,203277
1789722990000,56426.05,56431.2,56418.75,56426.05,263167
1789723020000,56426.75,56437.8,56422.1,56437.25,211391
1789723050000,56437.4,56443.9,56434.15,56443.9,172510
1789723080000,56441.8,56441.8,56426,56436.5,261444
1789723110000,56431.4,56446.55,56430.4,56435.3,247622
1789723140000,56439.85,56444.45,56435.15,56444.05,156263
1789723170000,56444.3,56458.35,56441.25,56456.8,376276
1789723200000,56456.75,56464.85,56452.55,56459.15,339796
1789723230000,56461.05,56465.35,56457.1,56460.75,324898
1789723260000,56458.9,56472.1,56457.65,56468.85,217817
1789723290000,56471.35,56471.35,56457.65,56459.75,204243
1789723320000,56458.85,56467.75,56458.85,56464.1,208910
1789723350000,56462.25,56488,56460.8,56487.05,528836
1789723380000,56489.5,56497.45,56486.6,56488.6,283765
1789723410000,56491.75,56496.4,56482.3,56486,362619
1789723440000,56485.2,56495.7,56482.2,56495.25,496126
1789723470000,56490.35,56494.75,56475.5,56481.55,288286
1789723500000,56475,56482.8,56468.85,56479.6,415588
1789723530000,56477.4,56478.6,56465.4,56466.75,717520
1789723560000,56467.75,56474.15,56463.95,56468.7,441954
1789723590000,56466.25,56470.4,56463.15,56467.7,413998
1789723620000,56466.25,56466.25,56455.4,56461.55,534572
1789723650000,56461.3,56465.5,56457.05,56462.6,353098
1789723680000,56461.5,56467.45,56452.5,56460.7,307480
1789723710000,56458.45,56478.85,56456.45,56471.85,650198
1789723740000,56469.45,56475.05,56461.55,56467.6,440805
1789723770000,56466.8,56468.75,56455.1,56455.55,511932
1789723800000,56456.55,56456.55,56416.75,56419.35,1007288
1789723830000,56418,56430,56409.75,56412.1,1410254
1789723860000,56409.05,56409.85,56380.8,56386.4,1081736
1789723890000,56386.1,56386.15,56369.25,56380.5,572288
1789723920000,56370.9,56376.65,56358.75,56366.55,896569
1789723950000,56364.95,56366,56354.85,56362.45,737441
1789723980000,56361.95,56370.55,56358.6,56369.8,813191
1789724010000,56365.2,56391.35,56364.35,56384.15,632298
1789724040000,56381.35,56391.85,56376.9,56378.85,465380
1789724070000,56378.6,56380.8,56363.2,56367.35,605532
1789724100000,56363.45,56367.6,56354.75,56363.6,595883
1789724130000,56360.85,56373.15,56357.25,56371.05,647076
1789724160000,56365.95,56381.2,56365.95,56376,975562
1789724190000,56373.1,56377.6,56364,56367.15,525121
1789724220000,56363.7,56370.7,56351.15,56356.95,780598
1789724250000,56351.1,56362.25,56348.55,56356.9,745155
1789724280000,56351.35,56357.15,56346.45,56350.55,865106
1789724310000,56343.95,56351.95,56333.6,56343.75,1167985
1789724340000,56338.8,56342.35,56328.25,56338.1,1043865
1789724370000,56334.2,56351.7,56334.2,56347.05,729986
1789724400000,56347.3,56355.85,56342.1,56346.85,1932024
1789724430000,56346.45,56356.15,56344.9,56352.15,886101
1789724460000,56348.55,56378.3,56347.8,56377.75,910468
1789724490000,56375.25,56387.65,56371.15,56384.5,749186
1789724520000,56382.05,56383.5,56365.1,56375.1,1204405
1789724550000,56367.2,56382.95,56346.85,56355.65,1215023
1789724580000,56354.3,56388.7,56346.75,56381.05,1173326
1789724610000,56378.95,56405.95,56374.05,56395.95,1014134
1789724640000,56390.7,56393.95,56370.2,56374.85,794595
1789724670000,56376.3,56398.75,56311.85,56360.2,443654
1789724700000,56360.2,56360.2,56360.2,56360.2,15103
1789724730000,56360.2,56360.2,56360.2,56360.2,0
1789724760000,56360.2,56360.2,56360.2,56360.2,0
1789724790000,56360.2,56360.2,56360.2,56360.2,0
1789724820000,56360.2,56360.2,56360.2,56360.2,0
1789724850000,56360.2,56360.2,56360.2,56360.2,0
1789724880000,56360.2,56360.2,56360.2,56360.2,0
1789724910000,56360.2,56360.2,56360.2,56360.2,0
1789724940000,56360.2,56360.2,56360.2,56360.2,0
1789724970000,56360.2,56360.2,56360.2,56360.2,0
1789725000000,56360.2,56360.2,56360.2,56360.2,1463538
1789725030000,56360.2,56360.2,56360.2,56360.2,0
1789725060000,56360.2,56360.2,56360.2,56360.2,0
1789725090000,56360.2,56360.2,56360.2,56360.2,0
1789725120000,56360.2,56360.2,56360.2,56360.2,0
1789725150000,56360.2,56360.2,56360.2,56360.2,0
1789725180000,56360.2,56360.2,56360.2,56360.2,0
1789725210000,56360.2,56360.2,56360.2,56360.2,0
1789725240000,56360.2,56360.2,56360.2,56360.2,0
1789725270000,56360.2,56360.2,56360.2,56360.2,0
1789725300000,56360.2,56360.2,56360.2,56360.2,0
1789725330000,56360.2,56360.2,56360.2,56360.2,0
1789725360000,56360.2,56360.2,56360.2,56360.2,0
1789725390000,56360.2,56360.2,56360.2,56360.2,0
1789725420000,56360.2,56360.2,56360.2,56360.2,0
1789725450000,56360.2,56360.2,56360.2,56360.2,0
1789725480000,56360.2,56360.2,56358.7,56358.7,60494943
1789725510000,56358.7,56358.7,56358.7,56358.7,0
1789725540000,56358.7,56358.7,56358.7,56358.7,0
1789725570000,56358.7,56358.7,56358.7,56358.7,0
1789962300000,56361.9,56497.7,56311.7,56469.9,2268615
1789962330000,56471.45,56480,56369.65,56371.3,812839
1789962360000,56369,56369,56269.55,56327.45,975904
1789962390000,56336.7,56372.85,56331.1,56367.5,1037009
1789962420000,56368.75,56400.4,56368.75,56395.5,663897
1789962450000,56396.35,56465.15,56396.35,56460,911487
1789962480000,56465.55,56468.15,56416,56462.7,400152
1789962510000,56465.85,56473.55,56438.55,56441.3,716553
1789962540000,56442.9,56445.95,56422.9,56425.5,483184
1789962570000,56424.65,56432.65,56416.05,56424.15,363240
1789962600000,56425,56451.4,56423.4,56431.15,474655
1789962630000,56435,56439.35,56399.55,56409.15,299610
1789962660000,56405.75,56425.85,56391.9,56391.9,554141
1789962690000,56392.1,56407.9,56389.75,56395.8,401882
1789962720000,56396.1,56415.5,56388.6,56396.05,738897
1789962750000,56395.3,56427.8,56391.2,56422.15,335350
1789962780000,56421.95,56477.8,56420.45,56477.8,1256851
1789962810000,56475.05,56484.8,56450.8,56468.85,796889
1789962840000,56468.1,56471.65,56444.45,56467.5,285352
1789962870000,56466.9,56466.9,56433.1,56449.4,1145354
1789962900000,56451.35,56476.9,56446.8,56459.6,713935
1789962930000,56462.1,56469.25,56454,56458,249773
1789962960000,56459.85,56474,56454.05,56470.55,349888
1789962990000,56472,56491.9,56471.6,56490.7,267109
1789963020000,56488.2,56493.3,56482.6,56485.95,244021
1789963050000,56486.9,56487.25,56454.65,56456.9,361089
1789963080000,56452.25,56467,56442,56462.35,360737
1789963110000,56461.65,56465.1,56451.65,56454.9,568118
1789963140000,56453.75,56477.5,56453.75,56477,369711
1789963170000,56476.9,56510.95,56476.25,56498.5,1003366
1789963200000,56496.8,56503.75,56484.5,56498.3,282708
1789963230000,56498.2,56500.45,56478.65,56480.15,302190
1789963260000,56476.85,56494.5,56476.85,56486.25,209635
1789963290000,56483.55,56484.35,56469.85,56473.95,173458
1789963320000,56471.7,56479.3,56465.55,56471.8,164985
1789963350000,56470.9,56474.05,56460.5,56463.5,1136390
1789963380000,56464.9,56478.7,56463.8,56476.2,181960
1789963410000,56476.35,56476.35,56461.15,56461.15,148142
1789963440000,56459.8,56463,56441.05,56446.7,284844
1789963470000,56447.8,56458.35,56447.05,56453.35,95405
1789963500000,56451.75,56467.65,56451.35,56463.7,137803
1789963530000,56463.45,56490.2,56463.45,56488.75,178359
1789963560000,56484.45,56499,56471.55,56474.2,382855
1789963590000,56474.65,56478.75,56445.05,56449.1,231181
1789963620000,56448.35,56456.15,56445.3,56445.8,158357
1789963650000,56449.75,56451.4,56424.3,56429.55,188178
1789963680000,56427.65,56448.55,56421.65,56444.05,374859
1789963710000,56446.25,56448.85,56431.1,56434.7,138304
1789963740000,56435.85,56461,56429.65,56450.4,1676984
1789963770000,56450.5,56454.85,56424.15,56426.6,174992
1789963800000,56427.9,56429.2,56413.45,56421.3,183576
1789963830000,56420.55,56429.75,56412.9,56418.6,93045
1789963860000,56416.45,56460.1,56415.5,56460.1,171359
1789963890000,56457.2,56457.2,56444.5,56448.8,314712
1789963920000,56450.3,56465.45,56445.95,56458.7,176761
1789963950000,56461.45,56464.8,56449.1,56452.25,87893
1789963980000,56451.05,56472.75,56451.05,56472.45,150393
1789964010000,56471.85,56473,56459.5,56464.3,95404
1789964040000,56463.05,56480.9,56461.3,56479.15,192589
1789964070000,56479.45,56494.2,56472.35,56477.8,403511
1789964100000,56478.55,56478.55,56468.05,56476.25,357541
1789964130000,56475.15,56477.6,56467.3,56473,473845
1789964160000,56473.45,56474,56462.25,56465,117190
1789964190000,56463.05,56470.35,56462,56468.15,80032
1789964220000,56465.85,56470.75,56444.7,56450.8,108892
1789964250000,56447.55,56453.45,56429.6,56432.05,133775
1789964280000,56429.4,56449.95,56426.95,56442.1,434965
1789964310000,56440.3,56453.8,56440.3,56443.5,200480
1789964340000,56442.8,56463.4,56441.45,56458.8,153416
1789964370000,56458.35,56459.25,56437.95,56440.8,115805
1789964400000,56438.15,56450.6,56438,56447.65,120290
1789964430000,56448.9,56455.1,56445.8,56447.4,263528
1789964460000,56449.5,56457.5,56445.7,56453.1,179759
1789964490000,56449.45,56462.2,56449.45,56454.45,95199
1789964520000,56454.3,56457.5,56438.35,56439.1,372931
1789964550000,56440.7,56442,56434.9,56438.75,105465
1789964580000,56435.7,56440.6,56415.2,56416.05,293603
1789964610000,56419.8,56424.8,56412.2,56418.7,265944
1789964640000,56418.55,56419.8,56408.35,56417.9,797979
1789964670000,56413.5,56418.25,56407.05,56408.3,87118
1789964700000,56408.25,56414.25,56401,56412.85,222513
1789964730000,56412.55,56412.55,56401.4,56403.5,142755
1789964760000,56402.35,56411.3,56400.1,56408.2,104178
1789964790000,56409.45,56417.75,56406.3,56415.7,201617
1789964820000,56412.5,56446.3,56411.55,56443.9,217510
1789964850000,56441.2,56447.75,56437.75,56443.2,199048
1789964880000,56435.4,56443.45,56433.35,56440.2,81993
1789964910000,56440.75,56442.4,56421.1,56424.75,153245
1789964940000,56423.2,56426.15,56418.4,56420.3,69291
1789964970000,56423.4,56434.6,56418.5,56432.55,141845
1789965000000,56432.8,56440.1,56426.2,56427.2,95503
1789965030000,56427.05,56432.25,56417.4,56426.65,156214
1789965060000,56424.25,56424.65,56413.25,56416.55,55695
1789965090000,56418.7,56420.25,56403,56405.35,188057
1789965120000,56404.25,56409.2,56396.25,56401.25,176762
1789965150000,56402.9,56402.9,56391.45,56393.45,57216
1789965180000,56392.1,56394.2,56376.4,56378.6,276691
1789965210000,56381.45,56383.3,56373.65,56379.4,58834
1789965240000,56378.65,56383.5,56375.05,56383.5,114129
1789965270000,56384.15,56384.25,56370.3,56376.45,86043
1789965300000,56372.6,56386.45,56372.35,56384.15,86277
1789965330000,56380,56384.3,56364.2,56368.35,93246
1789965360000,56364.85,56371.5,56342.8,56342.8,236150
1789965390000,56343.6,56352.85,56342.7,56348.15,118553
1789965420000,56347.6,56358.45,56346.55,56356.85,88978
1789965450000,56355.5,56364.95,56349.45,56353.2,110367
1789965480000,56352.8,56357.9,56349.6,56355.8,96349
1789965510000,56355.8,56357,56348.05,56354.9,172033
1789965540000,56354.3,56374.2,56354.3,56369.6,351527
1789965570000,56368.2,56375.5,56365.75,56371.9,142520
1789965600000,56367.8,56380.45,56367.8,56371,237920
1789965630000,56372.35,56383.7,56368.65,56380.8,127242
1789965660000,56381.8,56388.4,56376.95,56386.7,145071
1789965690000,56386.7,56389.7,56376.4,56382.1,65078
1789965720000,56379.75,56387.65,56377.3,56384.2,102671
1789965750000,56386.6,56390.5,56374.15,56378.3,137227
1789965780000,56375.65,56380.15,56351.35,56354.7,240256
1789965810000,56354.55,56361.4,56345.65,56351.95,143243
1789965840000,56348.45,56354.8,56328.05,56331.6,194912
1789965870000,56331.65,56340.1,56329.6,56332.4,76365
1789965900000,56329.9,56336.6,56328.85,56332.25,87404
1789965930000,56330.45,56339.2,56330.45,56337.3,116633
1789965960000,56334.35,56344.5,56334.35,56343.5,64056
1789965990000,56344.2,56374.05,56341.4,56371.3,181690
1789966020000,56372.75,56382.55,56370.95,56374,137450
1789966050000,56375.8,56377.65,56364.95,56368.05,91457
1789966080000,56365.45,56373.65,56363.75,56371.55,227111
1789966110000,56371.55,56376.75,56364.45,56364.45,78061
1789966140000,56364.8,56365.65,56354.05,56354.05,103255
1789966170000,56358.45,56358.85,56350.75,56357.5,188042
1789966200000,56354.7,56371.6,56351.95,56370.15,87971
1789966230000,56373.55,56373.55,56359.35,56359.5,64900
1789966260000,56359.6,56364.9,56354.15,56364.9,139831
1789966290000,56365.45,56389.3,56361.5,56386.4,209554
1789966320000,56384.55,56390.7,56372.85,56375.7,128529
1789966350000,56378.25,56383.55,56377,56378.35,78929
1789966380000,56379.8,56389.05,56378.8,56385.95,454544
1789966410000,56385,56392.6,56379.95,56390.65,195934
1789966440000,56388.1,56396.9,56385.2,56389,92852
1789966470000,56387.5,56388.75,56372.4,56375.65,67680
1789966500000,56375.75,56376.15,56360.75,56362.2,226768
1789966530000,56361.8,56374.4,56357.6,56367.65,91590
1789966560000,56369.4,56384.3,56366.45,56381.55,81763
1789966590000,56381.25,56387.8,56377.9,56381.5,72739
1789966620000,56380.3,56382.15,56361.4,56363.5,108955
1789966650000,56368.15,56370.9,56356.9,56359.25,130479
1789966680000,56359.45,56375.7,56358.3,56371.1,185623
1789966710000,56373.35,56379.15,56368,56373.25,116031
1789966740000,56371.95,56373.6,56368.15,56373.6,60784
1789966770000,56372.35,56382.85,56372.35,56380.2,89861
1789966800000,56381.1,56383.1,56371,56371,78289
1789966830000,56373.6,56376.7,56366,56367.3,79654
1789966860000,56366.5,56376.05,56366.4,56372,72211
1789966890000,56369.55,56376.5,56365.55,56374.95,114315
1789966920000,56374.45,56378.1,56369.85,56374.45,66164
1789966950000,56369.55,56375.8,56362.45,56364.6,77072
1789966980000,56364.45,56376.45,56361.45,56364.9,143712
1789967010000,56367.4,56369.4,56353.15,56357.15,174448
1789967040000,56353.65,56358.35,56340.5,56343.95,141892
1789967070000,56344.7,56353.85,56338.45,56346.4,91970
1789967100000,56345.4,56364.85,56345.4,56358.95,256231
1789967130000,56358.95,56364.95,56352,56362.8,115459
1789967160000,56361.6,56369.95,56360.75,56365.5,79631
1789967190000,56367.75,56380.75,56367.15,56369.75,182746
1789967220000,56368.4,56371.4,56351.35,56352.5,140532
1789967250000,56355.1,56359.7,56350.15,56353.9,105777
1789967280000,56348.9,56364.75,56348.9,56355.15,114570
1789967310000,56355.15,56363.25,56350.2,56362.05,171321
1789967340000,56356.9,56366.1,56351.9,56357.15,155834
1789967370000,56354.4,56358,56346.1,56348.35,62373
1789967400000,56346.15,56357.05,56345.7,56355.3,54724
1789967430000,56351.05,56356.35,56344.2,56344.2,112098
1789967460000,56347.4,56364.95,56345.9,56364.25,77585
1789967490000,56362.4,56374.05,56361.9,56365.65,270181
1789967520000,56366.6,56387.3,56362.35,56379.35,185349
1789967550000,56381.25,56381.3,56367.8,56371.4,86236
1789967580000,56370.9,56386.45,56368.9,56383.35,315145
1789967610000,56384.6,56386.25,56380,56383.7,49695
1789967640000,56382.5,56395.3,56382.5,56393.05,228890
1789967670000,56393.05,56398.1,56389,56389.55,213049
1789967700000,56389.35,56410,56388.2,56405.1,144987
1789967730000,56407.6,56408.45,56401.2,56402.4,65150
1789967760000,56403.25,56420.1,56403.25,56415.3,113899
1789967790000,56415.65,56421.45,56411.9,56414.15,173431
1789967820000,56417.8,56437.15,56411.25,56412.4,252003
1789967850000,56411,56415.9,56401.4,56404.95,136631
1789967880000,56404.5,56415.95,56398.15,56400.7,117892
1789967910000,56400.95,56403.7,56392.95,56397.35,38242
1789967940000,56399.6,56418.05,56399.6,56408.8,445261
1789967970000,56408.2,56409.2,56401.4,56402.75,82753
1789968000000,56402.15,56415.15,56402.15,56408.4,119668
1789968030000,56408.9,56410.95,56404.25,56404.25,69318
1789968060000,56404.95,56412.75,56403.5,56408.3,132962
1789968090000,56408.2,56408.9,56397.35,56403.5,113874
1789968120000,56400.95,56406.3,56397.85,56403,124227
1789968150000,56403.15,56404.7,56399.4,56402.05,211849
1789968180000,56403.25,56412.15,56400.5,56409.9,240955
1789968210000,56411.85,56413.25,56402.9,56411,231831
1789968240000,56413.25,56423,56405.85,56419.9,363771
1789968270000,56415.65,56420.2,56410.2,56417.8,84741
1789968300000,56418.2,56424.1,56402.5,56402.85,118081
1789968330000,56406.9,56407.25,56394.7,56398.05,101552
1789968360000,56395.6,56412.85,56395.6,56408.75,97762
1789968390000,56407.85,56421.65,56405.1,56421.65,152528
1789968420000,56415.85,56441.5,56414.85,56434.95,406830
1789968450000,56434,56434.55,56423.2,56425.3,89262
1789968480000,56424.45,56434.25,56421.75,56426,98547
1789968510000,56427,56427,56413.1,56418.4,72237
1789968540000,56415.8,56446.15,56415.8,56444.2,145798
1789968570000,56439.85,56448.45,56436.7,56446.45,116769
1789968600000,56448.45,56454.25,56431.3,56440.25,161765
1789968630000,56434.1,56440.25,56428.25,56429.55,72677
1789968660000,56427.4,56438.3,56427.4,56433.35,102118
1789968690000,56432.55,56437.05,56426.5,56430.15,49427
1789968720000,56434.95,56450.85,56434.95,56449.95,113079
1789968750000,56449.9,56452.2,56437.5,56440.25,81180
1789968780000,56439.55,56455.55,56437.8,56451.2,101149
1789968810000,56451.1,56455.9,56444.8,56449.65,579116
1789968840000,56454.15,56464.95,56447.95,56450.25,172020
1789968870000,56451.2,56452.15,56437.95,56452.15,203739
1789968900000,56446.5,56461.9,56445.55,56450.95,105088
1789968930000,56445.7,56449.75,56439.9,56443.4,89052
1789968960000,56443.75,56465.4,56443.75,56455.1,236975
1789968990000,56452.1,56479.55,56452.1,56470.35,222487
1789969020000,56468.2,56482.5,56461.4,56481.5,209984
1789969050000,56476.6,56489.15,56476.6,56482.6,288549
1789969080000,56477.6,56491.9,56477.6,56481.95,150583
1789969110000,56479.8,56484.4,56474.75,56479.3,64327
1789969140000,56477.6,56487,56476.1,56487,184700
1789969170000,56480.45,56486.2,56470.95,56477,300483
1789969200000,56476.6,56484,56474.75,56475.25,93932
1789969230000,56475.9,56478.5,56470.9,56476.85,59613
1789969260000,56474.8,56486.9,56472.85,56484.4,236668
1789969290000,56481.55,56488.25,56470.6,56479.7,224159
1789969320000,56477,56488.35,56475.7,56477.3,79692
1789969350000,56476.45,56482.6,56471,56474.45,57244
1789969380000,56476.5,56491.35,56472.4,56483.75,134910
1789969410000,56482.1,56488.35,56474.35,56479.25,53776
1789969440000,56475.55,56487.8,56475.55,56480.2,125298
1789969470000,56479,56483.95,56473.55,56480.95,397501
1789969500000,56480.6,56492.5,56477.85,56478.65,199880
1789969530000,56478.45,56486.95,56474.4,56483.25,258794
1789969560000,56481.45,56485.95,56472.85,56473.2,67166
1789969590000,56474.2,56474.2,56461.05,56466.7,87488
1789969620000,56468.65,56473.05,56453.45,56459,100453
1789969650000,56459.65,56462.65,56449,56458.65,492274
1789969680000,56456.35,56465.2,56452.95,56456.4,173138
1789969710000,56455.35,56460.2,56441.35,56448.95,92861
1789969740000,56446.2,56458.8,56445.4,56445.4,127445
1789969770000,56445.55,56450.65,56442.5,56447.85,145101
1789969800000,56446.85,56460,56445.8,56451.5,260577
1789969830000,56446.8,56453.1,56444.75,56446.8,91083
1789969860000,56447.9,56455.6,56435.95,56438.85,1187967
1789969890000,56435.95,56444.2,56432.3,56444.2,116584
1789969920000,56440.85,56454.35,56439.5,56448.25,130630
1789969950000,56450.3,56453.65,56445,56449.85,78875
1789969980000,56448.15,56464.85,56447.25,56461.95,136168
1789970010000,56459.35,56464.65,56455.8,56457,1108820
1789970040000,56456.2,56463.35,56448.2,56460.15,1403541
1789970070000,56459.3,56463.85,56453.2,56456.25,90460
1789970100000,56455.55,56459.65,56451.45,56455.1,142190
1789970130000,56450.5,56459.2,56448.9,56457.55,60589
1789970160000,56452.95,56463.5,56452.95,56458.65,127999
1789970190000,56453.65,56460,56451.05,56455.15,124758
1789970220000,56450.9,56463.85,56448.05,56459.85,227741
1789970250000,56455.2,56465.75,56450.3,56464.85,310773
1789970280000,56456.85,56477.65,56456.85,56469.15,384636
1789970310000,56468.9,56474.3,56465.6,56468.55,86712
1789970340000,56465.55,56473.35,56465.05,56469.85,97574
1789970370000,56465.45,56470.6,56460.5,56465.25,75748
1789970400000,56462.55,56475.2,56462.55,56470.05,98598
1789970430000,56467.45,56475.75,56464.7,56467.35,107155
1789970460000,56462.75,56471.65,56456.35,56460.2,151358
1789970490000,56460.5,56465.9,56457.2,56459.6,93952
1789970520000,56459.55,56462.9,56449.35,56457.45,111042
1789970550000,56458.35,56458.35,56447.7,56456.95,49726
1789970580000,56453.5,56468.95,56452.05,56462.85,127460
1789970610000,56463.7,56469.25,56459,56467.8,69305
1789970640000,56465.6,56471.1,56461.1,56465.6,101554
1789970670000,56466.75,56471.3,56458.55,56461.85,52433
1789970700000,56459.15,56464.15,56448,56449.65,152356
1789970730000,56450.3,56453.6,56438.8,56440.8,94395
1789970760000,56436.7,56455.05,56436.15,56445.55,132034
1789970790000,56449.45,56460.3,56446.35,56454.6,103046
1789970820000,56455,56462.6,56446.8,56451,144235
1789970850000,56448.35,56458.65,56448.35,56454.5,74437
1789970880000,56451.75,56464.2,56449.7,56456.9,172754
1789970910000,56458.75,56461.65,56453.85,56455.85,115073
1789970940000,56453.05,56461.05,56450.6,56454.4,108677
1789970970000,56454.35,56459.25,56450.15,56455,60511
1789971000000,56454.25,56459.35,56451.9,56452.4,106061
1789971030000,56457,56460.9,56450.2,56456.4,138427
1789971060000,56453.95,56467.2,56452.95,56464.15,98550
1789971090000,56463.8,56468.2,56458.65,56466.1,343535
1789971120000,56464,56475.65,56463.5,56467.4,148187
1789971150000,56469.15,56470.55,56461.35,56466,121559
1789971180000,56468.95,56475.75,56465.05,56471.4,130346
1789971210000,56473.3,56476.95,56457.3,56458.25,112659
1789971240000,56458.55,56468.6,56453.7,56457.65,139096
1789971270000,56456.9,56469.25,56447.6,56466.6,354489
1789971300000,56459.95,56469.85,56457.1,56465.1,98125
1789971330000,56469.75,56471.15,56454.65,56460.05,44406
1789971360000,56460.05,56469.65,56451.25,56453.35,146433
1789971390000,56454.2,56455.75,56440.65,56452,112635
1789971420000,56448.5,56457.8,56445.1,56447.65,112479
1789971450000,56449.15,56454.35,56439.4,56445,64810
1789971480000,56447.2,56462.05,56444.8,56454.7,117058
1789971510000,56457.5,56460.25,56444.3,56447.35,80429
1789971540000,56447.1,56457.05,56445.6,56451.65,122127
1789971570000,56453.05,56454.5,56444.8,56444.8,66930
1789971600000,56446.9,56459.55,56446.9,56457.45,107653
1789971630000,56454.7,56459.2,56447.4,56454.1,60782
1789971660000,56452.6,56459.4,56449.8,56451.2,134561
1789971690000,56451.05,56458.65,56445.8,56451.1,175688
1789971720000,56448.2,56457.55,56448.2,56452.2,101752
1789971750000,56448.35,56462,56448.35,56452.25,85841
1789971780000,56449.95,56461.75,56449.95,56459.6,154360
1789971810000,56457.4,56466.1,56453.9,56459.45,74329
1789971840000,56459.45,56471.6,56456.7,56461.9,173447
1789971870000,56460.85,56466.85,56457.8,56461.75,88834
1789971900000,56460.85,56467.85,56456,56460.2,104522
1789971930000,56456.5,56464.15,56453.95,56459.5,131674
1789971960000,56460.1,56469.25,56456.6,56458.05,100627
1789971990000,56460.05,56474.35,56455.35,56474.35,108957
1789972020000,56470,56483.6,56466.85,56481.05,145258
1789972050000,56478.9,56484.55,56473.45,56482.05,109423
1789972080000,56479.35,56493.4,56476.95,56487.75,286861
1789972110000,56489,56492.5,56480.8,56487.05,173820
1789972140000,56481.95,56492.2,56471.25,56471.25,146479
1789972170000,56472.25,56479.85,56467.5,56471.05,202554
1789972200000,56473.4,56486.9,56473.05,56485.15,124597
1789972230000,56487.05,56487.75,56474.05,56477.75,69315
1789972260000,56479.5,56489.6,56475.7,56482.3,143241
1789972290000,56481.2,56490.4,56480.6,56490.4,43705
1789972320000,56488.75,56496.3,56477.4,56478.25,120940
1789972350000,56478.15,56484.4,56477.2,56479.2,114550
1789972380000,56481.5,56489.2,56479.75,56482.9,116814
1789972410000,56485.2,56485.45,56472.7,56479.6,120758
1789972440000,56477.6,56489.25,56471.85,56481.7,127760
1789972470000,56484.9,56490.7,56480.3,56485.35,155759
1789972500000,56485.35,56494,56476.65,56480.85,84676
1789972530000,56482.35,56485.55,56475.45,56477.35,169592
1789972560000,56480.85,56490.95,56478.05,56486,111209
1789972590000,56486.25,56487.2,56475.45,56481.25,74676
1789972620000,56479.6,56490.1,56477.6,56483.6,146734
1789972650000,56483.5,56488.25,56469.9,56469.9,98027
1789972680000,56471.1,56478.5,56465.5,56476.3,163664
1789972710000,56474.6,56480.7,56465.75,56468.3,140353
1789972740000,56468.55,56468.55,56455.2,56458.8,226356
1789972770000,56462.6,56463.9,56450.9,56455.85,136677
1789972800000,56454.1,56461.5,56446.75,56448.9,137332
1789972830000,56450.85,56452.85,56442,56446.1,130525
1789972860000,56446.1,56460.85,56446.1,56454.75,121120
1789972890000,56456.65,56458.1,56450.05,56454,71054
1789972920000,56452.45,56457.65,56450.85,56455.55,122269
1789972950000,56457.1,56457.8,56451,56453.05,95729
1789972980000,56451.8,56458.9,56450.65,56458.2,117021
1789973010000,56457.7,56464.05,56453.55,56460.7,88793
1789973040000,56460.7,56467.75,56454.45,56454.45,122287
1789973070000,56457.5,56459.3,56443.4,56453.1,212661
1789973100000,56453.2,56464.9,56445.2,56451.75,324907
1789973130000,56448.55,56458.15,56447.05,56457.85,111454
1789973160000,56456.75,56465.25,56455.75,56460.35,104709
1789973190000,56457.85,56462.7,56452.8,56455.95,106550
1789973220000,56452.9,56457.4,56447.75,56450.1,164912
1789973250000,56448.3,56451.4,56441.25,56443.35,154584
1789973280000,56441.4,56455.35,56441.4,56448.2,146798
1789973310000,56446.55,56450.65,56428.15,56434.05,164984
1789973340000,56428.25,56438.35,56428.25,56436.05,126200
1789973370000,56433.45,56446.1,56433.45,56444.2,86549
1789973400000,56441.45,56448.3,56433,56435.65,153117
1789973430000,56433.05,56439.85,56430,56433.25,57599
1789973460000,56433.25,56442.45,56433.25,56437.55,119820
1789973490000,56438.45,56446.7,56435,56437.35,69021
1789973520000,56437.35,56441.85,56422.65,56428.15,132510
1789973550000,56425.9,56429.45,56412.6,56417.75,137564
1789973580000,56416.2,56426,56405.2,56410.2,184602
1789973610000,56408.25,56412.95,56394.25,56399.05,203483
1789973640000,56400.5,56414.15,56399.9,56411.95,160439
1789973670000,56414.15,56419.25,56405.25,56418.65,109075
1789973700000,56417.85,56424.2,56415.2,56421.3,88058
1789973730000,56418.55,56420.8,56407.5,56409.5,110115
1789973760000,56406.1,56415.3,56406.1,56412.85,78108
1789973790000,56413.45,56431.6,56407,56414.35,111265
1789973820000,56412.4,56424.25,56410.95,56422,111857
1789973850000,56422.7,56430.15,56420.05,56423.05,128315
1789973880000,56421.35,56430.5,56412.75,56421.7,185376
1789973910000,56421.6,56429.2,56419.35,56423.25,81546
1789973940000,56427,56433.75,56423.45,56428.45,122062
1789973970000,56429.75,56433.6,56422.4,56426.65,81880
1789974000000,56425.45,56434.9,56421.25,56433.35,244027
1789974030000,56433.4,56448.6,56429.05,56445.3,235917
1789974060000,56447.45,56448.15,56433.65,56443.6,474840
1789974090000,56442.5,56447.2,56434.5,56443.35,77704
1789974120000,56443.35,56445.55,56429.1,56430.6,116933
1789974150000,56432.5,56435.4,56426.05,56434.1,74545
1789974180000,56432.7,56435.95,56428.9,56432.3,137888
1789974210000,56433.3,56433.3,56406,56410.05,233106
1789974240000,56410.15,56424.45,56407.15,56417.65,212753
1789974270000,56419.95,56423.9,56415.85,56423,96608
1789974300000,56424.25,56431.55,56415.55,56421.55,132664
1789974330000,56420.1,56428.8,56420,56428.75,164021
1789974360000,56428.3,56433,56425,56427.75,102467
1789974390000,56428.15,56431,56422.7,56430,54992
1789974420000,56426.15,56445.45,56424.05,56435.9,125601
1789974450000,56436.9,56441.5,56429.85,56432.05,112841
1789974480000,56430.75,56440.4,56430.75,56438.4,94698
1789974510000,56435.65,56443.15,56433,56438.5,63129
1789974540000,56438.05,56443.2,56430.6,56440.8,110438
1789974570000,56437.6,56445.55,56431.85,56431.85,155055
1789974600000,56432.95,56443.85,56431.05,56432.3,130937
1789974630000,56430.65,56442.9,56430.65,56441.3,81493
1789974660000,56437.55,56443.05,56432.7,56436.8,99659
1789974690000,56436.55,56440.85,56430.05,56438.35,96847
1789974720000,56434.75,56445.7,56434.15,56440.9,129149
1789974750000,56440.95,56446,56437.7,56443.4,107985
1789974780000,56444.1,56454.8,56439.95,56453.05,214769
1789974810000,56453.9,56458.2,56447.5,56451.1,322164
1789974840000,56453.6,56465.2,56447.9,56462.15,195467
1789974870000,56462.4,56470,56457.35,56467.9,455777
1789974900000,56468.85,56471.4,56461.15,56463.5,120050
1789974930000,56464.85,56465.65,56458.4,56463.45,54476
1789974960000,56462.7,56467.9,56458.35,56460.85,91675
1789974990000,56461.55,56468.25,56458.05,56458.05,46517
1789975020000,56462.15,56467.6,56455.65,56463.75,188469
1789975050000,56464.15,56465.2,56456.2,56465.2,70703
1789975080000,56459.6,56468.15,56459.5,56463.9,203067
1789975110000,56464.9,56465,56457.2,56462.35,62707
1789975140000,56461.2,56470.15,56457.9,56463.15,87138
1789975170000,56462.75,56463.9,56456.9,56458.7,41733
1789975200000,56457.5,56464.1,56453.3,56457.3,127793
1789975230000,56457.9,56459.3,56449.35,56454.75,62350
1789975260000,56454.05,56455.75,56444.65,56453.5,161634
1789975290000,56453.75,56460,56451.6,56458.6,188637
1789975320000,56458.2,56463.15,56454.05,56458.3,216538
1789975350000,56459.45,56460.6,56447.5,56452.65,250987
1789975380000,56449,56456.05,56444.9,56450.25,280087
1789975410000,56454.25,56459.1,56450.4,56455.2,302061
1789975440000,56456.9,56468.6,56455.6,56464.05,126609
1789975470000,56463,56464.4,56456.25,56459.75,168579
1789975500000,56461.5,56468.9,56457.9,56464.75,121297
1789975530000,56460.75,56461.6,56453.35,56455.4,64588
1789975560000,56453.3,56459.45,56446.9,56451.35,110854
1789975590000,56453.1,56461,56450.05,56455.35,87417
1789975620000,56455.65,56462.15,56451.55,56456.45,111271
1789975650000,56458.85,56458.85,56447.5,56451.3,56892
1789975680000,56450.05,56458.75,56449.05,56451.55,139852
1789975710000,56449.6,56457.2,56449.6,56455.35,155954
1789975740000,56452.7,56456.45,56442.6,56444.35,151217
1789975770000,56446,56448.8,56439.45,56440,84954
1789975800000,56439.35,56451.5,56439.35,56445.1,163783
1789975830000,56442.85,56448.9,56440.8,56441.45,91824
1789975860000,56439.4,56452.85,56439.4,56443.8,216708
1789975890000,56442.6,56454.85,56440.95,56453.9,350463
1789975920000,56449.9,56466.9,56449.9,56461.9,968708
1789975950000,56461.6,56465.95,56457,56459.35,256872
1789975980000,56456.75,56463.65,56443.7,56449.8,373769
1789976010000,56447.95,56453.8,56445.75,56446.55,261953
1789976040000,56445.35,56454.05,56441.3,56442.8,136239
1789976070000,56441.45,56446.1,56427.3,56438,178465
1789976100000,56433.8,56446.05,56430.5,56445.2,212894
1789976130000,56443.3,56455.55,56443.3,56451.05,64065
1789976160000,56449.85,56456.5,56444.5,56452.7,118482
1789976190000,56451.3,56459.5,56450.1,56456.5,73540
1789976220000,56455.4,56461,56444.7,56444.7,150628
1789976250000,56449.95,56452.45,56442.85,56450,129720
1789976280000,56448.65,56463.85,56443.2,56463.85,106971
1789976310000,56461.6,56466.1,56456.1,56457.75,483450
1789976340000,56459.4,56465.35,56456.75,56457.9,131163
1789976370000,56459.7,56461.3,56452.5,56454.9,149878
1789976400000,56454.35,56457.95,56447.65,56456.4,207834
1789976430000,56456.75,56462.9,56455,56458.35,99950
1789976460000,56460,56463.55,56453.75,56455.2,106245
1789976490000,56454.55,56456.75,56449.25,56454.8,83253
1789976520000,56453.95,56466.55,56453.7,56462.3,159558
1789976550000,56462.95,56463.75,56455.55,56457.3,61257
1789976580000,56457.15,56460.25,56451.1,56452.7,406940
1789976610000,56452,56459.6,56449,56458.8,304443
1789976640000,56457.85,56468.5,56455.15,56465.15,205106
1789976670000,56465.6,56474.8,56463.1,56464.6,120646
1789976700000,56461.35,56480.55,56461.35,56480.55,341926
1789976730000,56479.05,56487.9,56477.3,56485.25,177384
1789976760000,56481.95,56506.15,56481.55,56501,260871
1789976790000,56503.75,56503.8,56495.15,56500.05,60076
1789976820000,56495.7,56502.3,56491.5,56498.75,181296
1789976850000,56497.8,56501.4,56490.95,56493.9,71315
1789976880000,56493.4,56505.85,56491.85,56505.7,119681
1789976910000,56504.85,56514.75,56498.6,56512.1,169756
1789976940000,56513.35,56528.45,56510.2,56523.85,177199
1789976970000,56523.15,56529.25,56521.1,56524.1,165154
1789977000000,56524.9,56537.5,56519.65,56537.5,218559
1789977030000,56533.45,56536.15,56510,56512.8,98757
1789977060000,56510.85,56518.35,56493.15,56499.5,125462
1789977090000,56500.85,56513.3,56500.85,56509.5,171714
1789977120000,56507.1,56524.6,56507.1,56520.6,90965
1789977150000,56519.2,56520.65,56508.4,56516.8,110549
1789977180000,56515.15,56527.55,56514.6,56522.1,147393
1789977210000,56519.7,56523.1,56513,56515.8,83793
1789977240000,56512.75,56520.2,56496.85,56500.8,152418
1789977270000,56497.25,56511.2,56497.25,56508.95,108156
1789977300000,56507.15,56518.35,56505.75,56512.95,143666
1789977330000,56514.4,56518.5,56509,56518.5,83389
1789977360000,56511.4,56527.95,56511.4,56520.8,96140
1789977390000,56518.1,56526.65,56516.2,56523.4,90344
1789977420000,56523.75,56531.85,56521.35,56526.75,112966
1789977450000,56527.35,56532.7,56521.45,56525.1,106096
1789977480000,56524.45,56531.3,56522.1,56525.25,126728
1789977510000,56524.65,56531.05,56522.15,56529.85,76688
1789977540000,56530.25,56531.25,56517.75,56518.75,131901
1789977570000,56520.25,56527.8,56517.4,56523.15,197779
1789977600000,56523.65,56531.3,56519.8,56522.95,226562
1789977630000,56522.25,56523.9,56513.95,56516.9,77299
1789977660000,56520.4,56520.4,56510.4,56517.9,154195
1789977690000,56518.3,56524.1,56514.85,56523.3,72185
1789977720000,56520.1,56532.95,56518.15,56526.25,108530
1789977750000,56526.25,56538,56521.9,56534.45,111385
1789977780000,56532,56544.6,56532,56542,123656
1789977810000,56543.55,56550,56538.75,56549.4,272522
1789977840000,56545.45,56560.3,56543.15,56558.4,919993
1789977870000,56557.55,56567.45,56551.05,56561.9,197679
1789977900000,56565.1,56572.05,56561.25,56563,149016
1789977930000,56565.45,56572.1,56561.55,56568.65,275643
1789977960000,56567.45,56573.8,56565.95,56572.15,209768
1789977990000,56573.1,56577.2,56563.9,56575.75,179921
1789978020000,56576.25,56584.3,56572.35,56579.8,199225
1789978050000,56580.4,56582.1,56572.05,56578.45,98092
1789978080000,56576.05,56578.7,56566,56570.55,238658
1789978110000,56570.15,56574.7,56562.95,56567.2,116507
1789978140000,56569.05,56575.95,56566.1,56571.7,141244
1789978170000,56570.95,56580.55,56566.3,56579.6,186932
1789978200000,56577.4,56582.9,56575.35,56578.3,224573
1789978230000,56578.3,56582.5,56572.45,56574.95,128288
1789978260000,56573.85,56585.7,56570.7,56579,154744
1789978290000,56579,56582.4,56571.9,56580.2,124850
1789978320000,56578.35,56593.35,56572.55,56583.1,218865
1789978350000,56580.4,56585.35,56570.65,56571.85,223813
1789978380000,56573.1,56579,56559.3,56569.7,200893
1789978410000,56570.55,56573.05,56563.35,56570.3,185802
1789978440000,56569.7,56584.5,56565.8,56582.4,173569
1789978470000,56582.15,56585.95,56578.15,56583,187114
1789978500000,56580.25,56586.95,56577,56581.2,153413
1789978530000,56580.6,56581.6,56568.05,56574.3,463690
1789978560000,56570.6,56573.75,56562,56565.75,225060
1789978590000,56565.35,56570.9,56562.15,56569.75,179036
1789978620000,56568.65,56581.9,56567.85,56579.65,153247
1789978650000,56577.2,56584.4,56575.05,56582.3,182177
1789978680000,56580.35,56591.45,56578.3,56589.6,182679
1789978710000,56587.3,56589.25,56573.25,56577.55,166144
1789978740000,56575.15,56585.95,56567.25,56585.95,218031
1789978770000,56585.1,56594.45,56580.75,56591,142592
1789978800000,56585.6,56596.3,56584.25,56596.3,143299
1789978830000,56593.6,56595.75,56585.75,56594.7,151666
1789978860000,56591.15,56619.8,56590.4,56619.2,200078
1789978890000,56614.35,56618.35,56602.3,56604.55,170616
1789978920000,56601.5,56615.3,56601.5,56611.65,213635
1789978950000,56611.65,56611.65,56599.3,56604.45,227601
1789978980000,56601.5,56615.85,56600.7,56612.25,179344
1789979010000,56610.1,56612.25,56601.05,56608.9,102149
1789979040000,56603.95,56611.55,56598.2,56598.6,143324
1789979070000,56597.85,56609.75,56596.55,56605.05,145581
1789979100000,56604.95,56619.7,56604.95,56617.45,165802
1789979130000,56616.95,56618.7,56608.7,56612.5,117645
1789979160000,56612.05,56618.3,56608.25,56613.45,178566
1789979190000,56611.5,56615.85,56605.6,56611.7,111871
1789979220000,56609.85,56615.25,56608.1,56614.45,206876
1789979250000,56612.6,56621.35,56609.9,56618.2,194112
1789979280000,56617.5,56639.75,56615.75,56634.8,356395
1789979310000,56634.7,56637.8,56622.65,56633.5,169610
1789979340000,56631.1,56649.55,56627.3,56646.3,205872
1789979370000,56645.8,56662.85,56640.3,56646.05,386092
1789979400000,56645.1,56657.95,56644.3,56649.6,267147
1789979430000,56646.75,56651,56632.8,56642.8,176027
1789979460000,56644.5,56654.65,56640.8,56650.8,378379
1789979490000,56652.05,56655.4,56645.65,56645.75,185305
1789979520000,56648.3,56655.55,56642.5,56650.35,221685
1789979550000,56648.05,56661.1,56641.05,56660.1,171341
1789979580000,56657.8,56668.2,56651.95,56655.7,219788
1789979610000,56659.2,56659.7,56644.95,56649.4,114146
1789979640000,56647.75,56654.25,56640.85,56643.35,175598
1789979670000,56642.3,56649.55,56638.1,56638.6,143126
1789979700000,56638.25,56639.2,56623.65,56631.8,267018
1789979730000,56631.2,56634.2,56623,56630.2,193774
1789979760000,56630.5,56644.9,56624.2,56639.85,168885
1789979790000,56636.85,56642.85,56632.95,56638.1,187899
1789979820000,56638.05,56645.45,56632.8,56639.75,183620
1789979850000,56639.05,56645.7,56628.7,56631.15,229607
1789979880000,56632.6,56639.75,56625.25,56637.2,233361
1789979910000,56633.7,56637.75,56623.85,56626.85,113265
1789979940000,56624.95,56634.05,56618.75,56620.25,145635
1789979970000,56621.15,56624.75,56615.75,56617.85,199684
1789980000000,56615.6,56623.8,56607.75,56613.7,217477
1789980030000,56612.85,56613.1,56600.85,56605.35,159690
1789980060000,56605.55,56620.8,56602.85,56618.15,168198
1789980090000,56617.15,56622.7,56614.55,56617.05,116389
1789980120000,56615.05,56624.85,56613.7,56621.05,137711
1789980150000,56619.45,56624.5,56615.8,56618.85,166442
1789980180000,56618.05,56624.6,56607.55,56608,138522
1789980210000,56609.75,56616.65,56606.05,56616.65,126797
1789980240000,56613.2,56622.15,56612.3,56619.8,121849
1789980270000,56612.85,56617.15,56597.25,56599.4,221165
1789980300000,56596.45,56611.3,56596.45,56607.15,152746
1789980330000,56607.15,56611.55,56603.7,56608.25,184738
1789980360000,56606.45,56616.2,56600.9,56615.5,241111
1789980390000,56612.95,56615.95,56606.85,56611.45,145113
1789980420000,56609.95,56623.5,56607.9,56621.95,150560
1789980450000,56621.25,56622.35,56613.25,56619.45,197002
1789980480000,56617.25,56627.2,56614.8,56625.6,201853
1789980510000,56625.6,56630.6,56619.75,56628.35,189951
1789980540000,56626.45,56634.65,56624.05,56634.65,142259
1789980570000,56636.7,56636.7,56619.8,56625.45,162528
1789980600000,56625.7,56638.35,56624.45,56630.8,287127
1789980630000,56627,56629.95,56621.8,56626.85,173764
1789980660000,56627.7,56631.8,56619.25,56620.55,183452
1789980690000,56620.55,56623.9,56611.8,56615,167233
1789980720000,56612.95,56614.45,56605.8,56609.15,153751
1789980750000,56608.45,56613.35,56600.4,56610.55,248561
1789980780000,56609.4,56620.4,56607.05,56614.05,136608
1789980810000,56614.45,56625.7,56612.5,56625,175949
1789980840000,56624.45,56629.1,56613.3,56620.4,209884
1789980870000,56620.75,56622.15,56612.6,56614.35,184151
1789980900000,56616.1,56618.2,56608.75,56610,176800
1789980930000,56608.4,56610.85,56598.5,56604.3,224047
1789980960000,56604.9,56614.2,56602.15,56606,156390
1789980990000,56607,56611.5,56592.35,56604.25,168544
1789981020000,56604.2,56609.2,56598.85,56605.55,165855
1789981050000,56606.4,56610.2,56603.15,56608.9,118799
1789981080000,56610.2,56612,56597.75,56600.6,180609
1789981110000,56600.5,56602.1,56595.4,56600.05,165107
1789981140000,56599.9,56599.9,56587.95,56596.95,150580
1789981170000,56597,56601.05,56589.95,56597.95,200500
1789981200000,56594.3,56598.05,56575.1,56576.75,341249
1789981230000,56576.5,56580,56560.2,56568.1,181454
1789981260000,56566.45,56583.4,56566.45,56578.45,127845
1789981290000,56577.95,56582.25,56573.85,56575.95,216409
1789981320000,56573.25,56586.35,56573.25,56581.2,167070
1789981350000,56581.25,56583.65,56576.45,56581.95,169938
1789981380000,56578.35,56584.85,56573.2,56576.2,720599
1789981410000,56575.95,56583.85,56571.6,56575.2,243216
1789981440000,56574.75,56584.05,56572.45,56578.3,178680
1789981470000,56576.95,56584.15,56566.25,56574.05,221902
1789981500000,56572.95,56578.95,56561.9,56567.85,266449
1789981530000,56568.15,56577.15,56566.5,56572,413358
1789981560000,56570.6,56582.1,56570.6,56581.55,219913
1789981590000,56580.75,56582.9,56570.4,56573.25,159664
1789981620000,56568.7,56578.6,56568.7,56575.9,131629
1789981650000,56574.5,56579.05,56571.85,56577.9,205772
1789981680000,56575.8,56579.7,56573.05,56577.75,163650
1789981710000,56576.95,56582.6,56575.25,56579.6,186969
1789981740000,56575.5,56584.1,56575.5,56583.6,195566
1789981770000,56581.75,56583.35,56569.9,56578,164685
1789981800000,56573.85,56583.95,56573.85,56579.65,140028
1789981830000,56578.4,56590.75,56578.4,56588.9,175939
1789981860000,56585.1,56588.25,56581.65,56584.8,123335
1789981890000,56584.85,56587.1,56575.85,56583.4,146696
1789981920000,56582.25,56590.35,56576.45,56589.35,150661
1789981950000,56590,56594.2,56586.15,56592.95,263442
1789981980000,56594.35,56612.1,56592.45,56609.85,211309
1789982010000,56608.7,56608.7,56589.8,56597.45,210149
1789982040000,56598.8,56601.25,56591,56597.75,219753
1789982070000,56599.15,56601.15,56587.5,56589.4,174193
1789982100000,56585.8,56595.15,56585.8,56590.1,142273
1789982130000,56588.75,56591.7,56584.8,56589.25,166384
1789982160000,56589.85,56591.55,56585.55,56587.6,223986
1789982190000,56588.95,56590.25,56581,56584.55,199088
1789982220000,56584.6,56588.85,56577.4,56587.75,179985
1789982250000,56589.55,56589.55,56579.45,56584.05,216726
1789982280000,56580.75,56591.35,56580.15,56587,218120
1789982310000,56587.6,56589.5,56565.75,56570.25,280808
1789982340000,56568.85,56572.6,56565.95,56569.2,139823
1789982370000,56568.75,56573.5,56564,56571.95,196941
1789982400000,56570.55,56583.8,56567.4,56582.05,467717
1789982430000,56581.2,56582.2,56561.05,56565.45,372179
1789982460000,56565.55,56568,56553.7,56566.5,324592
1789982490000,56567.4,56567.85,56552.35,56557.95,634322
1789982520000,56557.9,56562.3,56545.7,56548.95,485116
1789982550000,56548.1,56554.1,56543.35,56552.5,879224
1789982580000,56552,56556.8,56542,56545.8,271065
1789982610000,56547,56550.4,56542.95,56547.25,249313
1789982640000,56545.75,56553.25,56542,56552.5,424066
1789982670000,56551.8,56558.35,56550.15,56555.65,235643
1789982700000,56554.95,56555.05,56539.3,56550.7,187389
1789982730000,56549.45,56551.15,56540.45,56547.75,213750
1789982760000,56545.6,56556.05,56542.45,56555.9,193543
1789982790000,56551.15,56558.5,56547.65,56553.1,390008
1789982820000,56550.7,56570.4,56550.7,56569.15,417875
1789982850000,56567.45,56570.35,56560.6,56563.05,204079
1789982880000,56559.65,56563.1,56557.15,56559.4,195311
1789982910000,56558.95,56560.95,56542.1,56544.9,306651
1789982940000,56543.55,56549.75,56540.35,56548.75,269885
1789982970000,56545.45,56555.05,56545.45,56546.2,191524
1789983000000,56548.3,56548.3,56512.85,56516.3,781336
1789983030000,56516.05,56524.6,56508.1,56523.95,300624
1789983060000,56524.3,56527.05,56514.9,56525.8,357902
1789983090000,56526.85,56532.1,56523.35,56524.2,433878
1789983120000,56527.05,56527.05,56514.4,56517.2,254758
1789983150000,56519.5,56519.75,56506.9,56511.7,581325
1789983180000,56512.05,56517.9,56504.2,56510.85,337269
1789983210000,56514.05,56514.65,56503.7,56510.5,326165
1789983240000,56511.9,56514.65,56501.95,56506.9,246119
1789983270000,56508.3,56520.7,56500.4,56520.7,238673
1789983300000,56518.6,56523.4,56513.25,56521.1,570719
1789983330000,56522.8,56531.8,56518.55,56531,461814
1789983360000,56528,56532.5,56520.7,56524.5,317785
1789983390000,56526.6,56538.15,56522.1,56527.4,676000
1789983420000,56527.15,56531.4,56524.3,56530.75,463971
1789983450000,56530.95,56531.4,56513.65,56525.9,550729
1789983480000,56524.3,56529,56518.5,56525.5,728280
1789983510000,56529.6,56530.45,56515.15,56524.1,536570
1789983540000,56523.55,56532.9,56520.45,56528.9,578744
1789983570000,56531.05,56541.95,56524,56531.8,396265
1789983600000,56531.65,56535.65,56522.6,56531.7,1229989
1789983630000,56535.15,56535.15,56517.85,56518.8,973752
1789983660000,56519.15,56531.6,56517.6,56523.45,459325
1789983690000,56526,56531.4,56515.8,56521.2,524468
1789983720000,56517.5,56521.95,56500.3,56517.3,956698
1789983750000,56514.7,56529.55,56495.6,56500.3,1086535
1789983780000,56509.1,56512.75,56488.55,56502.65,430258
1789983810000,56512.25,56526.3,56501.35,56517.55,550982
1789983840000,56509.65,56518.55,56503.95,56511.5,363846
1789983870000,56513.75,56522.2,56473.05,56494.9,240520
1789983900000,56494.9,56494.9,56494.9,56494.9,18636
1789983930000,56494.9,56494.9,56494.9,56494.9,0
1789983960000,56494.9,56494.9,56494.9,56494.9,0
1789983990000,56494.9,56494.9,56494.9,56494.9,0
1789984020000,56494.9,56494.9,56494.9,56494.9,0
1789984050000,56494.9,56494.9,56494.9,56494.9,0
1789984080000,56494.9,56494.9,56494.9,56494.9,0
1789984110000,56494.9,56494.9,56494.9,56494.9,0
1789984140000,56494.9,56494.9,56494.9,56494.9,0
1789984170000,56494.9,56494.9,56494.9,56494.9,0
1789984200000,56494.9,56494.9,56494.9,56494.9,0
1789984230000,56494.9,56494.9,56494.9,56494.9,0
1789984260000,56494.9,56494.9,56494.9,56494.9,0
1789984290000,56494.9,56494.9,56494.9,56494.9,0
1789984320000,56494.9,56494.9,56494.9,56494.9,0
1789984350000,56494.9,56494.9,56494.9,56494.9,0
1789984380000,56494.9,56494.9,56494.9,56494.9,0
1789984410000,56494.9,56494.9,56494.9,56494.9,0
1789984440000,56494.9,56494.9,56494.9,56494.9,0
1789984470000,56494.9,56494.9,56494.9,56494.9,0
1789984500000,56494.9,56494.9,56494.9,56494.9,0
1789984530000,56494.9,56494.9,56494.9,56494.9,0
1789984560000,56494.9,56494.9,56494.9,56494.9,0
1789984590000,56494.9,56494.9,56494.9,56494.9,0
1789984620000,56494.9,56494.9,56494.9,56494.9,0
1789984650000,56494.9,56494.9,56494.9,56494.9,0
1789984680000,56494.9,56494.9,56470.65,56470.65,3965137
1789984710000,56470.65,56470.65,56470.65,56470.65,0
1789984740000,56470.65,56470.65,56470.65,56470.65,0
1789984770000,56470.65,56470.65,56470.65,56470.65,0
1790048700000,56489.9,56647.6,56483.55,56553.75,1292209
1790048730000,56557.25,56594.5,56553.2,56587.9,667449
1790048760000,56593.65,56612.75,56586.1,56589.3,873112
1790048790000,56582.2,56583.7,56521.85,56523.7,419186
1790048820000,56530.1,56543.25,56520.1,56543.25,446681
1790048850000,56545.9,56560.45,56538.35,56549.3,385640
1790048880000,56549.65,56577.65,56542.7,56577.65,451017
1790048910000,56570.8,56581.95,56564.2,56572.1,308750
1790048940000,56567.3,56581.5,56558.3,56567.05,466421
1790048970000,56574.4,56578.85,56565.15,56571.75,299401
1790049000000,56572.55,56599,56570.65,56591.15,508934
1790049030000,56590.45,56590.45,56564.55,56565.45,420142
1790049060000,56569,56574.55,56558.95,56573.6,324598
1790049090000,56574.85,56596,56567.3,56591.25,392875
1790049120000,56593.65,56601.3,56583.7,56592.6,366534
1790049150000,56594.75,56601.6,56580.6,56583.7,204735
1790049180000,56585.9,56600.45,56577.05,56595.4,272872
1790049210000,56597.45,56613.85,56594.25,56606.6,261259
1790049240000,56609.75,56618.35,56606.45,56614.25,323946
1790049270000,56612.35,56631.1,56611.6,56618.5,271593
1790049300000,56623.2,56623.2,56599.4,56606.4,297679
1790049330000,56607.8,56612.15,56596.4,56604.05,310533
1790049360000,56602.25,56605.8,56590.45,56601.8,284856
1790049390000,56603.55,56605.85,56564.85,56566.05,365550
1790049420000,56570.05,56574.35,56556.3,56556.3,534875
1790049450000,56559.35,56577.1,56551.05,56575.95,309914
1790049480000,56578.65,56594.3,56572.15,56590.85,312551
1790049510000,56590.15,56618.1,56585.65,56608.2,239263
1790049540000,56612.05,56620.55,56606.7,56614.2,380894
1790049570000,56615.9,56655.9,56614.1,56651.85,702266
1790049600000,56655.4,56671,56646.35,56668.75,913322
1790049630000,56667.2,56671.1,56653,56655.35,466847
1790049660000,56661.75,56661.75,56633.65,56643.85,157337
1790049690000,56646.95,56656.5,56638,56651.5,223248
1790049720000,56652.35,56654.75,56635.45,56635.45,220897
1790049750000,56625.9,56625.9,56593,56595.7,396686
1790049780000,56601.55,56610.15,56594.2,56597.8,332965
1790049810000,56604,56604.65,56581.5,56581.5,110005
1790049840000,56584.25,56591.75,56574.55,56584.55,226047
1790049870000,56588,56591.6,56580,56587.7,121297
1790049900000,56584.4,56602.7,56584.3,56599.25,136011
1790049930000,56602.35,56606.7,56587.5,56591.8,140536
1790049960000,56592.15,56594.3,56584.7,56586.7,82565
1790049990000,56591.2,56592.6,56580.95,56592.6,108607
1790050020000,56594,56608.55,56585.05,56608.4,186061
1790050050000,56610.9,56618.7,56603.1,56618.65,317442
1790050080000,56620.75,56626.15,56607.35,56623,150126
1790050110000,56626.75,56629.15,56611.95,56614.1,265982
1790050140000,56615.05,56620.75,56610.6,56620.2,292811
1790050170000,56625.15,56628.55,56614.9,56625.85,291986
1790050200000,56626.85,56626.95,56592.35,56596.5,148652
1790050230000,56597.5,56599.05,56587.1,56595.35,225025
1790050260000,56600.2,56609.9,56595.1,56606.9,168547
1790050290000,56611.95,56614.85,56603.15,56613.6,76349
1790050320000,56615.65,56619.55,56607.95,56614.85,177616
1790050350000,56617.6,56624.9,56606.15,56624.2,115379
1790050380000,56623.55,56626.55,56615.65,56622.15,85696
1790050410000,56619.55,56619.65,56607.85,56619,89543
1790050440000,56618.3,56622.45,56612.25,56612.25,155942
1790050470000,56614.35,56621.4,56605.45,56620.05,111206
1790050500000,56622.05,56625.1,56608.95,56610.05,130116
1790050530000,56605.05,56611.1,56596.6,56603.8,93237
1790050560000,56602.65,56610.3,56598.5,56610.25,98072
1790050590000,56610.1,56621,56606.6,56617.3,237070
1790050620000,56615.25,56631.8,56613.05,56626.65,387234
1790050650000,56626.8,56630.9,56621.25,56628.9,112169
1790050680000,56629.2,56643.6,56624.85,56630.6,285481
1790050710000,56633.95,56633.95,56615.8,56618.9,115523
1790050740000,56619.85,56628,56613.35,56622.6,609231
1790050770000,56621.1,56625.1,56615.8,56618.8,190323
1790050800000,56620.15,56643.1,56613.75,56634.65,175826
1790050830000,56635.4,56660.25,56627.15,56654.25,193616
1790050860000,56652.2,56657.7,56639.45,56644.85,146113
1790050890000,56642.5,56642.5,56622.85,56628.25,128526
1790050920000,56629.45,56630.9,56617.8,56625.65,85107
1790050950000,56625.65,56634.1,56621.2,56627.65,108634
1790050980000,56625.4,56632.4,56616.35,56622.25,103165
1790051010000,56622.25,56626.9,56618.75,56622.45,96794
1790051040000,56624.5,56629.9,56615.65,56619,167509
1790051070000,56620.2,56620.35,56610.1,56616.25,156504
1790051100000,56615.9,56616.35,56595.15,56604,92951
1790051130000,56602.8,56603.95,56592.25,56596.6,81372
1790051160000,56597.55,56604.45,56590.2,56602.15,101981
1790051190000,56602.15,56609.45,56596.15,56599.9,114221
1790051220000,56600.65,56606.3,56590.6,56598.45,89685
1790051250000,56597.75,56602.45,56586.95,56592.2,61791
1790051280000,56591.55,56599.3,56590.2,56596.85,108310
1790051310000,56593.75,56604.95,56590.1,56604.95,159005
1790051340000,56606.6,56608.7,56600.7,56605.4,115213
1790051370000,56605.4,56617.8,56599.95,56607.25,110377
1790051400000,56607.4,56617.55,56605,56613,153145
1790051430000,56613,56622.85,56610.1,56621.7,132628
1790051460000,56621,56621,56603.95,56606,193920
1790051490000,56606,56608.9,56578.75,56586.6,195318
1790051520000,56584.25,56586.05,56577.3,56578.7,198958
1790051550000,56579.55,56582.4,56570.2,56575.9,86038
1790051580000,56577.95,56591.6,56574.95,56582,108748
1790051610000,56586.85,56590.4,56576.95,56585.85,79965
1790051640000,56586.15,56597.35,56580.3,56593.95,109683
1790051670000,56594.8,56596.4,56584.5,56587.7,81766
1790051700000,56589.45,56595.6,56586.1,56588.65,201412
1790051730000,56593.65,56593.65,56577.55,56580.15,172030
1790051760000,56578,56580.75,56567.9,56569,204401
1790051790000,56568,56570.45,56558.65,56558.85,277604
1790051820000,56557.15,56560.55,56550.45,56553.85,119998
1790051850000,56553.65,56571.35,56553.05,56567.9,88798
1790051880000,56567.5,56578.1,56563.2,56571.2,330879
1790051910000,56573.55,56588.7,56570.25,56586.95,264721
1790051940000,56586.75,56595.5,56578.65,56593.35,250380
1790051970000,56595.6,56600.95,56590.3,56598.95,190375
1790052000000,56598.6,56606.6,56590.65,56592.55,109207
1790052030000,56592.75,56599,56585.9,56593.25,91510
1790052060000,56592.05,56607.7,56587.9,56606.4,139227
1790052090000,56605.7,56610.25,56597.85,56603.4,254881
1790052120000,56601.15,56609.2,56590.55,56596.55,1051803
1790052150000,56594.45,56600.25,56585.35,56596,154712
1790052180000,56595.3,56599.4,56580.2,56585.4,398174
1790052210000,56586.1,56592.95,56577.5,56590.4,343345
1790052240000,56593,56604.65,56588.3,56596.9,587066
1790052270000,56598.3,56602.2,56591.2,56599.3,195138
1790052300000,56600.4,56603.35,56578.55,56583.2,203560
1790052330000,56586.65,56594.05,56578.35,56587.75,281970
1790052360000,56586.75,56588.25,56573.3,56586.95,209642
1790052390000,56586.85,56586.85,56566.45,56579.35,269011
1790052420000,56578.05,56584.4,56571.6,56578.55,127937
1790052450000,56578.55,56587.95,56575.75,56582.35,90357
1790052480000,56579.35,56582.5,56563.65,56570.85,144783
1790052510000,56569.45,56580.3,56561.5,56578,158859
1790052540000,56578.7,56580.3,56571.35,56571.35,239692
1790052570000,56570.75,56572.8,56563.25,56563.25,66047
1790052600000,56565.9,56565.9,56556.9,56559.45,61965
1790052630000,56559.45,56567.4,56544.2,56544.2,661560
1790052660000,56546.75,56555.75,56542.85,56550.8,99439
1790052690000,56550.8,56550.8,56524.35,56528.75,206440
1790052720000,56529.35,56529.35,56513.85,56515.45,129185
1790052750000,56514.2,56520.4,56494.55,56500.6,232097
1790052780000,56499.9,56511.9,56494.95,56508,137891
1790052810000,56508,56521.85,56505.6,56515.1,161743
1790052840000,56513.35,56520.05,56510.55,56517.8,87888
1790052870000,56520.9,56525.55,56514.65,56515.8,450794
1790052900000,56515.55,56519.05,56507.65,56513.45,134302
1790052930000,56511.4,56515.15,56506.05,56513.2,174390
1790052960000,56513.45,56516.35,56503.15,56506.4,120636
1790052990000,56503.8,56511.3,56502.1,56507.05,72436
1790053020000,56502.85,56508.25,56498.15,56505.4,104898
1790053050000,56507.2,56522.9,56500.25,56515.65,185353
1790053080000,56516.7,56522.65,56510.55,56518.3,71444
1790053110000,56518.15,56527.8,56515.1,56525.65,110355
1790053140000,56527.7,56533.3,56518.3,56530.85,49385
1790053170000,56532.75,56532.75,56510.35,56514.9,75403
1790053200000,56510.35,56516.05,56505.85,56508,164410
1790053230000,56507.3,56507.3,56478.1,56480.35,277821
1790053260000,56480.95,56481.1,56457.05,56461.8,151575
1790053290000,56462.5,56468.95,56460.55,56467.55,154316
1790053320000,56465.5,56470.7,56459.1,56463.2,108349
1790053350000,56463.85,56463.85,56446.75,56448.2,195343
1790053380000,56449.05,56454.75,56442.1,56444.9,185153
1790053410000,56450.55,56450.55,56424.1,56428.2,158212
1790053440000,56428.75,56441.25,56422.9,56437.8,169915
1790053470000,56439.7,56449.5,56436.45,56445.65,122356
1790053500000,56444.45,56444.45,56410,56412.35,200786
1790053530000,56409.1,56411.4,56399.05,56399.05,196576
1790053560000,56400.7,56405.4,56394.8,56395.5,177554
1790053590000,56397.85,56404,56390.75,56403.55,82279
1790053620000,56401.5,56405.6,56396.15,56403.8,93797
1790053650000,56405.8,56411,56400.3,56408.4,79233
1790053680000,56407.55,56422.8,56399.35,56422.8,200645
1790053710000,56420.15,56420.75,56405.95,56409.45,155346
1790053740000,56408.75,56409.7,56395.45,56401.8,188488
1790053770000,56403.55,56408.15,56394.05,56407.75,168807
1790053800000,56405.05,56424.7,56403.3,56418.15,152654
1790053830000,56418.3,56421,56405.4,56417.65,77913
1790053860000,56419.4,56420.4,56407,56410.2,180762
1790053890000,56407.25,56412.3,56381.3,56381.3,258510
1790053920000,56383.65,56383.65,56340.85,56345.15,700593
1790053950000,56343.5,56384.8,56339.3,56383.6,206092
1790053980000,56385,56394.7,56382.4,56391.6,71122
1790054010000,56390.95,56400.05,56383.05,56394.05,274742
1790054040000,56394.6,56397.35,56380.6,56382.4,112433
1790054070000,56381.15,56384.15,56372.4,56373.55,77755
1790054100000,56373.1,56373.1,56357.55,56361.85,104332
1790054130000,56361.5,56369.7,56357.85,56362.15,112928
1790054160000,56363.25,56384.15,56361.25,56382.25,76871
1790054190000,56381.35,56383.55,56375.05,56378.9,45354
1790054220000,56377.35,56382.95,56375,56379.25,90843
1790054250000,56378.45,56393.7,56377.1,56385.55,65219
1790054280000,56382.1,56391.4,56372.4,56375.3,114172
1790054310000,56372.45,56375.8,56366.25,56366.25,112273
1790054340000,56365.65,56370,56360.7,56368.8,58855
1790054370000,56367.45,56375.5,56359.6,56359.9,77331
1790054400000,56361.3,56361.65,56343.5,56346.4,215369
1790054430000,56346.7,56346.85,56328.95,56337.1,130836
1790054460000,56334.25,56338.35,56330.45,56332.65,122460
1790054490000,56331,56354.05,56328.15,56348.95,203469
1790054520000,56348.7,56350.5,56332,56332,84881
1790054550000,56334.75,56337.25,56318.25,56324.45,112603
1790054580000,56325.05,56334.3,56325,56329.2,93278
1790054610000,56330.45,56333.8,56323.3,56331.55,151674
1790054640000,56332.1,56339.1,56330.7,56337.45,45733
1790054670000,56339,56354.95,56337.5,56354.7,97331
1790054700000,56352.6,56358.85,56349.1,56354.9,63596
1790054730000,56354.2,56365.25,56347.8,56363.8,278683
1790054760000,56364.75,56370.2,56361.55,56366.5,93471
1790054790000,56365.9,56369.25,56359.4,56366.4,79919
1790054820000,56364.1,56373.8,56361.6,56370,51781
1790054850000,56372.7,56380.65,56364.6,56377.85,135793
1790054880000,56377.25,56384.85,56368.85,56372,117682
1790054910000,56372.4,56384.75,56364.95,56383.55,174737
1790054940000,56382,56393.9,56377.6,56393.5,196812
1790054970000,56392.8,56396.55,56382.45,56388.85,146272
1790055000000,56390.6,56392.2,56358.7,56360.8,159200
1790055030000,56362.05,56371.25,56359.4,56365.4,100885
1790055060000,56362.7,56366.55,56345.3,56347.75,324043
1790055090000,56346.65,56351.55,56330.45,56339.15,153371
1790055120000,56338.8,56345.75,56335.65,56343.15,45809
1790055150000,56342.85,56349.5,56340.05,56340.3,73053
1790055180000,56342.9,56344.6,56330.25,56335.35,152021
1790055210000,56334,56336.9,56329.05,56335.75,72326
1790055240000,56335.85,56338.8,56330.05,56333.55,85222
1790055270000,56334.75,56336.8,56326.1,56329.7,86263
1790055300000,56329.8,56332.4,56316.35,56317.9,241748
1790055330000,56318.6,56318.6,56306.55,56314.1,120667
1790055360000,56313.4,56322.6,56312.75,56318.1,88391
1790055390000,56320.05,56325.25,56314.75,56325,72886
1790055420000,56322.7,56327.3,56310.9,56312.45,103746
1790055450000,56311.6,56323.25,56304.5,56318.8,115338
1790055480000,56319.4,56321.75,56304.9,56304.9,122517
1790055510000,56303.6,56308.25,56291.65,56302.8,333836
1790055540000,56302.2,56315,56299.35,56314.85,105895
1790055570000,56312.25,56322.85,56312.25,56318.7,264979
1790055600000,56317.15,56338.8,56315.05,56332.6,98483
1790055630000,56330.95,56334.55,56326.65,56330.25,115866
1790055660000,56327.6,56340.8,56327.6,56332.8,80582
1790055690000,56329.75,56336.2,56324.3,56330.5,108792
1790055720000,56329.1,56339.05,56327.9,56335.15,93051
1790055750000,56334.15,56335.4,56328.2,56331.8,66079
1790055780000,56330.55,56350.1,56329.55,56340.85,143478
1790055810000,56340.3,56345.95,56335.55,56340,73913
1790055840000,56339.85,56365.15,56339.2,56360.7,214369
1790055870000,56359.9,56367.65,56356.1,56362.05,120370
1790055900000,56362.65,56363.25,56345.15,56345.25,97136
1790055930000,56345.9,56353.7,56343.5,56349.4,197463
1790055960000,56349.4,56350.6,56342.2,56347.5,69814
1790055990000,56349.5,56357.5,56348.55,56353.1,125489
1790056020000,56354.25,56359.35,56350.9,56351.25,203192
1790056050000,56352.65,56362.35,56347.55,56356.75,278378
1790056080000,56359.4,56359.4,56349.5,56352.8,220877
1790056110000,56352.85,56356.15,56347.5,56347.5,67203
1790056140000,56349.6,56349.75,56334,56337.35,158720
1790056170000,56335.9,56338.4,56328.3,56330.7,189971
1790056200000,56332.55,56340.25,56329.65,56332.85,221629
1790056230000,56333.45,56339.65,56332.3,56336.6,70354
1790056260000,56334.85,56334.85,56325.4,56332.8,66762
1790056290000,56333.15,56333.15,56326.95,56332.6,79976
1790056320000,56331.1,56335.1,56327.85,56332.95,81282
1790056350000,56334.65,56337.3,56329,56332.1,56013
1790056380000,56333.75,56352.3,56331.95,56352.3,116015
1790056410000,56346.5,56350.95,56338.15,56343.45,125274
1790056440000,56345.9,56355.65,56342.4,56350.05,90465
1790056470000,56352.95,56361.4,56347.4,56354.65,105488
1790056500000,56354.65,56371.65,56352.5,56367.95,146147
1790056530000,56368.65,56370.95,56357,56359,77128
1790056560000,56360.2,56360.8,56346.1,56349.95,364942
1790056590000,56351.3,56353.2,56343.55,56346.9,185184
1790056620000,56346.55,56348.2,56337.95,56344.35,87746
1790056650000,56344.95,56352.25,56343.5,56347.85,109335
1790056680000,56347.85,56359.5,56343.45,56354.45,178468
1790056710000,56349.7,56361.2,56348.45,56355.45,430604
1790056740000,56358.9,56361.35,56348.4,56351.65,267897
1790056770000,56353.25,56353.25,56337.8,56344.2,200436
1790056800000,56345.8,56349.95,56327.7,56332.05,283758
1790056830000,56332.85,56333.65,56326.85,56330.35,140038
1790056860000,56330.35,56334.2,56323.05,56323.8,198005
1790056890000,56324.85,56327.55,56311.2,56313.95,145855
1790056920000,56313,56315.7,56297.2,56300,101709
1790056950000,56299.2,56316.5,56297.35,56316.5,381065
1790056980000,56315.1,56322.7,56313.8,56318,105921
1790057010000,56316.6,56321.3,56312.3,56314.7,141727
1790057040000,56314.7,56316.65,56305.7,56308.4,68631
1790057070000,56305,56308.85,56296.6,56296.6,54459
1790057100000,56296.6,56298.7,56281.85,56284.9,264646
1790057130000,56282.4,56285.4,56276.6,56284.8,82441
1790057160000,56283.45,56289.4,56278.6,56282.05,128689
1790057190000,56282.25,56298.1,56280.75,56292.5,42463
1790057220000,56294.95,56296.15,56286.25,56289.75,48692
1790057250000,56289.65,56296.85,56287.8,56290.1,49298
1790057280000,56290.1,56298.5,56287.15,56292.3,133590
1790057310000,56292.7,56296.8,56287.6,56291.15,90234
1790057340000,56289.05,56292,56281.05,56282.8,77369
1790057370000,56282.2,56283.55,56262.25,56263.85,144128
1790057400000,56268.45,56274.25,56262.1,56262.1,72130
1790057430000,56259.45,56269.15,56255.05,56267.9,151026
1790057460000,56269.95,56276.3,56266.2,56272.15,71833
1790057490000,56273.35,56276.05,56267.85,56271.45,52531
1790057520000,56273.45,56276.25,56266.4,56266.4,67252
1790057550000,56268.25,56268.5,56253.35,56254.7,502711
1790057580000,56255.7,56262.75,56252.4,56256.25,163300
1790057610000,56260.4,56262.9,56250.1,56254.25,36629
1790057640000,56255.6,56259.85,56251.95,56259.4,99447
1790057670000,56260.45,56264.7,56255.45,56259.4,248497
1790057700000,56260.7,56261.85,56255.65,56258.75,98784
1790057730000,56258.5,56261.45,56253.6,56255.75,56701
1790057760000,56257.95,56257.95,56245.3,56248.4,112318
1790057790000,56249.4,56249.4,56225.1,56230.7,763901
1790057820000,56230.4,56243.35,56225.45,56238.45,180890
1790057850000,56240.05,56243.4,56233.55,56240.6,155275
1790057880000,56240.2,56261.55,56237.3,56258.6,148512
1790057910000,56259.45,56262.2,56254.15,56258.25,56064
1790057940000,56258.85,56260.15,56249.1,56252.05,62558
1790057970000,56251.75,56261.3,56250.25,56255.35,68933
1790058000000,56257.15,56258.85,56252.55,56255.45,57594
1790058030000,56255.5,56259.15,56250.85,56255.05,205444
1790058060000,56255.1,56259.7,56237.9,56239.75,204009
1790058090000,56240.95,56243.4,56235.5,56242,59458
1790058120000,56243.45,56257.95,56237.75,56256.1,127181
1790058150000,56257.3,56271.4,56257.2,56271.4,102665
1790058180000,56271.4,56271.4,56255.5,56255.5,81987
1790058210000,56252.95,56257.9,56247.45,56255.9,121295
1790058240000,56255.8,56259.95,56252.15,56254.65,130825
1790058270000,56252.25,56254.25,56228.25,56228.25,224640
1790058300000,56228.95,56231.75,56215.25,56223,178565
1790058330000,56221.75,56231.8,56220.85,56227.3,85009
1790058360000,56225.55,56228.6,56217.45,56219.85,120236
1790058390000,56218,56248.6,56216.3,56248.1,149439
1790058420000,56249.2,56251.1,56237.25,56241.05,94951
1790058450000,56240,56255.95,56238.9,56255.95,134324
1790058480000,56255.95,56257.15,56247.7,56255.2,133561
1790058510000,56253.65,56263.95,56250.75,56262.7,65651
1790058540000,56261.45,56269,56258.3,56260.65,227604
1790058570000,56259.05,56265.75,56257.6,56265.75,191444
1790058600000,56264.15,56271.05,56261.1,56270.2,84409
1790058630000,56269.6,56274.6,56258.1,56261.85,625370
1790058660000,56261.85,56265.45,56253.8,56257.5,173125
1790058690000,56255.55,56263.4,56254.7,56259.45,273984
1790058720000,56263.65,56278.8,56262.6,56274.6,244071
1790058750000,56275.35,56275.35,56263.55,56269.25,203600
1790058780000,56268.7,56277.9,56263.35,56274.85,195230
1790058810000,56275.7,56289.95,56273.65,56285.15,54768
1790058840000,56285.75,56285.95,56275.3,56277,103302
1790058870000,56277.05,56285.55,56275.25,56277.1,56159
1790058900000,56277.1,56284.3,56276.95,56280.8,313031
1790058930000,56279.35,56286.75,56279.35,56286.3,45357
1790058960000,56286.15,56287.25,56277.6,56279.9,122472
1790058990000,56280.5,56283.2,56275.7,56280.65,46872
1790059020000,56279.4,56279.4,56268.25,56272.2,207345
1790059050000,56279.6,56279.65,56267.05,56275.7,58457
1790059080000,56275.45,56286.8,56271.1,56281.3,80475
1790059110000,56284.25,56292.45,56279.3,56287.8,86912
1790059140000,56287.8,56296.7,56286.95,56290.6,81978
1790059170000,56289.45,56296.55,56287.1,56294.2,55510
1790059200000,56293.9,56298.55,56292.65,56293.65,73022
1790059230000,56294.4,56296.7,56285.95,56289,88962
1790059260000,56290.3,56290.3,56274,56275.8,98587
1790059290000,56273.95,56282.7,56273.95,56279.25,115515
1790059320000,56278.8,56279.35,56272.65,56275.4,133653
1790059350000,56276.55,56278.05,56271,56274.1,107479
1790059380000,56273.3,56276.85,56262.8,56264.1,63841
1790059410000,56264.95,56268.85,56260.2,56263.4,110225
1790059440000,56265.15,56273.45,56259.9,56269.75,62280
1790059470000,56270.45,56271.35,56261.9,56265.6,74829
1790059500000,56266.2,56267.35,56252.35,56253.95,89021
1790059530000,56252.65,56253.85,56247.7,56250.8,54746
1790059560000,56252.1,56266.85,56250.35,56260.65,76659
1790059590000,56261.25,56269.7,56258.35,56264.65,50890
1790059620000,56265.2,56280.85,56265,56275.6,61181
1790059650000,56276.8,56281.3,56272.75,56280.75,68657
1790059680000,56278.3,56283.3,56275.2,56277.55,35635
1790059710000,56276.95,56280.9,56270.9,56272,62338
1790059740000,56270.95,56280.2,56270.95,56276.3,56411
1790059770000,56276.25,56298.15,56276.25,56294.05,44437
1790059800000,56293.3,56293.3,56284.9,56288.35,107581
1790059830000,56287.15,56290.1,56276.5,56277.65,92791
1790059860000,56276.55,56285.5,56276.55,56282,45988
1790059890000,56279.9,56297.25,56279.25,56297.25,66259
1790059920000,56295.4,56298.55,56289.45,56295.9,192805
1790059950000,56295.2,56297.2,56287.35,56287.35,67011
1790059980000,56285.55,56291.4,56284.6,56287.65,48488
1790060010000,56288.35,56292.8,56283.45,56289.65,168519
1790060040000,56285.9,56295.15,56280.35,56281.2,118018
1790060070000,56280.5,56286.55,56278.45,56279.3,66646
1790060100000,56277.3,56285.6,56276.35,56276.9,83297
1790060130000,56277.6,56279.5,56269.75,56274.1,53413
1790060160000,56273.45,56291.85,56272.75,56288.8,74701
1790060190000,56287.7,56293.45,56280.05,56283.9,62840
1790060220000,56284.05,56291.1,56275.6,56277.95,69983
1790060250000,56276.1,56284.6,56270.7,56281.7,116703
1790060280000,56282,56287.35,56271.65,56283.4,149095
1790060310000,56286.4,56299.4,56286.4,56289.35,125713
1790060340000,56292.3,56297.6,56283.8,56287.55,55023
1790060370000,56287.8,56288.9,56270.45,56276,98816
1790060400000,56276.6,56276.6,56263.75,56267.25,100094
1790060430000,56266.65,56270.6,56258.65,56260.95,52199
1790060460000,56261.25,56264.8,56255.5,56261.25,96922
1790060490000,56261.85,56273.9,56260.4,56272.9,48899
1790060520000,56274.6,56283,56270.15,56279.55,140325
1790060550000,56281.05,56287.05,56278.2,56283.3,72958
1790060580000,56283.9,56290.6,56279.95,56287.5,88670
1790060610000,56285.05,56289,56275.3,56277.55,76354
1790060640000,56276.1,56281.5,56273.5,56277.05,42853
1790060670000,56276.25,56294.5,56275.4,56293.6,90718
1790060700000,56290.15,56299,56289.1,56292.05,89250
1790060730000,56292.1,56296.25,56291.05,56293.2,37168
1790060760000,56292.5,56292.5,56276.95,56279,97176
1790060790000,56281.25,56285.6,56279.6,56283.05,92729
1790060820000,56283.45,56287.6,56277.35,56283.7,149873
1790060850000,56284.4,56286.45,56274.4,56280.4,81645
1790060880000,56277.5,56285.85,56277.5,56278.1,48655
1790060910000,56278.7,56281.9,56274.5,56276.2,168507
1790060940000,56276.35,56278.25,56259.3,56262.7,357849
1790060970000,56263.9,56268.45,56259.05,56263.7,170302
1790061000000,56266.8,56272.6,56254.95,56260.35,124129
1790061030000,56260.3,56273,56260.3,56269.2,230232
1790061060000,56270.35,56271.75,56252.35,56252.95,117114
1790061090000,56254.35,56258.65,56246.55,56252.75,63213
1790061120000,56253.85,56255.5,56249.5,56253.7,42884
1790061150000,56254.5,56261.5,56250.85,56255.8,55086
1790061180000,56256.45,56263.15,56245.9,56248.8,103801
1790061210000,56249.8,56249.8,56233.55,56236.25,87427
1790061240000,56235.7,56241.45,56219.9,56224,569001
1790061270000,56219.1,56222.95,56208.75,56209.3,198553
1790061300000,56208.85,56212.5,56194.8,56200.35,199431
1790061330000,56199.55,56216.85,56197.4,56206,282703
1790061360000,56204.1,56217.8,56202.6,56215.95,230646
1790061390000,56217.5,56221.8,56212.2,56213.45,82404
1790061420000,56214,56225.05,56209.85,56224.7,222397
1790061450000,56225.4,56229.9,56222.55,56224.5,181050
1790061480000,56223.4,56229.1,56222.9,56226.65,92415
1790061510000,56226.05,56239.2,56225.35,56236.65,101793
1790061540000,56236.1,56245.4,56225.1,56225.1,136967
1790061570000,56224.4,56228.7,56207.9,56213.75,105632
1790061600000,56214.05,56216.7,56202.55,56206.2,88160
1790061630000,56205.2,56207.55,56197.5,56198.65,78974
1790061660000,56205.5,56212.45,56198.1,56203.8,99232
1790061690000,56202.9,56204.55,56189.25,56193.2,95356
1790061720000,56194.35,56207.25,56189.95,56206.7,167184
1790061750000,56207.3,56223.1,56205.6,56214.6,90202
1790061780000,56215.4,56216.25,56202.7,56202.7,82669
1790061810000,56203.85,56211.4,56203.85,56206.95,46626
1790061840000,56207.5,56208,56196.1,56203.6,106550
1790061870000,56204.1,56215.5,56200.05,56201.35,103917
1790061900000,56204.15,56205.3,56192.4,56193,111623
1790061930000,56193.6,56195.9,56183.05,56183.05,81921
1790061960000,56186.55,56197.65,56181.95,56195.95,289233
1790061990000,56198.35,56213.15,56193.45,56213.15,165245
1790062020000,56212.85,56214.45,56195.85,56207.1,119883
1790062050000,56208.9,56208.9,56193.45,56196.55,86102
1790062080000,56194,56194.05,56184.4,56187.95,72424
1790062110000,56187.55,56202.9,56187.55,56192.8,147697
1790062140000,56191.25,56192.95,56187.4,56190,166552
1790062170000,56193.1,56197,56189.4,56194.2,91550
1790062200000,56195.95,56198.7,56173.25,56173.25,288628
1790062230000,56175.15,56175.15,56154.35,56164.15,314855
1790062260000,56164.65,56171.05,56157.15,56168.55,85532
1790062290000,56168.9,56184.95,56160.65,56184.2,202957
1790062320000,56184.55,56190.8,56173.75,56184.5,199455
1790062350000,56184.05,56186.8,56166.55,56171.55,89992
1790062380000,56170.85,56170.85,56161.15,56162.85,119618
1790062410000,56165.55,56167.4,56160.4,56161,58212
1790062440000,56165.2,56174.25,56163,56169,166013
1790062470000,56168.2,56170.85,56163.95,56165.5,108727
1790062500000,56165.35,56173.05,56163.45,56167.05,119137
1790062530000,56167.95,56180.95,56166.55,56180.5,74434
1790062560000,56178.6,56184.95,56175.65,56184.3,113760
1790062590000,56184.9,56189.9,56181.7,56183.95,117580
1790062620000,56183.4,56201.4,56181.2,56192.2,91042
1790062650000,56192.2,56193.2,56184.35,56189.2,99971
1790062680000,56187.15,56195.75,56184.3,56189.15,66223
1790062710000,56187.75,56200.05,56185.95,56199.65,102062
1790062740000,56196.95,56203.55,56191.7,56191.7,48620
1790062770000,56193.2,56204.6,56191.25,56199.85,76972
1790062800000,56200.6,56214.1,56200,56214.1,167027
1790062830000,56214.1,56214.1,56202.9,56204.85,95442
1790062860000,56204.75,56207.85,56188.15,56191.5,293578
1790062890000,56191.6,56198.4,56188.65,56189.8,87861
1790062920000,56189.55,56191.8,56184.2,56187.95,102868
1790062950000,56188.8,56201.25,56185.65,56200,68080
1790062980000,56198.2,56198.8,56181.2,56185.25,147289
1790063010000,56187,56193.5,56179.3,56190.35,66327
1790063040000,56189.75,56200.1,56186.6,56198.95,50912
1790063070000,56198.95,56205.2,56191.35,56198.95,44804
1790063100000,56200.1,56208.1,56197.95,56202.55,255128
1790063130000,56202.55,56210.65,56200.8,56202.7,91039
1790063160000,56201.65,56204.35,56193.7,56193.7,45452
1790063190000,56196.35,56205.05,56193,56200.95,60750
1790063220000,56202.4,56203.8,56187.4,56192.95,106409
1790063250000,56191.2,56199.3,56182.3,56185.85,159244
1790063280000,56187.05,56188.05,56175.95,56182.05,92510
1790063310000,56182.65,56186.85,56176.8,56184.8,74017
1790063340000,56185.35,56202.35,56183.9,56202.1,68457
1790063370000,56202,56202.4,56193.6,56195.35,55172
1790063400000,56195.6,56195.6,56178.75,56181.9,59179
1790063430000,56181.9,56187,56170.95,56170.95,74242
1790063460000,56171.3,56177.75,56164.05,56169.6,71113
1790063490000,56169.95,56175.1,56165.65,56170.4,85093
1790063520000,56171.05,56171.2,56164.8,56166.75,85298
1790063550000,56168.65,56173.3,56162.5,56171.45,118248
1790063580000,56172.65,56179,56168.7,56170.7,132766
1790063610000,56172.2,56176.95,56166.25,56171.8,72228
1790063640000,56168.7,56179.35,56167.7,56169.55,85685
1790063670000,56170.45,56180.3,56165.7,56177.75,59426
1790063700000,56175.85,56182.45,56175.05,56175.6,32614
1790063730000,56176,56182.4,56174.55,56175.5,113992
1790063760000,56176.2,56182.35,56174.65,56174.65,56011
1790063790000,56174.9,56177.95,56164.35,56172.2,136076
1790063820000,56170.75,56181.5,56166.6,56181.3,139578
1790063850000,56181.9,56188.25,56180.45,56181.25,47885
1790063880000,56184.25,56195.45,56181.65,56192.15,105955
1790063910000,56193.05,56193.45,56185.4,56189,102503
1790063940000,56189.7,56194.1,56188.3,56190.85,95319
1790063970000,56189.55,56191.9,56186.45,56187.05,61288
1790064000000,56185.4,56189.55,56183.35,56185.65,78570
1790064030000,56186.25,56192.65,56184.3,56189.95,76354
1790064060000,56191.95,56198.65,56183.9,56195.2,60781
1790064090000,56195.75,56196.95,56185.1,56193.45,106524
1790064120000,56193.6,56196.1,56188.25,56191.25,69794
1790064150000,56191.75,56195.35,56184.8,56189.9,106711
1790064180000,56189.3,56194.85,56185,56192,64056
1790064210000,56195.05,56204.4,56191.8,56199.75,101450
1790064240000,56204.25,56207.85,56199.8,56199.8,38676
1790064270000,56199.5,56204.05,56193.95,56194.5,46793
1790064300000,56197.8,56201.8,56190.75,56194,61377
1790064330000,56194,56208,56194,56201.7,72614
1790064360000,56202.85,56215.3,56202.1,56212.3,155829
1790064390000,56209.1,56215.55,56200.2,56206.15,210552
1790064420000,56207.5,56212.75,56202.15,56208.9,237620
1790064450000,56210.3,56215.75,56207.25,56208.95,61158
1790064480000,56209.65,56213.15,56205.4,56208.25,91192
1790064510000,56208.25,56209.2,56196.4,56202,171047
1790064540000,56201.95,56211.4,56195,56209.05,55743
1790064570000,56209.95,56212.3,56202.95,56207.35,76240
1790064600000,56209.7,56215.6,56204.4,56208.4,114568
1790064630000,56211.65,56215.2,56206.75,56212.85,58531
1790064660000,56213.15,56220.45,56209.35,56214.35,81831
1790064690000,56216.25,56216.25,56201.8,56203.05,44118
1790064720000,56205.5,56218.05,56201.1,56218.05,69960
1790064750000,56218.65,56221.45,56212.35,56216.9,60120
1790064780000,56216.1,56216.85,56199.9,56201.45,61946
1790064810000,56204.1,56206.6,56196.6,56202.1,149396
1790064840000,56201.55,56202.3,56193.35,56197.1,149696
1790064870000,56199.4,56200.9,56187.95,56193.6,101750
1790064900000,56193.7,56193.7,56167.85,56175.95,178961
1790064930000,56175.65,56177.15,56162.95,56170.15,47927
1790064960000,56171.25,56175.8,56169.2,56171,126869
1790064990000,56170.3,56174.45,56160.5,56164.75,138056
1790065020000,56163,56185.9,56163,56179.35,86265
1790065050000,56179.35,56188.2,56177.05,56181.7,37810
1790065080000,56181.55,56182.45,56170.9,56173.85,64637
1790065110000,56173.5,56179.5,56168.3,56172.65,160096
1790065140000,56174.1,56174.5,56162.95,56172.6,78184
1790065170000,56172.35,56180.95,56171.6,56180.95,55178
1790065200000,56181.5,56183.75,56169.4,56173.1,80253
1790065230000,56173.7,56179.85,56171.25,56174.65,84936
1790065260000,56175.55,56179.6,56167.7,56172.95,75650
1790065290000,56172.95,56175.15,56165.3,56167.95,94660
1790065320000,56170.5,56175.8,56164.7,56174.95,98936
1790065350000,56174,56188.15,56171.1,56180.6,86377
1790065380000,56179.95,56184.15,56171.65,56173.4,79650
1790065410000,56175.05,56175.75,56125.4,56128.5,358214
1790065440000,56130.5,56130.5,56112.2,56117,131437
1790065470000,56120.55,56141.45,56120.55,56130.15,113635
1790065500000,56132.85,56165.3,56127.45,56158.85,183218
1790065530000,56160.15,56164,56145.8,56150.7,206675
1790065560000,56151.1,56158.2,56131.7,56135.9,125238
1790065590000,56140.05,56149.8,56133,56142.65,101546
1790065620000,56139.9,56146.1,56136.05,56144.6,76788
1790065650000,56145.65,56150.4,56140.2,56144.1,85709
1790065680000,56143.7,56149.2,56140.95,56145.7,95327
1790065710000,56146,56154.8,56136.7,56140.4,153723
1790065740000,56143.15,56150.5,56136.9,56140.75,85682
1790065770000,56144.1,56160.85,56140.45,56146,175135
1790065800000,56147.2,56149,56121.65,56129.65,333002
1790065830000,56133.25,56133.25,56106.95,56113.4,233434
1790065860000,56117,56142.2,56113.5,56130.05,166194
1790065890000,56131.6,56147.4,56127.35,56147.4,162824
1790065920000,56148.25,56151.45,56133.2,56146.3,97558
1790065950000,56147.05,56153.8,56139.25,56141.75,127669
1790065980000,56141.15,56148.65,56136.8,56145.3,55880
1790066010000,56145.7,56146.7,56135.45,56137.65,77058
1790066040000,56139.45,56155.95,56138.85,56153.25,210054
1790066070000,56151.5,56158.65,56145.5,56150.05,67320
1790066100000,56153.25,56164.95,56150.8,56150.8,84747
1790066130000,56153.35,56156.55,56140.05,56145.1,79654
1790066160000,56146.75,56146.75,56134.65,56141.85,93585
1790066190000,56142.75,56161.95,56140.5,56153.45,121283
1790066220000,56155.8,56161.65,56143.25,56144.95,62362
1790066250000,56146.35,56149.15,56134.9,56137.5,153073
1790066280000,56138.25,56141,56132.7,56134.45,81937
1790066310000,56134.8,56149.35,56134.45,56145.3,71477
1790066340000,56146,56151.8,56143.3,56144.2,98032
1790066370000,56145.7,56170.05,56138.6,56169.5,133209
1790066400000,56172.3,56179.6,56170,56171.45,79234
1790066430000,56172.15,56190.8,56171.45,56181,193460
1790066460000,56181.6,56191.05,56172.2,56187.7,116372
1790066490000,56187.6,56210.1,56181.85,56205.3,165558
1790066520000,56207.3,56217.95,56195.75,56195.75,273544
1790066550000,56198.2,56239.5,56196.2,56237.6,387550
1790066580000,56238.2,56241.15,56224.25,56225.7,121467
1790066610000,56226.25,56226.25,56211.35,56217.5,194429
1790066640000,56216.9,56239,56208.8,56238.6,205809
1790066670000,56239.2,56364.25,56236.25,56352.7,971732
1790066700000,56358.85,56394.95,56357.85,56378,910004
1790066730000,56379.95,56379.95,56326.65,56326.65,286805
1790066760000,56331.8,56331.8,56289.55,56303.8,295979
1790066790000,56304.85,56319.1,56297.1,56318.05,105899
1790066820000,56317.45,56337.3,56312.45,56332,162591
1790066850000,56331.65,56337.45,56320.5,56332.9,225324
1790066880000,56337.55,56342.75,56324,56324.85,142255
1790066910000,56324.75,56325.6,56306.15,56324.35,112267
1790066940000,56326.95,56326.95,56311.1,56315.3,133069
1790066970000,56318.3,56330.05,56311.95,56327.05,162756
1790067000000,56323.35,56342,56322.65,56341.15,288193
1790067030000,56342.3,56354.7,56336.45,56346.15,194372
1790067060000,56345.3,56372.45,56338.6,56359.1,270248
1790067090000,56358.6,56362.6,56343.3,56347.65,188714
1790067120000,56346.65,56357.6,56346.2,56355.25,117281
1790067150000,56354.65,56356.9,56342.75,56344.65,140465
1790067180000,56343.5,56350.75,56339.35,56342.4,146464
1790067210000,56342.25,56354.25,56330.55,56330.55,286177
1790067240000,56333.2,56341.95,56321.5,56340.05,198166
1790067270000,56341.2,56343,56307.55,56313.1,104161
1790067300000,56313.75,56334.4,56308.3,56332.25,147213
1790067330000,56329.35,56343.6,56323.5,56341.1,136198
1790067360000,56341.75,56341.75,56321.3,56324.15,118072
1790067390000,56325.35,56344.9,56322.2,56338.15,269417
1790067420000,56341.15,56345.65,56327.7,56336.5,152109
1790067450000,56339.55,56359.2,56336.35,56349.15,193538
1790067480000,56349.05,56349.25,56326.55,56335.15,175268
1790067510000,56335.75,56343.8,56333.3,56339.55,65011
1790067540000,56338.95,56353.25,56333.5,56350,119710
1790067570000,56350.95,56356.15,56344.2,56344.6,163266
1790067600000,56346.1,56347.1,56331.25,56335.75,174246
1790067630000,56337.1,56349.15,56332.15,56340.4,133888
1790067660000,56340.4,56346.05,56336.15,56336.45,106775
1790067690000,56340.35,56357.4,56336.15,56350.8,130311
1790067720000,56352.5,56354.05,56344,56350.45,120564
1790067750000,56350.8,56362.8,56348.3,56356.35,231191
1790067780000,56358.75,56360.7,56343.4,56357.65,140297
1790067810000,56359.05,56364.05,56337.2,56343.95,249906
1790067840000,56346.2,56346.2,56324.65,56331.5,214012
1790067870000,56329.65,56329.65,56304.5,56312.95,184535
1790067900000,56313.55,56342.1,56312.15,56331.15,173659
1790067930000,56332.8,56340.4,56323.95,56331.65,104752
1790067960000,56331.65,56336.2,56325.25,56331.4,84015
1790067990000,56329.05,56342.3,56328.25,56335.95,132101
1790068020000,56338.35,56338.35,56313.35,56316.45,125001
1790068050000,56318.75,56323.15,56307.95,56323.15,127698
1790068080000,56327.75,56328.45,56310.1,56312.95,124650
1790068110000,56315.05,56315.05,56290.55,56293.7,131253
1790068140000,56297.45,56313.2,56293.15,56302.55,225980
1790068170000,56306.75,56308.8,56290.75,56296.5,131688
1790068200000,56302.5,56310.1,56295.65,56302.05,149482
1790068230000,56303.4,56305.5,56282.4,56283.5,137266
1790068260000,56287.3,56287.3,56267.55,56270.8,166744
1790068290000,56270.45,56287.8,56268.15,56285.05,182710
1790068320000,56287.6,56287.6,56239.75,56240.9,354567
1790068350000,56240.55,56257.65,56233.1,56250.8,155058
1790068380000,56252.05,56257.8,56246.35,56250.25,121780
1790068410000,56250.9,56263.15,56248.45,56259.6,87439
1790068440000,56258.6,56271.45,56254.4,56260.3,107249
1790068470000,56269.7,56275.15,56259.15,56263.45,157885
1790068500000,56264,56291.2,56260.15,56286.85,171595
1790068530000,56287.25,56300,56284.9,56291.5,276558
1790068560000,56293.3,56296.7,56280.75,56281.55,158307
1790068590000,56281.95,56290.7,56275.1,56289.1,172191
1790068620000,56287.55,56292.2,56274.55,56276.5,135493
1790068650000,56281,56288.6,56274.65,56282.6,173617
1790068680000,56284.35,56292.7,56273.6,56278.35,118813
1790068710000,56279.2,56283.75,56270.2,56280,135144
1790068740000,56280.25,56284.2,56275.55,56275.55,85315
1790068770000,56275.35,56281.45,56266.25,56272.6,134175
1790068800000,56272.2,56272.35,56256.05,56258.55,155021
1790068830000,56266.9,56294.5,56261.55,56288.8,312980
1790068860000,56292.9,56297.2,56281.95,56283.3,260562
1790068890000,56286.25,56292.5,56276.85,56281.1,181518
1790068920000,56278.75,56282.3,56262.95,56265.75,474096
1790068950000,56268.35,56291.35,56267.7,56283.95,280757
1790068980000,56286.7,56290.6,56272.9,56272.9,201691
1790069010000,56275.65,56275.65,56258.85,56260.85,220931
1790069040000,56264.1,56271.95,56258,56258.6,158055
1790069070000,56263.4,56283.95,56257.9,56273.75,766408
1790069100000,56279.45,56281.6,56257.55,56260.75,287425
1790069130000,56260.05,56283.05,56259.45,56278.6,353027
1790069160000,56278.15,56282,56263.85,56267.65,500061
1790069190000,56268.15,56270.85,56258.2,56263.5,288246
1790069220000,56267.8,56270.35,56256.9,56259.7,251708
1790069250000,56261.4,56267.3,56253.15,56253.15,235250
1790069280000,56256.25,56259.65,56243.45,56254.1,261104
1790069310000,56260.15,56264.35,56239.4,56242.9,309161
1790069340000,56240.6,56240.65,56224.6,56225.4,532884
1790069370000,56226.8,56245.6,56224.05,56243.3,242482
1790069400000,56243.3,56254.7,56240.95,56248.7,300909
1790069430000,56249.3,56249.55,56232.8,56239.25,416651
1790069460000,56240.25,56247.15,56231.95,56243.6,390371
1790069490000,56243,56262.75,56243,56256.6,329617
1790069520000,56253.85,56263.45,56244.65,56263.45,292064
1790069550000,56262.9,56270.7,56261.45,56262.4,392809
1790069580000,56262.4,56266.1,56252.95,56255.3,185163
1790069610000,56257.45,56281.9,56252.5,56279.05,344858
1790069640000,56282.5,56287.1,56275.85,56282.1,330108
1790069670000,56281.15,56287.45,56272.65,56277.05,441793
1790069700000,56275.2,56285.55,56273.7,56282.55,475759
1790069730000,56282.65,56286.15,56271.15,56272.3,411719
1790069760000,56274.25,56274.25,56250.1,56257.05,282730
1790069790000,56257.45,56274.4,56256.75,56272.05,372382
1790069820000,56270.7,56272.9,56256.2,56258.15,607650
1790069850000,56255.7,56264.7,56255.7,56262.4,498238
1790069880000,56262.25,56264,56252.5,56255.6,376351
1790069910000,56258.5,56259.35,56245.8,56249,228498
1790069940000,56253.15,56258.75,56247.3,56255.5,530008
1790069970000,56256.05,56268.7,56252.95,56268.65,334092
1790070000000,56271.25,56271.25,56250.1,56259.95,561226
1790070030000,56259.7,56271.3,56256.6,56271.3,457379
1790070060000,56273.25,56278.85,56264.45,56276.8,382704
1790070090000,56276.3,56285,56274.35,56280.4,271471
1790070120000,56282.65,56282.65,56256.7,56280.2,921658
1790070150000,56274.35,56287.35,56264.15,56281.3,720019
1790070180000,56283.9,56286.6,56260.25,56278.85,529371
1790070210000,56279.95,56282.4,56260.75,56266.15,781246
1790070240000,56272.6,56290.9,56261.85,56287.15,563522
1790070270000,56290.7,56306.05,56276.7,56280.95,382946
1790070300000,56280.95,56280.95,56280.95,56280.95,5980
1790070330000,56280.95,56280.95,56280.95,56280.95,0
1790070360000,56280.95,56280.95,56280.95,56280.95,0
1790070390000,56280.95,56280.95,56280.95,56280.95,0
1790070420000,56280.95,56280.95,56280.95,56280.95,0
1790070450000,56280.95,56280.95,56280.95,56280.95,0
1790070480000,56280.95,56280.95,56280.95,56280.95,0
1790070510000,56280.95,56280.95,56280.95,56280.95,0
1790070540000,56280.95,56280.95,56280.95,56280.95,0
1790070570000,56280.95,56280.95,56280.95,56280.95,0
1790070600000,56280.95,56280.95,56280.95,56280.95,0
1790070630000,56280.95,56280.95,56280.95,56280.95,0
1790070660000,56280.95,56280.95,56280.95,56280.95,0
1790070690000,56280.95,56280.95,56280.95,56280.95,0
1790070720000,56280.95,56280.95,56280.95,56280.95,0
1790070750000,56280.95,56280.95,56280.95,56280.95,0
1790070780000,56280.95,56280.95,56280.95,56280.95,0
1790070810000,56280.95,56280.95,56280.95,56280.95,0
1790070840000,56280.95,56280.95,56280.95,56280.95,0
1790070870000,56280.95,56280.95,56280.95,56280.95,0
1790070900000,56280.95,56280.95,56280.95,56280.95,0
1790070930000,56280.95,56280.95,56280.95,56280.95,0
1790070960000,56280.95,56280.95,56280.95,56280.95,0
1790070990000,56280.95,56280.95,56280.95,56280.95,0
1790071020000,56280.95,56280.95,56280.95,56280.95,0
1790071050000,56280.95,56280.95,56280.95,56280.95,0
1790071080000,56280.95,56280.95,56215.55,56215.55,3893683
1790071110000,56215.55,56215.55,56215.55,56215.55,0
1790071140000,56215.55,56215.55,56215.55,56215.55,0
1790071170000,56215.55,56215.55,56215.55,56215.55,0
1790135100000,56209.65,56422.3,56209.65,56376.55,1699490
1790135130000,56369.9,56376.8,56318.25,56320.7,800071
1790135160000,56321.5,56371.15,56317,56333.25,850694
1790135190000,56331.05,56340.8,56313.2,56323.35,562648
1790135220000,56325.45,56355.05,56322.7,56341.85,583837
1790135250000,56344.4,56370.85,56333.55,56364.45,554872
1790135280000,56365.3,56424.7,56363.15,56418.8,457897
1790135310000,56419.2,56421.8,56370.25,56379.3,738106
1790135340000,56377.05,56386.9,56363.8,56381.6,347664
1790135370000,56380.1,56390.6,56376,56377.05,328133
1790135400000,56379.6,56429.6,56374.1,56422.2,793682
1790135430000,56423.35,56436.05,56400.9,56409.5,344489
1790135460000,56414.5,56431.9,56411.65,56431.9,529027
1790135490000,56431,56433.35,56414.45,56415.25,273250
1790135520000,56414.6,56436.1,56413.3,56415,364735
1790135550000,56415.65,56437.15,56410.45,56413.3,242830
1790135580000,56412.6,56416.3,56385.35,56391.05,530697
1790135610000,56389.25,56392.75,56369.45,56371.65,441786
1790135640000,56371.8,56371.8,56340.9,56341.55,615344
1790135670000,56340.85,56360.35,56338.7,56349,447385
1790135700000,56344.45,56350.35,56298.9,56301.45,289834
1790135730000,56300.15,56330.65,56296.55,56330.35,315954
1790135760000,56333.75,56351.9,56327.3,56338.4,248466
1790135790000,56340.9,56341.2,56319.15,56327.2,274232
1790135820000,56326.6,56340.9,56324.15,56337.95,366127
1790135850000,56339.2,56348.25,56332.45,56337.8,201753
1790135880000,56339.5,56361.5,56335.4,56347.5,234296
1790135910000,56346.9,56358.35,56334.7,56346.5,359693
1790135940000,56347.8,56358.6,56345.25,56353.95,363706
1790135970000,56352.25,56353.75,56336.65,56345.45,383103
1790136000000,56346.3,56372.75,56346.05,56368.55,405165
1790136030000,56370.45,56384.05,56368.85,56384.05,193758
1790136060000,56382.5,56397.8,56377.9,56385.2,1407135
1790136090000,56385,56386.2,56359.15,56367.95,405060
1790136120000,56368.9,56387.25,56368.15,56386.05,299497
1790136150000,56388.05,56389.15,56373.75,56386.05,242349
1790136180000,56387.75,56390.8,56379.75,56386.05,435987
1790136210000,56384.35,56386.25,56372.8,56380.95,286934
1790136240000,56387.1,56389.3,56374.5,56380.2,423447
1790136270000,56379.8,56393.35,56376.55,56393.35,311196
1790136300000,56392.9,56411.5,56392.9,56405.3,179540
1790136330000,56406.2,56406.2,56375.3,56385.9,213277
1790136360000,56387.05,56398.4,56382.7,56389.1,236853
1790136390000,56388.5,56391.3,56369.15,56391.3,199067
1790136420000,56389.95,56395.7,56381.1,56384.35,193720
1790136450000,56384.2,56399.7,56380.4,56399.7,362635
1790136480000,56397.15,56410.25,56391.85,56407.1,270812
1790136510000,56407.4,56407.4,56392.6,56393.65,140370
1790136540000,56399.65,56403.15,56389.15,56394.45,223528
1790136570000,56391.65,56392.1,56364.75,56371.95,208303
1790136600000,56374.15,56398.35,56372.8,56397.35,202672
1790136630000,56396.65,56400.55,56390.3,56391,139917
1790136660000,56390.4,56396.95,56388.8,56396.15,150230
1790136690000,56396,56396.45,56384.8,56389,136032
1790136720000,56390.1,56398.8,56386.6,56392.4,343381
1790136750000,56395.25,56403.1,56393.45,56402.2,76279
1790136780000,56403.15,56406.7,56398.1,56401.35,134325
1790136810000,56400.6,56406.5,56399.5,56402.75,141432
1790136840000,56403.45,56405.5,56387.95,56390.45,202355
1790136870000,56388.3,56409.15,56387.05,56401.65,346680
1790136900000,56407.8,56426.4,56403.35,56425.45,257535
1790136930000,56422.35,56428,56416.65,56420.25,151303
1790136960000,56419.95,56428.7,56417.15,56427.1,200086
1790136990000,56429.1,56429.1,56420.65,56423.05,185451
1790137020000,56423.65,56426.25,56419.7,56424.7,165995
1790137050000,56424.6,56426.75,56420.85,56423,122108
1790137080000,56423.8,56428.7,56417.4,56419.2,277408
1790137110000,56419.4,56425.15,56397.95,56399.55,351129
1790137140000,56401,56401,56380.7,56382.95,561896
1790137170000,56383.6,56386.9,56375.7,56385.65,325204
1790137200000,56388.9,56394.2,56375,56377.1,181024
1790137230000,56378.8,56380,56370.65,56377.45,228394
1790137260000,56382.15,56396.35,56376.75,56394.55,239664
1790137290000,56395.25,56395.55,56384.95,56392.2,147023
1790137320000,56391.85,56398,56386.5,56392.5,197006
1790137350000,56393.35,56399.25,56390.3,56398.25,114121
1790137380000,56397.4,56404.9,56391.35,56394.35,94952
1790137410000,56393.7,56393.7,56379.35,56379.35,252234
1790137440000,56381.55,56382.75,56363.1,56363.95,146777
1790137470000,56363.35,56364.25,56338.5,56352.9,313809
1790137500000,56353.45,56365.55,56353.45,56360.35,131686
1790137530000,56359.65,56371.3,56358.4,56363.8,143238
1790137560000,56367.9,56379.15,56367.65,56376.4,139812
1790137590000,56377.1,56400.6,56375.05,56397.8,128705
1790137620000,56398.65,56423.75,56397.95,56419.2,294728
1790137650000,56419.5,56423.5,56407.75,56423.5,111602
1790137680000,56426.1,56428.55,56417.7,56425.15,293031
1790137710000,56425.05,56435.95,56416.6,56432.8,129282
1790137740000,56430.5,56457.3,56429.65,56452.6,492673
1790137770000,56451.4,56457.85,56445.05,56455.65,186107
1790137800000,56454.95,56472.7,56453.9,56472,241834
1790137830000,56473.45,56492.15,56467.9,56486.5,604834
1790137860000,56487.1,56503.35,56484.1,56489.8,677444
1790137890000,56489.05,56497.5,56478.5,56479.7,223519
1790137920000,56481.4,56489.2,56476.95,56482.85,102948
1790137950000,56483.7,56483.95,56469.1,56476.45,235501
1790137980000,56479.2,56487.7,56471.25,56485.3,128416
1790138010000,56484.4,56489.45,56479.7,56483.35,149650
1790138040000,56486.9,56486.9,56471.65,56474.15,127664
1790138070000,56475.15,56480.7,56468.05,56479.8,268776
1790138100000,56479.85,56484.8,56475.35,56481,172719
1790138130000,56482.7,56482.7,56469.25,56479.65,170669
1790138160000,56482.4,56482.4,56472,56475.6,129631
1790138190000,56473.05,56475.1,56455.45,56460.55,161538
1790138220000,56460.05,56463.9,56453.4,56459.8,153867
1790138250000,56458.65,56459.8,56450.15,56454.3,323186
1790138280000,56454.15,56458.15,56445.5,56456.5,763499
1790138310000,56456.3,56466.6,56452.9,56465.75,1012018
1790138340000,56466.45,56470.6,56462.1,56465.1,108911
1790138370000,56462.15,56475,56459.4,56469.45,805556
1790138400000,56471.2,56475.6,56464.8,56467.75,111516
1790138430000,56470.85,56474.85,56457.35,56457.35,228883
1790138460000,56461.05,56461.35,56445.3,56449.95,124553
1790138490000,56451,56452.45,56441.6,56442.65,78857
1790138520000,56442.95,56463.1,56441.9,56460.1,224746
1790138550000,56458.7,56461.7,56449.2,56459.05,127814
1790138580000,56459.45,56476.6,56457.25,56473.4,166987
1790138610000,56468.9,56474.25,56466.8,56471.8,223710
1790138640000,56476,56478.9,56469.2,56473.45,267354
1790138670000,56475.85,56478.9,56469.8,56475.3,181495
1790138700000,56478.25,56487.8,56475.85,56482.15,249810
1790138730000,56482.7,56491.15,56473.4,56488.2,185465
1790138760000,56488.15,56489.85,56478.9,56486.2,109796
1790138790000,56485.05,56493.2,56479.6,56485.45,95973
1790138820000,56485.7,56489.2,56479.85,56487.7,136335
1790138850000,56487.5,56506.05,56486.85,56498.05,239388
1790138880000,56503.9,56511.55,56495.65,56507.4,297166
1790138910000,56506.2,56516.5,56498,56506.25,161376
1790138940000,56504.5,56510.8,56496,56498.75,117933
1790138970000,56500,56506.6,56494.95,56505.7,86108
1790139000000,56504.85,56520.2,56501.05,56504.1,166006
1790139030000,56504.5,56508.8,56498.2,56502.75,281449
1790139060000,56502.2,56515.4,56499.7,56510.35,882160
1790139090000,56509.15,56511.95,56504.9,56508.3,98558
1790139120000,56511.6,56517.6,56504.65,56507.1,142699
1790139150000,56507.8,56508.45,56495.1,56497.85,107394
1790139180000,56497.3,56504.4,56490.2,56495.1,209544
1790139210000,56496.8,56503.15,56489.75,56493.7,162660
1790139240000,56495.65,56497.2,56483.8,56487.8,261323
1790139270000,56488.7,56488.7,56477.55,56484.45,100847
1790139300000,56485.65,56493,56483.3,56493,164211
1790139330000,56492.4,56495.65,56485.45,56492.35,175104
1790139360000,56496.75,56497.95,56482.45,56490.7,222737
1790139390000,56489.5,56498.5,56488.45,56494.75,367975
1790139420000,56496.4,56508,56493.6,56504,461999
1790139450000,56503.55,56513.35,56502.4,56505.75,375368
1790139480000,56506.35,56526.65,56505.1,56523.65,335583
1790139510000,56523.7,56525.05,56519.15,56519.15,1024314
1790139540000,56522.45,56529.1,56518,56526.7,217245
1790139570000,56527.9,56528.2,56519.55,56523.15,281101
1790139600000,56524.9,56535.85,56524.15,56532.8,278549
1790139630000,56532.2,56532.2,56511.5,56520.35,352867
1790139660000,56519.75,56521.6,56512.45,56514.6,111972
1790139690000,56513.4,56515.95,56506,56514.6,228036
1790139720000,56514.05,56518.75,56507.7,56507.7,203303
1790139750000,56507.7,56511.7,56504.15,56506.75,124884
1790139780000,56507.15,56509.4,56500.15,56504.85,215325
1790139810000,56506.6,56511.35,56504.9,56507.45,168105
1790139840000,56510.8,56516.3,56505.05,56513.05,97158
1790139870000,56513.65,56517.15,56506.7,56510.6,112192
1790139900000,56510.1,56515.3,56507.35,56511.65,190730
1790139930000,56512.8,56515.55,56488.1,56488.1,274909
1790139960000,56493.35,56504.15,56488.85,56503.55,233818
1790139990000,56504.2,56513,56501.75,56508.45,218825
1790140020000,56511.75,56518.65,56507.9,56514.1,148167
1790140050000,56511.35,56519.65,56504.9,56518.9,128835
1790140080000,56521.45,56530.5,56517,56525.6,198435
1790140110000,56526.75,56539.2,56521.7,56539.2,115200
1790140140000,56538.95,56549.15,56538,56542.6,210757
1790140170000,56544.3,56552.05,56534.7,56537.35,164951
1790140200000,56539.9,56539.9,56522.8,56527,263316
1790140230000,56527.55,56541.45,56525.7,56539.8,173045
1790140260000,56539.85,56542.4,56533.95,56539.65,637644
1790140290000,56539.75,56544.8,56516.15,56518.4,273778
1790140320000,56518.85,56524.85,56513.6,56522.95,207431
1790140350000,56521.8,56524.4,56513.05,56518.15,151070
1790140380000,56518.65,56531.55,56513.4,56530.95,695306
1790140410000,56530.95,56539,56528,56539,195734
1790140440000,56539.65,56548.85,56531.2,56545.35,227129
1790140470000,56545.35,56546.65,56539.45,56545.85,254870
1790140500000,56548.4,56559.9,56543.6,56556.55,204196
1790140530000,56557.2,56569.05,56555.25,56564.4,178579
1790140560000,56566.3,56566.5,56560.8,56564.35,154430
1790140590000,56565.65,56569.3,56552.15,56555.3,234274
1790140620000,56557,56559.55,56547.95,56555.5,93706
1790140650000,56556.1,56558.2,56540.35,56547.85,153687
1790140680000,56548.25,56551.65,56542.9,56548.5,139237
1790140710000,56548.65,56553.4,56542.95,56545.35,193484
1790140740000,56548.35,56559.25,56547.1,56550.6,277954
1790140770000,56552.1,56555.9,56527.5,56535.55,450251
1790140800000,56536.4,56546.85,56531.3,56545.1,150291
1790140830000,56543.5,56552.45,56540.95,56547.65,87390
1790140860000,56550,56552.8,56545.2,56549.3,119730
1790140890000,56550.7,56552.95,56541.05,56548.55,122361
1790140920000,56550.45,56568.4,56544.95,56567.3,393263
1790140950000,56566.65,56568.6,56557.25,56562.05,761246
1790140980000,56564.4,56567.75,56556.6,56567.1,263545
1790141010000,56567,56578,56559,56577,736072
1790141040000,56578.95,56581.6,56565.85,56566.15,521381
1790141070000,56566.55,56568.45,56553.7,56558.75,187915
1790141100000,56560,56564.6,56555.2,56559.15,361453
1790141130000,56558.85,56572.9,56558.65,56568.05,848039
1790141160000,56571.35,56588.75,56567.95,56583.1,496513
1790141190000,56586.15,56595.45,56573.05,56577.35,441662
1790141220000,56578.75,56588.3,56572.7,56583.9,1350190
1790141250000,56581.8,56587.1,56571.95,56577.15,518168
1790141280000,56578.15,56592.7,56576.05,56588.65,1467350
1790141310000,56587.4,56606.2,56587.4,56600.85,376679
1790141340000,56602.4,56602.4,56585.05,56586.7,373454
1790141370000,56587.5,56596.7,56584.05,56593.35,289228
1790141400000,56591.7,56597,56580.4,56591.1,254363
1790141430000,56589.95,56591.1,56581.8,56585.45,193218
1790141460000,56586.65,56591.65,56578,56587.9,210757
1790141490000,56589.65,56591.65,56582.9,56588.5,188185
1790141520000,56590.25,56595.35,56583.85,56593.05,107147
1790141550000,56594.25,56596.55,56587,56590.7,136345
1790141580000,56593,56596.05,56587.7,56592.5,146275
1790141610000,56593.75,56593.75,56572.7,56576.9,216151
1790141640000,56578.95,56587.3,56573,56578.6,259365
1790141670000,56580.4,56585.65,56559.75,56569.8,483829
1790141700000,56571.8,56576.6,56560.65,56571.55,761935
1790141730000,56571,56584.15,56568.15,56583.95,166905
1790141760000,56587.95,56601.5,56585.65,56598.55,264111
1790141790000,56599.8,56612.8,56597.4,56608.2,427647
1790141820000,56610.1,56614.15,56599,56606.1,322217
1790141850000,56604.65,56615.45,56602.25,56615,481790
1790141880000,56609.1,56615.65,56596.5,56600.35,1492866
1790141910000,56600.95,56605.45,56594.2,56601.8,418332
1790141940000,56606,56606.85,56596.2,56602.55,269912
1790141970000,56601.4,56608.55,56598.85,56605.75,1057072
1790142000000,56607.45,56622.85,56602.95,56614.7,280016
1790142030000,56614,56615.55,56604,56607.95,204727
1790142060000,56612.25,56614.2,56603.4,56614,333302
1790142090000,56614.5,56621.25,56588.75,56599.3,671635
1790142120000,56603.55,56615.85,56599.4,56609.9,1027607
1790142150000,56608.35,56614.25,56599.9,56601.55,265504
1790142180000,56607.5,56623.8,56597.2,56618.75,936336
1790142210000,56619.5,56620.35,56606.1,56606.5,393088
1790142240000,56611.45,56617.65,56606.5,56609.9,278549
1790142270000,56611.15,56622.15,56607.35,56609.85,336887
1790142300000,56609.7,56611.6,56595.25,56600.2,354120
1790142330000,56602.45,56603.85,56586.1,56587.05,1808381
1790142360000,56589.05,56589.05,56571.3,56580,350333
1790142390000,56580.4,56585.8,56567.9,56573.1,231027
1790142420000,56575.05,56575.75,56555.75,56562.35,240991
1790142450000,56559.05,56560.4,56547.5,56554.45,282868
1790142480000,56555.8,56557.9,56548.55,56557.75,153743
1790142510000,56557.55,56560.35,56545.25,56555.4,147062
1790142540000,56554.75,56557.85,56545.9,56550.85,91539
1790142570000,56552.05,56554.15,56542.5,56545.5,180253
1790142600000,56546.15,56561.25,56542.55,56548.95,331580
1790142630000,56553.8,56562.05,56548.75,56557.2,206682
1790142660000,56559.9,56564.25,56554.95,56559.1,299868
1790142690000,56557.35,56561.15,56548.5,56558.05,370102
1790142720000,56559.3,56564.65,56554.5,56560.3,186467
1790142750000,56560.85,56567.75,56554.75,56562.5,264111
1790142780000,56563.3,56572.55,56558.95,56567.35,234959
1790142810000,56566.05,56574.1,56557,56562.65,203915
1790142840000,56562.5,56569.8,56558.2,56565.95,197828
1790142870000,56566.5,56573.5,56565.35,56571.85,163851
1790142900000,56572.55,56572.55,56563,56564.45,228148
1790142930000,56566.1,56574.85,56562.8,56574.85,193342
1790142960000,56578.5,56586.25,56575,56579.75,141834
1790142990000,56581.25,56587.55,56568.05,56571.05,170918
1790143020000,56580.2,56580.2,56568.25,56573.55,84066
1790143050000,56571.95,56574.15,56559.3,56562.8,159453
1790143080000,56564.4,56564.95,56552.3,56559.95,163131
1790143110000,56558.85,56561.65,56549.3,56556.95,214795
1790143140000,56561.55,56563.45,56556.85,56559.95,136167
1790143170000,56558.35,56564.4,56558.05,56561.6,228515
1790143200000,56561.9,56571.7,56552.85,56571,148403
1790143230000,56568.95,56578.5,56564,56565.05,389827
1790143260000,56565.15,56565.15,56549.7,56551.95,982990
1790143290000,56552.7,56557.15,56544.35,56556.25,953149
1790143320000,56558.5,56570.6,56552.4,56568.05,296578
1790143350000,56567.9,56576.65,56560.9,56573.6,204706
1790143380000,56576.15,56576.15,56564.75,56572.45,288636
1790143410000,56572.85,56585,56565.95,56583.95,220122
1790143440000,56585.3,56586.45,56576.7,56583.4,250399
1790143470000,56583.7,56584.35,56575.3,56579.4,101147
1790143500000,56580.05,56580.05,56563.95,56568.75,189190
1790143530000,56570.15,56572.35,56555.7,56562.3,335328
1790143560000,56565.85,56565.85,56554.45,56559.5,312584
1790143590000,56561,56567.75,56559.65,56565.7,203376
1790143620000,56567,56570.6,56561.6,56569.9,115008
1790143650000,56570.6,56574.1,56561.8,56567.95,105292
1790143680000,56568.25,56572.7,56564.5,56569.8,329014
1790143710000,56571.3,56576.95,56566.25,56575.6,235136
1790143740000,56577.45,56577.9,56563.75,56564.9,131697
1790143770000,56567.65,56575.35,56562.25,56572,128314
1790143800000,56573.85,56585.2,56571.85,56581,230936
1790143830000,56580.9,56586.7,56576.7,56580.45,71385
1790143860000,56581.85,56586.3,56576.65,56584.8,184073
1790143890000,56585.35,56586.35,56575.6,56578.9,148371
1790143920000,56582.15,56586.2,56575.3,56582.95,381313
1790143950000,56583,56592.75,56577.95,56587.05,453250
1790143980000,56588.7,56591.05,56584.3,56588.6,1208483
1790144010000,56590.05,56597.6,56585.2,56592.8,255949
1790144040000,56591.45,56592.25,56580.45,56583.65,115159
1790144070000,56583.35,56587.45,56578.35,56581,184114
1790144100000,56584.1,56588.1,56578.75,56581,236514
1790144130000,56581.4,56583.75,56573.1,56575.9,80960
1790144160000,56578.4,56578.9,56570.35,56571.7,113480
1790144190000,56571.1,56581.35,56571.1,56578.1,170214
1790144220000,56580,56580,56565.15,56576.8,156825
1790144250000,56576.5,56581.35,56573.35,56580.55,1047726
1790144280000,56579.35,56580.95,56563.6,56566.95,415674
1790144310000,56564.9,56570.45,56560.2,56568.05,371952
1790144340000,56567.5,56575.3,56551.65,56559.4,266082
1790144370000,56559.8,56562.6,56541.95,56543.15,183002
1790144400000,56544,56546.35,56533.85,56539.8,297390
1790144430000,56537.8,56542.4,56523.95,56528.45,353525
1790144460000,56530.25,56542.25,56523.75,56542.25,157223
1790144490000,56541.65,56545.65,56532.9,56536.05,172913
1790144520000,56537.75,56540.1,56528.2,56535.85,100027
1790144550000,56536.4,56540.95,56531.1,56537.8,416179
1790144580000,56539.4,56549.05,56539.4,56546.95,184196
1790144610000,56546.35,56555.15,56543.35,56554.05,118830
1790144640000,56555.5,56561.4,56551.7,56553.65,122678
1790144670000,56553.55,56560.05,56545.5,56546.95,709587
1790144700000,56549.75,56549.75,56536.25,56544.05,2284123
1790144730000,56543.05,56545.75,56537.75,56541,120181
1790144760000,56543.25,56544.55,56528.75,56530.7,492961
1790144790000,56531.3,56531.85,56521.1,56528.35,2057078
1790144820000,56527.7,56532.55,56522.45,56528.45,110030
1790144850000,56527.4,56528.35,56517,56517.7,1459998
1790144880000,56520.25,56527.45,56515.3,56522.9,995623
1790144910000,56524.55,56528.5,56519.95,56526.35,728329
1790144940000,56528,56535.7,56523.2,56531,1349651
1790144970000,56531.25,56540.85,56525.25,56529,764303
1790145000000,56531.55,56535,56520.75,56531.5,2920865
1790145030000,56531.4,56535.45,56523.95,56535.45,230560
1790145060000,56534,56549.7,56533.75,56548.9,534265
1790145090000,56549.6,56558.9,56546.6,56557.95,193867
1790145120000,56555.45,56562.9,56552.85,56558.4,125608
1790145150000,56566.1,56570.1,56556,56569.3,670753
1790145180000,56570.45,56572.85,56561.65,56563.2,132625
1790145210000,56562.75,56566,56558.2,56564.65,123160
1790145240000,56565.9,56566.1,56556.35,56563.15,508353
1790145270000,56562.85,56567.65,56560.3,56567.55,54806
1790145300000,56565.45,56575.6,56562.5,56574.35,248452
1790145330000,56573.85,56576.45,56569.1,56570.7,149464
1790145360000,56572.5,56592.05,56571.6,56588.6,239922
1790145390000,56588.05,56594.4,56580.5,56594.4,158663
1790145420000,56596.15,56599.8,56573.25,56573.25,487460
1790145450000,56571.55,56575.55,56562.8,56564.3,229687
1790145480000,56569.25,56576.1,56561.35,56567.75,258121
1790145510000,56566.4,56568.85,56555.9,56556.55,71208
1790145540000,56556.55,56560.85,56548.6,56551.6,111621
1790145570000,56553.85,56561.05,56550.25,56560.65,117468
1790145600000,56560.8,56579.2,56558.05,56571.9,236032
1790145630000,56571.7,56573.2,56562.2,56569.35,585807
1790145660000,56569.9,56570.5,56559.3,56566.6,82656
1790145690000,56565.75,56567.9,56555.65,56559.15,120156
1790145720000,56562.7,56568.45,56558.4,56563.35,148425
1790145750000,56564.55,56571.15,56564.1,56571.05,72932
1790145780000,56571.05,56578.7,56566.55,56570.45,215077
1790145810000,56570.6,56573.85,56560.3,56573.85,145093
1790145840000,56572.45,56585.2,56570.8,56576.4,199125
1790145870000,56578.2,56580.2,56567.35,56573.4,104998
1790145900000,56574.4,56576.75,56567.8,56569.1,89111
1790145930000,56569.3,56573.5,56563.75,56571.05,248294
1790145960000,56570.2,56576.5,56555.65,56557.2,276029
1790145990000,56559,56570.55,56559,56566.3,181406
1790146020000,56569.35,56576.25,56564.55,56575.35,101715
1790146050000,56574.85,56576.1,56566.9,56568.05,187192
1790146080000,56568.05,56570.75,56558.35,56564.9,181832
1790146110000,56563.9,56576.5,56563.9,56566.6,419109
1790146140000,56571.15,56577.05,56562.85,56574.9,137283
1790146170000,56572.6,56584.1,56571.35,56578.5,92928
1790146200000,56585.85,56592.25,56583.2,56586.3,138016
1790146230000,56585.95,56591.25,56573.65,56584.8,286071
1790146260000,56586,56587.35,56574.25,56577.35,193895
1790146290000,56579.35,56579.35,56566.15,56572.9,73803
1790146320000,56572.9,56575.95,56562.15,56568.2,107762
1790146350000,56568.75,56573.8,56564.1,56568.65,73463
1790146380000,56568.65,56579.95,56563.65,56568.6,301806
1790146410000,56569.2,56571,56558.75,56560.7,91130
1790146440000,56562.85,56570.1,56548,56556.35,215893
1790146470000,56556.5,56564.7,56548.1,56562.2,74286
1790146500000,56562.2,56565.45,56555.25,56563.25,107027
1790146530000,56565.1,56567.15,56544.85,56551.6,79325
1790146560000,56554.2,56558.9,56544.8,56557.15,151641
1790146590000,56558.4,56573.8,56552.4,56564.65,218115
1790146620000,56564.95,56574.85,56556.85,56574.85,155598
1790146650000,56574.7,56578.35,56568.2,56572.85,99337
1790146680000,56576.05,56580.7,56565.75,56574.55,207675
1790146710000,56576,56582.1,56570.85,56574.65,117245
1790146740000,56575.75,56576.55,56564.25,56572.6,246044
1790146770000,56572.3,56572.65,56560.8,56567.8,473701
1790146800000,56567.8,56578.6,56565.15,56575.65,198443
1790146830000,56575.3,56580.15,56564.55,56567.35,117893
1790146860000,56567.35,56573.1,56560.9,56568.5,165332
1790146890000,56567.95,56574.7,56564.95,56567,211654
1790146920000,56567,56573.1,56563.05,56568.4,113503
1790146950000,56570.45,56577.55,56562.55,56573.35,198676
1790146980000,56575.95,56586.75,56569.8,56583.35,152805
1790147010000,56583.95,56592.7,56579.1,56592.3,236058
1790147040000,56592.95,56605.95,56589.55,56595.95,417874
1790147070000,56596.6,56600.25,56582.9,56590.05,700916
1790147100000,56590.05,56597.95,56585.9,56587.3,280630
1790147130000,56589.25,56601.4,56587.05,56596.6,243331
1790147160000,56599.75,56603.65,56592.1,56599.05,181391
1790147190000,56599.75,56601,56584.8,56585.65,133995
1790147220000,56588.2,56592.6,56574.6,56579.75,209038
1790147250000,56581.95,56585.35,56572,56575.05,122279
1790147280000,56578.75,56580.75,56572.1,56575,78356
1790147310000,56574.55,56575.95,56567.7,56574.35,104538
1790147340000,56575.6,56579.4,56573.3,56573.3,87172
1790147370000,56575.7,56575.7,56567.85,56571.15,290973
1790147400000,56569.35,56573.75,56566.7,56573.4,105719
1790147430000,56572.3,56582.9,56568.3,56577.45,103995
1790147460000,56579.3,56581.9,56574.4,56579.5,85917
1790147490000,56577.8,56586.75,56577.4,56580.5,52160
1790147520000,56582.3,56582.3,56574.6,56578.85,86015
1790147550000,56577.75,56581.8,56571.3,56577.65,139792
1790147580000,56578.65,56582.15,56572.75,56579.5,83105
1790147610000,56580.8,56581,56570.65,56576.35,107721
1790147640000,56577.05,56580.65,56571.65,56579.95,187944
1790147670000,56578.95,56580.05,56571.45,56575.85,53978
1790147700000,56577.7,56579.05,56573.15,56574.5,92357
1790147730000,56575.5,56576.45,56563.55,56575.25,137116
1790147760000,56576.25,56576.55,56559.15,56561.95,80474
1790147790000,56560.8,56565.25,56555.1,56564,90652
1790147820000,56563.3,56565.25,56553.9,56559.55,85891
1790147850000,56560.15,56560.15,56551.95,56553.05,173317
1790147880000,56554.95,56556.25,56541.65,56546.55,119873
1790147910000,56546.6,56552.7,56542.6,56551.6,142473
1790147940000,56553.3,56559.55,56546.35,56550.45,196367
1790147970000,56548.85,56554.2,56546.4,56550.6,1092994
1790148000000,56552.55,56559.85,56549,56557.3,188211
1790148030000,56558.8,56560.2,56549.65,56554.6,181069
1790148060000,56554.7,56566.45,56551.1,56563.4,136350
1790148090000,56562.55,56565.35,56552.6,56559,79801
1790148120000,56559.15,56561.55,56543.35,56550.7,723230
1790148150000,56550.9,56555.55,56544.85,56549.95,123048
1790148180000,56550.3,56553.6,56537.95,56547.25,237428
1790148210000,56546.4,56550.8,56527.5,56533.85,193402
1790148240000,56534.45,56540.95,56531.25,56539.7,201321
1790148270000,56539,56541,56524.95,56533.7,140442
1790148300000,56535.8,56542.7,56531.1,56539.6,142923
1790148330000,56538.9,56546.75,56528.1,56532.15,183681
1790148360000,56532.65,56542.2,56526,56542.2,207021
1790148390000,56540.25,56544.75,56536.85,56537.55,79907
1790148420000,56542.5,56558.25,56537.25,56553.45,100469
1790148450000,56555.3,56559.6,56548.7,56555.65,163363
1790148480000,56556.25,56564.35,56549.3,56556.75,156900
1790148510000,56555.2,56560.25,56551.4,56554.45,98053
1790148540000,56556.7,56564.25,56549.8,56551,140115
1790148570000,56550.2,56561.65,56549,56557.95,124368
1790148600000,56559.95,56560.05,56550.85,56558.1,166841
1790148630000,56557.4,56560.4,56548.35,56558.3,184324
1790148660000,56559.05,56575,56552.7,56571.5,185217
1790148690000,56570.8,56573.8,56556.1,56565.45,180157
1790148720000,56564.1,56582.4,56560.1,56579.4,299282
1790148750000,56579.1,56601.25,56576.4,56599.25,701671
1790148780000,56600.7,56604.85,56593.05,56598.7,295901
1790148810000,56596.5,56604.95,56591.35,56603.4,231972
1790148840000,56602.85,56606.1,56592.55,56598,231336
1790148870000,56598.7,56602.3,56592.95,56601,178874
1790148900000,56601.15,56610.1,56597.2,56602.6,190907
1790148930000,56602.3,56605,56578,56584.95,153862
1790148960000,56586.65,56594.15,56578.25,56594.15,347358
1790148990000,56596.2,56603.85,56592.45,56597.45,245674
1790149020000,56598.6,56615.05,56594.05,56612,186783
1790149050000,56610.8,56619.65,56609.8,56614.7,125131
1790149080000,56615.9,56623.05,56608.3,56613.95,321053
1790149110000,56613.5,56617.05,56607.15,56610.15,142745
1790149140000,56612.7,56612.7,56594.75,56600.6,397582
1790149170000,56601.2,56601.2,56587.6,56593.65,260588
1790149200000,56596,56599.9,56588.45,56594.7,139053
1790149230000,56592.85,56597.15,56586.1,56587.55,119741
1790149260000,56589,56591.35,56576.05,56581.75,169584
1790149290000,56581.45,56581.5,56572,56578.35,268097
1790149320000,56580.4,56586.95,56579.7,56586,285225
1790149350000,56585,56585,56575.65,56581.95,135531
1790149380000,56583.35,56585.05,56575.7,56583.5,163428
1790149410000,56580.8,56580.8,56570.85,56572.65,118454
1790149440000,56574.7,56577.8,56565.35,56568.65,111801
1790149470000,56567.8,56574,56564.85,56572.05,129673
1790149500000,56572.9,56574.45,56564.9,56574.45,160352
1790149530000,56574.05,56581.45,56569.15,56578.35,193283
1790149560000,56576.45,56588.05,56573.85,56582.95,129439
1790149590000,56583.55,56586.5,56573,56582.1,220712
1790149620000,56584.65,56590.45,56577.4,56579.8,113303
1790149650000,56580.35,56583.25,56566.25,56571.6,170930
1790149680000,56571.35,56574.4,56564.25,56570.05,148172
1790149710000,56573.1,56573.1,56561.65,56566.45,84618
1790149740000,56567.05,56570.5,56561.5,56563.85,169492
1790149770000,56564.55,56567.65,56557.5,56564.4,123434
1790149800000,56563.45,56567.6,56558.75,56564.25,107284
1790149830000,56563.3,56564.7,56555.45,56560.3,96844
1790149860000,56562.15,56565.55,56556.7,56564.25,119271
1790149890000,56565.4,56566.75,56557.95,56562.3,164214
1790149920000,56562.6,56570,56560.9,56569.1,82515
1790149950000,56569.4,56574.85,56566.65,56573.85,270908
1790149980000,56574.45,56579.05,56568,56575.3,150113
1790150010000,56576.6,56581.3,56570.65,56578.35,148275
1790150040000,56579.85,56587,56574.2,56579.15,205123
1790150070000,56579.85,56580.15,56573.25,56577.25,96626
1790150100000,56579.75,56579.75,56571.05,56576.25,76714
1790150130000,56576.4,56585.4,56573.8,56578.05,113542
1790150160000,56581.85,56586.9,56577,56581.65,207528
1790150190000,56580.95,56584.05,56574.45,56582.35,82871
1790150220000,56584.75,56586.1,56576.55,56582.55,90016
1790150250000,56584.45,56584.45,56570.45,56572.1,152124
1790150280000,56574.25,56577.3,56568.55,56575.1,122687
1790150310000,56573.65,56577.3,56569.1,56573.1,130588
1790150340000,56576.9,56578.35,56562.85,56568.55,119115
1790150370000,56567.3,56568.65,56557.1,56559.1,213313
1790150400000,56560.25,56563.25,56550.35,56552.5,313471
1790150430000,56554.85,56555.75,56546.05,56555.05,125328
1790150460000,56554.9,56561.75,56553.35,56560.5,179505
1790150490000,56558.45,56564.35,56550.85,56555.6,237685
1790150520000,56557.15,56559.6,56549.5,56554.2,115942
1790150550000,56552.65,56555.25,56544,56545.55,77348
1790150580000,56545.9,56552.65,56543.7,56549.65,88821
1790150610000,56551.5,56551.5,56531.6,56531.6,107292
1790150640000,56535.9,56541.95,56529.4,56539.7,148979
1790150670000,56538,56541.6,56524.3,56536.85,344920
1790150700000,56540.95,56546,56532.25,56544.75,122146
1790150730000,56545.45,56545.45,56520.9,56524,154640
1790150760000,56527.4,56527.4,56512.7,56521.95,114061
1790150790000,56520.15,56526.7,56517.65,56523.35,156128
1790150820000,56525.4,56536.7,56522.55,56527.4,86037
1790150850000,56527.4,56541.65,56526.2,56539.2,126483
1790150880000,56540.55,56544.25,56534.2,56539.05,195179
1790150910000,56539.05,56550.15,56534.8,56538.8,147475
1790150940000,56543.5,56544.7,56536.45,56541.6,104129
1790150970000,56543.2,56544.6,56534.8,56541.55,59550
1790151000000,56543.2,56548,56534.95,56544,166856
1790151030000,56544.85,56546.9,56535.6,56541.6,84008
1790151060000,56545.35,56545.35,56532.4,56538.65,148843
1790151090000,56539.25,56546.2,56533.9,56546.2,204665
1790151120000,56551.25,56561.65,56543.6,56547.35,202423
1790151150000,56547.05,56550.85,56544,56548.9,84848
1790151180000,56550.75,56552.3,56542.1,56549.7,97392
1790151210000,56550.4,56560.9,56547,56555,137077
1790151240000,56558,56560.4,56549.15,56560.2,127452
1790151270000,56560.65,56570.45,56555.55,56567.5,368730
1790151300000,56570.25,56571.85,56565.25,56569,67193
1790151330000,56567.85,56573.85,56565.25,56571.6,87801
1790151360000,56568.35,56571.25,56564.3,56567.35,224466
1790151390000,56567.35,56572.55,56564.65,56569.95,62633
1790151420000,56572.5,56574.25,56563.2,56567.4,89436
1790151450000,56566.7,56568.1,56554.1,56561.9,233520
1790151480000,56563.05,56568.05,56557.95,56562.65,85696
1790151510000,56561.65,56566.8,56553.95,56564.1,122784
1790151540000,56564.95,56568.2,56559.05,56565.75,224100
1790151570000,56566.35,56569.75,56560.1,56569.5,105143
1790151600000,56567.5,56570.1,56561.7,56569.3,110167
1790151630000,56567.4,56567.4,56556.1,56559.65,72218
1790151660000,56560.95,56565.3,56557.1,56561.2,78570
1790151690000,56561.2,56563.1,56551.55,56554.05,124131
1790151720000,56551.6,56557.75,56550.65,56555.45,112538
1790151750000,56555.85,56556.15,56548.75,56551.3,93561
1790151780000,56551,56558.05,56548.3,56555.25,86685
1790151810000,56556.05,56561.95,56550.65,56558.8,64546
1790151840000,56560.6,56563.15,56554.9,56562.8,81379
1790151870000,56562.8,56574.15,56559.5,56571.3,151794
1790151900000,56570.9,56577.1,56569.55,56575.1,237695
1790151930000,56573.5,56575.8,56561.65,56563.4,143079
1790151960000,56564.8,56570.55,56562.35,56564.45,80576
1790151990000,56563.6,56565.7,56557.95,56559.6,83808
1790152020000,56560.85,56560.85,56547.85,56547.85,55067
1790152050000,56548.45,56553.95,56545.5,56551.95,197824
1790152080000,56555.6,56558.05,56549.65,56552.6,83606
1790152110000,56553.25,56553.7,56545.4,56549.55,89111
1790152140000,56552.5,56554.35,56547.85,56549.85,123026
1790152170000,56550.55,56553.45,56546.7,56548.25,145557
1790152200000,56549.35,56556.75,56545.45,56554,105906
1790152230000,56554,56557.9,56549.45,56551.4,132178
1790152260000,56551,56557,56548.5,56551.35,211344
1790152290000,56552.7,56555.95,56547.15,56550.9,144742
1790152320000,56553.9,56559.9,56548.5,56557.15,211954
1790152350000,56556.45,56561.85,56551.1,56555.2,103561
1790152380000,56561.9,56565.15,56557.55,56558.65,101235
1790152410000,56560.4,56574.05,56558.45,56564.2,89402
1790152440000,56566.05,56574.55,56564.5,56571.9,86117
1790152470000,56571.9,56573.1,56558.85,56565.65,102843
1790152500000,56566,56569.85,56562.2,56567.35,87171
1790152530000,56567.35,56571.35,56561.5,56565.65,175287
1790152560000,56568.15,56577.1,56563,56573.1,115878
1790152590000,56573.1,56574.55,56567,56573.65,449298
1790152620000,56575.5,56577.55,56560.55,56572,221668
1790152650000,56572,56584.55,56566.15,56582.3,154945
1790152680000,56581.6,56585.3,56576.85,56582.6,133862
1790152710000,56582,56585.15,56575.65,56581.5,93583
1790152740000,56580.9,56587,56579.5,56584.15,269374
1790152770000,56584.15,56596.05,56580.3,56594.35,167691
1790152800000,56595.9,56606.2,56592.85,56603.9,201013
1790152830000,56603.9,56611.45,56600.95,56607.05,224366
1790152860000,56609.3,56612.2,56605.45,56609.85,94881
1790152890000,56609.4,56609.8,56602.45,56602.7,248105
1790152920000,56607.35,56612.3,56603.7,56609.95,134488
1790152950000,56609.95,56612.8,56599.9,56606.4,154636
1790152980000,56603.85,56606.4,56598.1,56604.6,109561
1790153010000,56604.6,56609.45,56600.95,56603.5,186429
1790153040000,56606.2,56608.8,56595.3,56601.6,338785
1790153070000,56601.05,56603.9,56592.4,56603.25,155536
1790153100000,56603.95,56608.85,56596.05,56602.95,147015
1790153130000,56601,56605.75,56595.25,56595.75,191468
1790153160000,56594.05,56602.85,56592.55,56597.65,232704
1790153190000,56598.8,56601.85,56594.45,56597.6,85547
1790153220000,56597,56599.95,56585.7,56587.85,186402
1790153250000,56587.85,56592.75,56584.55,56592.75,211959
1790153280000,56592.25,56594.9,56586.4,56591.5,110897
1790153310000,56590.95,56596.7,56588.25,56595.35,108626
1790153340000,56597.4,56602.45,56591.65,56594.2,371728
1790153370000,56593,56594.35,56581.9,56584.2,111586
1790153400000,56585.65,56585.65,56572.7,56575.6,204204
1790153430000,56576.3,56576.3,56566.85,56569.8,175362
1790153460000,56571.75,56582,56566.7,56576.95,211199
1790153490000,56579.55,56585.65,56574.05,56581.5,265675
1790153520000,56583.45,56591.55,56573.65,56574.85,303535
1790153550000,56573.15,56581.4,56571.9,56579,104243
1790153580000,56578.55,56586.45,56574.45,56585.05,191092
1790153610000,56585.65,56605.55,56582.4,56602.3,282270
1790153640000,56603.95,56608.1,56597.55,56605.4,139625
1790153670000,56607.9,56607.9,56593.95,56595.65,356594
1790153700000,56598.8,56604.35,56593.8,56595.35,113998
1790153730000,56594.05,56599.2,56588.55,56593.45,449744
1790153760000,56595.25,56604.9,56592.95,56603.2,107474
1790153790000,56600.65,56606.9,56592.5,56596.45,170597
1790153820000,56597.3,56601.5,56590.95,56598.3,213234
1790153850000,56597.15,56601.45,56592.9,56600.9,235263
1790153880000,56598.1,56602.4,56591.85,56594.45,109756
1790153910000,56594.6,56605.15,56594.45,56599,146156
1790153940000,56603.45,56604.85,56594.3,56603.4,120853
1790153970000,56603.25,56613.2,56599.15,56610.9,251344
1790154000000,56612.1,56618.9,56607.85,56616.65,443572
1790154030000,56617.4,56618.45,56609.45,56612.3,152400
1790154060000,56615.75,56615.75,56601.9,56601.9,177655
1790154090000,56601.1,56603.5,56593.1,56594.4,330661
1790154120000,56593.9,56600.05,56592.9,56593.9,71790
1790154150000,56594.7,56602.15,56592.35,56592.35,110215
1790154180000,56594.75,56595.6,56584.75,56590.35,379793
1790154210000,56589.8,56590.5,56576.4,56577.05,177907
1790154240000,56576.9,56583.3,56573.55,56574.65,262337
1790154270000,56575.25,56580.9,56569.65,56573.75,83913
1790154300000,56574.7,56574.7,56557.8,56558.65,196772
1790154330000,56557.6,56562.45,56552.6,56558.7,130778
1790154360000,56559.45,56564.4,56550.05,56559.15,137576
1790154390000,56559.5,56568.2,56553.35,56562.6,124891
1790154420000,56564.5,56569.85,56559.35,56565.4,143961
1790154450000,56566.8,56575.25,56562.4,56570.8,83963
1790154480000,56571.9,56575.55,56561.8,56567.65,222010
1790154510000,56564.05,56570.1,56558.25,56566.85,154549
1790154540000,56565.6,56570.15,56558.05,56565.55,429656
1790154570000,56569,56577.05,56563.9,56571.3,398174
1790154600000,56575.2,56583.9,56560.15,56568.5,568956
1790154630000,56566.6,56573.9,56563.45,56567.9,110015
1790154660000,56571.45,56572.6,56562.5,56564.65,175982
1790154690000,56565.95,56569,56560.65,56562.3,304992
1790154720000,56563.75,56565.25,56552.95,56559.5,222706
1790154750000,56559.6,56572.35,56555.7,56563.35,448371
1790154780000,56565.75,56565.85,56546.35,56555.65,215575
1790154810000,56555,56566,56551.55,56562.05,178526
1790154840000,56565.4,56567.85,56557.7,56565.65,122360
1790154870000,56565.45,56566.2,56551.95,56553.65,72398
1790154900000,56557.7,56563.5,56548.65,56561.5,319915
1790154930000,56556.6,56563.4,56553.75,56553.75,213693
1790154960000,56553,56559.45,56544.45,56559.45,436091
1790154990000,56554.05,56561.8,56553,56555.8,127200
1790155020000,56555.35,56556.6,56544.35,56548.8,132821
1790155050000,56543.85,56546.05,56530.25,56531.75,132162
1790155080000,56531.25,56541.6,56526.35,56540.8,342286
1790155110000,56536,56544.65,56536,56538.35,119114
1790155140000,56539,56547.05,56532.55,56541.8,322145
1790155170000,56535.45,56549.25,56535.45,56541.85,264039
1790155200000,56541.65,56545.55,56527.65,56532.1,264196
1790155230000,56531.2,56537.4,56525.7,56536.95,223074
1790155260000,56534.4,56542,56531.85,56541.3,206936
1790155290000,56535.5,56551.3,56534.85,56543.25,193239
1790155320000,56542.4,56551.65,56541.7,56545.15,363336
1790155350000,56547.8,56551.35,56538.15,56538.15,572930
1790155380000,56536.05,56539.9,56529.4,56533.3,219542
1790155410000,56532.8,56540.25,56530.35,56539.25,158214
1790155440000,56535.75,56544.55,56533.2,56541.05,108940
1790155470000,56538.6,56542.9,56528.85,56532.55,179303
1790155500000,56531.4,56537.15,56531.25,56535.45,265125
1790155530000,56532.6,56537.05,56531,56533.2,414394
1790155560000,56529.45,56534.8,56525.15,56530.65,179714
1790155590000,56527.8,56529.8,56514.85,56515.5,584944
1790155620000,56511.2,56521.2,56511.2,56515.3,241614
1790155650000,56512.7,56517.7,56505,56510.15,633189
1790155680000,56506.6,56513.55,56506.1,56510.8,286588
1790155710000,56506.85,56514.15,56499.15,56500.55,189410
1790155740000,56497.9,56508,56497.85,56507.4,280459
1790155770000,56504.4,56520.6,56504.4,56514.2,253003
1790155800000,56513.45,56516.4,56506.25,56511.3,458673
1790155830000,56512.65,56512.95,56503.8,56507.6,310519
1790155860000,56508.9,56521.35,56506.05,56514.3,470040
1790155890000,56515.05,56515.2,56498.45,56501.65,287553
1790155920000,56501.85,56503.35,56485.45,56485.45,379865
1790155950000,56488.1,56493.65,56482.8,56487.3,366876
1790155980000,56488.7,56489.8,56474.5,56474.9,383178
1790156010000,56475.2,56477.75,56470.8,56476.05,275246
1790156040000,56477.2,56477.2,56468.15,56470.9,522099
1790156070000,56470.85,56481.95,56465.4,56477.2,826911
1790156100000,56480.4,56499.45,56478.55,56488.85,950018
1790156130000,56489.75,56493.15,56480.35,56489.05,679359
1790156160000,56492.35,56512.7,56487.95,56506.05,842281
1790156190000,56508.95,56512.65,56501.4,56505.05,318074
1790156220000,56505.95,56508.95,56499.65,56504.8,275629
1790156250000,56507.55,56508.3,56497.55,56500.9,494642
1790156280000,56502.6,56509.45,56497.5,56507.1,478143
1790156310000,56506.1,56512.05,56502.5,56502.5,494922
1790156340000,56503.6,56509.55,56497.15,56502.05,787125
1790156370000,56502.65,56507.4,56495,56498.35,317446
1790156400000,56495.2,56500.5,56490.5,56490.5,817345
1790156430000,56493.85,56501.75,56486.05,56501.35,671201
1790156460000,56501.2,56510.05,56493.1,56510.05,580434
1790156490000,56509.7,56518.6,56505.55,56516.1,399336
1790156520000,56517.65,56527.1,56505.65,56522.5,1220029
1790156550000,56529.6,56535.65,56512.15,56517.65,912600
1790156580000,56522.3,56533.75,56511.7,56522.8,785040
1790156610000,56523.2,56530.7,56508.55,56516.9,619348
1790156640000,56513.05,56548.35,56513.05,56542.3,456932
1790156670000,56547.55,56552.35,56529.6,56542.85,262402
1790156700000,56542.85,56542.85,56542.25,56542.25,18679
1790156730000,56542.25,56542.25,56542.25,56542.25,0
1790156760000,56542.25,56542.25,56542.25,56542.25,0
1790156790000,56542.25,56542.25,56542.25,56542.25,0
1790156820000,56542.25,56542.25,56542.25,56542.25,0
1790156850000,56542.25,56542.25,56542.25,56542.25,0
1790156880000,56542.25,56542.25,56542.25,56542.25,0
1790156910000,56542.25,56542.25,56542.25,56542.25,0
1790156940000,56542.25,56542.25,56542.25,56542.25,0
1790156970000,56542.25,56542.25,56542.25,56542.25,0
1790157000000,56542.25,56542.25,56542.25,56542.25,0
1790157030000,56542.25,56542.25,56542.25,56542.25,0
1790157060000,56542.25,56542.25,56542.25,56542.25,0
1790157090000,56542.25,56542.25,56542.25,56542.25,0
1790157120000,56542.25,56542.25,56542.25,56542.25,0
1790157150000,56542.25,56542.25,56542.25,56542.25,0
1790157180000,56542.25,56542.25,56542.25,56542.25,0
1790157210000,56542.25,56542.25,56542.25,56542.25,0
1790157240000,56542.25,56542.25,56542.25,56542.25,0
1790157270000,56542.25,56542.25,56542.25,56542.25,0
1790157300000,56542.25,56542.25,56542.25,56542.25,0
1790157330000,56542.25,56542.25,56542.25,56542.25,0
1790157360000,56542.25,56542.25,56542.25,56542.25,0
1790157390000,56542.25,56542.25,56542.25,56542.25,0
1790157420000,56542.25,56542.25,56542.25,56542.25,0
1790157450000,56542.25,56542.25,56542.25,56542.25,0
1790157480000,56542.25,56542.25,56542.25,56542.25,0
1790157510000,56542.25,56542.25,56542.25,56542.25,0
1790157540000,56542.25,56542.25,56542.25,56542.25,0
1790157570000,56548.9,56548.9,56548.9,56548.9,4397896
1790221500000,55710.6,55918.4,55621.45,55810.65,8640703
1790221530000,55810.6,55914.55,55810.6,55870.15,4567084
1790221560000,55865.4,55877.05,55807.85,55829.3,3135774
1790221590000,55827.4,55827.85,55789.15,55792.95,4445839
1790221620000,55797.7,55836.45,55762.85,55780.8,3090036
1790221650000,55780.9,55780.9,55702.35,55723.75,2572149
1790221680000,55721.05,55721.05,55685.25,55705.15,1380207
1790221710000,55708.85,55741,55696,55732.15,1699010
1790221740000,55726.65,55751.8,55669.75,55669.75,1925677
1790221770000,55674.85,55676.1,55653.15,55659.5,3169816
1790221800000,55655.85,55700.7,55641.5,55677.8,1750249
1790221830000,55671.2,55708.4,55659.1,55701.6,1757737
1790221860000,55701.25,55714.2,55686.95,55704.4,791889
1790221890000,55707.25,55709.15,55681.95,55691.55,947860
1790221920000,55690.1,55702.45,55681.4,55694.4,788486
1790221950000,55695.75,55732.75,55695.75,55725.6,1485614
1790221980000,55724.4,55752.05,55720.1,55748.7,1207382
1790222010000,55750.5,55779.55,55747.65,55754.55,708285
1790222040000,55761.4,55765.85,55743.4,55756.4,1394721
1790222070000,55753.8,55766.25,55734.35,55742.55,659669
1790222100000,55739.7,55748.1,55712.75,55716.95,1146700
1790222130000,55718.35,55721.05,55694.5,55706.1,1951876
1790222160000,55699.2,55718.3,55678.25,55718.3,773216
1790222190000,55721.65,55726.3,55695.5,55703.75,1112184
1790222220000,55703,55709.85,55678.95,55686.7,1117995
1790222250000,55688.25,55704.75,55684.4,55699.55,665362
1790222280000,55699.7,55713.35,55695.85,55712.25,448944
1790222310000,55713.6,55719.6,55698.45,55714.4,851091
1790222340000,55712.15,55722.45,55701.1,55711.6,648314
1790222370000,55708.85,55713.7,55695.65,55712,770767
1790222400000,55707.8,55709.15,55669.5,55676.9,606420
1790222430000,55677.15,55681.2,55654.55,55657.95,379438
1790222460000,55658.2,55672.2,55654.6,55663.25,343135
1790222490000,55662.85,55671.9,55659.9,55670.2,297083
1790222520000,55669.65,55698.95,55668.55,55681.25,467296
1790222550000,55683.35,55683.35,55657.4,55667.8,498135
1790222580000,55670.95,55670.95,55641.75,55653.15,358789
1790222610000,55652.5,55661.3,55642.3,55653.3,337288
1790222640000,55656.5,55680.8,55655.75,55672.9,416374
1790222670000,55675.35,55687.1,55669.3,55680.95,455147
1790222700000,55680.25,55696.85,55675.45,55694.75,418670
1790222730000,55693.6,55696.3,55669.9,55673.9,257747
1790222760000,55670.45,55678.65,55663.25,55678.65,386397
1790222790000,55676,55686.95,55664.75,55679.55,453407
1790222820000,55681,55691,55673.8,55681.95,628426
1790222850000,55675.85,55678.65,55649.5,55654.95,1193167
1790222880000,55654.45,55662.55,55638.55,55644.4,619999
1790222910000,55646.5,55647.7,55623.15,55623.15,318332
1790222940000,55620.3,55631.15,55614.25,55615.2,410909
1790222970000,55613.85,55619.6,55601.25,55609.75,503992
1790223000000,55614.85,55624.6,55605.4,55609.4,511809
1790223030000,55606.4,55634.55,55602.65,55630.65,412882
1790223060000,55630.1,55630.1,55599.5,55612.05,791072
1790223090000,55611.25,55615.2,55607.25,55612.3,766833
1790223120000,55610.75,55616.85,55593.75,55606.5,521663
1790223150000,55606.35,55610.1,55584.65,55607.75,310739
1790223180000,55605,55610.7,55575.1,55578.4,396152
1790223210000,55578.6,55583.75,55548.2,55562.9,626048
1790223240000,55562.2,55562.2,55535.4,55541.25,1479887
1790223270000,55540.15,55540.4,55523.7,55529.25,533879
1790223300000,55528.15,55533.45,55505.85,55517.7,459370
1790223330000,55517.55,55546.75,55509.55,55542.95,365297
1790223360000,55541.5,55578.25,55541.5,55566.15,682878
1790223390000,55566.85,55574.15,55551.6,55561.2,272588
1790223420000,55558.45,55573.1,55548.85,55557.55,379743
1790223450000,55556,55569.2,55548.1,55551.1,321446
1790223480000,55546.3,55569.3,55546.3,55564.15,613766
1790223510000,55563.45,55572.75,55556.75,55569.6,404060
1790223540000,55568.55,55573.85,55559.45,55569.3,276981
1790223570000,55569.75,55593.55,55565,55588.4,363715
1790223600000,55587.85,55590.4,55561.85,55562.35,654667
1790223630000,55566.95,55598.75,55563.25,55594.25,735537
1790223660000,55592.95,55602.75,55575.75,55582,324491
1790223690000,55580.15,55583.85,55558.95,55559,135378
1790223720000,55559.15,55578.95,55557.45,55578.95,342532
1790223750000,55581.85,55582,55554.65,55559.1,298388
1790223780000,55561.8,55563.45,55547.45,55558.85,280314
1790223810000,55557.9,55562.05,55540.85,55552.8,321811
1790223840000,55552.6,55558.2,55547.05,55552.55,266069
1790223870000,55555.4,55556.2,55545.95,55551.15,220785
1790223900000,55550.9,55551.75,55533.75,55534.1,164893
1790223930000,55537.5,55556.4,55532.25,55548.5,178017
1790223960000,55547.9,55555.15,55542.15,55552.95,931501
1790223990000,55552.65,55570.25,55550.9,55562.8,512982
1790224020000,55562.5,55572.95,55560.85,55565.8,231355
1790224050000,55568.65,55577.35,55565.85,55570.9,126612
1790224080000,55571.95,55581.05,55566.8,55577.8,130119
1790224110000,55582.55,55591.95,55577.3,55584.9,287190
1790224140000,55583.25,55586.25,55569.9,55578.65,236886
1790224170000,55577.3,55592.25,55575.25,55586.9,181684
1790224200000,55587.75,55596.15,55578.45,55594.3,493080
1790224230000,55594.3,55608.05,55590.2,55608.05,221516
1790224260000,55605.65,55624.4,55603.05,55616.55,228699
1790224290000,55615.55,55616.3,55606.35,55610.5,164312
1790224320000,55613.15,55613.15,55602.4,55608.25,170563
1790224350000,55606.85,55629.7,55606.55,55626.2,247398
1790224380000,55624.4,55637.8,55621.2,55633.9,172558
1790224410000,55635.15,55648.35,55631.7,55644.2,173124
1790224440000,55644.6,55657.05,55642.8,55655.2,204272
1790224470000,55655.8,55663,55640.55,55644.5,222243
1790224500000,55642.05,55645.65,55625.15,55626.7,173068
1790224530000,55626.2,55637.85,55615.55,55629.85,241973
1790224560000,55631.5,55633.05,55615.7,55618.95,153551
1790224590000,55617.25,55621.85,55608.8,55616.35,202071
1790224620000,55614.95,55634.25,55608.3,55631.3,727660
1790224650000,55629.65,55633.05,55621.05,55632,254740
1790224680000,55631.6,55642.4,55629.8,55637.75,239498
1790224710000,55639,55659,55634.2,55657.35,386569
1790224740000,55655.75,55671,55652.25,55669.7,246695
1790224770000,55671.85,55676.65,55663.15,55669.6,123651
1790224800000,55669.9,55675.9,55649.7,55656.2,356710
1790224830000,55655.5,55655.65,55641.7,55646.6,863771
1790224860000,55647.3,55647.3,55622.05,55629.5,250936
1790224890000,55628.8,55648.9,55625.85,55639.9,166496
1790224920000,55641.7,55641.7,55621.45,55625.6,178746
1790224950000,55624.55,55625.1,55615.6,55615.6,212582
1790224980000,55614.15,55620.15,55608.75,55613.2,218101
1790225010000,55617.4,55617.85,55593.85,55593.85,291471
1790225040000,55591.55,55594.2,55583.15,55590.25,230265
1790225070000,55588.65,55597.45,55580.4,55594.6,199604
1790225100000,55592.25,55601.45,55578.15,55583.85,276233
1790225130000,55587.95,55588.3,55578.55,55585,190133
1790225160000,55584.35,55591.45,55578.95,55586.55,143923
1790225190000,55587.75,55592.8,55580.95,55583.55,112935
1790225220000,55579.2,55582.6,55564.25,55569.6,338608
1790225250000,55569.6,55569.6,55554.8,55569.15,202475
1790225280000,55571.5,55576.35,55562.15,55563.85,258879
1790225310000,55565.35,55565.35,55553.25,55554.15,167406
1790225340000,55556,55557.15,55545.65,55550.15,317168
1790225370000,55552.4,55588.6,55551.1,55587.25,278398
1790225400000,55586.95,55593.1,55578.9,55587.7,169733
1790225430000,55588.75,55588.75,55572.8,55575.3,253543
1790225460000,55573.65,55578.65,55552.45,55552.45,339142
1790225490000,55553.45,55559.95,55550.6,55556.75,226091
1790225520000,55556.7,55557.65,55544.6,55549.3,192345
1790225550000,55549.3,55550.55,55531.15,55534.55,100077
1790225580000,55531.15,55542.35,55529.15,55533.65,307290
1790225610000,55533.5,55551.65,55530.45,55549.3,244014
1790225640000,55549.35,55553.85,55542.65,55551.4,527284
1790225670000,55551.45,55555.4,55545.15,55547,185267
1790225700000,55547.95,55551.1,55532.95,55535.5,208522
1790225730000,55538.65,55538.65,55525.6,55532.7,423115
1790225760000,55532.9,55538.85,55523.5,55535,154617
1790225790000,55536.15,55558.9,55530.35,55558.65,141204
1790225820000,55555.65,55566.55,55555.65,55562.35,92079
1790225850000,55562.35,55565,55551.55,55558.95,109291
1790225880000,55556.45,55566.65,55552.95,55554.15,115339
1790225910000,55554.15,55554.95,55538.2,55540.85,114058
1790225940000,55543.3,55559.95,55540.65,55557.85,122853
1790225970000,55557.85,55557.85,55546,55551.15,145694
1790226000000,55551.5,55559.1,55543.4,55547.7,106887
1790226030000,55547.45,55551.85,55544.9,55551.6,92402
1790226060000,55550.8,55559.1,55549.05,55559.05,89060
1790226090000,55559.65,55572.85,55555.35,55569.5,148056
1790226120000,55570.3,55578.5,55568.65,55574,162578
1790226150000,55574.3,55583.6,55571.05,55583.6,155791
1790226180000,55579.3,55590.1,55575.45,55586.75,165361
1790226210000,55586.75,55597.15,55586.75,55596.3,175110
1790226240000,55596.4,55598.4,55581.2,55581.75,189880
1790226270000,55584.6,55586.15,55572.3,55583.9,188443
1790226300000,55581.7,55592.5,55569.75,55571.1,241279
1790226330000,55573.55,55573.55,55563.8,55571.15,253275
1790226360000,55566.05,55600.3,55564.05,55596.9,625993
1790226390000,55596.9,55601.8,55588.5,55594.95,126928
1790226420000,55595.65,55603.4,55584.35,55591.05,254904
1790226450000,55591.65,55601.6,55589.4,55597.65,169206
1790226480000,55598.85,55613.05,55593.85,55612.2,201614
1790226510000,55612.2,55612.2,55592.45,55592.45,179633
1790226540000,55596.3,55602.4,55585.65,55590.15,127120
1790226570000,55589.8,55599.75,55584.1,55594.55,162679
1790226600000,55590.55,55596.15,55577.9,55583.7,169651
1790226630000,55584.65,55586.75,55573.7,55577.4,140394
1790226660000,55577.45,55580.4,55565.85,55575.75,301483
1790226690000,55575.75,55579.45,55565.7,55568.3,348409
1790226720000,55570.4,55574.55,55561.6,55573.15,254438
1790226750000,55574.9,55581.35,55564.9,55578.85,287166
1790226780000,55580.45,55586.75,55568.1,55569.15,87273
1790226810000,55572.3,55572.3,55547.7,55556.35,929380
1790226840000,55554.95,55565.6,55550.85,55558.75,475398
1790226870000,55562.4,55569.05,55553.45,55565.85,225079
1790226900000,55566.1,55582.3,55563.9,55582.05,119373
1790226930000,55581,55592.15,55576.85,55582.15,183582
1790226960000,55580.3,55584.6,55574.05,55584.6,207929
1790226990000,55582.4,55584.3,55572.35,55572.35,109167
1790227020000,55571.4,55579.6,55568.2,55572.75,110493
1790227050000,55572.1,55587.75,55568.8,55581.95,275246
1790227080000,55583.15,55583.75,55570.4,55575.45,127273
1790227110000,55581.05,55581.6,55565.25,55574.35,271624
1790227140000,55573.1,55579.55,55565.25,55576.55,118189
1790227170000,55578.3,55587.9,55564.35,55584.25,258383
1790227200000,55585.2,55587.75,55576.9,55576.9,129456
1790227230000,55578.55,55587.3,55571.95,55581.15,155156
1790227260000,55581.85,55605.2,55578.95,55600.7,211962
1790227290000,55602.05,55602.05,55589.65,55596.65,145971
1790227320000,55595.55,55607.45,55592.2,55607.45,334200
1790227350000,55607.15,55612.4,55602.85,55609.6,199739
1790227380000,55609.9,55624.5,55604.55,55619.75,287805
1790227410000,55616.95,55623.35,55610.9,55612.05,274157
1790227440000,55612.6,55616.6,55605.2,55608.5,602872
1790227470000,55610.95,55619.65,55602.7,55614.8,247638
1790227500000,55608.15,55616.75,55606.4,55612.4,152682
1790227530000,55611.7,55629.35,55610.2,55627.15,539045
1790227560000,55627.4,55627.4,55611.5,55619.1,908855
1790227590000,55618.05,55622.55,55605.8,55607.6,558887
1790227620000,55609.3,55618.15,55603.3,55612,144355
1790227650000,55611.05,55612.15,55601.45,55601.9,102893
1790227680000,55604.15,55616.95,55599.3,55603.4,152886
1790227710000,55602.8,55612.5,55597.55,55607.9,214919
1790227740000,55608.25,55621.1,55603.4,55616.5,282283
1790227770000,55613.85,55626.35,55606.4,55621.6,294418
1790227800000,55623.75,55625.9,55606.85,55610.05,238410
1790227830000,55610.4,55617.75,55609.95,55611.55,458224
1790227860000,55612.8,55632.35,55610.85,55627.05,362232
1790227890000,55626.45,55626.7,55610.3,55613.85,210855
1790227920000,55614.3,55618.65,55611.45,55616,74604
1790227950000,55615.9,55627.95,55613.25,55625.15,459117
1790227980000,55621.45,55625.1,55607.55,55619.1,299333
1790228010000,55619.95,55628.3,55614.95,55617.9,194008
1790228040000,55616.15,55619.8,55612.6,55618.05,736143
1790228070000,55617.15,55626.8,55613.85,55622.4,306902
1790228100000,55622.45,55624.6,55615.75,55620.6,158545
1790228130000,55620,55622,55601.15,55602.95,175388
1790228160000,55604.55,55606.55,55588.15,55599.85,2246332
1790228190000,55605.3,55608.85,55596.35,55601.45,218585
1790228220000,55601.35,55611.6,55599.15,55610.5,397134
1790228250000,55611.8,55616.75,55607.2,55616.75,384183
1790228280000,55615.2,55616.7,55597.65,55602.6,344516
1790228310000,55604.3,55604.3,55585.8,55590.4,123785
1790228340000,55588.6,55594.75,55578.85,55579.65,142341
1790228370000,55580.95,55584.3,55574.8,55578.4,240384
1790228400000,55578.2,55583.25,55571.35,55578.35,107901
1790228430000,55578,55581.2,55569.45,55579.25,251466
1790228460000,55581.4,55594.5,55578.5,55594.45,160111
1790228490000,55592.25,55601,55576.65,55583.6,300484
1790228520000,55583.05,55590.4,55569.55,55589.35,321911
1790228550000,55588.4,55588.65,55574.4,55577.4,266731
1790228580000,55576.9,55582.4,55565.2,55567.35,133390
1790228610000,55566.25,55567.75,55550.95,55559.4,374643
1790228640000,55559.7,55593.8,55559.5,55589.8,512890
1790228670000,55592.9,55592.9,55581.5,55588.25,340463
1790228700000,55585.9,55593.35,55578.8,55586.35,280988
1790228730000,55586.7,55614.75,55586.7,55613.35,263753
1790228760000,55614.45,55614.8,55600.85,55603.2,128323
1790228790000,55601.95,55616.25,55599.5,55613.55,105212
1790228820000,55613.4,55636.2,55609.7,55633.65,468157
1790228850000,55635.85,55638.95,55622.5,55633.85,226127
1790228880000,55633.9,55651.35,55632.5,55648.85,151803
1790228910000,55652.05,55657.8,55642.8,55649.7,253760
1790228940000,55649.1,55651.2,55638.25,55650.95,262495
1790228970000,55652.55,55665.35,55648.45,55665.35,204908
1790229000000,55666.35,55670.75,55652.3,55659.35,316703
1790229030000,55661.35,55661.35,55640.6,55650.95,451443
1790229060000,55647.05,55650.85,55632.2,55638.25,135055
1790229090000,55638.4,55650.75,55636.95,55648.15,403396
1790229120000,55648.1,55650.9,55631,55631.65,341270
1790229150000,55631.2,55635,55625.7,55630.2,225683
1790229180000,55628.65,55629.4,55619.55,55625,120221
1790229210000,55625.6,55628.35,55618.5,55622.65,291234
1790229240000,55623.45,55625.7,55605.05,55609.8,316646
1790229270000,55606.35,55612.55,55599.1,55600.85,180008
1790229300000,55599.9,55608.65,55591.7,55605.35,248257
1790229330000,55599.8,55600.65,55592.8,55597.4,191871
1790229360000,55598,55601.7,55588.1,55593.2,250109
1790229390000,55591.95,55609.25,55590.8,55608.7,164629
1790229420000,55605.85,55620.6,55600,55611.85,178527
1790229450000,55611.15,55612.2,55603.5,55608.4,241439
1790229480000,55607,55618.05,55603.4,55617.6,224273
1790229510000,55617.5,55620.15,55599.9,55607.4,270972
1790229540000,55606.3,55614.45,55601,55606.55,319819
1790229570000,55608.5,55608.5,55595.25,55600.35,114605
1790229600000,55598.95,55606.45,55596.3,55599.1,251930
1790229630000,55599,55602.8,55591.55,55598.55,81356
1790229660000,55595.65,55603.35,55590.4,55597.8,111505
1790229690000,55596.3,55596.7,55585.85,55586.4,128891
1790229720000,55585.8,55590.55,55577.7,55582.3,88219
1790229750000,55582.75,55582.75,55559.15,55562.1,230326
1790229780000,55563.1,55578.8,55553.1,55576.35,761028
1790229810000,55577.95,55596.85,55573.35,55592.05,372388
1790229840000,55590.4,55597.7,55580.15,55581.35,148112
1790229870000,55581.45,55583.05,55562.75,55564.05,135913
1790229900000,55560.65,55568,55559.05,55566.4,196267
1790229930000,55564.95,55579.95,55562.3,55579.4,124486
1790229960000,55579.4,55588.9,55575.15,55587.2,231634
1790229990000,55588.4,55600.6,55583.4,55599.3,150990
1790230020000,55599.3,55599.3,55584.4,55593.8,162956
1790230050000,55593.45,55596.75,55582.1,55592.7,172052
1790230080000,55586.6,55602.15,55585.05,55591.75,179744
1790230110000,55592.7,55596.5,55584.7,55591.55,114910
1790230140000,55590.5,55602.05,55585.45,55594.35,320485
1790230170000,55592.7,55611.5,55590.9,55611.5,191832
1790230200000,55611.5,55616.95,55602.15,55606.3,170305
1790230230000,55605.45,55609.05,55600.55,55606.7,100888
1790230260000,55605.15,55616.1,55600.7,55607.5,301680
1790230290000,55608.6,55608.85,55591.7,55592.9,118461
1790230320000,55592.9,55600.1,55588.1,55594.25,151464
1790230350000,55596.7,55604.25,55592.15,55600.05,159333
1790230380000,55601,55607.5,55590.15,55595.15,109953
1790230410000,55596.45,55603.1,55588.35,55599.85,77413
1790230440000,55600.75,55601.35,55587.4,55598,112010
1790230470000,55598.65,55600.6,55590.45,55591.7,88359
1790230500000,55593.45,55600.55,55589.7,55597.65,154644
1790230530000,55599.4,55607.1,55594.3,55606.3,76153
1790230560000,55605.2,55611.15,55600.1,55611.15,222415
1790230590000,55609.4,55613,55591.45,55595.65,148449
1790230620000,55595.5,55598.6,55589.5,55591.3,74589
1790230650000,55592.95,55600.25,55587.35,55591.75,144682
1790230680000,55590.55,55594.35,55580.3,55590.75,634759
1790230710000,55589.4,55608.15,55584.3,55606.05,159004
1790230740000,55605.2,55608.15,55596,55605.2,214666
1790230770000,55602.6,55608.65,55589.35,55595.15,289189
1790230800000,55595.15,55605.8,55587.2,55604.35,333638
1790230830000,55602.8,55604.15,55594.3,55598.25,139362
1790230860000,55597.35,55600.2,55580.55,55592.15,276036
1790230890000,55592.85,55599.4,55583.1,55587.85,381146
1790230920000,55589.05,55602.4,55584.05,55588.7,249902
1790230950000,55590.9,55599.05,55579.05,55586.45,175966
1790230980000,55585.4,55602.8,55585.4,55597.65,170194
1790231010000,55595.55,55599.55,55584,55597.85,71332
1790231040000,55597.6,55601.15,55590.75,55597.95,234749
1790231070000,55596.4,55603.6,55593.45,55598.3,67210
1790231100000,55598.3,55598.3,55581.6,55581.6,168040
1790231130000,55585.9,55585.9,55576.55,55579.6,182273
1790231160000,55580.9,55582.15,55572.05,55575.45,177382
1790231190000,55572.55,55579.35,55570.75,55572.6,197855
1790231220000,55573.3,55582.45,55572.1,55580,301366
1790231250000,55580.6,55581.5,55572.3,55579.4,256686
1790231280000,55579,55592.6,55575.6,55590.2,185640
1790231310000,55592.6,55600.95,55587.3,55593.1,141343
1790231340000,55593.1,55598.8,55593.1,55597.05,141539
1790231370000,55596.25,55601.8,55592.9,55601.8,92154
1790231400000,55599.4,55599.4,55588.4,55589.05,282551
1790231430000,55590.2,55595.15,55585.1,55591.2,1892989
1790231460000,55591.85,55605.8,55584.75,55605.8,180837
1790231490000,55604.1,55611.6,55599.45,55611.6,154664
1790231520000,55610.4,55628.75,55605.1,55624.3,116811
1790231550000,55622.7,55622.7,55608.95,55610.85,169022
1790231580000,55611.25,55612.05,55597.3,55601.25,121006
1790231610000,55600.55,55616.1,55598.6,55600.65,137530
1790231640000,55600.65,55613.15,55594.55,55611.95,217497
1790231670000,55609.7,55613.6,55601.45,55613.6,121331
1790231700000,55610.75,55611,55599.9,55611,133268
1790231730000,55608.75,55610.8,55599.3,55603.5,97167
1790231760000,55600.15,55605.1,55596.65,55601.15,257248
1790231790000,55601.25,55610.05,55595.2,55606.1,213129
1790231820000,55604.9,55608.2,55598.3,55604.3,117847
1790231850000,55603.4,55604.7,55595.1,55599.15,118352
1790231880000,55598.7,55601.5,55590.9,55596.65,563987
1790231910000,55595.1,55599.05,55580.95,55586.65,528023
1790231940000,55589.55,55604.15,55584.05,55600,82868
1790231970000,55601.3,55603.55,55589.3,55595.05,77521
1790232000000,55594.6,55607.1,55588.3,55607.1,93982
1790232030000,55606.65,55606.65,55598.45,55603.55,100261
1790232060000,55602.15,55610.25,55598.75,55602.45,87322
1790232090000,55601.3,55603.1,55592.85,55598.6,78168
1790232120000,55596.75,55606.35,55591.6,55596.95,148689
1790232150000,55594.65,55596.6,55586.4,55589.95,125948
1790232180000,55588.7,55591.85,55586.7,55587.8,77544
1790232210000,55588.4,55592.5,55579.15,55580,123454
1790232240000,55580.05,55585.95,55576.55,55581.2,103718
1790232270000,55581.9,55582.75,55567.8,55572.9,103859
1790232300000,55566.75,55582.35,55566.75,55582.35,102336
1790232330000,55578.95,55592.6,55577.8,55589,87986
1790232360000,55584.75,55593.2,55581.2,55584.2,80510
1790232390000,55584.95,55586.5,55576.6,55585.55,71779
1790232420000,55585.55,55588.2,55579.85,55585.15,98780
1790232450000,55585.8,55594.35,55580.45,55587.2,66568
1790232480000,55587.5,55589.85,55583.5,55586.6,129093
1790232510000,55586.2,55593.25,55585.1,55592.35,70247
1790232540000,55588.3,55594.6,55586.15,55590.95,92387
1790232570000,55590.7,55595.25,55586.65,55591.25,189101
1790232600000,55593.55,55619.4,55592,55616.2,834881
1790232630000,55615.4,55620.05,55599.4,55602.3,122128
1790232660000,55600.2,55600.45,55587.7,55597.05,119815
1790232690000,55596.8,55598.3,55590.25,55597.25,59251
1790232720000,55595.15,55599.1,55589.15,55596.7,106897
1790232750000,55596.1,55599.7,55591.75,55597.25,116153
1790232780000,55594.4,55596.15,55575.8,55578.45,225969
1790232810000,55578.2,55585.6,55578,55585.35,151953
1790232840000,55585.35,55589,55580.05,55589,115601
1790232870000,55588.35,55603.15,55582.4,55596.65,210742
1790232900000,55598.05,55598.05,55578,55578,183990
1790232930000,55577.5,55578.4,55557.95,55563.45,563432
1790232960000,55556.65,55576.95,55549,55573.6,268535
1790232990000,55572.2,55585.25,55563.6,55582.3,232459
1790233020000,55584.75,55584.75,55569.1,55579.55,192395
1790233050000,55581.2,55589.45,55578.15,55586.9,132310
1790233080000,55586.25,55603.25,55586.25,55593.3,203824
1790233110000,55594.9,55610.95,55594.4,55606.7,290658
1790233140000,55604.35,55616.7,55598.8,55603.1,129599
1790233170000,55601.6,55606.1,55595.9,55598.85,108933
1790233200000,55599.3,55614.6,55599.3,55607.4,145705
1790233230000,55608.1,55621.9,55605.25,55616.85,133280
1790233260000,55618.05,55625.65,55608.8,55614.9,111237
1790233290000,55613.1,55613.1,55598.55,55599.4,155140
1790233320000,55601.9,55601.9,55583,55584.05,103125
1790233350000,55585,55585,55561.8,55576.6,206899
1790233380000,55577.3,55590.5,55574,55582.7,147981
1790233410000,55584.8,55586.9,55573.75,55586.9,140158
1790233440000,55585.75,55592.4,55578.2,55587.7,93009
1790233470000,55588.05,55601.2,55585,55597,468002
1790233500000,55597.15,55599,55564.2,55581.9,226716
1790233530000,55584.95,55597.35,55583.4,55593.75,98696
1790233560000,55566.15,55598.45,55566.15,55592.35,7908733
1790233590000,55591.55,55597.05,55584.75,55593.45,236517
1790233620000,55592.15,55601.45,55587.7,55594.5,341535
1790233650000,55594.55,55598.3,55587.25,55596.4,243213
1790233680000,55595.2,55610.1,55593.05,55609.1,203127
1790233710000,55609.8,55618.05,55605.6,55614.85,237558
1790233740000,55612.5,55613.45,55599.15,55600.1,102815
1790233770000,55600.15,55602.7,55595.75,55600.55,204801
1790233800000,55599.45,55608.4,55591.25,55608.4,316140
1790233830000,55608.5,55616.6,55607.1,55613.7,142366
1790233860000,55614.95,55634.15,55611.3,55633.05,133363
1790233890000,55630.65,55633.5,55615.7,55620.6,188413
1790233920000,55621.75,55626.35,55615.1,55618.4,128292
1790233950000,55616.3,55616.6,55606.45,55609.6,159862
1790233980000,55608.75,55613.1,55600.95,55604.4,90324
1790234010000,55605.5,55609.45,55600.9,55602.6,114002
1790234040000,55604.3,55607.6,55595,55596.9,97318
1790234070000,55596.05,55605.65,55593.15,55596.2,110596
1790234100000,55596.55,55611.95,55594.9,55606.95,175012
1790234130000,55609.1,55609.1,55592.5,55601.95,84020
1790234160000,55599.6,55610.6,55593.35,55596.25,131933
1790234190000,55593.45,55604.9,55592.2,55602.45,132669
1790234220000,55596.5,55603,55594.05,55599.9,87228
1790234250000,55598.75,55600.5,55587.5,55598.85,148039
1790234280000,55598.3,55606.1,55592.35,55600.8,93545
1790234310000,55600.3,55600.85,55587.65,55589.15,97250
1790234340000,55585.4,55597.75,55580.2,55592.3,97279
1790234370000,55591.9,55595.5,55586.9,55589.35,81281
1790234400000,55587.65,55613.85,55585.9,55608.3,119954
1790234430000,55606.35,55610.2,55598.6,55598.6,196474
1790234460000,55596.65,55605.4,55591.35,55591.35,258330
1790234490000,55592.35,55592.8,55580.55,55584.2,102659
1790234520000,55584.3,55593.15,55582.55,55591.05,405759
1790234550000,55591.15,55594.9,55587.4,55588.65,565100
1790234580000,55587.1,55591.15,55583.1,55587.35,355019
1790234610000,55585.75,55591.45,55582.45,55585.1,205065
1790234640000,55584.1,55589.65,55576.6,55578.3,88219
1790234670000,55576.95,55577.95,55560.15,55565.35,139842
1790234700000,55563.4,55577.2,55560.05,55577.2,142849
1790234730000,55575.6,55576.95,55566.05,55569.65,253160
1790234760000,55571.05,55585.8,55568.4,55585.5,173165
1790234790000,55589.65,55592.45,55581.3,55581.65,149513
1790234820000,55582.2,55590.3,55578.2,55585.3,160654
1790234850000,55585.2,55590.4,55582.65,55583.8,127855
1790234880000,55581.55,55584.35,55577.5,55582.8,115064
1790234910000,55582,55588.6,55579,55583.1,54806
1790234940000,55582.5,55584.8,55576.4,55581.2,73130
1790234970000,55580.5,55587.6,55576.7,55586.3,79218
1790235000000,55584.95,55597.1,55582.1,55595.05,337445
1790235030000,55594.75,55596.85,55584.3,55593.25,159143
1790235060000,55592.85,55600.1,55590.45,55595.05,162111
1790235090000,55600.8,55612.65,55593.8,55608,119811
1790235120000,55604.85,55614.45,55603.75,55611.1,170694
1790235150000,55612.4,55616.5,55604.65,55613.35,92893
1790235180000,55611.15,55625.2,55611.1,55622.3,272635
1790235210000,55622.5,55624.55,55617.9,55622.25,132993
1790235240000,55622,55624.6,55613.7,55614.5,131435
1790235270000,55614.7,55620.5,55608.55,55616.6,213298
1790235300000,55615.7,55625.8,55615.25,55623.4,382126
1790235330000,55623.8,55627.2,55613.3,55614.3,428648
1790235360000,55614.95,55616.45,55589.2,55591.3,276303
1790235390000,55590.6,55609.9,55589.1,55603.75,435641
1790235420000,55603.4,55611.55,55599.25,55610.55,96868
1790235450000,55609.2,55617.9,55605.9,55616.55,77943
1790235480000,55615.6,55632.25,55615.6,55628.4,86241
1790235510000,55628.65,55633.7,55618,55619.2,112116
1790235540000,55617.95,55621.9,55613.4,55616.05,68676
1790235570000,55613.35,55617.4,55608.1,55612.2,129676
1790235600000,55608.85,55612.55,55605.55,55606.5,226754
1790235630000,55606.7,55615.4,55602.95,55615.35,144101
1790235660000,55611.3,55614.95,55609.85,55614.4,113414
1790235690000,55614.3,55615.4,55607.75,55608.6,136000
1790235720000,55608.9,55619.65,55606.25,55616,131160
1790235750000,55615.75,55627.9,55605.5,55624.7,177138
1790235780000,55626.5,55641.6,55623.85,55634.75,126060
1790235810000,55634.5,55642.95,55633.1,55639,81013
1790235840000,55639.35,55656.5,55637.8,55651.05,179633
1790235870000,55649.8,55652,55643,55647.5,102607
1790235900000,55647.55,55656.2,55640.95,55655.85,92606
1790235930000,55653.35,55661.6,55648.3,55659.2,145482
1790235960000,55660.05,55660.7,55649.15,55656.95,280365
1790235990000,55655.8,55659.9,55648.65,55652.9,136760
1790236020000,55654.45,55654.8,55644.9,55644.9,74988
1790236050000,55643.7,55649,55640.2,55648.25,90609
1790236080000,55646.95,55648.65,55641.85,55643.55,129814
1790236110000,55643.55,55646.7,55635.05,55639.9,156911
1790236140000,55640.5,55644.2,55634.05,55641.6,91922
1790236170000,55640.3,55648.45,55638,55641.45,189514
1790236200000,55642.2,55644.15,55630.65,55634.95,102488
1790236230000,55634.75,55640.6,55631.1,55640.6,59835
1790236260000,55636.85,55639.85,55631.4,55634.7,164604
1790236290000,55634.7,55635.4,55624.8,55626.65,226429
1790236320000,55626.05,55632.95,55620.35,55624.8,260923
1790236350000,55624.8,55637.1,55619.75,55633.8,191915
1790236380000,55632.55,55635.1,55625.65,55628.05,270198
1790236410000,55628.75,55633.6,55623.85,55625.2,205282
1790236440000,55624.4,55632.5,55622.45,55631.2,166710
1790236470000,55631.8,55642.1,55625.15,55640.5,114451
1790236500000,55637.5,55644,55634.6,55638.6,80851
1790236530000,55639.45,55641.65,55616.95,55616.95,249139
1790236560000,55617.3,55618.2,55608.95,55615.1,213409
1790236590000,55612.35,55615.4,55548.6,55548.6,581097
1790236620000,55547.5,55584.1,55542.8,55568.95,428435
1790236650000,55570.55,55574.1,55542.9,55553.2,159911
1790236680000,55554.3,55559.7,55545.3,55550,213063
1790236710000,55550.25,55563,55543.75,55561.9,833258
1790236740000,55561.3,55572.15,55555.9,55569.4,323167
1790236770000,55570.4,55576.65,55563.8,55570.05,177037
1790236800000,55567.45,55576.4,55566.25,55576.4,128843
1790236830000,55574.9,55582.25,55572.75,55579.65,144167
1790236860000,55579.7,55584.1,55572.25,55572.25,182097
1790236890000,55572.8,55615.25,55572.75,55614.5,271899
1790236920000,55611.8,55614.6,55599.6,55606.25,304862
1790236950000,55605.9,55607.25,55594.35,55599.55,206901
1790236980000,55600.55,55602.4,55583.65,55587.5,106092
1790237010000,55593.05,55602.05,55584.35,55593.65,264690
1790237040000,55592.8,55601.15,55583.5,55592.05,149407
1790237070000,55594.05,55600.45,55575.65,55588.2,165659
1790237100000,55584.1,55589.6,55581.05,55583.95,154936
1790237130000,55583.95,55586.8,55576.65,55579.65,81768
1790237160000,55580.3,55591,55573.85,55588.6,268814
1790237190000,55586.8,55589.2,55579.6,55581.55,155104
1790237220000,55581,55588.6,55575.9,55587.45,134344
1790237250000,55587.5,55591.3,55573.65,55573.65,302482
1790237280000,55573.8,55580.55,55568.7,55571.6,199002
1790237310000,55570.2,55570.2,55560.2,55566.05,270250
1790237340000,55562.75,55566.3,55554.5,55554.5,151117
1790237370000,55554.5,55558.15,55549.05,55555.85,287833
1790237400000,55550.5,55559.3,55548.3,55553.15,187666
1790237430000,55552.2,55555.15,55543.8,55550.5,256030
1790237460000,55548.15,55564.25,55548.15,55559.65,154650
1790237490000,55560.15,55563.9,55551.65,55563.65,167182
1790237520000,55561.55,55567.1,55553.95,55564.75,127116
1790237550000,55565.35,55565.35,55542.45,55549.8,195564
1790237580000,55548.1,55556,55546.45,55553.2,192393
1790237610000,55552.55,55554.55,55517.6,55522.8,433964
1790237640000,55517.4,55522.5,55453.35,55461.05,1459389
1790237670000,55462.05,55465.75,55443.95,55455.35,563082
1790237700000,55458.2,55486.4,55456.9,55479.6,301056
1790237730000,55481.4,55486.5,55427.65,55428.4,424053
1790237760000,55424.85,55427.8,55380.85,55381.75,725567
1790237790000,55378.6,55407.15,55377.45,55399.25,670809
1790237820000,55404.2,55429.6,55399.85,55414.35,275885
1790237850000,55418.9,55437.75,55417.2,55424.8,251048
1790237880000,55422.55,55432.1,55411.15,55427.65,419723
1790237910000,55429.75,55434.15,55413.7,55415.1,300084
1790237940000,55420.1,55455.05,55418.45,55455.05,265668
1790237970000,55452.85,55471.3,55452.85,55467,207089
1790238000000,55468.1,55476.55,55459.05,55475.8,360352
1790238030000,55475.8,55483.9,55471.85,55476.4,184630
1790238060000,55473,55476.95,55447.65,55454.05,331957
1790238090000,55455.05,55459.7,55435.1,55438.45,205929
1790238120000,55434.45,55438.4,55414.7,55428.65,421119
1790238150000,55428.65,55439.55,55422.15,55429.35,278187
1790238180000,55431.05,55434.45,55428.45,55430,111155
1790238210000,55427.5,55429.55,55420,55420.8,154903
1790238240000,55420.75,55424.55,55413.75,55417.05,216634
1790238270000,55417.05,55417.05,55388.6,55402,488049
1790238300000,55401.95,55418.15,55397.5,55405.9,308996
1790238330000,55408.85,55422.1,55406,55420.1,163436
1790238360000,55419.8,55421.35,55401.2,55403.25,245537
1790238390000,55404.2,55407.5,55398.5,55404.15,113708
1790238420000,55402.55,55408.45,55398.15,55399.25,151591
1790238450000,55401.1,55408,55369.55,55371.1,545641
1790238480000,55369.6,55382.6,55367.5,55381.7,252680
1790238510000,55381.7,55381.7,55347.15,55347.75,331123
1790238540000,55348.1,55383.55,55341.2,55381.7,655320
1790238570000,55380.3,55385.85,55365.8,55368.05,260272
1790238600000,55366.3,55399.35,55362.3,55396.1,205876
1790238630000,55396.8,55415.15,55391.3,55409.65,208670
1790238660000,55409.85,55443,55409.85,55441.95,244344
1790238690000,55441.95,55444.25,55429.7,55442.25,164746
1790238720000,55444.15,55450.3,55440.75,55447.45,191388
1790238750000,55447.45,55472.95,55445.3,55465.35,285570
1790238780000,55466.3,55484.25,55461.45,55480.4,221667
1790238810000,55479.95,55479.95,55453.45,55455.15,423277
1790238840000,55455.6,55471.65,55455.6,55469.85,119402
1790238870000,55468.55,55469.75,55390.7,55400.95,484536
1790238900000,55401.05,55437.3,55401.05,55431.85,335212
1790238930000,55431.25,55435.4,55422.7,55429.45,155741
1790238960000,55427.25,55429.15,55401.9,55407.7,191876
1790238990000,55406.9,55413.9,55403.4,55407.45,99618
1790239020000,55405.1,55423.6,55405.1,55419.15,230933
1790239050000,55420,55421.6,55401.75,55408.7,247112
1790239080000,55408.05,55436.6,55405.5,55434.95,197996
1790239110000,55434.25,55446.6,55426.25,55446.6,221307
1790239140000,55444.85,55444.85,55417.05,55442.9,146643
1790239170000,55442.95,55447.45,55438.55,55440.65,87938
1790239200000,55441.1,55452.3,55437.55,55440.8,233382
1790239230000,55438.65,55440.5,55428.25,55432.95,126508
1790239260000,55432.8,55436.3,55427.85,55431.85,108488
1790239290000,55431.3,55433.6,55418.65,55422.5,99580
1790239320000,55422.2,55432.8,55421,55430.2,125656
1790239350000,55428.1,55433.25,55425.9,55427.15,156714
1790239380000,55427.35,55440.05,55424.85,55436.45,112104
1790239410000,55436.35,55436.35,55424.35,55428.8,104503
1790239440000,55428.4,55444.8,55428.4,55441.85,142325
1790239470000,55441.9,55455.1,55441.9,55452,181512
1790239500000,55452.65,55464.45,55450.45,55450.75,272092
1790239530000,55449.25,55452.85,55426.1,55435.7,346149
1790239560000,55431.95,55448.5,55431.95,55442.9,249842
1790239590000,55442.3,55459.65,55436.95,55457.5,255153
1790239620000,55456.35,55460.45,55449.55,55458.5,148783
1790239650000,55455.9,55462.4,55453.95,55457.7,118606
1790239680000,55455.75,55466.8,55453.55,55466.8,124250
1790239710000,55467.5,55474,55457.3,55462.4,208934
1790239740000,55463,55463.05,55446,55446,165901
1790239770000,55445.5,55449.7,55422.9,55430.95,350391
1790239800000,55431.5,55457.45,55429.85,55450.65,1195269
1790239830000,55450.95,55452.85,55424.05,55426.7,311973
1790239860000,55427.25,55427.25,55408.05,55408.05,203925
1790239890000,55413.3,55433.2,55406.8,55428.75,216225
1790239920000,55427.9,55439.5,55421.55,55429.15,326065
1790239950000,55428.75,55432.1,55414.95,55417.5,340108
1790239980000,55417.2,55421.55,55411.25,55413.55,271305
1790240010000,55412.95,55414.25,55377.2,55379.1,334529
1790240040000,55379.75,55394.4,55378.9,55389.45,838666
1790240070000,55388,55409.8,55375.2,55403.45,1169765
1790240100000,55403.1,55415.2,55401.7,55411.55,324340
1790240130000,55409.3,55445.2,55408.8,55438.05,546846
1790240160000,55437.45,55441.4,55413.05,55413.05,941648
1790240190000,55411.8,55421.75,55407.7,55418.05,740953
1790240220000,55417.15,55425.35,55415.15,55425.35,133355
1790240250000,55424.45,55425.6,55409.15,55424.75,255277
1790240280000,55422.85,55449,55421.5,55449,233315
1790240310000,55448.65,55451.45,55429.55,55433.55,111505
1790240340000,55433,55439.85,55428.05,55437.85,107121
1790240370000,55438.35,55440.55,55428,55432.3,293210
1790240400000,55430.8,55433.35,55419.45,55421.75,238828
1790240430000,55421.85,55433.55,55412.3,55429.2,261773
1790240460000,55430.2,55437.05,55422.65,55430.6,129512
1790240490000,55433.6,55456.25,55433.6,55448.45,258825
1790240520000,55447.85,55460.2,55440.85,55456.4,186569
1790240550000,55456.25,55467.35,55440.6,55444.45,173942
1790240580000,55444.2,55451.6,55421.45,55447.3,266032
1790240610000,55445.8,55449,55434.5,55436.15,118219
1790240640000,55435.45,55444.15,55432.2,55439,156017
1790240670000,55439.85,55457.95,55426.15,55453.95,142072
1790240700000,55453.4,55472.25,55453.35,55472.25,147903
1790240730000,55472.1,55478.85,55466.8,55478.6,159413
1790240760000,55477.85,55481.65,55470.3,55471.8,209939
1790240790000,55471.5,55498.6,55468,55494.35,470464
1790240820000,55496.4,55509.95,55496.4,55509.75,221004
1790240850000,55509.9,55521,55498.75,55516.1,417741
1790240880000,55515.6,55539.75,55513,55535.25,465389
1790240910000,55535.85,55538.9,55520.8,55526.35,183997
1790240940000,55524.6,55537.7,55519.15,55533.25,339526
1790240970000,55532.2,55564.3,55522.35,55559.05,563343
1790241000000,55558.5,55569.9,55555.85,55559.85,349478
1790241030000,55559,55559.25,55544.6,55544.6,371552
1790241060000,55545.55,55559.15,55532.65,55536.3,269031
1790241090000,55535,55546.35,55527.9,55545.85,170759
1790241120000,55546.3,55547.55,55514.95,55517.9,294151
1790241150000,55513.5,55519.2,55498.25,55519.2,216104
1790241180000,55518.65,55547.9,55515.05,55537,306242
1790241210000,55537.05,55540.05,55525.35,55531.85,224803
1790241240000,55530.95,55532.45,55514.95,55517.05,245083
1790241270000,55514.65,55524.4,55509.35,55521,223644
1790241300000,55520.1,55523.7,55513.5,55518,186020
1790241330000,55519.05,55556.2,55517.95,55552.3,364758
1790241360000,55551.75,55567.9,55548.5,55557.45,274998
1790241390000,55559.5,55566.8,55554.7,55558.05,164956
1790241420000,55557.5,55557.5,55544.35,55551.05,250302
1790241450000,55553.85,55568.9,55549.7,55559.7,451181
1790241480000,55555.65,55559.15,55548.1,55548.1,248598
1790241510000,55549.7,55570.7,55549.7,55565.4,382533
1790241540000,55565.55,55566.85,55545.75,55559.7,576586
1790241570000,55560.15,55564.2,55556.4,55561.95,424866
1790241600000,55556.9,55582.5,55556.9,55577.45,515285
1790241630000,55576.15,55583,55573.3,55580.2,458104
1790241660000,55580.8,55585.95,55565.75,55582.05,353476
1790241690000,55579.9,55601.15,55577.85,55598.45,338203
1790241720000,55596.5,55610.75,55585.7,55607.6,303209
1790241750000,55606.6,55612,55599.25,55606,427523
1790241780000,55605.9,55605.9,55591.3,55594.6,584804
1790241810000,55594.75,55597.75,55587.35,55594.6,188185
1790241840000,55594.25,55613.75,55586.5,55591.2,372145
1790241870000,55594,55610.9,55592.5,55605.3,596285
1790241900000,55603.55,55626.55,55595,55624.55,321601
1790241930000,55624.8,55627.8,55610.3,55610.35,323869
1790241960000,55610.8,55624.65,55607.9,55617.65,327410
1790241990000,55615.9,55625.35,55601.9,55603.6,510963
1790242020000,55601.35,55604.1,55584.15,55588.4,397772
1790242050000,55586.6,55599.95,55577.8,55599.95,617476
1790242080000,55597.95,55597.95,55572.1,55584.45,468753
1790242110000,55587.65,55595.65,55583.05,55590.4,384026
1790242140000,55589.05,55590.1,55568.75,55572,325671
1790242170000,55569.7,55574.6,55552.05,55559.55,360249
1790242200000,55560.5,55567.65,55546.9,55552.4,969893
1790242230000,55552.55,55567.8,55543.15,55561.6,475869
1790242260000,55556.9,55567.55,55536.05,55564.4,596934
1790242290000,55565.65,55568.8,55552.7,55555,212648
1790242320000,55556.95,55564.95,55548.15,55559.7,317001
1790242350000,55561.1,55582.85,55558.05,55582.35,300408
1790242380000,55581.25,55586.5,55571.25,55579.7,345799
1790242410000,55579.05,55579.05,55559.35,55571.05,334116
1790242440000,55570.55,55583,55567.2,55578.65,322198
1790242470000,55575.3,55598.05,55574.1,55591.75,577967
1790242500000,55591.3,55591.9,55572.75,55577.6,685297
1790242530000,55571.6,55579.95,55555.05,55570.1,484540
1790242560000,55567.75,55573.1,55551.4,55554.4,420296
1790242590000,55548.85,55573.3,55540.45,55568.4,464809
1790242620000,55569.55,55573.1,55558.1,55558.45,361421
1790242650000,55554.9,55561.1,55549.1,55558.05,459836
1790242680000,55550.45,55557,55529.2,55529.2,580982
1790242710000,55527.9,55530.5,55514.3,55524.7,508628
1790242740000,55518.45,55550.6,55518.45,55541.45,703851
1790242770000,55537.4,55548.2,55537.2,55547.25,663827
1790242800000,55539.65,55553.45,55534.2,55536.05,1293474
1790242830000,55533.6,55538.1,55520.7,55528.15,405059
1790242860000,55525.8,55536.25,55521.85,55534.5,537038
1790242890000,55531.45,55538.6,55529.25,55534.1,471440
1790242920000,55528.2,55538.6,55504.55,55512.5,1169732
1790242950000,55513,55518.75,55452.7,55490.7,1842157
1790242980000,55490.25,55524.45,55488.75,55513.1,845767
1790243010000,55510.9,55510.9,55466.6,55476,520004
1790243040000,55463.35,55478.45,55456.4,55465.6,580713
1790243070000,55471.4,55496.65,55442.25,55464.45,385159
1790243100000,55464.7,55464.7,55464.7,55464.7,2662
1790243130000,55464.7,55464.7,55464.7,55464.7,0
1790243160000,55464.7,55464.7,55464.7,55464.7,0
1790243190000,55464.7,55464.7,55464.7,55464.7,0
1790243220000,55464.7,55464.7,55464.7,55464.7,0
1790243250000,55464.7,55464.7,55464.7,55464.7,0
1790243280000,55464.7,55464.7,55464.7,55464.7,0
1790243310000,55464.7,55464.7,55464.7,55464.7,0
1790243340000,55464.7,55464.7,55464.7,55464.7,0
1790243370000,55464.7,55464.7,55464.7,55464.7,0
1790243400000,55464.7,55464.7,55464.7,55464.7,0
1790243430000,55464.7,55464.7,55464.7,55464.7,0
1790243460000,55464.7,55464.7,55464.7,55464.7,0
1790243490000,55464.7,55464.7,55464.7,55464.7,0
1790243520000,55464.7,55464.7,55464.7,55464.7,0
1790243550000,55464.7,55464.7,55464.7,55464.7,0
1790243580000,55464.7,55464.7,55464.7,55464.7,0
1790243610000,55464.7,55464.7,55464.7,55464.7,0
1790243640000,55464.7,55464.7,55464.7,55464.7,0
1790243670000,55464.7,55464.7,55464.7,55464.7,0
1790243700000,55464.7,55464.7,55464.7,55464.7,0
1790243730000,55464.7,55464.7,55464.7,55464.7,0
1790243760000,55464.7,55464.7,55464.7,55464.7,0
1790243790000,55464.7,55464.7,55464.7,55464.7,0
1790243820000,55464.7,55464.7,55464.7,55464.7,0
1790243850000,55464.7,55464.7,55464.7,55464.7,0
1790243880000,55464.7,55464.7,55438.5,55438.5,5426251
1790243910000,55438.5,55438.5,55438.5,55438.5,0
1790243940000,55438.5,55438.5,55438.5,55438.5,0
1790243970000,55438.5,55438.5,55438.5,55438.5,0
1790307900000,55373.75,55507.7,55373.75,55502.8,1321047
1790307930000,55499.95,55605.1,55496.85,55586.5,865622
1790307960000,55586.8,55633.4,55579.35,55594.3,1019467
1790307990000,55591.3,55610.7,55565.8,55610.7,574631
1790308020000,55603.8,55639.6,55603.8,55613.4,646570
1790308050000,55614.55,55642.9,55610,55631.7,413053
1790308080000,55635.55,55645.2,55606.75,55608.05,463346
1790308110000,55608.3,55610.65,55585.85,55594.25,272092
1790308140000,55592.05,55611.35,55587.6,55588.6,336990
1790308170000,55591.6,55603.1,55576.55,55578.4,264930
1790308200000,55572.55,55577.3,55550.95,55564.8,613903
1790308230000,55568.75,55576.5,55553.7,55568.8,364483
1790308260000,55568.9,55572.85,55528.55,55562.85,605299
1790308290000,55563.35,55573.4,55534.3,55542.05,354433
1790308320000,55546.35,55559.35,55539.7,55548.5,157504
1790308350000,55549.2,55588.1,55549.05,55585.05,230377
1790308380000,55585.85,55604.4,55582.5,55603.55,200292
1790308410000,55600.25,55600.6,55565.65,55565.65,266592
1790308440000,55563.85,55577.9,55552.35,55552.35,270335
1790308470000,55553,55571.1,55553,55559.1,188378
1790308500000,55561.85,55567.05,55556,55561.55,390224
1790308530000,55561.4,55572.75,55552.8,55570.2,165938
1790308560000,55571.55,55598.3,55568.35,55593.25,230100
1790308590000,55595.55,55605.8,55588.05,55601.85,291878
1790308620000,55602.2,55611.85,55599,55602.15,230066
1790308650000,55602,55608.95,55588.15,55606.75,212060
1790308680000,55607.45,55619.5,55589.3,55590.15,404275
1790308710000,55589.5,55590.75,55570.15,55587.55,497150
1790308740000,55584.75,55596.4,55578.85,55587.9,159836
1790308770000,55587.6,55600.15,55577.7,55599.5,198265
1790308800000,55597.45,55604.95,55581.95,55589,244831
1790308830000,55594.8,55600.15,55578.9,55591.4,232089
1790308860000,55592.75,55610.6,55585.8,55595.7,269555
1790308890000,55593.75,55594.8,55572.15,55580.65,272074
1790308920000,55583.05,55607.4,55581,55598.2,287864
1790308950000,55598.5,55601.8,55582.05,55587.2,250098
1790308980000,55588.3,55588.3,55563,55563.85,308167
1790309010000,55565.95,55566,55543.25,55560.6,355597
1790309040000,55557.65,55572.7,55554.1,55569.3,111774
1790309070000,55570.5,55580.05,55567.2,55572.6,110764
1790309100000,55575.85,55579.7,55570.25,55575.2,91208
1790309130000,55577.05,55578.2,55564,55571.85,172422
1790309160000,55573.3,55577.9,55563,55563,108691
1790309190000,55567.7,55571.05,55529.9,55529.9,286796
1790309220000,55528.4,55531.75,55509.05,55528.45,231320
1790309250000,55530.85,55533.65,55485.2,55486.65,293917
1790309280000,55485.3,55502.85,55473.3,55498.85,368089
1790309310000,55498.85,55500.25,55478.7,55478.7,341410
1790309340000,55479.95,55499.2,55475.4,55498.05,184880
1790309370000,55499.9,55503.35,55475.35,55476.8,279454
1790309400000,55477.05,55477.15,55451.3,55455.65,502353
1790309430000,55455.7,55480.4,55453.2,55470.55,273613
1790309460000,55473.55,55477.3,55449.1,55459.5,240519
1790309490000,55461.45,55494.15,55456,55492.9,884594
1790309520000,55494.55,55494.7,55481.4,55488.5,260488
1790309550000,55490.45,55490.45,55456.25,55468.45,443973
1790309580000,55467.4,55468.95,55432.85,55432.85,187958
1790309610000,55430.05,55433.3,55404.05,55423.75,294147
1790309640000,55422,55443.25,55417.45,55435.6,204094
1790309670000,55434.7,55442.4,55431.05,55437.75,183774
1790309700000,55436.6,55455.85,55434.55,55444.65,223063
1790309730000,55445.25,55447.2,55431.45,55436.95,123243
1790309760000,55436.05,55438.2,55428.35,55437.65,414323
1790309790000,55436.25,55443.1,55431.3,55438.6,117437
1790309820000,55436.55,55464.95,55431.6,55464.95,149231
1790309850000,55467.45,55479.75,55459.15,55478.1,372091
1790309880000,55477.45,55480.5,55463.6,55471.55,282459
1790309910000,55470.75,55472.7,55452.05,55460.4,163505
1790309940000,55461.55,55462.15,55448.35,55449.75,120682
1790309970000,55449.35,55453.9,55432.65,55433.35,236343
1790310000000,55436.2,55449.4,55432.35,55447.7,142179
1790310030000,55446.9,55453.9,55441.15,55442.8,97911
1790310060000,55443.6,55443.95,55431.9,55440.75,139802
1790310090000,55441.7,55456.15,55439,55451.45,150637
1790310120000,55453.6,55459.45,55414.4,55424.6,345546
1790310150000,55428.6,55430.05,55405,55408.5,182857
1790310180000,55409.9,55414.6,55400.8,55413.3,174251
1790310210000,55414.6,55425.95,55405.1,55425.5,206818
1790310240000,55425.35,55434.4,55411.45,55431.05,134989
1790310270000,55431.3,55440.5,55423.85,55439.1,120772
1790310300000,55439,55443.9,55430.35,55441.2,169807
1790310330000,55439.85,55440.4,55418.15,55420.9,146988
1790310360000,55421.95,55428.4,55416.45,55421.2,104592
1790310390000,55422.6,55443.15,55415.8,55437.7,121848
1790310420000,55435.75,55435.75,55419.4,55424.2,191391
1790310450000,55423.25,55442.8,55418.85,55430.75,134689
1790310480000,55430.35,55431.7,55417.65,55419.75,443836
1790310510000,55421.6,55440.3,55412.3,55437.6,192297
1790310540000,55436.75,55453.95,55434.2,55450.7,129834
1790310570000,55451.9,55460.9,55444.3,55456.5,111494
1790310600000,55456.9,55464.6,55451.65,55455.7,158517
1790310630000,55452.6,55467.5,55448.7,55465.8,134746
1790310660000,55466.35,55473.7,55460.65,55465.95,255563
1790310690000,55468.6,55471.85,55450.9,55459.25,230229
1790310720000,55457.55,55468.8,55448.3,55466.95,65917
1790310750000,55469.05,55480.05,55465.95,55472.6,79843
1790310780000,55477.15,55501.8,55473.5,55496.15,94160
1790310810000,55498.4,55511.45,55492.95,55499.2,414976
1790310840000,55499,55512.9,55494,55507.45,253314
1790310870000,55507.45,55517.9,55502.9,55512.9,118223
1790310900000,55511.75,55523.15,55506.5,55517.15,111061
1790310930000,55517.15,55522,55498.55,55502.7,177550
1790310960000,55503.35,55510.55,55497.55,55506.8,166095
1790310990000,55506.05,55520.4,55502.3,55514.5,162780
1790311020000,55516,55519.6,55511,55515.55,117829
1790311050000,55518.55,55537.65,55513.55,55528.55,138525
1790311080000,55530.05,55550.65,55523.6,55545.7,219690
1790311110000,55550.15,55618.75,55544.85,55611.6,472660
1790311140000,55619.85,55624.05,55601.8,55619.7,339542
1790311170000,55619.7,55625.5,55612.05,55616.55,228067
1790311200000,55621.45,55648.2,55618.65,55640.35,392681
1790311230000,55645.7,55653.4,55613.7,55613.7,225480
1790311260000,55617.75,55618.85,55604.65,55608.85,177579
1790311290000,55608.85,55611.3,55588.25,55592.85,160273
1790311320000,55594.65,55594.65,55576.45,55583.35,173235
1790311350000,55583.35,55597.7,55582.5,55593.55,112870
1790311380000,55594.6,55607.95,55593.75,55600.05,204955
1790311410000,55600.05,55601.15,55585.15,55586.55,170629
1790311440000,55590.05,55599.85,55580.3,55595.65,144899
1790311470000,55594.25,55600.2,55583.6,55591.45,127644
1790311500000,55589,55601.65,55584.3,55601.15,160509
1790311530000,55601.15,55608.55,55590.2,55600.55,94861
1790311560000,55601,55610.3,55596.85,55605.85,97096
1790311590000,55605.85,55609.8,55594.65,55601.25,130932
1790311620000,55599,55607.55,55594.6,55604.45,101506
1790311650000,55604.45,55608,55598,55601.2,114318
1790311680000,55604.9,55606.15,55577.6,55578,129782
1790311710000,55578.3,55587.8,55575.05,55579.65,104147
1790311740000,55581.25,55585.6,55575.15,55579.75,118185
1790311770000,55583.15,55583.15,55565.55,55574.9,199241
1790311800000,55570.1,55572.7,55562.3,55567.55,177455
1790311830000,55568.25,55581.35,55559.55,55575.05,180558
1790311860000,55575.85,55589.4,55570.8,55589.4,96197
1790311890000,55587.65,55595.6,55582.75,55595.35,152736
1790311920000,55592.2,55593,55582.3,55586.65,116109
1790311950000,55584.65,55588.1,55573.55,55578.55,133604
1790311980000,55575.75,55579.6,55563.1,55569.95,57074
1790312010000,55571.35,55573.05,55561.95,55569.1,82144
1790312040000,55568.25,55573.7,55552.65,55555.35,203549
1790312070000,55554.75,55559.55,55541.3,55541.3,105474
1790312100000,55541.2,55552.65,55531.5,55544.25,394304
1790312130000,55549.25,55563.85,55543.3,55562,68598
1790312160000,55561.65,55564.85,55554.5,55557.45,96579
1790312190000,55556.75,55556.75,55543.35,55544.1,64017
1790312220000,55547.25,55549.15,55526.95,55535.8,147961
1790312250000,55535.6,55535.6,55524.65,55527.35,71653
1790312280000,55528.9,55531.25,55509.7,55511.3,123148
1790312310000,55518.6,55528.1,55510.1,55524.2,60888
1790312340000,55522.55,55524.4,55512.7,55515.5,86239
1790312370000,55519.95,55542.55,55516.55,55542.55,71919
1790312400000,55537.15,55558.75,55535.9,55553.35,67819
1790312430000,55557.2,55563.65,55552.25,55555.9,209769
1790312460000,55560.3,55576.6,55552.3,55574.3,218651
1790312490000,55573.6,55575.1,55552.75,55559.2,129906
1790312520000,55556.55,55557.25,55531.7,55531.7,90375
1790312550000,55536.45,55541.45,55528.35,55538.5,142090
1790312580000,55535.35,55547.6,55530.3,55540.5,105325
1790312610000,55540.3,55540.3,55526.9,55528.4,449920
1790312640000,55526.15,55542.7,55525.15,55542.15,103698
1790312670000,55542.85,55544.15,55504.1,55504.1,118618
1790312700000,55508,55508.9,55493.8,55499.9,144447
1790312730000,55500.25,55509.35,55486.15,55499.75,200958
1790312760000,55495.85,55507.45,55491.85,55500.2,111643
1790312790000,55502,55507.3,55498,55507.3,87013
1790312820000,55504.45,55523.9,55502.15,55516.5,134323
1790312850000,55516.95,55519.85,55507.75,55514.05,43028
1790312880000,55515.4,55523.95,55514.1,55521.35,72186
1790312910000,55524.05,55525.5,55508.3,55518.15,168079
1790312940000,55521.7,55539.3,55519.25,55537.9,240034
1790312970000,55537.85,55539.9,55523.85,55526.6,270824
1790313000000,55525.65,55535,55513,55531.25,159640
1790313030000,55530.9,55536.65,55527.2,55531.8,36796
1790313060000,55533.15,55539.9,55527.05,55527.8,104506
1790313090000,55531.55,55531.55,55513.2,55520.1,137759
1790313120000,55521.45,55531.85,55515.05,55529,260128
1790313150000,55529.85,55534.95,55517.95,55523.45,185940
1790313180000,55522.85,55523.1,55506.8,55510.7,59043
1790313210000,55508.6,55516.45,55504.8,55510.85,60836
1790313240000,55509.6,55511.95,55502.9,55511.05,41100
1790313270000,55513.1,55516.85,55508.1,55508.1,53616
1790313300000,55509.45,55511.1,55499.75,55502.1,76890
1790313330000,55504.15,55505.65,55491.25,55497.7,94031
1790313360000,55499.7,55504.45,55491.85,55497.15,35196
1790313390000,55502.8,55505.35,55493.75,55499.35,121084
1790313420000,55497.65,55499.4,55488.5,55491.8,67513
1790313450000,55496.25,55497.35,55486.5,55486.5,107866
1790313480000,55485.75,55489,55480.1,55481.15,184844
1790313510000,55482.25,55488.5,55475.25,55487.85,87008
1790313540000,55486.4,55494.45,55482.6,55492.2,68997
1790313570000,55489.6,55509.6,55483.5,55504.15,67779
1790313600000,55504.2,55504.2,55492.95,55499.1,95153
1790313630000,55498.75,55505,55494.45,55499.6,190842
1790313660000,55500.3,55504.95,55494.3,55504.95,59342
1790313690000,55503.85,55512.25,55500.45,55507.85,103995
1790313720000,55509.75,55517.95,55505.55,55512.5,73026
1790313750000,55514.25,55516.95,55506.8,55507,41853
1790313780000,55506.7,55507.35,55498.6,55499.2,37526
1790313810000,55501.6,55502.95,55492.4,55496.05,55328
1790313840000,55495.7,55509.3,55491.2,55507.05,104788
1790313870000,55509.6,55515.7,55501.3,55509.15,141441
1790313900000,55512.25,55520.3,55503.85,55519,79238
1790313930000,55517.85,55528.9,55516.85,55522.75,46555
1790313960000,55524.65,55530.15,55516.1,55525.35,65044
1790313990000,55527.8,55531.6,55518.55,55527.7,62567
1790314020000,55525.25,55528.65,55520.2,55523.35,65265
1790314050000,55524.05,55526.75,55511.2,55516,85255
1790314080000,55514.4,55523.95,55511.15,55518.8,45652
1790314110000,55521.85,55522.7,55513.05,55517.9,61343
1790314140000,55514.8,55523.45,55509.2,55522.5,117038
1790314170000,55522.8,55524.1,55514.95,55521.1,84746
1790314200000,55522.45,55525.4,55516.8,55523.35,146325
1790314230000,55522.7,55533.6,55514.25,55531.95,237851
1790314260000,55532.65,55552.65,55532.6,55541.8,366779
1790314290000,55543.5,55546.3,55535.7,55542.7,129373
1790314320000,55544.35,55548.7,55535.5,55544.8,353966
1790314350000,55548.6,55582.2,55545,55573.65,259960
1790314380000,55575.6,55585.55,55569.85,55580.9,95473
1790314410000,55582.55,55583.65,55575.3,55576.15,58293
1790314440000,55574.7,55582.75,55573.05,55577.9,69479
1790314470000,55580.4,55580.4,55567.45,55568.55,113636
1790314500000,55570.05,55588.8,55567.65,55585.3,127759
1790314530000,55588.75,55592.05,55582.55,55589.9,73276
1790314560000,55591.65,55591.65,55577.1,55577.1,113467
1790314590000,55577.75,55587.25,55573.85,55583.25,105675
1790314620000,55583.9,55610.55,55578.15,55605.95,135058
1790314650000,55607.85,55614.75,55598.8,55607.6,138280
1790314680000,55612.35,55612.35,55600.2,55600.85,76578
1790314710000,55601.55,55605.4,55589.3,55595.9,105460
1790314740000,55596.25,55607.05,55588.3,55604.5,98314
1790314770000,55602.45,55606.2,55594.2,55604.35,53869
1790314800000,55603.75,55605.95,55597.25,55602.6,67525
1790314830000,55604.4,55613.5,55597.8,55612.2,126884
1790314860000,55610.5,55618.6,55605.05,55618.6,116399
1790314890000,55619.8,55619.8,55609,55616.95,50010
1790314920000,55618.3,55622.35,55612.55,55617.15,62657
1790314950000,55619.6,55619.6,55611.05,55614.25,151131
1790314980000,55613.25,55613.95,55582.9,55587.85,191755
1790315010000,55590.6,55596.75,55587.35,55595.2,78763
1790315040000,55592.4,55598.1,55585.65,55596.7,95995
1790315070000,55599.8,55606.6,55591.45,55606.35,56662
1790315100000,55607.8,55607.8,55592.7,55598.1,76006
1790315130000,55599.85,55609.25,55597.15,55605.9,94840
1790315160000,55604.85,55611.05,55600.7,55610.15,74623
1790315190000,55606.85,55613.95,55605.05,55612.1,164419
1790315220000,55612.1,55624.9,55609.95,55622.65,141852
1790315250000,55623.35,55629.9,55616.15,55628.65,132672
1790315280000,55627.3,55627.3,55600.55,55607.05,156406
1790315310000,55605.2,55621.55,55600.45,55620.1,270711
1790315340000,55620.85,55620.85,55607.55,55612.2,81601
1790315370000,55614.3,55619.95,55608.3,55612.15,150144
1790315400000,55613.95,55631.95,55613.25,55626.9,190346
1790315430000,55625.9,55629.3,55615.35,55618.85,141919
1790315460000,55621.05,55635,55615.95,55631.5,114194
1790315490000,55630.55,55639,55620.55,55623.85,169196
1790315520000,55624.75,55633.65,55619.6,55632.5,111975
1790315550000,55631.65,55637.2,55622.25,55624.5,152141
1790315580000,55628.2,55631.5,55617.25,55624.4,345531
1790315610000,55626.55,55626.55,55606.95,55618.5,256019
1790315640000,55616.9,55616.9,55603.45,55605.8,124363
1790315670000,55607.25,55607.25,55581.95,55582.4,256837
1790315700000,55581.4,55585,55570.85,55576.8,199010
1790315730000,55577.55,55578.4,55563.2,55571.5,125201
1790315760000,55571.15,55581.7,55567.4,55577.25,111794
1790315790000,55577.45,55578.85,55558.95,55563.75,72620
1790315820000,55562.55,55579.5,55558.4,55564,110635
1790315850000,55568.6,55568.6,55557.1,55564.65,164543
1790315880000,55568.6,55576.55,55560.85,55567.1,88981
1790315910000,55565,55566.95,55558.5,55566.65,129621
1790315940000,55564.45,55578.15,55561.95,55572.9,86687
1790315970000,55575.75,55585.55,55566.65,55582.85,69931
1790316000000,55585.9,55588.95,55571.85,55579.25,120555
1790316030000,55582.5,55586.45,55576.2,55579.4,168647
1790316060000,55579.4,55609.25,55577.2,55609.25,661965
1790316090000,55610.55,55612.6,55600.75,55603.55,498917
1790316120000,55604.8,55607.15,55595.75,55597.9,59284
1790316150000,55602.75,55603.25,55590.85,55594.85,175328
1790316180000,55597.65,55610.75,55588.6,55607.35,144199
1790316210000,55612.5,55612.5,55595.1,55595.3,77120
1790316240000,55597.2,55597.2,55577.5,55588.25,154712
1790316270000,55590.6,55597.4,55583.35,55593,79613
1790316300000,55592.55,55602.05,55590.4,55599.1,51864
1790316330000,55601.75,55601.75,55590.65,55591.7,54977
1790316360000,55591.7,55592.7,55580.7,55581.75,230218
1790316390000,55588.2,55594.95,55574.25,55579.65,131070
1790316420000,55579,55589.1,55577.95,55579.45,102778
1790316450000,55583.4,55584.4,55575.65,55579.8,56768
1790316480000,55583.65,55586.75,55576.4,55580.8,184312
1790316510000,55585.45,55596.05,55580.4,55589.55,159271
1790316540000,55591.4,55601.65,55581.3,55597.2,128125
1790316570000,55600.5,55609.65,55594.35,55607.95,99290
1790316600000,55609.4,55614.25,55603.3,55611.25,103165
1790316630000,55609.9,55613.3,55600.2,55603.1,105355
1790316660000,55603.05,55606.45,55590.55,55592.55,123443
1790316690000,55593.75,55597.85,55590.85,55592.5,65605
1790316720000,55594.95,55613.5,55589.45,55610.7,154904
1790316750000,55613.3,55617.3,55601.5,55611.2,93393
1790316780000,55613.1,55616.7,55598.75,55605.6,57418
1790316810000,55607.35,55608.75,55592.3,55592.3,90651
1790316840000,55591,55608.35,55588.55,55604,219147
1790316870000,55602.65,55609.05,55597,55604.9,106271
1790316900000,55603.3,55607.8,55597.7,55598.4,73936
1790316930000,55601.5,55605.35,55594.15,55602.15,83764
1790316960000,55602.15,55612.4,55596.95,55609.7,101677
1790316990000,55613,55615.75,55607,55608.75,128305
1790317020000,55608.75,55614.2,55598.65,55608.05,194546
1790317050000,55612.15,55614.1,55602.15,55603.65,123124
1790317080000,55607.5,55607.5,55592.7,55596.85,106100
1790317110000,55599.5,55602.9,55595.25,55600.25,83917
1790317140000,55602.1,55603.1,55590.9,55601.85,231212
1790317170000,55603.75,55606.8,55595.1,55600.95,185773
1790317200000,55600.1,55615.95,55598.8,55610.85,113481
1790317230000,55615.55,55616.25,55599.3,55611.05,219344
1790317260000,55609.25,55614.6,55600.3,55613.55,67603
1790317290000,55613.9,55613.9,55596.6,55604.9,80683
1790317320000,55604.9,55616.65,55603.3,55608.2,106336
1790317350000,55606.6,55613.55,55601.6,55609.5,99548
1790317380000,55607.85,55617.05,55603.3,55610.95,102990
1790317410000,55609.9,55615.2,55606.8,55608.05,116079
1790317440000,55608.65,55610.9,55602.6,55608.85,132691
1790317470000,55611.3,55618.3,55604.45,55614.05,187844
1790317500000,55615.85,55620.45,55597.65,55606.15,141250
1790317530000,55609,55611.8,55601.75,55609.85,203421
1790317560000,55612.75,55615.6,55602.6,55610.95,145924
1790317590000,55616.35,55619.35,55594.25,55606.6,226840
1790317620000,55609.9,55616.35,55602.15,55604.7,137039
1790317650000,55608.2,55615.4,55599.85,55615.4,112051
1790317680000,55611.25,55617.95,55606.35,55614.15,140814
1790317710000,55614.85,55617.45,55599.7,55610.15,99909
1790317740000,55613.45,55621.3,55607.1,55609.7,87099
1790317770000,55613.4,55614.9,55600.55,55603.9,78674
1790317800000,55603.1,55610.25,55598,55609.35,93643
1790317830000,55610.45,55610.45,55595.6,55598.6,80766
1790317860000,55598.6,55612.1,55598.45,55601.25,129804
1790317890000,55604.7,55605.9,55593.4,55600.8,93974
1790317920000,55601.5,55603.5,55594.2,55597.15,114815
1790317950000,55600.45,55601.9,55590.55,55596.45,78351
1790317980000,55596.15,55596.15,55564.45,55572.15,182715
1790318010000,55573.65,55574.05,55562.9,55562.9,118059
1790318040000,55565.5,55566.25,55547.1,55560.5,111891
1790318070000,55562.9,55572.45,55561.1,55572.35,186798
1790318100000,55568.9,55578.95,55566.4,55570.45,142825
1790318130000,55575.8,55580.85,55566.4,55575.3,70632
1790318160000,55573.15,55576.55,55560.85,55570.7,85685
1790318190000,55571.75,55572.45,55563.3,55566.5,75068
1790318220000,55568.3,55571,55559.4,55566.55,113702
1790318250000,55568.4,55568.85,55558.85,55559.6,89955
1790318280000,55556.6,55569.3,55552.65,55564.9,106198
1790318310000,55567.05,55577.3,55563,55570.5,106725
1790318340000,55572.2,55592.85,55569.7,55589.4,124313
1790318370000,55589,55597.85,55587.05,55595.3,99902
1790318400000,55597.2,55601.55,55587.6,55587.9,120427
1790318430000,55589,55593.25,55579.75,55590.85,148807
1790318460000,55595.8,55612.55,55592.75,55604.2,199560
1790318490000,55611.3,55613.85,55603.7,55607.3,89647
1790318520000,55607.3,55615.95,55604.5,55612.05,107754
1790318550000,55614.85,55615.45,55603,55606,103081
1790318580000,55609.75,55610,55597.4,55597.4,232252
1790318610000,55602.95,55603.35,55595.15,55598.2,117727
1790318640000,55599.55,55601.6,55587.65,55590.65,167745
1790318670000,55592.05,55594.65,55583.5,55594.65,102252
1790318700000,55594.2,55604.85,55590.5,55595.45,147903
1790318730000,55597.3,55601,55590.95,55595.8,75145
1790318760000,55595.2,55601.1,55591.5,55598.15,75050
1790318790000,55598.55,55603.2,55589.95,55597.35,174715
1790318820000,55597.95,55597.95,55585.25,55585.25,164523
1790318850000,55587.3,55590.8,55576.75,55582.65,165243
1790318880000,55581.25,55592.55,55575.9,55584.3,122888
1790318910000,55592.8,55596.15,55581.85,55588.95,144987
1790318940000,55588.15,55595.9,55584.15,55591.9,208668
1790318970000,55593.55,55595.05,55580.15,55584.45,135589
1790319000000,55583.6,55584.2,55572.9,55577.65,130399
1790319030000,55578.05,55585.7,55571.6,55579.65,129611
1790319060000,55580.3,55582.3,55569.9,55578.45,110865
1790319090000,55580.7,55583.85,55573.7,55573.7,83024
1790319120000,55577.55,55580.35,55569.5,55578.1,99476
1790319150000,55579.1,55579.1,55567.6,55568.55,106530
1790319180000,55567.8,55574.35,55560,55570.9,85391
1790319210000,55572.8,55579.65,55565.8,55573.15,71220
1790319240000,55574.5,55576.1,55565.2,55572.5,96587
1790319270000,55573.25,55573.25,55554.8,55559.7,141369
1790319300000,55563.15,55570.9,55556.35,55556.35,78980
1790319330000,55557.9,55564.8,55549.9,55556,102434
1790319360000,55556.6,55564.45,55549.15,55554.25,120489
1790319390000,55556.55,55563.55,55551,55557.9,79033
1790319420000,55562.15,55573.15,55559.65,55571.9,120740
1790319450000,55571.6,55571.9,55561.55,55567.45,53045
1790319480000,55566.4,55571.4,55562.55,55563.35,137882
1790319510000,55574.5,55579.85,55563.05,55572.45,118822
1790319540000,55574.55,55580.65,55565.35,55567.55,92141
1790319570000,55572.85,55577.2,55565.9,55570.9,101534
1790319600000,55577.2,55588.55,55568.1,55581.3,218580
1790319630000,55585.65,55599.95,55579.4,55595.7,227235
1790319660000,55596.3,55604.35,55591.2,55600.75,83395
1790319690000,55603.4,55607.15,55598.2,55601.25,151158
1790319720000,55599.6,55609.6,55597.15,55605,301477
1790319750000,55608.1,55608.1,55595.35,55596.35,180067
1790319780000,55595.9,55603.15,55595.2,55599,88837
1790319810000,55601.2,55601.85,55582.75,55584.45,132239
1790319840000,55587,55594.95,55583.55,55587.75,62431
1790319870000,55589.9,55595.9,55579.05,55579.05,86545
1790319900000,55582.75,55587.05,55573.95,55575.1,93864
1790319930000,55576.75,55577.95,55558.65,55572.35,391859
1790319960000,55571.5,55578.8,55565.6,55566.85,125088
1790319990000,55562.25,55565.2,55543.25,55551.8,221363
1790320020000,55552.95,55570.45,55545.8,55568.15,229445
1790320050000,55566.75,55574.65,55558.75,55560.8,85080
1790320080000,55562.5,55563.4,55549.85,55556.3,97377
1790320110000,55555.45,55573.75,55552.05,55567.95,157306
1790320140000,55567,55574.6,55564.05,55573.45,84156
1790320170000,55574.05,55576.35,55563.65,55575.5,160596
1790320200000,55579.25,55580.15,55566.7,55577.1,216917
1790320230000,55578.95,55581,55566.5,55572.35,92642
1790320260000,55573.45,55573.45,55555.9,55563.6,138229
1790320290000,55566.2,55569.45,55558.2,55565.3,97110
1790320320000,55564.1,55565.3,55545.3,55549.45,211565
1790320350000,55552.7,55553.15,55540.3,55543.25,179170
1790320380000,55545.2,55546.2,55531.65,55539.2,184224
1790320410000,55542.2,55545.2,55534.95,55542.7,134057
1790320440000,55543.75,55554.3,55540.4,55541.85,141362
1790320470000,55543.5,55547,55535.2,55539.85,167049
1790320500000,55539.45,55539.55,55526.5,55528.45,140127
1790320530000,55529.95,55540.8,55527.2,55537.55,167895
1790320560000,55536.9,55545.65,55532.25,55545.65,344698
1790320590000,55546.8,55549.2,55527.65,55533.15,455581
1790320620000,55532,55538.55,55525.9,55530.2,121623
1790320650000,55532.7,55538.95,55527.25,55535.8,188078
1790320680000,55536.45,55538.85,55525.3,55527.9,116807
1790320710000,55531.15,55535,55525.3,55527,129163
1790320740000,55529.2,55531.55,55521.7,55526.5,126090
1790320770000,55529.25,55531.95,55512.95,55516.35,98067
1790320800000,55516.85,55518.55,55502.8,55506.85,143164
1790320830000,55505.1,55511.75,55499.6,55503.4,168155
1790320860000,55505.5,55506.95,55485.8,55488.45,525971
1790320890000,55490.5,55497.9,55482.85,55487.7,120147
1790320920000,55488.55,55491.95,55480.75,55480.75,134372
1790320950000,55485.95,55498.3,55480.15,55496.55,134459
1790320980000,55495.8,55495.8,55476.75,55488.7,300964
1790321010000,55491.95,55493.5,55480.05,55492.1,423176
1790321040000,55493.6,55495.5,55480.05,55486.55,186971
1790321070000,55488.15,55491.3,55479.6,55481.75,143510
1790321100000,55482.85,55488.65,55474.6,55480.85,217767
1790321130000,55484.6,55489.7,55469.9,55476.2,347322
1790321160000,55475.55,55483.6,55469,55478.45,279977
1790321190000,55480.25,55480.95,55437.2,55438.4,1170396
1790321220000,55440.75,55456.7,55424.3,55451.5,331477
1790321250000,55452.85,55459.9,55441.25,55459.5,340798
1790321280000,55457.65,55473.7,55453.6,55467.15,285159
1790321310000,55467.15,55491.75,55467.15,55488.75,171702
1790321340000,55489.45,55498.2,55481.3,55490.45,229695
1790321370000,55491.75,55500.7,55482.5,55496.05,296327
1790321400000,55497.35,55521.35,55494.85,55513.3,150656
1790321430000,55513,55516.2,55506.3,55511.6,67539
1790321460000,55509.9,55519.05,55507.6,55519.05,85796
1790321490000,55513.35,55527.2,55509.55,55519.5,257822
1790321520000,55520.6,55521.45,55503.45,55509.9,174984
1790321550000,55509.3,55510.55,55488.3,55495.3,98556
1790321580000,55496.25,55511.45,55495.65,55504.2,212957
1790321610000,55504.1,55506.15,55494.6,55500.75,152105
1790321640000,55502.55,55504.35,55490.45,55500.3,131472
1790321670000,55499.15,55501.55,55491.6,55492.85,177370
1790321700000,55494.4,55505.45,55486.65,55500.55,115297
1790321730000,55503.6,55504.25,55493.65,55501.35,116932
1790321760000,55503,55508.15,55497.2,55506.2,121552
1790321790000,55506.65,55509.9,55500.9,55501.7,169087
1790321820000,55505.4,55512.85,55499.1,55511.4,114870
1790321850000,55514.95,55517.55,55498.45,55506,215557
1790321880000,55501.75,55508,55494.7,55503.95,96799
1790321910000,55505.95,55513.4,55502.65,55510.35,68009
1790321940000,55511.15,55522.7,55506.35,55522.7,104423
1790321970000,55523.25,55531.4,55519.25,55531.4,81414
1790322000000,55529.7,55531.1,55523.55,55527.9,85943
1790322030000,55528.5,55533.9,55518.35,55532.05,74503
1790322060000,55530.95,55546.95,55530.95,55538.25,189779
1790322090000,55541.8,55542.7,55534.1,55534.15,141085
1790322120000,55536.95,55539.8,55523.95,55526.2,122519
1790322150000,55529.5,55534.5,55525.3,55532.4,89530
1790322180000,55531.1,55534.05,55525.25,55526.3,137077
1790322210000,55530.05,55532.55,55523.8,55527.35,296413
1790322240000,55532.35,55533.05,55519.75,55522.8,149348
1790322270000,55525.8,55529.3,55510.45,55519.25,152923
1790322300000,55514.95,55525.1,55512.5,55521.85,231574
1790322330000,55524.45,55527.05,55509,55512.45,157021
1790322360000,55509.85,55514.95,55503.4,55507.75,122270
1790322390000,55510.4,55513.2,55499.05,55511.25,100663
1790322420000,55515.25,55524.45,55505.35,55517.65,121031
1790322450000,55517.65,55519.6,55501.3,55512.65,132244
1790322480000,55513.45,55516.7,55507.8,55512.5,121094
1790322510000,55513.2,55516.05,55506.6,55514.2,90736
1790322540000,55513.8,55524,55507.8,55518.55,91610
1790322570000,55519.75,55525.65,55509.45,55511.65,116324
1790322600000,55512.95,55522,55511.25,55514.65,83115
1790322630000,55517.9,55522.4,55506.95,55511.6,112906
1790322660000,55513.2,55518.25,55506.6,55517.6,119417
1790322690000,55517.6,55517.65,55505.2,55511.5,123347
1790322720000,55512.1,55521.3,55507.25,55519.3,184548
1790322750000,55517.85,55519.8,55506.7,55510.8,95043
1790322780000,55513.2,55513.75,55498.75,55505.6,103166
1790322810000,55505.6,55518.3,55501.75,55513.65,157871
1790322840000,55509.5,55511.65,55494.7,55495.9,145272
1790322870000,55496.15,55508.25,55490.15,55503.3,166083
1790322900000,55503.6,55508.7,55494.85,55499.9,99275
1790322930000,55504.35,55511.75,55497.45,55510.15,110587
1790322960000,55509.8,55521.5,55506.75,55515.7,151154
1790322990000,55517.9,55526.6,55510.75,55516.95,86808
1790323020000,55520.85,55524.15,55512.75,55513.25,96477
1790323050000,55513.25,55519.65,55507.9,55514.5,107407
1790323080000,55514.85,55521.2,55505.05,55517.55,220663
1790323110000,55513.7,55517.35,55498.9,55507.3,111731
1790323140000,55507.95,55511,55496.55,55505.95,661658
1790323170000,55505.85,55512.75,55500.15,55508,331857
1790323200000,55510.4,55514.25,55505.2,55513.45,82945
1790323230000,55514.55,55515.35,55499.95,55502.6,119130
1790323260000,55506,55514.05,55499.2,55506.75,68819
1790323290000,55513.1,55513.1,55498.45,55504.15,176170
1790323320000,55507,55509.7,55499.75,55504.8,79315
1790323350000,55507,55509.1,55494.7,55498.4,72398
1790323380000,55499,55505.35,55492.85,55496.75,155665
1790323410000,55497.2,55497.2,55479.7,55482.2,82077
1790323440000,55483.15,55483.15,55466.9,55474,144376
1790323470000,55478.35,55479.35,55462.3,55468.9,95785
1790323500000,55467.1,55468.05,55452.75,55458.75,239907
1790323530000,55463.15,55473.45,55457.4,55473.1,90460
1790323560000,55471.1,55471.8,55458.2,55467.15,126792
1790323590000,55470.5,55485.5,55468.55,55479.5,190191
1790323620000,55475.55,55477.5,55454.9,55462.05,142643
1790323650000,55462.05,55481.5,55449.6,55478.75,144450
1790323680000,55480.3,55480.7,55459.3,55460.6,188839
1790323710000,55465.35,55473.85,55459.75,55467.15,109009
1790323740000,55468.1,55479.25,55460.2,55476.5,125976
1790323770000,55475.15,55480,55459.05,55462.45,160238
1790323800000,55466.3,55472.9,55461.1,55467.55,219156
1790323830000,55467.55,55482.05,55464.95,55481.25,81663
1790323860000,55481.3,55484.6,55473.2,55481.65,299359
1790323890000,55481.3,55484.2,55475.2,55479.75,164864
1790323920000,55479,55484.35,55475.45,55480.75,124726
1790323950000,55484.65,55493.45,55478.75,55490.5,134153
1790323980000,55493.9,55508.65,55493.9,55500.6,159331
1790324010000,55504.75,55506.3,55476.55,55483.9,102555
1790324040000,55483.55,55494.9,55479.7,55492.5,82651
1790324070000,55492.65,55496.8,55484.3,55492.8,64809
1790324100000,55489.4,55495.35,55484.4,55490.55,84416
1790324130000,55493.8,55498.6,55486.4,55496.35,185861
1790324160000,55497.4,55505.05,55491.1,55498.15,66354
1790324190000,55503.05,55525.9,55497.9,55525.9,149476
1790324220000,55527.3,55534.35,55513.3,55513.7,174023
1790324250000,55516.4,55518.75,55504.85,55518.75,95322
1790324280000,55514.85,55521.95,55510.9,55515.65,127993
1790324310000,55516.8,55517.5,55503.55,55513.35,101775
1790324340000,55514.5,55523.05,55502.5,55506.1,101273
1790324370000,55506.1,55509.5,55499.5,55505.8,91635
1790324400000,55504.95,55509.05,55494.6,55501.2,104615
1790324430000,55504.5,55504.9,55492.55,55497,85874
1790324460000,55495.95,55499.4,55493.3,55496.55,88608
1790324490000,55496.55,55498.85,55487.4,55496.65,105951
1790324520000,55495.7,55505.75,55490.05,55504.55,117773
1790324550000,55501.85,55504.7,55492.85,55495.1,113350
1790324580000,55493.25,55501.3,55489.25,55494.55,96718
1790324610000,55497.15,55497.7,55487,55496.8,64549
1790324640000,55496.95,55503.1,55492.65,55501.5,137021
1790324670000,55501.5,55505.65,55493.15,55503.85,99457
1790324700000,55504.55,55504.7,55492.75,55504.7,92203
1790324730000,55504.7,55514.15,55498.7,55510.85,117055
1790324760000,55515.05,55519.65,55508.8,55517.95,81183
1790324790000,55519.3,55541.85,55513.2,55539.25,121842
1790324820000,55540.1,55541.75,55529.7,55535.35,106380
1790324850000,55539.4,55539.4,55514.8,55519.7,167770
1790324880000,55520.85,55529.15,55513.15,55528.4,127343
1790324910000,55528.55,55532.95,55515,55528.75,239036
1790324940000,55531.2,55534.3,55523.1,55531.85,75035
1790324970000,55534.05,55542.7,55525.55,55542.1,205291
1790325000000,55543.45,55573.8,55541.1,55570.3,468981
1790325030000,55573.05,55624.45,55563.35,55611.8,503546
1790325060000,55607,55616.7,55595.7,55609.9,372108
1790325090000,55613.7,55624.35,55600.2,55620.85,191733
1790325120000,55620.8,55642.15,55617.65,55628.85,376600
1790325150000,55632.9,55635.75,55612.7,55623.6,308632
1790325180000,55621.85,55663.85,55619.2,55661.1,290171
1790325210000,55666.7,55752.05,55662.05,55752.05,1058147
1790325240000,55751.4,55762.6,55715.85,55718.7,542561
1790325270000,55720.05,55721.25,55697.55,55707.6,303046
1790325300000,55709.75,55721.2,55692.1,55695.05,352230
1790325330000,55700.05,55702.05,55659.3,55677.8,239827
1790325360000,55678.3,55696.3,55669.7,55693.2,239450
1790325390000,55692.05,55697.1,55679.65,55683.95,146865
1790325420000,55685.05,55686.8,55671.05,55675.4,232633
1790325450000,55685.5,55694.9,55674.8,55678.8,163047
1790325480000,55686.35,55694.2,55667.8,55677.55,518434
1790325510000,55680.7,55680.7,55647.45,55653.05,278318
1790325540000,55654.25,55654.25,55611.35,55621.4,296768
1790325570000,55625.35,55627.55,55608.35,55618.2,195245
1790325600000,55621.8,55643.5,55619.45,55632.3,175828
1790325630000,55637.85,55651.85,55634.2,55645.85,225166
1790325660000,55647.1,55651.15,55637.4,55645.75,133598
1790325690000,55646.2,55671.55,55643.45,55667.3,165978
1790325720000,55668.05,55669.65,55657.85,55662.65,153366
1790325750000,55664.2,55665.1,55636.6,55640.75,398381
1790325780000,55641.85,55645,55630.65,55640.05,104847
1790325810000,55640.15,55646.7,55625.5,55628.95,156158
1790325840000,55632.65,55639.25,55618.7,55628.95,190683
1790325870000,55635.05,55635.05,55622.3,55629.55,123346
1790325900000,55630.9,55655.7,55630.3,55649.25,139610
1790325930000,55651.55,55653,55634.8,55647.45,243994
1790325960000,55653.2,55669.75,55651.05,55664.9,287899
1790325990000,55669.65,55672.45,55638.2,55665.8,191746
1790326020000,55663,55673.25,55657.2,55666.05,154278
1790326050000,55667.7,55676.65,55661.25,55666.7,406317
1790326080000,55670.25,55690.85,55665.7,55685.4,383270
1790326110000,55687.75,55693.2,55674.35,55682.65,282928
1790326140000,55683.75,55691.55,55659.4,55666.1,191710
1790326170000,55667.15,55678.55,55662.8,55665.65,174951
1790326200000,55664.25,55679.85,55654,55671.8,478875
1790326230000,55678.4,55681.25,55649.95,55653.1,259700
1790326260000,55657.55,55686.45,55649.25,55681.2,458168
1790326290000,55687.6,55688.6,55674,55680.95,385498
1790326320000,55681.6,55686.45,55670.05,55673.95,232821
1790326350000,55681.15,55694.05,55678.35,55685.35,117765
1790326380000,55686.55,55686.55,55669.5,55674,115573
1790326410000,55675.9,55680,55661.55,55669.25,140379
1790326440000,55670.5,55677,55659.5,55667.25,234272
1790326470000,55670.2,55675.1,55659.15,55662.45,145703
1790326500000,55666.95,55709.7,55663,55670.8,784041
1790326530000,55676.2,55685.6,55665.95,55681.05,164224
1790326560000,55683.25,55690.1,55665.65,55681.4,387517
1790326590000,55686.8,55690.9,55624.2,55667.4,1343384
1790326620000,55672.85,55677.5,55648.15,55650.75,429510
1790326650000,55654.6,55667.35,55642.2,55654.85,495019
1790326680000,55655.55,55666.3,55644.8,55659.15,208393
1790326710000,55662.75,55668.15,55653.15,55663.75,165329
1790326740000,55662.25,55666.1,55654.1,55659.45,152378
1790326770000,55665.9,55668.95,55649.2,55651.7,290419
1790326800000,55658.15,55675.6,55650.85,55673.1,625500
1790326830000,55675.4,55701.25,55670.45,55697.2,461022
1790326860000,55699.55,55708.6,55689.2,55697.55,420407
1790326890000,55703.15,55704.15,55672.4,55698.45,308124
1790326920000,55696.85,55702.15,55682.05,55687,222496
1790326950000,55692.7,55698.9,55680.95,55687.85,450384
1790326980000,55687.95,55693.4,55683.1,55688.05,221097
1790327010000,55696.15,55700.35,55686.8,55689.65,275879
1790327040000,55692.35,55700.05,55684.7,55690.35,380132
1790327070000,55693.2,55700.15,55677.8,55690.6,350564
1790327100000,55693.4,55697.15,55675.95,55677.7,274635
1790327130000,55682.6,55683.15,55671.4,55677.9,197762
1790327160000,55675.85,55683.4,55670.25,55677.9,122836
1790327190000,55687.4,55687.4,55671.45,55676.65,130417
1790327220000,55677.9,55680.3,55668.85,55678.35,111222
1790327250000,55678.65,55696.95,55677.25,55689.15,249476
1790327280000,55689.15,55706.15,55689.05,55694.3,155907
1790327310000,55699.6,55710.55,55694.1,55703.95,164378
1790327340000,55704.25,55711.05,55696.05,55699.15,272961
1790327370000,55700.1,55708.05,55696,55700.4,156735
1790327400000,55702.55,55705.2,55691.45,55693.85,188961
1790327430000,55697,55701.4,55687.9,55688.95,132550
1790327460000,55690.15,55691.85,55680.4,55682.35,373345
1790327490000,55682.2,55688.3,55664.95,55673.55,295270
1790327520000,55677.65,55678.05,55659.3,55664.8,139535
1790327550000,55668,55670.55,55650.2,55650.2,159276
1790327580000,55652.35,55657.85,55639.05,55643.7,370373
1790327610000,55647.25,55649.05,55632.4,55635.65,217478
1790327640000,55639.45,55649.55,55635.25,55639.05,207201
1790327670000,55648,55658.1,55639.1,55655.2,206171
1790327700000,55653.95,55666.25,55651.95,55659.15,249369
1790327730000,55662.25,55663.55,55633.3,55635.05,292874
1790327760000,55635.45,55639,55618.25,55618.65,415178
1790327790000,55620.2,55627.5,55595.6,55623.45,467469
1790327820000,55625.25,55625.95,55579.2,55587.45,419130
1790327850000,55592.55,55598.25,55570.2,55572.65,424931
1790327880000,55577,55588.6,55565.65,55584.95,369182
1790327910000,55586.8,55604.4,55576.55,55600.65,323378
1790327940000,55602.4,55611.15,55589.3,55597.5,215784
1790327970000,55598.45,55620.4,55590.65,55596.8,385643
1790328000000,55600.7,55616.9,55583.45,55592.65,214542
1790328030000,55593.45,55593.45,55572.15,55577.5,191327
1790328060000,55578.45,55588.15,55572.1,55574.6,300764
1790328090000,55578.8,55595.85,55575.25,55592.5,263430
1790328120000,55595.95,55604.45,55589.55,55598.1,209496
1790328150000,55601.35,55606,55594.15,55598.75,219245
1790328180000,55599.65,55623.8,55596.25,55607.85,249510
1790328210000,55609.8,55619.95,55603.4,55613.8,227279
1790328240000,55613.7,55626.35,55610.4,55621.5,156773
1790328270000,55625.1,55646.45,55618,55640.35,239621
1790328300000,55641.6,55645.3,55592.85,55595.05,298384
1790328330000,55598.65,55602.55,55582.45,55587.5,208252
1790328360000,55589.2,55589.2,55563.8,55571.7,321149
1790328390000,55576.55,55583.3,55563.9,55566.95,332603
1790328420000,55567.6,55568.95,55548.25,55550.6,271121
1790328450000,55555.6,55567.4,55551.15,55564.95,182530
1790328480000,55564.95,55564.95,55543,55560.2,388988
1790328510000,55563.05,55565.1,55545.35,55550.1,239847
1790328540000,55549,55571.95,55547.1,55558.4,249861
1790328570000,55560.75,55573.7,55560.75,55569.65,176989
1790328600000,55565.35,55568.6,55540.05,55545.3,447940
1790328630000,55547.05,55575.65,55539.75,55567.95,246635
1790328660000,55569.6,55576.4,55557.7,55560.3,350505
1790328690000,55563,55566.5,55515.25,55520.7,495227
1790328720000,55523.25,55523.95,55506.05,55513.2,385736
1790328750000,55516.9,55534.15,55511.35,55525.7,280196
1790328780000,55526.15,55529.45,55514.75,55515.35,256024
1790328810000,55524.75,55525.15,55511.45,55518.8,209703
1790328840000,55520.5,55522.9,55511.15,55519.7,226164
1790328870000,55520.55,55527.8,55513.6,55522.6,330304
1790328900000,55527.05,55527.05,55503.35,55503.9,599989
1790328930000,55514.4,55516.75,55495,55501.45,454820
1790328960000,55503.35,55516.55,55494.5,55509.65,526811
1790328990000,55515.9,55518.7,55502.45,55516.8,434386
1790329020000,55519.15,55528.45,55513.3,55515.3,372080
1790329050000,55519.35,55519.35,55497.15,55501.75,269341
1790329080000,55501.75,55505.15,55487.15,55491.7,360843
1790329110000,55497.1,55497.1,55462.25,55465.85,411325
1790329140000,55466.75,55476.25,55457.85,55471.55,652068
1790329170000,55473.85,55477.6,55447.35,55459.7,340833
1790329200000,55459.15,55474.3,55459.15,55472.55,446225
1790329230000,55471.05,55496.55,55469.35,55487.3,521874
1790329260000,55487.5,55495.6,55480.1,55487.55,330919
1790329290000,55493.35,55495.35,55469.9,55471.85,513079
1790329320000,55471.3,55509,55462.75,55506.35,808258
1790329350000,55506.4,55515.75,55483.1,55509.2,655921
1790329380000,55510.85,55517.5,55486.85,55493.65,448415
1790329410000,55499.75,55505.1,55487.05,55491.15,509218
1790329440000,55506.9,55511.05,55489.85,55496.2,343160
1790329470000,55505.2,55535.4,55489.6,55522.5,374541
1790329500000,55522.5,55522.5,55522.5,55522.5,1282
1790329530000,55522.5,55522.5,55522.5,55522.5,0
1790329560000,55522.5,55522.5,55522.5,55522.5,0
1790329590000,55522.5,55522.5,55522.5,55522.5,0
1790329620000,55522.5,55522.5,55522.5,55522.5,0
1790329650000,55522.5,55522.5,55522.5,55522.5,0
1790329680000,55522.5,55522.5,55522.5,55522.5,0
1790329710000,55522.5,55522.5,55522.5,55522.5,0
1790329740000,55522.5,55522.5,55522.5,55522.5,0
1790329770000,55522.5,55522.5,55522.5,55522.5,0
1790329800000,55522.5,55522.5,55522.5,55522.5,0
1790329830000,55522.5,55522.5,55522.5,55522.5,0
1790329860000,55522.5,55522.5,55522.5,55522.5,0
1790329890000,55522.5,55522.5,55522.5,55522.5,0
1790329920000,55522.5,55522.5,55522.5,55522.5,0
1790329950000,55522.5,55522.5,55522.5,55522.5,0
1790329980000,55522.5,55522.5,55522.5,55522.5,0
1790330010000,55522.5,55522.5,55522.5,55522.5,0
1790330040000,55522.5,55522.5,55522.5,55522.5,0
1790330070000,55522.5,55522.5,55522.5,55522.5,0
1790330100000,55522.5,55522.5,55522.5,55522.5,0
1790330130000,55522.5,55522.5,55522.5,55522.5,0
1790330160000,55522.5,55522.5,55522.5,55522.5,0
1790330190000,55522.5,55522.5,55522.5,55522.5,0
1790330220000,55522.5,55522.5,55522.5,55522.5,0
1790330250000,55522.5,55522.5,55522.5,55522.5,0
1790330280000,55522.5,55522.5,55522.5,55522.5,0
1790330310000,55522.5,55580.4,55522.5,55580.4,407367
1790330340000,55580.4,55580.4,55580.4,55580.4,2214692
1790330370000,55580.4,55580.4,55580.4,55580.4,0
1790567100000,55347.8,55390.1,55140.3,55151.45,2619032
1790567130000,55140.85,55171.35,55096.55,55112.5,1644024
1790567160000,55098.65,55100.3,55024.55,55046.25,1453848
1790567190000,55047.95,55073.15,55046.8,55049.2,1276706
1790567220000,55054.95,55065.35,55008.65,55014.7,2251208
1790567250000,55011.15,55035.7,55005.45,55031.45,786908
1790567280000,55031.85,55043.8,55025.55,55033.15,977938
1790567310000,55035.45,55035.45,54991.9,55013.15,1860998
1790567340000,55015.5,55017.45,54980.2,54996.4,1091067
1790567370000,54994.9,54995,54939,54942,2242985
1790567400000,54941.4,54953.75,54910.25,54913.3,982097
1790567430000,54917.65,54917.65,54867.7,54892.55,1301571
1790567460000,54897.5,54916.4,54895.95,54906.3,1284792
1790567490000,54907.05,54911.75,54897,54899.6,1346484
1790567520000,54895.55,54899,54877.55,54882.35,770858
1790567550000,54885.05,54890.4,54871.7,54877.4,986464
1790567580000,54879,54907.95,54879,54906.25,674428
1790567610000,54910.8,54919.5,54899.05,54899.05,623438
1790567640000,54904.85,54911.15,54896.25,54902.05,864412
1790567670000,54902.75,54957.15,54902.4,54927.3,631173
1790567700000,54928.25,54930.35,54874.75,54882.8,1393082
1790567730000,54881,54884.85,54856.15,54860.3,608633
1790567760000,54862.05,54869.55,54854,54865.75,454990
1790567790000,54865.45,54871.5,54858.1,54863.9,457011
1790567820000,54864.2,54891.6,54855.55,54887,608397
1790567850000,54888,54895.85,54882.35,54888,625345
1790567880000,54890.8,54897.55,54880.85,54888.6,1129339
1790567910000,54892.55,54900.15,54876.15,54893.3,821774
1790567940000,54893,54901.65,54890.25,54898.55,522516
1790567970000,54898.4,54913.4,54891.95,54906.3,280611
1790568000000,54908.75,54912.3,54875.25,54882.4,924917
1790568030000,54882.4,54895.4,54882.4,54893.85,423601
1790568060000,54893.3,54894.65,54880.3,54881.85,699707
1790568090000,54885.8,54887.8,54874.7,54875,469233
1790568120000,54877.85,54877.85,54861.3,54875,387530
1790568150000,54872.55,54880.85,54857.8,54858.8,625380
1790568180000,54861.85,54863.85,54827.45,54834.55,543873
1790568210000,54837.8,54837.8,54813.25,54823.65,1984214
1790568240000,54825,54825,54800.5,54810.6,642325
1790568270000,54813.4,54817.85,54802.6,54814.85,446027
1790568300000,54818.05,54820.55,54750.5,54753.25,1139655
1790568330000,54758.15,54759.2,54732.3,54756.4,647635
1790568360000,54757.25,54757.25,54745.25,54753.05,400005
1790568390000,54753.7,54759.05,54714.1,54723.7,1242679
1790568420000,54723.8,54724,54710.05,54716.3,776107
1790568450000,54719.4,54738.05,54715.95,54732.8,607723
1790568480000,54737.5,54737.5,54705.8,54708.65,729162
1790568510000,54713.55,54730.95,54697.45,54720.05,597824
1790568540000,54722.5,54736.3,54719.4,54725.1,276382
1790568570000,54731.25,54731.25,54703.9,54716.05,493857
1790568600000,54717.55,54717.55,54699,54699,262584
1790568630000,54700.85,54722.65,54697.35,54720.2,296182
1790568660000,54727.4,54752.2,54727.4,54742.9,352672
1790568690000,54744.85,54762.8,54733.3,54761.45,517311
1790568720000,54761.95,54764.35,54744.15,54752.2,498592
1790568750000,54754.9,54758.15,54745.85,54749.5,584486
1790568780000,54752.7,54752.7,54708.6,54712.4,2101860
1790568810000,54716.6,54720.85,54708.15,54719.45,393808
1790568840000,54717.75,54721.35,54703.75,54704.55,1247944
1790568870000,54705.15,54713.1,54699.6,54705,602193
1790568900000,54707.8,54724.7,54705.55,54714.45,264081
1790568930000,54717.3,54722.65,54713.2,54719.35,463845
1790568960000,54720.45,54744.1,54715.95,54737.2,325941
1790568990000,54735.5,54743.15,54730.55,54741.1,385732
1790569020000,54740.45,54754.6,54738.45,54752,334364
1790569050000,54748.2,54761.75,54741.85,54751.85,1083752
1790569080000,54754.1,54767.55,54742.1,54742.65,653647
1790569110000,54747.55,54747.55,54732.5,54738.55,576754
1790569140000,54737.7,54743.2,54730.9,54737.95,204223
1790569170000,54737.65,54742.5,54731.55,54739,305967
1790569200000,54739.65,54742.45,54724.5,54742.15,675949
1790569230000,54744.15,54751.2,54733.35,54745.35,651272
1790569260000,54746.75,54750,54734.7,54739.25,398988
1790569290000,54736.6,54738.85,54705,54708.95,353547
1790569320000,54710.9,54714,54701.1,54711.2,275901
1790569350000,54711.2,54714.8,54702.15,54711.3,1028379
1790569380000,54712.9,54718.45,54706.25,54706.95,521674
1790569410000,54709.2,54719.8,54706.6,54715.9,433622
1790569440000,54716.05,54718.2,54701.85,54710.2,894587
1790569470000,54709.95,54712.7,54695.05,54700.05,354692
1790569500000,54702.25,54720.65,54696.35,54714.25,773767
1790569530000,54718.15,54724.25,54695.75,54699.2,704874
1790569560000,54698.3,54710.8,54691.55,54695.45,438890
1790569590000,54698.25,54717.9,54698.25,54716.4,379887
1790569620000,54716.85,54719.25,54708.65,54708.65,243545
1790569650000,54713.3,54722.8,54708.7,54720.3,311789
1790569680000,54720.4,54737.5,54716.7,54731.95,277567
1790569710000,54731.5,54750.15,54731.5,54744.1,268850
1790569740000,54742.8,54744.7,54733.5,54742.25,405399
1790569770000,54743.35,54749.4,54738.85,54738.85,174383
1790569800000,54738.9,54744.05,54708.55,54711.4,206232
1790569830000,54714.35,54720.6,54708.5,54712.6,507467
1790569860000,54713.4,54716.4,54707.5,54711.4,213869
1790569890000,54712.8,54726.8,54710.5,54721.85,285623
1790569920000,54726.05,54727.25,54714.15,54720.6,348133
1790569950000,54722.45,54731.1,54716,54721.85,248233
1790569980000,54728.8,54732.75,54718.8,54723.1,164389
1790570010000,54723.1,54724.95,54708.6,54711.45,257829
1790570040000,54713.35,54714.3,54690.25,54690.85,145067
1790570070000,54693.7,54704,54686.85,54697.3,332850
1790570100000,54699.75,54704.2,54690.85,54695.5,273421
1790570130000,54696.2,54696.55,54652.5,54652.5,689717
1790570160000,54655.1,54665.45,54648.55,54654.85,1395083
1790570190000,54654.65,54655.5,54631.9,54636.2,311641
1790570220000,54636.6,54644.85,54623,54632.3,368328
1790570250000,54632.25,54653.2,54630.65,54652.7,266120
1790570280000,54650.35,54657.25,54648.1,54652.7,313523
1790570310000,54652.5,54652.9,54636.2,54637.95,771494
1790570340000,54637.75,54640.05,54612.9,54622.75,276409
1790570370000,54625.7,54626.25,54600.1,54604,329951
1790570400000,54603,54614.2,54601.25,54611.25,421665
1790570430000,54611.65,54619.9,54607.95,54618.95,313890
1790570460000,54619.85,54638,54615.7,54632.35,415553
1790570490000,54632.5,54641.3,54631.55,54641.3,157988
1790570520000,54640.3,54645.75,54635.35,54644.2,357342
1790570550000,54641.6,54648.4,54632.05,54634.25,392498
1790570580000,54634.1,54644.2,54630.25,54640.55,161477
1790570610000,54642.1,54653.5,54639.1,54652.95,338151
1790570640000,54651.05,54663.7,54651.05,54659.55,269810
1790570670000,54659.55,54661.65,54642.55,54642.55,310604
1790570700000,54639.65,54644.85,54636.45,54643.2,259724
1790570730000,54643.75,54644.2,54625.75,54632.7,251947
1790570760000,54632.15,54633.15,54620,54623.7,361057
1790570790000,54623.95,54634.95,54617.5,54628.75,372093
1790570820000,54627.95,54629.05,54615.1,54619.15,377512
1790570850000,54617.35,54621.3,54598.15,54598.85,247063
1790570880000,54600.9,54610.55,54592.5,54607.35,289150
1790570910000,54607.35,54628.75,54606.2,54621.4,284311
1790570940000,54621.1,54631.6,54616.8,54629.65,132825
1790570970000,54633.15,54640.25,54621.35,54640.25,233191
1790571000000,54638.55,54664.3,54638.15,54659.7,342577
1790571030000,54660.45,54671.6,54659.45,54669.15,242298
1790571060000,54669.25,54671.6,54660.15,54664.4,264606
1790571090000,54664.4,54666.7,54648.1,54653.5,232803
1790571120000,54653.25,54660.6,54647.5,54653.75,262971
1790571150000,54655,54658.1,54639.2,54639.7,242271
1790571180000,54643,54654.95,54637.05,54641.4,230406
1790571210000,54642.55,54644,54629,54636.1,127111
1790571240000,54640.15,54640.15,54626.15,54627.7,142762
1790571270000,54627.7,54627.95,54609.75,54622.75,340978
1790571300000,54621.9,54624.85,54606.7,54620.95,292555
1790571330000,54618.7,54621.1,54595.75,54607.15,277887
1790571360000,54609.6,54618,54589.25,54607.2,562887
1790571390000,54605,54610.65,54583.85,54601.85,358382
1790571420000,54601.9,54608.1,54598.65,54607.1,662849
1790571450000,54605.55,54610.9,54603.8,54608.15,283031
1790571480000,54608.7,54617.75,54600.6,54610.3,312557
1790571510000,54611.8,54636.85,54611.8,54635.15,374172
1790571540000,54636,54640.1,54628.9,54635.15,219890
1790571570000,54634.75,54638.45,54624.25,54631.25,465775
1790571600000,54630.65,54647.85,54630.65,54644.35,238408
1790571630000,54647.6,54650.85,54639.95,54647.75,167835
1790571660000,54648.3,54648.3,54638.4,54642.15,321673
1790571690000,54639.8,54641.7,54618.3,54637.95,370505
1790571720000,54639.3,54639.3,54623.55,54628.3,89568
1790571750000,54629.55,54629.55,54623.05,54627,109319
1790571780000,54627.85,54639.3,54625.8,54635.35,67563
1790571810000,54634.5,54639.05,54622.9,54622.9,166227
1790571840000,54623.8,54630.15,54614.25,54620.95,231094
1790571870000,54623.7,54625.3,54616.15,54620.9,119455
1790571900000,54620.65,54623,54615.65,54617.25,210597
1790571930000,54617.1,54618.9,54601.85,54612.15,125017
1790571960000,54612.35,54641.25,54612.35,54635.95,272976
1790571990000,54639.35,54640.4,54612.6,54623.5,215185
1790572020000,54623.45,54628.7,54595.65,54608.65,321142
1790572050000,54611.1,54617.5,54606.65,54612.6,186795
1790572080000,54612.3,54617.4,54607.7,54614.5,146396
1790572110000,54614.25,54617.2,54605.75,54605.75,241713
1790572140000,54610.85,54613.7,54586.35,54597.5,207480
1790572170000,54599.8,54599.8,54587.35,54589.15,354462
1790572200000,54589,54599.65,54577.65,54591.65,328418
1790572230000,54592.3,54596.8,54582.1,54589.2,297475
1790572260000,54587.25,54594.65,54582.55,54587.6,228141
1790572290000,54588.2,54592.45,54559.2,54566.35,266180
1790572320000,54565.7,54572.85,54554.7,54564.6,250184
1790572350000,54565.2,54568.05,54557.65,54562.9,229509
1790572380000,54564.7,54566.4,54553.9,54553.9,176755
1790572410000,54556.55,54570.55,54551.9,54569.15,279983
1790572440000,54569.4,54572.75,54562.55,54566.35,139465
1790572470000,54566,54570.8,54564.95,54567.8,197873
1790572500000,54568.7,54571.75,54558.45,54569.1,215378
1790572530000,54568.1,54578.25,54559.35,54574.25,194046
1790572560000,54574.95,54586.2,54555.3,54582.3,445747
1790572590000,54586.6,54586.6,54576.7,54580.5,157977
1790572620000,54578.55,54587.15,54566.75,54581.85,481974
1790572650000,54581.65,54584.75,54572.4,54575.95,150815
1790572680000,54572.5,54576.15,54565.75,54567.15,330032
1790572710000,54568.5,54576.85,54565,54566.1,404249
1790572740000,54566.05,54568.05,54544.8,54551.3,166491
1790572770000,54550.75,54553.9,54544.3,54551.6,337028
1790572800000,54552.1,54557.8,54540.5,54550.5,377069
1790572830000,54549.3,54552.2,54543.1,54550.25,140035
1790572860000,54551.1,54555.8,54544,54546,134365
1790572890000,54548,54552.05,54541.05,54550.7,168120
1790572920000,54550,54554.75,54531.75,54547.9,143497
1790572950000,54547.05,54555.55,54543.5,54552.05,225533
1790572980000,54549.3,54558.3,54543.6,54553.45,185184
1790573010000,54553.15,54554.6,54543.85,54553.3,106717
1790573040000,54552.45,54570,54550.2,54569.45,177507
1790573070000,54569.6,54580.8,54567.6,54576.5,121344
1790573100000,54580.25,54606.75,54578.65,54602.85,220285
1790573130000,54606.1,54618.9,54599.9,54618.5,191357
1790573160000,54619.4,54626.15,54610.4,54623.55,73302
1790573190000,54624.4,54625.75,54617.9,54621.25,138456
1790573220000,54621.5,54623.1,54606.2,54608.25,264855
1790573250000,54609.45,54613.9,54599.75,54610.95,145269
1790573280000,54612.35,54615.9,54590.9,54614,220218
1790573310000,54613.35,54615,54605.75,54608.7,70269
1790573340000,54609.45,54621,54598.55,54615.6,240269
1790573370000,54614.65,54620.9,54600.95,54604.25,86783
1790573400000,54604.75,54607.85,54572.9,54576.05,254831
1790573430000,54584.45,54589.45,54578.5,54588.25,126335
1790573460000,54588.7,54588.7,54563.1,54576.6,260229
1790573490000,54578.25,54584.95,54574,54582.25,148075
1790573520000,54582.6,54590.1,54579.65,54586.75,89472
1790573550000,54586.05,54592.75,54585,54588.9,101238
1790573580000,54589.6,54590.9,54584.75,54587.45,79819
1790573610000,54587.4,54588.15,54577.65,54579.45,188171
1790573640000,54582.35,54584.65,54568.4,54570.45,194523
1790573670000,54574.5,54577.2,54555.7,54562.5,131289
1790573700000,54564.55,54565.1,54550.55,54554.1,113370
1790573730000,54557.35,54562.2,54553.1,54557.35,734858
1790573760000,54558.7,54566.4,54557,54560.85,194019
1790573790000,54562.2,54568.05,54551.1,54564.35,286448
1790573820000,54565.85,54571.95,54559.4,54562.15,158235
1790573850000,54568.35,54568.7,54546.55,54548.55,268782
1790573880000,54548.55,54551.6,54538.85,54539.7,177687
1790573910000,54541.2,54541.35,54530.95,54530.95,124547
1790573940000,54534.65,54536.05,54517.05,54529.75,260564
1790573970000,54533.1,54536.95,54527.2,54532.05,199296
1790574000000,54531.75,54532.75,54506.7,54522.65,388244
1790574030000,54520.8,54527.35,54517.45,54517.45,93716
1790574060000,54516.1,54525.1,54513.35,54523.45,215873
1790574090000,54523.3,54527.45,54517.25,54517.9,262318
1790574120000,54517.9,54521.5,54512.95,54518.6,239875
1790574150000,54520,54520.35,54510.85,54514.45,205341
1790574180000,54514.2,54526.8,54512,54519.1,210313
1790574210000,54522.85,54525.9,54514.15,54517.7,93327
1790574240000,54518.9,54520.4,54511.2,54511.4,261907
1790574270000,54516.15,54523.75,54513.45,54520.65,198577
1790574300000,54522.85,54529.45,54506.4,54527.6,359280
1790574330000,54526.75,54539.9,54523.15,54530.5,187228
1790574360000,54525.25,54529.3,54517.05,54521.45,261173
1790574390000,54521.1,54524.75,54511.4,54515.7,155931
1790574420000,54516.3,54518.85,54494.4,54504.55,367285
1790574450000,54507.55,54512,54502.8,54509.65,157688
1790574480000,54508.95,54515.4,54503.8,54514.9,315854
1790574510000,54516.75,54528.75,54510.6,54528.35,193573
1790574540000,54529.65,54547.5,54526.65,54545.05,274154
1790574570000,54546.45,54552.6,54543.95,54546.9,124262
1790574600000,54550.05,54553.3,54544.05,54549.9,148964
1790574630000,54549.75,54563.8,54535.6,54551.2,400609
1790574660000,54549.8,54570.2,54541.95,54566.2,206612
1790574690000,54567.6,54570.45,54559.8,54563.65,142762
1790574720000,54563.15,54568.35,54560.25,54564.6,182858
1790574750000,54564.8,54569.45,54562.2,54562.7,98704
1790574780000,54565.75,54567.3,54552.85,54557.05,280161
1790574810000,54559.05,54569.2,54556.35,54562.25,138661
1790574840000,54563.1,54566.25,54546.4,54548.8,145138
1790574870000,54555.9,54558.75,54540.5,54545.3,165199
1790574900000,54545.05,54554.65,54543,54549.2,135080
1790574930000,54550.9,54551.8,54527.8,54541.8,198527
1790574960000,54541.95,54547.45,54539,54541.95,178654
1790574990000,54541.45,54549.9,54539.7,54545.65,135230
1790575020000,54547.5,54548.55,54525.9,54543.65,274856
1790575050000,54543,54563.8,54543,54559.9,178525
1790575080000,54559.4,54573.9,54555.4,54571.15,182917
1790575110000,54573.1,54576.2,54559.8,54565.75,203488
1790575140000,54568.35,54577.45,54565.7,54574.55,201235
1790575170000,54574.4,54576.9,54570.6,54572.8,157721
1790575200000,54573.75,54583.4,54560.65,54578.35,558854
1790575230000,54579.35,54580.85,54572.4,54576.8,107232
1790575260000,54578.45,54587.5,54572.55,54586.5,260638
1790575290000,54587.35,54591.65,54579.95,54588.3,223227
1790575320000,54590.5,54599.75,54574.75,54595.9,286391
1790575350000,54595.2,54598.8,54581.55,54583.55,416717
1790575380000,54583.7,54585.45,54554.8,54574.15,230407
1790575410000,54572.7,54573.6,54549.05,54557.75,357138
1790575440000,54556.7,54558.6,54541.9,54543.4,117687
1790575470000,54547.3,54559.2,54545.2,54553.3,365628
1790575500000,54553.6,54558.85,54549.6,54557.05,275579
1790575530000,54557.55,54558.2,54542.45,54551.55,348751
1790575560000,54553.3,54564.45,54547.35,54560.2,286233
1790575590000,54559.6,54576.05,54557.55,54572.2,222887
1790575620000,54572.2,54594.95,54570.75,54586.3,246170
1790575650000,54586.75,54595.65,54582.2,54593.7,164132
1790575680000,54594.55,54604.3,54581.05,54597.95,269111
1790575710000,54599.65,54604.55,54595.4,54602.75,273418
1790575740000,54601.45,54604.35,54594.7,54600.3,154401
1790575770000,54600.75,54610.55,54596.95,54605.25,118574
1790575800000,54605.4,54614.6,54602.1,54612.2,157352
1790575830000,54613.95,54624.7,54612.75,54620.9,98327
1790575860000,54621.05,54645.1,54614.05,54645.1,195610
1790575890000,54651.75,54653.55,54640.15,54644.3,165388
1790575920000,54644.15,54648.55,54642.6,54644.7,141811
1790575950000,54645.95,54651.05,54641.35,54643.8,143945
1790575980000,54644.5,54646.1,54632.6,54643.25,235902
1790576010000,54641.35,54645.5,54633.65,54637.55,64811
1790576040000,54636.95,54640.2,54633.85,54638.95,236328
1790576070000,54639.5,54643.5,54633.5,54639.9,120049
1790576100000,54639.9,54660.55,54636.8,54657.95,150276
1790576130000,54658.65,54659.35,54642.9,54648.15,161148
1790576160000,54649.5,54658.8,54644.25,54649.95,217726
1790576190000,54653.05,54654.4,54635.45,54635.45,134125
1790576220000,54636.85,54639.2,54631.7,54637.75,126207
1790576250000,54638.4,54645.5,54629.7,54629.7,344347
1790576280000,54628.6,54630.05,54608.95,54614.2,281017
1790576310000,54619.6,54633.65,54615.2,54629.85,201212
1790576340000,54630.7,54632.8,54617.25,54619.35,89221
1790576370000,54621,54621.95,54612.75,54615.7,108028
1790576400000,54619.65,54621.3,54613.3,54617.45,391682
1790576430000,54617.3,54619.6,54605.2,54615.8,136792
1790576460000,54615.1,54615.8,54593.75,54600.6,359043
1790576490000,54602.35,54607.2,54583.4,54589.5,519801
1790576520000,54594.15,54607.95,54579.45,54604.6,391674
1790576550000,54605.05,54613.05,54595.8,54609.05,247541
1790576580000,54609.7,54621.4,54599.65,54616.4,398371
1790576610000,54617.9,54617.95,54604.05,54608.3,646798
1790576640000,54609.85,54614.05,54582.55,54594.5,266455
1790576670000,54593.25,54598.6,54579.4,54591.5,192836
1790576700000,54591.5,54597.85,54580.05,54584,220790
1790576730000,54586.4,54588.4,54574.7,54577.4,155240
1790576760000,54579.3,54579.3,54559.95,54561.7,524737
1790576790000,54564.2,54574.4,54553.05,54572.8,2222390
1790576820000,54573.65,54584,54571.55,54577.6,390215
1790576850000,54578.85,54582.05,54574,54576.9,311873
1790576880000,54576.9,54581.35,54571.5,54580.15,203407
1790576910000,54578.75,54591.05,54573.75,54586.4,239938
1790576940000,54586.4,54598.6,54582.2,54592.1,115905
1790576970000,54595.35,54613.85,54592.65,54599.2,407244
1790577000000,54598.05,54609.35,54589.3,54593.8,319930
1790577030000,54591,54598.65,54589.85,54596.1,86097
1790577060000,54596.8,54608.5,54593.2,54607.65,154098
1790577090000,54608.9,54610.65,54594.65,54597.65,233593
1790577120000,54597.5,54601.15,54578,54593.8,602031
1790577150000,54595.1,54597.7,54587.35,54593.05,51305
1790577180000,54593.95,54596.65,54578.4,54584.65,2027065
1790577210000,54585.3,54591.3,54579.2,54590.6,241013
1790577240000,54590.95,54598.3,54585.75,54593.2,176755
1790577270000,54593.7,54597.25,54568.8,54576.9,273750
1790577300000,54575.55,54586.95,54569.3,54583.65,244704
1790577330000,54584.45,54601.9,54583.75,54601.6,369968
1790577360000,54601.6,54610.7,54585.6,54608.1,285258
1790577390000,54608.95,54616.25,54595.55,54608.6,165239
1790577420000,54611.4,54615.9,54608,54611.75,59323
1790577450000,54612.95,54614.65,54594.05,54597.9,137406
1790577480000,54597.15,54597.15,54585.7,54588.4,211946
1790577510000,54588.1,54596.7,54585.75,54595.55,174636
1790577540000,54595.9,54598.55,54579.7,54588.6,165407
1790577570000,54592.05,54594.45,54587.75,54592.8,101474
1790577600000,54592.8,54596.35,54590.25,54593.3,61668
1790577630000,54592.2,54607.2,54591.9,54606.5,294451
1790577660000,54605.4,54614.4,54598.35,54606.45,125215
1790577690000,54607.1,54607.6,54586.5,54586.5,213385
1790577720000,54587.35,54588.15,54572.75,54586.8,266152
1790577750000,54587.55,54595.45,54583.05,54587.65,177065
1790577780000,54589.75,54592.5,54583,54585.2,136720
1790577810000,54585.5,54590.05,54575.65,54583.55,423272
1790577840000,54584.5,54594.2,54582.35,54592.1,282654
1790577870000,54592.05,54600.45,54591,54592,249500
1790577900000,54594.25,54594.25,54563.55,54568.1,344149
1790577930000,54569.25,54579.5,54567.8,54572.55,279396
1790577960000,54571,54579.75,54568.8,54578.2,209572
1790577990000,54578.75,54596.6,54573.05,54592.8,248307
1790578020000,54594.05,54594.6,54569.75,54587.5,191821
1790578050000,54588.15,54591.35,54579.1,54581.65,79027
1790578080000,54583.35,54588.15,54575.95,54581.75,112016
1790578110000,54583.9,54592.5,54582.8,54590.65,195940
1790578140000,54591.75,54593.3,54583.8,54589.7,175227
1790578170000,54591.25,54598.85,54584.3,54596.85,163407
1790578200000,54595.4,54603.15,54594.9,54596.1,73447
1790578230000,54597.65,54599.25,54589.35,54595,93504
1790578260000,54594.45,54595.6,54581.25,54589.75,363936
1790578290000,54592.5,54599.7,54588.95,54598.7,83652
1790578320000,54600.2,54603.6,54595.85,54598.8,78062
1790578350000,54599.65,54602.4,54587.35,54591.5,106495
1790578380000,54590.5,54595.3,54585.95,54593.15,153991
1790578410000,54592.6,54603.25,54589.9,54599.4,121944
1790578440000,54598.6,54601.05,54578.45,54594.5,320479
1790578470000,54593.95,54610.1,54589.55,54608.75,103835
1790578500000,54608.1,54625.4,54606.95,54619.9,97458
1790578530000,54619.3,54625.05,54616.05,54621.8,112294
1790578560000,54624.45,54632.65,54614.05,54630.1,184776
1790578590000,54631.05,54643,54616.35,54631.5,163194
1790578620000,54631.3,54631.7,54599.95,54617.25,192338
1790578650000,54618.4,54621.7,54613.6,54617.6,68222
1790578680000,54618.85,54625.2,54613.25,54620.75,76626
1790578710000,54621.2,54633,54620.3,54628.85,181040
1790578740000,54630.25,54632.4,54620.35,54629.5,178804
1790578770000,54630.75,54647.7,54629.25,54642.85,166929
1790578800000,54641.7,54651.85,54636.55,54639.3,126208
1790578830000,54640.55,54643.85,54626.15,54628.45,149794
1790578860000,54629.3,54635.1,54616.4,54617.8,142286
1790578890000,54619.45,54633.9,54616,54625.3,229899
1790578920000,54626.75,54636.25,54609.9,54627.3,160850
1790578950000,54627.25,54633.5,54621.65,54625.6,73118
1790578980000,54629.35,54630.25,54606.4,54607.15,205650
1790579010000,54607.85,54613.45,54600.15,54610.4,300946
1790579040000,54608.9,54613.35,54599.9,54600.5,314501
1790579070000,54601.6,54612.65,54594.6,54611.4,444737
1790579100000,54612.3,54612.7,54584.4,54595.4,814039
1790579130000,54592.5,54606.7,54592.1,54603.75,155894
1790579160000,54602.85,54603.55,54590.75,54594.85,128478
1790579190000,54594.25,54597.15,54579.9,54589.35,558653
1790579220000,54587.95,54595.55,54587.3,54591.95,120629
1790579250000,54592.05,54594.45,54584.7,54589,167192
1790579280000,54589.15,54595.3,54586.95,54588.7,304547
1790579310000,54588,54595.75,54584.45,54592.7,153406
1790579340000,54595.4,54596.6,54580.15,54584.95,236386
1790579370000,54585.8,54588.8,54578.4,54584.5,162996
1790579400000,54585.6,54597.65,54581.75,54592.45,281348
1790579430000,54591.8,54595.4,54581.85,54582.05,112009
1790579460000,54581.95,54591.95,54581.4,54586.45,119309
1790579490000,54586.75,54592.25,54573.6,54590.8,268206
1790579520000,54587.35,54593.65,54579.9,54592,301596
1790579550000,54591.85,54606.1,54588.3,54595,236108
1790579580000,54594.45,54616.35,54593.6,54611.1,319311
1790579610000,54611.55,54619.4,54607.6,54611.85,215594
1790579640000,54613.05,54614.65,54591.75,54603.15,226984
1790579670000,54603.15,54607.25,54591.35,54593.15,123126
1790579700000,54593.65,54600.95,54578.55,54588.1,182506
1790579730000,54588.85,54592,54575,54585.2,127212
1790579760000,54588.9,54604.35,54584.85,54600.15,228938
1790579790000,54600.3,54607.15,54588.7,54604.8,85974
1790579820000,54605,54605.65,54577.65,54598.6,176739
1790579850000,54595.8,54603.3,54583.45,54594.45,157369
1790579880000,54599.4,54606.4,54593.1,54596.65,113663
1790579910000,54598.45,54602.75,54584.6,54595.55,121729
1790579940000,54595.45,54604.45,54593.9,54597.8,91993
1790579970000,54596.5,54608,54596.05,54602.85,188966
1790580000000,54602.25,54612.5,54599.3,54607.8,75437
1790580030000,54607.6,54609.85,54601.55,54604.25,80746
1790580060000,54603.4,54605.4,54591.95,54602.75,146837
1790580090000,54601.55,54602.85,54588.7,54596.4,296638
1790580120000,54594.75,54602,54589.6,54598.4,226710
1790580150000,54597.5,54599.5,54579.45,54579.9,200507
1790580180000,54580.75,54583.65,54565.2,54581.75,312522
1790580210000,54581.45,54586.45,54575.15,54586.45,172188
1790580240000,54585.25,54598.8,54585.25,54591,198388
1790580270000,54590.55,54599,54583.55,54594.55,212865
1790580300000,54593.35,54596,54582.35,54586.8,230547
1790580330000,54585.75,54591.95,54582.85,54584.6,459294
1790580360000,54586.2,54591.7,54575.3,54584.85,187122
1790580390000,54582.5,54594.6,54580.7,54585.75,213687
1790580420000,54585.5,54587.95,54558.55,54581.6,418495
1790580450000,54582.15,54582.15,54558.3,54558.45,686213
1790580480000,54561.8,54577.45,54560.35,54573.45,212587
1790580510000,54575.2,54585.05,54573.25,54584.85,126248
1790580540000,54584.95,54589.25,54570.65,54573.15,257506
1790580570000,54581.25,54582.95,54572.5,54572.8,88975
1790580600000,54572.75,54582.9,54572.75,54580.8,120082
1790580630000,54582.45,54584,54568.9,54576.25,130237
1790580660000,54578.4,54589.1,54574.7,54583.3,285872
1790580690000,54587.1,54595.05,54582.25,54591.05,198524
1790580720000,54590.6,54592.15,54572.35,54584.95,269940
1790580750000,54586,54587.1,54575.3,54575.3,125318
1790580780000,54578.8,54583.8,54571,54576.2,137056
1790580810000,54581,54588.85,54570.55,54575.4,308189
1790580840000,54576,54577.05,54554.65,54557.95,258938
1790580870000,54561,54564.1,54547,54548.9,147506
1790580900000,54552.35,54560.25,54547.6,54557.15,154341
1790580930000,54560.75,54565.95,54554,54565.95,192813
1790580960000,54569.3,54574.6,54558.95,54565.85,177234
1790580990000,54565.85,54568.85,54553.6,54566,158042
1790581020000,54565.5,54567.2,54545.05,54546.45,205270
1790581050000,54547.45,54554.5,54531.6,54540.8,724204
1790581080000,54546,54549.35,54542.15,54542.5,103244
1790581110000,54545.55,54546.8,54523.6,54535.65,160530
1790581140000,54537.7,54546.6,54536,54546.6,120973
1790581170000,54545.95,54562.45,54543.6,54562.2,156831
1790581200000,54563.25,54570.05,54560.2,54566.8,67696
1790581230000,54568.95,54585.2,54567.1,54584.35,411708
1790581260000,54585.9,54599.1,54584.5,54586.35,255744
1790581290000,54594.4,54594.4,54576.9,54584.6,194007
1790581320000,54587.55,54589.9,54581,54583.3,117747
1790581350000,54584.4,54584.4,54566.6,54568.75,97268
1790581380000,54572.05,54581.65,54569.8,54577.75,316985
1790581410000,54579.25,54584.8,54577.9,54582.55,65327
1790581440000,54584.1,54587.1,54578.75,54580.7,107446
1790581470000,54584.05,54586.25,54564.65,54571.4,308521
1790581500000,54570.1,54584.25,54569.1,54578.4,392398
1790581530000,54578.95,54583.45,54574.05,54575.8,409018
1790581560000,54573,54582.3,54564.9,54577.7,199780
1790581590000,54577.5,54583.6,54572.9,54578.8,512305
1790581620000,54578.6,54589.7,54569.7,54584.75,142709
1790581650000,54587.2,54587.2,54564.35,54582.1,262795
1790581680000,54582.95,54585.7,54572.95,54575.2,80478
1790581710000,54576.3,54580.1,54568.35,54570.75,151626
1790581740000,54572.9,54575.95,54561.15,54574.1,149812
1790581770000,54574.65,54583.8,54570.65,54578.95,107415
1790581800000,54579.6,54584.2,54575.65,54575.65,173938
1790581830000,54575.65,54579.2,54565.55,54567.05,383801
1790581860000,54568.25,54572,54559.65,54569.6,161529
1790581890000,54570.3,54579.05,54569.15,54576.2,60307
1790581920000,54574.95,54586.4,54574.95,54581.55,213857
1790581950000,54581.55,54596.55,54581.15,54596.5,154054
1790581980000,54596.55,54599.45,54588.1,54596.05,80006
1790582010000,54596.35,54609.95,54588.95,54607.8,188203
1790582040000,54606.15,54611.55,54600.55,54603.45,216547
1790582070000,54603.35,54606.15,54597.75,54601.9,67691
1790582100000,54602.05,54605.75,54592.8,54594.9,166297
1790582130000,54594.2,54607.1,54592.95,54606.05,129781
1790582160000,54607.55,54617.75,54601.55,54607.5,153490
1790582190000,54608.2,54621.05,54604.9,54612.45,282247
1790582220000,54614.55,54626.85,54610.95,54621.55,210279
1790582250000,54621.5,54627.25,54611.85,54622.5,155780
1790582280000,54621.5,54625.5,54607.4,54613.75,164761
1790582310000,54615,54617.65,54607.65,54610.45,194017
1790582340000,54613.4,54621.5,54608.9,54617.9,148168
1790582370000,54620.3,54627.55,54616.45,54623.65,353010
1790582400000,54622.35,54628.55,54612.3,54614.95,131286
1790582430000,54615.6,54617.05,54600.05,54605.8,199480
1790582460000,54605.2,54610.75,54588.65,54599.25,217737
1790582490000,54599.25,54603.8,54583.15,54589.6,393826
1790582520000,54584.1,54595.45,54576.5,54586.25,323943
1790582550000,54585.65,54593.2,54584.6,54589.25,72133
1790582580000,54586.6,54594.85,54586.6,54589.75,57166
1790582610000,54590.85,54594.6,54579.7,54579.95,401788
1790582640000,54580.7,54584.55,54570.5,54577.1,164149
1790582670000,54577.1,54577.1,54561.45,54564.5,134504
1790582700000,54565.85,54576.4,54563,54576.4,182021
1790582730000,54574.9,54575.05,54559.95,54563.9,241342
1790582760000,54562.9,54570.6,54561.85,54561.85,65156
1790582790000,54561.85,54568,54558,54562.85,118619
1790582820000,54563.55,54570.5,54548.9,54567.4,159322
1790582850000,54564.4,54566.75,54547.6,54550.05,223382
1790582880000,54550.95,54556.7,54547.25,54553.75,169630
1790582910000,54555.05,54556.1,54544.8,54548.95,518797
1790582940000,54548.1,54560.15,54544.65,54553.15,222715
1790582970000,54556,54582.8,54554.25,54578.8,330328
1790583000000,54577.6,54579.2,54568.65,54572.8,280576
1790583030000,54572.8,54580.25,54570.7,54579.05,210895
1790583060000,54578,54591.35,54576.3,54586,351193
1790583090000,54584.75,54593.1,54583.8,54587.95,168576
1790583120000,54591.75,54591.75,54582.7,54584.55,129469
1790583150000,54583.5,54590.35,54570.85,54585.3,346934
1790583180000,54583.2,54585.35,54566,54566.95,421410
1790583210000,54566.4,54570.45,54557.7,54564.4,220915
1790583240000,54565.25,54568.85,54553.5,54564.8,329213
1790583270000,54567.7,54582.95,54563.05,54579.2,215100
1790583300000,54580,54589.85,54577.8,54584.05,409908
1790583330000,54583.4,54590.35,54571.7,54575.15,252399
1790583360000,54576,54592.05,54575.55,54587.05,312325
1790583390000,54588.05,54589.85,54580.35,54588.5,153263
1790583420000,54589.75,54595.5,54580,54587.5,228786
1790583450000,54585.8,54600.5,54576.45,54580.4,238944
1790583480000,54579.05,54585.7,54555.75,54566.05,417794
1790583510000,54570.65,54573,54555.35,54561.6,191296
1790583540000,54559.95,54564.55,54543.8,54549.25,958284
1790583570000,54551.2,54567.75,54549.6,54566.3,230744
1790583600000,54566.65,54576.5,54564.6,54574.05,309946
1790583630000,54572.6,54579.95,54572.05,54577.9,102310
1790583660000,54575.85,54581.3,54568.8,54569.45,106763
1790583690000,54573.5,54577.3,54566.75,54569.3,104137
1790583720000,54573.4,54586.9,54569.8,54582.4,190016
1790583750000,54582.4,54599.5,54582.4,54594.1,389509
1790583780000,54597.4,54599.05,54588.25,54591.75,134121
1790583810000,54593.65,54594.1,54568.15,54571.7,291607
1790583840000,54575,54579.05,54558.9,54562.8,142840
1790583870000,54565.25,54567.45,54557.5,54561.85,122545
1790583900000,54564.55,54566.9,54552.75,54558.35,349357
1790583930000,54559.55,54569.9,54558.5,54564.6,208915
1790583960000,54566.55,54579.55,54563.3,54576.3,200926
1790583990000,54581,54591.7,54570.9,54580.75,224823
1790584020000,54582.25,54587.8,54571.1,54575.65,239399
1790584050000,54578.85,54578.9,54567.85,54567.85,151454
1790584080000,54569.95,54576.75,54564.6,54576.15,138941
1790584110000,54576.95,54587.8,54570,54577.8,183478
1790584140000,54580.45,54589.15,54578.25,54583.4,153347
1790584170000,54585.1,54588.55,54577.35,54581.55,190058
1790584200000,54582.6,54591.95,54581.8,54587.3,128239
1790584230000,54587.6,54593.25,54585.1,54588.6,215421
1790584260000,54589.6,54589.9,54568,54570.05,328237
1790584290000,54575.1,54583.45,54563,54574.6,342779
1790584320000,54572.85,54574.45,54552.7,54563.75,389538
1790584350000,54564.9,54564.9,54552.35,54560.5,185043
1790584380000,54559.9,54569.95,54556.8,54564,177645
1790584410000,54567.6,54573.3,54563.6,54564.3,95130
1790584440000,54568.6,54576.75,54563.9,54573.35,151984
1790584470000,54574.7,54576.8,54562.15,54566.65,333552
1790584500000,54567.2,54576.9,54565.8,54569.95,407795
1790584530000,54569.7,54576.2,54566.85,54573.05,567039
1790584560000,54574.15,54581.55,54567.7,54572.35,141666
1790584590000,54570.45,54578.7,54556.6,54558.4,217776
1790584620000,54560.6,54572.6,54558.15,54565.15,265382
1790584650000,54571.65,54571.8,54557.45,54561.6,209629
1790584680000,54562.65,54566.7,54548,54559.7,560510
1790584710000,54562.3,54574.25,54561.75,54565.35,233814
1790584740000,54569.3,54569.7,54552.4,54556.5,274678
1790584770000,54554.65,54559.6,54540.65,54551.95,206808
1790584800000,54554.5,54566.25,54546.2,54564.4,337495
1790584830000,54565.8,54574.25,54558.15,54570.9,578663
1790584860000,54571.5,54572.05,54552.55,54561.7,246318
1790584890000,54563.05,54576.9,54562.5,54573.15,167449
1790584920000,54576.15,54581.25,54569.2,54577.8,213999
1790584950000,54578.05,54580.1,54570.55,54572.9,67344
1790584980000,54575.95,54577.75,54537.8,54550.3,247602
1790585010000,54551.75,54558.95,54545.85,54546.05,113606
1790585040000,54548.1,54560.5,54535.7,54554.65,199454
1790585070000,54560.3,54563.6,54551.3,54560.95,90407
1790585100000,54563.95,54571.4,54553.95,54562.05,189338
1790585130000,54566.45,54569.6,54534.1,54536.2,187334
1790585160000,54538.85,54539.85,54527,54533,245032
1790585190000,54537.1,54541.6,54531.35,54534.9,247734
1790585220000,54536.9,54537.05,54522.7,54523.05,185256
1790585250000,54529,54531.55,54503.8,54513.05,395189
1790585280000,54514,54526.1,54478.6,54500,1098571
1790585310000,54497.8,54497.8,54479.45,54491.95,284196
1790585340000,54496.1,54504.7,54476.65,54492,323676
1790585370000,54496.7,54502.75,54474.3,54488.25,274975
1790585400000,54490.95,54525.65,54487.6,54515.5,262594
1790585430000,54517.7,54521.25,54509.1,54512.7,136447
1790585460000,54514.15,54528.35,54506.55,54521.65,624869
1790585490000,54526.05,54529.8,54518.2,54521.25,299504
1790585520000,54521.8,54524.9,54509.05,54513.15,195809
1790585550000,54512.3,54517.8,54507.1,54507.5,158970
1790585580000,54508.2,54509.85,54492.8,54494.55,308910
1790585610000,54500.05,54518.1,54495.95,54511,243288
1790585640000,54514.15,54524,54509.2,54516.3,276732
1790585670000,54519.05,54525.2,54514.4,54515.55,202034
1790585700000,54518.9,54524.4,54513.55,54522.15,278495
1790585730000,54523.8,54537.85,54521.7,54529.85,272161
1790585760000,54534.3,54537.15,54526.7,54530.4,301743
1790585790000,54531.5,54536.8,54526.25,54529.35,309021
1790585820000,54529.35,54539.7,54523,54525.65,431493
1790585850000,54527.15,54543.25,54524,54538.25,214494
1790585880000,54540.65,54541.45,54524.35,54526.45,272128
1790585910000,54527.75,54537.9,54519.25,54519.25,815604
1790585940000,54519,54534.4,54515.15,54525.6,163200
1790585970000,54526.35,54530.4,54516.15,54518.25,321577
1790586000000,54516.65,54539.7,54514.4,54530.85,349862
1790586030000,54534.8,54543.3,54531.35,54541.05,238775
1790586060000,54544.45,54547.95,54536.7,54541.95,286717
1790586090000,54543.05,54543.05,54518.25,54522.65,362856
1790586120000,54524.55,54527.1,54511.55,54514.55,309791
1790586150000,54514.75,54516.35,54502.1,54505.75,259360
1790586180000,54506.3,54508.95,54496.6,54498.05,191893
1790586210000,54502.7,54507.7,54496.6,54504.5,238035
1790586240000,54503.05,54503.8,54479.9,54481.55,326430
1790586270000,54483.45,54492.75,54477.75,54489.2,237350
1790586300000,54491.2,54495.6,54483.8,54488.65,284203
1790586330000,54492.55,54492.55,54479.1,54486.95,198850
1790586360000,54486.95,54508.9,54485,54503.35,377409
1790586390000,54507.35,54509.05,54489.9,54496.3,963022
1790586420000,54494.2,54502.25,54485.7,54498.85,320864
1790586450000,54502.15,54502.15,54484,54485.4,390908
1790586480000,54486.65,54487.5,54460.75,54466.55,269311
1790586510000,54469,54469.5,54443.2,54457.55,961767
1790586540000,54458.35,54458.35,54437.7,54450.65,270323
1790586570000,54454.1,54458.75,54449.1,54453.35,331872
1790586600000,54454.75,54458.55,54443.2,54453.35,637497
1790586630000,54456.5,54462.3,54449.6,54459.15,871931
1790586660000,54461.05,54480.25,54452.25,54471.7,187042
1790586690000,54476.8,54484,54464.55,54467.7,255412
1790586720000,54469.15,54473.25,54462.7,54464.6,593370
1790586750000,54466.55,54470.95,54451.25,54457.8,362712
1790586780000,54455.6,54459.55,54446.2,54449.45,720930
1790586810000,54452.2,54452.2,54441.55,54450.95,1159242
1790586840000,54451.3,54460.15,54446.7,54456.15,735924
1790586870000,54453.95,54460.1,54446.85,54457.2,503553
1790586900000,54456.55,54466.35,54452,54463.3,210844
1790586930000,54465.55,54468,54458.15,54460.75,378561
1790586960000,54460.6,54489.15,54451.55,54483.1,573556
1790586990000,54485.2,54501,54481.5,54499.7,473789
1790587020000,54500.25,54503,54490.5,54493.5,328228
1790587050000,54497.75,54500.45,54488,54491.35,375406
1790587080000,54490.9,54499.15,54484.2,54489.3,381910
1790587110000,54493.45,54499.8,54483,54498.65,395304
1790587140000,54497.95,54517.85,54491.4,54516.95,576719
1790587170000,54518.65,54529.1,54507.15,54521.25,488161
1790587200000,54521.25,54527.6,54510.25,54519.5,364780
1790587230000,54521.5,54530.05,54516,54523.8,428198
1790587260000,54525.6,54529.85,54515.65,54515.65,335561
1790587290000,54520.4,54521.8,54504.2,54504.8,398240
1790587320000,54506.4,54514.65,54499.05,54507.65,2047157
1790587350000,54508.9,54520.55,54503.6,54515.2,749072
1790587380000,54521.7,54524.75,54511.1,54515,451219
1790587410000,54518.9,54525.65,54513.7,54517.8,458775
1790587440000,54521.35,54527.05,54512.95,54517,334935
1790587470000,54521.5,54524.1,54511.3,54512.1,595082
1790587500000,54513.8,54516.6,54500.85,54501.5,378452
1790587530000,54501.25,54510.05,54498.15,54507.35,186806
1790587560000,54507.8,54511.55,54501.55,54506.75,477394
1790587590000,54504.5,54507.5,54494.15,54495.8,536171
1790587620000,54497.05,54504.3,54491.25,54495.3,552606
1790587650000,54499,54510.65,54498.7,54501.7,510834
1790587680000,54503.85,54509.5,54491.5,54494,710569
1790587710000,54496.95,54496.95,54481.5,54481.5,802332
1790587740000,54485.3,54488.8,54479.7,54486.1,903307
1790587770000,54492.1,54495.75,54483.1,54492.85,461418
1790587800000,54494.25,54497.75,54485.8,54496.3,679823
1790587830000,54496.85,54497.25,54484.85,54490.65,392687
1790587860000,54490.9,54502.95,54487.45,54495.7,989688
1790587890000,54498.45,54498.75,54490.05,54490.9,503387
1790587920000,54492.8,54494.1,54473.55,54477.85,390520
1790587950000,54481.35,54484.25,54470.3,54478.8,412658
1790587980000,54481.9,54505.2,54477.3,54499.25,488978
1790588010000,54501.55,54503.45,54490.6,54500.8,456945
1790588040000,54501,54512.35,54496.55,54505.15,493495
1790588070000,54509.35,54512.75,54496.35,54499.3,756242
1790588100000,54501.1,54501.1,54477.7,54491.55,1816130
1790588130000,54492.4,54493.5,54481.9,54485.25,675837
1790588160000,54484.75,54486.1,54469.25,54469.25,808959
1790588190000,54472.85,54487.1,54468.5,54479.2,440583
1790588220000,54479.2,54482.6,54473.2,54474.75,826786
1790588250000,54477.8,54480.3,54471.65,54476.6,474570
1790588280000,54476.75,54481.85,54470.7,54476.5,869602
1790588310000,54476.8,54482.35,54474.2,54481.3,508725
1790588340000,54481.3,54483.1,54462.45,54474.4,1004064
1790588370000,54471.9,54481.6,54471.9,54480.5,539999
1790588400000,54478.85,54501.15,54468.8,54496.05,1490533
1790588430000,54503.8,54512.6,54491.15,54496.8,926286
1790588460000,54494.95,54497,54473.7,54479.05,765447
1790588490000,54484.85,54486.6,54469.2,54482.5,624530
1790588520000,54485.75,54485.75,54458.65,54480.15,1867321
1790588550000,54483.4,54483.4,54447.4,54463.85,2289838
1790588580000,54469.8,54471.9,54456.45,54471.65,868938
1790588610000,54469.85,54477.95,54455.95,54470.25,613580
1790588640000,54463.5,54475.25,54450.35,54474,1166173
1790588670000,54471.8,54484.75,54450.5,54467.7,336003
1790588700000,54467.7,54467.7,54467.7,54467.7,11356
1790588730000,54467.7,54467.7,54467.7,54467.7,0
1790588760000,54467.7,54467.7,54467.7,54467.7,0
1790588790000,54467.7,54467.7,54467.7,54467.7,0
1790588820000,54467.7,54467.7,54467.7,54467.7,0
1790588850000,54467.7,54467.7,54467.7,54467.7,0
1790588880000,54467.7,54467.7,54467.7,54467.7,0
1790588910000,54467.7,54467.7,54467.7,54467.7,0
1790588940000,54467.7,54467.7,54467.7,54467.7,0
1790588970000,54467.7,54467.7,54467.7,54467.7,0
1790589000000,54467.7,54467.7,54467.7,54467.7,0
1790589030000,54467.7,54467.7,54467.7,54467.7,0
1790589060000,54467.7,54467.7,54467.7,54467.7,0
1790589090000,54467.7,54467.7,54467.7,54467.7,0
1790589120000,54467.7,54467.7,54467.7,54467.7,0
1790589150000,54467.7,54467.7,54467.7,54467.7,0
1790589180000,54467.7,54467.7,54467.7,54467.7,0
1790589210000,54467.7,54467.7,54467.7,54467.7,0
1790589240000,54467.7,54467.7,54467.7,54467.7,0
1790589270000,54467.7,54467.7,54467.7,54467.7,0
1790589300000,54467.7,54467.7,54467.7,54467.7,0
1790589330000,54467.7,54467.7,54467.7,54467.7,0
1790589360000,54467.7,54467.7,54467.7,54467.7,0
1790589390000,54467.7,54467.7,54467.7,54467.7,0
1790589420000,54467.7,54467.7,54467.7,54467.7,0
1790589450000,54467.7,54467.7,54467.7,54467.7,0
1790589480000,54467.7,54467.7,54467.7,54467.7,0
1790589510000,54467.7,54467.7,54467.7,54467.7,0
1790589540000,54467.7,54471.65,54467.7,54471.65,3132711
1790589570000,54471.65,54471.65,54471.65,54471.65,0
1790653500000,54283.6,54364.85,54226.25,54276.05,4088537
1790653530000,54280.25,54405.3,54273.15,54392.65,2625956
1790653560000,54392.2,54398.65,54317.2,54332.8,2673365
1790653590000,54334.75,54337.85,54307.4,54317.8,1376848
1790653620000,54321.3,54360,54304.4,54348.4,1117601
1790653650000,54348.4,54364.45,54302.15,54311.55,1221780
1790653680000,54302.95,54320.25,54269.85,54278.85,820679
1790653710000,54278.75,54287.75,54247.25,54255.25,803659
1790653740000,54250.05,54278.9,54247.7,54275.85,803478
1790653770000,54277.9,54281.1,54236.05,54240.7,705869
1790653800000,54245.6,54247.3,54205.1,54206.05,1119579
1790653830000,54205.25,54214.05,54168.5,54170.65,1096275
1790653860000,54167.2,54170,54091.55,54099.1,1263110
1790653890000,54096.1,54099.15,54063.95,54070.75,884612
1790653920000,54068.25,54080.2,54054.9,54075.05,959592
1790653950000,54075,54077.5,54007.65,54067,1085514
1790653980000,54069.75,54092.85,54060.45,54077.15,658007
1790654010000,54071.4,54076.9,54057.7,54070.8,463611
1790654040000,54064.6,54077.65,54045.1,54052.45,738166
1790654070000,54046.85,54051.4,54033.3,54041.85,871377
1790654100000,54044,54047.35,54014.8,54017.65,733529
1790654130000,54017.3,54020.8,53997.45,54020.8,609866
1790654160000,54014.15,54019.5,54002.6,54019.4,817190
1790654190000,54018.05,54020.95,53957.85,53964,1187360
1790654220000,53957.95,53965.45,53928.55,53932.35,783746
1790654250000,53930.4,53948.25,53923.45,53938.55,999399
1790654280000,53935.95,53942.75,53903.95,53920.55,684853
1790654310000,53916.9,53923.25,53898.35,53907.25,557191
1790654340000,53905.35,53913.6,53896,53910.4,556218
1790654370000,53905.75,53913.15,53894.6,53911.25,613497
1790654400000,53908.1,53946.4,53908.1,53931.55,1616384
1790654430000,53930.95,53946.2,53920.05,53926.1,853166
1790654460000,53923.35,53930.95,53903.3,53905.1,794577
1790654490000,53906.2,53908.4,53892.25,53901.15,724706
1790654520000,53899.8,53922.8,53874,53876.75,771565
1790654550000,53872,53882.5,53862,53874.3,639221
1790654580000,53869.2,53888.25,53854.65,53886.55,764405
1790654610000,53886.55,53894.65,53873.8,53876.95,725559
1790654640000,53878.25,53893.4,53869.5,53883.55,635455
1790654670000,53880.65,53901.7,53880.25,53891.1,994617
1790654700000,53890.8,53907.15,53888.65,53897.5,778454
1790654730000,53897.5,53900.8,53850.75,53857.4,1302255
1790654760000,53853.55,53854.25,53831,53835.35,2149154
1790654790000,53832.25,53836.5,53804.25,53820.35,1614269
1790654820000,53824.4,53824.4,53801.35,53812.9,856053
1790654850000,53812.35,53828.5,53808.95,53811,746842
1790654880000,53815.7,53826.45,53808.5,53815.3,790013
1790654910000,53816.15,53837.9,53809.85,53821.95,1090001
1790654940000,53821,53828.9,53799.1,53801.15,603011
1790654970000,53798.05,53812.65,53794.55,53798.95,576363
1790655000000,53798.85,53815.6,53788,53815.6,527875
1790655030000,53821.4,53842.75,53819.4,53829.15,2891729
1790655060000,53833.05,53876.9,53821.35,53866.4,771186
1790655090000,53874.25,53896.95,53863.55,53892.5,501413
1790655120000,53888.7,53917.95,53880.55,53892.45,1018665
1790655150000,53889.85,53919.85,53887.05,53914.85,516776
1790655180000,53907.85,53917.55,53862.55,53869.85,561061
1790655210000,53866.35,53878.25,53857.1,53878.25,398628
1790655240000,53877.2,53889.55,53865.75,53871.45,446980
1790655270000,53872.85,53875.95,53859.35,53869.75,599488
1790655300000,53867.95,53888.15,53867.95,53873,671602
1790655330000,53869.65,53875.6,53832.55,53862.45,657712
1790655360000,53863.3,53872.95,53851.7,53865.2,398504
1790655390000,53866.9,53883.45,53851.65,53879.7,232468
1790655420000,53874.15,53894.5,53874.05,53890.6,316894
1790655450000,53888.55,53895.4,53873.45,53873.75,291880
1790655480000,53871.45,53875.5,53848.9,53861.8,230529
1790655510000,53858.6,53866.9,53853.55,53857.6,167147
1790655540000,53855,53858.85,53838.55,53851.1,776261
1790655570000,53849.55,53853.45,53840.7,53846.2,231982
1790655600000,53845.3,53863.05,53841.65,53851.35,1509582
1790655630000,53850.8,53860.45,53843.95,53856.85,393262
1790655660000,53852.9,53866.65,53847.6,53852.6,272569
1790655690000,53851.6,53892.35,53850.85,53889.25,381788
1790655720000,53886.1,53891,53872.55,53878.15,260368
1790655750000,53875.6,53895.55,53874.7,53890.05,269680
1790655780000,53889.85,53892,53874.65,53884.6,264797
1790655810000,53882.15,53887.5,53871.95,53876.7,218754
1790655840000,53879.2,53886.85,53869.2,53885.2,252988
1790655870000,53881,53916.85,53881,53908.7,428944
1790655900000,53906.1,53936.35,53905.8,53936.35,283232
1790655930000,53932.1,53960.45,53932.1,53940.4,581251
1790655960000,53935.3,53939.6,53919.8,53928.85,534777
1790655990000,53927.2,53937.3,53890.85,53903.5,368988
1790656020000,53896.65,53899.75,53870.55,53884.55,319813
1790656050000,53884.45,53923.55,53882.3,53923.55,265890
1790656080000,53919.75,53927.6,53911.8,53926.4,191754
1790656110000,53926.9,53927,53879.55,53883.15,284986
1790656140000,53879.45,53884.25,53864.3,53868.95,437428
1790656170000,53869.7,53885.15,53867.45,53871.2,164368
1790656200000,53870.2,53880.05,53852.05,53859.4,479438
1790656230000,53860.1,53868.25,53854.35,53863.5,355864
1790656260000,53865.3,53866.05,53834.9,53834.9,340409
1790656290000,53834.9,53852.25,53832.35,53842.8,256348
1790656320000,53841.8,53844,53828.1,53843.1,319505
1790656350000,53841.4,53847,53829.4,53840.3,347064
1790656380000,53839,53864.45,53839,53859.45,368323
1790656410000,53859.5,53877.45,53853.8,53868.8,270446
1790656440000,53864.2,53876.2,53859.75,53872.05,150147
1790656470000,53872.2,53874.25,53847.75,53853.45,218156
1790656500000,53854.55,53857.4,53843.6,53848.15,177927
1790656530000,53845.3,53863.25,53840.95,53843.65,453873
1790656560000,53836.65,53844.55,53825.1,53826.2,404406
1790656590000,53825.05,53840.05,53824.65,53832.95,349307
1790656620000,53830.3,53847.75,53830.3,53839.9,414838
1790656650000,53837.35,53862.05,53824.35,53861.45,184698
1790656680000,53860.8,53861.75,53831.15,53848.65,354861
1790656710000,53844.75,53875.2,53842.65,53861.75,271443
1790656740000,53856.2,53864.9,53851.2,53852.8,237373
1790656770000,53853.25,53855.75,53842,53848.95,507039
1790656800000,53840.9,53850.9,53835.1,53848.45,344909
1790656830000,53849.55,53849.95,53829.95,53831.6,207397
1790656860000,53825.9,53830.3,53808.75,53810.85,666363
1790656890000,53807.7,53817.1,53797.6,53812.15,337894
1790656920000,53809.05,53826.45,53807.3,53826.3,254303
1790656950000,53824.25,53828.25,53814.45,53817.95,298241
1790656980000,53817.05,53822.7,53808.45,53814.95,212309
1790657010000,53812.45,53821.7,53808.4,53816.2,119464
1790657040000,53814.1,53823.1,53810.2,53818.6,168625
1790657070000,53820.85,53825,53814.6,53818.6,121837
1790657100000,53817.5,53830.15,53811.1,53830.15,282022
1790657130000,53830.75,53853.35,53829.75,53847.95,733015
1790657160000,53844.15,53846.4,53832.7,53836.95,263233
1790657190000,53834.85,53845.65,53829.55,53832.45,202676
1790657220000,53831.6,53842.5,53831.35,53838.95,123161
1790657250000,53838.85,53840.55,53825.65,53828.35,104973
1790657280000,53823.7,53831.7,53821.8,53827.3,139746
1790657310000,53829.55,53839.6,53825.5,53831.55,220828
1790657340000,53830.4,53848.55,53829.55,53845.6,117286
1790657370000,53846.15,53846.25,53823.85,53826.75,165718
1790657400000,53822.65,53828.4,53803.8,53810.65,335682
1790657430000,53811.35,53831.05,53811.35,53823.85,160504
1790657460000,53821.35,53824.7,53793.6,53796.1,249808
1790657490000,53795.5,53799.35,53785.7,53796.95,313559
1790657520000,53797.95,53809.1,53790.45,53800.25,164016
1790657550000,53799,53826.2,53793.25,53800.25,412024
1790657580000,53794.6,53811.5,53793.1,53804.3,284706
1790657610000,53803.55,53812.85,53801.6,53804.8,235467
1790657640000,53803.5,53822.6,53803.5,53819.25,557671
1790657670000,53816.5,53831.45,53816.5,53831.4,227590
1790657700000,53826.75,53839.95,53820.2,53830.35,290620
1790657730000,53829.75,53837.15,53825.8,53834.4,199537
1790657760000,53833.25,53863.85,53833.25,53861.25,266490
1790657790000,53863.95,53870.4,53856.95,53867.9,215459
1790657820000,53865,53870.65,53859.85,53864.7,683864
1790657850000,53862.75,53871.6,53855.9,53857.65,150242
1790657880000,53857.3,53867.5,53853.05,53866.05,229925
1790657910000,53864.1,53875,53859.4,53875,167533
1790657940000,53873.4,53893.05,53869.3,53887.55,279849
1790657970000,53885.3,53894.05,53873.3,53873.3,255605
1790658000000,53870.45,53886.75,53868.1,53871.2,212848
1790658030000,53871.5,53877.15,53865.85,53869.1,246633
1790658060000,53868.95,53879.75,53865.65,53878.6,149568
1790658090000,53876.85,53878.8,53850.9,53851.5,249164
1790658120000,53850.2,53859.55,53838.9,53840.55,299092
1790658150000,53836.9,53844.1,53828.85,53833.55,177505
1790658180000,53829.65,53844,53829.65,53839.1,217859
1790658210000,53837.15,53841.5,53824.5,53830.25,159462
1790658240000,53826.9,53847.4,53826.9,53844.9,494377
1790658270000,53844.55,53858.3,53838.9,53857.05,206243
1790658300000,53855.45,53879.15,53852.35,53871.75,233276
1790658330000,53872.1,53883.45,53861.65,53877.55,320868
1790658360000,53880.75,53889.8,53871.4,53876.85,245201
1790658390000,53874.75,53878.35,53850.3,53865.65,314669
1790658420000,53863.3,53879.7,53862.3,53874.45,204702
1790658450000,53869.3,53876.2,53856.4,53866,540513
1790658480000,53863.3,53881.65,53863.3,53876.25,283211
1790658510000,53876.45,53895.6,53873.4,53890.55,388453
1790658540000,53886.45,53902.9,53886.45,53902.55,310733
1790658570000,53903.8,53908.2,53895.95,53895.95,342921
1790658600000,53894.2,53896.05,53881.9,53888,214163
1790658630000,53884.2,53886.05,53877.2,53879.35,342680
1790658660000,53876.65,53895,53876.65,53895,309045
1790658690000,53894.95,53909.1,53893,53904.5,90138
1790658720000,53899.4,53906.85,53896.95,53906.7,544773
1790658750000,53900.75,53911.8,53895.95,53911.8,273677
1790658780000,53908.5,53970.05,53908.5,53966.65,821545
1790658810000,53966.4,53971.35,53935.65,53950.95,539681
1790658840000,53949.3,53961.7,53947.9,53955.75,225991
1790658870000,53952.6,53959.55,53949.6,53954.45,126095
1790658900000,53950.15,53958.9,53933.05,53936.6,193823
1790658930000,53935.6,53939.2,53926,53926.4,154573
1790658960000,53926.9,53937.8,53926.9,53931.9,138525
1790658990000,53929.95,53933.15,53902.7,53909,261448
1790659020000,53909,53915.2,53903.05,53906.85,150483
1790659050000,53903.15,53905.45,53883.7,53890.05,214456
1790659080000,53887.15,53892.35,53865.2,53870.3,393036
1790659110000,53868.1,53886.85,53867.3,53878.7,319300
1790659140000,53878.4,53894.45,53873.05,53890.85,274085
1790659170000,53889.9,53900.8,53884.55,53898.9,170091
1790659200000,53896.9,53898.1,53875.8,53881.5,346543
1790659230000,53881.1,53905.2,53878.2,53899.4,362849
1790659260000,53899,53910.15,53898.45,53902.35,157438
1790659290000,53900.6,53906.85,53893,53903.2,275104
1790659320000,53899.7,53924.15,53898.5,53917.95,310456
1790659350000,53917.3,53928,53915.35,53918.7,108374
1790659380000,53922.35,53936,53918.8,53931.75,141754
1790659410000,53929.15,53937.45,53922.55,53922.55,168841
1790659440000,53924.35,53943.9,53923.05,53938,146039
1790659470000,53938.85,53951.5,53934.6,53943.55,324538
1790659500000,53943.75,53962.1,53941.95,53961.85,296604
1790659530000,53961.35,53967.3,53955.25,53955.25,520560
1790659560000,53955.5,53985.35,53954.3,53974.9,419039
1790659590000,53972.7,53978.95,53962.6,53964.25,680800
1790659620000,53965.2,53979.65,53962.85,53974.35,167713
1790659650000,53975.85,53986.3,53971.1,53983.15,190533
1790659680000,53982.95,54021.1,53982,54019.2,773490
1790659710000,54020.2,54023.65,53983.75,53987.4,185952
1790659740000,53987.4,54003.45,53982,53993.35,115364
1790659770000,53994.5,54001.8,53983.5,53993.9,154283
1790659800000,53990.75,54000.4,53971.05,53976.75,287997
1790659830000,53981.05,53992,53972.2,53983.1,438177
1790659860000,53980.15,53985.85,53951.7,53958.35,312133
1790659890000,53952.9,53964.35,53947.7,53952.2,188745
1790659920000,53949.95,53959.55,53930.95,53934.9,293108
1790659950000,53932.4,53937.55,53924.15,53930.55,147786
1790659980000,53926.35,53946.7,53926.35,53946.2,177504
1790660010000,53954.15,53954.15,53942.4,53952.5,301512
1790660040000,53950.9,53954.9,53928,53937.2,163018
1790660070000,53935.65,53952.1,53933,53941.35,128024
1790660100000,53942.7,53951.1,53925.65,53932.55,293330
1790660130000,53930.55,53935.1,53920.8,53927.95,144120
1790660160000,53924.25,53934.15,53918.8,53931.55,190021
1790660190000,53928.7,53951.15,53928.7,53944.6,195333
1790660220000,53942.45,53960.1,53940.6,53954.4,176256
1790660250000,53955.4,53967.65,53942.2,53961.4,331971
1790660280000,53956.15,53960.85,53945.6,53948.4,183064
1790660310000,53949.8,53955.2,53929.85,53941.45,337419
1790660340000,53936.9,53974.65,53936.9,53972.25,235400
1790660370000,53970.7,53986.1,53968.65,53971.8,354480
1790660400000,53971.2,54006.25,53960.95,54000.9,307471
1790660430000,53998.75,54071.05,53998.75,54037.55,897753
1790660460000,54035.7,54084.25,54035.7,54083,996005
1790660490000,54082.3,54084,54051.55,54062.1,430902
1790660520000,54059.6,54077.05,54059.35,54069.7,446058
1790660550000,54070.35,54112.25,54070.35,54101.55,428189
1790660580000,54101.55,54113,54091.75,54096.15,418691
1790660610000,54094,54158.8,54091.65,54153.2,546700
1790660640000,54153.2,54191.3,54143.3,54176.2,631486
1790660670000,54177.5,54182.3,54137.45,54151.55,856277
1790660700000,54151.55,54176.35,54146.9,54166.1,326615
1790660730000,54165.75,54170.85,54155.8,54164.7,294252
1790660760000,54160.8,54169.6,54146.8,54146.8,701654
1790660790000,54135.4,54135.4,54101.05,54119.8,1158649
1790660820000,54120.05,54138.15,54120.05,54124.7,237930
1790660850000,54123.95,54123.95,54099.25,54099.7,317982
1790660880000,54099.7,54099.7,54070.55,54095.45,361231
1790660910000,54098.05,54109.6,54090.05,54106.5,225929
1790660940000,54105.85,54129.15,54104.5,54127.3,167918
1790660970000,54124.35,54136.95,54121.1,54131.25,191114
1790661000000,54131.25,54157.4,54125.55,54155.55,398991
1790661030000,54157.95,54170.8,54150.15,54156.8,272593
1790661060000,54157.05,54157.75,54127.6,54144.8,921780
1790661090000,54143.95,54153.25,54139.2,54145.45,173174
1790661120000,54143.85,54149.65,54137.25,54141.85,303008
1790661150000,54140.25,54159.7,54134.55,54146.25,265484
1790661180000,54147.95,54159.75,54146.25,54148.85,206935
1790661210000,54146.95,54154.55,54141.85,54147.6,140027
1790661240000,54143.85,54148.55,54116.55,54116.55,196226
1790661270000,54115.6,54122.3,54107.95,54112.3,172484
1790661300000,54111.75,54125.05,54111.4,54111.4,182203
1790661330000,54115.85,54126.2,54107.4,54120.4,202706
1790661360000,54114.6,54130.6,54114.15,54119.7,114543
1790661390000,54119.05,54129.45,54109.45,54121.4,221229
1790661420000,54118.05,54123.15,54110.05,54120,174603
1790661450000,54117.4,54141.5,54117.2,54124.3,135467
1790661480000,54124.95,54137.05,54121.7,54125.05,201794
1790661510000,54124.1,54162.25,54121.05,54153.85,192237
1790661540000,54150.15,54183.5,54150.15,54168.1,204921
1790661570000,54169.25,54187.6,54162.35,54183.05,144629
1790661600000,54182.05,54242.1,54180.35,54228.65,413802
1790661630000,54228,54233,54207.8,54211.4,245009
1790661660000,54210.3,54240.75,54210.3,54230.65,359386
1790661690000,54229.75,54249,54228.2,54238.9,231963
1790661720000,54238.8,54241.65,54224.35,54229.45,289921
1790661750000,54227.95,54243.7,54216.15,54235,304476
1790661780000,54240,54259.4,54236.9,54252.65,525454
1790661810000,54254.1,54289.9,54246.35,54276.6,436054
1790661840000,54273.55,54280.5,54268.7,54276.3,390653
1790661870000,54274,54275.75,54246.65,54256.25,211349
1790661900000,54254.75,54264.45,54253.1,54258.2,213581
1790661930000,54257.05,54257.05,54224.3,54239.05,952349
1790661960000,54239.05,54249.85,54229.2,54245.4,164426
1790661990000,54247.2,54251,54239.7,54241.95,152458
1790662020000,54242.55,54243.6,54206.35,54209.4,231914
1790662050000,54214.65,54235.95,54212.85,54232,408002
1790662080000,54231.3,54232,54206.95,54222.2,166330
1790662110000,54219.2,54226.1,54207.35,54224.45,357695
1790662140000,54221.05,54271.65,54221.05,54262.2,1981170
1790662170000,54259.5,54266.6,54252,54261.65,300347
1790662200000,54261.65,54290,54259.5,54287.25,336867
1790662230000,54286.2,54299.15,54274.6,54275.7,743450
1790662260000,54275.65,54289.85,54273.75,54274.9,384532
1790662290000,54277.4,54280.95,54269,54275.8,223656
1790662320000,54274.85,54281.65,54267.35,54271.5,322074
1790662350000,54271.65,54279.15,54260.4,54264.3,293846
1790662380000,54262.25,54265.7,54239.25,54251.55,472771
1790662410000,54249.05,54250.05,54234.6,54241.7,181192
1790662440000,54241.7,54271.55,54241.6,54267.7,369504
1790662470000,54266.85,54288.7,54266.85,54277.2,250466
1790662500000,54276.45,54289.9,54273.85,54287.8,177834
1790662530000,54285.4,54292.05,54266.35,54271.75,177489
1790662560000,54268.5,54277.8,54265.35,54277.45,142266
1790662590000,54276.35,54279.05,54260,54260.1,139412
1790662620000,54262.75,54262.75,54229.2,54234.95,215949
1790662650000,54232.2,54258.6,54225.65,54253.9,251725
1790662680000,54251.55,54255.6,54237.2,54248.05,283068
1790662710000,54247.15,54251.1,54239.55,54243.95,124354
1790662740000,54242.75,54274.1,54240.25,54261.3,549464
1790662770000,54258.05,54272.85,54251.45,54270.1,369046
1790662800000,54267.9,54271.4,54257,54262.3,229385
1790662830000,54260.7,54262.95,54244.55,54246.9,355072
1790662860000,54240.05,54263.5,54238.45,54258.9,196717
1790662890000,54258.95,54285.35,54258.3,54278.15,171402
1790662920000,54273.45,54281.65,54261.8,54275.75,181109
1790662950000,54275.05,54289.25,54272.45,54287.25,189826
1790662980000,54289.25,54298.15,54281.55,54294.05,383262
1790663010000,54292.65,54295.8,54272.65,54280.05,300699
1790663040000,54276.8,54283.2,54266.7,54270.4,194056
1790663070000,54268.3,54282.8,54266.2,54269.85,223506
1790663100000,54268.1,54295.7,54268.1,54291.95,231145
1790663130000,54292,54317.3,54291.65,54311.75,336495
1790663160000,54310.5,54327.05,54308.1,54324.8,242307
1790663190000,54326.25,54330.55,54307.4,54313.85,181834
1790663220000,54313.55,54331.15,54310.5,54326.25,180125
1790663250000,54328.85,54329.05,54320.8,54321.2,218048
1790663280000,54319.45,54332.25,54309.9,54325.4,486928
1790663310000,54324.15,54325.95,54314.45,54319.5,185574
1790663340000,54316.7,54329.4,54313.25,54314.55,214653
1790663370000,54312.4,54330.9,54312.4,54328.15,260746
1790663400000,54324.5,54330.95,54316.55,54323.5,263235
1790663430000,54322.55,54337.45,54322.55,54333.85,219237
1790663460000,54329.4,54365.75,54327.5,54361.9,306278
1790663490000,54359.8,54363.15,54347.85,54348.7,288396
1790663520000,54348.55,54349.5,54323.75,54328.75,338564
1790663550000,54327.95,54349.8,54325.2,54344.7,403905
1790663580000,54341.35,54348.85,54337.05,54342.45,131553
1790663610000,54342.6,54370.05,54342.6,54365.3,351134
1790663640000,54365.25,54369.75,54356.6,54366.45,433645
1790663670000,54364.3,54384.5,54359.9,54381.5,317927
1790663700000,54378.95,54388.5,54377.05,54380.65,196091
1790663730000,54381.95,54390.25,54378.4,54379.2,213872
1790663760000,54377.95,54388.45,54377.95,54383.45,206345
1790663790000,54378.65,54387.05,54374.2,54378.15,284918
1790663820000,54376.2,54389.15,54373.1,54382.95,282755
1790663850000,54383.5,54397.1,54382.1,54392.6,157079
1790663880000,54387.9,54391.7,54374.35,54382.75,254865
1790663910000,54380.95,54394.15,54379.45,54388.3,214784
1790663940000,54387.9,54394.55,54373.7,54375.75,334964
1790663970000,54377.2,54377.25,54360.25,54371.95,308449
1790664000000,54370.6,54379.7,54362.05,54368.85,159527
1790664030000,54362.85,54370.65,54357.85,54365.95,200732
1790664060000,54363.6,54369.2,54350.75,54356.75,212985
1790664090000,54356.75,54365.95,54352.55,54353.65,222206
1790664120000,54353.3,54359.1,54328.85,54329.25,120751
1790664150000,54326.95,54350.9,54316.25,54347.85,695146
1790664180000,54345.1,54372.75,54339,54365.95,408814
1790664210000,54364.9,54368.8,54355.25,54355.25,135988
1790664240000,54356.45,54371.6,54352.05,54370,145385
1790664270000,54366.7,54374.9,54360,54362.6,175054
1790664300000,54361.95,54374.65,54359.2,54366.65,161356
1790664330000,54365.4,54373.15,54354.05,54367.15,134144
1790664360000,54366.3,54370.35,54355.1,54370.35,223938
1790664390000,54366.65,54393.45,54365.3,54385.5,228187
1790664420000,54380.55,54381.75,54367.8,54380.95,207042
1790664450000,54377.95,54390.45,54366.6,54387.45,137694
1790664480000,54384.1,54386.9,54361.25,54372.4,211706
1790664510000,54372.95,54374.75,54362.8,54368.55,135950
1790664540000,54366.05,54370.1,54354.65,54364.3,233513
1790664570000,54361.95,54365.65,54344.35,54346.85,147539
1790664600000,54344.5,54358.25,54321.95,54321.95,227898
1790664630000,54323.4,54330.7,54301.5,54327.55,282138
1790664660000,54325,54328.35,54310.6,54317.7,128007
1790664690000,54317.7,54322.3,54309.55,54315.6,150638
1790664720000,54316,54317.45,54281.35,54291.2,227219
1790664750000,54288.25,54311,54287.15,54307.3,187141
1790664780000,54303.45,54306.95,54291.5,54296.2,206061
1790664810000,54294.35,54308.75,54292.2,54304,123466
1790664840000,54300.4,54305.45,54295,54298.05,153615
1790664870000,54297.9,54298.95,54284.25,54288.55,139891
1790664900000,54287.15,54296.95,54285.3,54285.3,142799
1790664930000,54279.45,54283.45,54270.85,54275.3,652875
1790664960000,54272.1,54273.7,54256.05,54258.35,455137
1790664990000,54255.8,54261.05,54242.5,54250.4,224027
1790665020000,54250.65,54257.4,54217.95,54220.7,972337
1790665050000,54215.5,54221.55,54205.35,54214.3,233397
1790665080000,54216.7,54217.65,54187.05,54190.8,350587
1790665110000,54187,54190.45,54169.3,54186.3,269606
1790665140000,54187.3,54192.85,54178.35,54190.75,395545
1790665170000,54188.7,54189.45,54175.4,54179.3,154535
1790665200000,54180.75,54185.65,54147.35,54150.1,253093
1790665230000,54150.1,54152.75,54115.05,54130.55,226518
1790665260000,54135.2,54136.7,54087.5,54106.7,978548
1790665290000,54106.7,54118.75,54098.2,54115.7,312608
1790665320000,54111.6,54118.25,54048.9,54059.9,395254
1790665350000,54060.75,54060.75,54031.4,54044,357658
1790665380000,54043.55,54055.3,53994.35,53999.1,826833
1790665410000,53992.15,54044.3,53977.55,54042.85,701651
1790665440000,54043.4,54088.2,54043.05,54075.95,372578
1790665470000,54073.35,54076.15,54055.05,54069.1,245393
1790665500000,54068.05,54106.55,54068.05,54105.85,345512
1790665530000,54101.2,54107,54095.95,54098.2,111743
1790665560000,54094.95,54101.25,54084.35,54099.35,196374
1790665590000,54097.5,54134.85,54093.8,54129.35,245790
1790665620000,54127.25,54137.8,54124.3,54127.3,134241
1790665650000,54123.15,54128.55,54108.65,54109.75,133981
1790665680000,54107,54110.95,54099.5,54107.15,130042
1790665710000,54111.5,54130.6,54105.95,54129.2,115064
1790665740000,54128.6,54149.45,54125.55,54146.8,397593
1790665770000,54150.55,54170.85,54141.5,54164.35,147878
1790665800000,54164.15,54196.05,54160.2,54191.7,270158
1790665830000,54189.45,54196.2,54168.55,54185.55,157695
1790665860000,54186.1,54217.6,54175.1,54217.6,262181
1790665890000,54216.4,54234.85,54213.95,54223.15,272063
1790665920000,54223,54226,54201.3,54208.45,171657
1790665950000,54208.45,54213.3,54197.4,54204.1,145392
1790665980000,54200.4,54211,54189.2,54190.05,146968
1790666010000,54191.2,54193.5,54178.3,54184.3,119605
1790666040000,54181.15,54184.2,54125.35,54141,892576
1790666070000,54135,54138.75,54113.6,54118.15,445548
1790666100000,54116.05,54139.3,54111.2,54139.3,244094
1790666130000,54143.15,54171.1,54135.15,54135.45,226752
1790666160000,54135.8,54138.4,54115.85,54119.35,267625
1790666190000,54121.6,54131.9,54119.25,54126.1,137555
1790666220000,54123.9,54144.1,54116.4,54144.1,558995
1790666250000,54145.95,54162.7,54144.4,54155.85,173333
1790666280000,54153.85,54177.8,54151.45,54171.45,178087
1790666310000,54173.25,54185.25,54169.6,54184.45,109340
1790666340000,54181.6,54188.9,54169.15,54169.3,128221
1790666370000,54169.3,54185.5,54164.45,54167.2,145661
1790666400000,54165.2,54181.45,54157.6,54179.1,113351
1790666430000,54176.2,54190.05,54175.4,54186.2,151476
1790666460000,54184,54203.05,54182.05,54186.05,183399
1790666490000,54186.05,54201.55,54169.1,54199.75,247819
1790666520000,54199.65,54235.4,54188.65,54229,2293634
1790666550000,54228.5,54236.35,54216.85,54220.15,930877
1790666580000,54216.6,54234.45,54212,54222.15,249427
1790666610000,54222.15,54245.6,54217.2,54243.35,178834
1790666640000,54241.85,54264.95,54240,54249.35,403562
1790666670000,54252,54254.55,54233.9,54240.15,259356
1790666700000,54240.05,54241.95,54226.1,54235.35,218435
1790666730000,54236.2,54259.1,54230.9,54252.45,306750
1790666760000,54253.65,54279.95,54249.1,54274.25,261115
1790666790000,54276.4,54304.75,54268.35,54299.9,178536
1790666820000,54298.2,54347.35,54289.9,54336.95,674429
1790666850000,54336.7,54339.8,54303.6,54313.25,223081
1790666880000,54308.45,54312.55,54300.45,54301.95,152072
1790666910000,54303.5,54303.5,54271.55,54287.9,211746
1790666940000,54288.15,54294.15,54274.75,54274.75,280033
1790666970000,54274.45,54288.3,54270.75,54276.55,169494
1790667000000,54275.95,54284.6,54268.1,54271.95,266241
1790667030000,54274.2,54290.25,54270,54288.05,120948
1790667060000,54284.6,54287.25,54261.55,54264,215984
1790667090000,54265.75,54271.8,54253.4,54267.8,141634
1790667120000,54267.6,54286.2,54264.4,54267.35,160750
1790667150000,54271.5,54272.8,54253.85,54258.55,134617
1790667180000,54257.5,54272.65,54247.9,54267.4,266581
1790667210000,54276.2,54291,54270.75,54276.65,321186
1790667240000,54277.4,54280.35,54265.8,54265.8,130835
1790667270000,54267.2,54274.2,54250.5,54256.75,344296
1790667300000,54255.45,54263,54249.2,54249.8,176261
1790667330000,54249.8,54264.95,54247.3,54260.15,108999
1790667360000,54261.55,54266.15,54247.2,54247.2,202255
1790667390000,54248.4,54259.9,54244.1,54248.05,92230
1790667420000,54249.05,54264.15,54249.05,54253.9,490603
1790667450000,54258.95,54270.25,54252.3,54260.55,310572
1790667480000,54259.6,54287.1,54254.55,54274.65,202006
1790667510000,54280.5,54282.7,54266,54271.15,130287
1790667540000,54272.75,54317.5,54271.8,54308.85,291975
1790667570000,54308.85,54336.3,54308.85,54315.45,420511
1790667600000,54314.65,54315.15,54284,54294,315869
1790667630000,54294.45,54310.25,54293.05,54302.3,171518
1790667660000,54299.75,54305.5,54288.5,54292,372394
1790667690000,54288.8,54289.8,54265.2,54269.9,259065
1790667720000,54265.5,54274.45,54256.8,54258.75,170371
1790667750000,54258.3,54269.55,54255.7,54267.1,162265
1790667780000,54267.55,54285.05,54263.9,54279.95,270917
1790667810000,54281,54281,54258.2,54263.25,237453
1790667840000,54262.9,54272.6,54249.6,54253.15,282430
1790667870000,54247.4,54273.7,54247.4,54266.5,279414
1790667900000,54263.1,54268.65,54246.35,54247.9,165262
1790667930000,54246.95,54253.85,54223.1,54231.1,246807
1790667960000,54227.8,54245.25,54226.35,54232.25,701875
1790667990000,54230.4,54237.85,54222.35,54235.7,193842
1790668020000,54233.65,54268.35,54232.45,54264.65,202982
1790668050000,54262.95,54270.9,54250.1,54253.3,452152
1790668080000,54252.5,54270.85,54252.5,54264.75,167890
1790668110000,54261.85,54269.15,54255.1,54262.4,130614
1790668140000,54259.85,54265.25,54247.95,54250.8,211301
1790668170000,54249.45,54251.75,54212.75,54212.75,446827
1790668200000,54212.9,54223.95,54204.45,54207.35,276478
1790668230000,54209.8,54215.05,54196.75,54208.75,421068
1790668260000,54206.7,54224.2,54205.95,54208.2,228071
1790668290000,54208.2,54227.1,54206.65,54223.25,112647
1790668320000,54219.35,54226.85,54213.3,54216.8,146422
1790668350000,54217.2,54223.4,54200,54200,159127
1790668380000,54201.45,54211.3,54194.25,54204.75,223849
1790668410000,54204.05,54208.8,54199.2,54201.1,163774
1790668440000,54204.2,54211.35,54192.3,54200.3,286812
1790668470000,54197.75,54213.5,54190.6,54202.3,259837
1790668500000,54198.9,54237.55,54198.9,54232,348133
1790668530000,54234.65,54251.2,54231.9,54246.9,121250
1790668560000,54245.2,54254.55,54238.15,54240.35,129415
1790668590000,54240.35,54245.65,54218.5,54225.75,196763
1790668620000,54222.7,54239.85,54222.7,54236,170020
1790668650000,54236,54236.3,54214.55,54214.55,158359
1790668680000,54211.8,54215.6,54187.95,54205.3,357356
1790668710000,54206.7,54227.75,54202.75,54218.25,320900
1790668740000,54217.6,54221.3,54198.5,54198.5,268520
1790668770000,54198.95,54218.05,54198.95,54206.7,982287
1790668800000,54206.3,54214.35,54200.5,54206.95,306509
1790668830000,54205.85,54218.85,54197.3,54211.9,236851
1790668860000,54215.3,54224.35,54207.55,54216.5,3101782
1790668890000,54214.6,54226.7,54208.75,54221.2,774910
1790668920000,54222.8,54239.4,54217,54238.3,265080
1790668950000,54238.15,54240.05,54223.25,54228.2,287708
1790668980000,54223.05,54225.7,54207.35,54216.2,282347
1790669010000,54216.6,54221.65,54206.2,54209.3,129776
1790669040000,54205.85,54220.45,54200.65,54216.5,167950
1790669070000,54214.2,54216.55,54199.5,54206.05,174780
1790669100000,54202.1,54218.15,54198.9,54212.6,210014
1790669130000,54214,54229.55,54212.35,54214.4,165853
1790669160000,54212.7,54223.3,54193.1,54193.45,196251
1790669190000,54193.75,54197.45,54177.85,54181.7,230475
1790669220000,54179.95,54186.2,54163.6,54179.8,252005
1790669250000,54178.45,54189.7,54177.85,54188.85,181249
1790669280000,54189.6,54192.7,54148.85,54159.55,445526
1790669310000,54156.35,54168.5,54151.3,54153.95,294525
1790669340000,54155.75,54178.35,54152.1,54165.6,213196
1790669370000,54164.8,54178.65,54162.7,54171.7,329569
1790669400000,54171.5,54179.35,54159.75,54172.85,304827
1790669430000,54174.55,54179.2,54163.5,54175.4,228702
1790669460000,54175.05,54189.75,54170.75,54183.2,165891
1790669490000,54184.1,54186.6,54170.65,54171.75,162142
1790669520000,54170.8,54191.1,54170.8,54181.2,195266
1790669550000,54187.3,54194,54174.25,54174.85,336342
1790669580000,54173.75,54176.75,54162,54173.25,171764
1790669610000,54173.4,54199.25,54173.4,54197.6,147416
1790669640000,54193.4,54210.95,54191.6,54198.4,282655
1790669670000,54197.15,54213.05,54193.95,54204.05,621343
1790669700000,54202.6,54228.1,54199.55,54227.3,212269
1790669730000,54226.5,54243.7,54225.6,54235.75,354974
1790669760000,54233.95,54244.15,54232.4,54239.9,425885
1790669790000,54235.5,54246.7,54232.65,54242.25,201511
1790669820000,54238.65,54259.05,54238.65,54259.05,203265
1790669850000,54258.15,54272.85,54255.65,54263.45,200988
1790669880000,54262.75,54266.3,54251.55,54258.45,143160
1790669910000,54257.35,54260.35,54246.3,54259.75,131635
1790669940000,54255.7,54268.15,54255.7,54265.3,256351
1790669970000,54265.65,54276.5,54257,54262.55,166128
1790670000000,54260.1,54272.7,54258.3,54260.15,200679
1790670030000,54258.85,54278.65,54258.55,54275.2,269059
1790670060000,54272.8,54298.25,54272.6,54292.1,243861
1790670090000,54289.3,54311.3,54288.1,54306.35,219431
1790670120000,54306.35,54322.1,54300,54300.65,285546
1790670150000,54305.2,54317.2,54300.3,54306.4,174882
1790670180000,54304.65,54315.25,54297.2,54298.3,215491
1790670210000,54295.4,54311.25,54295.4,54300.4,184417
1790670240000,54300.55,54303.05,54292,54295.95,160113
1790670270000,54293.45,54304.15,54282.75,54297.95,202323
1790670300000,54296.25,54300.1,54270.7,54275.15,220949
1790670330000,54271.6,54291.7,54271.6,54284.5,305185
1790670360000,54282.4,54309.8,54276.15,54304.75,268611
1790670390000,54303.2,54314.05,54300.9,54308.2,158667
1790670420000,54305.5,54317.3,54304.15,54306.95,439309
1790670450000,54306.75,54308,54294.15,54301.85,595625
1790670480000,54292.95,54298.6,54284.3,54294.25,181392
1790670510000,54293.2,54322.15,54293.2,54318.25,286169
1790670540000,54317.95,54320.05,54297.35,54305.65,105885
1790670570000,54304.3,54308.8,54297.85,54299.65,293979
1790670600000,54295.8,54321.85,54295.8,54308.8,199250
1790670630000,54307.8,54310.7,54275.85,54282,392380
1790670660000,54280.8,54288.75,54272.35,54282.9,199431
1790670690000,54281.6,54308.15,54280.9,54297.35,271003
1790670720000,54293.9,54309.35,54277.4,54277.5,183399
1790670750000,54275.45,54283.55,54273.15,54277.7,293044
1790670780000,54273.4,54282.95,54258.35,54262.35,271615
1790670810000,54261.35,54266.8,54243.3,54260.2,248413
1790670840000,54257.55,54268.35,54250.9,54253.45,211026
1790670870000,54254.05,54262.45,54245.55,54250.4,189836
1790670900000,54247.55,54270.15,54244.3,54263.95,215310
1790670930000,54264.4,54293.95,54264.4,54289.75,198511
1790670960000,54284.35,54302.7,54276.65,54292.75,178167
1790670990000,54290,54295.55,54284.5,54289.6,147123
1790671020000,54289.6,54291.7,54255.55,54260.15,252758
1790671050000,54257.35,54274.7,54248.95,54271.7,258444
1790671080000,54268.35,54280.7,54265.45,54273.9,256233
1790671110000,54270.8,54279.5,54258.35,54276.85,239544
1790671140000,54272.55,54303.3,54268.2,54297.95,282299
1790671170000,54300.7,54320.75,54294.3,54317.15,240389
1790671200000,54315.6,54341.8,54314.35,54335.15,500425
1790671230000,54332,54332.9,54308.2,54312.8,304686
1790671260000,54311.45,54320.05,54305.7,54314.9,331640
1790671290000,54313.9,54329.45,54310.75,54316.05,221600
1790671320000,54311.65,54318.75,54295,54295.35,428892
1790671350000,54291,54300.6,54281.8,54299.6,396562
1790671380000,54299.3,54315.25,54296.65,54309.15,211632
1790671410000,54307.05,54321.35,54293.4,54317.55,196606
1790671440000,54314.75,54319.25,54303,54306.25,182814
1790671470000,54302.75,54309.35,54291.4,54295.9,252533
1790671500000,54281.85,54294.75,54266.85,54290.9,400503
1790671530000,54291.2,54299.95,54286.35,54287.55,194409
1790671560000,54284.3,54306.35,54284.3,54293.8,323867
1790671590000,54294.25,54299.95,54281,54282.45,285187
1790671620000,54282.45,54290.95,54278.05,54284.5,133752
1790671650000,54284.85,54297.8,54282,54292.8,365918
1790671680000,54292.8,54304.55,54283.75,54299.9,250363
1790671710000,54296.45,54302.4,54290.65,54299.1,180852
1790671740000,54293.5,54297,54283.1,54287.15,317172
1790671770000,54284.05,54289.45,54271.15,54274.65,179861
1790671800000,54272.7,54280.85,54264,54276.75,574387
1790671830000,54275.85,54282.35,54271.6,54277.55,1030760
1790671860000,54274.2,54290.05,54269.95,54290.05,301368
1790671890000,54285.55,54291.65,54280.85,54284.75,231316
1790671920000,54285.75,54290,54271.65,54274.85,270967
1790671950000,54276.95,54285.25,54269.4,54276.65,321014
1790671980000,54277.1,54277.1,54247.65,54248.65,419319
1790672010000,54249.85,54265.35,54249.85,54258.85,236177
1790672040000,54257.8,54270.2,54251.1,54263.9,387455
1790672070000,54260.95,54268.6,54255.4,54255.4,254585
1790672100000,54256,54285.15,54254.1,54283.05,700477
1790672130000,54278.5,54296.95,54278.5,54292,508928
1790672160000,54287.45,54310.5,54284.45,54304.1,518132
1790672190000,54303.85,54309.5,54289.25,54298.85,496229
1790672220000,54297.15,54303.15,54290.9,54292.7,332518
1790672250000,54291.85,54293.8,54273.75,54277.45,359371
1790672280000,54271.95,54274.15,54249.9,54266.95,342713
1790672310000,54265.5,54290.05,54262.35,54286.8,201021
1790672340000,54282.25,54293.95,54281.9,54286.95,183875
1790672370000,54286.6,54302.35,54284.6,54292.95,288206
1790672400000,54290.55,54303.3,54285.45,54296.65,182458
1790672430000,54288.9,54325,54277.55,54325,348829
1790672460000,54317.5,54341.25,54315.2,54331.1,322006
1790672490000,54328.1,54341.7,54328.1,54331.05,261876
1790672520000,54331.05,54347.8,54328.65,54340.05,323118
1790672550000,54335.4,54343.85,54326.25,54326.8,311357
1790672580000,54325.1,54329.4,54317.2,54320.95,269595
1790672610000,54317.75,54318.55,54281.3,54286.8,1375086
1790672640000,54280,54291.15,54277.15,54291.15,312258
1790672670000,54285.65,54304.15,54282.6,54297.1,285059
1790672700000,54297.1,54317.85,54287.95,54314.1,238459
1790672730000,54310.6,54337.95,54309.95,54332.95,279425
1790672760000,54331.9,54332.45,54314.95,54319.65,285364
1790672790000,54321.35,54332.85,54321.35,54326.1,345038
1790672820000,54325.9,54327.35,54311.35,54317.6,391088
1790672850000,54316.9,54327.05,54312.65,54319.1,233938
1790672880000,54319.1,54335.85,54311.85,54330.75,199659
1790672910000,54329.35,54329.35,54318.35,54323.55,169614
1790672940000,54323.75,54329.75,54320.45,54324.1,217535
1790672970000,54323.8,54344.65,54322.4,54332.15,209517
1790673000000,54327.65,54335.05,54325.25,54329,298957
1790673030000,54328.6,54335.6,54324.6,54333.05,202865
1790673060000,54328.05,54338.25,54318.55,54336.75,347423
1790673090000,54335.55,54342.3,54324.4,54325.85,166478
1790673120000,54321.8,54327.2,54304.65,54307.4,758877
1790673150000,54302.1,54308.6,54282.35,54303.5,320172
1790673180000,54298.95,54327.3,54298.4,54316,451096
1790673210000,54315.85,54320,54306.65,54315.9,318451
1790673240000,54304.9,54320.05,54303,54316.3,385492
1790673270000,54315.65,54319.6,54304.6,54306.55,331441
1790673300000,54306,54309.85,54278.6,54279.7,256686
1790673330000,54276.2,54312.95,54276.2,54309.55,371443
1790673360000,54310.5,54323.2,54309.45,54317.6,249403
1790673390000,54316.45,54323.7,54311.1,54317.7,279799
1790673420000,54317.1,54318.45,54305,54313.5,216233
1790673450000,54313.8,54316.5,54301.1,54304,160612
1790673480000,54308.55,54328.75,54301.7,54324.05,307027
1790673510000,54324.55,54329.8,54318.45,54324.35,236588
1790673540000,54328.95,54328.95,54316.7,54324.6,454350
1790673570000,54327.15,54328.65,54317,54322,208919
1790673600000,54323.45,54330.05,54304.9,54314.65,449991
1790673630000,54316.5,54324.45,54313.55,54318,376987
1790673660000,54321.15,54337,54316.7,54331.5,486394
1790673690000,54332.65,54336.95,54329.05,54334.45,204021
1790673720000,54336.65,54337.2,54323,54330.3,305693
1790673750000,54330.55,54341.5,54324.5,54333.55,577967
1790673780000,54334.15,54342.9,54328.25,54336.2,530403
1790673810000,54337.65,54337.65,54324.35,54324.35,359737
1790673840000,54332.15,54341.55,54324.15,54338.45,355054
1790673870000,54340.7,54342.95,54331.65,54340.05,389015
1790673900000,54345.05,54352.55,54336.6,54342.25,883867
1790673930000,54343.35,54358.7,54342,54358.7,439530
1790673960000,54359.35,54368.65,54355.2,54360.8,399487
1790673990000,54361.15,54367.9,54348.65,54350.2,330597
1790674020000,54352.85,54353.25,54340.25,54345.95,443455
1790674050000,54349.35,54352.9,54335.95,54343.65,466688
1790674080000,54343.95,54344.3,54317.55,54318.35,626575
1790674110000,54321.2,54329.3,54312.05,54312.05,454850
1790674140000,54317.55,54331.25,54314.9,54316.45,597079
1790674170000,54318.95,54326.95,54313.95,54317.9,580460
1790674200000,54317.85,54335.7,54304.65,54331.2,1419532
1790674230000,54332.05,54339.3,54315.1,54316.95,1526290
1790674260000,54326.7,54331.05,54300.1,54307.45,1277428
1790674290000,54307.9,54317.8,54300.45,54301,646534
1790674320000,54299.75,54305.75,54290.55,54298.85,753844
1790674350000,54299.55,54301.45,54283.65,54297.9,747236
1790674380000,54296.65,54311.45,54294.7,54310.9,786934
1790674410000,54307.45,54316.35,54283.35,54286.6,829432
1790674440000,54284.65,54299.75,54281.4,54297.2,722526
1790674470000,54294.4,54299,54276.55,54287.45,1126095
1790674500000,54287.45,54295.05,54276.8,54284.5,1260775
1790674530000,54285.9,54302.95,54285.1,54301.95,805881
1790674560000,54301.8,54320.85,54297.15,54317.2,1679780
1790674590000,54319.4,54336,54316.9,54335.3,936054
1790674620000,54331.7,54334.25,54325,54325.95,980014
1790674650000,54327.3,54347.6,54325.65,54343.35,766361
1790674680000,54341.1,54348.45,54334.5,54336.05,1076047
1790674710000,54335.65,54338.35,54316.1,54325.9,948493
1790674740000,54322.75,54344.4,54321.5,54336.4,1509603
1790674770000,54333.4,54345.45,54329.35,54331.45,1042953
1790674800000,54338.85,54375.45,54335.4,54373.5,1710087
1790674830000,54370.45,54383.3,54369.2,54376.95,1446318
1790674860000,54376,54382.5,54369.4,54378.25,1057921
1790674890000,54375.95,54385.45,54371.95,54378.6,1347674
1790674920000,54380.35,54389.05,54360.7,54379.65,1620051
1790674950000,54382.25,54382.25,54344.8,54360.55,1820358
1790674980000,54363.45,54368.7,54349.15,54366.95,1067345
1790675010000,54370.4,54376.9,54353.25,54368.55,1367712
1790675040000,54352.35,54370.95,54348.6,54354.25,589469
1790675070000,54352.35,54374.65,54343.55,54364.9,390919
1790675100000,54364.9,54364.9,54364.9,54364.9,2815
1790675130000,54364.9,54364.9,54364.9,54364.9,0
1790675160000,54364.9,54364.9,54364.9,54364.9,0
1790675190000,54364.9,54364.9,54364.9,54364.9,0
1790675220000,54364.9,54364.9,54364.9,54364.9,0
1790675250000,54364.9,54364.9,54364.9,54364.9,0
1790675280000,54364.9,54364.9,54364.9,54364.9,0
1790675310000,54364.9,54364.9,54364.9,54364.9,0
1790675340000,54364.9,54364.9,54364.9,54364.9,0
1790675370000,54364.9,54364.9,54364.9,54364.9,0
1790675400000,54364.9,54364.9,54364.9,54364.9,0
1790675430000,54364.9,54364.9,54364.9,54364.9,0
1790675460000,54364.9,54364.9,54364.9,54364.9,0
1790675490000,54364.9,54364.9,54364.9,54364.9,0
1790675520000,54364.9,54364.9,54364.9,54364.9,0
1790675550000,54364.9,54364.9,54364.9,54364.9,0
1790675580000,54364.9,54364.9,54364.9,54364.9,0
1790675610000,54364.9,54364.9,54364.9,54364.9,0
1790675640000,54364.9,54364.9,54364.9,54364.9,0
1790675670000,54364.9,54364.9,54364.9,54364.9,0
1790675700000,54364.9,54364.9,54364.9,54364.9,0
1790675730000,54364.9,54364.9,54364.9,54364.9,0
1790675760000,54364.9,54364.9,54364.9,54364.9,0
1790675790000,54364.9,54364.9,54364.9,54364.9,0
1790675820000,54364.9,54364.9,54364.9,54364.9,0
1790675850000,54364.9,54364.9,54364.9,54364.9,0
1790675880000,54364.9,54364.9,54364.9,54364.9,0
1790675910000,54364.9,54364.9,54364.9,54364.9,0
1790675940000,54364.9,54364.9,54259.95,54259.95,94936933
1790675970000,54259.95,54259.95,54259.95,54259.95,0
1790739900000,54175.9,54538.85,54174.3,54407.25,3447860
1790739930000,54406.25,54452.7,54399.1,54428.4,1662675
1790739960000,54431.65,54455.15,54393.8,54425.75,1748905
1790739990000,54428.65,54438.3,54405.8,54421.5,1419006
1790740020000,54431.6,54438.85,54384.4,54397.6,1115360
1790740050000,54398.9,54405,54356.8,54391.4,779576
1790740080000,54394.05,54400,54366.45,54379,1083959
1790740110000,54379.65,54416.2,54378.05,54407.45,642278
1790740140000,54406.65,54450.3,54405.3,54440.15,1070508
1790740170000,54444.25,54456.35,54422.4,54428.55,1295161
1790740200000,54431.4,54505.95,54431.4,54501.35,1011063
1790740230000,54502.95,54532.05,54498.45,54528.35,1252717
1790740260000,54524,54547.6,54505.95,54545.8,1488638
1790740290000,54547.45,54553.7,54524,54543.75,653349
1790740320000,54538.45,54550.4,54532.75,54543.2,1341810
1790740350000,54542.6,54547.1,54506.5,54506.9,869260
1790740380000,54505.2,54547.3,54505.2,54545.3,1049094
1790740410000,54545.8,54609.85,54545.8,54603.8,690071
1790740440000,54601.6,54625.75,54595.7,54617.9,690819
1790740470000,54614.15,54617.5,54582.4,54596.1,632498
1790740500000,54595.2,54617.1,54592.65,54599.3,511953
1790740530000,54598.05,54604.05,54534.35,54535.1,888974
1790740560000,54537.8,54577.3,54535.05,54570.8,637194
1790740590000,54572.35,54595.7,54572.35,54586.65,336591
1790740620000,54584.45,54596.7,54580.4,54586.8,593048
1790740650000,54585.85,54606.45,54583.6,54603.9,332408
1790740680000,54602.3,54612,54602.3,54609.5,287741
1790740710000,54606.45,54618.8,54598.1,54601.35,203765
1790740740000,54598.9,54612.25,54592.7,54598.75,382192
1790740770000,54600.15,54607.95,54578.6,54578.6,509965
1790740800000,54565.95,54569.6,54537.35,54558.6,462819
1790740830000,54553,54564,54525.05,54525.6,470272
1790740860000,54525.4,54536.8,54518.1,54519.55,355253
1790740890000,54518.05,54546.3,54511.6,54524.05,839167
1790740920000,54522.2,54537.1,54521.5,54526.3,1117459
1790740950000,54522.8,54531.9,54517.2,54528.45,322541
1790740980000,54526.35,54528.1,54474.4,54484.65,559172
1790741010000,54485.85,54493.35,54469.85,54472.4,289532
1790741040000,54469.15,54482.5,54468.05,54476.45,199207
1790741070000,54474.15,54489.85,54471.5,54482.3,396755
1790741100000,54480.8,54534.35,54480.8,54526.8,382123
1790741130000,54528.6,54543.9,54521.9,54539.65,747709
1790741160000,54538.45,54547.9,54527.95,54534.85,411342
1790741190000,54533.05,54537.1,54499.7,54504.8,160721
1790741220000,54500.9,54536,54496,54530.45,238817
1790741250000,54532.3,54534.15,54514.1,54517.5,602184
1790741280000,54516.15,54550.1,54514.85,54539.85,404996
1790741310000,54540.2,54542.25,54515.25,54521.7,243053
1790741340000,54522.15,54533.25,54522.05,54525.75,152814
1790741370000,54525.1,54528.7,54513.4,54514,343307
1790741400000,54512.95,54525.15,54502.05,54520.75,251325
1790741430000,54519.4,54523.35,54497.95,54502.65,512719
1790741460000,54500.4,54522.55,54499.6,54521,262120
1790741490000,54521.9,54544.2,54511.9,54538.45,249397
1790741520000,54539.2,54586.1,54538.45,54579.8,846763
1790741550000,54581.65,54584.1,54570.5,54571.95,574740
1790741580000,54575,54601.65,54572.4,54598.65,945080
1790741610000,54597.9,54603.5,54592.6,54594.75,591284
1790741640000,54594.8,54599.25,54586.3,54590.2,333837
1790741670000,54591.3,54621.4,54591.3,54620.9,681439
1790741700000,54620.75,54663.55,54620.15,54653.45,1019248
1790741730000,54653.6,54674.2,54653.2,54657.25,328683
1790741760000,54656.15,54662.75,54640.4,54641.3,243060
1790741790000,54638.45,54653.6,54638.2,54643.65,286329
1790741820000,54642.35,54646.75,54627.4,54629.2,365480
1790741850000,54632.1,54641.35,54608.3,54611.05,509776
1790741880000,54610.5,54623.8,54588.25,54617.45,499151
1790741910000,54618.8,54629.15,54608.85,54622.85,440461
1790741940000,54621.35,54637.35,54613.75,54632.3,211820
1790741970000,54633,54637.65,54607.7,54613.2,509291
1790742000000,54612.95,54630.25,54605.65,54620.3,496069
1790742030000,54619.55,54642.3,54619.55,54641.35,623605
1790742060000,54639.85,54646,54632,54645.4,547335
1790742090000,54646.7,54652.8,54636.75,54639.85,862283
1790742120000,54640.2,54644.95,54607.75,54607.75,330922
1790742150000,54610,54612.75,54595.55,54598.9,504471
1790742180000,54600.65,54611.6,54594.45,54606.55,382233
1790742210000,54607.35,54652.35,54607.35,54647.6,183410
1790742240000,54644.3,54650.6,54636.75,54642.65,221468
1790742270000,54643.7,54665.2,54643.7,54658.65,169442
1790742300000,54656.65,54671.65,54656.65,54664.25,258680
1790742330000,54665.45,54665.6,54650.95,54654.55,205114
1790742360000,54656.5,54664.6,54648.85,54659.9,174345
1790742390000,54661.2,54664.9,54656.15,54657.6,112849
1790742420000,54656.4,54660.3,54628.2,54643,313699
1790742450000,54642.7,54651.35,54637.2,54638.4,133262
1790742480000,54635.9,54647.85,54633.65,54643.35,131212
1790742510000,54643.95,54647.3,54634.35,54635.6,185813
1790742540000,54636,54641.6,54631.85,54634.2,231516
1790742570000,54635.5,54637.15,54612.8,54615.85,215358
1790742600000,54615.05,54619.85,54606.6,54610.7,430711
1790742630000,54607.95,54625.3,54607.95,54618.25,668345
1790742660000,54620.65,54624.4,54610.55,54610.55,207643
1790742690000,54609.2,54616.7,54595.9,54611.55,483601
1790742720000,54612.8,54643.05,54612.8,54639.2,547485
1790742750000,54641.4,54650.85,54635.2,54648.8,379244
1790742780000,54649.85,54677.9,54649.85,54671.45,861675
1790742810000,54672.6,54675.85,54659.35,54664.15,460033
1790742840000,54662.55,54680.2,54660.2,54676.3,451486
1790742870000,54676.2,54689.65,54668.9,54680.05,611495
1790742900000,54677.5,54696.8,54676.15,54690.3,308670
1790742930000,54690.25,54720.25,54690.25,54713,468351
1790742960000,54715.2,54727.65,54711.1,54723.55,426575
1790742990000,54724.1,54730.5,54711.15,54716.25,278343
1790743020000,54716.05,54720.05,54712.6,54717.1,298321
1790743050000,54717.65,54730.7,54715.45,54725.95,277254
1790743080000,54726.1,54732.8,54718.45,54720.6,645244
1790743110000,54718.3,54725.05,54704.9,54708.25,472684
1790743140000,54707.95,54727.2,54707.95,54725.05,220927
1790743170000,54724.1,54727.4,54716.05,54720.05,204168
1790743200000,54720.1,54745.2,54717.85,54729.05,593048
1790743230000,54729.6,54747.5,54729.6,54746.9,164371
1790743260000,54741.65,54759.25,54741.05,54749.6,179523
1790743290000,54750.7,54759.8,54732.6,54734.1,732524
1790743320000,54733.5,54736.35,54727.35,54732,214121
1790743350000,54731.7,54748.15,54729.75,54744.65,247927
1790743380000,54745.25,54753.65,54745.25,54752.15,262319
1790743410000,54755.1,54757.2,54739.15,54739.85,128199
1790743440000,54742.15,54769.55,54738.95,54767.4,350653
1790743470000,54762.15,54786.15,54762.15,54779.95,257429
1790743500000,54778.9,54789.3,54775,54776.6,475599
1790743530000,54777.3,54783.65,54761.8,54763.15,285045
1790743560000,54762.45,54779.15,54762.25,54777.75,169320
1790743590000,54777.9,54778.55,54754.35,54755.7,176446
1790743620000,54759.35,54785.25,54756.75,54780.85,316977
1790743650000,54780.05,54785.8,54762.85,54766.95,226827
1790743680000,54766.95,54788.65,54764.95,54781.2,247105
1790743710000,54782.6,54800.65,54782.6,54795.65,721155
1790743740000,54795.65,54799.15,54766.7,54779.35,576839
1790743770000,54778.15,54794.3,54771.25,54787.05,578736
1790743800000,54787.05,54791.5,54771.1,54771.5,418351
1790743830000,54771.25,54787.85,54768.75,54782.9,282334
1790743860000,54782.9,54791.95,54777.8,54779.15,157543
1790743890000,54778.8,54788.65,54773.35,54777.9,157329
1790743920000,54777.9,54787.3,54763.25,54783,194353
1790743950000,54782.45,54787.2,54773.65,54774.4,880158
1790743980000,54774.4,54791.15,54771.55,54779.45,294607
1790744010000,54781.2,54786.3,54759.85,54760.2,207488
1790744040000,54759.2,54762,54750.5,54755.2,196514
1790744070000,54754.6,54761.45,54751.75,54754.25,185844
1790744100000,54754.8,54761.3,54743.7,54760.05,300414
1790744130000,54756.1,54762.3,54749.5,54756.05,158114
1790744160000,54752.4,54758.75,54746.9,54757.35,780900
1790744190000,54756.25,54769.9,54756.25,54769.1,298376
1790744220000,54769.1,54777.6,54763.9,54772.7,105737
1790744250000,54770.45,54774.65,54744.95,54745.4,243974
1790744280000,54745.4,54758.15,54744.2,54748.4,145394
1790744310000,54748.3,54754.6,54745.7,54752.05,90927
1790744340000,54754.15,54754.15,54731.4,54735.2,1022499
1790744370000,54735.3,54737.35,54731.45,54735.75,200344
1790744400000,54735.65,54737.4,54719.4,54719.4,719411
1790744430000,54721.1,54726.25,54704.3,54704.3,395912
1790744460000,54706.95,54726.45,54705.15,54724.55,244586
1790744490000,54724.45,54728.75,54713.8,54713.8,252847
1790744520000,54710.9,54713.8,54701.45,54706.35,308660
1790744550000,54703.8,54711.45,54696.6,54705.65,286649
1790744580000,54707.3,54713.55,54696.5,54703.65,360437
1790744610000,54703.7,54704.1,54654.3,54659.7,322545
1790744640000,54656.85,54669,54655.45,54665.6,154596
1790744670000,54665.7,54668,54625.2,54655.45,470187
1790744700000,54655.1,54655.1,54619.6,54626.65,254325
1790744730000,54627,54641.45,54615.1,54617.3,227396
1790744760000,54616.65,54652.75,54613.45,54646.55,601554
1790744790000,54644.65,54652.5,54642.85,54645.1,323734
1790744820000,54644.7,54655.65,54635.5,54653,350209
1790744850000,54651.5,54676.85,54651.5,54676.85,231685
1790744880000,54676,54697.7,54672.85,54693.05,297928
1790744910000,54693.2,54706.5,54685.5,54699.15,261669
1790744940000,54700.15,54710.2,54697.5,54705.9,181594
1790744970000,54706.2,54725.4,54700.95,54721.8,114046
1790745000000,54723.9,54745.15,54723.45,54739.05,297854
1790745030000,54738.75,54738.75,54719.5,54722.3,292108
1790745060000,54719.05,54729.7,54706.15,54721.35,487798
1790745090000,54720.7,54725.35,54689.5,54689.5,263622
1790745120000,54689.7,54689.7,54677.05,54677.05,216330
1790745150000,54677.65,54690.7,54673.15,54688.15,258588
1790745180000,54686.65,54699.95,54683.85,54691.55,142846
1790745210000,54692.6,54693.9,54659.4,54664.55,252141
1790745240000,54663.4,54664.8,54640.45,54641.6,329233
1790745270000,54640.8,54657.95,54637.9,54645.4,157680
1790745300000,54643.05,54658.6,54639.6,54656.2,141895
1790745330000,54653.45,54663.15,54649.75,54654.45,84868
1790745360000,54654.25,54660.2,54651.2,54656.25,129395
1790745390000,54656.4,54662.2,54655.15,54656.3,126497
1790745420000,54658.75,54672.65,54653.8,54672.15,342077
1790745450000,54669.7,54693.45,54669.7,54692.1,316704
1790745480000,54692.15,54714.65,54691.25,54712.45,428027
1790745510000,54714.65,54719.5,54699.6,54700.25,194476
1790745540000,54701.55,54705.35,54679,54679,241895
1790745570000,54677.75,54710.25,54676.75,54705.6,180732
1790745600000,54705.25,54717.6,54705.25,54707.3,100880
1790745630000,54709.4,54716.05,54703.65,54709.1,96757
1790745660000,54709.9,54716.4,54705.9,54713.55,154976
1790745690000,54714.15,54734.75,54711.9,54725.6,409429
1790745720000,54728.1,54731.95,54706.75,54709.95,267088
1790745750000,54709.4,54712.7,54697.65,54704.4,126031
1790745780000,54703,54707.75,54701.6,54704.7,82646
1790745810000,54703,54708.9,54696.7,54707.8,152409
1790745840000,54707.2,54718.6,54707.2,54712.6,147986
1790745870000,54712.55,54721,54710.2,54717,299513
1790745900000,54715.7,54720.8,54703,54706.4,235931
1790745930000,54707.7,54711.55,54704.45,54706.4,109691
1790745960000,54707.2,54709.15,54687.8,54692.25,295625
1790745990000,54692.2,54704,54678.8,54680.75,156179
1790746020000,54679.6,54682.15,54670.85,54671.1,134539
1790746050000,54670.1,54684.4,54667.65,54669.55,125611
1790746080000,54669.8,54682.35,54663.75,54679.85,79552
1790746110000,54679.75,54683.4,54669.85,54673.95,129648
1790746140000,54673.3,54680.9,54662.65,54666.05,124846
1790746170000,54665.5,54672.3,54658.95,54668.15,135182
1790746200000,54666,54677.55,54656.15,54676.85,446656
1790746230000,54672.55,54691.1,54667.35,54687.65,465581
1790746260000,54686.05,54712.7,54686.05,54711.65,322558
1790746290000,54709,54739,54709,54738.8,197439
1790746320000,54734.45,54765.25,54734.45,54761.6,353735
1790746350000,54759.1,54767.2,54755.3,54756.1,232754
1790746380000,54752.65,54769.75,54743.7,54766.7,275711
1790746410000,54760.7,54769.9,54757.4,54763.05,151688
1790746440000,54757.45,54765.5,54747.1,54753.25,483380
1790746470000,54752.25,54756.1,54742.3,54746.2,211658
1790746500000,54744.85,54745.75,54729.95,54731.1,493173
1790746530000,54728.45,54733.3,54723.65,54728.35,379204
1790746560000,54727.45,54739.05,54726.2,54728.75,281423
1790746590000,54731.8,54737.95,54725.85,54732,169629
1790746620000,54727.65,54742,54725.15,54728.5,243672
1790746650000,54728,54733.45,54715,54717.5,338776
1790746680000,54719.15,54745.65,54719.15,54740.9,281941
1790746710000,54737.5,54743.95,54722.25,54730.45,245077
1790746740000,54727.5,54742.3,54726.35,54732.45,180399
1790746770000,54732.05,54734.75,54707.5,54715.95,375378
1790746800000,54717,54723,54706.3,54716.85,406985
1790746830000,54716.35,54722,54713.55,54721.5,243916
1790746860000,54717.1,54731.3,54714.4,54720.15,255059
1790746890000,54718.4,54727.9,54710.85,54717.35,236228
1790746920000,54719.7,54725.4,54706.65,54714.95,215260
1790746950000,54712.55,54722.1,54708.45,54711.4,174623
1790746980000,54710.25,54716.2,54708.95,54714.7,139969
1790747010000,54711.5,54719.75,54702.7,54715.6,239562
1790747040000,54714.3,54730.2,54714.3,54725.45,451062
1790747070000,54723,54730.85,54709.45,54715.2,227556
1790747100000,54712.65,54717.25,54696,54698.9,396240
1790747130000,54699.45,54702.45,54689.1,54700.15,514667
1790747160000,54697.05,54712.1,54696.65,54707.9,265298
1790747190000,54705.15,54713.3,54702.4,54706.4,152430
1790747220000,54704.2,54706.8,54682.35,54690.1,369406
1790747250000,54689.9,54696.7,54682.75,54684.05,328279
1790747280000,54683.85,54696,54677.3,54691.35,286831
1790747310000,54691,54695.4,54685.6,54693.25,182756
1790747340000,54689.5,54713.45,54686.8,54709.15,1147508
1790747370000,54709.35,54714.7,54699.5,54706.45,210870
1790747400000,54707.7,54714.15,54698.25,54709.65,234816
1790747430000,54709.05,54719.35,54706.45,54717.8,171497
1790747460000,54719.1,54722.2,54712.2,54721.65,167838
1790747490000,54719.05,54725.65,54700.4,54703.2,815392
1790747520000,54699.7,54726,54699.7,54722.35,208477
1790747550000,54720.6,54722.25,54703.05,54705.9,166619
1790747580000,54702.55,54712.7,54695.65,54708.6,198969
1790747610000,54707.35,54717.35,54699.95,54713.75,370450
1790747640000,54713.55,54720.25,54706.2,54714.15,196760
1790747670000,54711.75,54726.25,54708,54723.75,237745
1790747700000,54720.35,54726.05,54719.05,54723.05,207538
1790747730000,54718,54735.75,54716.9,54731.65,192438
1790747760000,54732.25,54736.35,54718,54719.65,222604
1790747790000,54719.3,54731.3,54717.25,54727.15,185101
1790747820000,54724.95,54738.3,54724.95,54733.85,370289
1790747850000,54738.15,54744.3,54726.8,54727.75,190424
1790747880000,54727.25,54749,54724.1,54748.45,274332
1790747910000,54745.85,54784.45,54745.85,54781.5,764838
1790747940000,54779.1,54792.65,54779.05,54785.15,248727
1790747970000,54784.65,54787.9,54767.85,54775.5,204026
1790748000000,54773.65,54808.15,54773.65,54805.6,624683
1790748030000,54802.15,54832.55,54798.9,54828.1,404319
1790748060000,54828.7,54841.75,54822.9,54833.55,445564
1790748090000,54831.7,54835.1,54798.45,54812.9,230531
1790748120000,54810.35,54820.25,54809.25,54817.85,210330
1790748150000,54815.85,54823.15,54808.45,54812.95,170205
1790748180000,54812.15,54822.9,54809.1,54817.55,221762
1790748210000,54817.15,54819.3,54788.6,54800.15,301270
1790748240000,54798,54808.35,54792.2,54808.35,158311
1790748270000,54806.4,54819,54804.65,54813.75,110922
1790748300000,54812.6,54843.3,54812.5,54835.6,321453
1790748330000,54833.85,54836.6,54825.35,54825.35,125306
1790748360000,54824.5,54830.7,54816.05,54823.4,357946
1790748390000,54822.85,54835.1,54822.85,54827,161528
1790748420000,54825.65,54832.6,54821.85,54822.6,82825
1790748450000,54824.4,54841.2,54824.4,54839.1,178304
1790748480000,54839.3,54852.8,54837.15,54850.25,160137
1790748510000,54849.4,54854.8,54831.55,54831.6,139504
1790748540000,54830.5,54836.25,54822.05,54826.6,129355
1790748570000,54824.9,54824.95,54789.2,54798.05,304135
1790748600000,54797.5,54802.05,54791.65,54798.95,134241
1790748630000,54796.95,54806.05,54781.4,54790.2,288953
1790748660000,54787.6,54800.35,54784.35,54795.45,110912
1790748690000,54795.85,54798,54786.75,54790.55,218069
1790748720000,54791.55,54818.7,54788.55,54812.2,265340
1790748750000,54811.7,54817.65,54800.5,54806.45,140743
1790748780000,54804.8,54820.05,54803.65,54817.55,184752
1790748810000,54819,54821.8,54813.75,54817.75,86690
1790748840000,54817,54820.25,54814.05,54820.1,115048
1790748870000,54820,54820.75,54809.7,54811.3,150307
1790748900000,54812.05,54814.55,54795.8,54800.9,193027
1790748930000,54801.35,54808.05,54795.85,54799.85,88883
1790748960000,54795.3,54805.35,54795.1,54801.95,175011
1790748990000,54801.8,54811.1,54798.9,54811.1,162299
1790749020000,54810.85,54824.95,54806,54822.95,203969
1790749050000,54823.55,54835.4,54819.4,54835.4,309918
1790749080000,54831.95,54841.7,54828.05,54828.7,240637
1790749110000,54829.15,54844.35,54827.15,54829.5,151738
1790749140000,54829.65,54830.35,54818.9,54820.2,303590
1790749170000,54821.2,54830.4,54820.6,54823,107907
1790749200000,54823.55,54828.95,54815.8,54826.85,235027
1790749230000,54825,54828.05,54821.15,54821.45,57588
1790749260000,54820.3,54822.15,54808.5,54812.15,179921
1790749290000,54810.55,54823.85,54808.75,54818.85,181769
1790749320000,54819.05,54827.5,54817.6,54822.8,107976
1790749350000,54822.45,54826.95,54817.4,54822.95,73331
1790749380000,54822.4,54830.1,54820.9,54828.45,170628
1790749410000,54826.7,54839.8,54822.2,54834.75,253102
1790749440000,54832.95,54839.8,54822,54833.45,335336
1790749470000,54834.2,54838.75,54832.35,54834.8,75298
1790749500000,54833.45,54839.5,54830.9,54838.45,306284
1790749530000,54838.45,54842.65,54833.6,54840.85,126982
1790749560000,54842.5,54855.35,54840.55,54855.15,180156
1790749590000,54852.95,54855.4,54833.45,54845.05,159314
1790749620000,54843.55,54856.9,54840.4,54851.6,132644
1790749650000,54851.6,54854.95,54847.25,54848.45,104212
1790749680000,54847.1,54850.05,54839.1,54848.95,105029
1790749710000,54848.95,54858,54841.4,54841.4,331994
1790749740000,54840.75,54848.75,54837.5,54846.65,97599
1790749770000,54845.65,54854.6,54838.9,54840.4,139611
1790749800000,54840.5,54866.4,54840.15,54864.8,571071
1790749830000,54864.8,54875.6,54861.5,54862.85,843426
1790749860000,54861.55,54881.45,54861.55,54871.05,227010
1790749890000,54871.05,54876.55,54862.5,54868.9,110331
1790749920000,54868.6,54877.75,54866.6,54875.9,116507
1790749950000,54875.9,54882.75,54870,54878,150213
1790749980000,54880.9,54894.15,54874.95,54891.35,522704
1790750010000,54891.35,54909.1,54887.15,54904.5,409129
1790750040000,54903.95,54911.15,54896.75,54896.75,257852
1790750070000,54896.2,54910.35,54896.2,54899.55,183308
1790750100000,54900.1,54910.25,54898.3,54900.7,141304
1790750130000,54900.7,54902.05,54878.65,54885.3,233175
1790750160000,54882,54887.35,54878.25,54880.1,65435
1790750190000,54880.1,54891.1,54875.9,54885.7,263643
1790750220000,54887.25,54888.15,54877.55,54880.05,52001
1790750250000,54880.05,54885.25,54876.5,54885.25,64214
1790750280000,54887.6,54902.2,54886.2,54900.95,135321
1790750310000,54900.95,54906.65,54887.9,54899.35,333471
1790750340000,54898.8,54904.25,54894.25,54903.9,129833
1790750370000,54901.9,54903.45,54888.65,54891.95,126369
1790750400000,54890.85,54912.8,54890.8,54908.25,221361
1790750430000,54908.95,54915.65,54905.9,54908.3,69656
1790750460000,54907.6,54909.1,54886.25,54893.5,79107
1790750490000,54892.8,54894.25,54861.65,54865.65,137370
1790750520000,54865.1,54867.75,54843.45,54863.4,260886
1790750550000,54861.7,54893.8,54858.9,54892.65,243251
1790750580000,54890.95,54894.55,54880.55,54883.55,145537
1790750610000,54880.65,54891,54878.9,54883.75,102962
1790750640000,54880.6,54886.65,54879.2,54879.75,71281
1790750670000,54880.45,54882.15,54872.35,54878.4,122972
1790750700000,54877.1,54879.15,54855.9,54855.9,500932
1790750730000,54857.3,54862.7,54848.7,54853.75,84132
1790750760000,54850.95,54857,54845.1,54847.55,232667
1790750790000,54847.2,54868.25,54834.85,54868.25,282442
1790750820000,54868.7,54874.7,54866,54873,105598
1790750850000,54873.55,54877.55,54869.05,54870.55,82685
1790750880000,54868.05,54873.2,54855.7,54856,80214
1790750910000,54857.45,54865.05,54854.7,54856.7,108984
1790750940000,54853.45,54864.7,54852.2,54855.25,317928
1790750970000,54853.55,54881.4,54850.4,54876.5,396637
1790751000000,54877.8,54881.55,54870.85,54874.2,362688
1790751030000,54872.4,54882.15,54867.4,54881.25,209752
1790751060000,54877.5,54909.75,54876.5,54907.15,344791
1790751090000,54906.55,54923.8,54902.2,54906.8,169684
1790751120000,54909.1,54923.35,54902.35,54922.6,146906
1790751150000,54919.8,54972.6,54919.8,54971,388641
1790751180000,54971.65,54994.2,54970.55,54989.25,287105
1790751210000,54988.25,55018.3,54986.35,55015,277762
1790751240000,55017.95,55029.15,55000.85,55003.7,253655
1790751270000,55003.15,55005.35,54988.4,54988.4,117742
1790751300000,54986.35,54997.55,54985.7,54987.35,172583
1790751330000,54988.2,54998.45,54984.25,54990.55,125308
1790751360000,54991.45,54997.2,54986.6,54992.25,152588
1790751390000,54990,55001.5,54984,54995.35,127369
1790751420000,54994.75,54998.7,54977.95,54986.4,146580
1790751450000,54980.9,54992.45,54969.75,54990.05,127648
1790751480000,54992.3,55005.6,54987.15,55001.5,210975
1790751510000,55000,55006,54998.05,55000.85,267502
1790751540000,55000.35,55003.5,54969.95,54981.35,324110
1790751570000,54977.5,54981.8,54963.45,54964,202168
1790751600000,54965.05,54972.85,54962.8,54970.25,85121
1790751630000,54973.9,54982,54968.85,54977,307866
1790751660000,54978.55,54991.95,54975.95,54989.2,126780
1790751690000,54991.05,55014.1,54988.2,55014.1,138204
1790751720000,55011.9,55018.6,55010.3,55014.5,189433
1790751750000,55015.25,55019,55009.45,55012.95,202842
1790751780000,55011.3,55024,55008.05,55022.3,136686
1790751810000,55021.3,55029.75,55013.8,55025.85,257867
1790751840000,55024.15,55038.5,55014.3,55023.55,226916
1790751870000,55023.65,55035.85,55019,55035.85,105631
1790751900000,55033.4,55039.6,55031.5,55034.5,168447
1790751930000,55033.95,55035.5,55014.85,55025.5,107807
1790751960000,55028.8,55059.85,55025.2,55049.45,505626
1790751990000,55048.4,55051.2,55023.3,55034.85,776861
1790752020000,55032.65,55052.5,55028.3,55046,379619
1790752050000,55045.95,55049.8,55036.8,55044.3,386884
1790752080000,55044.05,55058.1,55041.05,55051.05,125429
1790752110000,55052,55063.15,55047.2,55050.05,273260
1790752140000,55048.75,55057.4,55025,55025,134627
1790752170000,55023.65,55039.85,55018.7,55019.7,140912
1790752200000,55021.4,55033.5,55019.05,55027.45,204832
1790752230000,55027.5,55035.6,55020.9,55035.6,290314
1790752260000,55033.35,55039,55029.75,55036.7,151889
1790752290000,55034.95,55034.95,55007,55027.75,123932
1790752320000,55023.25,55030.8,55018,55022.6,121392
1790752350000,55021.05,55023.7,55015.15,55018.85,202346
1790752380000,55019.8,55026.4,55004.55,55007.6,191980
1790752410000,55007.2,55009.3,54999.25,55002.35,128465
1790752440000,55001.25,55029.6,54997.65,55028.4,259901
1790752470000,55025.7,55026.7,55011.3,55022.8,83208
1790752500000,55021.75,55050.65,55021.75,55047.75,174453
1790752530000,55046.45,55049.65,55038.2,55043.05,106029
1790752560000,55041.85,55081.25,55041.25,55076.35,253521
1790752590000,55077,55113.8,55075.25,55108.15,209072
1790752620000,55108.25,55118.05,55105.45,55110.8,210785
1790752650000,55111.35,55126,55104.8,55110.85,156768
1790752680000,55113.1,55121.35,55101.35,55119.1,255287
1790752710000,55120.05,55129.05,55115.7,55127,163363
1790752740000,55127.4,55130.45,55105,55108.6,329891
1790752770000,55109.5,55116,55082.6,55083.3,162498
1790752800000,55082.9,55097.05,55077.15,55091.1,188821
1790752830000,55090.4,55093.25,55065.1,55084.65,318745
1790752860000,55084.15,55088.6,55069.55,55076.35,150421
1790752890000,55077.8,55090.15,55075.3,55087.4,148875
1790752920000,55083.95,55089.85,55080.55,55083.15,80614
1790752950000,55081,55085.15,55065.1,55084.45,325581
1790752980000,55083.65,55091.55,55076.4,55080.4,137942
1790753010000,55082.75,55090.25,55076.85,55087.8,167481
1790753040000,55091.05,55101.9,55079.2,55081.6,299003
1790753070000,55081.8,55086.35,55077.3,55083.7,175312
1790753100000,55085.3,55093,55071.25,55072.6,514881
1790753130000,55071.05,55094.05,55071.05,55080.05,455568
1790753160000,55080.8,55098.95,55069.3,55084.35,309227
1790753190000,55085.45,55093.9,55072.7,55090.6,706451
1790753220000,55088.45,55091.55,55075.2,55086.05,172994
1790753250000,55083.45,55092.7,55078.4,55079.45,341646
1790753280000,55077.6,55082.85,55058.55,55060.7,196057
1790753310000,55060.1,55067.25,55050.5,55061.35,197791
1790753340000,55061.95,55084.55,55061.15,55079.05,189747
1790753370000,55078.7,55091.65,55078.7,55084.45,154004
1790753400000,55083.65,55084.6,55073.75,55077.4,168476
1790753430000,55073.35,55090,55073.35,55087.8,148449
1790753460000,55088,55096.45,55079.95,55085.6,374542
1790753490000,55082.65,55088.95,55073,55087.3,250501
1790753520000,55085.25,55087.6,55078.3,55081.6,180908
1790753550000,55078.5,55085.8,55073.95,55085.5,190335
1790753580000,55082.2,55089.35,55071.45,55079.05,249190
1790753610000,55077.65,55086.75,55058.3,55064.2,344253
1790753640000,55060,55075.5,55055.35,55067.55,350095
1790753670000,55066.7,55074.3,55061.15,55071.15,223109
1790753700000,55069.9,55085.4,55063.8,55084.45,187179
1790753730000,55082.35,55089.05,55078.15,55080.7,353906
1790753760000,55078.4,55094.5,55076.8,55094.3,167242
1790753790000,55091.65,55098.25,55077,55080.6,279343
1790753820000,55076.45,55085.9,55076.45,55081.25,152286
1790753850000,55080.8,55097.6,55080.8,55092.85,228609
1790753880000,55093.25,55104.25,55087.2,55098.8,408881
1790753910000,55098.05,55108.5,55096.1,55104.3,271047
1790753940000,55103.65,55108.85,55093.4,55095.75,179493
1790753970000,55098.05,55112.2,55096.05,55101.6,274484
1790754000000,55099.1,55107.05,55092.1,55092.75,287505
1790754030000,55092.1,55100.4,55090.75,55099.1,141520
1790754060000,55099.7,55100.85,55082.55,55084.1,210483
1790754090000,55084.85,55092.45,55079.55,55089.45,191710
1790754120000,55086.8,55090.25,55063.3,55066.5,319194
1790754150000,55065.75,55079.25,55064.65,55070.3,303832
1790754180000,55070.2,55079.95,55065.35,55077.8,166595
1790754210000,55075.2,55078.15,55063.6,55068.25,213118
1790754240000,55065.55,55068.8,55058.85,55060.55,204311
1790754270000,55060.65,55062.95,55049.45,55057.7,307775
1790754300000,55055.8,55078.2,55055.8,55074.75,143745
1790754330000,55073.6,55076.95,55064.8,55070,161607
1790754360000,55068.7,55083.7,55065.75,55082.95,233660
1790754390000,55079.1,55082.55,55062.7,55064.4,147129
1790754420000,55066.9,55079.7,55065,55074.9,145520
1790754450000,55073.85,55077.15,55063.25,55077.15,417843
1790754480000,55074.45,55079.9,55065.6,55066.4,228793
1790754510000,55070.65,55075.25,55064.45,55075.25,187179
1790754540000,55072.3,55076.35,55065.45,55070.85,199323
1790754570000,55072.05,55083.05,55069.6,55076.55,221241
1790754600000,55077.05,55081.8,55067.1,55067.85,143329
1790754630000,55067.15,55072.35,55062.8,55067.9,106063
1790754660000,55068.4,55077.7,55065.4,55069.55,173458
1790754690000,55069.8,55082.15,55064.3,55073.55,332011
1790754720000,55073.7,55092.45,55066.05,55091.9,498954
1790754750000,55087.9,55100.9,55084.75,55092,616576
1790754780000,55094.2,55105.4,55086.9,55105.05,293052
1790754810000,55104.05,55107.2,55093.4,55099.95,351437
1790754840000,55096.85,55104.4,55091.55,55093.45,301985
1790754870000,55094,55105.1,55092.85,55102.35,131558
1790754900000,55101.15,55123.15,55101.15,55117.8,195656
1790754930000,55115.95,55121.4,55099.8,55099.8,256581
1790754960000,55096.5,55111.95,55096.5,55103.45,194112
1790754990000,55104.4,55116,55103.8,55114.15,132881
1790755020000,55112.7,55119.2,55109.15,55111.4,143029
1790755050000,55111.6,55119.45,55107.65,55114.4,203215
1790755080000,55112.35,55118.7,55097.05,55101.85,489469
1790755110000,55101.55,55106.5,55092.65,55103.45,185341
1790755140000,55103.05,55111.9,55090.65,55090.65,146067
1790755170000,55095.65,55103.25,55089.9,55096.6,761534
1790755200000,55098.95,55103.8,55088.05,55098.65,348131
1790755230000,55098.15,55110.7,55095.55,55099.95,197994
1790755260000,55097.8,55113.55,55096.45,55110.65,361010
1790755290000,55110.25,55135.5,55110.25,55131.1,189029
1790755320000,55130.55,55133.45,55110.95,55111.45,194323
1790755350000,55113.45,55117.45,55108.25,55111.4,113807
1790755380000,55110.6,55118,55106.8,55114.4,143502
1790755410000,55110.85,55121.9,55110.55,55113.3,665072
1790755440000,55111.7,55121.85,55104.1,55109,401415
1790755470000,55105.8,55109.3,55093.75,55097.65,176850
1790755500000,55098.5,55100.9,55076.8,55082.05,240929
1790755530000,55080.3,55094.85,55080.3,55091.4,195854
1790755560000,55091.4,55093.7,55069.1,55071.3,228348
1790755590000,55068.6,55071.85,55058.8,55067.25,332752
1790755620000,55067.25,55075.1,55034.45,55035.65,468613
1790755650000,55031.8,55049.35,55031.8,55048.7,116843
1790755680000,55048.7,55049.9,55038.35,55041.05,262851
1790755710000,55040.55,55049.45,55038.7,55045.5,164692
1790755740000,55045.5,55050.3,55038.9,55039.6,122354
1790755770000,55040.15,55041,55021.35,55026.4,451005
1790755800000,55027.05,55029.3,55002.95,55005.6,227210
1790755830000,55008.2,55015.75,55005.6,55007.45,197811
1790755860000,55007.45,55013.8,54987.25,55002.3,257540
1790755890000,55002.6,55002.6,54975.9,54987.6,464520
1790755920000,54987.6,54999.6,54985.25,54989.8,232650
1790755950000,54991.5,55009.2,54991.5,55004.4,332770
1790755980000,55004.4,55013.75,55002.2,55010.15,359960
1790756010000,55008.85,55014.5,54988.55,54990.3,228391
1790756040000,54990.3,54993.6,54953.65,54980.15,341008
1790756070000,54980.45,54985.1,54969.4,54970.8,245377
1790756100000,54971.7,54972.75,54959.6,54959.6,209456
1790756130000,54961.75,54970.7,54950.85,54969.45,465239
1790756160000,54971.2,54984.5,54969.1,54975.45,481175
1790756190000,54975.95,54985.6,54973.25,54979.55,284277
1790756220000,54979.55,54995.35,54974.9,54992.05,281831
1790756250000,54993.45,54998,54982.8,54988.6,230189
1790756280000,54989.65,55002.05,54989.25,54993.25,336173
1790756310000,54993.1,54998.55,54986.6,54988.5,151049
1790756340000,54988.5,55009.4,54988.5,54999.25,129415
1790756370000,55000.45,55003.15,54992.75,54997.25,153486
1790756400000,54996.15,54999.3,54981.4,54988.25,338420
1790756430000,54989.2,54993.9,54984.1,54991.95,204033
1790756460000,54993.05,55008.95,54992.65,55001.35,155705
1790756490000,55000.5,55008.95,54999.3,55005.45,193127
1790756520000,55003.7,55017.2,55003.15,55005.3,176280
1790756550000,55009.15,55015.6,54979.75,54983,253891
1790756580000,54987.55,55004.05,54984.45,54999.65,165603
1790756610000,54998.35,55003.65,54985.2,54985.2,168766
1790756640000,54989.2,54998.3,54987.1,54990.2,160308
1790756670000,54992.35,55011.3,54992.35,55001.95,204689
1790756700000,55000.6,55017.05,54999.55,55010.7,175229
1790756730000,55011.2,55040.4,55011.2,55034.75,285436
1790756760000,55034.15,55042.05,55024.05,55027.2,279627
1790756790000,55027.1,55040.2,55027.05,55028.15,508334
1790756820000,55027.9,55050.75,55027.9,55043.05,264725
1790756850000,55044.15,55050.55,55036.2,55046.7,244806
1790756880000,55045.65,55051.55,55031.6,55046.25,436448
1790756910000,55048.95,55057.05,55030.35,55038.65,362750
1790756940000,55038.2,55044.9,55032.65,55038.2,292650
1790756970000,55037.15,55040.55,55019.25,55025.7,188932
1790757000000,55024.35,55040.5,55008.25,55010.4,272893
1790757030000,55008.8,55024.65,55005.45,55008.1,502909
1790757060000,55007.85,55015.9,54998.9,55005.75,399365
1790757090000,55004.2,55017.25,55000.75,55012.3,192675
1790757120000,55013.8,55028.95,55011.25,55024.1,148959
1790757150000,55023.8,55028.1,55000.3,55005.85,220095
1790757180000,55007.15,55019,55002.95,55007.15,281081
1790757210000,55006.6,55016.9,55004.2,55016.9,197314
1790757240000,55011.4,55028,55011.4,55028,187729
1790757270000,55022.5,55031.1,55014.95,55021.5,280635
1790757300000,55020.25,55032.95,55018.15,55022.4,202941
1790757330000,55025,55031.05,55012.9,55013.85,224090
1790757360000,55014.4,55021.4,55008.95,55016.05,165769
1790757390000,55015.8,55033.25,55011.6,55024.7,226748
1790757420000,55027,55028.3,55012.45,55014.3,222633
1790757450000,55015.7,55024.75,55010.35,55017,394756
1790757480000,55018.15,55021.3,55007.25,55009.55,195684
1790757510000,55010.2,55024.05,55009.45,55018.85,213447
1790757540000,55014.1,55016.35,55005.75,55009,234860
1790757570000,55008.65,55015.25,55001.15,55003,249190
1790757600000,55004.2,55006.8,54992.4,54999.05,223132
1790757630000,55000,55004.35,54981.75,54981.75,190017
1790757660000,54981.55,54990.85,54975.7,54985.05,250413
1790757690000,54985.8,54992.65,54957.6,54977.45,384797
1790757720000,54976.15,54982.2,54963.15,54963.75,174747
1790757750000,54967.05,54971.6,54954.25,54957.8,334023
1790757780000,54956.8,54964.05,54945.05,54945.55,320388
1790757810000,54947.95,54955.75,54942.75,54943,197488
1790757840000,54942.55,54944.15,54929.5,54933.95,269753
1790757870000,54934.8,54941.1,54925.6,54930.05,337045
1790757900000,54931.75,54939.15,54917.5,54920.35,242794
1790757930000,54920.65,54932.2,54916.55,54919.4,225387
1790757960000,54921.7,54936.8,54919.9,54928.65,299810
1790757990000,54927.5,54936.15,54922.65,54928.05,396965
1790758020000,54930.8,54939.45,54925.55,54931.85,184845
1790758050000,54933.2,54939.85,54926.35,54927.75,227719
1790758080000,54928.9,54935.05,54924.55,54930.4,383467
1790758110000,54929.65,54943.6,54928.75,54928.75,232093
1790758140000,54940.2,54940.2,54926.8,54937.15,413071
1790758170000,54936.45,54944.05,54929.7,54937.85,175319
1790758200000,54932.55,54939.6,54921.3,54930.8,262767
1790758230000,54930.9,54941.1,54923.05,54934.65,306078
1790758260000,54931.2,54941.1,54913.75,54916.8,556772
1790758290000,54915.75,54924.5,54904,54904.15,250523
1790758320000,54909.7,54919.05,54904.8,54907,470401
1790758350000,54901.95,54911.65,54894.8,54897.85,1018259
1790758380000,54895.85,54908.8,54865.4,54866.95,541816
1790758410000,54865.25,54873.45,54839.2,54846.2,522254
1790758440000,54848.7,54876.05,54848.7,54860.3,659264
1790758470000,54866.65,54870,54843.3,54845.05,684775
1790758500000,54845.35,54860.35,54839.1,54847.8,552613
1790758530000,54848.25,54857.6,54839.55,54839.8,335836
1790758560000,54837.65,54844.75,54810.2,54825.95,576088
1790758590000,54824.95,54829.65,54813.1,54824.75,314282
1790758620000,54819.2,54825.6,54807.75,54817.4,708112
1790758650000,54807.1,54820.15,54802.3,54810,454952
1790758680000,54804.8,54812.3,54776,54791.45,453440
1790758710000,54783.55,54791.9,54759.8,54772.15,369887
1790758740000,54770.1,54774.2,54748.3,54761.45,407402
1790758770000,54758.3,54775.35,54758.3,54772,458492
1790758800000,54771.1,54779.75,54752.1,54759.15,332797
1790758830000,54755.05,54761.9,54727.4,54739.15,510404
1790758860000,54733.7,54747,54733.4,54736.55,236473
1790758890000,54735,54780.3,54725.5,54779.45,962467
1790758920000,54776.35,54780.15,54757.45,54762.75,218011
1790758950000,54766.1,54766.85,54756.1,54766.85,218630
1790758980000,54766.55,54776.05,54751.4,54756.55,399659
1790759010000,54755,54770.3,54752.85,54763.5,472682
1790759040000,54761.95,54769.75,54756.45,54764.45,198831
1790759070000,54762.15,54767,54755,54765.05,207387
1790759100000,54763.95,54763.95,54748.1,54754.15,292966
1790759130000,54755.2,54756.6,54743.7,54754.95,213678
1790759160000,54756.8,54759.6,54728.65,54741.75,388165
1790759190000,54737.05,54744.2,54725.45,54734.45,465017
1790759220000,54733.55,54735.05,54705.1,54706.6,259011
1790759250000,54704.4,54711.05,54698.5,54703.7,307924
1790759280000,54700.75,54716.85,54692.75,54711.95,640649
1790759310000,54710.35,54738.25,54706,54714.25,630075
1790759340000,54707.15,54709.4,54674.4,54680.45,276556
1790759370000,54680.9,54687,54667.35,54677.05,384669
1790759400000,54675.4,54692.75,54675.4,54689.6,514680
1790759430000,54691.4,54701.7,54688.25,54691.65,348120
1790759460000,54694.55,54701,54689.1,54691.3,429624
1790759490000,54695.5,54698.15,54687.1,54694.85,660526
1790759520000,54699.55,54702.55,54684.9,54689.05,345485
1790759550000,54691.3,54696.1,54657.35,54660.3,416857
1790759580000,54661.05,54664.25,54643.75,54649.45,409639
1790759610000,54653.9,54665.65,54644.55,54659.15,1358072
1790759640000,54660.45,54676.8,54658.7,54672.8,938260
1790759670000,54673.85,54681.1,54662,54664.65,873447
1790759700000,54666.3,54697.45,54666.3,54693.65,525352
1790759730000,54698.45,54719.75,54691.25,54716,482129
1790759760000,54717.4,54726.55,54692.65,54709.05,622942
1790759790000,54707.4,54720.85,54699.15,54714.35,826037
1790759820000,54716.15,54721.85,54708.05,54712.25,697861
1790759850000,54714.3,54740.5,54710.25,54731.55,518087
1790759880000,54731.75,54751.5,54726.4,54748.4,631590
1790759910000,54747.8,54760.95,54740.4,54747.55,748461
1790759940000,54749.5,54772.1,54745.7,54766.2,513630
1790759970000,54766.35,54781.6,54764.95,54777.35,633203
1790760000000,54779.35,54783.85,54743.95,54755.15,682039
1790760030000,54762.25,54779.55,54729.05,54745.4,689245
1790760060000,54746.5,54755.9,54728.25,54731.05,462382
1790760090000,54733.8,54755.45,54725.9,54748.6,565501
1790760120000,54753.25,54770.4,54746.65,54747.15,673201
1790760150000,54747.25,54750.6,54734.55,54744.65,576222
1790760180000,54746.9,54764.25,54746.5,54759.9,728617
1790760210000,54762.6,54763.1,54725.6,54734.2,494901
1790760240000,54736.2,54752.9,54733.4,54748.95,762751
1790760270000,54750.1,54759.5,54745.4,54754.75,498892
1790760300000,54754.65,54760.15,54747.1,54754.7,812535
1790760330000,54753.3,54759.3,54744.6,54750.3,740719
1790760360000,54749.3,54752.35,54736.95,54744.6,586440
1790760390000,54743.9,54745.55,54727.2,54727.2,649593
1790760420000,54727.65,54740.6,54720.85,54735.05,925780
1790760450000,54734.9,54754.65,54734.9,54752.1,675345
1790760480000,54752.35,54755.25,54744.85,54751.1,851964
1790760510000,54749.5,54755.45,54740.1,54743.65,893299
1790760540000,54743.15,54750.7,54739,54750.25,867943
1790760570000,54750.65,54752,54732.7,54735,707084
1790760600000,54734.4,54780.6,54722.6,54780.05,1194864
1790760630000,54779.55,54790.55,54773.45,54788.5,766121
1790760660000,54789.5,54807.3,54784.4,54806.6,1048774
1790760690000,54807.15,54821.65,54804.8,54812,987704
1790760720000,54814.45,54826.15,54810.15,54826,651432
1790760750000,54829.2,54829.2,54815.2,54815.2,918256
1790760780000,54821.5,54821.5,54798,54798.95,954614
1790760810000,54799.7,54800.15,54773.5,54779.95,993592
1790760840000,54783.7,54791.6,54771.15,54791.6,944264
1790760870000,54790.05,54799.1,54776.2,54779.6,749567
1790760900000,54779.9,54783.4,54745.55,54747.85,1146058
1790760930000,54749.5,54750.1,54738,54747.15,898181
1790760960000,54746.55,54760.95,54746.55,54758.65,862378
1790760990000,54758.4,54784.25,54755.45,54778.05,790293
1790761020000,54777.75,54781.6,54764.95,54766.9,999709
1790761050000,54767.6,54772.05,54746.6,54747.75,860611
1790761080000,54749.8,54754.55,54740.3,54743.2,1061630
1790761110000,54742.15,54743.9,54734,54737.75,584500
1790761140000,54741,54745.65,54729.6,54741.7,980802
1790761170000,54740.3,54748.8,54731.2,54733.4,924065
1790761200000,54732.8,54747.95,54725.35,54726.4,1536165
1790761230000,54726.6,54726.75,54716.55,54716.55,1144025
1790761260000,54719.35,54730.35,54710.15,54720.5,1086889
1790761290000,54720.55,54741,54720.55,54729.2,947399
1790761320000,54734.05,54735.75,54713.6,54718.8,1851459
1790761350000,54719.45,54725.35,54689.05,54698.8,1699625
1790761380000,54698.6,54707.4,54675.6,54693.85,1115105
1790761410000,54688.6,54696.85,54658.55,54676.95,1200918
1790761440000,54673.85,54694.4,54637.05,54656.2,1281948
1790761470000,54667.35,54706.75,54629.55,54706.75,762034
1790761500000,54706.75,54706.75,54706.75,54706.75,30561
1790761530000,54706.75,54706.75,54706.75,54706.75,0
1790761560000,54706.75,54706.75,54706.75,54706.75,0
1790761590000,54706.75,54706.75,54706.75,54706.75,0
1790761620000,54706.75,54706.75,54706.75,54706.75,0
1790761650000,54706.75,54706.75,54706.75,54706.75,0
1790761680000,54706.75,54706.75,54706.75,54706.75,0
1790761710000,54706.75,54706.75,54706.75,54706.75,0
1790761740000,54706.75,54706.75,54706.75,54706.75,0
1790761770000,54706.75,54706.75,54706.75,54706.75,0
1790761800000,54706.75,54706.75,54706.75,54706.75,0
1790761830000,54706.75,54706.75,54706.75,54706.75,0
1790761860000,54706.75,54706.75,54706.75,54706.75,0
1790761890000,54706.75,54706.75,54706.75,54706.75,0
1790761920000,54706.75,54706.75,54706.75,54706.75,0
1790761950000,54706.75,54706.75,54706.75,54706.75,0
1790761980000,54706.75,54706.75,54706.75,54706.75,0
1790762010000,54706.75,54706.75,54706.75,54706.75,0
1790762040000,54706.75,54706.75,54706.75,54706.75,0
1790762070000,54706.75,54706.75,54706.75,54706.75,0
1790762100000,54706.75,54706.75,54706.75,54706.75,0
1790762130000,54706.75,54706.75,54706.75,54706.75,0
1790762160000,54706.75,54706.75,54706.75,54706.75,0
1790762190000,54706.75,54706.75,54706.75,54706.75,0
1790762220000,54706.75,54706.75,54706.75,54706.75,0
1790762250000,54706.75,54706.75,54706.75,54706.75,0
1790762280000,54706.75,54706.75,54633.05,54633.05,17252307
1790762310000,54633.05,54633.05,54633.05,54633.05,0
1790762340000,54633.05,54633.05,54633.05,54633.05,0
1790762370000,54633.05,54633.05,54633.05,54633.05,0
1790826300000,54583.05,54741.8,54555.1,54714.9,5567638
1790826330000,54731.25,54815.45,54718.45,54787.5,3670255
1790826360000,54791.9,54905.05,54789.85,54893.3,3225465
1790826390000,54897.05,54897.05,54830.15,54841.75,2660949
1790826420000,54840.45,54841.8,54732.5,54759.1,2805080
1790826450000,54767.25,54863.9,54758.35,54857.05,1738949
1790826480000,54854.1,54875.45,54829,54839.85,1139056
1790826510000,54836.85,54838.25,54805.55,54821.95,774963
1790826540000,54828.5,54831.15,54770.8,54774,1609578
1790826570000,54782.7,54808.45,54762.8,54791.05,682890
1790826600000,54791.05,54830.55,54783.4,54800.6,677980
1790826630000,54802.85,54802.85,54759.45,54781.75,553680
1790826660000,54778.95,54797.05,54752.65,54795.25,720392
1790826690000,54792.6,54795.65,54758.95,54766.35,673378
1790826720000,54767.45,54771.3,54734.95,54736.35,415695
1790826750000,54735.15,54780.3,54735.15,54757.9,1216912
1790826780000,54758.8,54758.8,54697.45,54702.5,680622
1790826810000,54701.35,54732.3,54695.1,54713.65,1106857
1790826840000,54713.65,54715.95,54686.1,54699.05,845205
1790826870000,54697.25,54709,54693.75,54709,1075906
1790826900000,54706.45,54730.1,54687.95,54719.95,755848
1790826930000,54719.65,54750.5,54712.9,54748.5,483797
1790826960000,54752.4,54813.25,54748.4,54796.8,2519187
1790826990000,54798.3,54799,54750.7,54761.2,456049
1790827020000,54763.7,54787.15,54758.3,54786.1,845336
1790827050000,54784.95,54799.85,54779.95,54793.25,539152
1790827080000,54793.25,54814.35,54779.85,54814.35,414694
1790827110000,54814.2,54840.95,54812.65,54825.6,810121
1790827140000,54830.1,54830.1,54802.55,54827.3,367530
1790827170000,54821.4,54848.1,54817.1,54838.35,833230
1790827200000,54834.35,54850.75,54831.2,54844.75,875518
1790827230000,54844.35,54901.1,54844.35,54899.65,582612
1790827260000,54902.45,54947.8,54892.15,54926.7,1273846
1790827290000,54923.65,54929.9,54877.75,54880.65,529301
1790827320000,54879.75,54898.75,54874.45,54898.75,460438
1790827350000,54894.85,54919.8,54871,54872.55,502228
1790827380000,54872.8,54895.95,54869.25,54887.65,288077
1790827410000,54886.6,54888.3,54854.95,54857.75,439888
1790827440000,54854.25,54864.6,54833,54843.9,429704
1790827470000,54842.95,54842.95,54782.2,54791.1,442317
1790827500000,54794.5,54815.7,54787.35,54813.3,582972
1790827530000,54813.85,54834.2,54808.8,54823,540972
1790827560000,54822,54852.45,54815.4,54845.45,407310
1790827590000,54846.85,54853.15,54824.35,54831.65,393412
1790827620000,54830.5,54840.25,54822,54840.25,188747
1790827650000,54837,54855.3,54828.3,54854.45,287892
1790827680000,54854.6,54855.6,54841.25,54849.9,296541
1790827710000,54850.6,54860.6,54813.15,54813.15,273230
1790827740000,54814.05,54844.95,54811.1,54836.95,395738
1790827770000,54836.2,54854.65,54833.1,54852.95,206298
1790827800000,54854.3,54865.65,54829.9,54833.1,214480
1790827830000,54831.5,54860.6,54829.05,54846.25,320696
1790827860000,54847.7,54867.3,54839.4,54849.75,491194
1790827890000,54846.55,54847.1,54819.65,54828.05,408529
1790827920000,54828.95,54870.25,54822.05,54861.1,803091
1790827950000,54863.3,54872.6,54860.25,54869.05,460085
1790827980000,54872.45,54874.95,54846.6,54860.75,713665
1790828010000,54860.55,54865.2,54845.7,54848.95,327934
1790828040000,54852.3,54852.7,54837.15,54845.75,208503
1790828070000,54846.15,54883.15,54844.65,54853.35,439541
1790828100000,54852.6,54857.5,54827.7,54831.95,321293
1790828130000,54827.35,54866.2,54821.65,54862,372730
1790828160000,54864.8,54877.6,54859.6,54874.6,422318
1790828190000,54873.25,54884.45,54866.85,54880.7,466565
1790828220000,54882.8,54918.25,54882.8,54912.45,684238
1790828250000,54907.3,54911.9,54893.9,54905.15,496405
1790828280000,54907.6,54915.65,54893.2,54909.45,540032
1790828310000,54908.9,54917.15,54899.5,54908.1,574154
1790828340000,54912.15,54933.4,54904.75,54904.75,710231
1790828370000,54903.15,54914.25,54878.85,54892.9,456916
1790828400000,54895.25,54911.5,54890.7,54895.6,373876
1790828430000,54893.7,54897.25,54875.9,54888.05,236561
1790828460000,54886.5,54907.95,54880.35,54889.05,430836
1790828490000,54887.7,54907.85,54875.55,54899.3,785607
1790828520000,54893.25,54915.1,54892.65,54914.85,412987
1790828550000,54912.35,54950.35,54911.2,54947.6,528661
1790828580000,54945.45,54946.5,54905.2,54913.9,458618
1790828610000,54911.8,54914.6,54896.85,54902.65,258618
1790828640000,54902.5,54908.2,54885.5,54890.3,216474
1790828670000,54888.1,54891.05,54850.2,54850.2,503402
1790828700000,54852.25,54879.4,54840.1,54879.1,558643
1790828730000,54881.35,54889.55,54874.1,54886.2,353314
1790828760000,54882,54884.45,54853.8,54880.1,208034
1790828790000,54879.6,54905.95,54878.15,54902.9,223419
1790828820000,54902.75,54905.1,54861.35,54867.85,293790
1790828850000,54864.6,54880.6,54864.6,54874.05,228158
1790828880000,54873.5,54876.8,54864.9,54874.95,157998
1790828910000,54873.25,54888.85,54870.65,54885.8,201771
1790828940000,54885.7,54920.95,54883.75,54913.55,334245
1790828970000,54912.3,54929.95,54912.3,54925.2,250595
1790829000000,54923.5,54951.3,54911.65,54944.1,359239
1790829030000,54942.4,54964.75,54942.2,54953.3,979641
1790829060000,54949.25,54985.25,54942.55,54981.3,550306
1790829090000,54979.25,54983.45,54952.3,54962.4,426434
1790829120000,54962.75,54979.45,54955,54972.95,503450
1790829150000,54971.6,54980.65,54959.7,54972.5,754061
1790829180000,54974.75,54975.25,54935,54951.1,477226
1790829210000,54952.15,54964.85,54946,54962.6,326046
1790829240000,54961.45,54973.45,54954.2,54966.7,219506
1790829270000,54964.15,54972.45,54951.05,54964.45,311593
1790829300000,54967.5,54971.45,54956.45,54960.2,333275
1790829330000,54956.4,54959.35,54936,54947,298881
1790829360000,54945.2,54957.35,54944.2,54947.65,167450
1790829390000,54949.9,54952.4,54932.65,54946.3,370866
1790829420000,54942.2,54948.25,54929.55,54946.4,216480
1790829450000,54947.75,54962.65,54940.95,54956.2,535958
1790829480000,54956.45,54958.75,54930.15,54941.45,525360
1790829510000,54942.35,54943.5,54894.55,54901.8,346932
1790829540000,54902.6,54920.2,54892.7,54920.2,561301
1790829570000,54917.3,54920.4,54896,54903.95,268714
1790829600000,54905.35,54909.15,54876.6,54900,547409
1790829630000,54895.85,54901.5,54891.35,54896.65,99084
1790829660000,54895.65,54906.55,54892.9,54903.75,378351
1790829690000,54903.2,54920.65,54889.15,54889.15,711147
1790829720000,54896,54896,54870.15,54878.95,165319
1790829750000,54871.9,54882.1,54871.9,54876.6,219447
1790829780000,54876.35,54879.95,54859.9,54870.45,253308
1790829810000,54868.85,54874.25,54859.5,54870.05,207584
1790829840000,54873.35,54878.35,54862.8,54876.35,989308
1790829870000,54876.55,54880.9,54870,54877.45,188787
1790829900000,54877.6,54882.9,54868.95,54880.2,160508
1790829930000,54880.55,54891,54866.8,54874.15,420677
1790829960000,54871,54907.45,54867.85,54903.45,445115
1790829990000,54902.85,54914.15,54896.9,54906.15,268951
1790830020000,54906.2,54908.75,54867.15,54869.2,342501
1790830050000,54867.5,54879.5,54867,54873.3,236595
1790830080000,54871.85,54903.95,54871.85,54898.35,296396
1790830110000,54896.45,54896.45,54882.45,54893.35,201975
1790830140000,54893.75,54912.05,54891.4,54901.6,737227
1790830170000,54896.65,54914.1,54896.65,54902.85,1048771
1790830200000,54900.95,54921.8,54893.95,54919.7,491861
1790830230000,54921.6,54929.05,54909.25,54924.8,813791
1790830260000,54921.75,54943.5,54920.1,54926.25,666666
1790830290000,54922.5,54936,54918.5,54926.4,282753
1790830320000,54925.7,54941.55,54925.7,54940.6,342431
1790830350000,54938.35,54952.85,54924.6,54924.6,923031
1790830380000,54923.4,54939.4,54920.25,54938.6,89146
1790830410000,54937.45,54950.65,54936.7,54950.65,163847
1790830440000,54941.3,54943.4,54922.75,54933.85,192647
1790830470000,54935.05,54943.75,54927.55,54933.65,132968
1790830500000,54931.25,54943.5,54923.85,54940.45,300227
1790830530000,54935.35,54961,54934,54959.65,262237
1790830560000,54958.5,54963.2,54949.1,54957.15,443918
1790830590000,54952.85,54958.95,54938.8,54942.1,215649
1790830620000,54940.05,54947.6,54928.85,54947.6,151538
1790830650000,54948.6,54959.4,54945.4,54945.75,408099
1790830680000,54945.2,54947.2,54931.65,54932.5,183572
1790830710000,54934.95,54951.8,54930.95,54951.8,210098
1790830740000,54951.3,54960.7,54942.25,54950.95,908813
1790830770000,54950.5,54962.9,54945.4,54959.35,196392
1790830800000,54959,54973.45,54952.9,54970.85,996608
1790830830000,54967.6,54993.7,54967.6,54991.35,584809
1790830860000,54993.9,55003.25,54991.2,54998,633099
1790830890000,54997.95,55043.25,54995.45,55042.85,504179
1790830920000,55038.8,55053.25,55034.5,55049.65,355797
1790830950000,55049.35,55060.4,55046.25,55060.4,481478
1790830980000,55057,55070,55048.6,55057.55,181241
1790831010000,55061.6,55062.3,55039.3,55042.25,380247
1790831040000,55041.15,55041.6,55030.75,55041.6,286250
1790831070000,55040.15,55052.5,55034.35,55040.65,397338
1790831100000,55039.05,55066.1,55034.6,55065.4,337691
1790831130000,55064.15,55072.2,55053.9,55067.45,435051
1790831160000,55066.25,55085.8,55059.8,55081.35,226426
1790831190000,55081.2,55091.45,55064.75,55064.75,371879
1790831220000,55064.65,55069.65,55047.1,55058.6,329649
1790831250000,55057.75,55068.6,55050.3,55055.2,207823
1790831280000,55048.45,55057,55031.3,55050.95,537049
1790831310000,55054.55,55055.75,55039.55,55049.2,705477
1790831340000,55052,55052,55024.9,55024.9,328862
1790831370000,55025.8,55045.5,55021.85,55041.85,240296
1790831400000,55041.2,55048.25,55017.7,55023.55,292968
1790831430000,55021.9,55032.75,55019.95,55025.95,218263
1790831460000,55026.75,55029.4,55020.65,55022.1,219632
1790831490000,55024.35,55030.9,55018.1,55021.95,422666
1790831520000,55020.65,55050.15,55019.75,55038.15,978473
1790831550000,55036.35,55039.5,55024.45,55029.3,381765
1790831580000,55029.1,55038.95,55023.75,55024.3,315976
1790831610000,55022.75,55033.85,55015.35,55020.05,1175547
1790831640000,55018.35,55021.6,54994.2,55003.75,356428
1790831670000,54999.6,55004.35,54991.4,54993.4,405663
1790831700000,54995.5,54999.95,54990.9,54993.1,702366
1790831730000,54990.7,55002.9,54963.85,55002.9,568877
1790831760000,55001.65,55010.65,54997.75,55004.65,768736
1790831790000,55000.45,55005.85,54978.6,54983.25,280796
1790831820000,54981.9,54993.2,54972.2,54972.2,353241
1790831850000,54972.25,54981.4,54965.5,54972.5,208402
1790831880000,54971.8,54974.05,54945.7,54947.35,188477
1790831910000,54945.8,54978.5,54944.75,54970.7,261157
1790831940000,54968.7,54973.35,54956.8,54966.6,176917
1790831970000,54966.75,54969.2,54950.85,54953.95,206228
1790832000000,54953.7,55000,54951.95,54977.8,370133
1790832030000,54973.75,54997.05,54967.3,54986.6,176724
1790832060000,54987.35,54990,54978.6,54980.65,164139
1790832090000,54979.45,55012.75,54974.8,54994.15,966007
1790832120000,55002.45,55010.85,54980.5,54986.5,300664
1790832150000,54986.5,54997.95,54983.25,54984.8,209664
1790832180000,54987.1,55001,54952.45,54952.45,188886
1790832210000,54952.45,54978.85,54952.45,54974,124294
1790832240000,54971.4,54976.85,54962.85,54969.9,172979
1790832270000,54969.9,54970.55,54941.75,54948.55,245436
1790832300000,54949.2,54974.35,54945.25,54969.95,300884
1790832330000,54969.95,54972.35,54944.1,54949.1,192591
1790832360000,54950.3,54952.1,54938.75,54950.1,414199
1790832390000,54950.1,54964.8,54941.85,54941.85,673381
1790832420000,54945.75,54951,54931.3,54932.05,260467
1790832450000,54932.05,54940,54920.55,54939.6,222798
1790832480000,54935.25,54944,54918.7,54927.2,554426
1790832510000,54923.9,54928.55,54912.4,54925.85,152832
1790832540000,54925.75,54959.35,54925.75,54953.25,196431
1790832570000,54953.25,54954.05,54928.95,54930,138161
1790832600000,54928.75,54935.25,54907.5,54914.55,591353
1790832630000,54913.3,54937.7,54909.9,54931.35,308883
1790832660000,54930.8,54930.8,54908.4,54916.3,209433
1790832690000,54913.25,54918.3,54896.4,54904.05,174248
1790832720000,54897.85,54915.2,54896.8,54910.45,99443
1790832750000,54909.7,54915.05,54905.5,54908.35,131079
1790832780000,54908.8,54910.95,54880.45,54894,519723
1790832810000,54890.9,54898,54881.9,54896.35,193621
1790832840000,54894.85,54902.25,54891.2,54899.1,146952
1790832870000,54898.5,54907.4,54890.6,54898.45,111083
1790832900000,54895.7,54903.1,54877.55,54877.55,323443
1790832930000,54877.65,54894.55,54875,54878.8,219252
1790832960000,54879.25,54903.3,54877.95,54901.05,236701
1790832990000,54898.35,54918.05,54893.6,54909.6,439097
1790833020000,54907,54909.5,54895.8,54895.9,420278
1790833050000,54897.05,54900.65,54877.05,54888.7,367768
1790833080000,54888.05,54898,54872.25,54883.45,244479
1790833110000,54887.2,54891.55,54871.55,54873.1,458067
1790833140000,54871.85,54871.85,54858.45,54863.65,184070
1790833170000,54864.6,54867.9,54842.4,54844.9,103442
1790833200000,54846.55,54861,54842.55,54858.75,158382
1790833230000,54856.5,54860.35,54846.5,54859.05,104805
1790833260000,54856.95,54874.9,54854.4,54864.65,242428
1790833290000,54864.65,54865.7,54856.05,54864.2,134395
1790833320000,54863.4,54868.8,54857.6,54857.6,139775
1790833350000,54856.55,54857.25,54842.85,54843.7,159485
1790833380000,54845.25,54854.05,54843.4,54854.05,126920
1790833410000,54851.3,54857.3,54838.9,54850.5,213321
1790833440000,54848.85,54856.15,54837.9,54841,324314
1790833470000,54837.6,54857.1,54837.6,54854.5,251339
1790833500000,54854.25,54871.1,54854.25,54867.5,274740
1790833530000,54866.9,54870.2,54852.1,54863.45,139783
1790833560000,54860.05,54866.9,54858.15,54858.65,149853
1790833590000,54868.75,54882.55,54866.15,54882.55,280395
1790833620000,54879.4,54902.8,54879.4,54902.8,189511
1790833650000,54899.8,54906.85,54888,54888.85,300214
1790833680000,54890.2,54909.4,54889.3,54903.1,279390
1790833710000,54899.7,54906.5,54888.9,54895.65,160510
1790833740000,54893.8,54899.05,54884.75,54891.2,77662
1790833770000,54888.35,54890.05,54877.05,54885.6,217125
1790833800000,54886.8,54901.3,54886.8,54895.65,121485
1790833830000,54893.1,54897,54878.25,54879.1,213249
1790833860000,54878.95,54886.35,54847.1,54866.55,550193
1790833890000,54865.4,54898.9,54859.9,54886.4,231985
1790833920000,54883.55,54884.4,54852.95,54856.95,189747
1790833950000,54855.45,54855.45,54836.3,54836.3,631833
1790833980000,54836.2,54839.9,54828.25,54829.7,144990
1790834010000,54830.15,54838.1,54809.4,54818.3,418009
1790834040000,54817.45,54823.75,54811.25,54815.5,427620
1790834070000,54814.9,54828.65,54813.1,54825.35,122033
1790834100000,54823.75,54829.15,54816.55,54822.45,191220
1790834130000,54820.8,54831.2,54818.65,54829.65,211067
1790834160000,54828.8,54845.4,54826.65,54844.4,175701
1790834190000,54841.95,54860.05,54835.5,54860.05,704531
1790834220000,54854.5,54864.4,54852.05,54855.95,346216
1790834250000,54855.3,54859.45,54853.3,54859.05,170190
1790834280000,54857.9,54860.5,54845.65,54853.8,209975
1790834310000,54851.5,54857.9,54845.55,54857.3,361731
1790834340000,54852.5,54869.4,54852.5,54864.9,161852
1790834370000,54863.45,54867.4,54852.65,54860.15,160196
1790834400000,54857.95,54871.85,54850.3,54871.85,141904
1790834430000,54871.6,54893.45,54869.85,54891,200852
1790834460000,54888.6,54899.3,54874.15,54882.25,167101
1790834490000,54879.75,54892.6,54874.25,54885.6,162922
1790834520000,54884.05,54885.2,54859.65,54870.65,117149
1790834550000,54868.15,54873.55,54864,54864.4,174754
1790834580000,54864.9,54879.65,54863.2,54870.85,212403
1790834610000,54870.7,54881.7,54866.95,54876.2,100136
1790834640000,54874.2,54878.95,54858.5,54868.6,179826
1790834670000,54865.75,54885.9,54858.3,54883.55,114309
1790834700000,54882,54892.15,54878.7,54891.05,237588
1790834730000,54886.15,54918.1,54886.15,54916.4,192601
1790834760000,54913.85,54944.15,54908.65,54943.8,557025
1790834790000,54946.95,54958.8,54942.7,54952.6,314837
1790834820000,54950.15,54973.5,54948.85,54963.25,201956
1790834850000,54962.6,54975.65,54952.55,54971.1,214162
1790834880000,54973.25,54973.25,54955.7,54960.35,131373
1790834910000,54962.25,54962.25,54946.7,54946.85,348070
1790834940000,54946,54957.15,54937.45,54956.75,265186
1790834970000,54952.9,54977.7,54949.05,54974.65,272561
1790835000000,54974.15,54976.7,54953,54974.5,136114
1790835030000,54969.25,54974.6,54963.85,54970.9,97160
1790835060000,54972.75,54982.3,54970.05,54978.85,374285
1790835090000,54980,54982.15,54970.05,54980.35,103803
1790835120000,54978.3,55014.8,54977,55011.9,461835
1790835150000,55012.5,55017.25,55003.4,55005.85,288181
1790835180000,55007.55,55014.6,55004,55009.25,130956
1790835210000,55008.45,55013.05,54999.55,55000.4,129537
1790835240000,54999.65,55015.9,54998.65,55012.1,152419
1790835270000,55014.15,55025.15,55010.9,55019.75,139118
1790835300000,55019.5,55025.6,55006.9,55009.1,271110
1790835330000,55010.2,55010.9,54999.7,55002.6,203896
1790835360000,55001,55002.85,54990.15,54990.15,270329
1790835390000,54991.6,54992.1,54969.15,54985.55,489055
1790835420000,54983.8,54992.7,54980.7,54990.5,288350
1790835450000,54988.3,55008.1,54988.3,54997.65,267272
1790835480000,54994.95,54994.95,54977.75,54983.25,254676
1790835510000,54980.45,54990.05,54963,54966.6,212858
1790835540000,54966.55,54979.85,54962.9,54979.85,362343
1790835570000,54979,54981.6,54953.4,54968,259647
1790835600000,54963.85,54969.95,54945.2,54945.2,311399
1790835630000,54944.4,54959.2,54943,54952.15,88967
1790835660000,54952.4,54966.3,54947.9,54962.75,146164
1790835690000,54960.7,54969.55,54953.45,54958.2,96252
1790835720000,54956.75,54962.45,54951.05,54959.35,110354
1790835750000,54958.75,54962.25,54950.75,54954.15,137439
1790835780000,54953.45,54964.8,54951.05,54964.8,119855
1790835810000,54965.15,54965.15,54945.35,54952.05,212854
1790835840000,54951.35,54951.35,54935.95,54938.35,96300
1790835870000,54937.35,54949.85,54931.95,54944.3,208648
1790835900000,54944.9,54952.05,54943.5,54947,105227
1790835930000,54946.05,54952.55,54939.3,54943.25,121268
1790835960000,54940.5,54960.4,54939.3,54954.95,188932
1790835990000,54954.35,54963.05,54945.5,54963.05,101466
1790836020000,54963.9,54971.15,54957.4,54966.25,123395
1790836050000,54965.95,54966.5,54954.45,54966.4,258551
1790836080000,54966.25,54975.5,54962.7,54966.55,170660
1790836110000,54967.35,54969.4,54957.85,54964.9,137770
1790836140000,54964,54990.2,54958.75,54984.5,262087
1790836170000,54982.5,54991.35,54976.65,54990.1,186778
1790836200000,54989.8,54993.2,54978.25,54993.05,188712
1790836230000,54991.75,55016.05,54990.75,55009.15,550142
1790836260000,55011.05,55013.9,54981.15,54985.2,357333
1790836290000,54984.2,54988.15,54980.75,54984.2,213746
1790836320000,54984.1,54994.7,54979.7,54984.65,294171
1790836350000,54984.9,54984.9,54954.1,54959.25,253366
1790836380000,54954.6,54964.9,54953.4,54955.95,114484
1790836410000,54954.3,54962,54949.95,54961.25,222430
1790836440000,54962.55,54962.55,54953.3,54961.85,192686
1790836470000,54960.3,54962.45,54944.5,54947.85,167304
1790836500000,54949,54955.9,54945.7,54947.85,204157
1790836530000,54946.8,54954.25,54941.8,54951.9,165943
1790836560000,54950.25,54954.75,54929.35,54929.35,330595
1790836590000,54930.1,54933,54916.15,54925.05,290834
1790836620000,54923.65,54928.85,54903.7,54918.9,158528
1790836650000,54918.65,54921,54888.9,54907.25,760056
1790836680000,54909.45,54916,54901.95,54907.1,281683
1790836710000,54904.75,54919.9,54902.9,54918.9,188589
1790836740000,54919.05,54923.95,54903.05,54906.4,246791
1790836770000,54906.15,54917.6,54901.45,54913.45,143931
1790836800000,54912.15,54917.25,54849.85,54854.25,608207
1790836830000,54855.3,54862.95,54837.85,54838.65,315084
1790836860000,54836.35,54846.55,54811.95,54840.95,485323
1790836890000,54840.15,54853.55,54836,54850.55,274031
1790836920000,54851.85,54853.35,54842.75,54844.25,368022
1790836950000,54848.1,54877.25,54844.7,54860.2,397695
1790836980000,54859.55,54875.4,54857.85,54857.85,332628
1790837010000,54854.55,54865.2,54849.25,54855.65,161767
1790837040000,54854.45,54857.25,54839.4,54844,155721
1790837070000,54845.2,54847.5,54836.85,54843.55,140060
1790837100000,54843.3,54844.25,54826.9,54837.1,99556
1790837130000,54837.95,54844.3,54830.5,54840.7,122581
1790837160000,54844.25,54875.7,54841.6,54871.8,215254
1790837190000,54871.25,54871.6,54844.1,54850.15,117009
1790837220000,54848.75,54859.25,54834.3,54856.95,126821
1790837250000,54855.6,54862.2,54848.95,54850.15,84179
1790837280000,54848.15,54849.45,54822.95,54825.35,131485
1790837310000,54826.1,54835.3,54825.75,54828.9,136301
1790837340000,54828.75,54836.25,54824.2,54831.25,128332
1790837370000,54830.3,54831,54794.05,54803.9,367296
1790837400000,54800.65,54810.9,54800.65,54810.45,220508
1790837430000,54808.85,54809.35,54792.7,54802.65,262371
1790837460000,54803.8,54810.55,54797.45,54801.1,224726
1790837490000,54802.45,54808.9,54768.9,54771,337773
1790837520000,54767.6,54778.65,54765.05,54770.25,161365
1790837550000,54772.3,54772.3,54748.45,54748.45,354647
1790837580000,54747.65,54747.65,54732.35,54737.55,810778
1790837610000,54738.95,54741.3,54718.95,54721.9,552738
1790837640000,54718.55,54720.7,54706.7,54716.1,444468
1790837670000,54715.3,54723.35,54714,54722.35,287832
1790837700000,54720.75,54736.3,54716.45,54727.65,198090
1790837730000,54730.25,54730.95,54708,54710.8,206965
1790837760000,54712.25,54715.95,54704.6,54709.5,124243
1790837790000,54713.6,54721.9,54704.95,54719.25,223147
1790837820000,54719.4,54720.15,54698.1,54700.25,244346
1790837850000,54698.8,54715.9,54681.25,54710.2,269116
1790837880000,54709.65,54714.35,54683.1,54686.45,375856
1790837910000,54683.4,54686.45,54667.8,54667.8,191409
1790837940000,54672.45,54675.8,54657.7,54675.8,275435
1790837970000,54673.8,54688.2,54671.65,54684.15,338119
1790838000000,54680.85,54681.75,54653.35,54664.75,196761
1790838030000,54669.4,54688.45,54665.55,54683.35,204133
1790838060000,54678.25,54682.05,54660.05,54660.7,163813
1790838090000,54664.55,54681.5,54660,54678.05,280971
1790838120000,54678.05,54701,54676.6,54697.1,238045
1790838150000,54702.05,54722.7,54700.4,54716.95,179648
1790838180000,54716.65,54729.45,54704.4,54726.05,151196
1790838210000,54728.35,54748.2,54720.4,54748.2,183911
1790838240000,54745.85,54763,54745.85,54747.6,219183
1790838270000,54751.15,54757.15,54717.8,54725.75,177519
1790838300000,54725.4,54745.6,54722.7,54735.75,152910
1790838330000,54743.15,54754.35,54738.15,54741.4,190695
1790838360000,54744.15,54747.15,54732.65,54738.75,195351
1790838390000,54743.55,54748.3,54735.7,54741,191673
1790838420000,54739,54749.1,54733.5,54743.55,358058
1790838450000,54740.7,54748.3,54735.3,54737.45,138972
1790838480000,54736.3,54745.85,54731.2,54742.75,160822
1790838510000,54743.15,54755.9,54737.15,54739.45,155847
1790838540000,54739.45,54760.4,54736.85,54754.05,125228
1790838570000,54751.65,54767.9,54751.65,54761.2,187599
1790838600000,54761.2,54772.05,54756,54767.6,188202
1790838630000,54765.7,54772.95,54763.45,54763.45,269409
1790838660000,54768.35,54781.85,54761.9,54773.6,353920
1790838690000,54762.75,54762.75,54740.15,54749.55,436233
1790838720000,54752.05,54761.6,54742.65,54757.45,168422
1790838750000,54757,54767.1,54726.5,54730.8,224241
1790838780000,54730.8,54738,54722,54727.15,128945
1790838810000,54728.1,54731.1,54704.8,54704.8,266241
1790838840000,54704.5,54709.65,54690.4,54694.3,1081216
1790838870000,54691.85,54691.85,54653,54653.5,409245
1790838900000,54652.1,54652.1,54626.95,54631.45,352752
1790838930000,54631.25,54631.35,54604.05,54604.05,448204
1790838960000,54602.6,54605.5,54553.05,54567.3,865598
1790838990000,54566.3,54594.95,54565.4,54594.5,368460
1790839020000,54592.4,54593.95,54568.7,54571.85,545354
1790839050000,54569.2,54574.8,54534.05,54541.4,479679
1790839080000,54544.4,54566.4,54536.6,54562.3,454270
1790839110000,54561.2,54583.8,54547.35,54553.9,350167
1790839140000,54553.9,54556.75,54487.5,54491.8,950426
1790839170000,54496.35,54505.7,54486.1,54495.1,282072
1790839200000,54494.8,54519.85,54491.9,54508.6,224280
1790839230000,54508.15,54519.7,54466.75,54500.4,381281
1790839260000,54510.35,54516.35,54487.55,54487.55,277684
1790839290000,54486.25,54491.25,54465.05,54471.9,311470
1790839320000,54474.3,54492.5,54468.05,54485.7,189096
1790839350000,54485.6,54490.9,54461.95,54461.95,388127
1790839380000,54460.85,54460.85,54431.35,54432.7,499745
1790839410000,54431.3,54452.8,54429.85,54435.8,463182
1790839440000,54435.95,54438.55,54397.3,54411.05,460452
1790839470000,54410.4,54420.8,54397.75,54410.9,416558
1790839500000,54412.2,54416.15,54373.65,54397.85,377343
1790839530000,54392.45,54395.55,54370.55,54372,278915
1790839560000,54374.7,54386.65,54362.4,54362.65,197465
1790839590000,54364.15,54365.35,54313.25,54313.4,534645
1790839620000,54313.9,54346.05,54307.3,54328.6,422537
1790839650000,54329.7,54340.9,54313.35,54331.8,270487
1790839680000,54328.4,54344.9,54271.65,54275.1,612767
1790839710000,54278.25,54316.7,54254.95,54256.1,644481
1790839740000,54255.55,54330.35,54250.15,54326.5,689097
1790839770000,54326,54342.05,54299.15,54303.45,480218
1790839800000,54301.5,54330.9,54281.05,54308.7,1189237
1790839830000,54311.35,54327.75,54302.55,54327.25,240656
1790839860000,54327.35,54330.2,54307.55,54328.05,267998
1790839890000,54326.8,54342.7,54323.35,54342.7,216781
1790839920000,54342,54413.2,54342,54391.6,461609
1790839950000,54392.75,54416.05,54377.85,54408,349343
1790839980000,54408.95,54460.9,54404.5,54449.05,421038
1790840010000,54450.75,54451.55,54427.45,54432.3,484040
1790840040000,54429.15,54451,54429.15,54436.8,217062
1790840070000,54437.55,54482.15,54427.85,54479.2,519980
1790840100000,54478.55,54480.3,54434.6,54454.95,198624
1790840130000,54453.9,54471.4,54443.75,54456.25,178163
1790840160000,54458.3,54458.3,54424.95,54427.55,238183
1790840190000,54426.8,54454.2,54426.75,54452.1,155916
1790840220000,54451.85,54452.65,54412.15,54441.55,224840
1790840250000,54439.75,54471.3,54436.1,54471.3,185409
1790840280000,54468.8,54485.9,54463.2,54481.4,117752
1790840310000,54482.85,54510.25,54471.8,54508.9,254249
1790840340000,54509.3,54510.65,54471.2,54471.2,508100
1790840370000,54468.15,54506.65,54468.15,54497.85,217144
1790840400000,54493.85,54493.85,54462.65,54472.05,314356
1790840430000,54472.1,54496.05,54460.75,54466.2,146257
1790840460000,54459.1,54469.05,54453.35,54460.55,175618
1790840490000,54462.45,54495.45,54462.45,54489.25,194586
1790840520000,54484.05,54501.95,54479.8,54493.4,167698
1790840550000,54491.45,54500.85,54468.8,54469.55,237188
1790840580000,54471.55,54483.75,54465.45,54465.85,149073
1790840610000,54466.4,54467.15,54449.1,54452,356319
1790840640000,54449.95,54483.1,54435.5,54479.25,125507
1790840670000,54479.5,54484.35,54450.4,54459,379066
1790840700000,54457.25,54459.5,54408.5,54427.95,823551
1790840730000,54423.7,54438.7,54417.8,54438.6,134818
1790840760000,54434.95,54438.7,54406.3,54408.85,326147
1790840790000,54404.8,54417.2,54402.95,54407.75,212771
1790840820000,54407.1,54411.05,54393.95,54399.5,201737
1790840850000,54398.5,54402.45,54383.85,54398.3,226800
1790840880000,54397.55,54402.15,54372.65,54400.85,269657
1790840910000,54401.2,54402.9,54363.1,54366.9,245536
1790840940000,54368,54378.5,54356.15,54375.55,172422
1790840970000,54376.05,54394.95,54374.05,54380.3,229123
1790841000000,54381.45,54394.2,54379.9,54385.45,209719
1790841030000,54386.8,54420,54382.8,54414.5,253658
1790841060000,54412.7,54429.25,54412,54423.65,173961
1790841090000,54426.05,54426.05,54395.35,54397,233721
1790841120000,54398.55,54398.55,54362.2,54365.5,236264
1790841150000,54368.55,54372.25,54358.4,54361.25,149578
1790841180000,54364,54377.5,54356.8,54373.25,203721
1790841210000,54375.2,54395,54372.3,54390.45,190879
1790841240000,54389.6,54403.9,54386.45,54399.65,245318
1790841270000,54397.2,54397.85,54379.95,54390.1,145592
1790841300000,54387.4,54398.9,54384.45,54395.45,184055
1790841330000,54396.5,54425.4,54393.65,54425.4,227073
1790841360000,54424.2,54438.5,54408.25,54427,242576
1790841390000,54424.6,54426.55,54403.2,54403.55,249243
1790841420000,54401.15,54404.75,54372.7,54373,200591
1790841450000,54375.9,54407.2,54369.05,54405.5,158661
1790841480000,54407.05,54423.65,54401.6,54411.6,212256
1790841510000,54411.1,54419.45,54394.15,54398.95,111383
1790841540000,54401.25,54402.85,54387.35,54393.75,185712
1790841570000,54391.7,54391.7,54369.9,54375.3,165221
1790841600000,54371.25,54376.15,54337,54341.55,336962
1790841630000,54342.25,54384.3,54335.5,54379.15,338175
1790841660000,54377.75,54405.55,54377.75,54394.35,349134
1790841690000,54392.8,54398.55,54356.75,54358.8,291079
1790841720000,54357.35,54397.8,54357.35,54394.45,192730
1790841750000,54396.3,54409.9,54392.1,54396.85,187451
1790841780000,54394.15,54409.9,54387,54402.15,198910
1790841810000,54401.9,54464.85,54401.4,54453.1,351498
1790841840000,54452.6,54490.2,54452.6,54470.4,298485
1790841870000,54471.2,54486.55,54444.55,54473.9,287342
1790841900000,54470.4,54490.85,54456.3,54461.65,178980
1790841930000,54460.9,54468.75,54445.35,54446.05,357127
1790841960000,54448.5,54452.3,54426.1,54426.1,244013
1790841990000,54426.8,54431.3,54415.75,54425.65,230245
1790842020000,54423.95,54435,54411.4,54421.1,209071
1790842050000,54422.15,54435.7,54412.15,54434.1,196164
1790842080000,54431.45,54436.2,54408.55,54414.55,265061
1790842110000,54411.55,54420.3,54405.75,54411.85,174665
1790842140000,54408.3,54412.45,54396.15,54400.75,152525
1790842170000,54397.8,54403.25,54388.9,54400.5,384377
1790842200000,54399.45,54406.55,54393.3,54398.5,228384
1790842230000,54400.1,54405.8,54362.9,54364.9,617604
1790842260000,54362.1,54368.05,54327.4,54332.85,460799
1790842290000,54329.35,54330.3,54306.55,54306.55,359515
1790842320000,54306.75,54309.5,54287.2,54287.65,468798
1790842350000,54290.45,54295.15,54272.05,54275.35,336512
1790842380000,54274.1,54279.05,54263.35,54264.65,601203
1790842410000,54260.8,54262.45,54231.3,54250.15,406406
1790842440000,54249.05,54299.1,54249.05,54285.6,441407
1790842470000,54289.35,54294.75,54275.35,54294.75,251113
1790842500000,54294.65,54296.25,54259.15,54288.7,460868
1790842530000,54293.4,54296.4,54265.6,54273.15,244959
1790842560000,54274.3,54292.7,54270.45,54285.6,251287
1790842590000,54287.1,54307.7,54286.95,54294.75,233608
1790842620000,54290.65,54290.65,54252.1,54273,293207
1790842650000,54271.45,54271.45,54239.6,54247,345312
1790842680000,54248.6,54274.75,54228.3,54268.5,531605
1790842710000,54273.3,54290.45,54270.05,54274.8,319346
1790842740000,54277.35,54277.35,54240.85,54265.8,339420
1790842770000,54264.8,54273.45,54253.5,54265.4,318221
1790842800000,54267.9,54271.1,54251.8,54259.4,325958
1790842830000,54259.2,54283.05,54252.75,54265.4,229929
1790842860000,54264.75,54281.9,54247.5,54268.45,362583
1790842890000,54270.9,54284.45,54256.65,54261.5,295790
1790842920000,54257.1,54269.65,54233.75,54233.75,280722
1790842950000,54241.3,54260.15,54233.45,54255.7,206128
1790842980000,54255.65,54277.8,54252.6,54268.8,310056
1790843010000,54265.85,54273.05,54259.75,54263.95,243295
1790843040000,54260.75,54271.3,54256.55,54268.35,184793
1790843070000,54270.55,54272.6,54255.05,54268,293214
1790843100000,54270.5,54281.05,54253,54255.2,524533
1790843130000,54257.85,54266.65,54253.5,54265,247141
1790843160000,54261.7,54273,54259.4,54270.25,316510
1790843190000,54269.4,54270.25,54246.75,54252.2,253669
1790843220000,54249.3,54270.15,54248.1,54267.1,230194
1790843250000,54270.4,54270.4,54255,54255.75,164153
1790843280000,54256.75,54262.9,54208.5,54208.5,319906
1790843310000,54208.25,54217.5,54195.75,54206.05,560381
1790843340000,54205.45,54218,54190.75,54198.5,766143
1790843370000,54199.15,54212.2,54180.7,54184.3,336171
1790843400000,54182.35,54210.8,54168.55,54179.8,657822
1790843430000,54176.75,54183.25,54150.3,54170.05,483238
1790843460000,54170.15,54177.25,54145.6,54153.7,431923
1790843490000,54153.75,54153.95,54128.8,54135.75,453482
1790843520000,54134.05,54135.6,54108.95,54112.9,370606
1790843550000,54110.95,54110.95,54089.7,54090.35,379521
1790843580000,54086,54110.25,54078.35,54105.1,363705
1790843610000,54106,54106,54086.15,54099.35,669088
1790843640000,54096.25,54109.85,54088.15,54105.1,534680
1790843670000,54105.05,54108.65,54073.8,54074.4,426519
1790843700000,54074.65,54093.05,54066.6,54086.6,624923
1790843730000,54085.65,54127.15,54085.65,54117,636686
1790843760000,54115.7,54130.8,54111.6,54113.75,498253
1790843790000,54114.35,54134.55,54094.65,54133.45,411248
1790843820000,54131.85,54167.8,54131.8,54162.65,397627
1790843850000,54167.25,54224.8,54165.3,54193.3,991151
1790843880000,54188.2,54197.95,54164.5,54176.65,412818
1790843910000,54180,54203,54176.6,54184.05,413920
1790843940000,54183.95,54221.5,54181.15,54215.1,328538
1790843970000,54216.05,54219.4,54184.25,54206.25,252794
1790844000000,54206.55,54219.4,54188.9,54211.9,276355
1790844030000,54211.9,54218.95,54201.45,54202.55,206704
1790844060000,54200,54217.05,54195.15,54213.45,247302
1790844090000,54213.45,54216,54196.05,54206.95,159230
1790844120000,54205.95,54216.75,54192.15,54192.15,656967
1790844150000,54201.9,54212.9,54200.2,54212.9,249853
1790844180000,54212.5,54222.5,54201.9,54222.5,261149
1790844210000,54222.5,54231.25,54205.95,54216.8,397503
1790844240000,54215.05,54246.1,54215.05,54242.35,397703
1790844270000,54244.9,54270.45,54239.95,54243.25,419301
1790844300000,54239.85,54244.65,54193.25,54193.25,479006
1790844330000,54193.25,54198.25,54166.25,54166.25,191032
1790844360000,54170.15,54170.15,54148.85,54152.7,298258
1790844390000,54152.7,54181.2,54150.6,54181.2,218152
1790844420000,54178.05,54178.05,54152.9,54161.85,202993
1790844450000,54160.85,54172.75,54158.75,54165.8,158528
1790844480000,54168.15,54193.45,54164.3,54166.35,398620
1790844510000,54166.35,54184.9,54164.9,54179.85,208052
1790844540000,54178.15,54187.55,54168.25,54168.8,243618
1790844570000,54168.8,54182.15,54166.4,54178.25,164818
1790844600000,54179.65,54188.4,54172.6,54183.7,224500
1790844630000,54183.7,54207.8,54179.6,54191.4,242022
1790844660000,54189.15,54199.7,54180.85,54184.8,461885
1790844690000,54182.1,54214.7,54174.7,54213,361387
1790844720000,54210.2,54227.3,54208.65,54225.85,257564
1790844750000,54227.7,54240.8,54222,54233.4,358950
1790844780000,54231.65,54234.65,54206.4,54211.35,307911
1790844810000,54213.15,54222.4,54205.6,54216,284346
1790844840000,54214.65,54224.65,54207.55,54213.6,273918
1790844870000,54213.55,54217.4,54191.35,54199.3,220554
1790844900000,54198.7,54219.2,54195.25,54213.65,306759
1790844930000,54212.95,54222.05,54208.15,54222.05,307300
1790844960000,54220.7,54232.6,54214.1,54223.95,270470
1790844990000,54226.05,54259.95,54217.6,54259.3,317840
1790845020000,54256.8,54278.2,54255.55,54274.35,320105
1790845050000,54272.45,54291.55,54261.9,54261.9,407899
1790845080000,54258.6,54264.6,54246.8,54252.45,260129
1790845110000,54250.8,54259.25,54222.05,54239.75,393672
1790845140000,54242.55,54285.6,54242.4,54285.45,391456
1790845170000,54282.6,54292.05,54275.15,54287.7,381934
1790845200000,54284.5,54304.85,54284.5,54290.45,409615
1790845230000,54289.55,54342.3,54285.45,54342.3,2346591
1790845260000,54339.7,54357.45,54330.45,54344.65,502136
1790845290000,54342.75,54357.05,54335.25,54355.25,2068629
1790845320000,54352.25,54357.95,54324.25,54325.35,549338
1790845350000,54323.9,54330,54304.85,54328.25,330246
1790845380000,54327.9,54334.95,54298.95,54320.4,272975
1790845410000,54324.4,54411.15,54324.4,54406.05,643500
1790845440000,54407.05,54436.9,54402.4,54433.05,645869
1790845470000,54431.25,54432.4,54393.15,54413.1,618403
1790845500000,54411.85,54414.35,54362.2,54369.9,608085
1790845530000,54365.4,54422.1,54365.4,54406.45,693119
1790845560000,54406,54411,54391.8,54396.6,1056739
1790845590000,54398.3,54412.4,54382.3,54406.45,542459
1790845620000,54403.35,54426.1,54400.65,54422.65,465824
1790845650000,54423.1,54425.3,54400.15,54409.85,370885
1790845680000,54408.8,54415.2,54397.35,54401,327028
1790845710000,54398,54404.55,54369.65,54385.05,347959
1790845740000,54387.9,54388,54339.2,54341.35,1731660
1790845770000,54342.15,54343.7,54306,54331.4,419770
1790845800000,54333.45,54348.2,54326.95,54337.25,1162243
1790845830000,54336.3,54353.6,54333.3,54346.75,1002478
1790845860000,54345.25,54366.4,54342.85,54343.35,1376110
1790845890000,54345.7,54367.85,54343.05,54356.55,276146
1790845920000,54354.3,54359.35,54310,54332.4,384713
1790845950000,54329.75,54358.95,54329.75,54349.05,435388
1790845980000,54347.6,54361.05,54344.9,54352.4,266240
1790846010000,54350.35,54353.7,54340.45,54350.25,221491
1790846040000,54350.4,54355.55,54346.4,54354.45,484824
1790846070000,54350.4,54361.2,54347.2,54357.1,254144
1790846100000,54356.1,54375.65,54349.35,54358.3,453235
1790846130000,54353.65,54360.25,54343.8,54343.8,379752
1790846160000,54346.7,54354.75,54339.55,54352.5,440027
1790846190000,54353.7,54360.7,54343.05,54343.05,339841
1790846220000,54341.3,54371.05,54331.7,54362.4,584563
1790846250000,54364.65,54378.8,54359.6,54372.25,426520
1790846280000,54374.1,54378.6,54363.05,54365.8,319710
1790846310000,54369.65,54372.8,54358.95,54363.65,870164
1790846340000,54362,54377.4,54361.2,54370.95,344565
1790846370000,54369.1,54374.35,54352.1,54362.95,488493
1790846400000,54363.5,54415.6,54360.85,54413,617172
1790846430000,54413.4,54420.75,54401.9,54420.05,563772
1790846460000,54419.8,54422.4,54384.05,54387.5,923442
1790846490000,54386.3,54443.8,54381.1,54431.45,650680
1790846520000,54429.55,54431.5,54413.85,54424.55,364215
1790846550000,54421.8,54434.95,54409.4,54432.5,374493
1790846580000,54429.95,54456.25,54426,54453.75,431090
1790846610000,54452.6,54469.55,54449.7,54468.25,372434
1790846640000,54466.6,54483.95,54463.8,54475.65,746993
1790846670000,54480.35,54484.75,54467.2,54475.95,404923
1790846700000,54470.05,54494.15,54467.9,54491.2,391099
1790846730000,54486.05,54499.95,54486.05,54489.9,553960
1790846760000,54488.55,54524.55,54465.05,54516.45,701766
1790846790000,54515.75,54530.9,54508.65,54518.9,511936
1790846820000,54518.75,54538.4,54517.3,54533.7,537196
1790846850000,54533.6,54535,54494.75,54500.6,463690
1790846880000,54501.55,54522.15,54501.55,54501.85,430327
1790846910000,54502.25,54510.35,54494.9,54501.05,453711
1790846940000,54503.85,54510.75,54492.45,54492.65,645905
1790846970000,54495.25,54499,54479.45,54483.6,357405
1790847000000,54483.2,54489.85,54468.9,54471.75,778722
1790847030000,54473.45,54476.1,54457.05,54457.4,377253
1790847060000,54457.35,54477.4,54454.1,54477.4,705499
1790847090000,54475.95,54487.9,54458.35,54461.3,551302
1790847120000,54462.6,54462.6,54442.3,54449.05,596765
1790847150000,54444.3,54448.2,54437.6,54444.6,648392
1790847180000,54446.55,54476.3,54441.45,54473.4,906228
1790847210000,54471.6,54473.75,54453.55,54453.85,663421
1790847240000,54458.45,54477.95,54453.45,54469.15,375821
1790847270000,54471.5,54471.5,54458.2,54464.25,483029
1790847300000,54466.65,54522,54466,54521.85,1415239
1790847330000,54522.75,54545.35,54515.85,54535.05,1249063
1790847360000,54535.6,54565.65,54529.7,54561.45,940058
1790847390000,54567.6,54569.75,54518.35,54518.35,878822
1790847420000,54520.85,54528.45,54506.7,54521.55,713809
1790847450000,54524.8,54526.95,54495.9,54495.9,729422
1790847480000,54497.75,54506.75,54491.7,54505.7,732889
1790847510000,54503.65,54514.1,54499.1,54502.7,605531
1790847540000,54505.9,54505.9,54480.5,54486.7,1051910
1790847570000,54491.7,54515.45,54481.6,54511.05,630006
1790847600000,54512.9,54516.1,54500.3,54513.45,1586806
1790847630000,54513.95,54518.5,54500.9,54517,868941
1790847660000,54517.4,54559.3,54509.55,54545.45,1263978
1790847690000,54546.35,54558.25,54537.25,54555.25,633220
1790847720000,54558.05,54563,54530.3,54548.75,1926916
1790847750000,54551.65,54552.65,54523.4,54540.3,1343249
1790847780000,54543.8,54552.8,54534.3,54538.7,776695
1790847810000,54537.8,54541.4,54517.95,54537.35,809494
1790847840000,54531.2,54553.85,54522.95,54539.3,631482
1790847870000,54547.1,54566.55,54506.95,54565.1,614929
1790847900000,54565.1,54565.1,54565.1,54565.1,4979
1790847930000,54565.1,54565.1,54565.1,54565.1,0
1790847960000,54565.1,54565.1,54565.1,54565.1,0
1790847990000,54565.1,54565.1,54565.1,54565.1,0
1790848020000,54565.1,54565.1,54565.1,54565.1,0
1790848050000,54565.1,54565.1,54565.1,54565.1,0
1790848080000,54565.1,54565.1,54565.1,54565.1,0
1790848110000,54565.1,54565.1,54565.1,54565.1,0
1790848140000,54565.1,54565.1,54565.1,54565.1,0
1790848170000,54565.1,54565.1,54565.1,54565.1,0
1790848200000,54565.1,54565.1,54565.1,54565.1,0
1790848230000,54565.1,54565.1,54565.1,54565.1,0
1790848260000,54565.1,54565.1,54565.1,54565.1,0
1790848290000,54565.1,54565.1,54565.1,54565.1,0
1790848320000,54565.1,54565.1,54565.1,54565.1,0
1790848350000,54565.1,54565.1,54565.1,54565.1,0
1790848380000,54565.1,54565.1,54565.1,54565.1,0
1790848410000,54565.1,54565.1,54565.1,54565.1,0
1790848440000,54565.1,54565.1,54565.1,54565.1,0
1790848470000,54565.1,54565.1,54565.1,54565.1,0
1790848500000,54565.1,54565.1,54565.1,54565.1,0
1790848530000,54565.1,54565.1,54565.1,54565.1,0
1790848560000,54565.1,54565.1,54565.1,54565.1,0
1790848590000,54565.1,54565.1,54565.1,54565.1,0
1790848620000,54565.1,54565.1,54565.1,54565.1,0
1790848650000,54565.1,54565.1,54565.1,54565.1,0
1790848680000,54565.1,54565.1,54565.1,54565.1,0
1790848710000,54565.1,54565.1,54565.1,54565.1,0
1790848740000,54565.1,54565.1,54450.75,54450.75,6203431
1790848770000,54450.75,54450.75,54450.75,54450.75,0